declaration_id,eo_number,governor,event_description,date_signed,archive_record_url,CZ_TYPE,area_type,CZ_FIPS,CZ_NAME,deaths_direct,injuries_direct,damage_property_usd,damage_crops_usd,event_types,event_count,total_damage_usd
OK-FMCSA-86AB8633FDE8,,,Oklahoma Secretary of State Executive Order 2017-44. From FMCSA's copy: the State of Oklahoma is experiencing cold weather after a period of unseasonably mild temperatures,2018-01-14,https://www.fmcsa.dot.gov/emergency/oklahoma-secretary-state-executive-order-2017-44,Z,NWS forecast zone,15,DEWEY,0,0,0.0,0.0,High Wind,1,0.0
OK-FMCSA-86AB8633FDE8,,,Oklahoma Secretary of State Executive Order 2017-44. From FMCSA's copy: the State of Oklahoma is experiencing cold weather after a period of unseasonably mild temperatures,2018-01-14,https://www.fmcsa.dot.gov/emergency/oklahoma-secretary-state-executive-order-2017-44,Z,NWS forecast zone,21,BECKHAM,0,0,0.0,0.0,High Wind,1,0.0
OK-FMCSA-86AB8633FDE8,,,Oklahoma Secretary of State Executive Order 2017-44. From FMCSA's copy: the State of Oklahoma is experiencing cold weather after a period of unseasonably mild temperatures,2018-01-14,https://www.fmcsa.dot.gov/emergency/oklahoma-secretary-state-executive-order-2017-44,Z,NWS forecast zone,33,HARMON,0,0,0.0,0.0,High Wind,1,0.0
OK-FMCSA-86AB8633FDE8,,,Oklahoma Secretary of State Executive Order 2017-44. From FMCSA's copy: the State of Oklahoma is experiencing cold weather after a period of unseasonably mild temperatures,2018-01-14,https://www.fmcsa.dot.gov/emergency/oklahoma-secretary-state-executive-order-2017-44,Z,NWS forecast zone,38,COMANCHE,0,0,0.0,0.0,High Wind,2,0.0
OK-FMCSA-18E54E581A7E,,,"Oklahoma Executive Order 2021-06. From FMCSA's copy: Extreme freezing temperatures and severe winter weather including snow, freezing rain, and wind beginning February 7, 2021, and continuing, are expected to cause damage to public and private properties and utilities",2021-02-12,https://www.fmcsa.dot.gov/emergency/oklahoma-executive-order-2021-06,Z,NWS forecast zone,25,OKLAHOMA,1,0,0.0,0.0,"Cold/Wind Chill, Heavy Snow",2,0.0
OK-FMCSA-18E54E581A7E,,,"Oklahoma Executive Order 2021-06. From FMCSA's copy: Extreme freezing temperatures and severe winter weather including snow, freezing rain, and wind beginning February 7, 2021, and continuing, are expected to cause damage to public and private properties and utilities",2021-02-12,https://www.fmcsa.dot.gov/emergency/oklahoma-executive-order-2021-06,Z,NWS forecast zone,1,CIMARRON,0,0,0.0,0.0,Extreme Cold/Wind Chill,1,0.0
OK-FMCSA-18E54E581A7E,,,"Oklahoma Executive Order 2021-06. From FMCSA's copy: Extreme freezing temperatures and severe winter weather including snow, freezing rain, and wind beginning February 7, 2021, and continuing, are expected to cause damage to public and private properties and utilities",2021-02-12,https://www.fmcsa.dot.gov/emergency/oklahoma-executive-order-2021-06,Z,NWS forecast zone,2,TEXAS,0,0,0.0,0.0,Extreme Cold/Wind Chill,1,0.0
OK-FMCSA-18E54E581A7E,,,"Oklahoma Executive Order 2021-06. From FMCSA's copy: Extreme freezing temperatures and severe winter weather including snow, freezing rain, and wind beginning February 7, 2021, and continuing, are expected to cause damage to public and private properties and utilities",2021-02-12,https://www.fmcsa.dot.gov/emergency/oklahoma-executive-order-2021-06,Z,NWS forecast zone,3,BEAVER,0,0,0.0,0.0,Extreme Cold/Wind Chill,1,0.0
OK-FMCSA-18E54E581A7E,,,"Oklahoma Executive Order 2021-06. From FMCSA's copy: Extreme freezing temperatures and severe winter weather including snow, freezing rain, and wind beginning February 7, 2021, and continuing, are expected to cause damage to public and private properties and utilities",2021-02-12,https://www.fmcsa.dot.gov/emergency/oklahoma-executive-order-2021-06,Z,NWS forecast zone,4,HARPER,0,0,0.0,0.0,"Cold/Wind Chill, Heavy Snow",2,0.0
OK-FMCSA-18E54E581A7E,,,"Oklahoma Executive Order 2021-06. From FMCSA's copy: Extreme freezing temperatures and severe winter weather including snow, freezing rain, and wind beginning February 7, 2021, and continuing, are expected to cause damage to public and private properties and utilities",2021-02-12,https://www.fmcsa.dot.gov/emergency/oklahoma-executive-order-2021-06,Z,NWS forecast zone,5,WOODS,0,0,0.0,0.0,"Cold/Wind Chill, Heavy Snow",2,0.0
OK-FMCSA-18E54E581A7E,,,"Oklahoma Executive Order 2021-06. From FMCSA's copy: Extreme freezing temperatures and severe winter weather including snow, freezing rain, and wind beginning February 7, 2021, and continuing, are expected to cause damage to public and private properties and utilities",2021-02-12,https://www.fmcsa.dot.gov/emergency/oklahoma-executive-order-2021-06,Z,NWS forecast zone,6,ALFALFA,0,0,0.0,0.0,Cold/Wind Chill,1,0.0
OK-FMCSA-18E54E581A7E,,,"Oklahoma Executive Order 2021-06. From FMCSA's copy: Extreme freezing temperatures and severe winter weather including snow, freezing rain, and wind beginning February 7, 2021, and continuing, are expected to cause damage to public and private properties and utilities",2021-02-12,https://www.fmcsa.dot.gov/emergency/oklahoma-executive-order-2021-06,Z,NWS forecast zone,7,GRANT,0,0,0.0,0.0,Cold/Wind Chill,1,0.0
OK-FMCSA-18E54E581A7E,,,"Oklahoma Executive Order 2021-06. From FMCSA's copy: Extreme freezing temperatures and severe winter weather including snow, freezing rain, and wind beginning February 7, 2021, and continuing, are expected to cause damage to public and private properties and utilities",2021-02-12,https://www.fmcsa.dot.gov/emergency/oklahoma-executive-order-2021-06,Z,NWS forecast zone,8,KAY,0,0,0.0,0.0,"Cold/Wind Chill, Heavy Snow",2,0.0
OK-FMCSA-18E54E581A7E,,,"Oklahoma Executive Order 2021-06. From FMCSA's copy: Extreme freezing temperatures and severe winter weather including snow, freezing rain, and wind beginning February 7, 2021, and continuing, are expected to cause damage to public and private properties and utilities",2021-02-12,https://www.fmcsa.dot.gov/emergency/oklahoma-executive-order-2021-06,Z,NWS forecast zone,9,ELLIS,0,0,0.0,0.0,Cold/Wind Chill,1,0.0
OK-FMCSA-18E54E581A7E,,,"Oklahoma Executive Order 2021-06. From FMCSA's copy: Extreme freezing temperatures and severe winter weather including snow, freezing rain, and wind beginning February 7, 2021, and continuing, are expected to cause damage to public and private properties and utilities",2021-02-12,https://www.fmcsa.dot.gov/emergency/oklahoma-executive-order-2021-06,Z,NWS forecast zone,10,WOODWARD,0,0,0.0,0.0,"Cold/Wind Chill, Heavy Snow",2,0.0
OK-FMCSA-18E54E581A7E,,,"Oklahoma Executive Order 2021-06. From FMCSA's copy: Extreme freezing temperatures and severe winter weather including snow, freezing rain, and wind beginning February 7, 2021, and continuing, are expected to cause damage to public and private properties and utilities",2021-02-12,https://www.fmcsa.dot.gov/emergency/oklahoma-executive-order-2021-06,Z,NWS forecast zone,11,MAJOR,0,0,0.0,0.0,"Cold/Wind Chill, Heavy Snow",2,0.0
OK-FMCSA-18E54E581A7E,,,"Oklahoma Executive Order 2021-06. From FMCSA's copy: Extreme freezing temperatures and severe winter weather including snow, freezing rain, and wind beginning February 7, 2021, and continuing, are expected to cause damage to public and private properties and utilities",2021-02-12,https://www.fmcsa.dot.gov/emergency/oklahoma-executive-order-2021-06,Z,NWS forecast zone,12,GARFIELD,0,0,0.0,0.0,"Cold/Wind Chill, Heavy Snow",2,0.0
OK-FMCSA-18E54E581A7E,,,"Oklahoma Executive Order 2021-06. From FMCSA's copy: Extreme freezing temperatures and severe winter weather including snow, freezing rain, and wind beginning February 7, 2021, and continuing, are expected to cause damage to public and private properties and utilities",2021-02-12,https://www.fmcsa.dot.gov/emergency/oklahoma-executive-order-2021-06,Z,NWS forecast zone,13,NOBLE,0,0,0.0,0.0,"Cold/Wind Chill, Heavy Snow",2,0.0
OK-FMCSA-18E54E581A7E,,,"Oklahoma Executive Order 2021-06. From FMCSA's copy: Extreme freezing temperatures and severe winter weather including snow, freezing rain, and wind beginning February 7, 2021, and continuing, are expected to cause damage to public and private properties and utilities",2021-02-12,https://www.fmcsa.dot.gov/emergency/oklahoma-executive-order-2021-06,Z,NWS forecast zone,14,ROGER MILLS,0,0,0.0,0.0,Cold/Wind Chill,1,0.0
OK-FMCSA-18E54E581A7E,,,"Oklahoma Executive Order 2021-06. From FMCSA's copy: Extreme freezing temperatures and severe winter weather including snow, freezing rain, and wind beginning February 7, 2021, and continuing, are expected to cause damage to public and private properties and utilities",2021-02-12,https://www.fmcsa.dot.gov/emergency/oklahoma-executive-order-2021-06,Z,NWS forecast zone,15,DEWEY,0,0,0.0,0.0,"Cold/Wind Chill, Heavy Snow",2,0.0
OK-FMCSA-18E54E581A7E,,,"Oklahoma Executive Order 2021-06. From FMCSA's copy: Extreme freezing temperatures and severe winter weather including snow, freezing rain, and wind beginning February 7, 2021, and continuing, are expected to cause damage to public and private properties and utilities",2021-02-12,https://www.fmcsa.dot.gov/emergency/oklahoma-executive-order-2021-06,Z,NWS forecast zone,16,CUSTER,0,0,0.0,0.0,Cold/Wind Chill,1,0.0
OK-FMCSA-18E54E581A7E,,,"Oklahoma Executive Order 2021-06. From FMCSA's copy: Extreme freezing temperatures and severe winter weather including snow, freezing rain, and wind beginning February 7, 2021, and continuing, are expected to cause damage to public and private properties and utilities",2021-02-12,https://www.fmcsa.dot.gov/emergency/oklahoma-executive-order-2021-06,Z,NWS forecast zone,17,BLAINE,0,0,0.0,0.0,"Cold/Wind Chill, Heavy Snow",2,0.0
OK-FMCSA-18E54E581A7E,,,"Oklahoma Executive Order 2021-06. From FMCSA's copy: Extreme freezing temperatures and severe winter weather including snow, freezing rain, and wind beginning February 7, 2021, and continuing, are expected to cause damage to public and private properties and utilities",2021-02-12,https://www.fmcsa.dot.gov/emergency/oklahoma-executive-order-2021-06,Z,NWS forecast zone,18,KINGFISHER,0,0,0.0,0.0,"Cold/Wind Chill, Heavy Snow",2,0.0
OK-FMCSA-18E54E581A7E,,,"Oklahoma Executive Order 2021-06. From FMCSA's copy: Extreme freezing temperatures and severe winter weather including snow, freezing rain, and wind beginning February 7, 2021, and continuing, are expected to cause damage to public and private properties and utilities",2021-02-12,https://www.fmcsa.dot.gov/emergency/oklahoma-executive-order-2021-06,Z,NWS forecast zone,19,LOGAN,0,0,0.0,0.0,"Cold/Wind Chill, Heavy Snow",2,0.0
OK-FMCSA-18E54E581A7E,,,"Oklahoma Executive Order 2021-06. From FMCSA's copy: Extreme freezing temperatures and severe winter weather including snow, freezing rain, and wind beginning February 7, 2021, and continuing, are expected to cause damage to public and private properties and utilities",2021-02-12,https://www.fmcsa.dot.gov/emergency/oklahoma-executive-order-2021-06,Z,NWS forecast zone,20,PAYNE,0,0,0.0,0.0,"Cold/Wind Chill, Heavy Snow",2,0.0
OK-FMCSA-18E54E581A7E,,,"Oklahoma Executive Order 2021-06. From FMCSA's copy: Extreme freezing temperatures and severe winter weather including snow, freezing rain, and wind beginning February 7, 2021, and continuing, are expected to cause damage to public and private properties and utilities",2021-02-12,https://www.fmcsa.dot.gov/emergency/oklahoma-executive-order-2021-06,Z,NWS forecast zone,21,BECKHAM,0,0,0.0,0.0,Cold/Wind Chill,1,0.0
OK-FMCSA-18E54E581A7E,,,"Oklahoma Executive Order 2021-06. From FMCSA's copy: Extreme freezing temperatures and severe winter weather including snow, freezing rain, and wind beginning February 7, 2021, and continuing, are expected to cause damage to public and private properties and utilities",2021-02-12,https://www.fmcsa.dot.gov/emergency/oklahoma-executive-order-2021-06,Z,NWS forecast zone,22,WASHITA,0,0,0.0,0.0,Cold/Wind Chill,1,0.0
OK-FMCSA-18E54E581A7E,,,"Oklahoma Executive Order 2021-06. From FMCSA's copy: Extreme freezing temperatures and severe winter weather including snow, freezing rain, and wind beginning February 7, 2021, and continuing, are expected to cause damage to public and private properties and utilities",2021-02-12,https://www.fmcsa.dot.gov/emergency/oklahoma-executive-order-2021-06,Z,NWS forecast zone,23,CADDO,0,0,0.0,0.0,"Cold/Wind Chill, Heavy Snow",2,0.0
OK-FMCSA-18E54E581A7E,,,"Oklahoma Executive Order 2021-06. From FMCSA's copy: Extreme freezing temperatures and severe winter weather including snow, freezing rain, and wind beginning February 7, 2021, and continuing, are expected to cause damage to public and private properties and utilities",2021-02-12,https://www.fmcsa.dot.gov/emergency/oklahoma-executive-order-2021-06,Z,NWS forecast zone,24,CANADIAN,0,0,0.0,0.0,"Cold/Wind Chill, Heavy Snow",2,0.0
OK-FMCSA-18E54E581A7E,,,"Oklahoma Executive Order 2021-06. From FMCSA's copy: Extreme freezing temperatures and severe winter weather including snow, freezing rain, and wind beginning February 7, 2021, and continuing, are expected to cause damage to public and private properties and utilities",2021-02-12,https://www.fmcsa.dot.gov/emergency/oklahoma-executive-order-2021-06,Z,NWS forecast zone,26,LINCOLN,0,0,0.0,0.0,"Cold/Wind Chill, Heavy Snow",2,0.0
OK-FMCSA-18E54E581A7E,,,"Oklahoma Executive Order 2021-06. From FMCSA's copy: Extreme freezing temperatures and severe winter weather including snow, freezing rain, and wind beginning February 7, 2021, and continuing, are expected to cause damage to public and private properties and utilities",2021-02-12,https://www.fmcsa.dot.gov/emergency/oklahoma-executive-order-2021-06,Z,NWS forecast zone,27,GRADY,0,0,0.0,0.0,"Cold/Wind Chill, Heavy Snow",2,0.0
OK-FMCSA-18E54E581A7E,,,"Oklahoma Executive Order 2021-06. From FMCSA's copy: Extreme freezing temperatures and severe winter weather including snow, freezing rain, and wind beginning February 7, 2021, and continuing, are expected to cause damage to public and private properties and utilities",2021-02-12,https://www.fmcsa.dot.gov/emergency/oklahoma-executive-order-2021-06,Z,NWS forecast zone,28,MCCLAIN,0,0,0.0,0.0,"Cold/Wind Chill, Heavy Snow",2,0.0
OK-FMCSA-18E54E581A7E,,,"Oklahoma Executive Order 2021-06. From FMCSA's copy: Extreme freezing temperatures and severe winter weather including snow, freezing rain, and wind beginning February 7, 2021, and continuing, are expected to cause damage to public and private properties and utilities",2021-02-12,https://www.fmcsa.dot.gov/emergency/oklahoma-executive-order-2021-06,Z,NWS forecast zone,29,CLEVELAND,0,0,0.0,0.0,"Cold/Wind Chill, Heavy Snow",2,0.0
OK-FMCSA-18E54E581A7E,,,"Oklahoma Executive Order 2021-06. From FMCSA's copy: Extreme freezing temperatures and severe winter weather including snow, freezing rain, and wind beginning February 7, 2021, and continuing, are expected to cause damage to public and private properties and utilities",2021-02-12,https://www.fmcsa.dot.gov/emergency/oklahoma-executive-order-2021-06,Z,NWS forecast zone,30,POTTAWATOMIE,0,0,0.0,0.0,Cold/Wind Chill,1,0.0
OK-FMCSA-18E54E581A7E,,,"Oklahoma Executive Order 2021-06. From FMCSA's copy: Extreme freezing temperatures and severe winter weather including snow, freezing rain, and wind beginning February 7, 2021, and continuing, are expected to cause damage to public and private properties and utilities",2021-02-12,https://www.fmcsa.dot.gov/emergency/oklahoma-executive-order-2021-06,Z,NWS forecast zone,31,SEMINOLE,0,0,0.0,0.0,"Cold/Wind Chill, Heavy Snow",2,0.0
OK-FMCSA-18E54E581A7E,,,"Oklahoma Executive Order 2021-06. From FMCSA's copy: Extreme freezing temperatures and severe winter weather including snow, freezing rain, and wind beginning February 7, 2021, and continuing, are expected to cause damage to public and private properties and utilities",2021-02-12,https://www.fmcsa.dot.gov/emergency/oklahoma-executive-order-2021-06,Z,NWS forecast zone,32,HUGHES,0,0,0.0,0.0,"Cold/Wind Chill, Heavy Snow",2,0.0
OK-FMCSA-18E54E581A7E,,,"Oklahoma Executive Order 2021-06. From FMCSA's copy: Extreme freezing temperatures and severe winter weather including snow, freezing rain, and wind beginning February 7, 2021, and continuing, are expected to cause damage to public and private properties and utilities",2021-02-12,https://www.fmcsa.dot.gov/emergency/oklahoma-executive-order-2021-06,Z,NWS forecast zone,33,HARMON,0,0,0.0,0.0,Cold/Wind Chill,1,0.0
OK-FMCSA-18E54E581A7E,,,"Oklahoma Executive Order 2021-06. From FMCSA's copy: Extreme freezing temperatures and severe winter weather including snow, freezing rain, and wind beginning February 7, 2021, and continuing, are expected to cause damage to public and private properties and utilities",2021-02-12,https://www.fmcsa.dot.gov/emergency/oklahoma-executive-order-2021-06,Z,NWS forecast zone,34,GREER,0,0,0.0,0.0,Cold/Wind Chill,1,0.0
OK-FMCSA-18E54E581A7E,,,"Oklahoma Executive Order 2021-06. From FMCSA's copy: Extreme freezing temperatures and severe winter weather including snow, freezing rain, and wind beginning February 7, 2021, and continuing, are expected to cause damage to public and private properties and utilities",2021-02-12,https://www.fmcsa.dot.gov/emergency/oklahoma-executive-order-2021-06,Z,NWS forecast zone,35,KIOWA,0,0,0.0,0.0,"Cold/Wind Chill, Heavy Snow",2,0.0
OK-FMCSA-18E54E581A7E,,,"Oklahoma Executive Order 2021-06. From FMCSA's copy: Extreme freezing temperatures and severe winter weather including snow, freezing rain, and wind beginning February 7, 2021, and continuing, are expected to cause damage to public and private properties and utilities",2021-02-12,https://www.fmcsa.dot.gov/emergency/oklahoma-executive-order-2021-06,Z,NWS forecast zone,36,JACKSON,0,0,0.0,0.0,Cold/Wind Chill,1,0.0
OK-FMCSA-18E54E581A7E,,,"Oklahoma Executive Order 2021-06. From FMCSA's copy: Extreme freezing temperatures and severe winter weather including snow, freezing rain, and wind beginning February 7, 2021, and continuing, are expected to cause damage to public and private properties and utilities",2021-02-12,https://www.fmcsa.dot.gov/emergency/oklahoma-executive-order-2021-06,Z,NWS forecast zone,37,TILLMAN,0,0,0.0,0.0,"Cold/Wind Chill, Heavy Snow",2,0.0
OK-FMCSA-18E54E581A7E,,,"Oklahoma Executive Order 2021-06. From FMCSA's copy: Extreme freezing temperatures and severe winter weather including snow, freezing rain, and wind beginning February 7, 2021, and continuing, are expected to cause damage to public and private properties and utilities",2021-02-12,https://www.fmcsa.dot.gov/emergency/oklahoma-executive-order-2021-06,Z,NWS forecast zone,38,COMANCHE,0,0,0.0,0.0,"Cold/Wind Chill, Heavy Snow",2,0.0
OK-FMCSA-18E54E581A7E,,,"Oklahoma Executive Order 2021-06. From FMCSA's copy: Extreme freezing temperatures and severe winter weather including snow, freezing rain, and wind beginning February 7, 2021, and continuing, are expected to cause damage to public and private properties and utilities",2021-02-12,https://www.fmcsa.dot.gov/emergency/oklahoma-executive-order-2021-06,Z,NWS forecast zone,39,STEPHENS,0,0,0.0,0.0,"Cold/Wind Chill, Heavy Snow",2,0.0
OK-FMCSA-18E54E581A7E,,,"Oklahoma Executive Order 2021-06. From FMCSA's copy: Extreme freezing temperatures and severe winter weather including snow, freezing rain, and wind beginning February 7, 2021, and continuing, are expected to cause damage to public and private properties and utilities",2021-02-12,https://www.fmcsa.dot.gov/emergency/oklahoma-executive-order-2021-06,Z,NWS forecast zone,40,GARVIN,0,0,0.0,0.0,"Cold/Wind Chill, Heavy Snow",2,0.0
OK-FMCSA-18E54E581A7E,,,"Oklahoma Executive Order 2021-06. From FMCSA's copy: Extreme freezing temperatures and severe winter weather including snow, freezing rain, and wind beginning February 7, 2021, and continuing, are expected to cause damage to public and private properties and utilities",2021-02-12,https://www.fmcsa.dot.gov/emergency/oklahoma-executive-order-2021-06,Z,NWS forecast zone,41,MURRAY,0,0,0.0,0.0,"Cold/Wind Chill, Heavy Snow",2,0.0
OK-FMCSA-18E54E581A7E,,,"Oklahoma Executive Order 2021-06. From FMCSA's copy: Extreme freezing temperatures and severe winter weather including snow, freezing rain, and wind beginning February 7, 2021, and continuing, are expected to cause damage to public and private properties and utilities",2021-02-12,https://www.fmcsa.dot.gov/emergency/oklahoma-executive-order-2021-06,Z,NWS forecast zone,42,PONTOTOC,0,0,0.0,0.0,"Cold/Wind Chill, Heavy Snow",2,0.0
OK-FMCSA-18E54E581A7E,,,"Oklahoma Executive Order 2021-06. From FMCSA's copy: Extreme freezing temperatures and severe winter weather including snow, freezing rain, and wind beginning February 7, 2021, and continuing, are expected to cause damage to public and private properties and utilities",2021-02-12,https://www.fmcsa.dot.gov/emergency/oklahoma-executive-order-2021-06,Z,NWS forecast zone,43,COAL,0,0,0.0,0.0,"Cold/Wind Chill, Heavy Snow",2,0.0
OK-FMCSA-18E54E581A7E,,,"Oklahoma Executive Order 2021-06. From FMCSA's copy: Extreme freezing temperatures and severe winter weather including snow, freezing rain, and wind beginning February 7, 2021, and continuing, are expected to cause damage to public and private properties and utilities",2021-02-12,https://www.fmcsa.dot.gov/emergency/oklahoma-executive-order-2021-06,Z,NWS forecast zone,44,COTTON,0,0,0.0,0.0,"Cold/Wind Chill, Heavy Snow",2,0.0
OK-FMCSA-18E54E581A7E,,,"Oklahoma Executive Order 2021-06. From FMCSA's copy: Extreme freezing temperatures and severe winter weather including snow, freezing rain, and wind beginning February 7, 2021, and continuing, are expected to cause damage to public and private properties and utilities",2021-02-12,https://www.fmcsa.dot.gov/emergency/oklahoma-executive-order-2021-06,Z,NWS forecast zone,45,JEFFERSON,0,0,0.0,0.0,"Cold/Wind Chill, Heavy Snow",2,0.0
OK-FMCSA-18E54E581A7E,,,"Oklahoma Executive Order 2021-06. From FMCSA's copy: Extreme freezing temperatures and severe winter weather including snow, freezing rain, and wind beginning February 7, 2021, and continuing, are expected to cause damage to public and private properties and utilities",2021-02-12,https://www.fmcsa.dot.gov/emergency/oklahoma-executive-order-2021-06,Z,NWS forecast zone,46,CARTER,0,0,0.0,0.0,"Cold/Wind Chill, Heavy Snow",2,0.0
OK-FMCSA-18E54E581A7E,,,"Oklahoma Executive Order 2021-06. From FMCSA's copy: Extreme freezing temperatures and severe winter weather including snow, freezing rain, and wind beginning February 7, 2021, and continuing, are expected to cause damage to public and private properties and utilities",2021-02-12,https://www.fmcsa.dot.gov/emergency/oklahoma-executive-order-2021-06,Z,NWS forecast zone,47,JOHNSTON,0,0,0.0,0.0,"Cold/Wind Chill, Heavy Snow",2,0.0
OK-FMCSA-18E54E581A7E,,,"Oklahoma Executive Order 2021-06. From FMCSA's copy: Extreme freezing temperatures and severe winter weather including snow, freezing rain, and wind beginning February 7, 2021, and continuing, are expected to cause damage to public and private properties and utilities",2021-02-12,https://www.fmcsa.dot.gov/emergency/oklahoma-executive-order-2021-06,Z,NWS forecast zone,48,ATOKA,0,0,0.0,0.0,Cold/Wind Chill,1,0.0
OK-FMCSA-18E54E581A7E,,,"Oklahoma Executive Order 2021-06. From FMCSA's copy: Extreme freezing temperatures and severe winter weather including snow, freezing rain, and wind beginning February 7, 2021, and continuing, are expected to cause damage to public and private properties and utilities",2021-02-12,https://www.fmcsa.dot.gov/emergency/oklahoma-executive-order-2021-06,Z,NWS forecast zone,49,PUSHMATAHA,0,0,0.0,0.0,Winter Storm,1,0.0
OK-FMCSA-18E54E581A7E,,,"Oklahoma Executive Order 2021-06. From FMCSA's copy: Extreme freezing temperatures and severe winter weather including snow, freezing rain, and wind beginning February 7, 2021, and continuing, are expected to cause damage to public and private properties and utilities",2021-02-12,https://www.fmcsa.dot.gov/emergency/oklahoma-executive-order-2021-06,Z,NWS forecast zone,50,LOVE,0,0,0.0,0.0,"Cold/Wind Chill, Heavy Snow",2,0.0
OK-FMCSA-18E54E581A7E,,,"Oklahoma Executive Order 2021-06. From FMCSA's copy: Extreme freezing temperatures and severe winter weather including snow, freezing rain, and wind beginning February 7, 2021, and continuing, are expected to cause damage to public and private properties and utilities",2021-02-12,https://www.fmcsa.dot.gov/emergency/oklahoma-executive-order-2021-06,Z,NWS forecast zone,51,MARSHALL,0,0,0.0,0.0,"Cold/Wind Chill, Heavy Snow",2,0.0
OK-FMCSA-18E54E581A7E,,,"Oklahoma Executive Order 2021-06. From FMCSA's copy: Extreme freezing temperatures and severe winter weather including snow, freezing rain, and wind beginning February 7, 2021, and continuing, are expected to cause damage to public and private properties and utilities",2021-02-12,https://www.fmcsa.dot.gov/emergency/oklahoma-executive-order-2021-06,Z,NWS forecast zone,52,BRYAN,0,0,0.0,0.0,Cold/Wind Chill,1,0.0
OK-FMCSA-18E54E581A7E,,,"Oklahoma Executive Order 2021-06. From FMCSA's copy: Extreme freezing temperatures and severe winter weather including snow, freezing rain, and wind beginning February 7, 2021, and continuing, are expected to cause damage to public and private properties and utilities",2021-02-12,https://www.fmcsa.dot.gov/emergency/oklahoma-executive-order-2021-06,Z,NWS forecast zone,53,CHOCTAW,0,0,0.0,0.0,Winter Storm,1,0.0
OK-FMCSA-18E54E581A7E,,,"Oklahoma Executive Order 2021-06. From FMCSA's copy: Extreme freezing temperatures and severe winter weather including snow, freezing rain, and wind beginning February 7, 2021, and continuing, are expected to cause damage to public and private properties and utilities",2021-02-12,https://www.fmcsa.dot.gov/emergency/oklahoma-executive-order-2021-06,Z,NWS forecast zone,54,OSAGE,0,0,0.0,0.0,Winter Storm,1,0.0
OK-FMCSA-18E54E581A7E,,,"Oklahoma Executive Order 2021-06. From FMCSA's copy: Extreme freezing temperatures and severe winter weather including snow, freezing rain, and wind beginning February 7, 2021, and continuing, are expected to cause damage to public and private properties and utilities",2021-02-12,https://www.fmcsa.dot.gov/emergency/oklahoma-executive-order-2021-06,Z,NWS forecast zone,55,WASHINGTON,0,0,0.0,0.0,Winter Storm,1,0.0
OK-FMCSA-18E54E581A7E,,,"Oklahoma Executive Order 2021-06. From FMCSA's copy: Extreme freezing temperatures and severe winter weather including snow, freezing rain, and wind beginning February 7, 2021, and continuing, are expected to cause damage to public and private properties and utilities",2021-02-12,https://www.fmcsa.dot.gov/emergency/oklahoma-executive-order-2021-06,Z,NWS forecast zone,56,NOWATA,0,0,0.0,0.0,Winter Storm,1,0.0
OK-FMCSA-18E54E581A7E,,,"Oklahoma Executive Order 2021-06. From FMCSA's copy: Extreme freezing temperatures and severe winter weather including snow, freezing rain, and wind beginning February 7, 2021, and continuing, are expected to cause damage to public and private properties and utilities",2021-02-12,https://www.fmcsa.dot.gov/emergency/oklahoma-executive-order-2021-06,Z,NWS forecast zone,57,CRAIG,0,0,0.0,0.0,Winter Storm,1,0.0
OK-FMCSA-18E54E581A7E,,,"Oklahoma Executive Order 2021-06. From FMCSA's copy: Extreme freezing temperatures and severe winter weather including snow, freezing rain, and wind beginning February 7, 2021, and continuing, are expected to cause damage to public and private properties and utilities",2021-02-12,https://www.fmcsa.dot.gov/emergency/oklahoma-executive-order-2021-06,Z,NWS forecast zone,58,OTTAWA,0,0,0.0,0.0,Winter Storm,1,0.0
OK-FMCSA-18E54E581A7E,,,"Oklahoma Executive Order 2021-06. From FMCSA's copy: Extreme freezing temperatures and severe winter weather including snow, freezing rain, and wind beginning February 7, 2021, and continuing, are expected to cause damage to public and private properties and utilities",2021-02-12,https://www.fmcsa.dot.gov/emergency/oklahoma-executive-order-2021-06,Z,NWS forecast zone,59,PAWNEE,0,0,0.0,0.0,Winter Storm,1,0.0
OK-FMCSA-18E54E581A7E,,,"Oklahoma Executive Order 2021-06. From FMCSA's copy: Extreme freezing temperatures and severe winter weather including snow, freezing rain, and wind beginning February 7, 2021, and continuing, are expected to cause damage to public and private properties and utilities",2021-02-12,https://www.fmcsa.dot.gov/emergency/oklahoma-executive-order-2021-06,Z,NWS forecast zone,60,TULSA,0,0,0.0,0.0,Winter Storm,1,0.0
OK-FMCSA-18E54E581A7E,,,"Oklahoma Executive Order 2021-06. From FMCSA's copy: Extreme freezing temperatures and severe winter weather including snow, freezing rain, and wind beginning February 7, 2021, and continuing, are expected to cause damage to public and private properties and utilities",2021-02-12,https://www.fmcsa.dot.gov/emergency/oklahoma-executive-order-2021-06,Z,NWS forecast zone,61,ROGERS,0,0,0.0,0.0,Winter Storm,1,0.0
OK-FMCSA-18E54E581A7E,,,"Oklahoma Executive Order 2021-06. From FMCSA's copy: Extreme freezing temperatures and severe winter weather including snow, freezing rain, and wind beginning February 7, 2021, and continuing, are expected to cause damage to public and private properties and utilities",2021-02-12,https://www.fmcsa.dot.gov/emergency/oklahoma-executive-order-2021-06,Z,NWS forecast zone,62,MAYES,0,0,0.0,0.0,Winter Storm,1,0.0
OK-FMCSA-18E54E581A7E,,,"Oklahoma Executive Order 2021-06. From FMCSA's copy: Extreme freezing temperatures and severe winter weather including snow, freezing rain, and wind beginning February 7, 2021, and continuing, are expected to cause damage to public and private properties and utilities",2021-02-12,https://www.fmcsa.dot.gov/emergency/oklahoma-executive-order-2021-06,Z,NWS forecast zone,63,DELAWARE,0,0,0.0,0.0,Winter Storm,1,0.0
OK-FMCSA-18E54E581A7E,,,"Oklahoma Executive Order 2021-06. From FMCSA's copy: Extreme freezing temperatures and severe winter weather including snow, freezing rain, and wind beginning February 7, 2021, and continuing, are expected to cause damage to public and private properties and utilities",2021-02-12,https://www.fmcsa.dot.gov/emergency/oklahoma-executive-order-2021-06,Z,NWS forecast zone,64,CREEK,0,0,0.0,0.0,Winter Storm,1,0.0
OK-FMCSA-18E54E581A7E,,,"Oklahoma Executive Order 2021-06. From FMCSA's copy: Extreme freezing temperatures and severe winter weather including snow, freezing rain, and wind beginning February 7, 2021, and continuing, are expected to cause damage to public and private properties and utilities",2021-02-12,https://www.fmcsa.dot.gov/emergency/oklahoma-executive-order-2021-06,Z,NWS forecast zone,65,OKFUSKEE,0,0,0.0,0.0,Winter Storm,1,0.0
OK-FMCSA-18E54E581A7E,,,"Oklahoma Executive Order 2021-06. From FMCSA's copy: Extreme freezing temperatures and severe winter weather including snow, freezing rain, and wind beginning February 7, 2021, and continuing, are expected to cause damage to public and private properties and utilities",2021-02-12,https://www.fmcsa.dot.gov/emergency/oklahoma-executive-order-2021-06,Z,NWS forecast zone,66,OKMULGEE,0,0,0.0,0.0,Winter Storm,1,0.0
OK-FMCSA-18E54E581A7E,,,"Oklahoma Executive Order 2021-06. From FMCSA's copy: Extreme freezing temperatures and severe winter weather including snow, freezing rain, and wind beginning February 7, 2021, and continuing, are expected to cause damage to public and private properties and utilities",2021-02-12,https://www.fmcsa.dot.gov/emergency/oklahoma-executive-order-2021-06,Z,NWS forecast zone,67,WAGONER,0,0,0.0,0.0,Winter Storm,1,0.0
OK-FMCSA-18E54E581A7E,,,"Oklahoma Executive Order 2021-06. From FMCSA's copy: Extreme freezing temperatures and severe winter weather including snow, freezing rain, and wind beginning February 7, 2021, and continuing, are expected to cause damage to public and private properties and utilities",2021-02-12,https://www.fmcsa.dot.gov/emergency/oklahoma-executive-order-2021-06,Z,NWS forecast zone,68,CHEROKEE,0,0,0.0,0.0,Winter Storm,1,0.0
OK-FMCSA-18E54E581A7E,,,"Oklahoma Executive Order 2021-06. From FMCSA's copy: Extreme freezing temperatures and severe winter weather including snow, freezing rain, and wind beginning February 7, 2021, and continuing, are expected to cause damage to public and private properties and utilities",2021-02-12,https://www.fmcsa.dot.gov/emergency/oklahoma-executive-order-2021-06,Z,NWS forecast zone,69,ADAIR,0,0,0.0,0.0,Winter Storm,1,0.0
OK-FMCSA-18E54E581A7E,,,"Oklahoma Executive Order 2021-06. From FMCSA's copy: Extreme freezing temperatures and severe winter weather including snow, freezing rain, and wind beginning February 7, 2021, and continuing, are expected to cause damage to public and private properties and utilities",2021-02-12,https://www.fmcsa.dot.gov/emergency/oklahoma-executive-order-2021-06,Z,NWS forecast zone,70,MUSKOGEE,0,0,0.0,0.0,Winter Storm,1,0.0
OK-FMCSA-18E54E581A7E,,,"Oklahoma Executive Order 2021-06. From FMCSA's copy: Extreme freezing temperatures and severe winter weather including snow, freezing rain, and wind beginning February 7, 2021, and continuing, are expected to cause damage to public and private properties and utilities",2021-02-12,https://www.fmcsa.dot.gov/emergency/oklahoma-executive-order-2021-06,Z,NWS forecast zone,71,MCINTOSH,0,0,0.0,0.0,Winter Storm,1,0.0
OK-FMCSA-18E54E581A7E,,,"Oklahoma Executive Order 2021-06. From FMCSA's copy: Extreme freezing temperatures and severe winter weather including snow, freezing rain, and wind beginning February 7, 2021, and continuing, are expected to cause damage to public and private properties and utilities",2021-02-12,https://www.fmcsa.dot.gov/emergency/oklahoma-executive-order-2021-06,Z,NWS forecast zone,72,SEQUOYAH,0,0,0.0,0.0,Winter Storm,1,0.0
OK-FMCSA-18E54E581A7E,,,"Oklahoma Executive Order 2021-06. From FMCSA's copy: Extreme freezing temperatures and severe winter weather including snow, freezing rain, and wind beginning February 7, 2021, and continuing, are expected to cause damage to public and private properties and utilities",2021-02-12,https://www.fmcsa.dot.gov/emergency/oklahoma-executive-order-2021-06,Z,NWS forecast zone,73,PITTSBURG,0,0,0.0,0.0,Winter Storm,1,0.0
OK-FMCSA-18E54E581A7E,,,"Oklahoma Executive Order 2021-06. From FMCSA's copy: Extreme freezing temperatures and severe winter weather including snow, freezing rain, and wind beginning February 7, 2021, and continuing, are expected to cause damage to public and private properties and utilities",2021-02-12,https://www.fmcsa.dot.gov/emergency/oklahoma-executive-order-2021-06,Z,NWS forecast zone,74,HASKELL,0,0,0.0,0.0,Winter Storm,1,0.0
OK-FMCSA-18E54E581A7E,,,"Oklahoma Executive Order 2021-06. From FMCSA's copy: Extreme freezing temperatures and severe winter weather including snow, freezing rain, and wind beginning February 7, 2021, and continuing, are expected to cause damage to public and private properties and utilities",2021-02-12,https://www.fmcsa.dot.gov/emergency/oklahoma-executive-order-2021-06,Z,NWS forecast zone,75,LATIMER,0,0,0.0,0.0,Winter Storm,1,0.0
OK-FMCSA-18E54E581A7E,,,"Oklahoma Executive Order 2021-06. From FMCSA's copy: Extreme freezing temperatures and severe winter weather including snow, freezing rain, and wind beginning February 7, 2021, and continuing, are expected to cause damage to public and private properties and utilities",2021-02-12,https://www.fmcsa.dot.gov/emergency/oklahoma-executive-order-2021-06,Z,NWS forecast zone,76,LE FLORE,0,0,0.0,0.0,Winter Storm,1,0.0
OK-FMCSA-18E54E581A7E,,,"Oklahoma Executive Order 2021-06. From FMCSA's copy: Extreme freezing temperatures and severe winter weather including snow, freezing rain, and wind beginning February 7, 2021, and continuing, are expected to cause damage to public and private properties and utilities",2021-02-12,https://www.fmcsa.dot.gov/emergency/oklahoma-executive-order-2021-06,Z,NWS forecast zone,77,MCCURTAIN,0,0,0.0,0.0,"Cold/Wind Chill, Winter Storm, Winter Weather",3,0.0
OK-FMCSA-42C39DB1D1FF,,,"Oklahoma Declaration of Emergency 2022-2. From FMCSA's copy: Severe winter weather, freezing rain, snow, and wind beginning Wednesday, February 2, 2022, and ongoing, is expected to cause damage to properties and utilities",2022-02-02,https://www.fmcsa.dot.gov/emergency/oklahoma-declaration-emergency-2022-2,Z,NWS forecast zone,1,CIMARRON,0,0,0.0,0.0,"Extreme Cold/Wind Chill, Winter Weather",2,0.0
OK-FMCSA-42C39DB1D1FF,,,"Oklahoma Declaration of Emergency 2022-2. From FMCSA's copy: Severe winter weather, freezing rain, snow, and wind beginning Wednesday, February 2, 2022, and ongoing, is expected to cause damage to properties and utilities",2022-02-02,https://www.fmcsa.dot.gov/emergency/oklahoma-declaration-emergency-2022-2,Z,NWS forecast zone,2,TEXAS,0,0,0.0,0.0,"Extreme Cold/Wind Chill, Winter Weather",2,0.0
OK-FMCSA-42C39DB1D1FF,,,"Oklahoma Declaration of Emergency 2022-2. From FMCSA's copy: Severe winter weather, freezing rain, snow, and wind beginning Wednesday, February 2, 2022, and ongoing, is expected to cause damage to properties and utilities",2022-02-02,https://www.fmcsa.dot.gov/emergency/oklahoma-declaration-emergency-2022-2,Z,NWS forecast zone,3,BEAVER,0,0,0.0,0.0,Winter Storm,1,0.0
OK-FMCSA-42C39DB1D1FF,,,"Oklahoma Declaration of Emergency 2022-2. From FMCSA's copy: Severe winter weather, freezing rain, snow, and wind beginning Wednesday, February 2, 2022, and ongoing, is expected to cause damage to properties and utilities",2022-02-02,https://www.fmcsa.dot.gov/emergency/oklahoma-declaration-emergency-2022-2,Z,NWS forecast zone,12,GARFIELD,0,0,0.0,0.0,Heavy Snow,1,0.0
OK-FMCSA-42C39DB1D1FF,,,"Oklahoma Declaration of Emergency 2022-2. From FMCSA's copy: Severe winter weather, freezing rain, snow, and wind beginning Wednesday, February 2, 2022, and ongoing, is expected to cause damage to properties and utilities",2022-02-02,https://www.fmcsa.dot.gov/emergency/oklahoma-declaration-emergency-2022-2,Z,NWS forecast zone,25,OKLAHOMA,0,0,0.0,0.0,Heavy Snow,1,0.0
OK-FMCSA-42C39DB1D1FF,,,"Oklahoma Declaration of Emergency 2022-2. From FMCSA's copy: Severe winter weather, freezing rain, snow, and wind beginning Wednesday, February 2, 2022, and ongoing, is expected to cause damage to properties and utilities",2022-02-02,https://www.fmcsa.dot.gov/emergency/oklahoma-declaration-emergency-2022-2,Z,NWS forecast zone,26,LINCOLN,0,0,0.0,0.0,Heavy Snow,1,0.0
OK-FMCSA-42C39DB1D1FF,,,"Oklahoma Declaration of Emergency 2022-2. From FMCSA's copy: Severe winter weather, freezing rain, snow, and wind beginning Wednesday, February 2, 2022, and ongoing, is expected to cause damage to properties and utilities",2022-02-02,https://www.fmcsa.dot.gov/emergency/oklahoma-declaration-emergency-2022-2,Z,NWS forecast zone,28,MCCLAIN,0,0,0.0,0.0,Heavy Snow,1,0.0
OK-FMCSA-42C39DB1D1FF,,,"Oklahoma Declaration of Emergency 2022-2. From FMCSA's copy: Severe winter weather, freezing rain, snow, and wind beginning Wednesday, February 2, 2022, and ongoing, is expected to cause damage to properties and utilities",2022-02-02,https://www.fmcsa.dot.gov/emergency/oklahoma-declaration-emergency-2022-2,Z,NWS forecast zone,29,CLEVELAND,0,0,0.0,0.0,Heavy Snow,1,0.0
OK-FMCSA-42C39DB1D1FF,,,"Oklahoma Declaration of Emergency 2022-2. From FMCSA's copy: Severe winter weather, freezing rain, snow, and wind beginning Wednesday, February 2, 2022, and ongoing, is expected to cause damage to properties and utilities",2022-02-02,https://www.fmcsa.dot.gov/emergency/oklahoma-declaration-emergency-2022-2,Z,NWS forecast zone,30,POTTAWATOMIE,0,0,0.0,0.0,Heavy Snow,1,0.0
OK-FMCSA-42C39DB1D1FF,,,"Oklahoma Declaration of Emergency 2022-2. From FMCSA's copy: Severe winter weather, freezing rain, snow, and wind beginning Wednesday, February 2, 2022, and ongoing, is expected to cause damage to properties and utilities",2022-02-02,https://www.fmcsa.dot.gov/emergency/oklahoma-declaration-emergency-2022-2,Z,NWS forecast zone,39,STEPHENS,0,0,0.0,0.0,Heavy Snow,1,0.0
OK-FMCSA-42C39DB1D1FF,,,"Oklahoma Declaration of Emergency 2022-2. From FMCSA's copy: Severe winter weather, freezing rain, snow, and wind beginning Wednesday, February 2, 2022, and ongoing, is expected to cause damage to properties and utilities",2022-02-02,https://www.fmcsa.dot.gov/emergency/oklahoma-declaration-emergency-2022-2,Z,NWS forecast zone,42,PONTOTOC,0,0,0.0,0.0,Heavy Snow,1,0.0
OK-FMCSA-42C39DB1D1FF,,,"Oklahoma Declaration of Emergency 2022-2. From FMCSA's copy: Severe winter weather, freezing rain, snow, and wind beginning Wednesday, February 2, 2022, and ongoing, is expected to cause damage to properties and utilities",2022-02-02,https://www.fmcsa.dot.gov/emergency/oklahoma-declaration-emergency-2022-2,Z,NWS forecast zone,49,PUSHMATAHA,0,0,0.0,0.0,Winter Storm,1,0.0
OK-FMCSA-42C39DB1D1FF,,,"Oklahoma Declaration of Emergency 2022-2. From FMCSA's copy: Severe winter weather, freezing rain, snow, and wind beginning Wednesday, February 2, 2022, and ongoing, is expected to cause damage to properties and utilities",2022-02-02,https://www.fmcsa.dot.gov/emergency/oklahoma-declaration-emergency-2022-2,Z,NWS forecast zone,53,CHOCTAW,0,0,0.0,0.0,Winter Storm,1,0.0
OK-FMCSA-42C39DB1D1FF,,,"Oklahoma Declaration of Emergency 2022-2. From FMCSA's copy: Severe winter weather, freezing rain, snow, and wind beginning Wednesday, February 2, 2022, and ongoing, is expected to cause damage to properties and utilities",2022-02-02,https://www.fmcsa.dot.gov/emergency/oklahoma-declaration-emergency-2022-2,Z,NWS forecast zone,54,OSAGE,0,0,0.0,0.0,Winter Storm,1,0.0
OK-FMCSA-42C39DB1D1FF,,,"Oklahoma Declaration of Emergency 2022-2. From FMCSA's copy: Severe winter weather, freezing rain, snow, and wind beginning Wednesday, February 2, 2022, and ongoing, is expected to cause damage to properties and utilities",2022-02-02,https://www.fmcsa.dot.gov/emergency/oklahoma-declaration-emergency-2022-2,Z,NWS forecast zone,55,WASHINGTON,0,0,0.0,0.0,Winter Storm,1,0.0
OK-FMCSA-42C39DB1D1FF,,,"Oklahoma Declaration of Emergency 2022-2. From FMCSA's copy: Severe winter weather, freezing rain, snow, and wind beginning Wednesday, February 2, 2022, and ongoing, is expected to cause damage to properties and utilities",2022-02-02,https://www.fmcsa.dot.gov/emergency/oklahoma-declaration-emergency-2022-2,Z,NWS forecast zone,56,NOWATA,0,0,0.0,0.0,Winter Storm,1,0.0
OK-FMCSA-42C39DB1D1FF,,,"Oklahoma Declaration of Emergency 2022-2. From FMCSA's copy: Severe winter weather, freezing rain, snow, and wind beginning Wednesday, February 2, 2022, and ongoing, is expected to cause damage to properties and utilities",2022-02-02,https://www.fmcsa.dot.gov/emergency/oklahoma-declaration-emergency-2022-2,Z,NWS forecast zone,57,CRAIG,0,0,0.0,0.0,Winter Storm,1,0.0
OK-FMCSA-42C39DB1D1FF,,,"Oklahoma Declaration of Emergency 2022-2. From FMCSA's copy: Severe winter weather, freezing rain, snow, and wind beginning Wednesday, February 2, 2022, and ongoing, is expected to cause damage to properties and utilities",2022-02-02,https://www.fmcsa.dot.gov/emergency/oklahoma-declaration-emergency-2022-2,Z,NWS forecast zone,58,OTTAWA,0,0,0.0,0.0,Winter Storm,1,0.0
OK-FMCSA-42C39DB1D1FF,,,"Oklahoma Declaration of Emergency 2022-2. From FMCSA's copy: Severe winter weather, freezing rain, snow, and wind beginning Wednesday, February 2, 2022, and ongoing, is expected to cause damage to properties and utilities",2022-02-02,https://www.fmcsa.dot.gov/emergency/oklahoma-declaration-emergency-2022-2,Z,NWS forecast zone,59,PAWNEE,0,0,0.0,0.0,Winter Storm,1,0.0
OK-FMCSA-42C39DB1D1FF,,,"Oklahoma Declaration of Emergency 2022-2. From FMCSA's copy: Severe winter weather, freezing rain, snow, and wind beginning Wednesday, February 2, 2022, and ongoing, is expected to cause damage to properties and utilities",2022-02-02,https://www.fmcsa.dot.gov/emergency/oklahoma-declaration-emergency-2022-2,Z,NWS forecast zone,60,TULSA,0,0,0.0,0.0,Winter Storm,1,0.0
OK-FMCSA-42C39DB1D1FF,,,"Oklahoma Declaration of Emergency 2022-2. From FMCSA's copy: Severe winter weather, freezing rain, snow, and wind beginning Wednesday, February 2, 2022, and ongoing, is expected to cause damage to properties and utilities",2022-02-02,https://www.fmcsa.dot.gov/emergency/oklahoma-declaration-emergency-2022-2,Z,NWS forecast zone,61,ROGERS,0,0,0.0,0.0,Winter Storm,1,0.0
OK-FMCSA-42C39DB1D1FF,,,"Oklahoma Declaration of Emergency 2022-2. From FMCSA's copy: Severe winter weather, freezing rain, snow, and wind beginning Wednesday, February 2, 2022, and ongoing, is expected to cause damage to properties and utilities",2022-02-02,https://www.fmcsa.dot.gov/emergency/oklahoma-declaration-emergency-2022-2,Z,NWS forecast zone,62,MAYES,0,0,0.0,0.0,Winter Storm,1,0.0
OK-FMCSA-42C39DB1D1FF,,,"Oklahoma Declaration of Emergency 2022-2. From FMCSA's copy: Severe winter weather, freezing rain, snow, and wind beginning Wednesday, February 2, 2022, and ongoing, is expected to cause damage to properties and utilities",2022-02-02,https://www.fmcsa.dot.gov/emergency/oklahoma-declaration-emergency-2022-2,Z,NWS forecast zone,63,DELAWARE,0,0,0.0,0.0,Winter Storm,1,0.0
OK-FMCSA-42C39DB1D1FF,,,"Oklahoma Declaration of Emergency 2022-2. From FMCSA's copy: Severe winter weather, freezing rain, snow, and wind beginning Wednesday, February 2, 2022, and ongoing, is expected to cause damage to properties and utilities",2022-02-02,https://www.fmcsa.dot.gov/emergency/oklahoma-declaration-emergency-2022-2,Z,NWS forecast zone,64,CREEK,0,0,0.0,0.0,Winter Storm,1,0.0
OK-FMCSA-42C39DB1D1FF,,,"Oklahoma Declaration of Emergency 2022-2. From FMCSA's copy: Severe winter weather, freezing rain, snow, and wind beginning Wednesday, February 2, 2022, and ongoing, is expected to cause damage to properties and utilities",2022-02-02,https://www.fmcsa.dot.gov/emergency/oklahoma-declaration-emergency-2022-2,Z,NWS forecast zone,65,OKFUSKEE,0,0,0.0,0.0,Winter Storm,1,0.0
OK-FMCSA-42C39DB1D1FF,,,"Oklahoma Declaration of Emergency 2022-2. From FMCSA's copy: Severe winter weather, freezing rain, snow, and wind beginning Wednesday, February 2, 2022, and ongoing, is expected to cause damage to properties and utilities",2022-02-02,https://www.fmcsa.dot.gov/emergency/oklahoma-declaration-emergency-2022-2,Z,NWS forecast zone,66,OKMULGEE,0,0,0.0,0.0,Winter Storm,1,0.0
OK-FMCSA-42C39DB1D1FF,,,"Oklahoma Declaration of Emergency 2022-2. From FMCSA's copy: Severe winter weather, freezing rain, snow, and wind beginning Wednesday, February 2, 2022, and ongoing, is expected to cause damage to properties and utilities",2022-02-02,https://www.fmcsa.dot.gov/emergency/oklahoma-declaration-emergency-2022-2,Z,NWS forecast zone,67,WAGONER,0,0,0.0,0.0,Winter Storm,1,0.0
OK-FMCSA-42C39DB1D1FF,,,"Oklahoma Declaration of Emergency 2022-2. From FMCSA's copy: Severe winter weather, freezing rain, snow, and wind beginning Wednesday, February 2, 2022, and ongoing, is expected to cause damage to properties and utilities",2022-02-02,https://www.fmcsa.dot.gov/emergency/oklahoma-declaration-emergency-2022-2,Z,NWS forecast zone,68,CHEROKEE,0,0,0.0,0.0,Winter Storm,1,0.0
OK-FMCSA-42C39DB1D1FF,,,"Oklahoma Declaration of Emergency 2022-2. From FMCSA's copy: Severe winter weather, freezing rain, snow, and wind beginning Wednesday, February 2, 2022, and ongoing, is expected to cause damage to properties and utilities",2022-02-02,https://www.fmcsa.dot.gov/emergency/oklahoma-declaration-emergency-2022-2,Z,NWS forecast zone,69,ADAIR,0,0,0.0,0.0,Winter Storm,1,0.0
OK-FMCSA-42C39DB1D1FF,,,"Oklahoma Declaration of Emergency 2022-2. From FMCSA's copy: Severe winter weather, freezing rain, snow, and wind beginning Wednesday, February 2, 2022, and ongoing, is expected to cause damage to properties and utilities",2022-02-02,https://www.fmcsa.dot.gov/emergency/oklahoma-declaration-emergency-2022-2,Z,NWS forecast zone,70,MUSKOGEE,0,0,0.0,0.0,Winter Storm,1,0.0
OK-FMCSA-42C39DB1D1FF,,,"Oklahoma Declaration of Emergency 2022-2. From FMCSA's copy: Severe winter weather, freezing rain, snow, and wind beginning Wednesday, February 2, 2022, and ongoing, is expected to cause damage to properties and utilities",2022-02-02,https://www.fmcsa.dot.gov/emergency/oklahoma-declaration-emergency-2022-2,Z,NWS forecast zone,71,MCINTOSH,0,0,0.0,0.0,Winter Storm,1,0.0
OK-FMCSA-42C39DB1D1FF,,,"Oklahoma Declaration of Emergency 2022-2. From FMCSA's copy: Severe winter weather, freezing rain, snow, and wind beginning Wednesday, February 2, 2022, and ongoing, is expected to cause damage to properties and utilities",2022-02-02,https://www.fmcsa.dot.gov/emergency/oklahoma-declaration-emergency-2022-2,Z,NWS forecast zone,72,SEQUOYAH,0,0,0.0,0.0,Winter Storm,1,0.0
OK-FMCSA-42C39DB1D1FF,,,"Oklahoma Declaration of Emergency 2022-2. From FMCSA's copy: Severe winter weather, freezing rain, snow, and wind beginning Wednesday, February 2, 2022, and ongoing, is expected to cause damage to properties and utilities",2022-02-02,https://www.fmcsa.dot.gov/emergency/oklahoma-declaration-emergency-2022-2,Z,NWS forecast zone,73,PITTSBURG,0,0,0.0,0.0,Winter Storm,1,0.0
OK-FMCSA-42C39DB1D1FF,,,"Oklahoma Declaration of Emergency 2022-2. From FMCSA's copy: Severe winter weather, freezing rain, snow, and wind beginning Wednesday, February 2, 2022, and ongoing, is expected to cause damage to properties and utilities",2022-02-02,https://www.fmcsa.dot.gov/emergency/oklahoma-declaration-emergency-2022-2,Z,NWS forecast zone,74,HASKELL,0,0,0.0,0.0,Winter Storm,1,0.0
OK-FMCSA-42C39DB1D1FF,,,"Oklahoma Declaration of Emergency 2022-2. From FMCSA's copy: Severe winter weather, freezing rain, snow, and wind beginning Wednesday, February 2, 2022, and ongoing, is expected to cause damage to properties and utilities",2022-02-02,https://www.fmcsa.dot.gov/emergency/oklahoma-declaration-emergency-2022-2,Z,NWS forecast zone,75,LATIMER,0,0,0.0,0.0,Winter Storm,1,0.0
OK-FMCSA-42C39DB1D1FF,,,"Oklahoma Declaration of Emergency 2022-2. From FMCSA's copy: Severe winter weather, freezing rain, snow, and wind beginning Wednesday, February 2, 2022, and ongoing, is expected to cause damage to properties and utilities",2022-02-02,https://www.fmcsa.dot.gov/emergency/oklahoma-declaration-emergency-2022-2,Z,NWS forecast zone,76,LE FLORE,0,0,0.0,0.0,Winter Storm,1,0.0
OK-FMCSA-42C39DB1D1FF,,,"Oklahoma Declaration of Emergency 2022-2. From FMCSA's copy: Severe winter weather, freezing rain, snow, and wind beginning Wednesday, February 2, 2022, and ongoing, is expected to cause damage to properties and utilities",2022-02-02,https://www.fmcsa.dot.gov/emergency/oklahoma-declaration-emergency-2022-2,Z,NWS forecast zone,77,MCCURTAIN,0,0,0.0,0.0,Winter Storm,1,0.0
OK-FMCSA-4DB24A9F3765,,,Oklahoma Emergency Order # 2022-26. From FMCSA's copy: I hereby declare (in the context of the State of Emergency due to extreme drought conditions as outlined in Executive Order No. 2022-23),2022-10-11,https://www.fmcsa.dot.gov/emergency/oklahoma-emergency-order-2022-26,Z,NWS forecast zone,1,CIMARRON,0,0,0.0,0.0,Drought,1,0.0
OK-FMCSA-4DB24A9F3765,,,Oklahoma Emergency Order # 2022-26. From FMCSA's copy: I hereby declare (in the context of the State of Emergency due to extreme drought conditions as outlined in Executive Order No. 2022-23),2022-10-11,https://www.fmcsa.dot.gov/emergency/oklahoma-emergency-order-2022-26,Z,NWS forecast zone,2,TEXAS,0,0,0.0,0.0,Drought,1,0.0
OK-FMCSA-4DB24A9F3765,,,Oklahoma Emergency Order # 2022-26. From FMCSA's copy: I hereby declare (in the context of the State of Emergency due to extreme drought conditions as outlined in Executive Order No. 2022-23),2022-10-11,https://www.fmcsa.dot.gov/emergency/oklahoma-emergency-order-2022-26,Z,NWS forecast zone,3,BEAVER,0,0,0.0,0.0,Drought,1,0.0
OK-FMCSA-4DB24A9F3765,,,Oklahoma Emergency Order # 2022-26. From FMCSA's copy: I hereby declare (in the context of the State of Emergency due to extreme drought conditions as outlined in Executive Order No. 2022-23),2022-10-11,https://www.fmcsa.dot.gov/emergency/oklahoma-emergency-order-2022-26,Z,NWS forecast zone,4,HARPER,0,0,0.0,0.0,Drought,1,0.0
OK-FMCSA-4DB24A9F3765,,,Oklahoma Emergency Order # 2022-26. From FMCSA's copy: I hereby declare (in the context of the State of Emergency due to extreme drought conditions as outlined in Executive Order No. 2022-23),2022-10-11,https://www.fmcsa.dot.gov/emergency/oklahoma-emergency-order-2022-26,Z,NWS forecast zone,5,WOODS,0,0,0.0,0.0,Drought,1,0.0
OK-FMCSA-4DB24A9F3765,,,Oklahoma Emergency Order # 2022-26. From FMCSA's copy: I hereby declare (in the context of the State of Emergency due to extreme drought conditions as outlined in Executive Order No. 2022-23),2022-10-11,https://www.fmcsa.dot.gov/emergency/oklahoma-emergency-order-2022-26,Z,NWS forecast zone,6,ALFALFA,0,0,0.0,0.0,Drought,1,0.0
OK-FMCSA-4DB24A9F3765,,,Oklahoma Emergency Order # 2022-26. From FMCSA's copy: I hereby declare (in the context of the State of Emergency due to extreme drought conditions as outlined in Executive Order No. 2022-23),2022-10-11,https://www.fmcsa.dot.gov/emergency/oklahoma-emergency-order-2022-26,Z,NWS forecast zone,7,GRANT,0,0,0.0,0.0,Drought,1,0.0
OK-FMCSA-4DB24A9F3765,,,Oklahoma Emergency Order # 2022-26. From FMCSA's copy: I hereby declare (in the context of the State of Emergency due to extreme drought conditions as outlined in Executive Order No. 2022-23),2022-10-11,https://www.fmcsa.dot.gov/emergency/oklahoma-emergency-order-2022-26,Z,NWS forecast zone,8,KAY,0,0,0.0,0.0,Drought,1,0.0
OK-FMCSA-4DB24A9F3765,,,Oklahoma Emergency Order # 2022-26. From FMCSA's copy: I hereby declare (in the context of the State of Emergency due to extreme drought conditions as outlined in Executive Order No. 2022-23),2022-10-11,https://www.fmcsa.dot.gov/emergency/oklahoma-emergency-order-2022-26,Z,NWS forecast zone,9,ELLIS,0,0,0.0,0.0,Drought,1,0.0
OK-FMCSA-4DB24A9F3765,,,Oklahoma Emergency Order # 2022-26. From FMCSA's copy: I hereby declare (in the context of the State of Emergency due to extreme drought conditions as outlined in Executive Order No. 2022-23),2022-10-11,https://www.fmcsa.dot.gov/emergency/oklahoma-emergency-order-2022-26,Z,NWS forecast zone,10,WOODWARD,0,0,0.0,0.0,Drought,1,0.0
OK-FMCSA-4DB24A9F3765,,,Oklahoma Emergency Order # 2022-26. From FMCSA's copy: I hereby declare (in the context of the State of Emergency due to extreme drought conditions as outlined in Executive Order No. 2022-23),2022-10-11,https://www.fmcsa.dot.gov/emergency/oklahoma-emergency-order-2022-26,Z,NWS forecast zone,11,MAJOR,0,0,0.0,0.0,Drought,1,0.0
OK-FMCSA-4DB24A9F3765,,,Oklahoma Emergency Order # 2022-26. From FMCSA's copy: I hereby declare (in the context of the State of Emergency due to extreme drought conditions as outlined in Executive Order No. 2022-23),2022-10-11,https://www.fmcsa.dot.gov/emergency/oklahoma-emergency-order-2022-26,Z,NWS forecast zone,12,GARFIELD,0,0,0.0,0.0,Drought,1,0.0
OK-FMCSA-4DB24A9F3765,,,Oklahoma Emergency Order # 2022-26. From FMCSA's copy: I hereby declare (in the context of the State of Emergency due to extreme drought conditions as outlined in Executive Order No. 2022-23),2022-10-11,https://www.fmcsa.dot.gov/emergency/oklahoma-emergency-order-2022-26,Z,NWS forecast zone,13,NOBLE,0,0,0.0,0.0,Drought,1,0.0
OK-FMCSA-4DB24A9F3765,,,Oklahoma Emergency Order # 2022-26. From FMCSA's copy: I hereby declare (in the context of the State of Emergency due to extreme drought conditions as outlined in Executive Order No. 2022-23),2022-10-11,https://www.fmcsa.dot.gov/emergency/oklahoma-emergency-order-2022-26,Z,NWS forecast zone,14,ROGER MILLS,0,0,0.0,0.0,Drought,1,0.0
OK-FMCSA-4DB24A9F3765,,,Oklahoma Emergency Order # 2022-26. From FMCSA's copy: I hereby declare (in the context of the State of Emergency due to extreme drought conditions as outlined in Executive Order No. 2022-23),2022-10-11,https://www.fmcsa.dot.gov/emergency/oklahoma-emergency-order-2022-26,Z,NWS forecast zone,15,DEWEY,0,0,0.0,0.0,Drought,1,0.0
OK-FMCSA-4DB24A9F3765,,,Oklahoma Emergency Order # 2022-26. From FMCSA's copy: I hereby declare (in the context of the State of Emergency due to extreme drought conditions as outlined in Executive Order No. 2022-23),2022-10-11,https://www.fmcsa.dot.gov/emergency/oklahoma-emergency-order-2022-26,Z,NWS forecast zone,16,CUSTER,0,0,0.0,0.0,Drought,1,0.0
OK-FMCSA-4DB24A9F3765,,,Oklahoma Emergency Order # 2022-26. From FMCSA's copy: I hereby declare (in the context of the State of Emergency due to extreme drought conditions as outlined in Executive Order No. 2022-23),2022-10-11,https://www.fmcsa.dot.gov/emergency/oklahoma-emergency-order-2022-26,Z,NWS forecast zone,17,BLAINE,0,0,0.0,0.0,Drought,1,0.0
OK-FMCSA-4DB24A9F3765,,,Oklahoma Emergency Order # 2022-26. From FMCSA's copy: I hereby declare (in the context of the State of Emergency due to extreme drought conditions as outlined in Executive Order No. 2022-23),2022-10-11,https://www.fmcsa.dot.gov/emergency/oklahoma-emergency-order-2022-26,Z,NWS forecast zone,18,KINGFISHER,0,0,0.0,0.0,Drought,1,0.0
OK-FMCSA-4DB24A9F3765,,,Oklahoma Emergency Order # 2022-26. From FMCSA's copy: I hereby declare (in the context of the State of Emergency due to extreme drought conditions as outlined in Executive Order No. 2022-23),2022-10-11,https://www.fmcsa.dot.gov/emergency/oklahoma-emergency-order-2022-26,Z,NWS forecast zone,19,LOGAN,0,0,0.0,0.0,Drought,1,0.0
OK-FMCSA-4DB24A9F3765,,,Oklahoma Emergency Order # 2022-26. From FMCSA's copy: I hereby declare (in the context of the State of Emergency due to extreme drought conditions as outlined in Executive Order No. 2022-23),2022-10-11,https://www.fmcsa.dot.gov/emergency/oklahoma-emergency-order-2022-26,Z,NWS forecast zone,20,PAYNE,0,0,0.0,0.0,Drought,1,0.0
OK-FMCSA-4DB24A9F3765,,,Oklahoma Emergency Order # 2022-26. From FMCSA's copy: I hereby declare (in the context of the State of Emergency due to extreme drought conditions as outlined in Executive Order No. 2022-23),2022-10-11,https://www.fmcsa.dot.gov/emergency/oklahoma-emergency-order-2022-26,Z,NWS forecast zone,21,BECKHAM,0,0,0.0,0.0,Drought,1,0.0
OK-FMCSA-4DB24A9F3765,,,Oklahoma Emergency Order # 2022-26. From FMCSA's copy: I hereby declare (in the context of the State of Emergency due to extreme drought conditions as outlined in Executive Order No. 2022-23),2022-10-11,https://www.fmcsa.dot.gov/emergency/oklahoma-emergency-order-2022-26,Z,NWS forecast zone,22,WASHITA,0,0,0.0,0.0,Drought,1,0.0
OK-FMCSA-4DB24A9F3765,,,Oklahoma Emergency Order # 2022-26. From FMCSA's copy: I hereby declare (in the context of the State of Emergency due to extreme drought conditions as outlined in Executive Order No. 2022-23),2022-10-11,https://www.fmcsa.dot.gov/emergency/oklahoma-emergency-order-2022-26,Z,NWS forecast zone,23,CADDO,0,0,0.0,0.0,Drought,1,0.0
OK-FMCSA-4DB24A9F3765,,,Oklahoma Emergency Order # 2022-26. From FMCSA's copy: I hereby declare (in the context of the State of Emergency due to extreme drought conditions as outlined in Executive Order No. 2022-23),2022-10-11,https://www.fmcsa.dot.gov/emergency/oklahoma-emergency-order-2022-26,Z,NWS forecast zone,24,CANADIAN,0,0,0.0,0.0,Drought,1,0.0
OK-FMCSA-4DB24A9F3765,,,Oklahoma Emergency Order # 2022-26. From FMCSA's copy: I hereby declare (in the context of the State of Emergency due to extreme drought conditions as outlined in Executive Order No. 2022-23),2022-10-11,https://www.fmcsa.dot.gov/emergency/oklahoma-emergency-order-2022-26,Z,NWS forecast zone,25,OKLAHOMA,0,0,0.0,0.0,Drought,1,0.0
OK-FMCSA-4DB24A9F3765,,,Oklahoma Emergency Order # 2022-26. From FMCSA's copy: I hereby declare (in the context of the State of Emergency due to extreme drought conditions as outlined in Executive Order No. 2022-23),2022-10-11,https://www.fmcsa.dot.gov/emergency/oklahoma-emergency-order-2022-26,Z,NWS forecast zone,26,LINCOLN,0,0,0.0,0.0,Drought,1,0.0
OK-FMCSA-4DB24A9F3765,,,Oklahoma Emergency Order # 2022-26. From FMCSA's copy: I hereby declare (in the context of the State of Emergency due to extreme drought conditions as outlined in Executive Order No. 2022-23),2022-10-11,https://www.fmcsa.dot.gov/emergency/oklahoma-emergency-order-2022-26,Z,NWS forecast zone,27,GRADY,0,0,0.0,0.0,Drought,1,0.0
OK-FMCSA-4DB24A9F3765,,,Oklahoma Emergency Order # 2022-26. From FMCSA's copy: I hereby declare (in the context of the State of Emergency due to extreme drought conditions as outlined in Executive Order No. 2022-23),2022-10-11,https://www.fmcsa.dot.gov/emergency/oklahoma-emergency-order-2022-26,Z,NWS forecast zone,28,MCCLAIN,0,0,0.0,0.0,Drought,1,0.0
OK-FMCSA-4DB24A9F3765,,,Oklahoma Emergency Order # 2022-26. From FMCSA's copy: I hereby declare (in the context of the State of Emergency due to extreme drought conditions as outlined in Executive Order No. 2022-23),2022-10-11,https://www.fmcsa.dot.gov/emergency/oklahoma-emergency-order-2022-26,Z,NWS forecast zone,29,CLEVELAND,0,0,0.0,0.0,Drought,1,0.0
OK-FMCSA-4DB24A9F3765,,,Oklahoma Emergency Order # 2022-26. From FMCSA's copy: I hereby declare (in the context of the State of Emergency due to extreme drought conditions as outlined in Executive Order No. 2022-23),2022-10-11,https://www.fmcsa.dot.gov/emergency/oklahoma-emergency-order-2022-26,Z,NWS forecast zone,30,POTTAWATOMIE,0,0,0.0,0.0,Drought,1,0.0
OK-FMCSA-4DB24A9F3765,,,Oklahoma Emergency Order # 2022-26. From FMCSA's copy: I hereby declare (in the context of the State of Emergency due to extreme drought conditions as outlined in Executive Order No. 2022-23),2022-10-11,https://www.fmcsa.dot.gov/emergency/oklahoma-emergency-order-2022-26,Z,NWS forecast zone,31,SEMINOLE,0,0,0.0,0.0,Drought,1,0.0
OK-FMCSA-4DB24A9F3765,,,Oklahoma Emergency Order # 2022-26. From FMCSA's copy: I hereby declare (in the context of the State of Emergency due to extreme drought conditions as outlined in Executive Order No. 2022-23),2022-10-11,https://www.fmcsa.dot.gov/emergency/oklahoma-emergency-order-2022-26,Z,NWS forecast zone,32,HUGHES,0,0,0.0,0.0,Drought,1,0.0
OK-FMCSA-4DB24A9F3765,,,Oklahoma Emergency Order # 2022-26. From FMCSA's copy: I hereby declare (in the context of the State of Emergency due to extreme drought conditions as outlined in Executive Order No. 2022-23),2022-10-11,https://www.fmcsa.dot.gov/emergency/oklahoma-emergency-order-2022-26,Z,NWS forecast zone,33,HARMON,0,0,0.0,0.0,Drought,1,0.0
OK-FMCSA-4DB24A9F3765,,,Oklahoma Emergency Order # 2022-26. From FMCSA's copy: I hereby declare (in the context of the State of Emergency due to extreme drought conditions as outlined in Executive Order No. 2022-23),2022-10-11,https://www.fmcsa.dot.gov/emergency/oklahoma-emergency-order-2022-26,Z,NWS forecast zone,34,GREER,0,0,0.0,0.0,Drought,1,0.0
OK-FMCSA-4DB24A9F3765,,,Oklahoma Emergency Order # 2022-26. From FMCSA's copy: I hereby declare (in the context of the State of Emergency due to extreme drought conditions as outlined in Executive Order No. 2022-23),2022-10-11,https://www.fmcsa.dot.gov/emergency/oklahoma-emergency-order-2022-26,Z,NWS forecast zone,35,KIOWA,0,0,0.0,0.0,Drought,1,0.0
OK-FMCSA-4DB24A9F3765,,,Oklahoma Emergency Order # 2022-26. From FMCSA's copy: I hereby declare (in the context of the State of Emergency due to extreme drought conditions as outlined in Executive Order No. 2022-23),2022-10-11,https://www.fmcsa.dot.gov/emergency/oklahoma-emergency-order-2022-26,Z,NWS forecast zone,36,JACKSON,0,0,0.0,0.0,Drought,1,0.0
OK-FMCSA-4DB24A9F3765,,,Oklahoma Emergency Order # 2022-26. From FMCSA's copy: I hereby declare (in the context of the State of Emergency due to extreme drought conditions as outlined in Executive Order No. 2022-23),2022-10-11,https://www.fmcsa.dot.gov/emergency/oklahoma-emergency-order-2022-26,Z,NWS forecast zone,37,TILLMAN,0,0,0.0,0.0,Drought,1,0.0
OK-FMCSA-4DB24A9F3765,,,Oklahoma Emergency Order # 2022-26. From FMCSA's copy: I hereby declare (in the context of the State of Emergency due to extreme drought conditions as outlined in Executive Order No. 2022-23),2022-10-11,https://www.fmcsa.dot.gov/emergency/oklahoma-emergency-order-2022-26,Z,NWS forecast zone,38,COMANCHE,0,0,0.0,0.0,Drought,1,0.0
OK-FMCSA-4DB24A9F3765,,,Oklahoma Emergency Order # 2022-26. From FMCSA's copy: I hereby declare (in the context of the State of Emergency due to extreme drought conditions as outlined in Executive Order No. 2022-23),2022-10-11,https://www.fmcsa.dot.gov/emergency/oklahoma-emergency-order-2022-26,Z,NWS forecast zone,39,STEPHENS,0,0,0.0,0.0,Drought,1,0.0
OK-FMCSA-4DB24A9F3765,,,Oklahoma Emergency Order # 2022-26. From FMCSA's copy: I hereby declare (in the context of the State of Emergency due to extreme drought conditions as outlined in Executive Order No. 2022-23),2022-10-11,https://www.fmcsa.dot.gov/emergency/oklahoma-emergency-order-2022-26,Z,NWS forecast zone,40,GARVIN,0,0,0.0,0.0,Drought,1,0.0
OK-FMCSA-4DB24A9F3765,,,Oklahoma Emergency Order # 2022-26. From FMCSA's copy: I hereby declare (in the context of the State of Emergency due to extreme drought conditions as outlined in Executive Order No. 2022-23),2022-10-11,https://www.fmcsa.dot.gov/emergency/oklahoma-emergency-order-2022-26,Z,NWS forecast zone,41,MURRAY,0,0,0.0,0.0,Drought,1,0.0
OK-FMCSA-4DB24A9F3765,,,Oklahoma Emergency Order # 2022-26. From FMCSA's copy: I hereby declare (in the context of the State of Emergency due to extreme drought conditions as outlined in Executive Order No. 2022-23),2022-10-11,https://www.fmcsa.dot.gov/emergency/oklahoma-emergency-order-2022-26,Z,NWS forecast zone,42,PONTOTOC,0,0,0.0,0.0,Drought,1,0.0
OK-FMCSA-4DB24A9F3765,,,Oklahoma Emergency Order # 2022-26. From FMCSA's copy: I hereby declare (in the context of the State of Emergency due to extreme drought conditions as outlined in Executive Order No. 2022-23),2022-10-11,https://www.fmcsa.dot.gov/emergency/oklahoma-emergency-order-2022-26,Z,NWS forecast zone,43,COAL,0,0,0.0,0.0,Drought,1,0.0
OK-FMCSA-4DB24A9F3765,,,Oklahoma Emergency Order # 2022-26. From FMCSA's copy: I hereby declare (in the context of the State of Emergency due to extreme drought conditions as outlined in Executive Order No. 2022-23),2022-10-11,https://www.fmcsa.dot.gov/emergency/oklahoma-emergency-order-2022-26,Z,NWS forecast zone,44,COTTON,0,0,0.0,0.0,Drought,1,0.0
OK-FMCSA-4DB24A9F3765,,,Oklahoma Emergency Order # 2022-26. From FMCSA's copy: I hereby declare (in the context of the State of Emergency due to extreme drought conditions as outlined in Executive Order No. 2022-23),2022-10-11,https://www.fmcsa.dot.gov/emergency/oklahoma-emergency-order-2022-26,Z,NWS forecast zone,45,JEFFERSON,0,0,0.0,0.0,Drought,1,0.0
OK-FMCSA-4DB24A9F3765,,,Oklahoma Emergency Order # 2022-26. From FMCSA's copy: I hereby declare (in the context of the State of Emergency due to extreme drought conditions as outlined in Executive Order No. 2022-23),2022-10-11,https://www.fmcsa.dot.gov/emergency/oklahoma-emergency-order-2022-26,Z,NWS forecast zone,46,CARTER,0,0,0.0,0.0,Drought,1,0.0
OK-FMCSA-4DB24A9F3765,,,Oklahoma Emergency Order # 2022-26. From FMCSA's copy: I hereby declare (in the context of the State of Emergency due to extreme drought conditions as outlined in Executive Order No. 2022-23),2022-10-11,https://www.fmcsa.dot.gov/emergency/oklahoma-emergency-order-2022-26,Z,NWS forecast zone,47,JOHNSTON,0,0,0.0,0.0,Drought,1,0.0
OK-FMCSA-4DB24A9F3765,,,Oklahoma Emergency Order # 2022-26. From FMCSA's copy: I hereby declare (in the context of the State of Emergency due to extreme drought conditions as outlined in Executive Order No. 2022-23),2022-10-11,https://www.fmcsa.dot.gov/emergency/oklahoma-emergency-order-2022-26,Z,NWS forecast zone,48,ATOKA,0,0,0.0,0.0,Drought,1,0.0
OK-FMCSA-4DB24A9F3765,,,Oklahoma Emergency Order # 2022-26. From FMCSA's copy: I hereby declare (in the context of the State of Emergency due to extreme drought conditions as outlined in Executive Order No. 2022-23),2022-10-11,https://www.fmcsa.dot.gov/emergency/oklahoma-emergency-order-2022-26,Z,NWS forecast zone,49,PUSHMATAHA,0,0,0.0,0.0,Drought,1,0.0
OK-FMCSA-4DB24A9F3765,,,Oklahoma Emergency Order # 2022-26. From FMCSA's copy: I hereby declare (in the context of the State of Emergency due to extreme drought conditions as outlined in Executive Order No. 2022-23),2022-10-11,https://www.fmcsa.dot.gov/emergency/oklahoma-emergency-order-2022-26,Z,NWS forecast zone,50,LOVE,0,0,0.0,0.0,Drought,1,0.0
OK-FMCSA-4DB24A9F3765,,,Oklahoma Emergency Order # 2022-26. From FMCSA's copy: I hereby declare (in the context of the State of Emergency due to extreme drought conditions as outlined in Executive Order No. 2022-23),2022-10-11,https://www.fmcsa.dot.gov/emergency/oklahoma-emergency-order-2022-26,Z,NWS forecast zone,51,MARSHALL,0,0,0.0,0.0,Drought,1,0.0
OK-FMCSA-4DB24A9F3765,,,Oklahoma Emergency Order # 2022-26. From FMCSA's copy: I hereby declare (in the context of the State of Emergency due to extreme drought conditions as outlined in Executive Order No. 2022-23),2022-10-11,https://www.fmcsa.dot.gov/emergency/oklahoma-emergency-order-2022-26,Z,NWS forecast zone,52,BRYAN,0,0,0.0,0.0,Drought,1,0.0
OK-FMCSA-4DB24A9F3765,,,Oklahoma Emergency Order # 2022-26. From FMCSA's copy: I hereby declare (in the context of the State of Emergency due to extreme drought conditions as outlined in Executive Order No. 2022-23),2022-10-11,https://www.fmcsa.dot.gov/emergency/oklahoma-emergency-order-2022-26,Z,NWS forecast zone,53,CHOCTAW,0,0,0.0,0.0,Drought,1,0.0
OK-FMCSA-4DB24A9F3765,,,Oklahoma Emergency Order # 2022-26. From FMCSA's copy: I hereby declare (in the context of the State of Emergency due to extreme drought conditions as outlined in Executive Order No. 2022-23),2022-10-11,https://www.fmcsa.dot.gov/emergency/oklahoma-emergency-order-2022-26,Z,NWS forecast zone,54,OSAGE,0,0,0.0,0.0,Drought,1,0.0
OK-FMCSA-4DB24A9F3765,,,Oklahoma Emergency Order # 2022-26. From FMCSA's copy: I hereby declare (in the context of the State of Emergency due to extreme drought conditions as outlined in Executive Order No. 2022-23),2022-10-11,https://www.fmcsa.dot.gov/emergency/oklahoma-emergency-order-2022-26,Z,NWS forecast zone,55,WASHINGTON,0,0,0.0,0.0,Drought,1,0.0
OK-FMCSA-4DB24A9F3765,,,Oklahoma Emergency Order # 2022-26. From FMCSA's copy: I hereby declare (in the context of the State of Emergency due to extreme drought conditions as outlined in Executive Order No. 2022-23),2022-10-11,https://www.fmcsa.dot.gov/emergency/oklahoma-emergency-order-2022-26,Z,NWS forecast zone,56,NOWATA,0,0,0.0,0.0,Drought,1,0.0
OK-FMCSA-4DB24A9F3765,,,Oklahoma Emergency Order # 2022-26. From FMCSA's copy: I hereby declare (in the context of the State of Emergency due to extreme drought conditions as outlined in Executive Order No. 2022-23),2022-10-11,https://www.fmcsa.dot.gov/emergency/oklahoma-emergency-order-2022-26,Z,NWS forecast zone,57,CRAIG,0,0,0.0,0.0,Drought,1,0.0
OK-FMCSA-4DB24A9F3765,,,Oklahoma Emergency Order # 2022-26. From FMCSA's copy: I hereby declare (in the context of the State of Emergency due to extreme drought conditions as outlined in Executive Order No. 2022-23),2022-10-11,https://www.fmcsa.dot.gov/emergency/oklahoma-emergency-order-2022-26,Z,NWS forecast zone,58,OTTAWA,0,0,0.0,0.0,Drought,1,0.0
OK-FMCSA-4DB24A9F3765,,,Oklahoma Emergency Order # 2022-26. From FMCSA's copy: I hereby declare (in the context of the State of Emergency due to extreme drought conditions as outlined in Executive Order No. 2022-23),2022-10-11,https://www.fmcsa.dot.gov/emergency/oklahoma-emergency-order-2022-26,Z,NWS forecast zone,59,PAWNEE,0,0,0.0,0.0,Drought,1,0.0
OK-FMCSA-4DB24A9F3765,,,Oklahoma Emergency Order # 2022-26. From FMCSA's copy: I hereby declare (in the context of the State of Emergency due to extreme drought conditions as outlined in Executive Order No. 2022-23),2022-10-11,https://www.fmcsa.dot.gov/emergency/oklahoma-emergency-order-2022-26,Z,NWS forecast zone,60,TULSA,0,0,0.0,0.0,Drought,1,0.0
OK-FMCSA-4DB24A9F3765,,,Oklahoma Emergency Order # 2022-26. From FMCSA's copy: I hereby declare (in the context of the State of Emergency due to extreme drought conditions as outlined in Executive Order No. 2022-23),2022-10-11,https://www.fmcsa.dot.gov/emergency/oklahoma-emergency-order-2022-26,Z,NWS forecast zone,61,ROGERS,0,0,0.0,0.0,Drought,1,0.0
OK-FMCSA-4DB24A9F3765,,,Oklahoma Emergency Order # 2022-26. From FMCSA's copy: I hereby declare (in the context of the State of Emergency due to extreme drought conditions as outlined in Executive Order No. 2022-23),2022-10-11,https://www.fmcsa.dot.gov/emergency/oklahoma-emergency-order-2022-26,Z,NWS forecast zone,62,MAYES,0,0,0.0,0.0,Drought,1,0.0
OK-FMCSA-4DB24A9F3765,,,Oklahoma Emergency Order # 2022-26. From FMCSA's copy: I hereby declare (in the context of the State of Emergency due to extreme drought conditions as outlined in Executive Order No. 2022-23),2022-10-11,https://www.fmcsa.dot.gov/emergency/oklahoma-emergency-order-2022-26,Z,NWS forecast zone,63,DELAWARE,0,0,0.0,0.0,Drought,1,0.0
OK-FMCSA-4DB24A9F3765,,,Oklahoma Emergency Order # 2022-26. From FMCSA's copy: I hereby declare (in the context of the State of Emergency due to extreme drought conditions as outlined in Executive Order No. 2022-23),2022-10-11,https://www.fmcsa.dot.gov/emergency/oklahoma-emergency-order-2022-26,Z,NWS forecast zone,64,CREEK,0,0,0.0,0.0,Drought,1,0.0
OK-FMCSA-4DB24A9F3765,,,Oklahoma Emergency Order # 2022-26. From FMCSA's copy: I hereby declare (in the context of the State of Emergency due to extreme drought conditions as outlined in Executive Order No. 2022-23),2022-10-11,https://www.fmcsa.dot.gov/emergency/oklahoma-emergency-order-2022-26,Z,NWS forecast zone,65,OKFUSKEE,0,0,0.0,0.0,Drought,1,0.0
OK-FMCSA-4DB24A9F3765,,,Oklahoma Emergency Order # 2022-26. From FMCSA's copy: I hereby declare (in the context of the State of Emergency due to extreme drought conditions as outlined in Executive Order No. 2022-23),2022-10-11,https://www.fmcsa.dot.gov/emergency/oklahoma-emergency-order-2022-26,Z,NWS forecast zone,66,OKMULGEE,0,0,0.0,0.0,Drought,1,0.0
OK-FMCSA-4DB24A9F3765,,,Oklahoma Emergency Order # 2022-26. From FMCSA's copy: I hereby declare (in the context of the State of Emergency due to extreme drought conditions as outlined in Executive Order No. 2022-23),2022-10-11,https://www.fmcsa.dot.gov/emergency/oklahoma-emergency-order-2022-26,Z,NWS forecast zone,67,WAGONER,0,0,0.0,0.0,Drought,1,0.0
OK-FMCSA-4DB24A9F3765,,,Oklahoma Emergency Order # 2022-26. From FMCSA's copy: I hereby declare (in the context of the State of Emergency due to extreme drought conditions as outlined in Executive Order No. 2022-23),2022-10-11,https://www.fmcsa.dot.gov/emergency/oklahoma-emergency-order-2022-26,Z,NWS forecast zone,68,CHEROKEE,0,0,0.0,0.0,Drought,1,0.0
OK-FMCSA-4DB24A9F3765,,,Oklahoma Emergency Order # 2022-26. From FMCSA's copy: I hereby declare (in the context of the State of Emergency due to extreme drought conditions as outlined in Executive Order No. 2022-23),2022-10-11,https://www.fmcsa.dot.gov/emergency/oklahoma-emergency-order-2022-26,Z,NWS forecast zone,69,ADAIR,0,0,0.0,0.0,Drought,1,0.0
OK-FMCSA-4DB24A9F3765,,,Oklahoma Emergency Order # 2022-26. From FMCSA's copy: I hereby declare (in the context of the State of Emergency due to extreme drought conditions as outlined in Executive Order No. 2022-23),2022-10-11,https://www.fmcsa.dot.gov/emergency/oklahoma-emergency-order-2022-26,Z,NWS forecast zone,70,MUSKOGEE,0,0,0.0,0.0,Drought,1,0.0
OK-FMCSA-4DB24A9F3765,,,Oklahoma Emergency Order # 2022-26. From FMCSA's copy: I hereby declare (in the context of the State of Emergency due to extreme drought conditions as outlined in Executive Order No. 2022-23),2022-10-11,https://www.fmcsa.dot.gov/emergency/oklahoma-emergency-order-2022-26,Z,NWS forecast zone,71,MCINTOSH,0,0,0.0,0.0,Drought,1,0.0
OK-FMCSA-4DB24A9F3765,,,Oklahoma Emergency Order # 2022-26. From FMCSA's copy: I hereby declare (in the context of the State of Emergency due to extreme drought conditions as outlined in Executive Order No. 2022-23),2022-10-11,https://www.fmcsa.dot.gov/emergency/oklahoma-emergency-order-2022-26,Z,NWS forecast zone,72,SEQUOYAH,0,0,0.0,0.0,Drought,1,0.0
OK-FMCSA-4DB24A9F3765,,,Oklahoma Emergency Order # 2022-26. From FMCSA's copy: I hereby declare (in the context of the State of Emergency due to extreme drought conditions as outlined in Executive Order No. 2022-23),2022-10-11,https://www.fmcsa.dot.gov/emergency/oklahoma-emergency-order-2022-26,Z,NWS forecast zone,73,PITTSBURG,0,0,0.0,0.0,Drought,1,0.0
OK-FMCSA-4DB24A9F3765,,,Oklahoma Emergency Order # 2022-26. From FMCSA's copy: I hereby declare (in the context of the State of Emergency due to extreme drought conditions as outlined in Executive Order No. 2022-23),2022-10-11,https://www.fmcsa.dot.gov/emergency/oklahoma-emergency-order-2022-26,Z,NWS forecast zone,74,HASKELL,0,0,0.0,0.0,Drought,1,0.0
OK-FMCSA-4DB24A9F3765,,,Oklahoma Emergency Order # 2022-26. From FMCSA's copy: I hereby declare (in the context of the State of Emergency due to extreme drought conditions as outlined in Executive Order No. 2022-23),2022-10-11,https://www.fmcsa.dot.gov/emergency/oklahoma-emergency-order-2022-26,Z,NWS forecast zone,75,LATIMER,0,0,0.0,0.0,Drought,1,0.0
OK-FMCSA-4DB24A9F3765,,,Oklahoma Emergency Order # 2022-26. From FMCSA's copy: I hereby declare (in the context of the State of Emergency due to extreme drought conditions as outlined in Executive Order No. 2022-23),2022-10-11,https://www.fmcsa.dot.gov/emergency/oklahoma-emergency-order-2022-26,Z,NWS forecast zone,76,LE FLORE,0,0,0.0,0.0,Drought,1,0.0
OK-FMCSA-4DB24A9F3765,,,Oklahoma Emergency Order # 2022-26. From FMCSA's copy: I hereby declare (in the context of the State of Emergency due to extreme drought conditions as outlined in Executive Order No. 2022-23),2022-10-11,https://www.fmcsa.dot.gov/emergency/oklahoma-emergency-order-2022-26,Z,NWS forecast zone,77,MCCURTAIN,0,0,0.0,0.0,Drought,1,0.0
OK-FMCSA-30A0D9779BB1,,,Oklahoma Memo to OEM 2-26-23 Severe Weather,2023-02-26,https://www.fmcsa.dot.gov/emergency/oklahoma-memo-oem-2-26-23-severe-weather,C,county/county-equivalent,129,ROGER MILLS,1,3,250000.0,0.0,Tornado,1,250000.0
OK-FMCSA-30A0D9779BB1,,,Oklahoma Memo to OEM 2-26-23 Severe Weather,2023-02-26,https://www.fmcsa.dot.gov/emergency/oklahoma-memo-oem-2-26-23-severe-weather,C,county/county-equivalent,27,CLEVELAND,0,12,50033000.0,0.0,"Hail, Thunderstorm Wind, Tornado",5,50033000.0
OK-FMCSA-30A0D9779BB1,,,Oklahoma Memo to OEM 2-26-23 Severe Weather,2023-02-26,https://www.fmcsa.dot.gov/emergency/oklahoma-memo-oem-2-26-23-severe-weather,C,county/county-equivalent,125,POTTAWATOMIE,0,0,325000.0,0.0,"Thunderstorm Wind, Tornado",3,325000.0
OK-FMCSA-30A0D9779BB1,,,Oklahoma Memo to OEM 2-26-23 Severe Weather,2023-02-26,https://www.fmcsa.dot.gov/emergency/oklahoma-memo-oem-2-26-23-severe-weather,C,county/county-equivalent,17,CANADIAN,0,0,250000.0,0.0,"Thunderstorm Wind, Tornado",2,250000.0
OK-FMCSA-30A0D9779BB1,,,Oklahoma Memo to OEM 2-26-23 Severe Weather,2023-02-26,https://www.fmcsa.dot.gov/emergency/oklahoma-memo-oem-2-26-23-severe-weather,C,county/county-equivalent,87,MCCLAIN,0,0,200000.0,0.0,"Hail, Thunderstorm Wind, Tornado",4,200000.0
OK-FMCSA-30A0D9779BB1,,,Oklahoma Memo to OEM 2-26-23 Severe Weather,2023-02-26,https://www.fmcsa.dot.gov/emergency/oklahoma-memo-oem-2-26-23-severe-weather,C,county/county-equivalent,15,CADDO,0,0,120000.0,0.0,"Hail, Thunderstorm Wind, Tornado",11,120000.0
OK-FMCSA-30A0D9779BB1,,,Oklahoma Memo to OEM 2-26-23 Severe Weather,2023-02-26,https://www.fmcsa.dot.gov/emergency/oklahoma-memo-oem-2-26-23-severe-weather,C,county/county-equivalent,109,OKLAHOMA,0,0,101000.0,0.0,"Hail, Thunderstorm Wind, Tornado",5,101000.0
OK-FMCSA-30A0D9779BB1,,,Oklahoma Memo to OEM 2-26-23 Severe Weather,2023-02-26,https://www.fmcsa.dot.gov/emergency/oklahoma-memo-oem-2-26-23-severe-weather,C,county/county-equivalent,75,KIOWA,0,0,100000.0,0.0,"Hail, Thunderstorm Wind, Tornado",5,100000.0
OK-FMCSA-30A0D9779BB1,,,Oklahoma Memo to OEM 2-26-23 Severe Weather,2023-02-26,https://www.fmcsa.dot.gov/emergency/oklahoma-memo-oem-2-26-23-severe-weather,C,county/county-equivalent,9,BECKHAM,0,0,80000.0,0.0,"Thunderstorm Wind, Tornado",3,80000.0
OK-FMCSA-30A0D9779BB1,,,Oklahoma Memo to OEM 2-26-23 Severe Weather,2023-02-26,https://www.fmcsa.dot.gov/emergency/oklahoma-memo-oem-2-26-23-severe-weather,C,county/county-equivalent,137,STEPHENS,0,0,80000.0,0.0,Thunderstorm Wind,3,80000.0
OK-FMCSA-30A0D9779BB1,,,Oklahoma Memo to OEM 2-26-23 Severe Weather,2023-02-26,https://www.fmcsa.dot.gov/emergency/oklahoma-memo-oem-2-26-23-severe-weather,C,county/county-equivalent,47,GARFIELD,0,0,55000.0,0.0,Thunderstorm Wind,2,55000.0
OK-FMCSA-30A0D9779BB1,,,Oklahoma Memo to OEM 2-26-23 Severe Weather,2023-02-26,https://www.fmcsa.dot.gov/emergency/oklahoma-memo-oem-2-26-23-severe-weather,C,county/county-equivalent,55,GREER,0,0,50000.0,0.0,"Hail, Thunderstorm Wind, Tornado",3,50000.0
OK-FMCSA-30A0D9779BB1,,,Oklahoma Memo to OEM 2-26-23 Severe Weather,2023-02-26,https://www.fmcsa.dot.gov/emergency/oklahoma-memo-oem-2-26-23-severe-weather,C,county/county-equivalent,145,WAGONER,0,0,25000.0,0.0,Thunderstorm Wind,2,25000.0
OK-FMCSA-30A0D9779BB1,,,Oklahoma Memo to OEM 2-26-23 Severe Weather,2023-02-26,https://www.fmcsa.dot.gov/emergency/oklahoma-memo-oem-2-26-23-severe-weather,C,county/county-equivalent,51,GRADY,0,0,15000.0,0.0,"Hail, Thunderstorm Wind, Tornado",9,15000.0
OK-FMCSA-30A0D9779BB1,,,Oklahoma Memo to OEM 2-26-23 Severe Weather,2023-02-26,https://www.fmcsa.dot.gov/emergency/oklahoma-memo-oem-2-26-23-severe-weather,C,county/county-equivalent,81,LINCOLN,0,0,15000.0,0.0,"Thunderstorm Wind, Tornado",3,15000.0
OK-FMCSA-30A0D9779BB1,,,Oklahoma Memo to OEM 2-26-23 Severe Weather,2023-02-26,https://www.fmcsa.dot.gov/emergency/oklahoma-memo-oem-2-26-23-severe-weather,C,county/county-equivalent,3,ALFALFA,0,0,10000.0,0.0,Tornado,1,10000.0
OK-FMCSA-30A0D9779BB1,,,Oklahoma Memo to OEM 2-26-23 Severe Weather,2023-02-26,https://www.fmcsa.dot.gov/emergency/oklahoma-memo-oem-2-26-23-severe-weather,C,county/county-equivalent,115,OTTAWA,0,0,7000.0,0.0,Thunderstorm Wind,4,7000.0
OK-FMCSA-30A0D9779BB1,,,Oklahoma Memo to OEM 2-26-23 Severe Weather,2023-02-26,https://www.fmcsa.dot.gov/emergency/oklahoma-memo-oem-2-26-23-severe-weather,C,county/county-equivalent,19,CARTER,0,0,5000.0,0.0,Thunderstorm Wind,1,5000.0
OK-FMCSA-30A0D9779BB1,,,Oklahoma Memo to OEM 2-26-23 Severe Weather,2023-02-26,https://www.fmcsa.dot.gov/emergency/oklahoma-memo-oem-2-26-23-severe-weather,C,county/county-equivalent,49,GARVIN,0,0,5000.0,0.0,Thunderstorm Wind,2,5000.0
OK-FMCSA-30A0D9779BB1,,,Oklahoma Memo to OEM 2-26-23 Severe Weather,2023-02-26,https://www.fmcsa.dot.gov/emergency/oklahoma-memo-oem-2-26-23-severe-weather,C,county/county-equivalent,153,WOODWARD,0,0,5000.0,0.0,Thunderstorm Wind,1,5000.0
OK-FMCSA-30A0D9779BB1,,,Oklahoma Memo to OEM 2-26-23 Severe Weather,2023-02-26,https://www.fmcsa.dot.gov/emergency/oklahoma-memo-oem-2-26-23-severe-weather,C,county/county-equivalent,123,PONTOTOC,0,0,2000.0,0.0,"Hail, Thunderstorm Wind",4,2000.0
OK-FMCSA-30A0D9779BB1,,,Oklahoma Memo to OEM 2-26-23 Severe Weather,2023-02-26,https://www.fmcsa.dot.gov/emergency/oklahoma-memo-oem-2-26-23-severe-weather,C,county/county-equivalent,5,ATOKA,0,0,0.0,0.0,Thunderstorm Wind,1,0.0
OK-FMCSA-30A0D9779BB1,,,Oklahoma Memo to OEM 2-26-23 Severe Weather,2023-02-26,https://www.fmcsa.dot.gov/emergency/oklahoma-memo-oem-2-26-23-severe-weather,C,county/county-equivalent,7,BEAVER,0,0,0.0,0.0,Thunderstorm Wind,1,0.0
OK-FMCSA-30A0D9779BB1,,,Oklahoma Memo to OEM 2-26-23 Severe Weather,2023-02-26,https://www.fmcsa.dot.gov/emergency/oklahoma-memo-oem-2-26-23-severe-weather,C,county/county-equivalent,13,BRYAN,0,0,0.0,0.0,Thunderstorm Wind,1,0.0
OK-FMCSA-30A0D9779BB1,,,Oklahoma Memo to OEM 2-26-23 Severe Weather,2023-02-26,https://www.fmcsa.dot.gov/emergency/oklahoma-memo-oem-2-26-23-severe-weather,C,county/county-equivalent,21,CHEROKEE,0,0,0.0,0.0,Thunderstorm Wind,2,0.0
OK-FMCSA-30A0D9779BB1,,,Oklahoma Memo to OEM 2-26-23 Severe Weather,2023-02-26,https://www.fmcsa.dot.gov/emergency/oklahoma-memo-oem-2-26-23-severe-weather,C,county/county-equivalent,31,COMANCHE,0,0,0.0,0.0,Thunderstorm Wind,2,0.0
OK-FMCSA-30A0D9779BB1,,,Oklahoma Memo to OEM 2-26-23 Severe Weather,2023-02-26,https://www.fmcsa.dot.gov/emergency/oklahoma-memo-oem-2-26-23-severe-weather,C,county/county-equivalent,33,COTTON,0,0,0.0,0.0,Thunderstorm Wind,2,0.0
OK-FMCSA-30A0D9779BB1,,,Oklahoma Memo to OEM 2-26-23 Severe Weather,2023-02-26,https://www.fmcsa.dot.gov/emergency/oklahoma-memo-oem-2-26-23-severe-weather,C,county/county-equivalent,39,CUSTER,0,0,0.0,0.0,Thunderstorm Wind,2,0.0
OK-FMCSA-30A0D9779BB1,,,Oklahoma Memo to OEM 2-26-23 Severe Weather,2023-02-26,https://www.fmcsa.dot.gov/emergency/oklahoma-memo-oem-2-26-23-severe-weather,C,county/county-equivalent,57,HARMON,0,0,0.0,0.0,"Thunderstorm Wind, Tornado",2,0.0
OK-FMCSA-30A0D9779BB1,,,Oklahoma Memo to OEM 2-26-23 Severe Weather,2023-02-26,https://www.fmcsa.dot.gov/emergency/oklahoma-memo-oem-2-26-23-severe-weather,C,county/county-equivalent,61,HASKELL,0,0,0.0,0.0,Thunderstorm Wind,1,0.0
OK-FMCSA-30A0D9779BB1,,,Oklahoma Memo to OEM 2-26-23 Severe Weather,2023-02-26,https://www.fmcsa.dot.gov/emergency/oklahoma-memo-oem-2-26-23-severe-weather,C,county/county-equivalent,63,HUGHES,0,0,0.0,0.0,Thunderstorm Wind,1,0.0
OK-FMCSA-30A0D9779BB1,,,Oklahoma Memo to OEM 2-26-23 Severe Weather,2023-02-26,https://www.fmcsa.dot.gov/emergency/oklahoma-memo-oem-2-26-23-severe-weather,C,county/county-equivalent,65,JACKSON,0,0,0.0,0.0,Thunderstorm Wind,3,0.0
OK-FMCSA-30A0D9779BB1,,,Oklahoma Memo to OEM 2-26-23 Severe Weather,2023-02-26,https://www.fmcsa.dot.gov/emergency/oklahoma-memo-oem-2-26-23-severe-weather,C,county/county-equivalent,67,JEFFERSON,0,0,0.0,0.0,Thunderstorm Wind,1,0.0
OK-FMCSA-30A0D9779BB1,,,Oklahoma Memo to OEM 2-26-23 Severe Weather,2023-02-26,https://www.fmcsa.dot.gov/emergency/oklahoma-memo-oem-2-26-23-severe-weather,C,county/county-equivalent,71,KAY,0,0,0.0,0.0,Thunderstorm Wind,1,0.0
OK-FMCSA-30A0D9779BB1,,,Oklahoma Memo to OEM 2-26-23 Severe Weather,2023-02-26,https://www.fmcsa.dot.gov/emergency/oklahoma-memo-oem-2-26-23-severe-weather,C,county/county-equivalent,73,KINGFISHER,0,0,0.0,0.0,Thunderstorm Wind,2,0.0
OK-FMCSA-30A0D9779BB1,,,Oklahoma Memo to OEM 2-26-23 Severe Weather,2023-02-26,https://www.fmcsa.dot.gov/emergency/oklahoma-memo-oem-2-26-23-severe-weather,C,county/county-equivalent,89,MCCURTAIN,0,0,0.0,0.0,Hail,1,0.0
OK-FMCSA-30A0D9779BB1,,,Oklahoma Memo to OEM 2-26-23 Severe Weather,2023-02-26,https://www.fmcsa.dot.gov/emergency/oklahoma-memo-oem-2-26-23-severe-weather,C,county/county-equivalent,99,MURRAY,0,0,0.0,0.0,"Hail, Thunderstorm Wind",3,0.0
OK-FMCSA-30A0D9779BB1,,,Oklahoma Memo to OEM 2-26-23 Severe Weather,2023-02-26,https://www.fmcsa.dot.gov/emergency/oklahoma-memo-oem-2-26-23-severe-weather,C,county/county-equivalent,103,NOBLE,0,0,0.0,0.0,Thunderstorm Wind,1,0.0
OK-FMCSA-30A0D9779BB1,,,Oklahoma Memo to OEM 2-26-23 Severe Weather,2023-02-26,https://www.fmcsa.dot.gov/emergency/oklahoma-memo-oem-2-26-23-severe-weather,C,county/county-equivalent,139,TEXAS,0,0,0.0,0.0,Thunderstorm Wind,3,0.0
OK-FMCSA-30A0D9779BB1,,,Oklahoma Memo to OEM 2-26-23 Severe Weather,2023-02-26,https://www.fmcsa.dot.gov/emergency/oklahoma-memo-oem-2-26-23-severe-weather,C,county/county-equivalent,141,TILLMAN,0,0,0.0,0.0,"Hail, Thunderstorm Wind",3,0.0
OK-EO-2025-06,2025-06,Kevin Stitt,"State of Emergency - Cleveland, Creek, Dewey, Grady, Lincoln, Logan, Oklahoma, Pawnee, Payne, Pottawatomie, Roger Mills, and Stephens counties (wildfires and straight-line winds beginning March 14, 2025)",2025-03-14,https://urldefense.com/v3/__https://links-2.govdelivery.com/CL0/https:*2F*2Fwww.sos.ok.gov*2Fdocuments*2FExecutive*2F2140.pdf/1/010101959a2319c0-cbe2a476-e052-43e6-834a-c79f105c2d17-000000/PycaQEnZJmqcalXmeyQKc_0e6feUm3irku9OQj2I-YI&#61;396__;JSUlJSU!!NZFi6Pppv9YRQw!tE-kKiOnvcIiAWsIjTad8qchg3KPQxMhOpPBcEzUM6z9bhXEldVBbKVA05zdHlq7_I6O260FkbQZHtu4AkE7aBeidzo$,Z,NWS forecast zone,59,PAWNEE,1,0,10020000.0,0.0,"High Wind, Wildfire",2,10020000.0
OK-EO-2025-06,2025-06,Kevin Stitt,"State of Emergency - Cleveland, Creek, Dewey, Grady, Lincoln, Logan, Oklahoma, Pawnee, Payne, Pottawatomie, Roger Mills, and Stephens counties (wildfires and straight-line winds beginning March 14, 2025)",2025-03-14,https://urldefense.com/v3/__https://links-2.govdelivery.com/CL0/https:*2F*2Fwww.sos.ok.gov*2Fdocuments*2FExecutive*2F2140.pdf/1/010101959a2319c0-cbe2a476-e052-43e6-834a-c79f105c2d17-000000/PycaQEnZJmqcalXmeyQKc_0e6feUm3irku9OQj2I-YI&#61;396__;JSUlJSU!!NZFi6Pppv9YRQw!tE-kKiOnvcIiAWsIjTad8qchg3KPQxMhOpPBcEzUM6z9bhXEldVBbKVA05zdHlq7_I6O260FkbQZHtu4AkE7aBeidzo$,Z,NWS forecast zone,74,HASKELL,1,0,65000.0,0.0,Wildfire,1,65000.0
OK-EO-2025-06,2025-06,Kevin Stitt,"State of Emergency - Cleveland, Creek, Dewey, Grady, Lincoln, Logan, Oklahoma, Pawnee, Payne, Pottawatomie, Roger Mills, and Stephens counties (wildfires and straight-line winds beginning March 14, 2025)",2025-03-14,https://urldefense.com/v3/__https://links-2.govdelivery.com/CL0/https:*2F*2Fwww.sos.ok.gov*2Fdocuments*2FExecutive*2F2140.pdf/1/010101959a2319c0-cbe2a476-e052-43e6-834a-c79f105c2d17-000000/PycaQEnZJmqcalXmeyQKc_0e6feUm3irku9OQj2I-YI&#61;396__;JSUlJSU!!NZFi6Pppv9YRQw!tE-kKiOnvcIiAWsIjTad8qchg3KPQxMhOpPBcEzUM6z9bhXEldVBbKVA05zdHlq7_I6O260FkbQZHtu4AkE7aBeidzo$,Z,NWS forecast zone,19,LOGAN,0,0,23000000.0,0.0,"High Wind, Wildfire",5,23000000.0
OK-EO-2025-06,2025-06,Kevin Stitt,"State of Emergency - Cleveland, Creek, Dewey, Grady, Lincoln, Logan, Oklahoma, Pawnee, Payne, Pottawatomie, Roger Mills, and Stephens counties (wildfires and straight-line winds beginning March 14, 2025)",2025-03-14,https://urldefense.com/v3/__https://links-2.govdelivery.com/CL0/https:*2F*2Fwww.sos.ok.gov*2Fdocuments*2FExecutive*2F2140.pdf/1/010101959a2319c0-cbe2a476-e052-43e6-834a-c79f105c2d17-000000/PycaQEnZJmqcalXmeyQKc_0e6feUm3irku9OQj2I-YI&#61;396__;JSUlJSU!!NZFi6Pppv9YRQw!tE-kKiOnvcIiAWsIjTad8qchg3KPQxMhOpPBcEzUM6z9bhXEldVBbKVA05zdHlq7_I6O260FkbQZHtu4AkE7aBeidzo$,Z,NWS forecast zone,20,PAYNE,0,0,15000000.0,0.0,"High Wind, Wildfire",5,15000000.0
OK-EO-2025-06,2025-06,Kevin Stitt,"State of Emergency - Cleveland, Creek, Dewey, Grady, Lincoln, Logan, Oklahoma, Pawnee, Payne, Pottawatomie, Roger Mills, and Stephens counties (wildfires and straight-line winds beginning March 14, 2025)",2025-03-14,https://urldefense.com/v3/__https://links-2.govdelivery.com/CL0/https:*2F*2Fwww.sos.ok.gov*2Fdocuments*2FExecutive*2F2140.pdf/1/010101959a2319c0-cbe2a476-e052-43e6-834a-c79f105c2d17-000000/PycaQEnZJmqcalXmeyQKc_0e6feUm3irku9OQj2I-YI&#61;396__;JSUlJSU!!NZFi6Pppv9YRQw!tE-kKiOnvcIiAWsIjTad8qchg3KPQxMhOpPBcEzUM6z9bhXEldVBbKVA05zdHlq7_I6O260FkbQZHtu4AkE7aBeidzo$,Z,NWS forecast zone,25,OKLAHOMA,0,0,8010000.0,0.0,"High Wind, Wildfire",5,8010000.0
OK-EO-2025-06,2025-06,Kevin Stitt,"State of Emergency - Cleveland, Creek, Dewey, Grady, Lincoln, Logan, Oklahoma, Pawnee, Payne, Pottawatomie, Roger Mills, and Stephens counties (wildfires and straight-line winds beginning March 14, 2025)",2025-03-14,https://urldefense.com/v3/__https://links-2.govdelivery.com/CL0/https:*2F*2Fwww.sos.ok.gov*2Fdocuments*2FExecutive*2F2140.pdf/1/010101959a2319c0-cbe2a476-e052-43e6-834a-c79f105c2d17-000000/PycaQEnZJmqcalXmeyQKc_0e6feUm3irku9OQj2I-YI&#61;396__;JSUlJSU!!NZFi6Pppv9YRQw!tE-kKiOnvcIiAWsIjTad8qchg3KPQxMhOpPBcEzUM6z9bhXEldVBbKVA05zdHlq7_I6O260FkbQZHtu4AkE7aBeidzo$,Z,NWS forecast zone,29,CLEVELAND,0,0,3300000.0,0.0,"High Wind, Wildfire",8,3300000.0
OK-EO-2025-06,2025-06,Kevin Stitt,"State of Emergency - Cleveland, Creek, Dewey, Grady, Lincoln, Logan, Oklahoma, Pawnee, Payne, Pottawatomie, Roger Mills, and Stephens counties (wildfires and straight-line winds beginning March 14, 2025)",2025-03-14,https://urldefense.com/v3/__https://links-2.govdelivery.com/CL0/https:*2F*2Fwww.sos.ok.gov*2Fdocuments*2FExecutive*2F2140.pdf/1/010101959a2319c0-cbe2a476-e052-43e6-834a-c79f105c2d17-000000/PycaQEnZJmqcalXmeyQKc_0e6feUm3irku9OQj2I-YI&#61;396__;JSUlJSU!!NZFi6Pppv9YRQw!tE-kKiOnvcIiAWsIjTad8qchg3KPQxMhOpPBcEzUM6z9bhXEldVBbKVA05zdHlq7_I6O260FkbQZHtu4AkE7aBeidzo$,Z,NWS forecast zone,15,DEWEY,0,0,400000.0,0.0,"High Wind, Wildfire",5,400000.0
OK-EO-2025-06,2025-06,Kevin Stitt,"State of Emergency - Cleveland, Creek, Dewey, Grady, Lincoln, Logan, Oklahoma, Pawnee, Payne, Pottawatomie, Roger Mills, and Stephens counties (wildfires and straight-line winds beginning March 14, 2025)",2025-03-14,https://urldefense.com/v3/__https://links-2.govdelivery.com/CL0/https:*2F*2Fwww.sos.ok.gov*2Fdocuments*2FExecutive*2F2140.pdf/1/010101959a2319c0-cbe2a476-e052-43e6-834a-c79f105c2d17-000000/PycaQEnZJmqcalXmeyQKc_0e6feUm3irku9OQj2I-YI&#61;396__;JSUlJSU!!NZFi6Pppv9YRQw!tE-kKiOnvcIiAWsIjTad8qchg3KPQxMhOpPBcEzUM6z9bhXEldVBbKVA05zdHlq7_I6O260FkbQZHtu4AkE7aBeidzo$,Z,NWS forecast zone,14,ROGER MILLS,0,0,140000.0,0.0,"High Wind, Wildfire",4,140000.0
OK-EO-2025-06,2025-06,Kevin Stitt,"State of Emergency - Cleveland, Creek, Dewey, Grady, Lincoln, Logan, Oklahoma, Pawnee, Payne, Pottawatomie, Roger Mills, and Stephens counties (wildfires and straight-line winds beginning March 14, 2025)",2025-03-14,https://urldefense.com/v3/__https://links-2.govdelivery.com/CL0/https:*2F*2Fwww.sos.ok.gov*2Fdocuments*2FExecutive*2F2140.pdf/1/010101959a2319c0-cbe2a476-e052-43e6-834a-c79f105c2d17-000000/PycaQEnZJmqcalXmeyQKc_0e6feUm3irku9OQj2I-YI&#61;396__;JSUlJSU!!NZFi6Pppv9YRQw!tE-kKiOnvcIiAWsIjTad8qchg3KPQxMhOpPBcEzUM6z9bhXEldVBbKVA05zdHlq7_I6O260FkbQZHtu4AkE7aBeidzo$,Z,NWS forecast zone,10,WOODWARD,0,0,75000.0,0.0,High Wind,5,75000.0
OK-EO-2025-06,2025-06,Kevin Stitt,"State of Emergency - Cleveland, Creek, Dewey, Grady, Lincoln, Logan, Oklahoma, Pawnee, Payne, Pottawatomie, Roger Mills, and Stephens counties (wildfires and straight-line winds beginning March 14, 2025)",2025-03-14,https://urldefense.com/v3/__https://links-2.govdelivery.com/CL0/https:*2F*2Fwww.sos.ok.gov*2Fdocuments*2FExecutive*2F2140.pdf/1/010101959a2319c0-cbe2a476-e052-43e6-834a-c79f105c2d17-000000/PycaQEnZJmqcalXmeyQKc_0e6feUm3irku9OQj2I-YI&#61;396__;JSUlJSU!!NZFi6Pppv9YRQw!tE-kKiOnvcIiAWsIjTad8qchg3KPQxMhOpPBcEzUM6z9bhXEldVBbKVA05zdHlq7_I6O260FkbQZHtu4AkE7aBeidzo$,Z,NWS forecast zone,35,KIOWA,0,0,75000.0,0.0,High Wind,4,75000.0
OK-EO-2025-06,2025-06,Kevin Stitt,"State of Emergency - Cleveland, Creek, Dewey, Grady, Lincoln, Logan, Oklahoma, Pawnee, Payne, Pottawatomie, Roger Mills, and Stephens counties (wildfires and straight-line winds beginning March 14, 2025)",2025-03-14,https://urldefense.com/v3/__https://links-2.govdelivery.com/CL0/https:*2F*2Fwww.sos.ok.gov*2Fdocuments*2FExecutive*2F2140.pdf/1/010101959a2319c0-cbe2a476-e052-43e6-834a-c79f105c2d17-000000/PycaQEnZJmqcalXmeyQKc_0e6feUm3irku9OQj2I-YI&#61;396__;JSUlJSU!!NZFi6Pppv9YRQw!tE-kKiOnvcIiAWsIjTad8qchg3KPQxMhOpPBcEzUM6z9bhXEldVBbKVA05zdHlq7_I6O260FkbQZHtu4AkE7aBeidzo$,Z,NWS forecast zone,17,BLAINE,0,0,50000.0,0.0,High Wind,4,50000.0
OK-EO-2025-06,2025-06,Kevin Stitt,"State of Emergency - Cleveland, Creek, Dewey, Grady, Lincoln, Logan, Oklahoma, Pawnee, Payne, Pottawatomie, Roger Mills, and Stephens counties (wildfires and straight-line winds beginning March 14, 2025)",2025-03-14,https://urldefense.com/v3/__https://links-2.govdelivery.com/CL0/https:*2F*2Fwww.sos.ok.gov*2Fdocuments*2FExecutive*2F2140.pdf/1/010101959a2319c0-cbe2a476-e052-43e6-834a-c79f105c2d17-000000/PycaQEnZJmqcalXmeyQKc_0e6feUm3irku9OQj2I-YI&#61;396__;JSUlJSU!!NZFi6Pppv9YRQw!tE-kKiOnvcIiAWsIjTad8qchg3KPQxMhOpPBcEzUM6z9bhXEldVBbKVA05zdHlq7_I6O260FkbQZHtu4AkE7aBeidzo$,Z,NWS forecast zone,28,MCCLAIN,0,0,50000.0,0.0,"High Wind, Wildfire",4,50000.0
OK-EO-2025-06,2025-06,Kevin Stitt,"State of Emergency - Cleveland, Creek, Dewey, Grady, Lincoln, Logan, Oklahoma, Pawnee, Payne, Pottawatomie, Roger Mills, and Stephens counties (wildfires and straight-line winds beginning March 14, 2025)",2025-03-14,https://urldefense.com/v3/__https://links-2.govdelivery.com/CL0/https:*2F*2Fwww.sos.ok.gov*2Fdocuments*2FExecutive*2F2140.pdf/1/010101959a2319c0-cbe2a476-e052-43e6-834a-c79f105c2d17-000000/PycaQEnZJmqcalXmeyQKc_0e6feUm3irku9OQj2I-YI&#61;396__;JSUlJSU!!NZFi6Pppv9YRQw!tE-kKiOnvcIiAWsIjTad8qchg3KPQxMhOpPBcEzUM6z9bhXEldVBbKVA05zdHlq7_I6O260FkbQZHtu4AkE7aBeidzo$,Z,NWS forecast zone,37,TILLMAN,0,0,50000.0,0.0,High Wind,4,50000.0
OK-EO-2025-06,2025-06,Kevin Stitt,"State of Emergency - Cleveland, Creek, Dewey, Grady, Lincoln, Logan, Oklahoma, Pawnee, Payne, Pottawatomie, Roger Mills, and Stephens counties (wildfires and straight-line winds beginning March 14, 2025)",2025-03-14,https://urldefense.com/v3/__https://links-2.govdelivery.com/CL0/https:*2F*2Fwww.sos.ok.gov*2Fdocuments*2FExecutive*2F2140.pdf/1/010101959a2319c0-cbe2a476-e052-43e6-834a-c79f105c2d17-000000/PycaQEnZJmqcalXmeyQKc_0e6feUm3irku9OQj2I-YI&#61;396__;JSUlJSU!!NZFi6Pppv9YRQw!tE-kKiOnvcIiAWsIjTad8qchg3KPQxMhOpPBcEzUM6z9bhXEldVBbKVA05zdHlq7_I6O260FkbQZHtu4AkE7aBeidzo$,Z,NWS forecast zone,54,OSAGE,0,0,20000.0,0.0,High Wind,1,20000.0
OK-EO-2025-06,2025-06,Kevin Stitt,"State of Emergency - Cleveland, Creek, Dewey, Grady, Lincoln, Logan, Oklahoma, Pawnee, Payne, Pottawatomie, Roger Mills, and Stephens counties (wildfires and straight-line winds beginning March 14, 2025)",2025-03-14,https://urldefense.com/v3/__https://links-2.govdelivery.com/CL0/https:*2F*2Fwww.sos.ok.gov*2Fdocuments*2FExecutive*2F2140.pdf/1/010101959a2319c0-cbe2a476-e052-43e6-834a-c79f105c2d17-000000/PycaQEnZJmqcalXmeyQKc_0e6feUm3irku9OQj2I-YI&#61;396__;JSUlJSU!!NZFi6Pppv9YRQw!tE-kKiOnvcIiAWsIjTad8qchg3KPQxMhOpPBcEzUM6z9bhXEldVBbKVA05zdHlq7_I6O260FkbQZHtu4AkE7aBeidzo$,Z,NWS forecast zone,55,WASHINGTON,0,0,20000.0,0.0,High Wind,1,20000.0
OK-EO-2025-06,2025-06,Kevin Stitt,"State of Emergency - Cleveland, Creek, Dewey, Grady, Lincoln, Logan, Oklahoma, Pawnee, Payne, Pottawatomie, Roger Mills, and Stephens counties (wildfires and straight-line winds beginning March 14, 2025)",2025-03-14,https://urldefense.com/v3/__https://links-2.govdelivery.com/CL0/https:*2F*2Fwww.sos.ok.gov*2Fdocuments*2FExecutive*2F2140.pdf/1/010101959a2319c0-cbe2a476-e052-43e6-834a-c79f105c2d17-000000/PycaQEnZJmqcalXmeyQKc_0e6feUm3irku9OQj2I-YI&#61;396__;JSUlJSU!!NZFi6Pppv9YRQw!tE-kKiOnvcIiAWsIjTad8qchg3KPQxMhOpPBcEzUM6z9bhXEldVBbKVA05zdHlq7_I6O260FkbQZHtu4AkE7aBeidzo$,Z,NWS forecast zone,60,TULSA,0,0,20000.0,0.0,High Wind,1,20000.0
OK-EO-2025-06,2025-06,Kevin Stitt,"State of Emergency - Cleveland, Creek, Dewey, Grady, Lincoln, Logan, Oklahoma, Pawnee, Payne, Pottawatomie, Roger Mills, and Stephens counties (wildfires and straight-line winds beginning March 14, 2025)",2025-03-14,https://urldefense.com/v3/__https://links-2.govdelivery.com/CL0/https:*2F*2Fwww.sos.ok.gov*2Fdocuments*2FExecutive*2F2140.pdf/1/010101959a2319c0-cbe2a476-e052-43e6-834a-c79f105c2d17-000000/PycaQEnZJmqcalXmeyQKc_0e6feUm3irku9OQj2I-YI&#61;396__;JSUlJSU!!NZFi6Pppv9YRQw!tE-kKiOnvcIiAWsIjTad8qchg3KPQxMhOpPBcEzUM6z9bhXEldVBbKVA05zdHlq7_I6O260FkbQZHtu4AkE7aBeidzo$,Z,NWS forecast zone,27,GRADY,0,0,15000.0,0.0,High Wind,4,15000.0
OK-EO-2025-06,2025-06,Kevin Stitt,"State of Emergency - Cleveland, Creek, Dewey, Grady, Lincoln, Logan, Oklahoma, Pawnee, Payne, Pottawatomie, Roger Mills, and Stephens counties (wildfires and straight-line winds beginning March 14, 2025)",2025-03-14,https://urldefense.com/v3/__https://links-2.govdelivery.com/CL0/https:*2F*2Fwww.sos.ok.gov*2Fdocuments*2FExecutive*2F2140.pdf/1/010101959a2319c0-cbe2a476-e052-43e6-834a-c79f105c2d17-000000/PycaQEnZJmqcalXmeyQKc_0e6feUm3irku9OQj2I-YI&#61;396__;JSUlJSU!!NZFi6Pppv9YRQw!tE-kKiOnvcIiAWsIjTad8qchg3KPQxMhOpPBcEzUM6z9bhXEldVBbKVA05zdHlq7_I6O260FkbQZHtu4AkE7aBeidzo$,Z,NWS forecast zone,61,ROGERS,0,0,15000.0,0.0,High Wind,1,15000.0
OK-EO-2025-06,2025-06,Kevin Stitt,"State of Emergency - Cleveland, Creek, Dewey, Grady, Lincoln, Logan, Oklahoma, Pawnee, Payne, Pottawatomie, Roger Mills, and Stephens counties (wildfires and straight-line winds beginning March 14, 2025)",2025-03-14,https://urldefense.com/v3/__https://links-2.govdelivery.com/CL0/https:*2F*2Fwww.sos.ok.gov*2Fdocuments*2FExecutive*2F2140.pdf/1/010101959a2319c0-cbe2a476-e052-43e6-834a-c79f105c2d17-000000/PycaQEnZJmqcalXmeyQKc_0e6feUm3irku9OQj2I-YI&#61;396__;JSUlJSU!!NZFi6Pppv9YRQw!tE-kKiOnvcIiAWsIjTad8qchg3KPQxMhOpPBcEzUM6z9bhXEldVBbKVA05zdHlq7_I6O260FkbQZHtu4AkE7aBeidzo$,Z,NWS forecast zone,1,CIMARRON,0,0,0.0,0.0,High Wind,1,0.0
OK-EO-2025-06,2025-06,Kevin Stitt,"State of Emergency - Cleveland, Creek, Dewey, Grady, Lincoln, Logan, Oklahoma, Pawnee, Payne, Pottawatomie, Roger Mills, and Stephens counties (wildfires and straight-line winds beginning March 14, 2025)",2025-03-14,https://urldefense.com/v3/__https://links-2.govdelivery.com/CL0/https:*2F*2Fwww.sos.ok.gov*2Fdocuments*2FExecutive*2F2140.pdf/1/010101959a2319c0-cbe2a476-e052-43e6-834a-c79f105c2d17-000000/PycaQEnZJmqcalXmeyQKc_0e6feUm3irku9OQj2I-YI&#61;396__;JSUlJSU!!NZFi6Pppv9YRQw!tE-kKiOnvcIiAWsIjTad8qchg3KPQxMhOpPBcEzUM6z9bhXEldVBbKVA05zdHlq7_I6O260FkbQZHtu4AkE7aBeidzo$,Z,NWS forecast zone,2,TEXAS,0,0,0.0,0.0,High Wind,1,0.0
OK-EO-2025-06,2025-06,Kevin Stitt,"State of Emergency - Cleveland, Creek, Dewey, Grady, Lincoln, Logan, Oklahoma, Pawnee, Payne, Pottawatomie, Roger Mills, and Stephens counties (wildfires and straight-line winds beginning March 14, 2025)",2025-03-14,https://urldefense.com/v3/__https://links-2.govdelivery.com/CL0/https:*2F*2Fwww.sos.ok.gov*2Fdocuments*2FExecutive*2F2140.pdf/1/010101959a2319c0-cbe2a476-e052-43e6-834a-c79f105c2d17-000000/PycaQEnZJmqcalXmeyQKc_0e6feUm3irku9OQj2I-YI&#61;396__;JSUlJSU!!NZFi6Pppv9YRQw!tE-kKiOnvcIiAWsIjTad8qchg3KPQxMhOpPBcEzUM6z9bhXEldVBbKVA05zdHlq7_I6O260FkbQZHtu4AkE7aBeidzo$,Z,NWS forecast zone,3,BEAVER,0,0,0.0,0.0,High Wind,1,0.0
OK-EO-2025-06,2025-06,Kevin Stitt,"State of Emergency - Cleveland, Creek, Dewey, Grady, Lincoln, Logan, Oklahoma, Pawnee, Payne, Pottawatomie, Roger Mills, and Stephens counties (wildfires and straight-line winds beginning March 14, 2025)",2025-03-14,https://urldefense.com/v3/__https://links-2.govdelivery.com/CL0/https:*2F*2Fwww.sos.ok.gov*2Fdocuments*2FExecutive*2F2140.pdf/1/010101959a2319c0-cbe2a476-e052-43e6-834a-c79f105c2d17-000000/PycaQEnZJmqcalXmeyQKc_0e6feUm3irku9OQj2I-YI&#61;396__;JSUlJSU!!NZFi6Pppv9YRQw!tE-kKiOnvcIiAWsIjTad8qchg3KPQxMhOpPBcEzUM6z9bhXEldVBbKVA05zdHlq7_I6O260FkbQZHtu4AkE7aBeidzo$,Z,NWS forecast zone,5,WOODS,0,0,0.0,0.0,High Wind,3,0.0
OK-EO-2025-06,2025-06,Kevin Stitt,"State of Emergency - Cleveland, Creek, Dewey, Grady, Lincoln, Logan, Oklahoma, Pawnee, Payne, Pottawatomie, Roger Mills, and Stephens counties (wildfires and straight-line winds beginning March 14, 2025)",2025-03-14,https://urldefense.com/v3/__https://links-2.govdelivery.com/CL0/https:*2F*2Fwww.sos.ok.gov*2Fdocuments*2FExecutive*2F2140.pdf/1/010101959a2319c0-cbe2a476-e052-43e6-834a-c79f105c2d17-000000/PycaQEnZJmqcalXmeyQKc_0e6feUm3irku9OQj2I-YI&#61;396__;JSUlJSU!!NZFi6Pppv9YRQw!tE-kKiOnvcIiAWsIjTad8qchg3KPQxMhOpPBcEzUM6z9bhXEldVBbKVA05zdHlq7_I6O260FkbQZHtu4AkE7aBeidzo$,Z,NWS forecast zone,7,GRANT,0,0,0.0,0.0,High Wind,1,0.0
OK-EO-2025-06,2025-06,Kevin Stitt,"State of Emergency - Cleveland, Creek, Dewey, Grady, Lincoln, Logan, Oklahoma, Pawnee, Payne, Pottawatomie, Roger Mills, and Stephens counties (wildfires and straight-line winds beginning March 14, 2025)",2025-03-14,https://urldefense.com/v3/__https://links-2.govdelivery.com/CL0/https:*2F*2Fwww.sos.ok.gov*2Fdocuments*2FExecutive*2F2140.pdf/1/010101959a2319c0-cbe2a476-e052-43e6-834a-c79f105c2d17-000000/PycaQEnZJmqcalXmeyQKc_0e6feUm3irku9OQj2I-YI&#61;396__;JSUlJSU!!NZFi6Pppv9YRQw!tE-kKiOnvcIiAWsIjTad8qchg3KPQxMhOpPBcEzUM6z9bhXEldVBbKVA05zdHlq7_I6O260FkbQZHtu4AkE7aBeidzo$,Z,NWS forecast zone,8,KAY,0,0,0.0,0.0,High Wind,2,0.0
OK-EO-2025-06,2025-06,Kevin Stitt,"State of Emergency - Cleveland, Creek, Dewey, Grady, Lincoln, Logan, Oklahoma, Pawnee, Payne, Pottawatomie, Roger Mills, and Stephens counties (wildfires and straight-line winds beginning March 14, 2025)",2025-03-14,https://urldefense.com/v3/__https://links-2.govdelivery.com/CL0/https:*2F*2Fwww.sos.ok.gov*2Fdocuments*2FExecutive*2F2140.pdf/1/010101959a2319c0-cbe2a476-e052-43e6-834a-c79f105c2d17-000000/PycaQEnZJmqcalXmeyQKc_0e6feUm3irku9OQj2I-YI&#61;396__;JSUlJSU!!NZFi6Pppv9YRQw!tE-kKiOnvcIiAWsIjTad8qchg3KPQxMhOpPBcEzUM6z9bhXEldVBbKVA05zdHlq7_I6O260FkbQZHtu4AkE7aBeidzo$,Z,NWS forecast zone,9,ELLIS,0,0,0.0,0.0,High Wind,3,0.0
OK-EO-2025-06,2025-06,Kevin Stitt,"State of Emergency - Cleveland, Creek, Dewey, Grady, Lincoln, Logan, Oklahoma, Pawnee, Payne, Pottawatomie, Roger Mills, and Stephens counties (wildfires and straight-line winds beginning March 14, 2025)",2025-03-14,https://urldefense.com/v3/__https://links-2.govdelivery.com/CL0/https:*2F*2Fwww.sos.ok.gov*2Fdocuments*2FExecutive*2F2140.pdf/1/010101959a2319c0-cbe2a476-e052-43e6-834a-c79f105c2d17-000000/PycaQEnZJmqcalXmeyQKc_0e6feUm3irku9OQj2I-YI&#61;396__;JSUlJSU!!NZFi6Pppv9YRQw!tE-kKiOnvcIiAWsIjTad8qchg3KPQxMhOpPBcEzUM6z9bhXEldVBbKVA05zdHlq7_I6O260FkbQZHtu4AkE7aBeidzo$,Z,NWS forecast zone,11,MAJOR,0,0,0.0,0.0,High Wind,3,0.0
OK-EO-2025-06,2025-06,Kevin Stitt,"State of Emergency - Cleveland, Creek, Dewey, Grady, Lincoln, Logan, Oklahoma, Pawnee, Payne, Pottawatomie, Roger Mills, and Stephens counties (wildfires and straight-line winds beginning March 14, 2025)",2025-03-14,https://urldefense.com/v3/__https://links-2.govdelivery.com/CL0/https:*2F*2Fwww.sos.ok.gov*2Fdocuments*2FExecutive*2F2140.pdf/1/010101959a2319c0-cbe2a476-e052-43e6-834a-c79f105c2d17-000000/PycaQEnZJmqcalXmeyQKc_0e6feUm3irku9OQj2I-YI&#61;396__;JSUlJSU!!NZFi6Pppv9YRQw!tE-kKiOnvcIiAWsIjTad8qchg3KPQxMhOpPBcEzUM6z9bhXEldVBbKVA05zdHlq7_I6O260FkbQZHtu4AkE7aBeidzo$,Z,NWS forecast zone,12,GARFIELD,0,0,0.0,0.0,High Wind,3,0.0
OK-EO-2025-06,2025-06,Kevin Stitt,"State of Emergency - Cleveland, Creek, Dewey, Grady, Lincoln, Logan, Oklahoma, Pawnee, Payne, Pottawatomie, Roger Mills, and Stephens counties (wildfires and straight-line winds beginning March 14, 2025)",2025-03-14,https://urldefense.com/v3/__https://links-2.govdelivery.com/CL0/https:*2F*2Fwww.sos.ok.gov*2Fdocuments*2FExecutive*2F2140.pdf/1/010101959a2319c0-cbe2a476-e052-43e6-834a-c79f105c2d17-000000/PycaQEnZJmqcalXmeyQKc_0e6feUm3irku9OQj2I-YI&#61;396__;JSUlJSU!!NZFi6Pppv9YRQw!tE-kKiOnvcIiAWsIjTad8qchg3KPQxMhOpPBcEzUM6z9bhXEldVBbKVA05zdHlq7_I6O260FkbQZHtu4AkE7aBeidzo$,Z,NWS forecast zone,13,NOBLE,0,0,0.0,0.0,High Wind,3,0.0
OK-EO-2025-06,2025-06,Kevin Stitt,"State of Emergency - Cleveland, Creek, Dewey, Grady, Lincoln, Logan, Oklahoma, Pawnee, Payne, Pottawatomie, Roger Mills, and Stephens counties (wildfires and straight-line winds beginning March 14, 2025)",2025-03-14,https://urldefense.com/v3/__https://links-2.govdelivery.com/CL0/https:*2F*2Fwww.sos.ok.gov*2Fdocuments*2FExecutive*2F2140.pdf/1/010101959a2319c0-cbe2a476-e052-43e6-834a-c79f105c2d17-000000/PycaQEnZJmqcalXmeyQKc_0e6feUm3irku9OQj2I-YI&#61;396__;JSUlJSU!!NZFi6Pppv9YRQw!tE-kKiOnvcIiAWsIjTad8qchg3KPQxMhOpPBcEzUM6z9bhXEldVBbKVA05zdHlq7_I6O260FkbQZHtu4AkE7aBeidzo$,Z,NWS forecast zone,16,CUSTER,0,0,0.0,0.0,High Wind,3,0.0
OK-EO-2025-06,2025-06,Kevin Stitt,"State of Emergency - Cleveland, Creek, Dewey, Grady, Lincoln, Logan, Oklahoma, Pawnee, Payne, Pottawatomie, Roger Mills, and Stephens counties (wildfires and straight-line winds beginning March 14, 2025)",2025-03-14,https://urldefense.com/v3/__https://links-2.govdelivery.com/CL0/https:*2F*2Fwww.sos.ok.gov*2Fdocuments*2FExecutive*2F2140.pdf/1/010101959a2319c0-cbe2a476-e052-43e6-834a-c79f105c2d17-000000/PycaQEnZJmqcalXmeyQKc_0e6feUm3irku9OQj2I-YI&#61;396__;JSUlJSU!!NZFi6Pppv9YRQw!tE-kKiOnvcIiAWsIjTad8qchg3KPQxMhOpPBcEzUM6z9bhXEldVBbKVA05zdHlq7_I6O260FkbQZHtu4AkE7aBeidzo$,Z,NWS forecast zone,18,KINGFISHER,0,0,0.0,0.0,High Wind,3,0.0
OK-EO-2025-06,2025-06,Kevin Stitt,"State of Emergency - Cleveland, Creek, Dewey, Grady, Lincoln, Logan, Oklahoma, Pawnee, Payne, Pottawatomie, Roger Mills, and Stephens counties (wildfires and straight-line winds beginning March 14, 2025)",2025-03-14,https://urldefense.com/v3/__https://links-2.govdelivery.com/CL0/https:*2F*2Fwww.sos.ok.gov*2Fdocuments*2FExecutive*2F2140.pdf/1/010101959a2319c0-cbe2a476-e052-43e6-834a-c79f105c2d17-000000/PycaQEnZJmqcalXmeyQKc_0e6feUm3irku9OQj2I-YI&#61;396__;JSUlJSU!!NZFi6Pppv9YRQw!tE-kKiOnvcIiAWsIjTad8qchg3KPQxMhOpPBcEzUM6z9bhXEldVBbKVA05zdHlq7_I6O260FkbQZHtu4AkE7aBeidzo$,Z,NWS forecast zone,21,BECKHAM,0,0,0.0,0.0,"High Wind, Wildfire",4,0.0
OK-EO-2025-06,2025-06,Kevin Stitt,"State of Emergency - Cleveland, Creek, Dewey, Grady, Lincoln, Logan, Oklahoma, Pawnee, Payne, Pottawatomie, Roger Mills, and Stephens counties (wildfires and straight-line winds beginning March 14, 2025)",2025-03-14,https://urldefense.com/v3/__https://links-2.govdelivery.com/CL0/https:*2F*2Fwww.sos.ok.gov*2Fdocuments*2FExecutive*2F2140.pdf/1/010101959a2319c0-cbe2a476-e052-43e6-834a-c79f105c2d17-000000/PycaQEnZJmqcalXmeyQKc_0e6feUm3irku9OQj2I-YI&#61;396__;JSUlJSU!!NZFi6Pppv9YRQw!tE-kKiOnvcIiAWsIjTad8qchg3KPQxMhOpPBcEzUM6z9bhXEldVBbKVA05zdHlq7_I6O260FkbQZHtu4AkE7aBeidzo$,Z,NWS forecast zone,22,WASHITA,0,0,0.0,0.0,High Wind,3,0.0
OK-EO-2025-06,2025-06,Kevin Stitt,"State of Emergency - Cleveland, Creek, Dewey, Grady, Lincoln, Logan, Oklahoma, Pawnee, Payne, Pottawatomie, Roger Mills, and Stephens counties (wildfires and straight-line winds beginning March 14, 2025)",2025-03-14,https://urldefense.com/v3/__https://links-2.govdelivery.com/CL0/https:*2F*2Fwww.sos.ok.gov*2Fdocuments*2FExecutive*2F2140.pdf/1/010101959a2319c0-cbe2a476-e052-43e6-834a-c79f105c2d17-000000/PycaQEnZJmqcalXmeyQKc_0e6feUm3irku9OQj2I-YI&#61;396__;JSUlJSU!!NZFi6Pppv9YRQw!tE-kKiOnvcIiAWsIjTad8qchg3KPQxMhOpPBcEzUM6z9bhXEldVBbKVA05zdHlq7_I6O260FkbQZHtu4AkE7aBeidzo$,Z,NWS forecast zone,23,CADDO,0,0,0.0,0.0,High Wind,4,0.0
OK-EO-2025-06,2025-06,Kevin Stitt,"State of Emergency - Cleveland, Creek, Dewey, Grady, Lincoln, Logan, Oklahoma, Pawnee, Payne, Pottawatomie, Roger Mills, and Stephens counties (wildfires and straight-line winds beginning March 14, 2025)",2025-03-14,https://urldefense.com/v3/__https://links-2.govdelivery.com/CL0/https:*2F*2Fwww.sos.ok.gov*2Fdocuments*2FExecutive*2F2140.pdf/1/010101959a2319c0-cbe2a476-e052-43e6-834a-c79f105c2d17-000000/PycaQEnZJmqcalXmeyQKc_0e6feUm3irku9OQj2I-YI&#61;396__;JSUlJSU!!NZFi6Pppv9YRQw!tE-kKiOnvcIiAWsIjTad8qchg3KPQxMhOpPBcEzUM6z9bhXEldVBbKVA05zdHlq7_I6O260FkbQZHtu4AkE7aBeidzo$,Z,NWS forecast zone,24,CANADIAN,0,0,0.0,0.0,High Wind,3,0.0
OK-EO-2025-06,2025-06,Kevin Stitt,"State of Emergency - Cleveland, Creek, Dewey, Grady, Lincoln, Logan, Oklahoma, Pawnee, Payne, Pottawatomie, Roger Mills, and Stephens counties (wildfires and straight-line winds beginning March 14, 2025)",2025-03-14,https://urldefense.com/v3/__https://links-2.govdelivery.com/CL0/https:*2F*2Fwww.sos.ok.gov*2Fdocuments*2FExecutive*2F2140.pdf/1/010101959a2319c0-cbe2a476-e052-43e6-834a-c79f105c2d17-000000/PycaQEnZJmqcalXmeyQKc_0e6feUm3irku9OQj2I-YI&#61;396__;JSUlJSU!!NZFi6Pppv9YRQw!tE-kKiOnvcIiAWsIjTad8qchg3KPQxMhOpPBcEzUM6z9bhXEldVBbKVA05zdHlq7_I6O260FkbQZHtu4AkE7aBeidzo$,Z,NWS forecast zone,26,LINCOLN,0,0,0.0,0.0,High Wind,3,0.0
OK-EO-2025-06,2025-06,Kevin Stitt,"State of Emergency - Cleveland, Creek, Dewey, Grady, Lincoln, Logan, Oklahoma, Pawnee, Payne, Pottawatomie, Roger Mills, and Stephens counties (wildfires and straight-line winds beginning March 14, 2025)",2025-03-14,https://urldefense.com/v3/__https://links-2.govdelivery.com/CL0/https:*2F*2Fwww.sos.ok.gov*2Fdocuments*2FExecutive*2F2140.pdf/1/010101959a2319c0-cbe2a476-e052-43e6-834a-c79f105c2d17-000000/PycaQEnZJmqcalXmeyQKc_0e6feUm3irku9OQj2I-YI&#61;396__;JSUlJSU!!NZFi6Pppv9YRQw!tE-kKiOnvcIiAWsIjTad8qchg3KPQxMhOpPBcEzUM6z9bhXEldVBbKVA05zdHlq7_I6O260FkbQZHtu4AkE7aBeidzo$,Z,NWS forecast zone,33,HARMON,0,0,0.0,0.0,High Wind,3,0.0
OK-EO-2025-06,2025-06,Kevin Stitt,"State of Emergency - Cleveland, Creek, Dewey, Grady, Lincoln, Logan, Oklahoma, Pawnee, Payne, Pottawatomie, Roger Mills, and Stephens counties (wildfires and straight-line winds beginning March 14, 2025)",2025-03-14,https://urldefense.com/v3/__https://links-2.govdelivery.com/CL0/https:*2F*2Fwww.sos.ok.gov*2Fdocuments*2FExecutive*2F2140.pdf/1/010101959a2319c0-cbe2a476-e052-43e6-834a-c79f105c2d17-000000/PycaQEnZJmqcalXmeyQKc_0e6feUm3irku9OQj2I-YI&#61;396__;JSUlJSU!!NZFi6Pppv9YRQw!tE-kKiOnvcIiAWsIjTad8qchg3KPQxMhOpPBcEzUM6z9bhXEldVBbKVA05zdHlq7_I6O260FkbQZHtu4AkE7aBeidzo$,Z,NWS forecast zone,34,GREER,0,0,0.0,0.0,High Wind,4,0.0
OK-EO-2025-06,2025-06,Kevin Stitt,"State of Emergency - Cleveland, Creek, Dewey, Grady, Lincoln, Logan, Oklahoma, Pawnee, Payne, Pottawatomie, Roger Mills, and Stephens counties (wildfires and straight-line winds beginning March 14, 2025)",2025-03-14,https://urldefense.com/v3/__https://links-2.govdelivery.com/CL0/https:*2F*2Fwww.sos.ok.gov*2Fdocuments*2FExecutive*2F2140.pdf/1/010101959a2319c0-cbe2a476-e052-43e6-834a-c79f105c2d17-000000/PycaQEnZJmqcalXmeyQKc_0e6feUm3irku9OQj2I-YI&#61;396__;JSUlJSU!!NZFi6Pppv9YRQw!tE-kKiOnvcIiAWsIjTad8qchg3KPQxMhOpPBcEzUM6z9bhXEldVBbKVA05zdHlq7_I6O260FkbQZHtu4AkE7aBeidzo$,Z,NWS forecast zone,36,JACKSON,0,0,0.0,0.0,High Wind,4,0.0
OK-EO-2025-06,2025-06,Kevin Stitt,"State of Emergency - Cleveland, Creek, Dewey, Grady, Lincoln, Logan, Oklahoma, Pawnee, Payne, Pottawatomie, Roger Mills, and Stephens counties (wildfires and straight-line winds beginning March 14, 2025)",2025-03-14,https://urldefense.com/v3/__https://links-2.govdelivery.com/CL0/https:*2F*2Fwww.sos.ok.gov*2Fdocuments*2FExecutive*2F2140.pdf/1/010101959a2319c0-cbe2a476-e052-43e6-834a-c79f105c2d17-000000/PycaQEnZJmqcalXmeyQKc_0e6feUm3irku9OQj2I-YI&#61;396__;JSUlJSU!!NZFi6Pppv9YRQw!tE-kKiOnvcIiAWsIjTad8qchg3KPQxMhOpPBcEzUM6z9bhXEldVBbKVA05zdHlq7_I6O260FkbQZHtu4AkE7aBeidzo$,Z,NWS forecast zone,38,COMANCHE,0,0,0.0,0.0,High Wind,3,0.0
OK-EO-2025-06,2025-06,Kevin Stitt,"State of Emergency - Cleveland, Creek, Dewey, Grady, Lincoln, Logan, Oklahoma, Pawnee, Payne, Pottawatomie, Roger Mills, and Stephens counties (wildfires and straight-line winds beginning March 14, 2025)",2025-03-14,https://urldefense.com/v3/__https://links-2.govdelivery.com/CL0/https:*2F*2Fwww.sos.ok.gov*2Fdocuments*2FExecutive*2F2140.pdf/1/010101959a2319c0-cbe2a476-e052-43e6-834a-c79f105c2d17-000000/PycaQEnZJmqcalXmeyQKc_0e6feUm3irku9OQj2I-YI&#61;396__;JSUlJSU!!NZFi6Pppv9YRQw!tE-kKiOnvcIiAWsIjTad8qchg3KPQxMhOpPBcEzUM6z9bhXEldVBbKVA05zdHlq7_I6O260FkbQZHtu4AkE7aBeidzo$,Z,NWS forecast zone,44,COTTON,0,0,0.0,0.0,High Wind,1,0.0
OK-EO-2025-06,2025-06,Kevin Stitt,"State of Emergency - Cleveland, Creek, Dewey, Grady, Lincoln, Logan, Oklahoma, Pawnee, Payne, Pottawatomie, Roger Mills, and Stephens counties (wildfires and straight-line winds beginning March 14, 2025)",2025-03-14,https://urldefense.com/v3/__https://links-2.govdelivery.com/CL0/https:*2F*2Fwww.sos.ok.gov*2Fdocuments*2FExecutive*2F2140.pdf/1/010101959a2319c0-cbe2a476-e052-43e6-834a-c79f105c2d17-000000/PycaQEnZJmqcalXmeyQKc_0e6feUm3irku9OQj2I-YI&#61;396__;JSUlJSU!!NZFi6Pppv9YRQw!tE-kKiOnvcIiAWsIjTad8qchg3KPQxMhOpPBcEzUM6z9bhXEldVBbKVA05zdHlq7_I6O260FkbQZHtu4AkE7aBeidzo$,Z,NWS forecast zone,49,PUSHMATAHA,0,0,0.0,0.0,Wildfire,1,0.0
OK-EO-2025-06,2025-06,Kevin Stitt,"State of Emergency - Cleveland, Creek, Dewey, Grady, Lincoln, Logan, Oklahoma, Pawnee, Payne, Pottawatomie, Roger Mills, and Stephens counties (wildfires and straight-line winds beginning March 14, 2025)",2025-03-14,https://urldefense.com/v3/__https://links-2.govdelivery.com/CL0/https:*2F*2Fwww.sos.ok.gov*2Fdocuments*2FExecutive*2F2140.pdf/1/010101959a2319c0-cbe2a476-e052-43e6-834a-c79f105c2d17-000000/PycaQEnZJmqcalXmeyQKc_0e6feUm3irku9OQj2I-YI&#61;396__;JSUlJSU!!NZFi6Pppv9YRQw!tE-kKiOnvcIiAWsIjTad8qchg3KPQxMhOpPBcEzUM6z9bhXEldVBbKVA05zdHlq7_I6O260FkbQZHtu4AkE7aBeidzo$,Z,NWS forecast zone,56,NOWATA,0,0,0.0,0.0,High Wind,1,0.0
OK-EO-2025-06,2025-06,Kevin Stitt,"State of Emergency - Cleveland, Creek, Dewey, Grady, Lincoln, Logan, Oklahoma, Pawnee, Payne, Pottawatomie, Roger Mills, and Stephens counties (wildfires and straight-line winds beginning March 14, 2025)",2025-03-14,https://urldefense.com/v3/__https://links-2.govdelivery.com/CL0/https:*2F*2Fwww.sos.ok.gov*2Fdocuments*2FExecutive*2F2140.pdf/1/010101959a2319c0-cbe2a476-e052-43e6-834a-c79f105c2d17-000000/PycaQEnZJmqcalXmeyQKc_0e6feUm3irku9OQj2I-YI&#61;396__;JSUlJSU!!NZFi6Pppv9YRQw!tE-kKiOnvcIiAWsIjTad8qchg3KPQxMhOpPBcEzUM6z9bhXEldVBbKVA05zdHlq7_I6O260FkbQZHtu4AkE7aBeidzo$,Z,NWS forecast zone,57,CRAIG,0,0,0.0,0.0,High Wind,1,0.0
OK-EO-2025-06,2025-06,Kevin Stitt,"State of Emergency - Cleveland, Creek, Dewey, Grady, Lincoln, Logan, Oklahoma, Pawnee, Payne, Pottawatomie, Roger Mills, and Stephens counties (wildfires and straight-line winds beginning March 14, 2025)",2025-03-14,https://urldefense.com/v3/__https://links-2.govdelivery.com/CL0/https:*2F*2Fwww.sos.ok.gov*2Fdocuments*2FExecutive*2F2140.pdf/1/010101959a2319c0-cbe2a476-e052-43e6-834a-c79f105c2d17-000000/PycaQEnZJmqcalXmeyQKc_0e6feUm3irku9OQj2I-YI&#61;396__;JSUlJSU!!NZFi6Pppv9YRQw!tE-kKiOnvcIiAWsIjTad8qchg3KPQxMhOpPBcEzUM6z9bhXEldVBbKVA05zdHlq7_I6O260FkbQZHtu4AkE7aBeidzo$,Z,NWS forecast zone,62,MAYES,0,0,0.0,0.0,High Wind,1,0.0
OK-EO-2025-06,2025-06,Kevin Stitt,"State of Emergency - Cleveland, Creek, Dewey, Grady, Lincoln, Logan, Oklahoma, Pawnee, Payne, Pottawatomie, Roger Mills, and Stephens counties (wildfires and straight-line winds beginning March 14, 2025)",2025-03-14,https://urldefense.com/v3/__https://links-2.govdelivery.com/CL0/https:*2F*2Fwww.sos.ok.gov*2Fdocuments*2FExecutive*2F2140.pdf/1/010101959a2319c0-cbe2a476-e052-43e6-834a-c79f105c2d17-000000/PycaQEnZJmqcalXmeyQKc_0e6feUm3irku9OQj2I-YI&#61;396__;JSUlJSU!!NZFi6Pppv9YRQw!tE-kKiOnvcIiAWsIjTad8qchg3KPQxMhOpPBcEzUM6z9bhXEldVBbKVA05zdHlq7_I6O260FkbQZHtu4AkE7aBeidzo$,Z,NWS forecast zone,63,DELAWARE,0,0,0.0,0.0,Wildfire,1,0.0
OK-EO-2025-06,2025-06,Kevin Stitt,"State of Emergency - Cleveland, Creek, Dewey, Grady, Lincoln, Logan, Oklahoma, Pawnee, Payne, Pottawatomie, Roger Mills, and Stephens counties (wildfires and straight-line winds beginning March 14, 2025)",2025-03-14,https://urldefense.com/v3/__https://links-2.govdelivery.com/CL0/https:*2F*2Fwww.sos.ok.gov*2Fdocuments*2FExecutive*2F2140.pdf/1/010101959a2319c0-cbe2a476-e052-43e6-834a-c79f105c2d17-000000/PycaQEnZJmqcalXmeyQKc_0e6feUm3irku9OQj2I-YI&#61;396__;JSUlJSU!!NZFi6Pppv9YRQw!tE-kKiOnvcIiAWsIjTad8qchg3KPQxMhOpPBcEzUM6z9bhXEldVBbKVA05zdHlq7_I6O260FkbQZHtu4AkE7aBeidzo$,Z,NWS forecast zone,64,CREEK,0,0,0.0,0.0,"High Wind, Wildfire",2,0.0
OK-EO-2025-06,2025-06,Kevin Stitt,"State of Emergency - Cleveland, Creek, Dewey, Grady, Lincoln, Logan, Oklahoma, Pawnee, Payne, Pottawatomie, Roger Mills, and Stephens counties (wildfires and straight-line winds beginning March 14, 2025)",2025-03-14,https://urldefense.com/v3/__https://links-2.govdelivery.com/CL0/https:*2F*2Fwww.sos.ok.gov*2Fdocuments*2FExecutive*2F2140.pdf/1/010101959a2319c0-cbe2a476-e052-43e6-834a-c79f105c2d17-000000/PycaQEnZJmqcalXmeyQKc_0e6feUm3irku9OQj2I-YI&#61;396__;JSUlJSU!!NZFi6Pppv9YRQw!tE-kKiOnvcIiAWsIjTad8qchg3KPQxMhOpPBcEzUM6z9bhXEldVBbKVA05zdHlq7_I6O260FkbQZHtu4AkE7aBeidzo$,Z,NWS forecast zone,65,OKFUSKEE,0,0,0.0,0.0,High Wind,1,0.0
OK-EO-2025-06,2025-06,Kevin Stitt,"State of Emergency - Cleveland, Creek, Dewey, Grady, Lincoln, Logan, Oklahoma, Pawnee, Payne, Pottawatomie, Roger Mills, and Stephens counties (wildfires and straight-line winds beginning March 14, 2025)",2025-03-14,https://urldefense.com/v3/__https://links-2.govdelivery.com/CL0/https:*2F*2Fwww.sos.ok.gov*2Fdocuments*2FExecutive*2F2140.pdf/1/010101959a2319c0-cbe2a476-e052-43e6-834a-c79f105c2d17-000000/PycaQEnZJmqcalXmeyQKc_0e6feUm3irku9OQj2I-YI&#61;396__;JSUlJSU!!NZFi6Pppv9YRQw!tE-kKiOnvcIiAWsIjTad8qchg3KPQxMhOpPBcEzUM6z9bhXEldVBbKVA05zdHlq7_I6O260FkbQZHtu4AkE7aBeidzo$,Z,NWS forecast zone,66,OKMULGEE,0,0,0.0,0.0,High Wind,1,0.0
OK-EO-2025-06,2025-06,Kevin Stitt,"State of Emergency - Cleveland, Creek, Dewey, Grady, Lincoln, Logan, Oklahoma, Pawnee, Payne, Pottawatomie, Roger Mills, and Stephens counties (wildfires and straight-line winds beginning March 14, 2025)",2025-03-14,https://urldefense.com/v3/__https://links-2.govdelivery.com/CL0/https:*2F*2Fwww.sos.ok.gov*2Fdocuments*2FExecutive*2F2140.pdf/1/010101959a2319c0-cbe2a476-e052-43e6-834a-c79f105c2d17-000000/PycaQEnZJmqcalXmeyQKc_0e6feUm3irku9OQj2I-YI&#61;396__;JSUlJSU!!NZFi6Pppv9YRQw!tE-kKiOnvcIiAWsIjTad8qchg3KPQxMhOpPBcEzUM6z9bhXEldVBbKVA05zdHlq7_I6O260FkbQZHtu4AkE7aBeidzo$,Z,NWS forecast zone,67,WAGONER,0,0,0.0,0.0,High Wind,1,0.0
OK-EO-2025-06,2025-06,Kevin Stitt,"State of Emergency - Cleveland, Creek, Dewey, Grady, Lincoln, Logan, Oklahoma, Pawnee, Payne, Pottawatomie, Roger Mills, and Stephens counties (wildfires and straight-line winds beginning March 14, 2025)",2025-03-14,https://urldefense.com/v3/__https://links-2.govdelivery.com/CL0/https:*2F*2Fwww.sos.ok.gov*2Fdocuments*2FExecutive*2F2140.pdf/1/010101959a2319c0-cbe2a476-e052-43e6-834a-c79f105c2d17-000000/PycaQEnZJmqcalXmeyQKc_0e6feUm3irku9OQj2I-YI&#61;396__;JSUlJSU!!NZFi6Pppv9YRQw!tE-kKiOnvcIiAWsIjTad8qchg3KPQxMhOpPBcEzUM6z9bhXEldVBbKVA05zdHlq7_I6O260FkbQZHtu4AkE7aBeidzo$,Z,NWS forecast zone,68,CHEROKEE,0,0,0.0,0.0,Wildfire,1,0.0
OK-EO-2025-06,2025-06,Kevin Stitt,"State of Emergency - Cleveland, Creek, Dewey, Grady, Lincoln, Logan, Oklahoma, Pawnee, Payne, Pottawatomie, Roger Mills, and Stephens counties (wildfires and straight-line winds beginning March 14, 2025)",2025-03-14,https://urldefense.com/v3/__https://links-2.govdelivery.com/CL0/https:*2F*2Fwww.sos.ok.gov*2Fdocuments*2FExecutive*2F2140.pdf/1/010101959a2319c0-cbe2a476-e052-43e6-834a-c79f105c2d17-000000/PycaQEnZJmqcalXmeyQKc_0e6feUm3irku9OQj2I-YI&#61;396__;JSUlJSU!!NZFi6Pppv9YRQw!tE-kKiOnvcIiAWsIjTad8qchg3KPQxMhOpPBcEzUM6z9bhXEldVBbKVA05zdHlq7_I6O260FkbQZHtu4AkE7aBeidzo$,Z,NWS forecast zone,69,ADAIR,0,0,0.0,0.0,Wildfire,1,0.0
OK-EO-2025-06,2025-06,Kevin Stitt,"State of Emergency - Cleveland, Creek, Dewey, Grady, Lincoln, Logan, Oklahoma, Pawnee, Payne, Pottawatomie, Roger Mills, and Stephens counties (wildfires and straight-line winds beginning March 14, 2025)",2025-03-14,https://urldefense.com/v3/__https://links-2.govdelivery.com/CL0/https:*2F*2Fwww.sos.ok.gov*2Fdocuments*2FExecutive*2F2140.pdf/1/010101959a2319c0-cbe2a476-e052-43e6-834a-c79f105c2d17-000000/PycaQEnZJmqcalXmeyQKc_0e6feUm3irku9OQj2I-YI&#61;396__;JSUlJSU!!NZFi6Pppv9YRQw!tE-kKiOnvcIiAWsIjTad8qchg3KPQxMhOpPBcEzUM6z9bhXEldVBbKVA05zdHlq7_I6O260FkbQZHtu4AkE7aBeidzo$,Z,NWS forecast zone,70,MUSKOGEE,0,0,0.0,0.0,High Wind,1,0.0
OK-EO-2025-06,2025-06,Kevin Stitt,"State of Emergency - Cleveland, Creek, Dewey, Grady, Lincoln, Logan, Oklahoma, Pawnee, Payne, Pottawatomie, Roger Mills, and Stephens counties (wildfires and straight-line winds beginning March 14, 2025)",2025-03-14,https://urldefense.com/v3/__https://links-2.govdelivery.com/CL0/https:*2F*2Fwww.sos.ok.gov*2Fdocuments*2FExecutive*2F2140.pdf/1/010101959a2319c0-cbe2a476-e052-43e6-834a-c79f105c2d17-000000/PycaQEnZJmqcalXmeyQKc_0e6feUm3irku9OQj2I-YI&#61;396__;JSUlJSU!!NZFi6Pppv9YRQw!tE-kKiOnvcIiAWsIjTad8qchg3KPQxMhOpPBcEzUM6z9bhXEldVBbKVA05zdHlq7_I6O260FkbQZHtu4AkE7aBeidzo$,Z,NWS forecast zone,72,SEQUOYAH,0,0,0.0,0.0,Wildfire,1,0.0
OK-EO-2025-06,2025-06,Kevin Stitt,"State of Emergency - Cleveland, Creek, Dewey, Grady, Lincoln, Logan, Oklahoma, Pawnee, Payne, Pottawatomie, Roger Mills, and Stephens counties (wildfires and straight-line winds beginning March 14, 2025)",2025-03-14,https://urldefense.com/v3/__https://links-2.govdelivery.com/CL0/https:*2F*2Fwww.sos.ok.gov*2Fdocuments*2FExecutive*2F2140.pdf/1/010101959a2319c0-cbe2a476-e052-43e6-834a-c79f105c2d17-000000/PycaQEnZJmqcalXmeyQKc_0e6feUm3irku9OQj2I-YI&#61;396__;JSUlJSU!!NZFi6Pppv9YRQw!tE-kKiOnvcIiAWsIjTad8qchg3KPQxMhOpPBcEzUM6z9bhXEldVBbKVA05zdHlq7_I6O260FkbQZHtu4AkE7aBeidzo$,Z,NWS forecast zone,73,PITTSBURG,0,0,0.0,0.0,"High Wind, Wildfire",2,0.0
OK-EO-2025-06,2025-06,Kevin Stitt,"State of Emergency - Cleveland, Creek, Dewey, Grady, Lincoln, Logan, Oklahoma, Pawnee, Payne, Pottawatomie, Roger Mills, and Stephens counties (wildfires and straight-line winds beginning March 14, 2025)",2025-03-14,https://urldefense.com/v3/__https://links-2.govdelivery.com/CL0/https:*2F*2Fwww.sos.ok.gov*2Fdocuments*2FExecutive*2F2140.pdf/1/010101959a2319c0-cbe2a476-e052-43e6-834a-c79f105c2d17-000000/PycaQEnZJmqcalXmeyQKc_0e6feUm3irku9OQj2I-YI&#61;396__;JSUlJSU!!NZFi6Pppv9YRQw!tE-kKiOnvcIiAWsIjTad8qchg3KPQxMhOpPBcEzUM6z9bhXEldVBbKVA05zdHlq7_I6O260FkbQZHtu4AkE7aBeidzo$,Z,NWS forecast zone,75,LATIMER,0,0,0.0,0.0,Wildfire,1,0.0
OK-EO-2026-09,2026-09,Kevin Stitt,"State of Emergency - Beaver, Texas, and Woodward counties (wildfires)",2026-02-18,https://oklahoma.gov/governor/newsroom/newsroom/2026/governor-declares-state-of-emergency.html,Z,NWS forecast zone,3,BEAVER,0,1,101000.0,0.0,"High Wind, Wildfire",3,101000.0
OK-EO-2026-09,2026-09,Kevin Stitt,"State of Emergency - Beaver, Texas, and Woodward counties (wildfires)",2026-02-18,https://oklahoma.gov/governor/newsroom/newsroom/2026/governor-declares-state-of-emergency.html,Z,NWS forecast zone,2,TEXAS,0,0,626000.0,0.0,"High Wind, Wildfire",3,626000.0
OK-EO-2026-09,2026-09,Kevin Stitt,"State of Emergency - Beaver, Texas, and Woodward counties (wildfires)",2026-02-18,https://oklahoma.gov/governor/newsroom/newsroom/2026/governor-declares-state-of-emergency.html,Z,NWS forecast zone,10,WOODWARD,0,0,50600.0,0.0,"High Wind, Wildfire",3,50600.0
OK-EO-2026-09,2026-09,Kevin Stitt,"State of Emergency - Beaver, Texas, and Woodward counties (wildfires)",2026-02-18,https://oklahoma.gov/governor/newsroom/newsroom/2026/governor-declares-state-of-emergency.html,Z,NWS forecast zone,1,CIMARRON,0,0,0.0,0.0,High Wind,1,0.0
OK-EO-2026-09,2026-09,Kevin Stitt,"State of Emergency - Beaver, Texas, and Woodward counties (wildfires)",2026-02-18,https://oklahoma.gov/governor/newsroom/newsroom/2026/governor-declares-state-of-emergency.html,Z,NWS forecast zone,4,HARPER,0,0,0.0,0.0,High Wind,1,0.0
OK-EO-2026-09,2026-09,Kevin Stitt,"State of Emergency - Beaver, Texas, and Woodward counties (wildfires)",2026-02-18,https://oklahoma.gov/governor/newsroom/newsroom/2026/governor-declares-state-of-emergency.html,Z,NWS forecast zone,5,WOODS,0,0,0.0,0.0,High Wind,2,0.0
OK-EO-2026-09,2026-09,Kevin Stitt,"State of Emergency - Beaver, Texas, and Woodward counties (wildfires)",2026-02-18,https://oklahoma.gov/governor/newsroom/newsroom/2026/governor-declares-state-of-emergency.html,Z,NWS forecast zone,16,CUSTER,0,0,0.0,0.0,Drought,1,0.0
OK-EO-2026-09,2026-09,Kevin Stitt,"State of Emergency - Beaver, Texas, and Woodward counties (wildfires)",2026-02-18,https://oklahoma.gov/governor/newsroom/newsroom/2026/governor-declares-state-of-emergency.html,Z,NWS forecast zone,21,BECKHAM,0,0,0.0,0.0,Drought,1,0.0
OK-EO-2026-09,2026-09,Kevin Stitt,"State of Emergency - Beaver, Texas, and Woodward counties (wildfires)",2026-02-18,https://oklahoma.gov/governor/newsroom/newsroom/2026/governor-declares-state-of-emergency.html,Z,NWS forecast zone,22,WASHITA,0,0,0.0,0.0,Drought,1,0.0
OK-EO-2026-09,2026-09,Kevin Stitt,"State of Emergency - Beaver, Texas, and Woodward counties (wildfires)",2026-02-18,https://oklahoma.gov/governor/newsroom/newsroom/2026/governor-declares-state-of-emergency.html,Z,NWS forecast zone,27,GRADY,0,0,0.0,0.0,Drought,1,0.0
OK-EO-2026-09,2026-09,Kevin Stitt,"State of Emergency - Beaver, Texas, and Woodward counties (wildfires)",2026-02-18,https://oklahoma.gov/governor/newsroom/newsroom/2026/governor-declares-state-of-emergency.html,Z,NWS forecast zone,28,MCCLAIN,0,0,0.0,0.0,Drought,1,0.0
OK-EO-2026-09,2026-09,Kevin Stitt,"State of Emergency - Beaver, Texas, and Woodward counties (wildfires)",2026-02-18,https://oklahoma.gov/governor/newsroom/newsroom/2026/governor-declares-state-of-emergency.html,Z,NWS forecast zone,29,CLEVELAND,0,0,0.0,0.0,Drought,1,0.0
OK-EO-2026-09,2026-09,Kevin Stitt,"State of Emergency - Beaver, Texas, and Woodward counties (wildfires)",2026-02-18,https://oklahoma.gov/governor/newsroom/newsroom/2026/governor-declares-state-of-emergency.html,Z,NWS forecast zone,30,POTTAWATOMIE,0,0,0.0,0.0,Drought,1,0.0
OK-EO-2026-09,2026-09,Kevin Stitt,"State of Emergency - Beaver, Texas, and Woodward counties (wildfires)",2026-02-18,https://oklahoma.gov/governor/newsroom/newsroom/2026/governor-declares-state-of-emergency.html,Z,NWS forecast zone,31,SEMINOLE,0,0,0.0,0.0,Drought,1,0.0
OK-EO-2026-09,2026-09,Kevin Stitt,"State of Emergency - Beaver, Texas, and Woodward counties (wildfires)",2026-02-18,https://oklahoma.gov/governor/newsroom/newsroom/2026/governor-declares-state-of-emergency.html,Z,NWS forecast zone,32,HUGHES,0,0,0.0,0.0,Drought,1,0.0
OK-EO-2026-09,2026-09,Kevin Stitt,"State of Emergency - Beaver, Texas, and Woodward counties (wildfires)",2026-02-18,https://oklahoma.gov/governor/newsroom/newsroom/2026/governor-declares-state-of-emergency.html,Z,NWS forecast zone,34,GREER,0,0,0.0,0.0,Drought,1,0.0
OK-EO-2026-09,2026-09,Kevin Stitt,"State of Emergency - Beaver, Texas, and Woodward counties (wildfires)",2026-02-18,https://oklahoma.gov/governor/newsroom/newsroom/2026/governor-declares-state-of-emergency.html,Z,NWS forecast zone,35,KIOWA,0,0,0.0,0.0,Drought,1,0.0
OK-EO-2026-09,2026-09,Kevin Stitt,"State of Emergency - Beaver, Texas, and Woodward counties (wildfires)",2026-02-18,https://oklahoma.gov/governor/newsroom/newsroom/2026/governor-declares-state-of-emergency.html,Z,NWS forecast zone,36,JACKSON,0,0,0.0,0.0,Drought,1,0.0
OK-EO-2026-09,2026-09,Kevin Stitt,"State of Emergency - Beaver, Texas, and Woodward counties (wildfires)",2026-02-18,https://oklahoma.gov/governor/newsroom/newsroom/2026/governor-declares-state-of-emergency.html,Z,NWS forecast zone,37,TILLMAN,0,0,0.0,0.0,Drought,1,0.0
OK-EO-2026-09,2026-09,Kevin Stitt,"State of Emergency - Beaver, Texas, and Woodward counties (wildfires)",2026-02-18,https://oklahoma.gov/governor/newsroom/newsroom/2026/governor-declares-state-of-emergency.html,Z,NWS forecast zone,38,COMANCHE,0,0,0.0,0.0,Drought,1,0.0
OK-EO-2026-09,2026-09,Kevin Stitt,"State of Emergency - Beaver, Texas, and Woodward counties (wildfires)",2026-02-18,https://oklahoma.gov/governor/newsroom/newsroom/2026/governor-declares-state-of-emergency.html,Z,NWS forecast zone,39,STEPHENS,0,0,0.0,0.0,Drought,1,0.0
OK-EO-2026-09,2026-09,Kevin Stitt,"State of Emergency - Beaver, Texas, and Woodward counties (wildfires)",2026-02-18,https://oklahoma.gov/governor/newsroom/newsroom/2026/governor-declares-state-of-emergency.html,Z,NWS forecast zone,40,GARVIN,0,0,0.0,0.0,Drought,1,0.0
OK-EO-2026-09,2026-09,Kevin Stitt,"State of Emergency - Beaver, Texas, and Woodward counties (wildfires)",2026-02-18,https://oklahoma.gov/governor/newsroom/newsroom/2026/governor-declares-state-of-emergency.html,Z,NWS forecast zone,42,PONTOTOC,0,0,0.0,0.0,Drought,1,0.0
OK-EO-2026-09,2026-09,Kevin Stitt,"State of Emergency - Beaver, Texas, and Woodward counties (wildfires)",2026-02-18,https://oklahoma.gov/governor/newsroom/newsroom/2026/governor-declares-state-of-emergency.html,Z,NWS forecast zone,43,COAL,0,0,0.0,0.0,Drought,1,0.0
OK-EO-2026-09,2026-09,Kevin Stitt,"State of Emergency - Beaver, Texas, and Woodward counties (wildfires)",2026-02-18,https://oklahoma.gov/governor/newsroom/newsroom/2026/governor-declares-state-of-emergency.html,Z,NWS forecast zone,44,COTTON,0,0,0.0,0.0,Drought,1,0.0
OK-EO-2026-09,2026-09,Kevin Stitt,"State of Emergency - Beaver, Texas, and Woodward counties (wildfires)",2026-02-18,https://oklahoma.gov/governor/newsroom/newsroom/2026/governor-declares-state-of-emergency.html,Z,NWS forecast zone,45,JEFFERSON,0,0,0.0,0.0,Drought,1,0.0
OK-EO-2026-09,2026-09,Kevin Stitt,"State of Emergency - Beaver, Texas, and Woodward counties (wildfires)",2026-02-18,https://oklahoma.gov/governor/newsroom/newsroom/2026/governor-declares-state-of-emergency.html,Z,NWS forecast zone,49,PUSHMATAHA,0,0,0.0,0.0,Drought,1,0.0
OK-EO-2026-09,2026-09,Kevin Stitt,"State of Emergency - Beaver, Texas, and Woodward counties (wildfires)",2026-02-18,https://oklahoma.gov/governor/newsroom/newsroom/2026/governor-declares-state-of-emergency.html,Z,NWS forecast zone,53,CHOCTAW,0,0,0.0,0.0,Drought,1,0.0
OK-EO-2026-09,2026-09,Kevin Stitt,"State of Emergency - Beaver, Texas, and Woodward counties (wildfires)",2026-02-18,https://oklahoma.gov/governor/newsroom/newsroom/2026/governor-declares-state-of-emergency.html,Z,NWS forecast zone,54,OSAGE,0,0,0.0,0.0,"Drought, Wildfire",2,0.0
OK-EO-2026-09,2026-09,Kevin Stitt,"State of Emergency - Beaver, Texas, and Woodward counties (wildfires)",2026-02-18,https://oklahoma.gov/governor/newsroom/newsroom/2026/governor-declares-state-of-emergency.html,Z,NWS forecast zone,55,WASHINGTON,0,0,0.0,0.0,"Drought, Wildfire",2,0.0
OK-EO-2026-09,2026-09,Kevin Stitt,"State of Emergency - Beaver, Texas, and Woodward counties (wildfires)",2026-02-18,https://oklahoma.gov/governor/newsroom/newsroom/2026/governor-declares-state-of-emergency.html,Z,NWS forecast zone,56,NOWATA,0,0,0.0,0.0,Drought,1,0.0
OK-EO-2026-09,2026-09,Kevin Stitt,"State of Emergency - Beaver, Texas, and Woodward counties (wildfires)",2026-02-18,https://oklahoma.gov/governor/newsroom/newsroom/2026/governor-declares-state-of-emergency.html,Z,NWS forecast zone,57,CRAIG,0,0,0.0,0.0,Drought,1,0.0
OK-EO-2026-09,2026-09,Kevin Stitt,"State of Emergency - Beaver, Texas, and Woodward counties (wildfires)",2026-02-18,https://oklahoma.gov/governor/newsroom/newsroom/2026/governor-declares-state-of-emergency.html,Z,NWS forecast zone,58,OTTAWA,0,0,0.0,0.0,Drought,1,0.0
OK-EO-2026-09,2026-09,Kevin Stitt,"State of Emergency - Beaver, Texas, and Woodward counties (wildfires)",2026-02-18,https://oklahoma.gov/governor/newsroom/newsroom/2026/governor-declares-state-of-emergency.html,Z,NWS forecast zone,60,TULSA,0,0,0.0,0.0,Drought,1,0.0
OK-EO-2026-09,2026-09,Kevin Stitt,"State of Emergency - Beaver, Texas, and Woodward counties (wildfires)",2026-02-18,https://oklahoma.gov/governor/newsroom/newsroom/2026/governor-declares-state-of-emergency.html,Z,NWS forecast zone,61,ROGERS,0,0,0.0,0.0,Drought,1,0.0
OK-EO-2026-09,2026-09,Kevin Stitt,"State of Emergency - Beaver, Texas, and Woodward counties (wildfires)",2026-02-18,https://oklahoma.gov/governor/newsroom/newsroom/2026/governor-declares-state-of-emergency.html,Z,NWS forecast zone,62,MAYES,0,0,0.0,0.0,Drought,1,0.0
OK-EO-2026-09,2026-09,Kevin Stitt,"State of Emergency - Beaver, Texas, and Woodward counties (wildfires)",2026-02-18,https://oklahoma.gov/governor/newsroom/newsroom/2026/governor-declares-state-of-emergency.html,Z,NWS forecast zone,63,DELAWARE,0,0,0.0,0.0,"Drought, Wildfire",2,0.0
OK-EO-2026-09,2026-09,Kevin Stitt,"State of Emergency - Beaver, Texas, and Woodward counties (wildfires)",2026-02-18,https://oklahoma.gov/governor/newsroom/newsroom/2026/governor-declares-state-of-emergency.html,Z,NWS forecast zone,67,WAGONER,0,0,0.0,0.0,Drought,1,0.0
OK-EO-2026-09,2026-09,Kevin Stitt,"State of Emergency - Beaver, Texas, and Woodward counties (wildfires)",2026-02-18,https://oklahoma.gov/governor/newsroom/newsroom/2026/governor-declares-state-of-emergency.html,Z,NWS forecast zone,68,CHEROKEE,0,0,0.0,0.0,"Drought, Wildfire",2,0.0
OK-EO-2026-09,2026-09,Kevin Stitt,"State of Emergency - Beaver, Texas, and Woodward counties (wildfires)",2026-02-18,https://oklahoma.gov/governor/newsroom/newsroom/2026/governor-declares-state-of-emergency.html,Z,NWS forecast zone,69,ADAIR,0,0,0.0,0.0,Drought,1,0.0
OK-EO-2026-09,2026-09,Kevin Stitt,"State of Emergency - Beaver, Texas, and Woodward counties (wildfires)",2026-02-18,https://oklahoma.gov/governor/newsroom/newsroom/2026/governor-declares-state-of-emergency.html,Z,NWS forecast zone,70,MUSKOGEE,0,0,0.0,0.0,Drought,1,0.0
OK-EO-2026-09,2026-09,Kevin Stitt,"State of Emergency - Beaver, Texas, and Woodward counties (wildfires)",2026-02-18,https://oklahoma.gov/governor/newsroom/newsroom/2026/governor-declares-state-of-emergency.html,Z,NWS forecast zone,71,MCINTOSH,0,0,0.0,0.0,Drought,1,0.0
OK-EO-2026-09,2026-09,Kevin Stitt,"State of Emergency - Beaver, Texas, and Woodward counties (wildfires)",2026-02-18,https://oklahoma.gov/governor/newsroom/newsroom/2026/governor-declares-state-of-emergency.html,Z,NWS forecast zone,72,SEQUOYAH,0,0,0.0,0.0,Drought,1,0.0
OK-EO-2026-09,2026-09,Kevin Stitt,"State of Emergency - Beaver, Texas, and Woodward counties (wildfires)",2026-02-18,https://oklahoma.gov/governor/newsroom/newsroom/2026/governor-declares-state-of-emergency.html,Z,NWS forecast zone,73,PITTSBURG,0,0,0.0,0.0,Drought,1,0.0
OK-EO-2026-09,2026-09,Kevin Stitt,"State of Emergency - Beaver, Texas, and Woodward counties (wildfires)",2026-02-18,https://oklahoma.gov/governor/newsroom/newsroom/2026/governor-declares-state-of-emergency.html,Z,NWS forecast zone,75,LATIMER,0,0,0.0,0.0,Wildfire,1,0.0
OK-EO-2026-09,2026-09,Kevin Stitt,"State of Emergency - Beaver, Texas, and Woodward counties (wildfires)",2026-02-18,https://oklahoma.gov/governor/newsroom/newsroom/2026/governor-declares-state-of-emergency.html,Z,NWS forecast zone,77,MCCURTAIN,0,0,0.0,0.0,Drought,1,0.0
OK-EO-2026-11,2026-11,Kevin Stitt,"Alfalfa, Creek, Grant, Major, Okmulgee, Rogers, Tulsa, and Wagoner",2026-03-07,https://urldefense.com/v3/__https:/links-2.govdelivery.com/CL0/https:*2F*2Fwww.sos.ok.gov*2Fdocuments*2Fexecutive*2F2173.pdf/1/0101019cc92cc4db-5e47d5ba-227c-4a05-bf86-e776a58aa181-000000/FxJDe1aKyZPJZY7wlf2jRNslzRES5bQEodK8fkXYTps&#61;447__;JSUlJSU!!NZFi6Pppv9YRQw!tVwgGPWEM-SPkopUijHm4H2ndHaINnGiYRSUu4PVFuY51x2bwyWMiWzLfQ6KGKnyBouoqLAycXXr20LHoJkfgnatBjKY5qw$,C,county/county-equivalent,111,OKMULGEE,2,2,3000000.0,0.0,Tornado,1,3000000.0
OK-EO-2026-11,2026-11,Kevin Stitt,"Alfalfa, Creek, Grant, Major, Okmulgee, Rogers, Tulsa, and Wagoner",2026-03-07,https://urldefense.com/v3/__https:/links-2.govdelivery.com/CL0/https:*2F*2Fwww.sos.ok.gov*2Fdocuments*2Fexecutive*2F2173.pdf/1/0101019cc92cc4db-5e47d5ba-227c-4a05-bf86-e776a58aa181-000000/FxJDe1aKyZPJZY7wlf2jRNslzRES5bQEodK8fkXYTps&#61;447__;JSUlJSU!!NZFi6Pppv9YRQw!tVwgGPWEM-SPkopUijHm4H2ndHaINnGiYRSUu4PVFuY51x2bwyWMiWzLfQ6KGKnyBouoqLAycXXr20LHoJkfgnatBjKY5qw$,C,county/county-equivalent,93,MAJOR,2,0,125000.0,0.0,"Thunderstorm Wind, Tornado",5,125000.0
OK-EO-2026-11,2026-11,Kevin Stitt,"Alfalfa, Creek, Grant, Major, Okmulgee, Rogers, Tulsa, and Wagoner",2026-03-07,https://urldefense.com/v3/__https:/links-2.govdelivery.com/CL0/https:*2F*2Fwww.sos.ok.gov*2Fdocuments*2Fexecutive*2F2173.pdf/1/0101019cc92cc4db-5e47d5ba-227c-4a05-bf86-e776a58aa181-000000/FxJDe1aKyZPJZY7wlf2jRNslzRES5bQEodK8fkXYTps&#61;447__;JSUlJSU!!NZFi6Pppv9YRQw!tVwgGPWEM-SPkopUijHm4H2ndHaINnGiYRSUu4PVFuY51x2bwyWMiWzLfQ6KGKnyBouoqLAycXXr20LHoJkfgnatBjKY5qw$,C,county/county-equivalent,89,MCCURTAIN,0,1,500000.0,0.0,"Thunderstorm Wind, Tornado",4,500000.0
OK-EO-2026-11,2026-11,Kevin Stitt,"Alfalfa, Creek, Grant, Major, Okmulgee, Rogers, Tulsa, and Wagoner",2026-03-07,https://urldefense.com/v3/__https:/links-2.govdelivery.com/CL0/https:*2F*2Fwww.sos.ok.gov*2Fdocuments*2Fexecutive*2F2173.pdf/1/0101019cc92cc4db-5e47d5ba-227c-4a05-bf86-e776a58aa181-000000/FxJDe1aKyZPJZY7wlf2jRNslzRES5bQEodK8fkXYTps&#61;447__;JSUlJSU!!NZFi6Pppv9YRQw!tVwgGPWEM-SPkopUijHm4H2ndHaINnGiYRSUu4PVFuY51x2bwyWMiWzLfQ6KGKnyBouoqLAycXXr20LHoJkfgnatBjKY5qw$,C,county/county-equivalent,143,TULSA,0,0,7150000.0,0.0,"Flash Flood, Hail, Tornado",4,7150000.0
OK-EO-2026-11,2026-11,Kevin Stitt,"Alfalfa, Creek, Grant, Major, Okmulgee, Rogers, Tulsa, and Wagoner",2026-03-07,https://urldefense.com/v3/__https:/links-2.govdelivery.com/CL0/https:*2F*2Fwww.sos.ok.gov*2Fdocuments*2Fexecutive*2F2173.pdf/1/0101019cc92cc4db-5e47d5ba-227c-4a05-bf86-e776a58aa181-000000/FxJDe1aKyZPJZY7wlf2jRNslzRES5bQEodK8fkXYTps&#61;447__;JSUlJSU!!NZFi6Pppv9YRQw!tVwgGPWEM-SPkopUijHm4H2ndHaINnGiYRSUu4PVFuY51x2bwyWMiWzLfQ6KGKnyBouoqLAycXXr20LHoJkfgnatBjKY5qw$,C,county/county-equivalent,131,ROGERS,0,0,1150000.0,0.0,"Thunderstorm Wind, Tornado",4,1150000.0
OK-EO-2026-11,2026-11,Kevin Stitt,"Alfalfa, Creek, Grant, Major, Okmulgee, Rogers, Tulsa, and Wagoner",2026-03-07,https://urldefense.com/v3/__https:/links-2.govdelivery.com/CL0/https:*2F*2Fwww.sos.ok.gov*2Fdocuments*2Fexecutive*2F2173.pdf/1/0101019cc92cc4db-5e47d5ba-227c-4a05-bf86-e776a58aa181-000000/FxJDe1aKyZPJZY7wlf2jRNslzRES5bQEodK8fkXYTps&#61;447__;JSUlJSU!!NZFi6Pppv9YRQw!tVwgGPWEM-SPkopUijHm4H2ndHaINnGiYRSUu4PVFuY51x2bwyWMiWzLfQ6KGKnyBouoqLAycXXr20LHoJkfgnatBjKY5qw$,C,county/county-equivalent,145,WAGONER,0,0,1040000.0,0.0,Tornado,2,1040000.0
OK-EO-2026-11,2026-11,Kevin Stitt,"Alfalfa, Creek, Grant, Major, Okmulgee, Rogers, Tulsa, and Wagoner",2026-03-07,https://urldefense.com/v3/__https:/links-2.govdelivery.com/CL0/https:*2F*2Fwww.sos.ok.gov*2Fdocuments*2Fexecutive*2F2173.pdf/1/0101019cc92cc4db-5e47d5ba-227c-4a05-bf86-e776a58aa181-000000/FxJDe1aKyZPJZY7wlf2jRNslzRES5bQEodK8fkXYTps&#61;447__;JSUlJSU!!NZFi6Pppv9YRQw!tVwgGPWEM-SPkopUijHm4H2ndHaINnGiYRSUu4PVFuY51x2bwyWMiWzLfQ6KGKnyBouoqLAycXXr20LHoJkfgnatBjKY5qw$,C,county/county-equivalent,3,ALFALFA,0,0,400000.0,0.0,Tornado,1,400000.0
OK-EO-2026-11,2026-11,Kevin Stitt,"Alfalfa, Creek, Grant, Major, Okmulgee, Rogers, Tulsa, and Wagoner",2026-03-07,https://urldefense.com/v3/__https:/links-2.govdelivery.com/CL0/https:*2F*2Fwww.sos.ok.gov*2Fdocuments*2Fexecutive*2F2173.pdf/1/0101019cc92cc4db-5e47d5ba-227c-4a05-bf86-e776a58aa181-000000/FxJDe1aKyZPJZY7wlf2jRNslzRES5bQEodK8fkXYTps&#61;447__;JSUlJSU!!NZFi6Pppv9YRQw!tVwgGPWEM-SPkopUijHm4H2ndHaINnGiYRSUu4PVFuY51x2bwyWMiWzLfQ6KGKnyBouoqLAycXXr20LHoJkfgnatBjKY5qw$,C,county/county-equivalent,53,GRANT,0,0,270000.0,0.0,"Thunderstorm Wind, Tornado",5,270000.0
OK-EO-2026-11,2026-11,Kevin Stitt,"Alfalfa, Creek, Grant, Major, Okmulgee, Rogers, Tulsa, and Wagoner",2026-03-07,https://urldefense.com/v3/__https:/links-2.govdelivery.com/CL0/https:*2F*2Fwww.sos.ok.gov*2Fdocuments*2Fexecutive*2F2173.pdf/1/0101019cc92cc4db-5e47d5ba-227c-4a05-bf86-e776a58aa181-000000/FxJDe1aKyZPJZY7wlf2jRNslzRES5bQEodK8fkXYTps&#61;447__;JSUlJSU!!NZFi6Pppv9YRQw!tVwgGPWEM-SPkopUijHm4H2ndHaINnGiYRSUu4PVFuY51x2bwyWMiWzLfQ6KGKnyBouoqLAycXXr20LHoJkfgnatBjKY5qw$,C,county/county-equivalent,85,LOVE,0,0,250000.0,0.0,"Hail, Thunderstorm Wind",2,250000.0
OK-EO-2026-11,2026-11,Kevin Stitt,"Alfalfa, Creek, Grant, Major, Okmulgee, Rogers, Tulsa, and Wagoner",2026-03-07,https://urldefense.com/v3/__https:/links-2.govdelivery.com/CL0/https:*2F*2Fwww.sos.ok.gov*2Fdocuments*2Fexecutive*2F2173.pdf/1/0101019cc92cc4db-5e47d5ba-227c-4a05-bf86-e776a58aa181-000000/FxJDe1aKyZPJZY7wlf2jRNslzRES5bQEodK8fkXYTps&#61;447__;JSUlJSU!!NZFi6Pppv9YRQw!tVwgGPWEM-SPkopUijHm4H2ndHaINnGiYRSUu4PVFuY51x2bwyWMiWzLfQ6KGKnyBouoqLAycXXr20LHoJkfgnatBjKY5qw$,C,county/county-equivalent,113,OSAGE,0,0,200000.0,0.0,"Hail, Tornado",2,200000.0
OK-EO-2026-11,2026-11,Kevin Stitt,"Alfalfa, Creek, Grant, Major, Okmulgee, Rogers, Tulsa, and Wagoner",2026-03-07,https://urldefense.com/v3/__https:/links-2.govdelivery.com/CL0/https:*2F*2Fwww.sos.ok.gov*2Fdocuments*2Fexecutive*2F2173.pdf/1/0101019cc92cc4db-5e47d5ba-227c-4a05-bf86-e776a58aa181-000000/FxJDe1aKyZPJZY7wlf2jRNslzRES5bQEodK8fkXYTps&#61;447__;JSUlJSU!!NZFi6Pppv9YRQw!tVwgGPWEM-SPkopUijHm4H2ndHaINnGiYRSUu4PVFuY51x2bwyWMiWzLfQ6KGKnyBouoqLAycXXr20LHoJkfgnatBjKY5qw$,C,county/county-equivalent,37,CREEK,0,0,150000.0,0.0,Tornado,1,150000.0
OK-EO-2026-11,2026-11,Kevin Stitt,"Alfalfa, Creek, Grant, Major, Okmulgee, Rogers, Tulsa, and Wagoner",2026-03-07,https://urldefense.com/v3/__https:/links-2.govdelivery.com/CL0/https:*2F*2Fwww.sos.ok.gov*2Fdocuments*2Fexecutive*2F2173.pdf/1/0101019cc92cc4db-5e47d5ba-227c-4a05-bf86-e776a58aa181-000000/FxJDe1aKyZPJZY7wlf2jRNslzRES5bQEodK8fkXYTps&#61;447__;JSUlJSU!!NZFi6Pppv9YRQw!tVwgGPWEM-SPkopUijHm4H2ndHaINnGiYRSUu4PVFuY51x2bwyWMiWzLfQ6KGKnyBouoqLAycXXr20LHoJkfgnatBjKY5qw$,C,county/county-equivalent,107,OKFUSKEE,0,0,110000.0,0.0,"Thunderstorm Wind, Tornado",3,110000.0
OK-EO-2026-11,2026-11,Kevin Stitt,"Alfalfa, Creek, Grant, Major, Okmulgee, Rogers, Tulsa, and Wagoner",2026-03-07,https://urldefense.com/v3/__https:/links-2.govdelivery.com/CL0/https:*2F*2Fwww.sos.ok.gov*2Fdocuments*2Fexecutive*2F2173.pdf/1/0101019cc92cc4db-5e47d5ba-227c-4a05-bf86-e776a58aa181-000000/FxJDe1aKyZPJZY7wlf2jRNslzRES5bQEodK8fkXYTps&#61;447__;JSUlJSU!!NZFi6Pppv9YRQw!tVwgGPWEM-SPkopUijHm4H2ndHaINnGiYRSUu4PVFuY51x2bwyWMiWzLfQ6KGKnyBouoqLAycXXr20LHoJkfgnatBjKY5qw$,C,county/county-equivalent,69,JOHNSTON,0,0,100000.0,0.0,Thunderstorm Wind,1,100000.0
OK-EO-2026-11,2026-11,Kevin Stitt,"Alfalfa, Creek, Grant, Major, Okmulgee, Rogers, Tulsa, and Wagoner",2026-03-07,https://urldefense.com/v3/__https:/links-2.govdelivery.com/CL0/https:*2F*2Fwww.sos.ok.gov*2Fdocuments*2Fexecutive*2F2173.pdf/1/0101019cc92cc4db-5e47d5ba-227c-4a05-bf86-e776a58aa181-000000/FxJDe1aKyZPJZY7wlf2jRNslzRES5bQEodK8fkXYTps&#61;447__;JSUlJSU!!NZFi6Pppv9YRQw!tVwgGPWEM-SPkopUijHm4H2ndHaINnGiYRSUu4PVFuY51x2bwyWMiWzLfQ6KGKnyBouoqLAycXXr20LHoJkfgnatBjKY5qw$,C,county/county-equivalent,51,GRADY,0,0,20000.0,0.0,"Hail, Thunderstorm Wind, Tornado",5,20000.0
OK-EO-2026-11,2026-11,Kevin Stitt,"Alfalfa, Creek, Grant, Major, Okmulgee, Rogers, Tulsa, and Wagoner",2026-03-07,https://urldefense.com/v3/__https:/links-2.govdelivery.com/CL0/https:*2F*2Fwww.sos.ok.gov*2Fdocuments*2Fexecutive*2F2173.pdf/1/0101019cc92cc4db-5e47d5ba-227c-4a05-bf86-e776a58aa181-000000/FxJDe1aKyZPJZY7wlf2jRNslzRES5bQEodK8fkXYTps&#61;447__;JSUlJSU!!NZFi6Pppv9YRQw!tVwgGPWEM-SPkopUijHm4H2ndHaINnGiYRSUu4PVFuY51x2bwyWMiWzLfQ6KGKnyBouoqLAycXXr20LHoJkfgnatBjKY5qw$,C,county/county-equivalent,97,MAYES,0,0,15000.0,0.0,"Thunderstorm Wind, Tornado",3,15000.0
OK-EO-2026-11,2026-11,Kevin Stitt,"Alfalfa, Creek, Grant, Major, Okmulgee, Rogers, Tulsa, and Wagoner",2026-03-07,https://urldefense.com/v3/__https:/links-2.govdelivery.com/CL0/https:*2F*2Fwww.sos.ok.gov*2Fdocuments*2Fexecutive*2F2173.pdf/1/0101019cc92cc4db-5e47d5ba-227c-4a05-bf86-e776a58aa181-000000/FxJDe1aKyZPJZY7wlf2jRNslzRES5bQEodK8fkXYTps&#61;447__;JSUlJSU!!NZFi6Pppv9YRQw!tVwgGPWEM-SPkopUijHm4H2ndHaINnGiYRSUu4PVFuY51x2bwyWMiWzLfQ6KGKnyBouoqLAycXXr20LHoJkfgnatBjKY5qw$,C,county/county-equivalent,19,CARTER,0,0,5000.0,0.0,Thunderstorm Wind,3,5000.0
OK-EO-2026-11,2026-11,Kevin Stitt,"Alfalfa, Creek, Grant, Major, Okmulgee, Rogers, Tulsa, and Wagoner",2026-03-07,https://urldefense.com/v3/__https:/links-2.govdelivery.com/CL0/https:*2F*2Fwww.sos.ok.gov*2Fdocuments*2Fexecutive*2F2173.pdf/1/0101019cc92cc4db-5e47d5ba-227c-4a05-bf86-e776a58aa181-000000/FxJDe1aKyZPJZY7wlf2jRNslzRES5bQEodK8fkXYTps&#61;447__;JSUlJSU!!NZFi6Pppv9YRQw!tVwgGPWEM-SPkopUijHm4H2ndHaINnGiYRSUu4PVFuY51x2bwyWMiWzLfQ6KGKnyBouoqLAycXXr20LHoJkfgnatBjKY5qw$,C,county/county-equivalent,5,ATOKA,0,0,0.0,0.0,Hail,1,0.0
OK-EO-2026-11,2026-11,Kevin Stitt,"Alfalfa, Creek, Grant, Major, Okmulgee, Rogers, Tulsa, and Wagoner",2026-03-07,https://urldefense.com/v3/__https:/links-2.govdelivery.com/CL0/https:*2F*2Fwww.sos.ok.gov*2Fdocuments*2Fexecutive*2F2173.pdf/1/0101019cc92cc4db-5e47d5ba-227c-4a05-bf86-e776a58aa181-000000/FxJDe1aKyZPJZY7wlf2jRNslzRES5bQEodK8fkXYTps&#61;447__;JSUlJSU!!NZFi6Pppv9YRQw!tVwgGPWEM-SPkopUijHm4H2ndHaINnGiYRSUu4PVFuY51x2bwyWMiWzLfQ6KGKnyBouoqLAycXXr20LHoJkfgnatBjKY5qw$,C,county/county-equivalent,9,BECKHAM,0,0,0.0,0.0,Hail,2,0.0
OK-EO-2026-11,2026-11,Kevin Stitt,"Alfalfa, Creek, Grant, Major, Okmulgee, Rogers, Tulsa, and Wagoner",2026-03-07,https://urldefense.com/v3/__https:/links-2.govdelivery.com/CL0/https:*2F*2Fwww.sos.ok.gov*2Fdocuments*2Fexecutive*2F2173.pdf/1/0101019cc92cc4db-5e47d5ba-227c-4a05-bf86-e776a58aa181-000000/FxJDe1aKyZPJZY7wlf2jRNslzRES5bQEodK8fkXYTps&#61;447__;JSUlJSU!!NZFi6Pppv9YRQw!tVwgGPWEM-SPkopUijHm4H2ndHaINnGiYRSUu4PVFuY51x2bwyWMiWzLfQ6KGKnyBouoqLAycXXr20LHoJkfgnatBjKY5qw$,C,county/county-equivalent,13,BRYAN,0,0,0.0,0.0,Thunderstorm Wind,1,0.0
OK-EO-2026-11,2026-11,Kevin Stitt,"Alfalfa, Creek, Grant, Major, Okmulgee, Rogers, Tulsa, and Wagoner",2026-03-07,https://urldefense.com/v3/__https:/links-2.govdelivery.com/CL0/https:*2F*2Fwww.sos.ok.gov*2Fdocuments*2Fexecutive*2F2173.pdf/1/0101019cc92cc4db-5e47d5ba-227c-4a05-bf86-e776a58aa181-000000/FxJDe1aKyZPJZY7wlf2jRNslzRES5bQEodK8fkXYTps&#61;447__;JSUlJSU!!NZFi6Pppv9YRQw!tVwgGPWEM-SPkopUijHm4H2ndHaINnGiYRSUu4PVFuY51x2bwyWMiWzLfQ6KGKnyBouoqLAycXXr20LHoJkfgnatBjKY5qw$,C,county/county-equivalent,15,CADDO,0,0,0.0,0.0,Hail,1,0.0
OK-EO-2026-11,2026-11,Kevin Stitt,"Alfalfa, Creek, Grant, Major, Okmulgee, Rogers, Tulsa, and Wagoner",2026-03-07,https://urldefense.com/v3/__https:/links-2.govdelivery.com/CL0/https:*2F*2Fwww.sos.ok.gov*2Fdocuments*2Fexecutive*2F2173.pdf/1/0101019cc92cc4db-5e47d5ba-227c-4a05-bf86-e776a58aa181-000000/FxJDe1aKyZPJZY7wlf2jRNslzRES5bQEodK8fkXYTps&#61;447__;JSUlJSU!!NZFi6Pppv9YRQw!tVwgGPWEM-SPkopUijHm4H2ndHaINnGiYRSUu4PVFuY51x2bwyWMiWzLfQ6KGKnyBouoqLAycXXr20LHoJkfgnatBjKY5qw$,C,county/county-equivalent,17,CANADIAN,0,0,0.0,0.0,Hail,11,0.0
OK-EO-2026-11,2026-11,Kevin Stitt,"Alfalfa, Creek, Grant, Major, Okmulgee, Rogers, Tulsa, and Wagoner",2026-03-07,https://urldefense.com/v3/__https:/links-2.govdelivery.com/CL0/https:*2F*2Fwww.sos.ok.gov*2Fdocuments*2Fexecutive*2F2173.pdf/1/0101019cc92cc4db-5e47d5ba-227c-4a05-bf86-e776a58aa181-000000/FxJDe1aKyZPJZY7wlf2jRNslzRES5bQEodK8fkXYTps&#61;447__;JSUlJSU!!NZFi6Pppv9YRQw!tVwgGPWEM-SPkopUijHm4H2ndHaINnGiYRSUu4PVFuY51x2bwyWMiWzLfQ6KGKnyBouoqLAycXXr20LHoJkfgnatBjKY5qw$,C,county/county-equivalent,21,CHEROKEE,0,0,0.0,0.0,Thunderstorm Wind,2,0.0
OK-EO-2026-11,2026-11,Kevin Stitt,"Alfalfa, Creek, Grant, Major, Okmulgee, Rogers, Tulsa, and Wagoner",2026-03-07,https://urldefense.com/v3/__https:/links-2.govdelivery.com/CL0/https:*2F*2Fwww.sos.ok.gov*2Fdocuments*2Fexecutive*2F2173.pdf/1/0101019cc92cc4db-5e47d5ba-227c-4a05-bf86-e776a58aa181-000000/FxJDe1aKyZPJZY7wlf2jRNslzRES5bQEodK8fkXYTps&#61;447__;JSUlJSU!!NZFi6Pppv9YRQw!tVwgGPWEM-SPkopUijHm4H2ndHaINnGiYRSUu4PVFuY51x2bwyWMiWzLfQ6KGKnyBouoqLAycXXr20LHoJkfgnatBjKY5qw$,C,county/county-equivalent,33,COTTON,0,0,0.0,0.0,Hail,1,0.0
OK-EO-2026-11,2026-11,Kevin Stitt,"Alfalfa, Creek, Grant, Major, Okmulgee, Rogers, Tulsa, and Wagoner",2026-03-07,https://urldefense.com/v3/__https:/links-2.govdelivery.com/CL0/https:*2F*2Fwww.sos.ok.gov*2Fdocuments*2Fexecutive*2F2173.pdf/1/0101019cc92cc4db-5e47d5ba-227c-4a05-bf86-e776a58aa181-000000/FxJDe1aKyZPJZY7wlf2jRNslzRES5bQEodK8fkXYTps&#61;447__;JSUlJSU!!NZFi6Pppv9YRQw!tVwgGPWEM-SPkopUijHm4H2ndHaINnGiYRSUu4PVFuY51x2bwyWMiWzLfQ6KGKnyBouoqLAycXXr20LHoJkfgnatBjKY5qw$,C,county/county-equivalent,35,CRAIG,0,0,0.0,0.0,Thunderstorm Wind,1,0.0
OK-EO-2026-11,2026-11,Kevin Stitt,"Alfalfa, Creek, Grant, Major, Okmulgee, Rogers, Tulsa, and Wagoner",2026-03-07,https://urldefense.com/v3/__https:/links-2.govdelivery.com/CL0/https:*2F*2Fwww.sos.ok.gov*2Fdocuments*2Fexecutive*2F2173.pdf/1/0101019cc92cc4db-5e47d5ba-227c-4a05-bf86-e776a58aa181-000000/FxJDe1aKyZPJZY7wlf2jRNslzRES5bQEodK8fkXYTps&#61;447__;JSUlJSU!!NZFi6Pppv9YRQw!tVwgGPWEM-SPkopUijHm4H2ndHaINnGiYRSUu4PVFuY51x2bwyWMiWzLfQ6KGKnyBouoqLAycXXr20LHoJkfgnatBjKY5qw$,C,county/county-equivalent,41,DELAWARE,0,0,0.0,0.0,Tornado,1,0.0
OK-EO-2026-11,2026-11,Kevin Stitt,"Alfalfa, Creek, Grant, Major, Okmulgee, Rogers, Tulsa, and Wagoner",2026-03-07,https://urldefense.com/v3/__https:/links-2.govdelivery.com/CL0/https:*2F*2Fwww.sos.ok.gov*2Fdocuments*2Fexecutive*2F2173.pdf/1/0101019cc92cc4db-5e47d5ba-227c-4a05-bf86-e776a58aa181-000000/FxJDe1aKyZPJZY7wlf2jRNslzRES5bQEodK8fkXYTps&#61;447__;JSUlJSU!!NZFi6Pppv9YRQw!tVwgGPWEM-SPkopUijHm4H2ndHaINnGiYRSUu4PVFuY51x2bwyWMiWzLfQ6KGKnyBouoqLAycXXr20LHoJkfgnatBjKY5qw$,C,county/county-equivalent,43,DEWEY,0,0,0.0,0.0,"Hail, Tornado",2,0.0
OK-EO-2026-11,2026-11,Kevin Stitt,"Alfalfa, Creek, Grant, Major, Okmulgee, Rogers, Tulsa, and Wagoner",2026-03-07,https://urldefense.com/v3/__https:/links-2.govdelivery.com/CL0/https:*2F*2Fwww.sos.ok.gov*2Fdocuments*2Fexecutive*2F2173.pdf/1/0101019cc92cc4db-5e47d5ba-227c-4a05-bf86-e776a58aa181-000000/FxJDe1aKyZPJZY7wlf2jRNslzRES5bQEodK8fkXYTps&#61;447__;JSUlJSU!!NZFi6Pppv9YRQw!tVwgGPWEM-SPkopUijHm4H2ndHaINnGiYRSUu4PVFuY51x2bwyWMiWzLfQ6KGKnyBouoqLAycXXr20LHoJkfgnatBjKY5qw$,C,county/county-equivalent,59,HARPER,0,0,0.0,0.0,Hail,2,0.0
OK-EO-2026-11,2026-11,Kevin Stitt,"Alfalfa, Creek, Grant, Major, Okmulgee, Rogers, Tulsa, and Wagoner",2026-03-07,https://urldefense.com/v3/__https:/links-2.govdelivery.com/CL0/https:*2F*2Fwww.sos.ok.gov*2Fdocuments*2Fexecutive*2F2173.pdf/1/0101019cc92cc4db-5e47d5ba-227c-4a05-bf86-e776a58aa181-000000/FxJDe1aKyZPJZY7wlf2jRNslzRES5bQEodK8fkXYTps&#61;447__;JSUlJSU!!NZFi6Pppv9YRQw!tVwgGPWEM-SPkopUijHm4H2ndHaINnGiYRSUu4PVFuY51x2bwyWMiWzLfQ6KGKnyBouoqLAycXXr20LHoJkfgnatBjKY5qw$,C,county/county-equivalent,67,JEFFERSON,0,0,0.0,0.0,Hail,1,0.0
OK-EO-2026-11,2026-11,Kevin Stitt,"Alfalfa, Creek, Grant, Major, Okmulgee, Rogers, Tulsa, and Wagoner",2026-03-07,https://urldefense.com/v3/__https:/links-2.govdelivery.com/CL0/https:*2F*2Fwww.sos.ok.gov*2Fdocuments*2Fexecutive*2F2173.pdf/1/0101019cc92cc4db-5e47d5ba-227c-4a05-bf86-e776a58aa181-000000/FxJDe1aKyZPJZY7wlf2jRNslzRES5bQEodK8fkXYTps&#61;447__;JSUlJSU!!NZFi6Pppv9YRQw!tVwgGPWEM-SPkopUijHm4H2ndHaINnGiYRSUu4PVFuY51x2bwyWMiWzLfQ6KGKnyBouoqLAycXXr20LHoJkfgnatBjKY5qw$,C,county/county-equivalent,73,KINGFISHER,0,0,0.0,0.0,Hail,2,0.0
OK-EO-2026-11,2026-11,Kevin Stitt,"Alfalfa, Creek, Grant, Major, Okmulgee, Rogers, Tulsa, and Wagoner",2026-03-07,https://urldefense.com/v3/__https:/links-2.govdelivery.com/CL0/https:*2F*2Fwww.sos.ok.gov*2Fdocuments*2Fexecutive*2F2173.pdf/1/0101019cc92cc4db-5e47d5ba-227c-4a05-bf86-e776a58aa181-000000/FxJDe1aKyZPJZY7wlf2jRNslzRES5bQEodK8fkXYTps&#61;447__;JSUlJSU!!NZFi6Pppv9YRQw!tVwgGPWEM-SPkopUijHm4H2ndHaINnGiYRSUu4PVFuY51x2bwyWMiWzLfQ6KGKnyBouoqLAycXXr20LHoJkfgnatBjKY5qw$,C,county/county-equivalent,81,LINCOLN,0,0,0.0,0.0,Hail,2,0.0
OK-EO-2026-11,2026-11,Kevin Stitt,"Alfalfa, Creek, Grant, Major, Okmulgee, Rogers, Tulsa, and Wagoner",2026-03-07,https://urldefense.com/v3/__https:/links-2.govdelivery.com/CL0/https:*2F*2Fwww.sos.ok.gov*2Fdocuments*2Fexecutive*2F2173.pdf/1/0101019cc92cc4db-5e47d5ba-227c-4a05-bf86-e776a58aa181-000000/FxJDe1aKyZPJZY7wlf2jRNslzRES5bQEodK8fkXYTps&#61;447__;JSUlJSU!!NZFi6Pppv9YRQw!tVwgGPWEM-SPkopUijHm4H2ndHaINnGiYRSUu4PVFuY51x2bwyWMiWzLfQ6KGKnyBouoqLAycXXr20LHoJkfgnatBjKY5qw$,C,county/county-equivalent,83,LOGAN,0,0,0.0,0.0,Hail,1,0.0
OK-EO-2026-11,2026-11,Kevin Stitt,"Alfalfa, Creek, Grant, Major, Okmulgee, Rogers, Tulsa, and Wagoner",2026-03-07,https://urldefense.com/v3/__https:/links-2.govdelivery.com/CL0/https:*2F*2Fwww.sos.ok.gov*2Fdocuments*2Fexecutive*2F2173.pdf/1/0101019cc92cc4db-5e47d5ba-227c-4a05-bf86-e776a58aa181-000000/FxJDe1aKyZPJZY7wlf2jRNslzRES5bQEodK8fkXYTps&#61;447__;JSUlJSU!!NZFi6Pppv9YRQw!tVwgGPWEM-SPkopUijHm4H2ndHaINnGiYRSUu4PVFuY51x2bwyWMiWzLfQ6KGKnyBouoqLAycXXr20LHoJkfgnatBjKY5qw$,C,county/county-equivalent,87,MCCLAIN,0,0,0.0,0.0,Hail,1,0.0
OK-EO-2026-11,2026-11,Kevin Stitt,"Alfalfa, Creek, Grant, Major, Okmulgee, Rogers, Tulsa, and Wagoner",2026-03-07,https://urldefense.com/v3/__https:/links-2.govdelivery.com/CL0/https:*2F*2Fwww.sos.ok.gov*2Fdocuments*2Fexecutive*2F2173.pdf/1/0101019cc92cc4db-5e47d5ba-227c-4a05-bf86-e776a58aa181-000000/FxJDe1aKyZPJZY7wlf2jRNslzRES5bQEodK8fkXYTps&#61;447__;JSUlJSU!!NZFi6Pppv9YRQw!tVwgGPWEM-SPkopUijHm4H2ndHaINnGiYRSUu4PVFuY51x2bwyWMiWzLfQ6KGKnyBouoqLAycXXr20LHoJkfgnatBjKY5qw$,C,county/county-equivalent,91,MCINTOSH,0,0,0.0,0.0,Hail,1,0.0
OK-EO-2026-11,2026-11,Kevin Stitt,"Alfalfa, Creek, Grant, Major, Okmulgee, Rogers, Tulsa, and Wagoner",2026-03-07,https://urldefense.com/v3/__https:/links-2.govdelivery.com/CL0/https:*2F*2Fwww.sos.ok.gov*2Fdocuments*2Fexecutive*2F2173.pdf/1/0101019cc92cc4db-5e47d5ba-227c-4a05-bf86-e776a58aa181-000000/FxJDe1aKyZPJZY7wlf2jRNslzRES5bQEodK8fkXYTps&#61;447__;JSUlJSU!!NZFi6Pppv9YRQw!tVwgGPWEM-SPkopUijHm4H2ndHaINnGiYRSUu4PVFuY51x2bwyWMiWzLfQ6KGKnyBouoqLAycXXr20LHoJkfgnatBjKY5qw$,C,county/county-equivalent,99,MURRAY,0,0,0.0,0.0,Thunderstorm Wind,1,0.0
OK-EO-2026-11,2026-11,Kevin Stitt,"Alfalfa, Creek, Grant, Major, Okmulgee, Rogers, Tulsa, and Wagoner",2026-03-07,https://urldefense.com/v3/__https:/links-2.govdelivery.com/CL0/https:*2F*2Fwww.sos.ok.gov*2Fdocuments*2Fexecutive*2F2173.pdf/1/0101019cc92cc4db-5e47d5ba-227c-4a05-bf86-e776a58aa181-000000/FxJDe1aKyZPJZY7wlf2jRNslzRES5bQEodK8fkXYTps&#61;447__;JSUlJSU!!NZFi6Pppv9YRQw!tVwgGPWEM-SPkopUijHm4H2ndHaINnGiYRSUu4PVFuY51x2bwyWMiWzLfQ6KGKnyBouoqLAycXXr20LHoJkfgnatBjKY5qw$,C,county/county-equivalent,109,OKLAHOMA,0,0,0.0,0.0,Hail,20,0.0
OK-EO-2026-11,2026-11,Kevin Stitt,"Alfalfa, Creek, Grant, Major, Okmulgee, Rogers, Tulsa, and Wagoner",2026-03-07,https://urldefense.com/v3/__https:/links-2.govdelivery.com/CL0/https:*2F*2Fwww.sos.ok.gov*2Fdocuments*2Fexecutive*2F2173.pdf/1/0101019cc92cc4db-5e47d5ba-227c-4a05-bf86-e776a58aa181-000000/FxJDe1aKyZPJZY7wlf2jRNslzRES5bQEodK8fkXYTps&#61;447__;JSUlJSU!!NZFi6Pppv9YRQw!tVwgGPWEM-SPkopUijHm4H2ndHaINnGiYRSUu4PVFuY51x2bwyWMiWzLfQ6KGKnyBouoqLAycXXr20LHoJkfgnatBjKY5qw$,C,county/county-equivalent,129,ROGER MILLS,0,0,0.0,0.0,"Hail, Tornado",6,0.0
OK-EO-2026-11,2026-11,Kevin Stitt,"Alfalfa, Creek, Grant, Major, Okmulgee, Rogers, Tulsa, and Wagoner",2026-03-07,https://urldefense.com/v3/__https:/links-2.govdelivery.com/CL0/https:*2F*2Fwww.sos.ok.gov*2Fdocuments*2Fexecutive*2F2173.pdf/1/0101019cc92cc4db-5e47d5ba-227c-4a05-bf86-e776a58aa181-000000/FxJDe1aKyZPJZY7wlf2jRNslzRES5bQEodK8fkXYTps&#61;447__;JSUlJSU!!NZFi6Pppv9YRQw!tVwgGPWEM-SPkopUijHm4H2ndHaINnGiYRSUu4PVFuY51x2bwyWMiWzLfQ6KGKnyBouoqLAycXXr20LHoJkfgnatBjKY5qw$,C,county/county-equivalent,133,SEMINOLE,0,0,0.0,0.0,Tornado,1,0.0
OK-EO-2026-11,2026-11,Kevin Stitt,"Alfalfa, Creek, Grant, Major, Okmulgee, Rogers, Tulsa, and Wagoner",2026-03-07,https://urldefense.com/v3/__https:/links-2.govdelivery.com/CL0/https:*2F*2Fwww.sos.ok.gov*2Fdocuments*2Fexecutive*2F2173.pdf/1/0101019cc92cc4db-5e47d5ba-227c-4a05-bf86-e776a58aa181-000000/FxJDe1aKyZPJZY7wlf2jRNslzRES5bQEodK8fkXYTps&#61;447__;JSUlJSU!!NZFi6Pppv9YRQw!tVwgGPWEM-SPkopUijHm4H2ndHaINnGiYRSUu4PVFuY51x2bwyWMiWzLfQ6KGKnyBouoqLAycXXr20LHoJkfgnatBjKY5qw$,C,county/county-equivalent,137,STEPHENS,0,0,0.0,0.0,Hail,3,0.0
OK-EO-2026-11,2026-11,Kevin Stitt,"Alfalfa, Creek, Grant, Major, Okmulgee, Rogers, Tulsa, and Wagoner",2026-03-07,https://urldefense.com/v3/__https:/links-2.govdelivery.com/CL0/https:*2F*2Fwww.sos.ok.gov*2Fdocuments*2Fexecutive*2F2173.pdf/1/0101019cc92cc4db-5e47d5ba-227c-4a05-bf86-e776a58aa181-000000/FxJDe1aKyZPJZY7wlf2jRNslzRES5bQEodK8fkXYTps&#61;447__;JSUlJSU!!NZFi6Pppv9YRQw!tVwgGPWEM-SPkopUijHm4H2ndHaINnGiYRSUu4PVFuY51x2bwyWMiWzLfQ6KGKnyBouoqLAycXXr20LHoJkfgnatBjKY5qw$,C,county/county-equivalent,141,TILLMAN,0,0,0.0,0.0,Hail,1,0.0
OK-EO-2026-11,2026-11,Kevin Stitt,"Alfalfa, Creek, Grant, Major, Okmulgee, Rogers, Tulsa, and Wagoner",2026-03-07,https://urldefense.com/v3/__https:/links-2.govdelivery.com/CL0/https:*2F*2Fwww.sos.ok.gov*2Fdocuments*2Fexecutive*2F2173.pdf/1/0101019cc92cc4db-5e47d5ba-227c-4a05-bf86-e776a58aa181-000000/FxJDe1aKyZPJZY7wlf2jRNslzRES5bQEodK8fkXYTps&#61;447__;JSUlJSU!!NZFi6Pppv9YRQw!tVwgGPWEM-SPkopUijHm4H2ndHaINnGiYRSUu4PVFuY51x2bwyWMiWzLfQ6KGKnyBouoqLAycXXr20LHoJkfgnatBjKY5qw$,C,county/county-equivalent,151,WOODS,0,0,0.0,0.0,Thunderstorm Wind,1,0.0
OK-EO-2026-17,2026-17,Kevin Stitt,Garfield and Kay,2026-04-24,https://www.sos.ok.gov/documents/executive/2181.pdf,C,county/county-equivalent,47,GARFIELD,0,1,0.0,0.0,"Hail, Thunderstorm Wind, Tornado",6,0.0
OK-EO-2026-17,2026-17,Kevin Stitt,Garfield and Kay,2026-04-24,https://www.sos.ok.gov/documents/executive/2181.pdf,C,county/county-equivalent,79,LE FLORE,0,0,385000.0,0.0,Hail,10,385000.0
OK-EO-2026-17,2026-17,Kevin Stitt,Garfield and Kay,2026-04-24,https://www.sos.ok.gov/documents/executive/2181.pdf,C,county/county-equivalent,121,PITTSBURG,0,0,280000.0,0.0,"Hail, Tornado",2,280000.0
OK-EO-2026-17,2026-17,Kevin Stitt,Garfield and Kay,2026-04-24,https://www.sos.ok.gov/documents/executive/2181.pdf,C,county/county-equivalent,71,KAY,0,0,200000.0,0.0,"Hail, Tornado",7,200000.0
OK-EO-2026-17,2026-17,Kevin Stitt,Garfield and Kay,2026-04-24,https://www.sos.ok.gov/documents/executive/2181.pdf,C,county/county-equivalent,35,CRAIG,0,0,30000.0,0.0,"Hail, Thunderstorm Wind",2,30000.0
OK-EO-2026-17,2026-17,Kevin Stitt,Garfield and Kay,2026-04-24,https://www.sos.ok.gov/documents/executive/2181.pdf,C,county/county-equivalent,77,LATIMER,0,0,25000.0,0.0,Hail,1,25000.0
OK-EO-2026-17,2026-17,Kevin Stitt,Garfield and Kay,2026-04-24,https://www.sos.ok.gov/documents/executive/2181.pdf,C,county/county-equivalent,113,OSAGE,0,0,10000.0,0.0,"Hail, Tornado",8,10000.0
OK-EO-2026-17,2026-17,Kevin Stitt,Garfield and Kay,2026-04-24,https://www.sos.ok.gov/documents/executive/2181.pdf,C,county/county-equivalent,133,SEMINOLE,0,0,10000.0,0.0,Hail,5,10000.0
OK-EO-2026-17,2026-17,Kevin Stitt,Garfield and Kay,2026-04-24,https://www.sos.ok.gov/documents/executive/2181.pdf,C,county/county-equivalent,5,ATOKA,0,0,0.0,0.0,Hail,5,0.0
OK-EO-2026-17,2026-17,Kevin Stitt,Garfield and Kay,2026-04-24,https://www.sos.ok.gov/documents/executive/2181.pdf,C,county/county-equivalent,13,BRYAN,0,0,0.0,0.0,Hail,2,0.0
OK-EO-2026-17,2026-17,Kevin Stitt,Garfield and Kay,2026-04-24,https://www.sos.ok.gov/documents/executive/2181.pdf,C,county/county-equivalent,23,CHOCTAW,0,0,0.0,0.0,Hail,2,0.0
OK-EO-2026-17,2026-17,Kevin Stitt,Garfield and Kay,2026-04-24,https://www.sos.ok.gov/documents/executive/2181.pdf,C,county/county-equivalent,27,CLEVELAND,0,0,0.0,0.0,Hail,1,0.0
OK-EO-2026-17,2026-17,Kevin Stitt,Garfield and Kay,2026-04-24,https://www.sos.ok.gov/documents/executive/2181.pdf,C,county/county-equivalent,31,COMANCHE,0,0,0.0,0.0,Hail,10,0.0
OK-EO-2026-17,2026-17,Kevin Stitt,Garfield and Kay,2026-04-24,https://www.sos.ok.gov/documents/executive/2181.pdf,C,county/county-equivalent,33,COTTON,0,0,0.0,0.0,Hail,3,0.0
OK-EO-2026-17,2026-17,Kevin Stitt,Garfield and Kay,2026-04-24,https://www.sos.ok.gov/documents/executive/2181.pdf,C,county/county-equivalent,41,DELAWARE,0,0,0.0,0.0,Hail,1,0.0
OK-EO-2026-17,2026-17,Kevin Stitt,Garfield and Kay,2026-04-24,https://www.sos.ok.gov/documents/executive/2181.pdf,C,county/county-equivalent,49,GARVIN,0,0,0.0,0.0,"Hail, Tornado",9,0.0
OK-EO-2026-17,2026-17,Kevin Stitt,Garfield and Kay,2026-04-24,https://www.sos.ok.gov/documents/executive/2181.pdf,C,county/county-equivalent,51,GRADY,0,0,0.0,0.0,Hail,1,0.0
OK-EO-2026-17,2026-17,Kevin Stitt,Garfield and Kay,2026-04-24,https://www.sos.ok.gov/documents/executive/2181.pdf,C,county/county-equivalent,53,GRANT,0,0,0.0,0.0,"Hail, Tornado",8,0.0
OK-EO-2026-17,2026-17,Kevin Stitt,Garfield and Kay,2026-04-24,https://www.sos.ok.gov/documents/executive/2181.pdf,C,county/county-equivalent,69,JOHNSTON,0,0,0.0,0.0,"Hail, Tornado",15,0.0
OK-EO-2026-17,2026-17,Kevin Stitt,Garfield and Kay,2026-04-24,https://www.sos.ok.gov/documents/executive/2181.pdf,C,county/county-equivalent,89,MCCURTAIN,0,0,0.0,0.0,Hail,2,0.0
OK-EO-2026-17,2026-17,Kevin Stitt,Garfield and Kay,2026-04-24,https://www.sos.ok.gov/documents/executive/2181.pdf,C,county/county-equivalent,95,MARSHALL,0,0,0.0,0.0,Hail,1,0.0
OK-EO-2026-17,2026-17,Kevin Stitt,Garfield and Kay,2026-04-24,https://www.sos.ok.gov/documents/executive/2181.pdf,C,county/county-equivalent,97,MAYES,0,0,0.0,0.0,Hail,1,0.0
OK-EO-2026-17,2026-17,Kevin Stitt,Garfield and Kay,2026-04-24,https://www.sos.ok.gov/documents/executive/2181.pdf,C,county/county-equivalent,99,MURRAY,0,0,0.0,0.0,Hail,4,0.0
OK-EO-2026-17,2026-17,Kevin Stitt,Garfield and Kay,2026-04-24,https://www.sos.ok.gov/documents/executive/2181.pdf,C,county/county-equivalent,103,NOBLE,0,0,0.0,0.0,Hail,3,0.0
OK-EO-2026-17,2026-17,Kevin Stitt,Garfield and Kay,2026-04-24,https://www.sos.ok.gov/documents/executive/2181.pdf,C,county/county-equivalent,115,OTTAWA,0,0,0.0,0.0,Hail,1,0.0
OK-EO-2026-17,2026-17,Kevin Stitt,Garfield and Kay,2026-04-24,https://www.sos.ok.gov/documents/executive/2181.pdf,C,county/county-equivalent,117,PAWNEE,0,0,0.0,0.0,Thunderstorm Wind,1,0.0
OK-EO-2026-17,2026-17,Kevin Stitt,Garfield and Kay,2026-04-24,https://www.sos.ok.gov/documents/executive/2181.pdf,C,county/county-equivalent,119,PAYNE,0,0,0.0,0.0,Hail,1,0.0
OK-EO-2026-17,2026-17,Kevin Stitt,Garfield and Kay,2026-04-24,https://www.sos.ok.gov/documents/executive/2181.pdf,C,county/county-equivalent,123,PONTOTOC,0,0,0.0,0.0,"Hail, Thunderstorm Wind, Tornado",17,0.0
OK-EO-2026-17,2026-17,Kevin Stitt,Garfield and Kay,2026-04-24,https://www.sos.ok.gov/documents/executive/2181.pdf,C,county/county-equivalent,137,STEPHENS,0,0,0.0,0.0,Hail,7,0.0
OK-EO-2026-17,2026-17,Kevin Stitt,Garfield and Kay,2026-04-24,https://www.sos.ok.gov/documents/executive/2181.pdf,C,county/county-equivalent,143,TULSA,0,0,0.0,0.0,Hail,1,0.0
