declaration_id,state,governor,eo_number,action_type,event_description,date_signed,end_date,weather_related,document_format,archive_record_url
NJ-SHERRILL-EO-22,NJ,Sherrill,22,extension,"Executive Order No. 22 formally continues the Judicial Advisory Panel, which assists the Governor in evaluating candidates for appointment to the Superior Court of New Jersey and Supreme Court of New Jersey.",2026-08-31,,False,pdf,https://www.nj.gov/infobank/eo/057sherrill/pdf/EO-22.pdf
NJ-SHERRILL-EO-21,NJ,Sherrill,21,declaration,,2026-07-17,,False,pdf,https://www.nj.gov/infobank/eo/057sherrill/pdf/EO-21.pdf
NJ-SHERRILL-EO-20,NJ,Sherrill,20,declaration,,2026-06-30,,False,pdf,https://www.nj.gov/infobank/eo/057sherrill/pdf/EO-20.pdf
NJ-SHERRILL-EO-19,NJ,Sherrill,19,declaration,Directs Executive Branch agencies to report on Junk Fees,2026-06-15,,False,pdf,https://www.nj.gov/infobank/eo/057sherrill/pdf/EO-19.pdf
NJ-SHERRILL-EO-18,NJ,Sherrill,18,declaration,"Declares that the State of New Jersey will enter a State of Emergency, effective immediately related to Crop Freeze Event",2026-05-20,,False,pdf,https://www.nj.gov/infobank/eo/057sherrill/pdf/EO-18.pdf
NJ-SHERRILL-EO-17,NJ,Sherrill,17,declaration,Establishing an interagency Housing Governing Council to lead government efforts to address housing affordability in New Jersey,2026-04-27,,False,pdf,https://www.nj.gov/infobank/eo/057sherrill/pdf/EO-17.pdf
NJ-SHERRILL-EO-16,NJ,Sherrill,16,declaration,Directs New Jersey Transit to develop a plan to improve the rider experience and customer service delivery,2026-03-24,,False,pdf,https://www.nj.gov/infobank/eo/057sherrill/pdf/EO-16.pdf
NJ-SHERRILL-EO-15,NJ,Sherrill,15,declaration,,2026-02-25,,True,pdf,https://www.nj.gov/infobank/eo/057sherrill/pdf/EO-15.pdf
NJ-SHERRILL-EO-14,NJ,Sherrill,14,declaration,,2026-02-22,,True,pdf,https://www.nj.gov/infobank/eo/057sherrill/pdf/EO-14.pdf
NJ-SHERRILL-EO-13,NJ,Sherrill,13,extension,Extending the State of Emergency for the practices of advanced practice nurses and physician assistants for 45 days.,2026-02-13,,False,pdf,https://www.nj.gov/infobank/eo/057sherrill/pdf/EO-13.pdf
NJ-SHERRILL-EO-12,NJ,Sherrill,12,declaration,"Prohibits federal immigration officers from entering or using  State property for the purpose of civil immigration enforcement, except under certain circumstances.",2026-02-11,,False,pdf,https://www.nj.gov/infobank/eo/057sherrill/pdf/EO-12.pdf
NJ-SHERRILL-EO-11,NJ,Sherrill,11,declaration,,2026-02-11,,False,pdf,https://www.nj.gov/infobank/eo/057sherrill/pdf/EO-11.pdf
NJ-SHERRILL-EO-10,NJ,Sherrill,10,declaration,,2026-02-10,,False,pdf,https://www.nj.gov/infobank/eo/057sherrill/pdf/EO-10.pdf
NJ-SHERRILL-EO-9,NJ,Sherrill,9,declaration,,2026-01-26,,True,pdf,https://www.nj.gov/infobank/eo/057sherrill/pdf/EO-9.pdf
NJ-SHERRILL-EO-8,NJ,Sherrill,8,declaration,,2026-01-24,,True,pdf,https://www.nj.gov/infobank/eo/057sherrill/pdf/EO-8.pdf
NJ-SHERRILL-EO-7,NJ,Sherrill,7,declaration,"Providing that no state agency shall propose or adopt any administrative rule for 90 days, subject to exceptions.",2026-01-23,,False,pdf,https://www.nj.gov/infobank/eo/057sherrill/pdf/EO-7.pdf
NJ-SHERRILL-EO-6,NJ,Sherrill,6,declaration,Prioritizing Agency Focus on children’s mental health and digital environments and establishing office of Youth Online Mental Health Safety and Awareness,2026-01-20,,False,pdf,https://www.nj.gov/infobank/eo/057sherrill/pdf/EO-6.pdf
NJ-SHERRILL-EO-5,NJ,Sherrill,5,declaration,Establishing various teams under the office of the Chief Operating Officer focused on simplifying and modernizing the State’s regulatory processes.,2026-01-20,,False,pdf,https://www.nj.gov/infobank/eo/057sherrill/pdf/EO-5.pdf
NJ-SHERRILL-EO-4,NJ,Sherrill,4,declaration,Establishing the office of the Chief Operating Officer in the office of the Governor,2026-01-20,,False,pdf,https://www.nj.gov/infobank/eo/057sherrill/pdf/EO-4.pdf
NJ-SHERRILL-EO-3,NJ,Sherrill,3,declaration,Outlining Ethics and Standards,2026-01-20,,False,pdf,https://www.nj.gov/infobank/eo/057sherrill/pdf/EO-3.pdf
NJ-SHERRILL-EO-2,NJ,Sherrill,2,declaration,Declaring a State of Emergency to increase and accelerate development of new power generation to address electricity supply and reliability crisis.,2026-01-20,,False,pdf,https://www.nj.gov/infobank/eo/057sherrill/pdf/EO-2.pdf
NJ-SHERRILL-EO-1,NJ,Sherrill,1,declaration,"Declaring an electricity affordability emergency, addressing affordability of electricity rates, and promoting electric utility accountability.",2026-01-20,,False,pdf,https://www.nj.gov/infobank/eo/057sherrill/pdf/EO-1.pdf
NJ-MURPHY-EO-415,NJ,Murphy,415,declaration,,2026-01-16,,True,pdf,https://www.nj.gov/infobank/eo/056murphy/pdf/EO-415.pdf
NJ-MURPHY-EO-414,NJ,Murphy,414,termination,"The following Advisory Entities, insofar as they were established under the authority of one or more Executive Orders, are hereby terminated and abolished and the portions of those Executive Orders that authorized their creation and existence are hereby rescinded.",2026-01-16,,True,pdf,https://www.nj.gov/infobank/eo/056murphy/pdf/EO-414.pdf
NJ-MURPHY-EO-413,NJ,Murphy,413,declaration,,2026-01-22,,False,pdf,https://www.nj.gov/infobank/eo/056murphy/pdf/EO-413.pdf
NJ-MURPHY-EO-412,NJ,Murphy,412,declaration,,2026-01-16,,False,pdf,https://www.nj.gov/infobank/eo/056murphy/pdf/EO-412.pdf
NJ-MURPHY-EO-411,NJ,Murphy,411,declaration,The order permits people with past convictions of indictable offenses to serve on juries.,2026-01-11,,False,pdf,https://www.nj.gov/infobank/eo/056murphy/pdf/EO-411.pdf
NJ-MURPHY-EO-410,NJ,Murphy,410,declaration,,2025-12-30,,True,pdf,https://www.nj.gov/infobank/eo/056murphy/pdf/EO-410.pdf
NJ-MURPHY-EO-409,NJ,Murphy,409,declaration,,2025-12-26,,True,pdf,https://www.nj.gov/infobank/eo/056murphy/pdf/EO-409.pdf
NJ-MURPHY-EO-408,NJ,Murphy,408,declaration,Governor Murphy Declares State of Emergency for Propane Shortage,2025-12-11,,False,pdf,https://www.nj.gov/infobank/eo/056murphy/pdf/EO-408.pdf
NJ-MURPHY-EO-407,NJ,Murphy,407,declaration,,2025-12-09,,True,pdf,https://www.nj.gov/infobank/eo/056murphy/pdf/EO-407.pdf
NJ-MURPHY-EO-406,NJ,Murphy,406,declaration,"State of Emergency Declared Across Hunterdon, Morris, Passaic, Sussex, and Warren Counties",2025-12-01,,True,pdf,https://www.nj.gov/infobank/eo/056murphy/pdf/EO-406.pdf
NJ-MURPHY-EO-405,NJ,Murphy,405,declaration,,2025-11-17,,False,pdf,https://www.nj.gov/infobank/eo/056murphy/pdf/EO-405.pdf
NJ-MURPHY-EO-404,NJ,Murphy,404,extension,"The Office of Homeland Security and Preparedness created by Executive Order No. 5 (2006), is hereby continued. The Office shall coordinate and lead New Jersey's counterterrorism, counterintelligence, cybersecurity, and related preparedness efforts with the goal of coordinating prevention, protection, mitigation, response, and recovery efforts concerning these matters with federal, State, and local government entities, other jurisdictions, non-profit organizations, and the private sector, to protect the people of New Jersey.",2025-11-12,,False,pdf,https://www.nj.gov/infobank/eo/056murphy/pdf/EO-404.pdf
NJ-MURPHY-EO-403,NJ,Murphy,403,declaration,,2025-11-05,,False,pdf,https://www.nj.gov/infobank/eo/056murphy/pdf/EO-403.pdf
NJ-MURPHY-EO-402,NJ,Murphy,402,declaration,,2025-11-01,,False,pdf,https://www.nj.gov/infobank/eo/056murphy/pdf/EO-402.pdf
NJ-MURPHY-EO-401,NJ,Murphy,401,declaration,"Establishing the Task Force on the Federal Suspension of SNAP Benefits (the “Task Force”), which will report directly to the Office of the Governor, and which will be responsible for coordinating New Jersey’s response to the acute food insecurity 2 crisis caused by the federal government shutdown and USDA’s failure to fund SNAP.",2025-10-31,,False,pdf,https://www.nj.gov/infobank/eo/056murphy/pdf/EO-401.pdf
NJ-MURPHY-EO-400,NJ,Murphy,400,declaration,,2025-10-16,,True,pdf,https://www.nj.gov/infobank/eo/056murphy/pdf/EO-400.pdf
NJ-MURPHY-EO-399,NJ,Murphy,399,declaration,,2025-10-11,,True,pdf,https://www.nj.gov/infobank/eo/056murphy/pdf/EO-399.pdf
NJ-MURPHY-EO-398,NJ,Murphy,398,declaration,,2025-09-11,,False,pdf,https://www.nj.gov/infobank/eo/056murphy/pdf/EO-398.pdf
NJ-MURPHY-EO-397,NJ,Murphy,397,declaration,,2025-08-27,,True,pdf,https://www.nj.gov/infobank/eo/056murphy/pdf/EO-397.pdf
NJ-MURPHY-EO-396,NJ,Murphy,396,declaration,,2025-08-21,,True,pdf,https://www.nj.gov/infobank/eo/056murphy/pdf/EO-396.pdf
NJ-MURPHY-EO-395,NJ,Murphy,395,declaration,,2025-08-08,,True,pdf,https://www.nj.gov/infobank/eo/056murphy/pdf/EO-395.pdf
NJ-MURPHY-EO-394,NJ,Murphy,394,declaration,,2025-07-31,,True,pdf,https://www.nj.gov/infobank/eo/056murphy/pdf/EO-394.pdf
NJ-MURPHY-EO-393,NJ,Murphy,393,declaration,"All State agencies shall immediately review the OBBBA for the purposes of assessing its impacts on their budgets, operations, and programs, including services provided to New Jersey residents, and of developing recommended measures to protect the State’s finances and its residents’ interests from the effects of the OBBBA.",2025-07-23,,False,pdf,https://www.nj.gov/infobank/eo/056murphy/pdf/EO-393.pdf
NJ-MURPHY-EO-392,NJ,Murphy,392,declaration,Declares a State of Emergency across all 21 counties in New Jersey due to flash flooding and severe thunderstorms statewide,2025-07-14,,True,pdf,https://www.nj.gov/infobank/eo/056murphy/pdf/EO-392.pdf
NJ-MURPHY-EO-391,NJ,Murphy,391,declaration,,2025-03-08,,False,pdf,https://www.nj.gov/infobank/eo/056murphy/pdf/EO-391.pdf
NJ-MURPHY-EO-390,NJ,Murphy,390,declaration,,2025-06-18,,False,pdf,https://www.nj.gov/infobank/eo/056murphy/pdf/EO-390.pdf
NJ-MURPHY-EO-389,NJ,Murphy,389,declaration,,2025-05-16,,False,pdf,https://www.nj.gov/infobank/eo/056murphy/pdf/EO-389.pdf
NJ-MURPHY-EO-388,NJ,Murphy,388,declaration,,2025-05-13,,True,pdf,https://www.nj.gov/infobank/eo/056murphy/pdf/EO-388.pdf
NJ-MURPHY-EO-387,NJ,Murphy,387,declaration,,2025-04-23,,True,pdf,https://www.nj.gov/infobank/eo/056murphy/pdf/EO-387.pdf
NJ-MURPHY-EO-386,NJ,Murphy,386,declaration,"The flag of the United States of America and the flag of New Jersey shall be flown at half-staff at all State departments, offices, agencies, and instrumentalities until sunset of the day of interment,  in recognition and mourning of His Holiness Pope Francis",2025-04-22,,False,pdf,https://www.nj.gov/infobank/eo/056murphy/pdf/EO-386.pdf
NJ-MURPHY-EO-385,NJ,Murphy,385,declaration,,2025-04-21,,False,pdf,https://www.nj.gov/infobank/eo/056murphy/pdf/EO-385.pdf
NJ-MURPHY-EO-384,NJ,Murphy,384,declaration,,2025-03-14,,False,pdf,https://www.nj.gov/infobank/eo/056murphy/pdf/EO-384.pdf
NJ-MURPHY-EO-383,NJ,Murphy,383,declaration,,2025-03-08,,False,pdf,https://www.nj.gov/infobank/eo/056murphy/pdf/EO-383.pdf
NJ-MURPHY-EO-382,NJ,Murphy,382,declaration,,2025-02-28,,False,pdf,https://www.nj.gov/infobank/eo/056murphy/pdf/EO-382.pdf
NJ-MURPHY-EO-381,NJ,Murphy,381,extension,"New Jersey must continue to prioritize combating and eliminating the spread of HIV, STIs, and viral hepatitis.",2025-02-10,,False,pdf,https://www.nj.gov/infobank/eo/056murphy/pdf/EO-381.pdf
NJ-MURPHY-EO-380,NJ,Murphy,380,declaration,,2025-01-27,,True,pdf,https://www.nj.gov/infobank/eo/056murphy/pdf/EO-380.pdf
NJ-MURPHY-EO-379,NJ,Murphy,379,declaration,,2025-01-20,,False,pdf,https://www.nj.gov/infobank/eo/056murphy/pdf/EO-379.pdf
NJ-MURPHY-EO-378,NJ,Murphy,378,declaration,"Declares that New Jersey will enter a State of Emergency effective at 8:00 a.m. on Sunday, January 19 in anticipation of significant winter weather.",2025-01-18,,True,pdf,https://www.nj.gov/infobank/eo/056murphy/pdf/EO-378.pdf
NJ-MURPHY-EO-377,NJ,Murphy,377,extension,The Office of Health Care Affordability and Transparency shall be continued and reestablished within the DOH.,2025-01-17,,False,pdf,https://www.nj.gov/infobank/eo/056murphy/pdf/EO-377.pdf
NJ-MURPHY-EO-376,NJ,Murphy,376,declaration,,2025-01-09,,False,pdf,https://www.nj.gov/infobank/eo/056murphy/pdf/EO-376.pdf
NJ-MURPHY-EO-375,NJ,Murphy,375,declaration,,2025-01-10,,False,pdf,https://www.nj.gov/infobank/eo/056murphy/pdf/EO-375.pdf
NJ-MURPHY-EO-374,NJ,Murphy,374,declaration,The Governor has declared State of Emergency  to allocate more resources in preparation of  winter storm,2025-01-05,,True,pdf,https://www.nj.gov/infobank/eo/056murphy/pdf/EO-374.pdf
NJ-MURPHY-EO-373,NJ,Murphy,373,declaration,,2025-01-28,,False,pdf,https://www.nj.gov/infobank/eo/056murphy/pdf/EO-373.pdf
NJ-MURPHY-EO-372,NJ,Murphy,372,declaration,,2024-12-13,,False,pdf,https://www.nj.gov/infobank/eo/056murphy/pdf/EO-372.pdf
NJ-MURPHY-EO-371,NJ,Murphy,371,declaration,,2024-11-19,,False,pdf,https://www.nj.gov/infobank/eo/056murphy/pdf/EO-371.pdf
NJ-MURPHY-EO-370,NJ,Murphy,370,declaration,,2024-11-08,,False,pdf,https://www.nj.gov/infobank/eo/056murphy/pdf/EO-370.pdf
NJ-MURPHY-EO-369,NJ,Murphy,369,declaration,"Establishing the New Jersey Economic Council (the “Council”), which shall be responsible for facilitating the identification and promotion of economic opportunities for New Jersey and its businesses and residents.",2024-10-29,,False,pdf,https://www.nj.gov/infobank/eo/056murphy/pdf/EO-369.pdf
NJ-MURPHY-EO-368,NJ,Murphy,368,declaration,,2024-10-07,,False,pdf,https://www.nj.gov/infobank/eo/056murphy/pdf/EO-368.pdf
NJ-MURPHY-EO-367,NJ,Murphy,367,declaration,,2024-09-11,,False,pdf,https://www.nj.gov/infobank/eo/056murphy/pdf/EO-367.pdf
NJ-MURPHY-EO-366,NJ,Murphy,366,declaration,,2024-08-27,,False,pdf,https://www.nj.gov/infobank/eo/056murphy/pdf/EO-366.pdf
NJ-MURPHY-EO-365,NJ,Murphy,365,declaration,,2024-08-12,,True,pdf,https://www.nj.gov/infobank/eo/056murphy/pdf/EO-365.pdf
NJ-MURPHY-EO-364,NJ,Murphy,364,declaration,"Lt. Governor Way announced a State of Emergency effective at 6:00pm on Friday, August 9 in anticipation of severe storms causing hazardous weather conditions including heavy rain, high winds, and flash flooding.",2024-08-09,,True,pdf,https://www.nj.gov/infobank/eo/056murphy/pdf/EO-364.pdf
NJ-MURPHY-EO-363,NJ,Murphy,363,declaration,,2024-08-23,,False,pdf,https://www.nj.gov/infobank/eo/056murphy/pdf/EO-363.pdf
NJ-MURPHY-EO-362,NJ,Murphy,362,declaration,Establishing Clemency Advisory Board and Standards for Expedited Consideration for Clemency,2024-06-19,,False,pdf,https://www.nj.gov/infobank/eo/056murphy/pdf/EO-362.pdf
NJ-MURPHY-EO-361,NJ,Murphy,361,declaration,Establishing an Advisory Commission on Advancing LGBTQIA+ Youth Equity and Inclusion in Schools (“Commission”).,2024-06-17,,False,pdf,https://www.nj.gov/infobank/eo/056murphy/pdf/EO-361.pdf
NJ-MURPHY-EO-360,NJ,Murphy,360,declaration,Establishing the Responsible Gaming Task Force (“Task Force”).,2024-06-14,,False,pdf,https://www.nj.gov/infobank/eo/056murphy/pdf/EO-360.pdf
NJ-MURPHY-EO-359,NJ,Murphy,359,declaration,,2024-05-31,,False,pdf,https://www.nj.gov/infobank/eo/056murphy/pdf/EO-359.pdf
NJ-MURPHY-EO-358,NJ,Murphy,358,declaration,,2024-05-15,,False,pdf,https://www.nj.gov/infobank/eo/056murphy/pdf/EO-358.pdf
NJ-MURPHY-EO-357,NJ,Murphy,357,declaration,,2024-05-01,,False,pdf,https://www.nj.gov/infobank/eo/056murphy/pdf/EO-357.pdf
NJ-MURPHY-EO-356,NJ,Murphy,356,declaration,Establishing the Task Force on Pandemic and Emergency Preparedness,2024-03-22,,False,pdf,https://www.nj.gov/infobank/eo/056murphy/pdf/EO-356.pdf
NJ-MURPHY-EO-355,NJ,Murphy,355,declaration,,2024-02-16,,False,pdf,https://www.nj.gov/infobank/eo/056murphy/pdf/EO-355.pdf
NJ-MURPHY-EO-354,NJ,Murphy,354,declaration,Established the New Jersey-India Commission (“Commission”).,2024-02-06,,False,pdf,https://www.nj.gov/infobank/eo/056murphy/pdf/EO-354.pdf
NJ-MURPHY-EO-353,NJ,Murphy,353,declaration,,2024-02-06,,False,pdf,https://www.nj.gov/infobank/eo/056murphy/pdf/EO-353.pdf
NJ-MURPHY-EO-352,NJ,Murphy,352,declaration,,2024-02-02,,False,pdf,https://www.nj.gov/infobank/eo/056murphy/pdf/EO-352.pdf
NJ-MURPHY-EO-351,NJ,Murphy,351,termination,Governor Murphy Terminates State of Emergency,2024-01-24,,True,pdf,https://www.nj.gov/infobank/eo/056murphy/pdf/EO-351.pdf
NJ-MURPHY-EO-350,NJ,Murphy,350,declaration,Governor Murphy Declares State of Emergency in Preparation for Winter Storm,2024-01-08,,True,pdf,https://www.nj.gov/infobank/eo/056murphy/pdf/EO-350.pdf
NJ-MURPHY-EO-349,NJ,Murphy,349,declaration,,2023-12-05,,False,pdf,https://www.nj.gov/infobank/eo/056murphy/pdf/EO-349.pdf
NJ-MURPHY-EO-348,NJ,Murphy,348,declaration,,2023-12-01,,False,pdf,https://www.nj.gov/infobank/eo/056murphy/pdf/EO-348.pdf
NJ-MURPHY-EO-347,NJ,Murphy,347,declaration,,2023-11-21,,False,pdf,https://www.nj.gov/infobank/eo/056murphy/pdf/EO-347.pdf
NJ-MURPHY-EO-346,NJ,Murphy,346,declaration,"Governor Murphy Signs Executive Order to establish the Artificial Intelligence Task Force (the “Task Force”), which shall be responsible for studying emerging artificial intelligence technologies in order to issue findings on the potential impacts of these technologies on society and offer recommendations to identify government actions appropriate to encourage the ethical and responsible use of artificial intelligence technologies",2023-10-10,,False,pdf,https://www.nj.gov/infobank/eo/056murphy/pdf/EO-346.pdf
NJ-MURPHY-EO-345,NJ,Murphy,345,declaration,,2023-10-10,,False,pdf,https://www.nj.gov/infobank/eo/056murphy/pdf/EO-345.pdf
NJ-MURPHY-EO-344,NJ,Murphy,344,extension,Governor Murphy Signs Executive Order to continue the operation of the State Hazard Mitigation Team established in Executive Order No. 115 (1994) except as modified herein,2023-10-06,,True,pdf,https://www.nj.gov/infobank/eo/056murphy/pdf/EO-344.pdf
NJ-MURPHY-EO-343,NJ,Murphy,343,declaration,,2023-10-01,,True,pdf,https://www.nj.gov/infobank/eo/056murphy/pdf/EO-343.pdf
NJ-MURPHY-EO-342,NJ,Murphy,342,declaration,Governor Murphy Declares State of Emergency Due to Severe Weather,2023-09-29,,True,pdf,https://www.nj.gov/infobank/eo/056murphy/pdf/EO-342.pdf
NJ-MURPHY-EO-341,NJ,Murphy,341,declaration,,2023-09-13,,False,pdf,https://www.nj.gov/infobank/eo/056murphy/pdf/EO-341.pdf
NJ-MURPHY-EO-340,NJ,Murphy,340,declaration,,2023-09-11,,False,pdf,https://www.nj.gov/infobank/eo/056murphy/pdf/EO-340.pdf
NJ-MURPHY-EO-339,NJ,Murphy,339,declaration,,2023-08-14,,False,pdf,https://www.nj.gov/infobank/eo/056murphy/pdf/EO-339.pdf
NJ-MURPHY-EO-338,NJ,Murphy,338,declaration,,2023-08-04,,False,pdf,https://www.nj.gov/infobank/eo/056murphy/pdf/EO-338.pdf
NJ-MURPHY-EO-337,NJ,Murphy,337,declaration,,2023-08-06,,False,pdf,https://www.nj.gov/infobank/eo/056murphy/pdf/EO-337.pdf
NJ-MURPHY-EO-336,NJ,Murphy,336,declaration,Governor Murphy Declares State of Emergency Due to Severe Storms,2023-07-16,,True,pdf,https://www.nj.gov/infobank/eo/056murphy/pdf/EO-336.pdf
NJ-MURPHY-EO-335,NJ,Murphy,335,declaration,,2023-07-07,,False,pdf,https://www.nj.gov/infobank/eo/056murphy/pdf/EO-335.pdf
NJ-MURPHY-EO-334,NJ,Murphy,334,declaration,,2023-06-21,,False,pdf,https://www.nj.gov/infobank/eo/056murphy/pdf/EO-334.pdf
NJ-MURPHY-EO-333,NJ,Murphy,333,amendment,Governor Signs Executive Order Amending Prior EOs to Align with the Newly-Enacted Elections Transparency Act,2023-06-15,,False,pdf,https://www.nj.gov/infobank/eo/056murphy/pdf/EO-333.pdf
NJ-MURPHY-EO-332,NJ,Murphy,332,termination,Governor Murphy Signs Executive Order to Rescind COVID-19 Vaccination Requirements for Health Care Settings,2023-06-12,,False,pdf,https://www.nj.gov/infobank/eo/056murphy/pdf/EO-332.pdf
NJ-MURPHY-EO-331,NJ,Murphy,331,declaration,,2023-06-09,,False,pdf,https://www.nj.gov/infobank/eo/056murphy/pdf/EO-331.pdf
NJ-MURPHY-EO-330,NJ,Murphy,330,declaration,"Governor Murphy Signs Executive Order to Flown Flags at Half-Staff in Recognition of and mourning of former Assemblyman and Commissioner of Environmental Protection Robert C. Shinn, Jr.",2023-05-16,,False,pdf,https://www.nj.gov/infobank/eo/056murphy/pdf/EO-330.pdf
NJ-MURPHY-EO-329,NJ,Murphy,329,declaration,Governor Murphy Signs Executive Order to Flown Flags at Half-Staff in Recognition of and mourning of Deptford Township Police Officer Robert Shisler,2023-05-11,,False,pdf,https://www.nj.gov/infobank/eo/056murphy/pdf/EO-329.pdf
NJ-MURPHY-EO-328,NJ,Murphy,328,declaration,Governor Murphy Signs Executive Order to Flown Flags at Half-Staff in Recognition of Passing Anniversary of State Trooper Werner Foerster,2023-05-01,,False,pdf,https://www.nj.gov/infobank/eo/056murphy/pdf/EO-328.pdf
NJ-MURPHY-EO-327,NJ,Murphy,327,declaration,Governor Murphy Signs Executive Order to Prioritize Work Experience and Skills Training Over Four-Year Degrees for Certain State Employment Opportunities,2023-04-10,,False,pdf,https://www.nj.gov/infobank/eo/056murphy/pdf/EO-327.pdf
NJ-MURPHY-EO-326,NJ,Murphy,326,declaration,Governor Murphy Signs Executive Order Protecting Gender-Affirming Health Care in New Jersey,2023-04-04,,False,pdf,https://www.nj.gov/infobank/eo/056murphy/pdf/EO-326.pdf
NJ-MURPHY-EO-325,NJ,Murphy,325,declaration,Governor Murphy Signs Executive Order to Lift COVID-19 Testing Requirements in Congregate Care and Health Care Settings,2023-04-03,,False,pdf,https://www.nj.gov/infobank/eo/056murphy/pdf/EO-325.pdf
NJ-MURPHY-EO-324,NJ,Murphy,324,declaration,"Governor Murphy Directs the Lowering of U.S. and New Jersey Flags in Honor of United States Army Sergeant David Solinas, Jr.",2023-04-03,,False,pdf,https://www.nj.gov/infobank/eo/056murphy/pdf/EO-324.pdf
NJ-MURPHY-EO-323,NJ,Murphy,323,declaration,Governor Murphy Order And Direct The Opioid Recovery And Remediation Advisory Council Created By Executive Order No. 305 (2022),2023-03-17,,False,pdf,https://www.nj.gov/infobank/eo/056murphy/pdf/EO-323.pdf
NJ-MURPHY-EO-322,NJ,Murphy,322,declaration,Governor Murphy Lifts Storm-Related State of Emergency,2023-03-16,,True,pdf,https://www.nj.gov/infobank/eo/056murphy/pdf/EO-322.pdf
NJ-MURPHY-EO-321,NJ,Murphy,321,declaration,,2023-03-16,,False,pdf,https://www.nj.gov/infobank/eo/056murphy/pdf/EO-321.pdf
NJ-MURPHY-EO-320,NJ,Murphy,320,declaration,Governor Murphy Declares State of Emergency for Five New Jersey Counties in Preparation for Winter Storm,2023-03-13,,True,pdf,https://www.nj.gov/infobank/eo/056murphy/pdf/EO-320.pdf
NJ-MURPHY-EO-319,NJ,Murphy,319,declaration,Establishing Equity and Sustainability Advisory Council to Develop Policy for State Workforce,2023-02-15,,False,pdf,https://www.nj.gov/infobank/eo/056murphy/pdf/EO-319.pdf
NJ-MURPHY-EO-318,NJ,Murphy,318,declaration,Governor Murphy Declares State of Emergency for Five New Jersey Counties in Preparation for Winter Stormman Francis Bodine,2023-02-15,,False,pdf,https://www.nj.gov/infobank/eo/056murphy/pdf/EO-318.pdf
NJ-MURPHY-EO-317,NJ,Murphy,317,declaration,"Governor Murphy Sign Executive Order Initiating a Process In Partnership With The State’S Hometown Utilities, Key Stakeholders Including Organized Labor, And The New Jersey Board Of Public Utilities (BPU) To Plan For The Future Of The Natural Gas Utility In New Jersey",2023-02-15,,True,pdf,https://www.nj.gov/infobank/eo/056murphy/pdf/EO-317.pdf
NJ-MURPHY-EO-316,NJ,Murphy,316,declaration,"Governor Murphy Signs Executive Order to Target To Install Zero-Carbon-Emission Space Heating And Cooling Systems In 400,000 Homes And 20,000 Commercial Properties And Make 10% Of All Low-To-Moderate Income (LMI) Properties Electrification-Ready By 2030",2023-02-15,,True,pdf,https://www.nj.gov/infobank/eo/056murphy/pdf/EO-316.pdf
NJ-MURPHY-EO-315,NJ,Murphy,315,declaration,"Governor Murphy Signs Executive Order to Accelerate Target Of 100% Clean Energy By 2035, Defined As 100% Of The Electricity Sold In The State To Come From Clean Sources Of Electricity By January 1, 2035 Through Clean Energy Market Mechanisms, Paired With Support For A Clean Energy Standard In New Jersey",2023-02-15,,True,pdf,https://www.nj.gov/infobank/eo/056murphy/pdf/EO-315.pdf
NJ-MURPHY-EO-314,NJ,Murphy,314,declaration,Governor Murphy Orders Flags to Fly at Half-Staff in Honor of Sayreville Councilwoman Eunice Dwumfour,2023-02-06,,False,pdf,https://www.nj.gov/infobank/eo/056murphy/pdf/EO-314.pdf
NJ-MURPHY-EO-313,NJ,Murphy,313,declaration,Acting Governor Oliver Signs Executive Order Addressing Municipal Run-off Elections,2022-11-18,,False,pdf,https://www.nj.gov/infobank/eo/056murphy/pdf/EO-313.pdf
NJ-MURPHY-EO-312,NJ,Murphy,312,declaration,Governor Murphy Orders Flags to Fly at Half-Staff in Honor of Former New Jersey First Lady Lucinda Florio,2022-11-16,,False,pdf,https://www.nj.gov/infobank/eo/056murphy/pdf/EO-312.pdf
NJ-MURPHY-EO-311,NJ,Murphy,311,declaration,Governor Murphy Signs Executive Order Requiring Name Change Order Confidentiality,2022-11-16,,False,pdf,https://www.nj.gov/infobank/eo/056murphy/pdf/EO-311.pdf
NJ-MURPHY-EO-310,NJ,Murphy,310,declaration,Murphy Administration Takes Actions to Facilitate the Reinstatement of a Regulated Black Bear Hunt This Year to Protect the Safety of Residents,2022-11-15,,False,pdf,https://www.nj.gov/infobank/eo/056murphy/pdf/EO-310.pdf
NJ-MURPHY-EO-309,NJ,Murphy,309,declaration,Governor Murphy Signs Executive Order Establishing Task Force to Help Address Public School Staff Shortages Across New Jersey,2022-11-10,,False,pdf,https://www.nj.gov/infobank/eo/056murphy/pdf/EO-309.pdf
NJ-MURPHY-EO-308,NJ,Murphy,308,declaration,Governor Murphy Orders Flags to Fly at Half-Staff in Honor of Former Governor Florio,2022-09-26,,False,pdf,https://www.nj.gov/infobank/eo/056murphy/pdf/EO-308.pdf
NJ-MURPHY-EO-307,NJ,Murphy,307,declaration,"Governor Murphy Signs Executive Order Increasing Offshore Wind Goal to 11,000 MW by 2040",2022-09-21,,False,pdf,https://www.nj.gov/infobank/eo/056murphy/pdf/EO-307.pdf
NJ-MURPHY-EO-306,NJ,Murphy,306,declaration,,2001-09-11,,False,pdf,https://www.nj.gov/infobank/eo/056murphy/pdf/EO-306.pdf
NJ-MURPHY-EO-305,NJ,Murphy,305,declaration,Governor Murphy Signs Executive Order Establishing an Opioid Recovery and Remediation Advisory Council,2022-08-31,,False,pdf,https://www.nj.gov/infobank/eo/056murphy/pdf/EO-305.pdf
NJ-MURPHY-EO-304,NJ,Murphy,304,declaration,Governor Murphy Signs Executive Order Facilitating and Expanding Pro Bono Legal Representation for the State,2022-08-25,,False,pdf,https://www.nj.gov/infobank/eo/056murphy/pdf/EO-304.pdf
NJ-MURPHY-EO-303,NJ,Murphy,303,declaration,,2022-08-19,,False,pdf,https://www.nj.gov/infobank/eo/056murphy/pdf/EO-303.pdf
NJ-MURPHY-EO-302,NJ,Murphy,302,declaration,"Governor Murphy Signs Executive Order Lifting Routine COVID-19 Testing Requirements for School Districts, Child Care Settings, and State Contractors",2022-08-15,,False,pdf,https://www.nj.gov/infobank/eo/056murphy/pdf/EO-302.pdf
NJ-MURPHY-EO-301,NJ,Murphy,301,declaration,Governor Murphy Orders Flags to Fly at Half-Staff in Honor of Assemblyman Ronald Dancer,2022-07-25,,False,pdf,https://www.nj.gov/infobank/eo/056murphy/pdf/EO-301.pdf
NJ-MURPHY-EO-300,NJ,Murphy,300,declaration,"Governor Murphy Orders Flags to Fly at Half-Staff Following the Death of Dr. Anthony M. Villane, Jr.",2022-07-05,,False,pdf,https://www.nj.gov/infobank/eo/056murphy/pdf/EO-300.pdf
NJ-MURPHY-EO-299,NJ,Murphy,299,declaration,Governor Murphy Signs Executive Order Directing State Departments and Agencies to Identify Gun Violence Prevention Measures,2022-06-24,,False,pdf,https://www.nj.gov/infobank/eo/056murphy/pdf/EO-299.pdf
NJ-MURPHY-EO-298,NJ,Murphy,298,declaration,Acting Governor Scutari Declares First Saturday in June National Trails Day in New Jersey,2022-06-06,,False,pdf,https://www.nj.gov/infobank/eo/056murphy/pdf/EO-298.pdf
NJ-MURPHY-EO-297,NJ,Murphy,297,declaration,Governor Murphy Orders Flags to Fly at Half-Staff in Recognition of the Lives Lost at Robb Elementary School in Texas,2022-05-25,,False,pdf,https://www.nj.gov/infobank/eo/056murphy/pdf/EO-297.pdf
NJ-MURPHY-EO-296,NJ,Murphy,296,declaration,Governor Murphy Signs Executive Order Activating Price Gouging Laws & Outlines Steps Taken by the Administration to Address National Baby Formula Shortage,2022-05-17,,False,pdf,https://www.nj.gov/infobank/eo/056murphy/pdf/EO-296.pdf
NJ-MURPHY-EO-295,NJ,Murphy,295,declaration,Governor Murphy Signs Executive Order Directing the Department of the Treasury to develop a program for the registration or certification of LGBTQ+-owned business enterprises.,2022-05-03,,False,pdf,https://www.nj.gov/infobank/eo/056murphy/pdf/EO-295.pdf
NJ-MURPHY-EO-294,NJ,Murphy,294,declaration,Governor Murphy Signs Executive Order Clarifying COVID-19 Vaccine Requirements for Workers in Health Care and Congregate Settings,2022-04-13,,False,pdf,https://www.nj.gov/infobank/eo/056murphy/pdf/EO-294.pdf
NJ-MURPHY-EO-293,NJ,Murphy,293,declaration,Governor Murphy Orders Flags to Fly at Half-Staff in Honor of Former U.S. Secretary of State Madeleine Albright,2022-03-25,,False,pdf,https://www.nj.gov/infobank/eo/056murphy/pdf/EO-293.pdf
NJ-MURPHY-EO-292,NJ,Murphy,292,declaration,Governor Murphy Signs Executive Order Lifting COVID-19 Public Health Emergency,2022-03-04,,False,pdf,https://www.nj.gov/infobank/eo/056murphy/pdf/EO-292.pdf
NJ-MURPHY-EO-291,NJ,Murphy,291,declaration,Governor Murphy Directs All State Agencies to Identify Actions to Prevent State Resources From Supporting the Russian Government,2022-03-02,,False,pdf,https://www.nj.gov/infobank/eo/056murphy/pdf/EO-291.pdf
NJ-MURPHY-EO-290,NJ,Murphy,290,declaration,"Executive Order No. 290 updates and clarifies timeframes for requiring covered workers at health care facilities and high-risk congregate settings to be up to date with their COVID-19 vaccinations, including having received a booster shot.",2022-03-02,,False,pdf,https://www.nj.gov/infobank/eo/056murphy/pdf/EO-290.pdf
NJ-MURPHY-EO-289,NJ,Murphy,289,declaration,Governor Murphy Orders Flags to Fly at Half-Staff in Honor of U.S. Navy Seaman Kyle Mullen,2022-02-10,,False,pdf,https://www.nj.gov/infobank/eo/056murphy/pdf/EO-289.pdf
NJ-MURPHY-EO-288,NJ,Murphy,288,extension,Governor Murphy Signs Executive Order Extending Public Health Emergency in New Jersey,2022-02-10,,False,pdf,https://www.nj.gov/infobank/eo/056murphy/pdf/EO-288.pdf
NJ-MURPHY-EO-287,NJ,Murphy,287,declaration,Governor Murphy Orders Flags to Fly at Half-Staff in Honor of Judge Barbara A. Curran,2022-02-09,,False,pdf,https://www.nj.gov/infobank/eo/056murphy/pdf/EO-287.pdf
NJ-MURPHY-EO-286,NJ,Murphy,286,declaration,Governor Murphy Lifts Storm-Related State of Emergency,2022-02-04,,True,pdf,https://www.nj.gov/infobank/eo/056murphy/pdf/EO-286.pdf
NJ-MURPHY-EO-285,NJ,Murphy,285,declaration,Governor Murphy Declares Statewide State of Emergency in Preparation for Expected Winter Storm,2022-01-28,2022-02-04,True,pdf,https://www.nj.gov/infobank/eo/056murphy/pdf/EO-285.pdf
NJ-MURPHY-EO-284,NJ,Murphy,284,declaration,Governor Murphy Signs Executive Order Updating State Commission Charged with Facilitating Response Plans for Chemical Releases,2022-01-20,,False,pdf,https://www.nj.gov/infobank/eo/056murphy/pdf/EO-284.pdf
NJ-MURPHY-EO-281,NJ,Murphy,281,extension,"Governor Murphy continues Executive Orders Nos. 111, 112, and 207, allows Executive Orders Nos. 251, 252, 253, 264, and 271 to remain in effect, and extends various regulatory actions taken by the departments in response to COVID-19",2022-01-11,,False,pdf,https://www.nj.gov/infobank/eo/056murphy/pdf/EO-281.pdf
NJ-MURPHY-EO-280,NJ,Murphy,280,declaration,Governor Murphy Decalres that a Public Health Emergency exists in the State of New Jersey and that the State of Emergency declared in Executive Order No. 103 (2020) remains in full force and effect,2022-01-11,,False,pdf,https://www.nj.gov/infobank/eo/056murphy/pdf/EO-280.pdf
NJ-MURPHY-EO-283,NJ,Murphy,283,declaration,Governor Murphy Signs Executive Order Strengthening COVID-19 Vaccination Requirements for Workers in Health Care and Congregate Settings and Requiring COVID-19 Booster Doses,2022-01-19,,False,pdf,https://www.nj.gov/infobank/eo/056murphy/pdf/EO-283.pdf
NJ-MURPHY-EO-282,NJ,Murphy,282,declaration,Governor Murphy Lifts Storm-Related States of Emergency,2022-01-13,,True,pdf,https://www.nj.gov/infobank/eo/056murphy/pdf/EO-282.pdf
NJ-MURPHY-EO-279,NJ,Murphy,279,declaration,Governor Murphy Declares Statewide State of Emergency in Preparation for Expected Winter Storm,2022-01-06,,True,pdf,https://www.nj.gov/infobank/eo/056murphy/pdf/EO-279.pdf
NJ-MURPHY-EO-278,NJ,Murphy,278,declaration,"Governor Murphy Declares State of Emergency in Atlantic, Burlington, Cape May, Cumberland, and Ocean Counties in Preparation for Expected Winter Storm",2022-01-02,,True,pdf,https://www.nj.gov/infobank/eo/056murphy/pdf/EO-278.pdf
NJ-MURPHY-EO-277,NJ,Murphy,277,declaration,Governor Murphy Launches New Jersey Health Care Cost Benchmark Program,2021-12-21,,False,pdf,https://www.nj.gov/infobank/eo/056murphy/pdf/EO-277.pdf
NJ-MURPHY-EO-276,NJ,Murphy,276,declaration,Governor Murphy Orders Flags to Fly at Half-Staff in Honor of U.S. Senator Bob Dole,2021-12-08,,False,pdf,https://www.nj.gov/infobank/eo/056murphy/pdf/EO-276.pdf
NJ-MURPHY-EO-275,NJ,Murphy,275,declaration,Governor Murphy Signs Executive Order Clarifying Certain Statutory Deadlines Across State Government - Appendix To Executive Order No. 275,2021-11-23,,False,pdf,https://www.nj.gov/infobank/eo/056murphy/pdf/EO-275.pdf
NJ-MURPHY-EO-274,NJ,Murphy,274,declaration,Governor Murphy Advances Climate Action to Secure New Jersey’s Clean Energy Future,2021-11-10,,True,pdf,https://www.nj.gov/infobank/eo/056murphy/pdf/EO-274.pdf
NJ-MURPHY-EO-273,NJ,Murphy,273,declaration,Governor Murphy Lifts Storm-Related State of Emergency,2021-11-01,,True,pdf,https://www.nj.gov/infobank/eo/056murphy/pdf/EO-273.pdf
NJ-MURPHY-EO-272,NJ,Murphy,272,declaration,Declares State of Emergency in Preparation for Nor’easter Storm,2021-10-25,,True,pdf,https://www.nj.gov/infobank/eo/056murphy/pdf/EO-272.pdf
NJ-MURPHY-EO-271,NJ,Murphy,271,declaration,Governor Murphy Signs Executive Order Instituting Vaccination or Testing Requirement for State Contracted Employees,2021-10-20,,False,pdf,https://www.nj.gov/infobank/eo/056murphy/pdf/EO-271.pdf
NJ-MURPHY-EO-270,NJ,Murphy,270,declaration,Governor Murphy Orders Flags to Fly at Half-Staff in Honor of General Colin Luther  Powell,2021-10-18,,False,pdf,https://www.nj.gov/infobank/eo/056murphy/pdf/EO-270.pdf
NJ-MURPHY-EO-269,NJ,Murphy,269,declaration,Governor Murphy Orders Flags to Fly at Half-Staff in Honor of General Ray Odierno,2021-10-18,,False,pdf,https://www.nj.gov/infobank/eo/056murphy/pdf/EO-269.pdf
NJ-MURPHY-EO-268,NJ,Murphy,268,declaration,Governor Murphy Orders Flags to Fly at Half-Staff in Honor of Assemblyman George Richardson,2021-10-14,,False,pdf,https://www.nj.gov/infobank/eo/056murphy/pdf/EO-268.pdf
NJ-MURPHY-EO-267,NJ,Murphy,267,declaration,Governor Murphy Signs Executive Order Addressing Duplications of Benefits in Expenditures of American Rescue Plan State and Local Fiscal Recovery Funds,2021-10-08,,False,pdf,https://www.nj.gov/infobank/eo/056murphy/pdf/EO-267.pdf
NJ-MURPHY-EO-266,NJ,Murphy,266,declaration,Governor Murphy Signs Executive Order to Increase Pay for New Jersey’s Poll Workers for the November 2021 General Election,2021-10-05,,False,pdf,https://www.nj.gov/infobank/eo/056murphy/pdf/EO-266.pdf
NJ-MURPHY-EO-265,NJ,Murphy,265,declaration,"Creates the Office of Diversity, Equity, Inclusion, and Belonging in the Governor’s Office.",2021-09-20,,False,pdf,https://www.nj.gov/infobank/eo/056murphy/pdf/EO-265.pdf
NJ-MURPHY-EO-264,NJ,Murphy,264,declaration,Governor Murphy Signs Executive Order Instituting Vaccination or Testing Requirement for All Child Care Center Personnel,2021-09-20,,True,pdf,https://www.nj.gov/infobank/eo/056murphy/pdf/EO-264.pdf
NJ-MURPHY-EO-263,NJ,Murphy,263,extension,Governor Murphy Signs Executive Order Allowing Extended Rulemaking Deadlines to Expire,2021-09-17,,False,pdf,https://www.nj.gov/infobank/eo/056murphy/pdf/EO-263.pdf
NJ-MURPHY-EO-262,NJ,Murphy,262,declaration,"Governor Murphy Orders establishing the Wealth Disparity Task Force, which was previously announced on Juneteenth of this year.",2021-09-14,,False,pdf,https://www.nj.gov/infobank/eo/056murphy/pdf/EO-262.pdf
NJ-MURPHY-EO-261,NJ,Murphy,261,declaration,Governor Murphy Orders Flags to Fly at Half-Staff in Observation of the 20th Anniversary of 9/11,2021-09-10,,False,pdf,https://www.nj.gov/infobank/eo/056murphy/pdf/EO-261.pdf
NJ-MURPHY-EO-260,NJ,Murphy,260,declaration,Governor Murphy Directs U.S. and New Jersey Flags to Fly at Half-Staff to Honor Those Who Lost Their Lives to Tropical Storm Ida,2021-09-07,,True,pdf,https://www.nj.gov/infobank/eo/056murphy/pdf/EO-260.pdf
NJ-MURPHY-EO-259,NJ,Murphy,259,declaration,Governor Murphy Declares State of Emergency in Response to Tropical Storm Ida,2021-09-01,,True,pdf,https://www.nj.gov/infobank/eo/056murphy/pdf/EO-259.pdf
NJ-MURPHY-EO-258,NJ,Murphy,258,declaration,Governor Murphy Directs U.S. and New Jersey Flags to Fly at Half-Staff in Honor of Berkeley Township Beach Patrol Lifeguard Keith Pinto,2021-09-01,,True,pdf,https://www.nj.gov/infobank/eo/056murphy/pdf/EO-258.pdf
NJ-MURPHY-EO-257,NJ,Murphy,257,declaration,Governor Murphy Governor Murphy Directs U.S. and New Jersey Flags to Fly at Half-Staff in Honor of Former Assembly Speaker Pro Tempore Nicholas R. Felice,2021-08-31,,False,pdf,https://www.nj.gov/infobank/eo/056murphy/pdf/EO-257.pdf
NJ-MURPHY-EO-256,NJ,Murphy,256,declaration,Governor Murphy Establishes Task Force on Afghan Refugee Assistance,2021-08-27,,False,pdf,https://www.nj.gov/infobank/eo/056murphy/pdf/EO-256.pdf
NJ-MURPHY-EO-255,NJ,Murphy,255,declaration,,2021-08-30,,False,pdf,https://www.nj.gov/infobank/eo/056murphy/pdf/EO-255.pdf
NJ-MURPHY-EO-254,NJ,Murphy,254,declaration,"Murphy Directs U.S. and New Jersey Flags to Fly at Half-Staff in Honor of Cape May Beach Patrol Lifeguard Norman V. Inferrera, III",2021-08-24,,False,pdf,https://www.nj.gov/infobank/eo/056murphy/pdf/EO-254.pdf
NJ-MURPHY-EO-253,NJ,Murphy,253,declaration,Instituting Vaccination or Testing Requirement for All Preschool to Grade 12 Personnel and for All State Workers,2021-08-23,,False,pdf,https://www.nj.gov/infobank/eo/056murphy/pdf/EO-253.pdf
NJ-MURPHY-EO-252,NJ,Murphy,252,declaration,Directs Vaccination or Testing Requirement for Workers in Health Care Facilities and High-Risk Congregate Settings,2021-08-06,,False,pdf,https://www.nj.gov/infobank/eo/056murphy/pdf/EO-252.pdf
NJ-MURPHY-EO-251,NJ,Murphy,251,declaration,Governor Murphy Announces Indoor Mask Requirement for Beginning of 2021-2022 School Year,2021-08-06,,True,pdf,https://www.nj.gov/infobank/eo/056murphy/pdf/EO-251.pdf
NJ-MURPHY-EO-250,NJ,Murphy,250,declaration,Governor Murphy Directs U.S. and New Jersey Flags to Fly at Half-Staff in Honor of AFL-CIO President Richard Trumka,2021-08-06,,False,pdf,https://www.nj.gov/infobank/eo/056murphy/pdf/EO-250.pdf
NJ-MURPHY-EO-249,NJ,Murphy,249,termination,"Updates the state’s evictions moratorium to be identical to provisions in S-3691, including the rescinding of certain provisions of Executive Order No. 106 (2020) and aligning expiration dates of other provisions in accordance with the new law.",2021-08-04,,False,pdf,https://www.nj.gov/infobank/eo/056murphy/pdf/EO-249.pdf
NJ-MURPHY-EO-248,NJ,Murphy,248,declaration,Governor Murphy Signs Executive Order Updating Procedures Related to the National Incident Management System,2021-07-20,,False,pdf,https://www.nj.gov/infobank/eo/056murphy/pdf/EO-248.pdf
NJ-MURPHY-EO-247,NJ,Murphy,247,declaration,Governor Murphy Directs U.S. and New Jersey Flags to Fly at Half-Staff in Honor of Former Camden Mayor Gwendolyn Faison,2021-07-12,,False,pdf,https://www.nj.gov/infobank/eo/056murphy/pdf/EO-247.pdf
NJ-MURPHY-EO-246,NJ,Murphy,246,declaration,"Governor Murphy Signs Executive Order Ending Moratorium on Utility Shutoffs, Establishes Six-Month Grace Period for All Customers",2021-06-14,,False,pdf,https://www.nj.gov/infobank/eo/056murphy/pdf/EO-246.pdf
NJ-MURPHY-EO-245,NJ,Murphy,245,declaration,Governor Murphy Directs U.S. and New Jersey Flags to Fly at Half-Staff in Honor of Private First Class Dalton Beals,2021-06-08,,False,pdf,https://www.nj.gov/infobank/eo/056murphy/pdf/EO-245.pdf
NJ-MURPHY-EO-244,NJ,Murphy,244,declaration,Governor Murphy Signs Legislation and Executive Order Ending COVID-19 Public Health Emergency,2021-06-04,,False,pdf,https://www.nj.gov/infobank/eo/056murphy/pdf/EO-244.pdf
NJ-MURPHY-EO-243,NJ,Murphy,243,termination,Rescinds the requirement from Executive Order No. 107 that businesses and non-profits accommodate telework arrangements for their workforce to the maximum extent practicable and reduce their on-site staff to the minimal number necessary for their operations.,2021-05-26,,False,pdf,https://www.nj.gov/infobank/eo/056murphy/pdf/EO-243.pdf
NJ-MURPHY-EO-242,NJ,Murphy,242,declaration,"Governor Murphy Lifts Major COVID-19 Restrictions, Moves Forward with Most Significant Reopening Steps to Date",2021-05-24,,False,pdf,https://www.nj.gov/infobank/eo/056murphy/pdf/EO-242.pdf
NJ-MURPHY-EO-241,NJ,Murphy,241,declaration,Governor Eliminates Mask Requirement in Outdoor Public Spaces,2021-05-17,,False,pdf,https://www.nj.gov/infobank/eo/056murphy/pdf/EO-241.pdf
NJ-MURPHY-EO-240,NJ,Murphy,240,extension,Governor Extends the Public Health Emergency for Another 30-Day Period,2021-05-14,,False,pdf,https://www.nj.gov/infobank/eo/056murphy/pdf/EO-240.pdf
NJ-MURPHY-EO-239,NJ,Murphy,239,declaration,Governor Murphy Signs Executive Order Implementing Second Phase of COVID-19 Restriction Easing,2021-05-12,,False,pdf,https://www.nj.gov/infobank/eo/056murphy/pdf/EO-239.pdf
NJ-MURPHY-EO-238,NJ,Murphy,238,declaration,"Governor Murphy Signs Executive Order announcing an additional easing of restrictions, including a removal of all percentage capacity limits for indoor and outdoor businesses, a lifting of the prohibition on indoor bar seating, and an end to the outdoor gathering limit.",2021-05-03,,False,pdf,https://www.nj.gov/infobank/eo/056murphy/pdf/EO-238.pdf
NJ-MURPHY-EO-237,NJ,Murphy,237,declaration,Governor Murphy Signs Executive Order Permitting Summer Youth Overnight and Day Camps for the 2021 Season,2021-04-28,,False,pdf,https://www.nj.gov/infobank/eo/056murphy/pdf/EO-237.pdf
NJ-MURPHY-EO-236,NJ,Murphy,236,declaration,Governor Murphy Directs U.S. and New Jersey Flags to Remain at Half-Staff Until Interment in Honor of Vice President Walter Mondale,2021-04-21,,False,pdf,https://www.nj.gov/infobank/eo/056murphy/pdf/EO-236.pdf
NJ-MURPHY-EO-235,NJ,Murphy,235,declaration,,2020-03-09,,False,pdf,https://www.nj.gov/infobank/eo/056murphy/pdf/EO-235.pdf
NJ-MURPHY-EO-234,NJ,Murphy,234,declaration,Governor Murphy Announces Increased Outdoor Gathering Limits and Increased Capacity for Large Venues,2021-03-29,,False,pdf,https://www.nj.gov/infobank/eo/056murphy/pdf/EO-234.pdf
NJ-MURPHY-EO-233,NJ,Murphy,233,declaration,"Provides all stimulus payments issued to New Jerseyans under the American Rescue Plan Act to be exempt from, and will not be subject to, garnishment by private creditors and debt collectors.",2021-03-24,,False,pdf,https://www.nj.gov/infobank/eo/056murphy/pdf/EO-233.pdf
NJ-MURPHY-EO-232,NJ,Murphy,232,declaration,Governor Murphy Signs Executive Order Allowing Outdoor Interstate Youth Sports Competitions,2021-03-17,,False,pdf,https://www.nj.gov/infobank/eo/056murphy/pdf/EO-232.pdf
NJ-MURPHY-EO-231,NJ,Murphy,231,extension,Governor Murphy Signs Executive Order Extending Public Health Emergency in New Jersey,2021-03-17,,False,pdf,https://www.nj.gov/infobank/eo/056murphy/pdf/EO-231.pdf
NJ-MURPHY-EO-230,NJ,Murphy,230,declaration,Governor Murphy Announces Increased Capacity Limits for Indoor Businesses and Indoor and Outdoor Gatherings,2021-03-11,,False,pdf,https://www.nj.gov/infobank/eo/056murphy/pdf/EO-230.pdf
NJ-MURPHY-EO-229,NJ,Murphy,229,declaration,,2021-06-30,,False,pdf,https://www.nj.gov/infobank/eo/056murphy/pdf/EO-229.pdf
NJ-MURPHY-EO-228,NJ,Murphy,228,declaration,Governor Murphy Signs Executive Order Clarifying Wedding Receptions Can Operate at Increased Capacity,2021-03-03,,False,pdf,https://www.nj.gov/infobank/eo/056murphy/pdf/EO-228.pdf
NJ-MURPHY-EO-227,NJ,Murphy,227,declaration,Governor Murphy Signs Executive Order Creating the Age-Friendly State Advisory Council,2021-03-02,,False,pdf,https://www.nj.gov/infobank/eo/056murphy/pdf/EO-227.pdf
NJ-MURPHY-EO-226,NJ,Murphy,226,declaration,Governor Murphy Lifts Storm-Related State of Emergency,2021-02-23,,True,pdf,https://www.nj.gov/infobank/eo/056murphy/pdf/EO-226.pdf
NJ-MURPHY-EO-225,NJ,Murphy,225,declaration,"Governor Murphy Announces Increased Capacity Limits for Religious Services and Large Sports and Entertainment Venues, and Spectators for Collegiate Sporting Events",2021-02-22,,False,pdf,https://www.nj.gov/infobank/eo/056murphy/pdf/EO-225.pdf
NJ-MURPHY-EO-224,NJ,Murphy,224,declaration,Governor Murphy Directs U.S. and New Jersey Flags to Fly at Half-Staff in Honor of Senator Gerry Cardinale,2021-02-21,,False,pdf,https://www.nj.gov/infobank/eo/056murphy/pdf/EO-224.pdf
NJ-MURPHY-EO-223,NJ,Murphy,223,declaration,Governor Murphy Clarifies Procedures for Upcoming Elections,2021-02-19,,False,pdf,https://www.nj.gov/infobank/eo/056murphy/pdf/EO-223.pdf
NJ-MURPHY-EO-222,NJ,Murphy,222,extension,Governor Murphy Signs Executive Order Extending Public Health Emergency in New Jersey,2021-02-17,,False,pdf,https://www.nj.gov/infobank/eo/056murphy/pdf/EO-222.pdf
NJ-MURPHY-EO-221,NJ,Murphy,221,declaration,Governor Murphy signed Executive Order No. 221 establishing the Office of Climate Action and the Green Economy,2021-02-16,,False,pdf,https://www.nj.gov/infobank/eo/056murphy/pdf/EO-221.pdf
NJ-MURPHY-EO-220,NJ,Murphy,220,declaration,Governor Murphy Announces Executive Order Allowing Limited Spectators at Youth Sporting Events,2021-02-12,,False,pdf,https://www.nj.gov/infobank/eo/056murphy/pdf/EO-220.pdf
NJ-MURPHY-EO-219,NJ,Murphy,219,declaration,Governor Murphy Signs Executive Order Raising Indoor Capacity Limits from 25 Percent to 35 Percent for Certain Businesses,2021-02-03,,False,pdf,https://www.nj.gov/infobank/eo/056murphy/pdf/EO-219.pdf
NJ-MURPHY-EO-218,NJ,Murphy,218,declaration,Governor Murphy Declares State of Emergency In Response to Expected Winter Storm,2021-01-31,,True,pdf,https://www.nj.gov/infobank/eo/056murphy/pdf/EO-218.pdf
NJ-MURPHY-EO-217,NJ,Murphy,217,declaration,Governor Murphy Signs Executive Order Advancing Health Care Affordability Efforts,2021-01-28,,False,pdf,https://www.nj.gov/infobank/eo/056murphy/pdf/EO-217.pdf
NJ-MURPHY-EO-216,NJ,Murphy,216,declaration,"Governor Murphy Signs Executive Order on Petition Requirements for Upcoming Elections, Including the June Primary Election",2021-01-25,,False,pdf,https://www.nj.gov/infobank/eo/056murphy/pdf/EO-216.pdf
NJ-MURPHY-EO-215,NJ,Murphy,215,extension,Governor Murphy Signs Executive Order Extending Public Health Emergency in New Jersey,2021-01-19,,False,pdf,https://www.nj.gov/infobank/eo/056murphy/pdf/EO-215.pdf
NJ-MURPHY-EO-214,NJ,Murphy,214,declaration,Governor Murphy Signs Executive Order to Implement New Policies for the 2020-2021 School Year,2021-01-11,,False,pdf,https://www.nj.gov/infobank/eo/056murphy/pdf/EO-214.pdf
NJ-MURPHY-EO-213,NJ,Murphy,213,declaration,Governor Murphy Directs U.S. and New Jersey Flags to Fly at Half-Staff in Honor of U.S. Capitol Police Officer Brian Sicknick and shall remain at half-staff through the day of Officer Sicknick’s interment,2021-01-10,,False,pdf,https://www.nj.gov/infobank/eo/056murphy/pdf/EO-213.pdf
NJ-MURPHY-EO-212,NJ,Murphy,212,declaration,Governor Murphy Directs U.S. and New Jersey Flags to Fly at Half-Staff in Honor of U.S. Capitol Police Officer Brian Sicknick,2021-01-09,,False,pdf,https://www.nj.gov/infobank/eo/056murphy/pdf/EO-212.pdf
NJ-MURPHY-EO-211,NJ,Murphy,211,declaration,Governor Murphy Signs Executive Order Postponing Upcoming Elections,2020-12-21,,False,pdf,https://www.nj.gov/infobank/eo/056murphy/pdf/EO-211.pdf
NJ-MURPHY-EO-210,NJ,Murphy,210,extension,Governor Murphy Signs Executive Order Extending Public Health Emergency in New Jersey,2020-12-21,,False,pdf,https://www.nj.gov/infobank/eo/056murphy/pdf/EO-210.pdf
NJ-MURPHY-EO-209,NJ,Murphy,209,declaration,Governor Murphy Lifts Storm-Related State of Emergency,2020-12-18,,True,pdf,https://www.nj.gov/infobank/eo/056murphy/pdf/EO-209.pdf
NJ-MURPHY-EO-208,NJ,Murphy,208,declaration,Governor Murphy Declares State of Emergency In Response to Expected Winter Storm,2020-12-16,,True,pdf,https://www.nj.gov/infobank/eo/056murphy/pdf/EO-208.pdf
NJ-MURPHY-EO-207,NJ,Murphy,207,declaration,Enrolling Residents Who Choose to Receive a COVID-19 Vaccine in the New Jersey Immunization Information System,2020-12-04,,False,pdf,https://www.nj.gov/infobank/eo/056murphy/pdf/EO-207.pdf
NJ-MURPHY-EO-206,NJ,Murphy,206,declaration,,2020-12-04,,False,pdf,https://www.nj.gov/infobank/eo/056murphy/pdf/EO-206.pdf
NJ-MURPHY-EO-205,NJ,Murphy,205,declaration,,2020-12-03,,False,pdf,https://www.nj.gov/infobank/eo/056murphy/pdf/EO-205.pdf
NJ-MURPHY-EO-204,NJ,Murphy,204,declaration,Governor Murphy Signs Executive Order Pausing Indoor Practices and Competitions for Youth and Adult Sports and Lowering Limits on Outdoor Gatherings,2020-11-30,,False,pdf,https://www.nj.gov/infobank/eo/056murphy/pdf/EO-204.pdf
NJ-MURPHY-EO-203,NJ,Murphy,203,declaration,Governor Murphy Signs Executive Order Postponing Special School Elections Scheduled for January 2021,2020-11-25,,False,pdf,https://www.nj.gov/infobank/eo/056murphy/pdf/EO-203.pdf
NJ-MURPHY-EO-202,NJ,Murphy,202,declaration,Governor Murphy Directs U.S. and New Jersey Flags to Fly at Half-Staff in Honor of Former New York City Mayor David N. Dinkins,2020-11-25,,False,pdf,https://www.nj.gov/infobank/eo/056murphy/pdf/EO-202.pdf
NJ-MURPHY-EO-201,NJ,Murphy,201,declaration,Governor Murphy Signs Legislation to Bring Changes to the Use of Body Worn Cameras by New Jersey Law Enforcement,2020-11-24,,False,pdf,https://www.nj.gov/infobank/eo/056murphy/pdf/EO-201.pdf
NJ-MURPHY-EO-200,NJ,Murphy,200,extension,Governor Murphy Signs Executive Order Extending Public Health Emergency in New Jersey,2020-11-22,,False,pdf,https://www.nj.gov/infobank/eo/056murphy/pdf/EO-200.pdf
NJ-MURPHY-EO-199,NJ,Murphy,199,declaration,Governor Murphy Directs U.S. and New Jersey Flags to Fly at Half-Staff in Honor of United States Air Force Senior Airman Richard Asey Samaroo,2020-11-20,,False,pdf,https://www.nj.gov/infobank/eo/056murphy/pdf/EO-199.pdf
NJ-MURPHY-EO-198,NJ,Murphy,198,extension,Governor Murphy Signs Executive Order Extending Certain Election-Related Deadlines,2020-11-19,,False,pdf,https://www.nj.gov/infobank/eo/056murphy/pdf/EO-198.pdf
NJ-MURPHY-EO-197,NJ,Murphy,197,declaration,Governor Murphy Signs Executive Order Waiving Statutory Minimum Number of Live Race Dates for 2020 Calendar Year,2020-11-17,,False,pdf,https://www.nj.gov/infobank/eo/056murphy/pdf/EO-197.pdf
NJ-MURPHY-EO-196,NJ,Murphy,196,declaration,Governor Murphy Signs Executive Order Lowering Limits on Indoor and Outdoor Gatherings,2020-11-16,,False,pdf,https://www.nj.gov/infobank/eo/056murphy/pdf/EO-196.pdf
NJ-MURPHY-EO-195,NJ,Murphy,195,declaration,Governor Murphy Signs Executive Order Permitting Municipalities and Counties to Impose Additional Restrictions on the Hours of Operation of Non-Essential Businesses after 8:00 p.m.,2020-11-12,,False,pdf,https://www.nj.gov/infobank/eo/056murphy/pdf/EO-195.pdf
NJ-MURPHY-EO-194,NJ,Murphy,194,declaration,Governor Murphy Announces New COVID-19 Mitigation Measures,2020-11-10,,False,pdf,https://www.nj.gov/infobank/eo/056murphy/pdf/EO-194.pdf
NJ-MURPHY-EO-193,NJ,Murphy,193,declaration,Governor Murphy Signs Executive Order to Postpone Perth Amboy Runoff Election,2020-11-02,,False,pdf,https://www.nj.gov/infobank/eo/056murphy/pdf/EO-193.pdf
NJ-MURPHY-EO-192,NJ,Murphy,192,declaration,Governor Murphy Signs Executive Order to Protect New Jersey’s Workforce During the COVID-19 Pandemic,2020-10-28,,False,pdf,https://www.nj.gov/infobank/eo/056murphy/pdf/EO-192.pdf
NJ-MURPHY-EO-191,NJ,Murphy,191,declaration,,2020-03-09,,False,pdf,https://www.nj.gov/infobank/eo/056murphy/pdf/EO-191.pdf
NJ-MURPHY-EO-190,NJ,Murphy,190,declaration,,2021-03-15,,False,pdf,https://www.nj.gov/infobank/eo/056murphy/pdf/EO-190.pdf
NJ-MURPHY-EO-189,NJ,Murphy,189,extension,Governor Murphy Signs Executive Order Extending 2019 Corporate Business Tax Calendar Year Return Filing Deadline,2020-10-15,,False,pdf,https://www.nj.gov/infobank/eo/056murphy/pdf/EO-189.pdf
NJ-MURPHY-EO-188,NJ,Murphy,188,declaration,Governor Murphy Signs Executive Order Directing State Agencies to Implement Youth Bias Task Force Report Recommendations,2020-10-13,,False,pdf,https://www.nj.gov/infobank/eo/056murphy/pdf/EO-188.pdf
NJ-MURPHY-EO-187,NJ,Murphy,187,declaration,Governor Murphy Signs Executive Order Allowing the Resumption of Contact Practices and Competitions for Certain Organized Sports in Indoor Settings,2020-10-12,,False,pdf,https://www.nj.gov/infobank/eo/056murphy/pdf/EO-187.pdf
NJ-MURPHY-EO-186,NJ,Murphy,186,extension,Governor Murphy Signs Executive Order Extending Public Health Emergency in New Jersey,2020-09-25,,False,pdf,https://www.nj.gov/infobank/eo/056murphy/pdf/EO-186.pdf
NJ-MURPHY-EO-185,NJ,Murphy,185,declaration,Governor Murphy Directs U.S. and New Jersey Flags to Fly at Half-Staff in Honor of Justice Ruth Bader Ginsburg,2020-09-19,,False,pdf,https://www.nj.gov/infobank/eo/056murphy/pdf/EO-185.pdf
NJ-MURPHY-EO-184,NJ,Murphy,184,declaration,Governor Murphy Orders Flags to Fly at Half-Staff in Observation of 9/11 Anniversary,2020-09-10,,False,pdf,https://www.nj.gov/infobank/eo/056murphy/pdf/EO-184.pdf
NJ-MURPHY-EO-183,NJ,Murphy,183,declaration,"Governor Murphy Signs Executive Order Allowing the Resumption of Indoor Dining Effective Friday, September 4",2020-09-01,,False,pdf,https://www.nj.gov/infobank/eo/056murphy/pdf/EO-183.pdf
NJ-MURPHY-EO-182,NJ,Murphy,182,declaration,Governor Murphy Directs U.S. and New Jersey Flags to Fly at Half-Staff in Honor of Staff Sergeant Vincent P. Marketta,2020-08-31,,False,pdf,https://www.nj.gov/infobank/eo/056murphy/pdf/EO-182.pdf
NJ-MURPHY-EO-181,NJ,Murphy,181,declaration,"Governor Murphy Signs Executive Order Allowing Gyms and Indoor Amusement and Water Parks to Reopen Effective Tuesday, September 1",2020-08-27,,False,pdf,https://www.nj.gov/infobank/eo/056murphy/pdf/EO-181.pdf
NJ-MURPHY-EO-180,NJ,Murphy,180,extension,Governor Murphy Signs Executive Order Extending Public Health Emergency in New Jersey,2020-08-27,,False,pdf,https://www.nj.gov/infobank/eo/056murphy/pdf/EO-180.pdf
NJ-MURPHY-EO-179,NJ,Murphy,179,declaration,Governor Phil Murphy signed an executive order to make modifications to this year’s primarily vote-by-mail (VBM) General Election.,2020-08-25,,False,pdf,https://www.nj.gov/infobank/eo/056murphy/pdf/EO-179.pdf
NJ-MURPHY-EO-178,NJ,Murphy,178,extension,Governor Murphy Signs Executive Order Extending Certain Statutory Deadlines Across State Government Appendix To Executive Order No. 178,2020-08-14,,False,pdf,https://www.nj.gov/infobank/eo/056murphy/pdf/EO-178.pdf
NJ-MURPHY-EO-177,NJ,Murphy,177,declaration,Governor Murphy Signs Executive Order to Protect Public Health by Mailing Every Active Registered Voter a VBM Ballot Ahead of the General Election,2020-08-14,,False,pdf,https://www.nj.gov/infobank/eo/056murphy/pdf/EO-177.pdf
NJ-MURPHY-EO-176,NJ,Murphy,176,declaration,Governor Murphy Lifts State of Emergency Declared in Response to Hurricane Isaias,2020-08-13,,True,pdf,https://www.nj.gov/infobank/eo/056murphy/pdf/EO-176.pdf
NJ-MURPHY-EO-175,NJ,Murphy,175,declaration,Murphy Administration to Open New Jersey’s Schools For In-Person Instruction Subject to Critical Health and Safety Protocols,2020-08-13,,True,pdf,https://www.nj.gov/infobank/eo/056murphy/pdf/EO-175.pdf
NJ-MURPHY-EO-174,NJ,Murphy,174,declaration,Governor Murphy Declares State of Emergency in Response to Hurricane Isaias,2020-08-03,,True,pdf,https://www.nj.gov/infobank/eo/056murphy/pdf/EO-174.pdf
NJ-MURPHY-EO-173,NJ,Murphy,173,declaration,Governor Murphy Announces Decreased Indoor Gathering Capacity Limit,2020-08-03,,False,pdf,https://www.nj.gov/infobank/eo/056murphy/pdf/EO-173.pdf
NJ-MURPHY-EO-172,NJ,Murphy,172,declaration,Governor Murphy Signs Executive Order Allowing Public Employees to Immediately Enroll in State Health Benefits Program,2020-08-03,,False,pdf,https://www.nj.gov/infobank/eo/056murphy/pdf/EO-172.pdf
NJ-MURPHY-EO-171,NJ,Murphy,171,declaration,,2020-03-09,,False,pdf,https://www.nj.gov/infobank/eo/056murphy/pdf/EO-171.pdf
NJ-MURPHY-EO-170,NJ,Murphy,170,extension,Governor Murphy Signs Executive Order Extending Certain Statutory Deadlines Across State Government Appendix To Executive Order No. 170,2020-07-31,,False,pdf,https://www.nj.gov/infobank/eo/056murphy/pdf/EO-170.pdf
NJ-MURPHY-EO-169,NJ,Murphy,169,declaration,Governor Murphy Signs Executive Order which clarifies Executive Order No. 164 and states that the postponement of annual municipal and county party committee reorganization meetings is only applicable to municipal party committees and county party committees that held elections during the July primary elections.,2020-07-20,,False,pdf,https://www.nj.gov/infobank/eo/056murphy/pdf/EO-169.pdf
NJ-MURPHY-EO-168,NJ,Murphy,168,declaration,Governor Murphy Signs Executive Order Allowing the Resumption of Contact Practices and Competitions for Certain Organized Sports in Outdoor Settings,2020-07-20,,False,pdf,https://www.nj.gov/infobank/eo/056murphy/pdf/EO-168.pdf
NJ-MURPHY-EO-167,NJ,Murphy,167,declaration,Governor Murphy Signs Executive Order Directing U.S. and New Jersey Flags to Fly at Half-Staff in Honor of U.S. Representative John Lewis,2020-07-18,,False,pdf,https://www.nj.gov/infobank/eo/056murphy/pdf/EO-167.pdf
NJ-MURPHY-EO-166,NJ,Murphy,166,declaration,Governor Murphy Signs Executive Order Creating Greater Oversight and Accountability for Federal COVID-19 Resources,2020-07-17,,True,pdf,https://www.nj.gov/infobank/eo/056murphy/pdf/EO-166.pdf
NJ-MURPHY-EO-165,NJ,Murphy,165,declaration,Governor Murphy Signs Executive Order Lifting 50 Percent Capacity Limits on NJ TRANSIT and Private-Carrier Vehicles,2020-07-13,,False,pdf,https://www.nj.gov/infobank/eo/056murphy/pdf/EO-165.pdf
NJ-MURPHY-EO-164,NJ,Murphy,164,declaration,Governor Murphy Announces Postponement of Annual Municipal and County Party Committee Reorganization Meetings,2020-07-13,,False,pdf,https://www.nj.gov/infobank/eo/056murphy/pdf/EO-164.pdf
NJ-MURPHY-EO-163,NJ,Murphy,163,declaration,Governor Murphy Signs Executive Order Requiring Individuals to Wear Masks in Outdoor Public Spaces When They Cannot Social Distance,2020-07-08,,False,pdf,https://www.nj.gov/infobank/eo/056murphy/pdf/EO-163.pdf
NJ-MURPHY-EO-162,NJ,Murphy,162,extension,Governor Murphy Signs Executive Order Extending Public Health Emergency in New Jersey,2020-07-02,,False,pdf,https://www.nj.gov/infobank/eo/056murphy/pdf/EO-162.pdf
NJ-MURPHY-EO-161,NJ,Murphy,161,declaration,Governor Murphy Announces Increased Outdoor Gathering Capacity Limit,2020-07-02,,False,pdf,https://www.nj.gov/infobank/eo/056murphy/pdf/EO-161.pdf
NJ-MURPHY-EO-160,NJ,Murphy,160,declaration,Governor Murphy Directs U.S. and New Jersey Flags to Fly at Full Staff Starting July 3,2020-07-02,,False,pdf,https://www.nj.gov/infobank/eo/056murphy/pdf/EO-160.pdf
NJ-MURPHY-EO-159,NJ,Murphy,159,extension,Governor Murphy Signs Executive Order Extending Certain Statutory Deadlines Across State Government - Appendix To Executive Order No. 159,2020-06-30,,False,pdf,https://www.nj.gov/infobank/eo/056murphy/pdf/EO-159.pdf
NJ-MURPHY-EO-158,NJ,Murphy,158,declaration,Governor Murphy Signs Executive Order Temporarily Pausing the Resumption of Indoor Dining,2020-06-29,,False,pdf,https://www.nj.gov/infobank/eo/056murphy/pdf/EO-158.pdf
NJ-MURPHY-EO-157,NJ,Murphy,157,declaration,"Governor Murphy Signs Executive Order Establishing Rules for Indoor Dining, Indoor Recreational Facilities, and Individualized Instruction at Gyms and Fitness Centers",2020-06-26,,False,pdf,https://www.nj.gov/infobank/eo/056murphy/pdf/EO-157.pdf
NJ-MURPHY-EO-156,NJ,Murphy,156,declaration,Governor Murphy Announces Increased Indoor and Outdoor Gathering Capacity Limits,2020-06-22,,False,pdf,https://www.nj.gov/infobank/eo/056murphy/pdf/EO-156.pdf
NJ-MURPHY-EO-155,NJ,Murphy,155,declaration,Governor Murphy Signs Executive Order Allowing for Limited In-Person Instruction at Institutions of Higher Education and Trade and Training Schools Beginning July 1,2020-06-18,,False,pdf,https://www.nj.gov/infobank/eo/056murphy/pdf/EO-155.pdf
NJ-MURPHY-EO-154,NJ,Murphy,154,declaration,Governor Murphy Signs Executive Order Allowing Personal Care Service Facilities to Open Effective June 22,2020-06-13,,False,pdf,https://www.nj.gov/infobank/eo/056murphy/pdf/EO-154.pdf
NJ-MURPHY-EO-153,NJ,Murphy,153,declaration,"Governor Murphy Signs Executive Order Opening Pools Effective June 22, and Opening Additional Outdoor Recreational Businesses",2020-06-09,,False,pdf,https://www.nj.gov/infobank/eo/056murphy/pdf/EO-153.pdf
NJ-MURPHY-EO-152,NJ,Murphy,152,declaration,Governor Murphy Signs Executive Order Lifting Limits on Indoor and Outdoor Gatherings,2020-06-09,,False,pdf,https://www.nj.gov/infobank/eo/056murphy/pdf/EO-152.pdf
NJ-MURPHY-EO-151,NJ,Murphy,151,extension,Governor Murphy Signs Executive Order Extending Public Health Emergency in New Jersey,2020-06-04,,False,pdf,https://www.nj.gov/infobank/eo/056murphy/pdf/EO-151.pdf
NJ-MURPHY-EO-150,NJ,Murphy,150,declaration,Governor Murphy Announces Outdoor Dining Protocols and Process to Expand Premises for Liquor License Holders,2020-06-03,,False,pdf,https://www.nj.gov/infobank/eo/056murphy/pdf/EO-150.pdf
NJ-MURPHY-EO-149,NJ,Murphy,149,declaration,"Governor Murphy Signs Executive Order Allowing Resumption of Child Care Services, Youth Day Camps, and Organized Sports Over the Coming Weeks",2020-05-30,,False,pdf,https://www.nj.gov/infobank/eo/056murphy/pdf/EO-149.pdf
NJ-MURPHY-EO-148,NJ,Murphy,148,declaration,Governor Murphy Signs Executive Order Increasing Capacity Limit on Outdoor Gatherings,2020-05-22,,False,pdf,https://www.nj.gov/infobank/eo/056murphy/pdf/EO-148.pdf
NJ-MURPHY-EO-147,NJ,Murphy,147,declaration,Governor Murphy Signs Executive Order,2020-05-18,,False,pdf,https://www.nj.gov/infobank/eo/056murphy/pdf/EO-147.pdf
NJ-MURPHY-EO-146,NJ,Murphy,146,declaration,Governor Murphy Signs Executive Order to Reopen Charter Fishing and Watercraft Rental Businesses,2020-05-16,,False,pdf,https://www.nj.gov/infobank/eo/056murphy/pdf/EO-146.pdf
NJ-MURPHY-EO-145,NJ,Murphy,145,declaration,Governor Murphy Signs Executive Order Allowing Elective Surgeries and Invasive Procedures to Resume on May 26,2020-05-15,,False,pdf,https://www.nj.gov/infobank/eo/056murphy/pdf/EO-145.pdf
NJ-MURPHY-EO-144,NJ,Murphy,144,declaration,Governor Murphy Signs Executive Order to Protect Public Health by Mailing Every Registered Voter a VBM Ballot or Application Ahead of the Primary Election,2020-05-15,,False,pdf,https://www.nj.gov/infobank/eo/056murphy/pdf/EO-144.pdf
NJ-MURPHY-EO-143,NJ,Murphy,143,declaration,"Governor Murphy Signs Executive Order Allowing Beaches, Boardwalks, Lakes, and Lakeshores to Remain Open with Social Distancing Measures in Place",2020-05-14,,False,pdf,https://www.nj.gov/infobank/eo/056murphy/pdf/EO-143.pdf
NJ-MURPHY-EO-142,NJ,Murphy,142,declaration,"Governor Murphy Signs Executive Order Permitting Resumption of Non-Essential Construction, Curbside Pickup at Non-Essential Retail Businesses, and Gatherings in Cars",2020-05-13,,False,pdf,https://www.nj.gov/infobank/eo/056murphy/pdf/EO-142.pdf
NJ-MURPHY-EO-141,NJ,Murphy,141,declaration,"Governor Murphy today signed Executive Order No. 141 mandating that all local, county, and regional health departments use the CommCare platform to support their contact tracing efforts.",2020-05-12,,False,pdf,https://www.nj.gov/infobank/eo/056murphy/pdf/EO-141.pdf
NJ-MURPHY-EO-140,NJ,Murphy,140,declaration,Governor Murphy Names Restart and Recovery Advisory Council,2020-05-08,,False,pdf,https://www.nj.gov/infobank/eo/056murphy/pdf/EO-140.pdf
NJ-MURPHY-EO-139,NJ,Murphy,139,declaration,Governor Murphy Directs U.S. and New Jersey Flags to Fly at Half-Staff in Honor of the 75th Anniversary of V-E Day,2020-05-08,,False,pdf,https://www.nj.gov/infobank/eo/056murphy/pdf/EO-139.pdf
NJ-MURPHY-EO-138,NJ,Murphy,138,extension,Governor Murphy Signs Executive Order Extending Public Health Emergency in New Jersey,2020-05-06,,False,pdf,https://www.nj.gov/infobank/eo/056murphy/pdf/EO-138.pdf
NJ-MURPHY-EO-137,NJ,Murphy,137,declaration,Governor Murphy Signs Executive Order to Recognize New Fiscal Realities Due to COVID-19 Pandemic,2020-05-04,,False,pdf,https://www.nj.gov/infobank/eo/056murphy/pdf/EO-137.pdf
NJ-MURPHY-EO-136,NJ,Murphy,136,extension,Governor Murphy Signs Executive Order Extending Statutory Deadlines for Various Environmental Laws,2020-05-02,,True,pdf,https://www.nj.gov/infobank/eo/056murphy/pdf/EO-136.pdf
NJ-MURPHY-EO-135,NJ,Murphy,135,declaration,"Governor Phil Murphy today signed Executive Order No. 135, suspending in-person requirements for receipt of a marriage license and marriage ceremonies, and for the receipt of working papers for minors.",2020-05-01,,False,pdf,https://www.nj.gov/infobank/eo/056murphy/pdf/EO-135.pdf
NJ-MURPHY-EO-134,NJ,Murphy,134,declaration,Governor Murphy Directs U.S. and New Jersey Flags to Fly at Half-Staff in Honor of Former First Lady Debby Kean,2020-04-30,,False,pdf,https://www.nj.gov/infobank/eo/056murphy/pdf/EO-134.pdf
NJ-MURPHY-EO-133,NJ,Murphy,133,declaration,Governor Murphy Signs Executive Order Reopening State Parks and Golf Courses,2020-04-29,,False,pdf,https://www.nj.gov/infobank/eo/056murphy/pdf/EO-133.pdf
NJ-MURPHY-EO-132,NJ,Murphy,132,declaration,Governor Murphy Signs Executive Order Allowing Electronic Petition Submission and Signature Collection for Initiatives and Referenda,2020-04-29,,False,pdf,https://www.nj.gov/infobank/eo/056murphy/pdf/EO-132.pdf
NJ-MURPHY-EO-131,NJ,Murphy,131,declaration,Governor Phil Murphy today signed an executive order creating a commission charged with advising the administration on the timing and preparation for New Jersey’s recovery from the COVID-19 shutdown.,2020-04-28,,False,pdf,https://www.nj.gov/infobank/eo/056murphy/pdf/EO-131.pdf
NJ-MURPHY-EO-130,NJ,Murphy,130,extension,Governor Murphy Signs Executive Order Allowing Municipalities to Extend Grace Period for May 1st Property Tax Payments until June 1st,2020-04-28,,False,pdf,https://www.nj.gov/infobank/eo/056murphy/pdf/EO-130.pdf
NJ-MURPHY-EO-129,NJ,Murphy,129,extension,"Governor Murphy today signed Executive Order No. 129, which extends Retired Officer Carry Permits by a period of 90 days until after the ongoing Public Health Emergency ends.",2020-04-27,,False,pdf,https://www.nj.gov/infobank/eo/056murphy/pdf/EO-129.pdf
NJ-MURPHY-EO-128,NJ,Murphy,128,declaration,Governor Murphy Signs Executive Order Providing Critical Short-Term Support for Renters,2020-04-24,,False,pdf,https://www.nj.gov/infobank/eo/056murphy/pdf/EO-128.pdf
NJ-MURPHY-EO-127,NJ,Murphy,127,extension,Governor Murphy Signs Executive Order Extending Certain Deadlines Associated with Rulemaking,2020-04-14,,False,pdf,https://www.nj.gov/infobank/eo/056murphy/pdf/EO-127.pdf
NJ-MURPHY-EO-126,NJ,Murphy,126,termination,Governor Murphy Signs Executive Order Prohibiting Cable and Telecommunications Providers from Terminating Internet and Voice Service,2020-04-13,,False,pdf,https://www.nj.gov/infobank/eo/056murphy/pdf/EO-126.pdf
NJ-MURPHY-EO-125,NJ,Murphy,125,declaration,"Governor Murphy Signs Executive Order to Implement Additional Mitigation Requirements on NJ TRANSIT, Private Carriers, and Restaurants to Limit the Spread of COVID-19",2020-04-11,,False,pdf,https://www.nj.gov/infobank/eo/056murphy/pdf/EO-125.pdf
NJ-MURPHY-EO-124,NJ,Murphy,124,declaration,Governor Murphy Signs Executive Order to Establish a Process to Grant Temporary Reprieve to Certain At-Risk Inmates,2020-04-10,,False,pdf,https://www.nj.gov/infobank/eo/056murphy/pdf/EO-124.pdf
NJ-MURPHY-EO-123,NJ,Murphy,123,extension,Governor Murphy Signs Executive Order Extending Insurance Premium Grace Periods,2020-04-09,,False,pdf,https://www.nj.gov/infobank/eo/056murphy/pdf/EO-123.pdf
NJ-MURPHY-EO-122,NJ,Murphy,122,declaration,Governor Murphy Signs Executive Order to Cease All Non-Essential Construction Projects and Imposes Additional Mitigation Requirements on Essential Retail Businesses and Industries to Limit the Spread of COVID-19,2020-04-08,,False,pdf,https://www.nj.gov/infobank/eo/056murphy/pdf/EO-122.pdf
NJ-MURPHY-EO-121,NJ,Murphy,121,declaration,Governor Murphy Signs Executive Order Allowing Greater Weight Limit for Vehicles Carrying COVID-19 Relief Supplies,2020-04-08,,False,pdf,https://www.nj.gov/infobank/eo/056murphy/pdf/EO-121.pdf
NJ-MURPHY-EO-120,NJ,Murphy,120,declaration,Governor Murphy Announces Postponement of June 2nd Primary Elections until July 7th,2020-04-08,,False,pdf,https://www.nj.gov/infobank/eo/056murphy/pdf/EO-120.pdf
NJ-MURPHY-EO-119,NJ,Murphy,119,extension,Governor Murphy Signs Executive Order Extending Public Health Emergency in New Jersey,2020-04-07,,False,pdf,https://www.nj.gov/infobank/eo/056murphy/pdf/EO-119.pdf
NJ-MURPHY-EO-118,NJ,Murphy,118,declaration,Governor Murphy Signs Executive Order Closing State and County Parks to Further Social Distancing,2020-04-07,,False,pdf,https://www.nj.gov/infobank/eo/056murphy/pdf/EO-118.pdf
NJ-MURPHY-EO-117,NJ,Murphy,117,declaration,Governor Murphy Signs Executive Order Waiving Student Assessment Requirements for 2019-2020 School Year,2020-04-07,,False,pdf,https://www.nj.gov/infobank/eo/056murphy/pdf/EO-117.pdf
NJ-MURPHY-EO-116,NJ,Murphy,116,extension,Governor Murphy Signs Executive Order Extending Statutory Deadlines for School Districts Whose Elections Were Moved from April to May,2020-04-07,,False,pdf,https://www.nj.gov/infobank/eo/056murphy/pdf/EO-116.pdf
NJ-MURPHY-EO-115,NJ,Murphy,115,declaration,Governor Murphy Signs Executive Order to Strengthen COVID-19 Response Efforts by Allowing Certain Retirees to Return to Public Employment,2020-04-06,,False,pdf,https://www.nj.gov/infobank/eo/056murphy/pdf/EO-115.pdf
NJ-MURPHY-EO-114,NJ,Murphy,114,declaration,Governor Murphy Directs U.S. and New Jersey Flags to Fly at Half-Staff Indefinitely in Honor of Those Who Have Lost Their Lives or Have Been Affected by COVID-19,2020-04-03,,False,pdf,https://www.nj.gov/infobank/eo/056murphy/pdf/EO-114.pdf
NJ-MURPHY-EO-113,NJ,Murphy,113,declaration,Governor Murphy Signs Executive Order Authorizing Commandeering of Property Such as Medical Supplies,2020-04-02,,False,pdf,https://www.nj.gov/infobank/eo/056murphy/pdf/EO-113.pdf
NJ-MURPHY-EO-112,NJ,Murphy,112,declaration,Governor Murphy Signs Executive Order to Remove Barriers to Health Care Professionals Joining New Jersey's COVID-19 Response and Provide Protections for Front Line Health Care Responders,2020-04-01,,False,pdf,https://www.nj.gov/infobank/eo/056murphy/pdf/EO-112.pdf
NJ-MURPHY-EO-111,NJ,Murphy,111,declaration,"Governor Murphy Signs Executive Order Directing Health Care Facilities to Report Data, Including PPE Inventory and Bed Capacity, On a Daily Basis",2020-03-28,,False,pdf,https://www.nj.gov/infobank/eo/056murphy/pdf/EO-111.pdf
NJ-MURPHY-EO-110,NJ,Murphy,110,declaration,Governor Murphy Signs Executive Order Requiring Child Care Centers Close on April 1 Unless Serving Children of Essential Workers,2020-03-25,,False,pdf,https://www.nj.gov/infobank/eo/056murphy/pdf/EO-110.pdf
NJ-MURPHY-EO-109,NJ,Murphy,109,declaration,"Governor Murphy Suspends All Elective Surgeries, Invasive Procedures to Preserve Essential Equipment and Hospital Capacity",2020-03-23,,False,pdf,https://www.nj.gov/infobank/eo/056murphy/pdf/EO-109.pdf
NJ-MURPHY-EO-108,NJ,Murphy,108,declaration,Governor Murphy invalidates any county or municipal restriction that in any way will or might conflict with any of the provisions of Executive Order No. 107,2020-03-21,,False,pdf,https://www.nj.gov/infobank/eo/056murphy/pdf/EO-108.pdf
NJ-MURPHY-EO-107,NJ,Murphy,107,declaration,Governor Murphy directs all residents to stay at home until further notice,2020-03-21,,False,pdf,https://www.nj.gov/infobank/eo/056murphy/pdf/EO-107.pdf
NJ-MURPHY-EO-106,NJ,Murphy,106,declaration,Governor Murphy Enacts Moratorium on Removals of Individuals Due to Evictions or Foreclosures,2020-03-19,,False,pdf,https://www.nj.gov/infobank/eo/056murphy/pdf/EO-106.pdf
NJ-MURPHY-EO-105,NJ,Murphy,105,declaration,Governor Murphy Announces Changes to Upcoming New Jersey Elections in Response to COVID-19,2020-03-19,,False,pdf,https://www.nj.gov/infobank/eo/056murphy/pdf/EO-105.pdf
NJ-MURPHY-EO-104,NJ,Murphy,104,declaration,Governor Murphy Announces Aggressive Social Distancing Measures to Mitigate Further Spread of COVID-19 in New Jersey,2020-03-16,,False,pdf,https://www.nj.gov/infobank/eo/056murphy/pdf/EO-104.pdf
NJ-MURPHY-EO-103,NJ,Murphy,103,declaration,"Governor Murphy declares a State of Emergency and a Public Health Emergency, effective immediately",2020-03-09,,False,pdf,https://www.nj.gov/infobank/eo/056murphy/pdf/EO-103.pdf
NJ-MURPHY-EO-102,NJ,Murphy,102,declaration,Governor Murphy Signs Executive Order Establishing Coronavirus Task Force,2020-02-03,,False,pdf,https://www.nj.gov/infobank/eo/056murphy/pdf/EO-102.pdf
NJ-MURPHY-EO-101,NJ,Murphy,101,declaration,Governor Murphy Directs U.S. and New Jersey Flags to Fly at Half-Staff in Honor of Former State Police Superintendent Colonel Justin J. Dintino,2020-01-30,,False,pdf,https://www.nj.gov/infobank/eo/056murphy/pdf/EO-101.pdf
NJ-MURPHY-EO-100,NJ,Murphy,100,declaration,Governor Murphy Unveils Energy Master Plan and Signs Executive Order Directing Sweeping Regulatory Reform to Reduce Emissions and Adapt to Climate Change,2020-01-27,,True,pdf,https://www.nj.gov/infobank/eo/056murphy/pdf/EO-100.pdf
NJ-MURPHY-EO-99,NJ,Murphy,99,declaration,Governor Murphy Directs U.S. and New Jersey Flags to Fly at Half-Staff in Honor of Former Assembly Minority Leader and Senator C. Robert Sarcone,2020-01-23,,False,pdf,https://www.nj.gov/infobank/eo/056murphy/pdf/EO-99.pdf
NJ-MURPHY-EO-98,NJ,Murphy,98,declaration,Governor Murphy Directs U.S. and New Jersey Flags to Fly at Half-Staff in Honor of Sergeant 1st Class Michael Goble,2020-01-03,,False,pdf,https://www.nj.gov/infobank/eo/056murphy/pdf/EO-98.pdf
NJ-MURPHY-EO-97,NJ,Murphy,97,declaration,Governor Murphy Directs U.S. and New Jersey Flags to Fly at Half-Staff in Honor of Buena Vista Mayor Chuck Chiarello,2019-12-19,,False,pdf,https://www.nj.gov/infobank/eo/056murphy/pdf/EO-97.pdf
NJ-MURPHY-EO-96,NJ,Murphy,96,declaration,Governor Murphy Directs U.S. and New Jersey Flags to Fly at Half-Staff in Honor of the Victims of the Jersey City Hate Crime,2019-12-12,,False,pdf,https://www.nj.gov/infobank/eo/056murphy/pdf/EO-96.pdf
NJ-MURPHY-EO-95,NJ,Murphy,95,declaration,Governor Murphy Directs U.S. and New Jersey Flags to Fly at Half-Staff in Honor of Former Newark Councilman and Community Leader Calvin West,2019-12-06,,False,pdf,https://www.nj.gov/infobank/eo/056murphy/pdf/EO-95.pdf
NJ-MURPHY-EO-94,NJ,Murphy,94,declaration,Governor Murphy Directs U.S. and New Jersey Flags to Fly at Half-Staff in Honor of Monsignor Philip Lowery,2019-12-04,,True,pdf,https://www.nj.gov/infobank/eo/056murphy/pdf/EO-94.pdf
NJ-MURPHY-EO-93,NJ,Murphy,93,declaration,Governor Murphy Directs U.S. and New Jersey Flags to Fly at Half-Staff in Honor of Former Assemblywoman Mary Taylor Previte,2019-11-22,,False,pdf,https://www.nj.gov/infobank/eo/056murphy/pdf/EO-93.pdf
NJ-MURPHY-EO-92,NJ,Murphy,92,declaration,"Governor Murphy Signs Executive Order to Increase Offshore Wind Goal to 7,500 Megawatts by 2035",2019-11-19,,False,pdf,https://www.nj.gov/infobank/eo/056murphy/pdf/EO-92.pdf
NJ-MURPHY-EO-91,NJ,Murphy,91,declaration,Governor Murphy Signs Executive Order Creating Public Bank Implementation Board,2019-11-13,,False,pdf,https://www.nj.gov/infobank/eo/056murphy/pdf/EO-91.pdf
NJ-MURPHY-EO-90,NJ,Murphy,90,declaration,Governor Murphy Directs U.S. and New Jersey Flags to Fly at Half-Staff in Honor of U.S. Representative Bill Hughes,2019-11-03,,False,pdf,https://www.nj.gov/infobank/eo/056murphy/pdf/EO-90.pdf
NJ-MURPHY-EO-89,NJ,Murphy,89,declaration,Governor Murphy Signs Executive Order to Establish Statewide Climate Change Resilience Strategy,2019-10-29,,True,pdf,https://www.nj.gov/infobank/eo/056murphy/pdf/EO-89.pdf
NJ-MURPHY-EO-88,NJ,Murphy,88,declaration,,2019-10-22,,False,pdf,https://www.nj.gov/infobank/eo/056murphy/pdf/EO-88.pdf
NJ-MURPHY-EO-87,NJ,Murphy,87,declaration,,2019-10-21,,False,pdf,https://www.nj.gov/infobank/eo/056murphy/pdf/EO-87.pdf
NJ-MURPHY-EO-86,NJ,Murphy,86,declaration,"Governor Murphy Directs the  flag of the United States of America and the flag of New Jersey shall be flown at half-staff in recognition and mourning of a dedicated and tireless public servant, Senator Anthony R. Bucco.",2019-09-18,,False,pdf,https://www.nj.gov/infobank/eo/056murphy/pdf/EO-86.pdf
NJ-MURPHY-EO-85,NJ,Murphy,85,declaration,"Governor Murphy Directs the Lowering of U.S. and New Jersey Flags in recognition and mourning of a courageous and loyal American hero, Fireman 3rd Class Harold Kendall “Brud” Costill",2019-09-13,,False,pdf,https://www.nj.gov/infobank/eo/056murphy/pdf/EO-85.pdf
NJ-MURPHY-EO-84,NJ,Murphy,84,declaration,Executive Order Creating Electronic Smoking Device Task Force,2019-09-12,,False,pdf,https://www.nj.gov/infobank/eo/056murphy/pdf/EO-84.pdf
NJ-MURPHY-EO-83,NJ,Murphy,83,declaration,Executive Order Uses State's Purchasing and Regulatory Powers to Promote Adoption of Gun Safety Principles by Gun Manufacturers and Retailers,2019-09-10,,False,pdf,https://www.nj.gov/infobank/eo/056murphy/pdf/EO-83.pdf
NJ-MURPHY-EO-82,NJ,Murphy,82,declaration,Governor Murphy Orders Flags to Fly at Half-Staff in Observation of 9/11 Anniversary,2019-09-09,,False,pdf,https://www.nj.gov/infobank/eo/056murphy/pdf/EO-82.pdf
NJ-MURPHY-EO-81,NJ,Murphy,81,declaration,Takes measures to prevent the risk or appearance that business entities will seek to gain an advantage in obtaining State government contracts for compensated legal services by providing a State agency with legal services on a pro bono basis,2019-09-03,,False,pdf,https://www.nj.gov/infobank/eo/056murphy/pdf/EO-81.pdf
NJ-MURPHY-EO-80,NJ,Murphy,80,declaration,Directs TRANSIT to Release Monthly Rail Performance Metrics,2019-08-19,,False,pdf,https://www.nj.gov/infobank/eo/056murphy/pdf/EO-80.pdf
NJ-MURPHY-EO-79,NJ,Murphy,79,declaration,Governor Murphy Signs Executive Order Establishing Council on Offshore Wind,2019-08-16,,False,pdf,https://www.nj.gov/infobank/eo/056murphy/pdf/EO-79.pdf
NJ-MURPHY-EO-78,NJ,Murphy,78,declaration,Acting Governor Oliver Issues Executive Order to Address Rising Bias Incidents Among Youth,2019-08-07,,False,pdf,https://www.nj.gov/infobank/eo/056murphy/pdf/EO-78.pdf
NJ-MURPHY-EO-77,NJ,Murphy,77,declaration,Acting Governor Oliver Directs the Lowering of U.S. and New Jersey Flags in Honor of Toni Morrison,2019-08-07,,False,pdf,https://www.nj.gov/infobank/eo/056murphy/pdf/EO-77.pdf
NJ-MURPHY-EO-76,NJ,Murphy,76,declaration,Acting Governor Oliver Directs the Lowering of U.S. and New Jersey Flags in Honor of El Paso and Dayton Domestic Terrorist Attack Victims,2019-08-05,,False,pdf,https://www.nj.gov/infobank/eo/056murphy/pdf/EO-76.pdf
NJ-MURPHY-EO-75,NJ,Murphy,75,declaration,Governor Murphy Directs the Lowering of U.S. and New Jersey Flags in Honor of Justice John Paul Stevens,2019-07-19,,False,pdf,https://www.nj.gov/infobank/eo/056murphy/pdf/EO-75.pdf
NJ-MURPHY-EO-74,NJ,Murphy,74,declaration,"Directs the New Jersey Department of Human Services and the New Jersey Department of Labor and Workforce Development to advance immigrant and refugee integration initiatives, including the design of an Office of New Americans.",2019-07-04,,False,pdf,https://www.nj.gov/infobank/eo/056murphy/pdf/EO-74.pdf
NJ-MURPHY-EO-73,NJ,Murphy,73,declaration,"Governor Phil Murphy Signs Executive Order No. 73 directing the Treasury’s Office of Management and Budget to place up to $235 million in discretionary spending into reserve, which will be monitored by Treasury",2019-06-30,,False,pdf,https://www.nj.gov/infobank/eo/056murphy/pdf/EO-73.pdf
NJ-MURPHY-EO-72,NJ,Murphy,72,declaration,Governor Murphy Directs the Lowering of U.S. and New Jersey Flags in Honor of Veteran Kevin Yali,2019-06-25,,False,pdf,https://www.nj.gov/infobank/eo/056murphy/pdf/EO-72.pdf
NJ-MURPHY-EO-71,NJ,Murphy,71,declaration,"Governor Murphy Lifts State of Emergency in Burlington, Camden, and Gloucester Counties",2019-06-24,,True,pdf,https://www.nj.gov/infobank/eo/056murphy/pdf/EO-71.pdf
NJ-MURPHY-EO-70,NJ,Murphy,70,declaration,"Governor Murphy Declares a State of Emergency in Burlington, Camden, and Gloucester Counties.",2019-06-20,,True,pdf,https://www.nj.gov/infobank/eo/056murphy/pdf/EO-70.pdf
NJ-MURPHY-EO-69,NJ,Murphy,69,declaration,Governor Murphy Directs the Lowering of U.S. and New Jersey Flags in Honor of West Point Cadet Christopher “C.J.” Morgan,2019-06-11,,False,pdf,https://www.nj.gov/infobank/eo/056murphy/pdf/EO-69.pdf
NJ-MURPHY-EO-68,NJ,Murphy,68,extension,Governor Murphy Signs Executive Order to Continue the New Jersey Hellenic-American Heritage Commission,2019-05-29,,False,pdf,https://www.nj.gov/infobank/eo/056murphy/pdf/EO-68.pdf
NJ-MURPHY-EO-67,NJ,Murphy,67,declaration,Governor Murphy Directs the Lowering of U.S. and New Jersey Flags in Honor of Private First Class Anthony P. Steitz,2019-05-01,,False,pdf,https://www.nj.gov/infobank/eo/056murphy/pdf/EO-67.pdf
NJ-MURPHY-EO-66,NJ,Murphy,66,declaration,Governor Murphy Directs the Lowering of U.S. and New Jersey Flags in Honor of Former Senate Minority Leader Thomas Gagliano,2019-04-16,,False,pdf,https://www.nj.gov/infobank/eo/056murphy/pdf/EO-66.pdf
NJ-MURPHY-EO-65,NJ,Murphy,65,declaration,Governor Murphy Directs the Lowering of U.S. and New Jersey Flags in Honor of U.S. Army Specialist Nicholas DiMona III,2019-04-15,,False,pdf,https://www.nj.gov/infobank/eo/056murphy/pdf/EO-65.pdf
NJ-MURPHY-EO-64,NJ,Murphy,64,declaration,Governor Murphy Directs the Lowering of U.S. and New Jersey Flags in Honor of Principal Derrick Nelson of Westfield High School,2019-04-12,,False,pdf,https://www.nj.gov/infobank/eo/056murphy/pdf/EO-64.pdf
NJ-MURPHY-EO-63,NJ,Murphy,63,termination,Establishing new regulatory principles to foster economic growth and government efficiency. Rescinds and replaces Governor Christie’s Executive Orders No. 1 (2010) and No. 2 (2010),2019-04-02,,False,pdf,https://www.nj.gov/infobank/eo/056murphy/pdf/EO-63.pdf
NJ-MURPHY-EO-62,NJ,Murphy,62,declaration,Governor Murphy Directs the Lowering of U.S. and New Jersey Flags in Honor of Former Newark Mayor Kenneth Gibson,2019-03-31,,False,pdf,https://www.nj.gov/infobank/eo/056murphy/pdf/EO-62.pdf
NJ-MURPHY-EO-61,NJ,Murphy,61,declaration,Governor Murphy Signs Executive Order establishing the Task Force on New Jersey’s Plan for Higher Education.,2019-03-26,,False,pdf,https://www.nj.gov/infobank/eo/056murphy/pdf/EO-61.pdf
NJ-MURPHY-EO-60,NJ,Murphy,60,declaration,,2019-03-04,,True,pdf,https://www.nj.gov/infobank/eo/056murphy/pdf/EO-60.pdf
NJ-MURPHY-EO-59,NJ,Murphy,59,declaration,"Declares a state of emergency across all 21 counties in New Jersey, allowing resources to be deployed throughout the state during the duration of the storm.",2019-03-03,,True,pdf,https://www.nj.gov/infobank/eo/056murphy/pdf/EO-59.pdf
NJ-MURPHY-EO-58,NJ,Murphy,58,declaration,,2019-02-20,,True,pdf,https://www.nj.gov/infobank/eo/056murphy/pdf/EO-58.pdf
NJ-MURPHY-EO-57,NJ,Murphy,57,declaration,,2019-02-20,,True,pdf,https://www.nj.gov/infobank/eo/056murphy/pdf/EO-57.pdf
NJ-MURPHY-EO-56,NJ,Murphy,56,declaration,Governor Murphy Lifts State of Emergency Effective at 8:00 a.m.,2019-02-13,,True,pdf,https://www.nj.gov/infobank/eo/056murphy/pdf/EO-56.pdf
NJ-MURPHY-EO-55,NJ,Murphy,55,declaration,Gov. Phil Murphy declares state of emergency for NJ for Tuesday February 12.,2019-02-11,,True,pdf,https://www.nj.gov/infobank/eo/056murphy/pdf/EO-55.pdf
NJ-MURPHY-EO-54,NJ,Murphy,54,declaration,"Governor Murphy Directs U.S. and New Jersey Flags to Fly at Half-Staff in Honor of trailblazing woman, Barbra Casbar Siperstein",2019-02-05,,False,pdf,https://www.nj.gov/infobank/eo/056murphy/pdf/EO-54.pdf
NJ-MURPHY-EO-53,NJ,Murphy,53,declaration,Governor Murphy Directs U.S. and New Jersey Flags to Fly at Half-Staff in Honor of Private First Class Jamie R. Riley,2019-01-30,,False,pdf,https://www.nj.gov/infobank/eo/056murphy/pdf/EO-53.pdf
NJ-MURPHY-EO-52,NJ,Murphy,52,declaration,Governor Murphy Signs Executive Order To Form Task Force to Examine Deficiencies of New Jersey’s Tax Incentive Programs,2019-01-24,,False,pdf,https://www.nj.gov/infobank/eo/056murphy/pdf/EO-52.pdf
NJ-MURPHY-EO-51,NJ,Murphy,51,termination,The State of Emergency declared in Executive Order No. 50  is terminated effective at 7:00 a.m. Jan. 21,2019-01-21,,True,pdf,https://www.nj.gov/infobank/eo/056murphy/pdf/EO-51.pdf
NJ-MURPHY-EO-50,NJ,Murphy,50,declaration,Declares a State of Emergency beginning at noon on Saturday ahead of Winter Storm Harper,2019-01-18,2019-01-21,True,pdf,https://www.nj.gov/infobank/eo/056murphy/pdf/EO-50.pdf
NJ-MURPHY-EO-49,NJ,Murphy,49,declaration,Governor Murphy Directs U.S. and New Jersey Flags to Fly at Half-Staff in Honor of Assemblyman Albert S. Burstein,2019-01-04,,False,pdf,https://www.nj.gov/infobank/eo/056murphy/pdf/EO-49.pdf
NJ-MURPHY-EO-48,NJ,Murphy,48,declaration,Governor Murphy Directs U.S. and New Jersey Flags to Fly at Half-Staff in Honor of Senator John Dorsey,2018-12-20,,False,pdf,https://www.nj.gov/infobank/eo/056murphy/pdf/EO-48.pdf
NJ-MURPHY-EO-47,NJ,Murphy,47,declaration,Governor Murphy Directs the Lowering of U.S. and New Jersey Flags in Honor of President George H.W. Bush,2018-12-02,,True,pdf,https://www.nj.gov/infobank/eo/056murphy/pdf/EO-47.pdf
NJ-MURPHY-EO-46,NJ,Murphy,46,declaration,Governor Murphy Signs Executive Order establishing the Atlantic City Coordinating Council,2018-11-15,,False,pdf,https://www.nj.gov/infobank/eo/056murphy/pdf/EO-46.pdf
NJ-MURPHY-EO-45,NJ,Murphy,45,declaration,Governor Murphy Directs U.S. and New Jersey Flags to Fly at Half-Staff in Honor of Veterans Day and the 100th Anniversary of the End of World War I,2018-11-01,,False,pdf,https://www.nj.gov/infobank/eo/056murphy/pdf/EO-45.pdf
NJ-MURPHY-EO-44,NJ,Murphy,44,declaration,"Directing the New Jersey Cybersecurity and Communications Integration Cell (NJCCIC), Coordinates all cybersecurity efforts necessary to protect infrastructure against cyberattacks.",2018-11-01,,False,pdf,https://www.nj.gov/infobank/eo/056murphy/pdf/EO-44.pdf
NJ-MURPHY-EO-43,NJ,Murphy,43,declaration,,2018-10-30,,False,pdf,https://www.nj.gov/infobank/eo/056murphy/pdf/EO-43.pdf
NJ-MURPHY-EO-42,NJ,Murphy,42,extension,Governor Murphy Signs Executive Order establishing the  Task Force for the Continued Transformation of Youth Justice in New Jersey,2018-10-26,,False,pdf,https://www.nj.gov/infobank/eo/056murphy/pdf/EO-42.pdf
NJ-MURPHY-EO-41,NJ,Murphy,41,declaration,Governor Murphy Signs Executive Order Creating the Future of Work Task Force (the “Task Force”) that will evaluate how technological advancements will shape the future of New Jersey’s economy and workforce.,2018-10-05,,False,pdf,https://www.nj.gov/infobank/eo/056murphy/pdf/EO-41.pdf
NJ-MURPHY-EO-40,NJ,Murphy,40,declaration,Governor Murphy Signs Executive Order Creating NJ State Capital Partnership to Help Aid Trenton’s Revitalization,2018-09-26,,False,pdf,https://www.nj.gov/infobank/eo/056murphy/pdf/EO-40.pdf
NJ-MURPHY-EO-39,NJ,Murphy,39,declaration,"The flag of the United States of America and the flag of the State of New Jersey shall be flown at half-staff at all State departments, offices, agencies, instrumentalities, and all public buildings during appropriate hours on Friday, September 14",2018-09-13,,False,pdf,https://www.nj.gov/infobank/eo/056murphy/pdf/EO-39.pdf
NJ-MURPHY-EO-38,NJ,Murphy,38,declaration,"The flag of the United States of America and the flag of the State of New Jersey shall be flown at half-staff at all State departments, offices, agencies, instrumentalities, and all public buildings during appropriate hours on Tue., Sept. 11, 2018",2018-09-04,,False,pdf,https://www.nj.gov/infobank/eo/056murphy/pdf/EO-38.pdf
NJ-MURPHY-EO-37,NJ,Murphy,37,declaration,,2018-09-04,,True,pdf,https://www.nj.gov/infobank/eo/056murphy/pdf/EO-37.pdf
NJ-MURPHY-EO-36,NJ,Murphy,36,declaration,"The flag of the United States of America and the flag of New Jersey shall be flown at half-staff at all State departments, offices, agencies, and instrumentalities during appropriate hours from Tuesday.....",2018-08-27,,False,pdf,https://www.nj.gov/infobank/eo/056murphy/pdf/EO-36.pdf
NJ-MURPHY-EO-35,NJ,Murphy,35,declaration,Governor Murphy Directs U.S. and New Jersey Flags to Fly at Half-Staff in Honor of Senator John McCain,2018-08-27,,False,pdf,https://www.nj.gov/infobank/eo/056murphy/pdf/EO-35.pdf
NJ-MURPHY-EO-34,NJ,Murphy,34,declaration,Governor Murphy Signs Executive  to protect black bears on lands controlled by the State of New Jersey,2018-08-20,,False,pdf,https://www.nj.gov/infobank/eo/056murphy/pdf/EO-34.pdf
NJ-MURPHY-EO-33,NJ,Murphy,33,declaration,Governor Murphy Signs Executive Order Declaring State of Emergency in Flood-Impacted Counties,2018-08-14,,True,pdf,https://www.nj.gov/infobank/eo/056murphy/pdf/EO-33.pdf
NJ-MURPHY-EO-32,NJ,Murphy,32,declaration,Governor Murphy orders DOH to install a monitor to review expenditures and assess the level of care provided at University Hospital in Newark,2018-07-27,,False,pdf,https://www.nj.gov/infobank/eo/056murphy/pdf/EO-32.pdf
NJ-MURPHY-EO-31,NJ,Murphy,31,declaration,"Governor Murphy Formally Creates State Health Benefits Quality and Value Task Force, Appoints Commissioner Carole Johnson as Chair",2018-07-20,,False,pdf,https://www.nj.gov/infobank/eo/056murphy/pdf/EO-31.pdf
NJ-MURPHY-EO-30,NJ,Murphy,30,declaration,,2018-07-10,,False,pdf,https://www.nj.gov/infobank/eo/056murphy/pdf/EO-30.pdf
NJ-MURPHY-EO-29,NJ,Murphy,29,declaration,"Orders and directs that no State entity may use any state resources for the purpose of separating any child from his or her parent or legal guardian on the sole ground that such child, parent, or legal guardian is present in the United States in viol",2018-06-19,,False,pdf,https://www.nj.gov/infobank/eo/056murphy/pdf/EO-29.pdf
NJ-MURPHY-EO-28,NJ,Murphy,28,declaration,Governor Murphy Signs Measures to Advance New Jersey’s Clean Energy Economy,2018-05-23,,False,pdf,https://www.nj.gov/infobank/eo/056murphy/pdf/EO-28.pdf
NJ-MURPHY-EO-27,NJ,Murphy,27,declaration,,2018-05-29,,False,pdf,https://www.nj.gov/infobank/eo/056murphy/pdf/EO-27.pdf
NJ-MURPHY-EO-26,NJ,Murphy,26,declaration,Governor Murphy Directs U.S. and New Jersey Flags to Fly at Half-Staff in Honor of the Victims of the Route 80 Bus Accident,2018-05-18,,False,pdf,https://www.nj.gov/infobank/eo/056murphy/pdf/EO-26.pdf
NJ-MURPHY-EO-25,NJ,Murphy,25,declaration,Establishing Task Force on Employee Misclassification,2018-05-03,,False,pdf,https://www.nj.gov/infobank/eo/056murphy/pdf/EO-25.pdf
NJ-MURPHY-EO-24,NJ,Murphy,24,declaration,"The flag of the United States of America and the flag of New Jersey shall be flown at half-staff at all State departments, offices, agencies, and instrumentalities during appropriate hours when the General Assembly returns to session on Monday, May 7",2018-04-23,,False,pdf,https://www.nj.gov/infobank/eo/056murphy/pdf/EO-24.pdf
NJ-MURPHY-EO-23,NJ,Murphy,23,declaration,Addresses Environmental Justice Issues in New Jersey’s Urban Communities,2018-04-20,,False,pdf,https://www.nj.gov/infobank/eo/056murphy/pdf/EO-23.pdf
NJ-MURPHY-EO-22,NJ,Murphy,22,declaration,,2018-04-19,,False,pdf,https://www.nj.gov/infobank/eo/056murphy/pdf/EO-22.pdf
NJ-MURPHY-EO-21,NJ,Murphy,21,declaration,"Governor, Attorney General Announce Actions to Keep Public Informed About Gun Crimes, Sources of Weapons",2018-04-06,,False,pdf,https://www.nj.gov/infobank/eo/056murphy/pdf/EO-21.pdf
NJ-MURPHY-EO-20,NJ,Murphy,20,declaration,"Governor Murphy Directs New Jersey Flags to Fly at Half-Staff for the 50th Anniversary of Dr. Martin Luther King, Jr.'s Assassination",2018-04-03,,False,pdf,https://www.nj.gov/infobank/eo/056murphy/pdf/EO-20.pdf
NJ-MURPHY-EO-19,NJ,Murphy,19,declaration,Governor Murphy Signs Executive Order Allowing Youth Volunteers to Help Sandy Recovery Efforts,2018-03-29,,False,pdf,https://www.nj.gov/infobank/eo/056murphy/pdf/EO-19.pdf
NJ-MURPHY-EO-18,NJ,Murphy,18,declaration,,2018-03-20,,True,pdf,https://www.nj.gov/infobank/eo/056murphy/pdf/EO-18.pdf
NJ-MURPHY-EO-17,NJ,Murphy,17,declaration,,2018-03-20,,True,pdf,https://www.nj.gov/infobank/eo/056murphy/pdf/EO-17.pdf
NJ-MURPHY-EO-16,NJ,Murphy,16,extension,Executive Order No. 16 formally reaffirms the importance of the Judicial Advisory Panel and continuing its role in the Governor’s process of nominating judges to New Jersey’s state courts.,2018-03-20,,False,pdf,https://www.nj.gov/infobank/eo/056murphy/pdf/EO-16.pdf
NJ-MURPHY-EO-15,NJ,Murphy,15,declaration,,2018-03-13,,True,pdf,https://www.nj.gov/infobank/eo/056murphy/pdf/EO-15.pdf
NJ-MURPHY-EO-14,NJ,Murphy,14,extension,"Declares the state emergency across all 21 counties in the state, and allows for the extension of resources into other parts of the state as the storm continues to impact New Jersey.",2018-03-06,,True,pdf,https://www.nj.gov/infobank/eo/056murphy/pdf/EO-14.pdf
NJ-MURPHY-EO-13,NJ,Murphy,13,declaration,,2018-03-02,,False,pdf,https://www.nj.gov/infobank/eo/056murphy/pdf/EO-13.pdf
NJ-MURPHY-EO-12,NJ,Murphy,12,declaration,Established a Governor’s Jobs and Economic Opportunity Council.,2018-02-27,,False,pdf,https://www.nj.gov/infobank/eo/056murphy/pdf/EO-12.pdf
NJ-MURPHY-EO-11,NJ,Murphy,11,declaration,,2018-02-20,,False,pdf,https://www.nj.gov/infobank/eo/056murphy/pdf/EO-11.pdf
NJ-MURPHY-EO-10,NJ,Murphy,10,declaration,Established the Commission on Puerto Rico Relief.,2018-02-12,,True,pdf,https://www.nj.gov/infobank/eo/056murphy/pdf/EO-10.pdf
NJ-MURPHY-EO-9,NJ,Murphy,9,declaration,"Requires that all future contracts for Internet, data, and telecommunications (“Internet and broadband”) be awarded only to ISPs that adhere to “net neutrality” principles.",2018-02-05,,False,pdf,https://www.nj.gov/infobank/eo/056murphy/pdf/EO-9.pdf
NJ-MURPHY-EO-8,NJ,Murphy,8,declaration,Promotes Offshore Wind Energy,2018-01-31,,False,pdf,https://www.nj.gov/infobank/eo/056murphy/pdf/EO-8.pdf
NJ-MURPHY-EO-7,NJ,Murphy,7,declaration,Directs New Jersey to Reenter the Regional Greenhouse Gas Initiative,2018-01-29,,True,pdf,https://www.nj.gov/infobank/eo/056murphy/pdf/EO-7.pdf
NJ-MURPHY-EO-6,NJ,Murphy,6,declaration,Mandating Review of New Jersey’s Medical Marijuana Policy,2018-01-23,,False,pdf,https://www.nj.gov/infobank/eo/056murphy/pdf/EO-6.pdf
NJ-MURPHY-EO-5,NJ,Murphy,5,declaration,"The Commissioner of Transportation, who also serves as Chair of the NJ Transit Board, shall engage and direct one or more independent consultants to conduct a comprehensive strategic, financial and operational assessment of NJ Transit",2018-01-22,,False,pdf,https://www.nj.gov/infobank/eo/056murphy/pdf/EO-5.pdf
NJ-MURPHY-EO-4,NJ,Murphy,4,declaration,Ensure that every New Jerseyan has access to affordable health insurance,2018-01-21,,False,pdf,https://www.nj.gov/infobank/eo/056murphy/pdf/EO-4.pdf
NJ-MURPHY-EO-3,NJ,Murphy,3,declaration,"The Office of the State Comptroller (“State Comptroller”) shall conduct a complete performance audit of the Grow New Jersey Assistance Program and the Economic Redevelopment and Growth Grant Program, and predecessor programs, from 2010 onward.",2018-01-19,,False,pdf,https://www.nj.gov/infobank/eo/056murphy/pdf/EO-3.pdf
NJ-MURPHY-EO-2,NJ,Murphy,2,declaration,Outlining Ethics and Standards,2018-01-16,,False,pdf,https://www.nj.gov/infobank/eo/056murphy/pdf/EO-2.pdf
NJ-MURPHY-EO-1,NJ,Murphy,1,declaration,"Promoting Equal Pay, Gender Equity",2018-01-16,,False,pdf,https://www.nj.gov/infobank/eo/056murphy/pdf/EO-1.pdf
NJ-CHRISTIE-EO-1,NJ,Christie,1,declaration,"Orders and Directs all proposed regulations and rules, except as herein provided, are hereby frozen and suspended for a period of 90 days. [pdf 18k]",2010-01-20,,False,pdf,https://www.nj.gov/infobank/circular/eocc1.pdf
NJ-CHRISTIE-EO-2,NJ,Christie,2,declaration,"Orders and Directs all agencies, boards, commissions, departments and authorities over which the Governor has the power to veto minutes to implement and adhere to Common Sense Principles concerning regulatory burdens. [pdf 47k]",2010-01-20,,False,pdf,https://www.nj.gov/infobank/circular/eocc2.pdf
NJ-CHRISTIE-EO-3,NJ,Christie,3,declaration,Creates a Red Tape Review Group [pdf 12k],2010-01-20,,False,pdf,https://www.nj.gov/infobank/circular/eocc3.pdf
NJ-CHRISTIE-EO-4,NJ,Christie,4,declaration,"Orders and Directs all agencies, boards, commissions, departments and authorities over which the Governor has the power to veto minutes to implement and adhere to Common Sense Principles concerning Local Governments. [pdf 13k]",2010-01-20,,False,pdf,https://www.nj.gov/infobank/circular/eocc4.pdf
NJ-CHRISTIE-EO-5,NJ,Christie,5,declaration,Establishes a Governor’s Council of Economic Advisors [pdf 10k],2010-01-20,,False,pdf,https://www.nj.gov/infobank/circular/eocc5.pdf
NJ-CHRISTIE-EO-6,NJ,Christie,6,declaration,Orders and Directs monitors and other employees of the New Jersey Casino Control Commission whose attendance is required for New Jersey casinos to be permitted to operate are essential attendance employees within the meaning of Title 4A of the New Jersey Administrative Code and other applicable laws and regulations. [pdf 9k],2010-01-20,,False,pdf,https://www.nj.gov/infobank/circular/eocc6.pdf
NJ-CHRISTIE-EO-7,NJ,Christie,7,amendment,"Modifies prior Executive Orders implementing ""pay-to-play"" restrictions. [pdf 10k]",2010-01-20,,False,pdf,https://www.nj.gov/infobank/circular/eocc7.pdf
NJ-CHRISTIE-EO-8,NJ,Christie,8,declaration,Orders and Directs the Department of the Treasury publish quarterly reports on all State expenditures. [pdf 13k],2010-01-20,,False,pdf,https://www.nj.gov/infobank/circular/eocc8.pdf
NJ-CHRISTIE-EO-9,NJ,Christie,9,declaration,,2010-01-25,,False,pdf,https://www.nj.gov/infobank/circular/eocc9.pdf
NJ-CHRISTIE-EO-10,NJ,Christie,10,declaration,,2010-01-29,,False,pdf,https://www.nj.gov/infobank/circular/eocc10.pdf
NJ-CHRISTIE-EO-11,NJ,Christie,11,declaration,"Creates New Jersey Gaming, Sports, and Entertainment Advisory Commission [pdf 14k]",2010-02-03,,False,pdf,https://www.nj.gov/infobank/circular/eocc11.pdf
NJ-CHRISTIE-EO-12,NJ,Christie,12,declaration,Establishes a Housing Opportunity Task Force [pdf 16k],2010-02-09,2010-03-20,False,pdf,https://www.nj.gov/infobank/circular/eocc12.pdf
NJ-CHRISTIE-EO-13,NJ,Christie,13,declaration,,2010-02-05,,True,pdf,https://www.nj.gov/infobank/circular/eocc13.pdf
NJ-CHRISTIE-EO-14,NJ,Christie,14,declaration,Declare and proclaim that a State of Fiscal Emergency exists in the State of New Jersey [pdf 98k],2010-02-11,,False,pdf,https://www.nj.gov/infobank/circular/eocc14.pdf
NJ-CHRISTIE-EO-15,NJ,Christie,15,declaration,Orders and Directs all spending by State Authorities to be closely scrutinized [pdf 20k],2010-02-23,,False,pdf,https://www.nj.gov/infobank/circular/eocc15.pdf
NJ-CHRISTIE-EO-16,NJ,Christie,16,declaration,,2010-03-05,,False,pdf,https://www.nj.gov/infobank/circular/eocc16.pdf
NJ-CHRISTIE-EO-17,NJ,Christie,17,declaration,"Orders and Directs creation of a New Jersey Privatization Task Force, hereinafter referred to as the Task Force. [pdf 29k]",2010-03-11,,False,pdf,https://www.nj.gov/infobank/circular/eocc17.pdf
NJ-CHRISTIE-EO-18,NJ,Christie,18,declaration,Declares and proclaims that a State of Emergency exists [pdf 21k],2010-03-14,,True,pdf,https://www.nj.gov/infobank/circular/eocc18.pdf
NJ-CHRISTIE-EO-19,NJ,Christie,19,termination,Rescinds Executive Orders No.103 (2008) and No.135 (2009) [pdf 16k],2010-03-15,,False,pdf,https://www.nj.gov/infobank/circular/eocc19.pdf
NJ-CHRISTIE-EO-20,NJ,Christie,20,termination,Rescinds Executive Order No. 12 (2010) [pdf 9k],2010-03-20,,False,pdf,https://www.nj.gov/infobank/circular/eocc20.pdf
NJ-CHRISTIE-EO-21,NJ,Christie,21,declaration,,2010-04-16,2010-10-08,False,pdf,https://www.nj.gov/infobank/circular/eocc21.pdf
NJ-CHRISTIE-EO-22,NJ,Christie,22,declaration,,2010-04-19,,False,pdf,https://www.nj.gov/infobank/circular/eocc22.pdf
NJ-CHRISTIE-EO-23,NJ,Christie,23,declaration,Orders and directs creation of the Governor’s Passaic River Basin Flood Advisory Commission (“Advisory Commission”). [pdf 23k],2010-04-23,,True,pdf,https://www.nj.gov/infobank/circular/eocc23.pdf
NJ-CHRISTIE-EO-24,NJ,Christie,24,declaration,Orders and directs that every public employee and public officer shall file a sworn and duly notarized Financial Disclosure statement. [pdf 40k],2010-04-27,,False,pdf,https://www.nj.gov/infobank/circular/eocc24.pdf
NJ-CHRISTIE-EO-25,NJ,Christie,25,declaration,,2010-04-29,,False,pdf,https://www.nj.gov/infobank/circular/eocc25.pdf
NJ-CHRISTIE-EO-26,NJ,Christie,26,declaration,Orders and directs creation of the New Jersey Higher Education Task Force (“Task Force”). [pdf 15k],2010-05-07,,False,pdf,https://www.nj.gov/infobank/circular/eocc26.pdf
NJ-CHRISTIE-EO-27,NJ,Christie,27,declaration,,2010-05-11,,False,pdf,https://www.nj.gov/infobank/circular/eocc27.pdf
NJ-CHRISTIE-EO-28,NJ,Christie,28,declaration,,2010-05-24,,False,pdf,https://www.nj.gov/infobank/circular/eocc28.pdf
NJ-CHRISTIE-EO-29,NJ,Christie,29,declaration,,2010-06-01,,False,pdf,https://www.nj.gov/infobank/circular/eocc29.pdf
NJ-CHRISTIE-EO-30,NJ,Christie,30,declaration,,2010-06-08,,False,pdf,https://www.nj.gov/infobank/circular/eocc30.pdf
NJ-CHRISTIE-EO-31,NJ,Christie,31,declaration,,2010-06-16,,False,pdf,https://www.nj.gov/infobank/circular/eocc31.pdf
NJ-CHRISTIE-EO-32,NJ,Christie,32,amendment,Modifies Executive Order No. 36 (2006) [pdf 17k],2010-06-09,,False,pdf,https://www.nj.gov/infobank/circular/eocc32.pdf
NJ-CHRISTIE-EO-33,NJ,Christie,33,declaration,Creates a County Prosecutor Study Commission (“Study Commission”). The Study Commission shall consist of thirteen (13) members as set forth in this paragraph. The Governor hereby appoints the Attorney General to serve as the chairperson of the Study Commission. [pdf 20k],2010-07-16,,False,pdf,https://www.nj.gov/infobank/circular/eocc33.pdf
NJ-CHRISTIE-EO-34,NJ,Christie,34,amendment,Modifies Executive Order No. 11 (2010) [pdf 10k],2010-07-21,,False,pdf,https://www.nj.gov/infobank/circular/eocc34.pdf
NJ-CHRISTIE-EO-35,NJ,Christie,35,declaration,,2010-08-02,,False,pdf,https://www.nj.gov/infobank/circular/eocc35.pdf
NJ-CHRISTIE-EO-36,NJ,Christie,36,declaration,,2010-08-25,,False,pdf,https://www.nj.gov/infobank/circular/eocc36.pdf
NJ-CHRISTIE-EO-37,NJ,Christie,37,declaration,,2010-09-03,,False,pdf,https://www.nj.gov/infobank/circular/eocc37.pdf
NJ-CHRISTIE-EO-38,NJ,Christie,38,declaration,,2010-09-07,,False,pdf,https://www.nj.gov/infobank/circular/eocc38.pdf
NJ-CHRISTIE-EO-39,NJ,Christie,39,declaration,,2010-09-11,,False,pdf,https://www.nj.gov/infobank/circular/eocc39.pdf
NJ-CHRISTIE-EO-40,NJ,Christie,40,termination,"Orders and directs the following State Authorities, insofar as they were established under the authority of one or more Executive Orders, are hereby terminated and abolished and those Executive Orders, or parts thereof that authorized their creation and existence, are hereby rescinded. [pdf 26k]",2010-09-09,,False,pdf,https://www.nj.gov/infobank/circular/eocc40.pdf
NJ-CHRISTIE-EO-41,NJ,Christie,41,declaration,Establishes a Red Tape Review Commission [pdf 20k],2010-09-23,,False,pdf,https://www.nj.gov/infobank/circular/eocc41.pdf
NJ-CHRISTIE-EO-42,NJ,Christie,42,declaration,Creates a New Jersey Educator Effectiveness Task Force for School and District-level education professionals [pdf 20k],2010-09-28,,False,pdf,https://www.nj.gov/infobank/circular/eocc42.pdf
NJ-CHRISTIE-EO-43,NJ,Christie,43,declaration,,2010-10-06,,False,pdf,https://www.nj.gov/infobank/circular/eocc43.pdf
NJ-CHRISTIE-EO-44,NJ,Christie,44,termination,Rescinds Executive Orders No. 21 (1994) and No. 33 (1995) [pdf 13k],2010-10-08,,False,pdf,https://www.nj.gov/infobank/circular/eocc44.pdf
NJ-CHRISTIE-EO-45,NJ,Christie,45,declaration,,2010-10-26,,False,pdf,https://www.nj.gov/infobank/circular/eocc45.pdf
NJ-CHRISTIE-EO-46,NJ,Christie,46,declaration,,2010-11-03,,False,pdf,https://www.nj.gov/infobank/circular/eocc46.pdf
NJ-CHRISTIE-EO-47,NJ,Christie,47,declaration,,2002-07-01,,False,pdf,https://www.nj.gov/infobank/circular/eocc47.pdf
NJ-CHRISTIE-EO-48,NJ,Christie,48,declaration,,2010-11-12,,False,pdf,https://www.nj.gov/infobank/circular/eocc48.pdf
NJ-CHRISTIE-EO-49,NJ,Christie,49,declaration,Declare and proclaim a State of Emergency throughout the State of New Jersey.[pdf 235kB],2010-12-26,,False,pdf,https://www.nj.gov/infobank/circular/eocc_sweeney.pdf
NJ-CHRISTIE-EO-50,NJ,Christie,50,termination,Orders and directs the State of Emergency declared in Executive Order No. 49 (2010) to be terminated effective immediately. [pdf 28kB],2010-12-27,,True,pdf,https://www.nj.gov/infobank/circular/eocc50.pdf
NJ-CHRISTIE-EO-51,NJ,Christie,51,declaration,Establishes the University of Medicine and Dentistry of New Jersey Advisory Committee. [pdf 20kB],2011-01-04,,False,pdf,https://www.nj.gov/infobank/circular/eocc51.pdf
NJ-CHRISTIE-EO-52,NJ,Christie,52,declaration,Creates the Governor's Higher Education Council. [pdf 18kB],2011-01-04,,False,pdf,https://www.nj.gov/infobank/circular/eocc52.pdf
NJ-CHRISTIE-EO-53,NJ,Christie,53,declaration,,2011-01-21,,False,pdf,https://www.nj.gov/infobank/circular/eocc53.pdf
NJ-CHRISTIE-EO-54,NJ,Christie,54,declaration,,2011-01-24,,False,pdf,https://www.nj.gov/infobank/circular/eocc54.pdf
NJ-CHRISTIE-EO-55,NJ,Christie,55,declaration,Declare and proclaim that a State of Emergency exists within the Passaic Valley Sewerage District [pdf 15kB],2011-01-25,2015-11-09,False,pdf,https://www.nj.gov/infobank/circular/eocc55.pdf
NJ-CHRISTIE-EO-56,NJ,Christie,56,declaration,,2011-02-16,,False,pdf,https://www.nj.gov/infobank/circular/eocc56.pdf
NJ-CHRISTIE-EO-57,NJ,Christie,57,declaration,Declares a Weather Related State of Emergency [pdf 22kB],2011-03-09,,True,pdf,https://www.nj.gov/infobank/circular/eocc57.pdf
NJ-CHRISTIE-EO-58,NJ,Christie,58,declaration,Creates New Jersey Education Transformation Task Force [pdf 20kB],2011-04-04,,False,pdf,https://www.nj.gov/infobank/circular/eocc58.pdf
NJ-CHRISTIE-EO-59,NJ,Christie,59,declaration,,2011-04-08,,False,pdf,https://www.nj.gov/infobank/circular/eocc59.pdf
NJ-CHRISTIE-EO-60,NJ,Christie,60,declaration,Establishes pilot program to reduce emissions from nonroad diesel powered equipment used in selected publicly funded state construction contracts. [pdf 17kB],2011-04-20,,False,pdf,https://www.nj.gov/infobank/circular/eocc60.pdf
NJ-CHRISTIE-EO-61,NJ,Christie,61,declaration,,2011-04-29,,False,pdf,https://www.nj.gov/infobank/circular/eocc61.pdf
NJ-CHRISTIE-EO-62,NJ,Christie,62,declaration,,2011-05-02,,False,pdf,https://www.nj.gov/infobank/circular/eocc62.pdf
NJ-CHRISTIE-EO-63,NJ,Christie,63,declaration,,2011-05-12,,False,pdf,https://www.nj.gov/infobank/circular/eocc63.pdf
NJ-CHRISTIE-EO-64,NJ,Christie,64,declaration,Orders and directs the Governor's Advisory Council on Higher Education to examine the disclosure requirements in the higher education community and make a recommendation to the Governor as to the appropriate level and content of financial disclosure applicable to the trustees of the State's College and University boards. [pdf 55kB],2011-05-09,,False,pdf,https://www.nj.gov/infobank/circular/eocc64.pdf
NJ-CHRISTIE-EO-65,NJ,Christie,65,declaration,,2011-05-13,,False,pdf,https://www.nj.gov/infobank/circular/eocc65.pdf
NJ-CHRISTIE-EO-66,NJ,Christie,66,declaration,,2011-06-15,,False,pdf,https://www.nj.gov/infobank/circular/eocc66.pdf
NJ-CHRISTIE-EO-67,NJ,Christie,67,declaration,,2011-06-23,,False,pdf,https://www.nj.gov/infobank/circular/eocc67.pdf
NJ-CHRISTIE-EO-68,NJ,Christie,68,declaration,,2011-06-24,,False,pdf,https://www.nj.gov/infobank/circular/eocc68.pdf
NJ-CHRISTIE-EO-69,NJ,Christie,69,declaration,,2012-06-30,,False,pdf,https://www.nj.gov/infobank/circular/eocc69.pdf
NJ-CHRISTIE-EO-70,NJ,Christie,70,declaration,,2011-07-18,,False,pdf,https://www.nj.gov/infobank/circular/eocc70.pdf
NJ-CHRISTIE-EO-71,NJ,Christie,71,declaration,,2011-08-12,,False,pdf,https://www.nj.gov/infobank/circular/eocc71.pdf
NJ-CHRISTIE-EO-72,NJ,Christie,72,declaration,,2011-08-19,,False,pdf,https://www.nj.gov/infobank/circular/eocc72.pdf
NJ-CHRISTIE-EO-73,NJ,Christie,73,declaration,Declare and proclaim that a State of Emergency exists in the State on New Jersey [pdf 15kB],2011-08-25,,False,pdf,https://www.nj.gov/infobank/circular/eocc73.pdf
NJ-CHRISTIE-EO-74,NJ,Christie,74,declaration,,2011-09-09,,False,pdf,https://www.nj.gov/infobank/circular/eocc74.pdf
NJ-CHRISTIE-EO-75,NJ,Christie,75,declaration,,2011-10-05,,False,pdf,https://www.nj.gov/infobank/circular/eocc75.pdf
NJ-CHRISTIE-EO-76,NJ,Christie,76,declaration,,2011-10-19,,False,pdf,https://www.nj.gov/infobank/circular/eocc76.pdf
NJ-CHRISTIE-EO-77,NJ,Christie,77,declaration,"Created the New Jersey Commission for Early Learning and Development, hereinafter referred to as the""Early Learning Commission."" [pdf 18kB",2011-10-19,,False,pdf,https://www.nj.gov/infobank/circular/eocc77.pdf
NJ-CHRISTIE-EO-78,NJ,Christie,78,declaration,"Created the State Strategic Plan Steering Committee (""Steering Committee"") to ensure that State departments and agencies incorporate the goals, objectives, and values of a new SPC adopted State Plan into Department Strategic Plans [pdf 13kB]",2011-10-20,,False,pdf,https://www.nj.gov/infobank/circular/eocc78.pdf
NJ-CHRISTIE-EO-79,NJ,Christie,79,declaration,,2011-10-28,,False,pdf,https://www.nj.gov/infobank/circular/eocc79.pdf
NJ-CHRISTIE-EO-80,NJ,Christie,80,declaration,Declare and proclaim that a State of Emergency exists in the State on New Jersey. [pdf 22kB],2011-10-30,,True,pdf,https://www.nj.gov/infobank/circular/eocc80.pdf
NJ-CHRISTIE-EO-81,NJ,Christie,81,declaration,,2011-11-10,,False,pdf,https://www.nj.gov/infobank/circular/eocc81.pdf
NJ-CHRISTIE-EO-82,NJ,Christie,82,declaration,,2011-11-16,,False,pdf,https://www.nj.gov/infobank/circular/eocc82.pdf
NJ-CHRISTIE-EO-83,NJ,Christie,83,declaration,"Created a Governor's Task Force for Recidivism Reduction, hereinafter referred to as the ""Task Force."" [pdf 15kB]",2011-11-29,,False,pdf,https://www.nj.gov/infobank/circular/eocc83.pdf
NJ-CHRISTIE-EO-84,NJ,Christie,84,declaration,,2012-01-12,,False,pdf,https://www.nj.gov/infobank/circular/eocc84.pdf
NJ-CHRISTIE-EO-85,NJ,Christie,85,declaration,,2012-01-17,,False,pdf,https://www.nj.gov/infobank/circular/eocc85.pdf
NJ-CHRISTIE-EO-86,NJ,Christie,86,declaration,,2012-01-30,,False,pdf,https://www.nj.gov/infobank/circular/eocc86.pdf
NJ-CHRISTIE-EO-87,NJ,Christie,87,declaration,,2012-02-17,,False,pdf,https://www.nj.gov/infobank/circular/eocc87.pdf
NJ-CHRISTIE-EO-88,NJ,Christie,88,declaration,,2012-02-21,,False,pdf,https://www.nj.gov/infobank/circular/eocc88.pdf
NJ-CHRISTIE-EO-89,NJ,Christie,89,declaration,"Creation of the New Jersey Education Funding Task Force, hereinafter referred to as the ""Task Force."" [pdf 15kB]",2012-03-06,,False,pdf,https://www.nj.gov/infobank/circular/eocc89.pdf
NJ-CHRISTIE-EO-90,NJ,Christie,90,declaration,,2012-03-14,,False,pdf,https://www.nj.gov/infobank/circular/eocc90.pdf
NJ-CHRISTIE-EO-91,NJ,Christie,91,declaration,,2012-04-04,,False,pdf,https://www.nj.gov/infobank/circular/eocc91_kg.pdf
NJ-CHRISTIE-EO-92,NJ,Christie,92,declaration,"Creates an Interagency Council on Homelessness (the""Council"").[pdf 14kB]",2012-04-18,,False,pdf,https://www.nj.gov/infobank/circular/eocc92.pdf
NJ-CHRISTIE-EO-93,NJ,Christie,93,declaration,,2012-04-20,,False,pdf,https://www.nj.gov/infobank/circular/eocc93.pdf
NJ-CHRISTIE-EO-94,NJ,Christie,94,declaration,,2012-05-10,,False,pdf,https://www.nj.gov/infobank/circular/eocc94.pdf
NJ-CHRISTIE-EO-95,NJ,Christie,95,declaration,,2012-05-21,,False,pdf,https://www.nj.gov/infobank/circular/eocc95.pdf
NJ-CHRISTIE-EO-96,NJ,Christie,96,declaration,,2012-06-08,,False,pdf,https://www.nj.gov/infobank/circular/eocc96.pdf
NJ-CHRISTIE-EO-97,NJ,Christie,97,declaration,,2013-06-30,,False,pdf,https://www.nj.gov/infobank/circular/eocc97.pdf
NJ-CHRISTIE-EO-98,NJ,Christie,98,declaration,,2012-07-13,,False,pdf,https://www.nj.gov/infobank/circular/eocc98.pdf
NJ-CHRISTIE-EO-99,NJ,Christie,99,declaration,,2012-07-18,,False,pdf,https://www.nj.gov/infobank/circular/eocc99.pdf
NJ-CHRISTIE-EO-100,NJ,Christie,100,declaration,,2012-07-25,,False,pdf,https://www.nj.gov/infobank/circular/eocc100.pdf
NJ-CHRISTIE-EO-101,NJ,Christie,101,declaration,,2012-08-30,,True,pdf,https://www.nj.gov/infobank/circular/eocc101.pdf
NJ-CHRISTIE-EO-102,NJ,Christie,102,declaration,,2012-09-11,,False,pdf,https://www.nj.gov/infobank/circular/eocc102.pdf
NJ-CHRISTIE-EO-103,NJ,Christie,103,declaration,"The flag of the United States of America and the flag of New Jersey shall be flown at half-staff at all State departments, offices, agencies, and instrumentalities during appropriate hours on Tuesday, Octiber 9, 2012, in recognition and mourning of a brave and loyal American hero, United States Army Sergeant Jonathan Gollnitz. [pdf 16kB]",2012-10-04,2010-03-15,False,pdf,https://www.nj.gov/infobank/circular/eocc103.pdf
NJ-CHRISTIE-EO-104,NJ,Christie,104,declaration,PROCLAIM that a State of Emergency exists in the State of New Jersey [pdf 15kB],2012-10-27,,True,pdf,https://www.nj.gov/infobank/circular/eocc104.pdf
NJ-CHRISTIE-EO-105,NJ,Christie,105,declaration,,2012-11-05,,True,pdf,https://www.nj.gov/infobank/circular/eocc105.pdf
NJ-CHRISTIE-EO-106,NJ,Christie,106,declaration,"Declares State of Water Emergency, Authorizes DEP to Take Steps to Prevent Water Shortage [pdf 12kB]",2012-11-01,,True,pdf,https://www.nj.gov/infobank/circular/eocc106.pdf
NJ-CHRISTIE-EO-107,NJ,Christie,107,declaration,Protect Storm-Impacted New Jersey Homeowners from Higher Insurance Deductiblese [pdf 12kB],2012-11-02,,True,pdf,https://www.nj.gov/infobank/circular/eocc107.pdf
NJ-CHRISTIE-EO-108,NJ,Christie,108,declaration,Declares a limited state of energy emergency with regard to the supply of motor fuel and implementing odd-even rationing for gasoline purchases in 12 New Jersey counties.  [pdf 10kB],2012-11-02,,True,pdf,https://www.nj.gov/infobank/circular/eocc108.pdf
NJ-CHRISTIE-EO-109,NJ,Christie,109,declaration,,2012-11-03,,True,pdf,https://www.nj.gov/infobank/circular/eocc109.pdf
NJ-CHRISTIE-EO-110,NJ,Christie,110,declaration,Suspends restrictions in state law that place limitations on the source of fuel particular and branded fuel retailers are allowed to sell. [pdf 10kB],2012-11-03,,True,pdf,https://www.nj.gov/infobank/circular/eocc110.pdf
NJ-CHRISTIE-EO-111,NJ,Christie,111,declaration,A local Government Unit has established a snow removal fund [pdf 55kB],2012-11-05,,True,pdf,https://www.nj.gov/infobank/circular/eocc111.pdf
NJ-CHRISTIE-EO-112,NJ,Christie,112,declaration,,2012-11-09,,False,pdf,https://www.nj.gov/infobank/circular/eocc112.pdf
NJ-CHRISTIE-EO-113,NJ,Christie,113,declaration,,2012-11-16,,True,pdf,https://www.nj.gov/infobank/circular/eocc113.pdf
NJ-CHRISTIE-EO-114,NJ,Christie,114,declaration,,2012-11-02,,True,pdf,https://www.nj.gov/infobank/circular/eocc114.pdf
NJ-CHRISTIE-EO-115,NJ,Christie,115,extension,"Extends the action taken in Executive Order No. 110 to ease restrictions on fuel sales in New Jersey, removing limitations on the source of fuel particular and branded fuel retailers are allowed to sell. [pdf 10kB]",2012-11-13,,True,pdf,https://www.nj.gov/infobank/circular/eocc115.pdf
NJ-CHRISTIE-EO-116,NJ,Christie,116,declaration,"The Director of the Division of Taxation, in the Department of the Treasury, is directed to take all appropriate actions to effectuate the fuel agreement between FEMA and the State. [pdf 20kB]",2012-11-19,,True,pdf,https://www.nj.gov/infobank/circular/eocc116.pdf
NJ-CHRISTIE-EO-117,NJ,Christie,117,declaration,,2012-11-03,,True,pdf,https://www.nj.gov/infobank/circular/eocc117.pdf
NJ-CHRISTIE-EO-118,NJ,Christie,118,declaration,,2012-12-06,,False,pdf,https://www.nj.gov/infobank/circular/eocc118.pdf
NJ-CHRISTIE-EO-119,NJ,Christie,119,declaration,,2012-12-18,,False,pdf,https://www.nj.gov/infobank/circular/eocc119.pdf
NJ-CHRISTIE-EO-120,NJ,Christie,120,declaration,,2012-10-31,,True,pdf,https://www.nj.gov/infobank/circular/eocc120.pdf
NJ-CHRISTIE-EO-121,NJ,Christie,121,declaration,,2012-12-27,,False,pdf,https://www.nj.gov/infobank/circular/eocc121.pdf
NJ-CHRISTIE-EO-122,NJ,Christie,122,declaration,,2012-12-21,,False,pdf,https://www.nj.gov/infobank/circular/eocc122.pdf
NJ-CHRISTIE-EO-123,NJ,Christie,123,declaration,,2013-01-02,,False,pdf,https://www.nj.gov/infobank/circular/eocc123.pdf
NJ-CHRISTIE-EO-124,NJ,Christie,124,declaration,"Establishes the NJ SAFE Task Force on Gun Protection, Addiction, Mental Health and Families, and Education Safety [pdf 20kB]",2013-01-17,,False,pdf,https://www.nj.gov/infobank/circular/eocc124.pdf
NJ-CHRISTIE-EO-125,NJ,Christie,125,declaration,"Orders and directs the Office of the State Comptroller to conduct independent review of contracts, transparency measures over expenditures [pdf 20kB]",2013-02-08,,True,pdf,https://www.nj.gov/infobank/circular/eocc125.pdf
NJ-CHRISTIE-EO-126,NJ,Christie,126,declaration,"Allows the seasonal alcoholic beverage licensees to begin serving alcohol on March 1, two months ahead of the traditional allowance of May 1. [pdf 18kB]",2013-02-28,,True,pdf,https://www.nj.gov/infobank/circular/eocc126.pdf
NJ-CHRISTIE-EO-127,NJ,Christie,127,declaration,,2013-03-11,,False,pdf,https://www.nj.gov/infobank/circular/eocc127.pdf
NJ-CHRISTIE-EO-128,NJ,Christie,128,declaration,"Requires every local governmental entity in the state that can meet the eligibility requirements to apply for a FEMA Community Disaster Loan. The order also empowers the Division of Local Government Services within the Department of Community Affairs and the Commissioner of Education the authority to implement the Community Disaster Loan Program in New Jersey and to require application to the program be made by local governments. Every municipality, county, school district, fire district, local authority and every other local governmental entities in New Jersey is subject to this order. [pdf 22kB]",2013-03-15,,False,pdf,https://www.nj.gov/infobank/circular/eocc128.pdf
NJ-CHRISTIE-EO-129,NJ,Christie,129,declaration,,2013-04-18,,False,pdf,https://www.nj.gov/infobank/circular/eocc129.pdf
NJ-CHRISTIE-EO-130,NJ,Christie,130,declaration,Orders and directs the creation of a Mental Health and Community Safety Working Group [pdf18kB],2013-04-19,,False,pdf,https://www.nj.gov/infobank/circular/eocc130.pdf
NJ-CHRISTIE-EO-131,NJ,Christie,131,declaration,,2013-05-10,,False,pdf,https://www.nj.gov/infobank/circular/eocc131.pdf
NJ-CHRISTIE-EO-132,NJ,Christie,132,declaration,,2013-05-22,,True,pdf,https://www.nj.gov/infobank/circular/eocc132.pdf
NJ-CHRISTIE-EO-133,NJ,Christie,133,declaration,,2013-06-05,,False,pdf,https://www.nj.gov/infobank/circular/eocc133.pdf
NJ-CHRISTIE-EO-134,NJ,Christie,134,declaration,Establishes the New Jersey Military Installation Growth and Development Task Force.,2013-06-13,,False,pdf,https://www.nj.gov/infobank/circular/eocc134.pdf
NJ-CHRISTIE-EO-135,NJ,Christie,135,declaration,,2013-06-24,,False,pdf,https://www.nj.gov/infobank/circular/eocc135.pdf
NJ-CHRISTIE-EO-136,NJ,Christie,136,declaration,,2013-12-31,,False,pdf,https://www.nj.gov/infobank/circular/eocc136.pdf
NJ-CHRISTIE-EO-137,NJ,Christie,137,declaration,"Order and direct for the remainder of calendar year 2013, minors between fourteen and seventeen years of age shall be permitted to work as volunteers for nonprofit organizations engaged in housing construction [pdf 17kB]",2013-07-10,,False,pdf,https://www.nj.gov/infobank/circular/eocc137.pdf
NJ-CHRISTIE-EO-138,NJ,Christie,138,declaration,Establishes the Pension Fraud and Abuse Unit within the Department of the Treasury. [pdf 30kB],2013-08-07,,False,pdf,https://www.nj.gov/infobank/circular/eocc138.pdf
NJ-CHRISTIE-EO-139,NJ,Christie,139,declaration,,2013-09-11,,False,pdf,https://www.nj.gov/infobank/circular/eocc139.pdf
NJ-CHRISTIE-EO-140,NJ,Christie,140,declaration,"Orders and directs Attorney General To Coordinate Acquisition Of Easements, Creates Office Of Flood Hazard Risk Reduction Measures To Lead Effort [pdf 14kB]",2013-09-25,,True,pdf,https://www.nj.gov/infobank/circular/eocc140.pdf
NJ-CHRISTIE-EO-141,NJ,Christie,141,declaration,,2013-10-04,,False,pdf,https://www.nj.gov/infobank/circular/eocc141.pdf
NJ-CHRISTIE-EO-142,NJ,Christie,142,declaration,,2013-10-10,,False,pdf,https://www.nj.gov/infobank/circular/eocc142.pdf
NJ-CHRISTIE-EO-143,NJ,Christie,143,declaration,,2013-12-09,,False,pdf,https://www.nj.gov/infobank/circular/eocc143.pdf
NJ-CHRISTIE-EO-144,NJ,Christie,144,declaration,,2014-12-31,,False,pdf,https://www.nj.gov/infobank/circular/eocc144.pdf
NJ-CHRISTIE-EO-145,NJ,Christie,145,amendment,"Ordering Executive Orders Nos. 24, 69, and 136 are hereby superseded and Paragraph 6 of Executive Order No. 11 (2010) is amended to provide that the Commission shall not expire upon the issuance of its final report. [pdf 11kB]",2013-12-30,,False,pdf,https://www.nj.gov/infobank/circular/eocc145.pdf
NJ-CHRISTIE-EO-146,NJ,Christie,146,declaration,"Declares a State of Emergency, authorizing the State Director of Emergency Management to activate and coordinate the preparation, response and recovery efforts for the storm with all county and municipal emergency operations and governmental agencies. Governor Christie also authorized the closing of state offices on Friday, January 3rd for all non-essential employees. [pdf 15kB]",2014-01-02,,True,pdf,https://www.nj.gov/infobank/circular/eocc146.pdf
NJ-CHRISTIE-EO-147,NJ,Christie,147,declaration,"Declares a State of Emergency, authorizing the State Director of Emergency Management to activate and coordinate the preparation, response and recovery efforts for the storm with all county and municipal emergency operations and governmental agencies.",2014-01-21,,False,pdf,https://www.nj.gov/infobank/circular/eocc147.pdf
NJ-CHRISTIE-EO-148,NJ,Christie,148,declaration,"Declares a State of Emergency, authorizing the State Director of Emergency Management to activate and coordinate the preparation, response and recovery efforts for the storm with all county and municipal emergency operations and governmental agencies.",2014-02-03,,True,pdf,https://www.nj.gov/infobank/circular/eocc148.pdf
NJ-CHRISTIE-EO-149,NJ,Christie,149,declaration,Governor Chris Christie Declares State of Emergency In Preparation For Tuesday Night’s Severe Winter Weather. [pdf 14kB],2014-02-04,,True,pdf,https://www.nj.gov/infobank/circular/eocc149.pdf
NJ-CHRISTIE-EO-150,NJ,Christie,150,declaration,Governor Chris Christie Declares State of Emergency In Preparation For Wednesday Night’s Severe Winter Weather. [pdf 14kB],2014-02-12,,True,pdf,https://www.nj.gov/infobank/circular/eocc150.pdf
NJ-CHRISTIE-EO-151,NJ,Christie,151,declaration,,2014-05-01,,False,pdf,https://www.nj.gov/infobank/circular/eocc151.pdf
NJ-CHRISTIE-EO-152,NJ,Christie,152,declaration,"Directs Department of Community Affairs Commissioner To Oversee the State’s Efforts To Demolish Storm-Affected Structures That Jeopardize Fire, Health and Community Safety [pdf 25kB]",2014-02-28,,False,pdf,https://www.nj.gov/infobank/circular/eocc152.pdf
NJ-CHRISTIE-EO-153,NJ,Christie,153,declaration,Governor Chris Christie Declares State of Emergency In Preparation For Monday Morning’s Severe Winter Weather. [pdf 14kB],2014-03-02,,True,pdf,https://www.nj.gov/infobank/circular/eocc153.pdf
NJ-CHRISTIE-EO-154,NJ,Christie,154,declaration,"Expands the membership of the New Jersey Military Installation Growth and Development Task Force (“Task Force”), by one member, from its current five (5) members to six (6). [pdf 28kB]",2014-04-09,,False,pdf,https://www.nj.gov/infobank/circular/eocc154.pdf
NJ-CHRISTIE-EO-155,NJ,Christie,155,extension,Renews the charter of the bi-partisan Red Tape Review Commission (RTRC). [pdf 10kB],2014-04-30,,False,pdf,https://www.nj.gov/infobank/circular/eocc155.pdf
NJ-CHRISTIE-EO-156,NJ,Christie,156,declaration,Allows steps to be taken to limit State spending if it appears that revenues have fallen below those originally anticipated in the Appropriations Act by ordering the Director of the Division of Budget and Accounting to freeze spending and place items into reserve pursuant to N.J.S.A. 52:27B-26 [pdf 15kB],2014-05-20,,False,pdf,https://www.nj.gov/infobank/circular/eocc156.pdf
NJ-CHRISTIE-EO-157,NJ,Christie,157,declaration,,2019-06-11,,False,pdf,https://www.nj.gov/infobank/circular/eocc157.pdf
NJ-CHRISTIE-EO-158,NJ,Christie,158,declaration,,2014-07-16,,False,pdf,https://www.nj.gov/infobank/circular/eocc158.pdf
NJ-CHRISTIE-EO-159,NJ,Christie,159,declaration,Establishes Study Commission to Review the Effectiveness of All K-12 Student Assessments [pdf 25kB],2014-07-14,,False,pdf,https://www.nj.gov/infobank/circular/eocc159.pdf
NJ-CHRISTIE-EO-160,NJ,Christie,160,declaration,,2014-07-22,,False,pdf,https://www.nj.gov/infobank/circular/eocc160.pdf
NJ-CHRISTIE-EO-161,NJ,Christie,161,declaration,Creates a non-partisan “New Jersey Pension and Health Benefit Study Commission.” To Address New Jersey’s Unfunded Liabilities Crisis [pd 15kB],2014-08-01,,False,pdf,https://www.nj.gov/infobank/circular/eocc161.pdf
NJ-CHRISTIE-EO-162,NJ,Christie,162,declaration,,2014-09-11,,False,pdf,https://www.nj.gov/infobank/circular/eocc162.pdf
NJ-CHRISTIE-EO-163,NJ,Christie,163,declaration,Creates Facing Addiction Task Force To Fight Drug Addiction Through Treatment And Prevention. [pdf 30kB],2014-10-09,,False,pdf,https://www.nj.gov/infobank/circular/eocc163.pdf
NJ-CHRISTIE-EO-164,NJ,Christie,164,declaration,Creates Ebola Virus Disease Joint Response Team to Execute Plan and Coordinate in Real Time [pdf 15kB],2014-10-22,,False,pdf,https://www.nj.gov/infobank/circular/eocc164.pdf
NJ-CHRISTIE-EO-167,NJ,Christie,167,declaration,"Governor Chris Christie today declared a State of Emergency, authorizing the State Director of Emergency Management to activate and coordinate the preparation, response and recovery efforts for the storm with all county and municipal emergency operations and governmental agencies. Commuters are asked to use extreme caution while traveling across the state. [pdf 15kB]",2014-11-26,,True,pdf,https://www.nj.gov/infobank/circular/eocc167.pdf
NJ-CHRISTIE-EO-168,NJ,Christie,168,declaration,,2015-12-31,,False,pdf,https://www.nj.gov/infobank/circular/eocc168.pdf
NJ-CHRISTIE-EO-169,NJ,Christie,169,declaration,,2016-12-31,,False,pdf,https://www.nj.gov/infobank/circular/eocc169.pdf
NJ-CHRISTIE-EO-170,NJ,Christie,170,declaration,,2015-01-02,,False,pdf,https://www.nj.gov/infobank/circular/eocc170.pdf
NJ-CHRISTIE-EO-171,NJ,Christie,171,declaration,Appoints an Emergency Manager and Special Consultant to develop and oversee a comprehensive overhaul of Atlantic City’s government. [pdf 17kB],2015-01-22,,False,pdf,https://www.nj.gov/infobank/circular/eocc171.pdf
NJ-CHRISTIE-EO-172,NJ,Christie,172,declaration,Declares and proclaims that a State of Emergency exists [pdf 18kB],2015-01-26,,True,pdf,https://www.nj.gov/infobank/circular/eocc172.pdf
NJ-CHRISTIE-EO-173,NJ,Christie,173,declaration,,2015-01-30,,False,pdf,https://www.nj.gov/infobank/circular/eocc173.pdf
NJ-CHRISTIE-EO-174,NJ,Christie,174,declaration,"Allows seasonal alcoholic beverage licensees to begin serving alcohol on March 1, two months ahead of the normal date of May 1. The advancement to March 1 will allow shore businesses to open early and spur economic activity along the Jersey Shore. [pdf 10kB]",2015-02-25,,False,pdf,https://www.nj.gov/infobank/circular/eocc174.pdf
NJ-CHRISTIE-EO-175,NJ,Christie,175,declaration,"Authorizes the State Director of Emergency Management to activate and coordinate the preparation, response and recovery efforts for the storm with all county and municipal emergency operations and governmental agencies. [pdf 15kB]",2015-03-04,,True,pdf,https://www.nj.gov/infobank/circular/eocc175.pdf
NJ-CHRISTIE-EO-176,NJ,Christie,176,declaration,,2015-03-23,,False,pdf,https://www.nj.gov/infobank/circular/eocc176.pdf
NJ-CHRISTIE-EO-177,NJ,Christie,177,declaration,,2015-04-17,,False,pdf,https://www.nj.gov/infobank/circular/eocc177.pdf
NJ-CHRISTIE-EO-178,NJ,Christie,178,declaration,"The New Jersey Cybersecurity and Communications Integration Cell (“NJCCIC”) is established as the central State civilian interface for coordinating cybersecurity information sharing, performing cybersecurity threat analysis, and promoting shared and real-time situational awareness between and among the public and private sectors. [pdf 12kB]",2015-05-20,,False,pdf,https://www.nj.gov/infobank/circular/eocc178.pdf
NJ-CHRISTIE-EO-179,NJ,Christie,179,declaration,,2015-06-04,,False,pdf,https://www.nj.gov/infobank/circular/eocc179.pdf
NJ-CHRISTIE-EO-180,NJ,Christie,180,declaration,"Governor Christie signed Executive Order No. 180, creating the New Jersey Firearm Purchase and Permitting Study Commission, with the specific task of reviewing the state’s laws, regulations and procedures pertaining to the ownership and possession of firearms and ensuring they do not infringe on New Jerseyans’ constitutional rights. [pdf 42kB]",2015-06-29,,False,pdf,https://www.nj.gov/infobank/circular/eocc180.pdf
NJ-CHRISTIE-EO-181,NJ,Christie,181,declaration,,2015-07-22,,False,pdf,https://www.nj.gov/infobank/circular/eocc181.pdf
NJ-CHRISTIE-EO-182,NJ,Christie,182,declaration,,2015-07-31,,False,pdf,https://www.nj.gov/infobank/circular/eocc182.pdf
NJ-CHRISTIE-EO-184,NJ,Christie,184,declaration,Order Builds On Ongoing Preparation Efforts & Ensures Officials Have All Tools To Ensure A Safe And Orderly Visit pdf [14kB],2015-09-18,,False,pdf,https://www.nj.gov/infobank/circular/eocc184.pdf
NJ-CHRISTIE-EO-185,NJ,Christie,185,declaration,,2015-09-29,,False,pdf,https://www.nj.gov/infobank/circular/eocc185.pdf
NJ-CHRISTIE-EO-186,NJ,Christie,186,declaration,Governor Chris Christie today declared a state of emergency throughout the state as a result of severe weather conditions expected in the coming days. [pdf 20kB],2015-10-01,,True,pdf,https://www.nj.gov/infobank/circular/eocc186.pdf
NJ-CHRISTIE-EO-187,NJ,Christie,187,declaration,,2015-10-06,,False,pdf,https://www.nj.gov/infobank/circular/eocc187.pdf
NJ-CHRISTIE-EO-188,NJ,Christie,188,declaration,,2015-10-21,,False,pdf,https://www.nj.gov/infobank/circular/eocc188.pdf
NJ-CHRISTIE-EO-189,NJ,Christie,189,declaration,,2015-10-22,,False,pdf,https://www.nj.gov/infobank/circular/eocc189.pdf
NJ-CHRISTIE-EO-190,NJ,Christie,190,declaration,,2015-11-05,,False,pdf,https://www.nj.gov/infobank/circular/eocc190.pdf
NJ-CHRISTIE-EO-191,NJ,Christie,191,termination,"Governor Chris Christie signed Executive Order No. 191, rescinding Executive Order 55, which he imposed on Jan. 25 2011 after six of the Passaic Valley Sewerage Commission’s seven board were suspended from their positions and ultimately resigned, following the emergence of facts and allegations regarding unethical, self-serving conduct during the prior decade. [pdf 10kB]",2015-11-09,,False,pdf,https://www.nj.gov/infobank/circular/eocc191.pdf
NJ-CHRISTIE-EO-192,NJ,Christie,192,extension,"Acting Governor Kim Guadagno signed Executive Order No. 192, which creates the appointed position of Military and Defense Economic Ombudsman and extends the New Jersey Military Installation Growth and Development Task Force until the end of Governor Christie’s term. [pdf 163kB]",2015-11-10,,False,pdf,https://www.nj.gov/infobank/circular/eocc192.pdf
NJ-CHRISTIE-EO-193,NJ,Christie,193,declaration,,2015-11-17,,False,pdf,https://www.nj.gov/infobank/circular/eocc193.pdf
NJ-CHRISTIE-EO-194,NJ,Christie,194,declaration,,2015-11-24,,False,pdf,https://www.nj.gov/infobank/circular/eocc194.pdf
NJ-CHRISTIE-EO-195,NJ,Christie,195,declaration,,2015-12-04,,False,pdf,https://www.nj.gov/infobank/circular/eocc195.pdf
NJ-CHRISTIE-EO-196,NJ,Christie,196,declaration,,2015-12-08,,False,pdf,https://www.nj.gov/infobank/circular/eocc196.pdf
NJ-CHRISTIE-EO-197,NJ,Christie,197,declaration,,2016-12-31,,False,pdf,https://www.nj.gov/infobank/circular/eocc197.pdf
NJ-CHRISTIE-EO-198,NJ,Christie,198,declaration,,2017-12-31,,False,pdf,https://www.nj.gov/infobank/circular/eocc198.pdf
NJ-CHRISTIE-EO-199,NJ,Christie,199,declaration,,2015-12-23,,False,pdf,https://www.nj.gov/infobank/circular/eocc199.pdf
NJ-CHRISTIE-EO-200,NJ,Christie,200,declaration,,2016-01-02,,True,pdf,https://www.nj.gov/infobank/circular/eocc200.pdf
NJ-CHRISTIE-EO-201,NJ,Christie,201,declaration,,2016-01-21,,False,pdf,https://www.nj.gov/infobank/circular/eocc201.pdf
NJ-CHRISTIE-EO-202,NJ,Christie,202,declaration,Governor Christie Declares State Of Emergency Ahead Of Arrival Of Winter Storm [pdf 17kB],2016-01-22,,True,pdf,https://www.nj.gov/infobank/circular/eocc202.pdf
NJ-CHRISTIE-EO-203,NJ,Christie,203,declaration,,2016-02-18,,False,pdf,https://www.nj.gov/infobank/circular/eocc203.pdf
NJ-CHRISTIE-EO-204,NJ,Christie,204,declaration,,2016-02-19,,False,pdf,https://www.nj.gov/infobank/circular/eocc204.pdf
NJ-CHRISTIE-EO-205,NJ,Christie,205,declaration,,2016-03-11,,False,pdf,https://www.nj.gov/infobank/circular/eocc205.pdf
NJ-CHRISTIE-EO-206,NJ,Christie,206,declaration,,2016-03-14,,False,pdf,https://www.nj.gov/infobank/circular/eocc206.pdf
NJ-CHRISTIE-EO-207,NJ,Christie,207,declaration,,2016-06-11,,False,pdf,https://www.nj.gov/infobank/circular/eocc207.pdf
NJ-CHRISTIE-EO-208,NJ,Christie,208,declaration,,2016-06-17,,False,pdf,https://www.nj.gov/infobank/circular/eocc208.pdf
NJ-CHRISTIE-EO-209,NJ,Christie,209,declaration,"Governor Chris Christie signed Executive Order No. 209 in response to the Legislature’s inability to responsibly identify realistic revenues and health care cost savings. To address the Legislature’s irresponsible spending plan, the Executive Order places millions of dollars in budget appropriations in fiscal reserve. [pdf 15 kB]",2016-06-30,,False,pdf,https://www.nj.gov/infobank/circular/eocc209.pdf
NJ-CHRISTIE-EO-210,NJ,Christie,210,declaration,,2016-07-02,,False,pdf,https://www.nj.gov/infobank/circular/eocc210.pdf
NJ-CHRISTIE-EO-211,NJ,Christie,211,declaration,,2017-01-01,,False,pdf,https://www.nj.gov/infobank/circular/eocc211.pdf
NJ-CHRISTIE-EO-212,NJ,Christie,212,declaration,,2016-07-09,,False,pdf,https://www.nj.gov/infobank/circular/eocc212.pdf
NJ-CHRISTIE-EO-213,NJ,Christie,213,extension,"Declares and proclaims that The State Treasurer, as well as the Director of the Division of Budget and Accounting (""OMB Director""), the Commissioner of the Department of Transportation (""Commissioner""), and the Executive Director of the New Jersey Transit Corporation (""Executive Director""), are instructed to undertake all steps necessary and appropriate to effectuate the purposes of Executive Order No. 210, as continued and supplemented by this Order, using general State funds. [pdf ]",2016-08-17,,False,pdf,https://www.nj.gov/infobank/circular/eocc213.pdf
NJ-CHRISTIE-EO-214,NJ,Christie,214,declaration,"Governor Chris Christie Declares A State of Emergency For Ocean, Atlantic and Cape May Counties In Preparation For Tropical Storm Hermine [pdf 15kB]",2016-09-03,,True,pdf,https://www.nj.gov/infobank/circular/eocc214.pdf
NJ-CHRISTIE-EO-215,NJ,Christie,215,declaration,,2016-09-11,,False,pdf,https://www.nj.gov/infobank/circular/eocc215.pdf
NJ-CHRISTIE-EO-216,NJ,Christie,216,declaration,,2016-06-30,,False,pdf,https://www.nj.gov/infobank/circular/eocc216.pdf
NJ-CHRISTIE-EO-217,NJ,Christie,217,declaration,,2016-12-12,,False,pdf,https://www.nj.gov/infobank/circular/eocc217.pdf
NJ-CHRISTIE-EO-218,NJ,Christie,218,declaration,,2016-12-31,,False,pdf,https://www.nj.gov/infobank/circular/eocc218.pdf
NJ-CHRISTIE-EO-219,NJ,Christie,219,declaration,Governor Chris Christie today signed Executive Order 219 declaring the opioid epidemic a public health crisis in New Jersey. The action requires the marshalling of all appropriate resources to combat its harmful effects on state citizens. [pdf 29kB],2017-01-17,,False,pdf,https://www.nj.gov/infobank/circular/eocc219.pdf
NJ-CHRISTIE-EO-220,NJ,Christie,220,declaration,,2018-01-16,,False,pdf,https://www.nj.gov/infobank/circular/eocc220.pdf
NJ-CHRISTIE-EO-221,NJ,Christie,221,declaration,"Governor Chris Christie declared a State of Emergency, authorizing the State Director of Emergency Management to activate and coordinate the preparation, response and recovery efforts for the storm with all county and municipal emergency operations and governmental agencies in preparation for Winter Storm Stella [pdf 15kB]",2017-03-13,,True,pdf,https://www.nj.gov/infobank/circular/eocc222.pdf
NJ-CHRISTIE-EO-222,NJ,Christie,222,declaration,,2018-01-16,,True,pdf,https://www.nj.gov/infobank/circular/eocc221.pdf
NJ-CHRISTIE-EO-223,NJ,Christie,223,declaration,,2017-04-19,,False,pdf,https://www.nj.gov/infobank/circular/eocc223.pdf
NJ-CHRISTIE-EO-224,NJ,Christie,224,declaration,,2017-05-24,,False,pdf,https://www.nj.gov/infobank/circular/eocc224.pdf
NJ-CHRISTIE-EO-225,NJ,Christie,225,declaration,"Executive Order No. 225 directs the Chief Technology Officer (CTO) to set in motion a course of action that will deliver more secure, efficient and reliable IT services across the Executive Branch. pdf 32kB]",2017-06-01,,False,pdf,https://www.nj.gov/infobank/circular/eocc225.pdf
NJ-CHRISTIE-EO-226,NJ,Christie,226,declaration,,2017-06-05,,False,pdf,https://www.nj.gov/infobank/circular/eocc226.pdf
NJ-CHRISTIE-EO-227,NJ,Christie,227,declaration,"Requires Notices of Contract Violations, Sanctions Posted Online Within 1 Business Day. [pdf 25kB]",2017-06-23,,False,pdf,https://www.nj.gov/infobank/circular/eocc227.pdf
NJ-CHRISTIE-EO-228,NJ,Christie,228,extension,"Executive Order 228 - Declaring a state of emergency and maintaining that essential state government services continue operating for the people of New Jersey, as the failure of the Legislature to act on a Fiscal Year 2018 State Budget by tonight’s constitutional deadline forces the closure of state government. [pdf 24kB]",2017-06-30,,False,pdf,https://www.nj.gov/infobank/circular/eocc228.pdf
NJ-CHRISTIE-EO-229,NJ,Christie,229,declaration,,2017-07-25,,False,pdf,https://www.nj.gov/infobank/circular/eocc229.pdf
NJ-CHRISTIE-EO-230,NJ,Christie,230,declaration,,2017-09-14,,False,pdf,https://www.nj.gov/infobank/circular/eocc230.pdf
NJ-CHRISTIE-EO-231,NJ,Christie,231,declaration,,2017-09-11,,False,pdf,https://www.nj.gov/infobank/circular/eocc231.pdf
NJ-CHRISTIE-EO-232,NJ,Christie,232,declaration,,2017-09-16,,False,pdf,https://www.nj.gov/infobank/circular/eocc232.pdf
NJ-CHRISTIE-EO-233,NJ,Christie,233,declaration,"Executive Order No. 233 to designate municipal and county law enforcement and emergency responders as State Emergency Forces, which will be under the control and direction of the State Director of Emergency Management.  These local officials will compliment forces from the New Jersey National Guard, State Police and the State Office of Emergency Management in the safe deployment of critical emergency response resources. [pdf 21kB]",2017-09-29,,True,pdf,https://www.nj.gov/infobank/circular/eocc233.pdf
NJ-CHRISTIE-EO-234,NJ,Christie,234,declaration,,2017-10-06,,False,pdf,https://www.nj.gov/infobank/circular/eocc234.pdf
NJ-CHRISTIE-EO-235,NJ,Christie,235,declaration,,2017-11-06,,False,pdf,https://www.nj.gov/infobank/circular/eocc235.pdf
NJ-CHRISTIE-EO-236,NJ,Christie,236,declaration,,2017-11-14,,False,pdf,https://www.nj.gov/infobank/circular/eocc236.pdf
NJ-CHRISTIE-EO-237,NJ,Christie,237,declaration,,2017-12-31,,False,pdf,https://www.nj.gov/infobank/circular/eocc237.pdf
NJ-CHRISTIE-EO-238,NJ,Christie,238,declaration,Authorizes and empowers the State Authorities to implement the State Emergency Operations Plan and to direct the activation of county and municipal emergency operations plans as necessary. [pdf 22kB],2018-01-04,,True,pdf,https://www.nj.gov/infobank/circular/eocc238.pdf
NJ-CHRISTIE-EO-239,NJ,Christie,239,declaration,,2018-01-08,,False,pdf,https://www.nj.gov/infobank/circular/eocc239.pdf
NJ-CHRISTIE-EO-240,NJ,Christie,240,declaration,,2018-01-11,,False,pdf,https://www.nj.gov/infobank/circular/eocc240.pdf
NJ-CHRISTIE-EO-241,NJ,Christie,241,declaration,,2018-01-12,,False,pdf,https://www.nj.gov/infobank/circular/eocc241.pdf
NJ-CORZINE-EO-1,NJ,Corzine,1,declaration,Requires financial disclosure from an additional 30 boards and 625 individuals.,2006-01-17,,False,html,https://www.nj.gov/infobank/circular/eojsc1.htm
NJ-CORZINE-EO-2,NJ,Corzine,2,declaration,,2006-02-03,,False,html,https://www.nj.gov/infobank/circular/eojsc2.htm
NJ-CORZINE-EO-3,NJ,Corzine,3,declaration,Creates the position of Special Counsel to the Governor for School Construction,2006-02-07,,False,html,https://www.nj.gov/infobank/circular/eojsc3.htm
NJ-CORZINE-EO-4,NJ,Corzine,4,declaration,,2006-03-16,,False,html,https://www.nj.gov/infobank/circular/eojsc4.htm
NJ-CORZINE-EO-5,NJ,Corzine,5,declaration,Creates the Office of Homeland Security and Preparedness,2006-03-16,,False,html,https://www.nj.gov/infobank/circular/eojsc5.htm
NJ-CORZINE-EO-6,NJ,Corzine,6,declaration,,2006-03-25,,False,html,https://www.nj.gov/infobank/circular/eojsc6.htm
NJ-CORZINE-EO-7,NJ,Corzine,7,termination,Amends Executive Order No. 24 (2002) and rescinds Executive Order No. 47 (2002),2006-03-24,,False,html,https://www.nj.gov/infobank/circular/eojsc7.htm
NJ-CORZINE-EO-8,NJ,Corzine,8,declaration,,2006-04-12,,False,html,https://www.nj.gov/infobank/circular/eojsc8.htm
NJ-CORZINE-EO-9,NJ,Corzine,9,declaration,Establishes the New Jersey Commission on Government Efficiency and Reform.,2006-04-07,,False,html,https://www.nj.gov/infobank/circular/eojsc9.htm
NJ-CORZINE-EO-10,NJ,Corzine,10,declaration,,2006-04-18,,False,html,https://www.nj.gov/infobank/circular/eojsc10.htm
NJ-CORZINE-EO-11,NJ,Corzine,11,declaration,Creates within the Department of Treasury the position of Director of Energy Savings.,2006-04-22,,False,html,https://www.nj.gov/infobank/circular/eojsc11.htm
NJ-CORZINE-EO-12,NJ,Corzine,12,declaration,,2006-05-13,,False,html,https://www.nj.gov/infobank/circular/eojsc12.htm
NJ-CORZINE-EO-13,NJ,Corzine,13,declaration,,2006-05-17,,False,html,https://www.nj.gov/infobank/circular/eojsc13.htm
NJ-CORZINE-EO-14,NJ,Corzine,14,termination,Rescinds Executive Order No. 65 (2005) and amends Executive Order No. 1 (2006),2006-05-12,,False,html,https://www.nj.gov/infobank/circular/eojsc14.htm
NJ-CORZINE-EO-15,NJ,Corzine,15,declaration,,2006-05-31,,False,html,https://www.nj.gov/infobank/circular/eojsc15.htm
NJ-CORZINE-EO-16,NJ,Corzine,16,declaration,Declares a State of Emergency presently exists throughout the State of New Jersey.,2006-06-28,2006-07-10,True,html,https://www.nj.gov/infobank/circular/eojsc16.htm
NJ-CORZINE-EO-17,NJ,Corzine,17,declaration,Orders Shutdown of State Government.,2006-07-01,,False,html,https://www.nj.gov/infobank/circular/eojsc17.htm
NJ-CORZINE-EO-18,NJ,Corzine,18,declaration,Calls for a Special Legislative Session.,2006-07-03,,False,html,https://www.nj.gov/infobank/circular/eojsc18.htm
NJ-CORZINE-EO-19,NJ,Corzine,19,termination,"Rescinds Paragraphs 8, 9, and 16 of Executive Order No. 17 (2006).",2006-07-08,,False,html,https://www.nj.gov/infobank/circular/eojsc19.htm
NJ-CORZINE-EO-20,NJ,Corzine,20,termination,Terminates Executive Order #16 (2006).,2006-07-10,,True,html,https://www.nj.gov/infobank/circular/eojsc20.htm
NJ-CORZINE-EO-21,NJ,Corzine,21,declaration,,2006-07-12,,False,html,https://www.nj.gov/infobank/circular/eojsc21.htm
NJ-CORZINE-EO-22,NJ,Corzine,22,declaration,,2006-08-01,,False,html,https://www.nj.gov/infobank/circular/eojsc22.htm
NJ-CORZINE-EO-23,NJ,Corzine,23,declaration,"Orders and directs the Commissioner of the New Jersey Department of Human Services (DHS) or his/her designee, or if applicable the Commissioner of the Department of Children and Families or his/her designee, on behalf of the State of New Jersey, shall meet in good faith with the CCWU, as the recognized exclusive majority representative of all registered and approved family child care providers, for the purpose of entering into a written agreement regarding reimbursement rates, payment procedures, benefits, health and safety conditions and any other matters that would improve recruitment and retention of qualified family child care providers and the quality of the programs they provide.",2006-08-02,,False,html,https://www.nj.gov/infobank/circular/eojsc23.htm
NJ-CORZINE-EO-24,NJ,Corzine,24,declaration,Establishes the New Jersey Committee on Native American Community Affairs.,2006-08-04,,False,html,https://www.nj.gov/infobank/circular/eojsc24.htm
NJ-CORZINE-EO-25,NJ,Corzine,25,declaration,Orders and directs the Public Advocate to monitor and enforce the new legislation (A-804/S-192) that authorizes competitive system-wide cable franchises.,2006-08-04,,False,html,https://www.nj.gov/infobank/circular/eojsc25.htm
NJ-CORZINE-EO-26,NJ,Corzine,26,declaration,,2006-08-12,,False,html,https://www.nj.gov/infobank/circular/eojsc26.htm
NJ-CORZINE-EO-27,NJ,Corzine,27,extension,Continues the Council established by Executive Order No. 94 (1993).,2006-08-17,,False,html,https://www.nj.gov/infobank/circular/eojsc27.htm
NJ-CORZINE-EO-28,NJ,Corzine,28,declaration,,2006-08-23,,False,html,https://www.nj.gov/infobank/circular/eojsc28.htm
NJ-CORZINE-EO-29,NJ,Corzine,29,declaration,Establishes an Advisory Committee on Police Standards.,2006-08-23,,False,html,https://www.nj.gov/infobank/circular/eojsc29.htm
NJ-CORZINE-EO-30,NJ,Corzine,30,declaration,Establishes the New Jersey Economic Growth Council.,2006-09-07,,False,html,https://www.nj.gov/infobank/circular/eojsc30.htm
NJ-CORZINE-EO-31,NJ,Corzine,31,declaration,,2006-09-11,,False,html,https://www.nj.gov/infobank/circular/eojsc31.htm
NJ-CORZINE-EO-32,NJ,Corzine,32,declaration,,2006-09-14,,False,html,https://www.nj.gov/infobank/circular/eojsc32.htm
NJ-CORZINE-EO-33,NJ,Corzine,33,declaration,,2006-09-15,,False,html,https://www.nj.gov/infobank/circular/eojsc33.htm
NJ-CORZINE-EO-34,NJ,Corzine,34,declaration,Establishes the Division of Minority and Women Business Development,2006-09-15,,False,html,https://www.nj.gov/infobank/circular/eojsc34.htm
NJ-CORZINE-EO-35,NJ,Corzine,35,amendment,Modifies the Governor's School Board of Overseers,2006-09-22,,False,html,https://www.nj.gov/infobank/circular/eojsc35.htm
NJ-CORZINE-EO-36,NJ,Corzine,36,declaration,Establishes a Judicial Advisory Panel who will review the background and abilities of potential nominees to the judiciary.,2006-09-22,,False,html,https://www.nj.gov/infobank/circular/eojsc36.htm
NJ-CORZINE-EO-37,NJ,Corzine,37,declaration,Orders and directs the Governor’s Office to conduct periodic policy coordination meetings with the executive directors and chairs of the State authorities.,2006-09-26,,False,html,https://www.nj.gov/infobank/circular/eojsc37.htm
NJ-CORZINE-EO-38,NJ,Corzine,38,declaration,,2006-10-11,,False,html,https://www.nj.gov/infobank/circular/eojsc38.htm
NJ-CORZINE-EO-39,NJ,Corzine,39,declaration,Establishes the Commission on Rationalizing New Jersey’s Health Care Resources,2006-10-12,,False,html,https://www.nj.gov/infobank/circular/eojsc39.htm
NJ-CORZINE-EO-40,NJ,Corzine,40,declaration,,2006-11-02,,False,html,https://www.nj.gov/infobank/circular/eojsc40.htm
NJ-CORZINE-EO-41,NJ,Corzine,41,declaration,,2006-11-24,,False,html,https://www.nj.gov/infobank/circular/eojsc41.htm
NJ-CORZINE-EO-42,NJ,Corzine,42,declaration,"Establishes State of New Jersey Technology Governing Board. This Board shall be responsible for setting the overall direction, standards, and priorities for the information technology community in the executive branch of State government and for reviewing and approving the annual budget request of the Office of Information Technology (OIT).",2006-11-20,,False,html,https://www.nj.gov/infobank/circular/eojsc42.htm
NJ-CORZINE-EO-43,NJ,Corzine,43,declaration,,2006-12-01,,False,html,https://www.nj.gov/infobank/circular/eojsc43.htm
NJ-CORZINE-EO-44,NJ,Corzine,44,declaration,,2006-12-08,,False,html,https://www.nj.gov/infobank/circular/eojsc44.htm
NJ-CORZINE-EO-45,NJ,Corzine,45,declaration,Expands the number of public members on the World War II Memorial Commission,2006-12-08,,False,html,https://www.nj.gov/infobank/circular/eojsc45.htm
NJ-CORZINE-EO-46,NJ,Corzine,46,declaration,,2006-12-26,,False,html,https://www.nj.gov/infobank/circular/eojsc46.htm
NJ-CORZINE-EO-47,NJ,Corzine,47,declaration,"Orders the flag of the United States of America and the flag of the State of New Jersey shall be flown at half-staff at all State departments, offices, agencies and instrumentalities during appropriate hours for a period of 30 days from the day of his death in recognition and mourning of the passing of President Gerald R. Ford.",2006-12-27,2006-03-24,False,html,https://www.nj.gov/infobank/circular/eojsc47.htm
NJ-CORZINE-EO-48,NJ,Corzine,48,declaration,,2007-01-05,,False,html,https://www.nj.gov/infobank/circular/eojsc48.htm
NJ-CORZINE-EO-49,NJ,Corzine,49,declaration,,2012-01-01,,False,html,https://www.nj.gov/infobank/circular/eojsc49.htm
NJ-CORZINE-EO-50,NJ,Corzine,50,extension,"Establishes the Office of Economic Growth, which currently operates as a unit within the Governor’s Office, and its functions, powers, duties and personnel are hereby continued and allocated to the Department of the Treasury. Notwithstanding this allocation the Office shall be in but not of the Department and shall be independent of any supervision and control by the Department.",2007-01-05,,False,html,https://www.nj.gov/infobank/circular/eojsc50.htm
NJ-CORZINE-EO-51,NJ,Corzine,51,declaration,"Orders and directs the Appointments Office, in cooperation with the Office of Information Technology, establish and maintain an interactive electronic database containing, to the extent practicable, detailed information regarding the mission and membership of the various active State boards, authorities, commissions, and other public bodies.",2007-01-29,,False,html,https://www.nj.gov/infobank/circular/eojsc51.htm
NJ-CORZINE-EO-52,NJ,Corzine,52,extension,"Orders and directs each department of State Government shall, during the month of December of each calendar year, report to the Governor’s Office of Appointments as to whether or not boards within its jurisdiction should be eliminated, continued, or consolidated.",2007-01-29,,False,html,https://www.nj.gov/infobank/circular/eojsc52.htm
NJ-CORZINE-EO-53,NJ,Corzine,53,declaration,,2007-02-02,,False,html,https://www.nj.gov/infobank/circular/eojsc53.htm
NJ-CORZINE-EO-54,NJ,Corzine,54,declaration,Establishes statewide greenhouse gas emissions reduction targets for New Jersey,2007-02-13,,False,html,https://www.nj.gov/infobank/circular/eojsc54.htm
NJ-CORZINE-EO-55,NJ,Corzine,55,declaration,,2007-02-16,,False,html,https://www.nj.gov/infobank/circular/eojsc55.htm
NJ-CORZINE-EO-56,NJ,Corzine,56,declaration,,2007-03-02,,False,html,https://www.nj.gov/infobank/circular/eojsc56.htm
NJ-CORZINE-EO-57,NJ,Corzine,57,declaration,,2007-03-09,,False,html,https://www.nj.gov/infobank/circular/eojsc57.htm
NJ-CORZINE-EO-58,NJ,Corzine,58,declaration,,2007-03-10,,False,html,https://www.nj.gov/infobank/circular/eojsc58.htm
NJ-CORZINE-EO-59,NJ,Corzine,59,declaration,,2007-03-19,,False,html,https://www.nj.gov/infobank/circular/eojsc59.htm
NJ-CORZINE-EO-60,NJ,Corzine,60,declaration,,2007-03-28,,False,html,https://www.nj.gov/infobank/circular/eojsc60.htm
NJ-CORZINE-EO-61,NJ,Corzine,61,declaration,,2007-04-11,,False,html,https://www.nj.gov/infobank/circular/eojsc61.htm
NJ-CORZINE-EO-62,NJ,Corzine,62,declaration,,2007-04-12,,False,html,https://www.nj.gov/infobank/circular/eojsc62.htm
NJ-CORZINE-EO-63,NJ,Corzine,63,declaration,,2007-04-13,,False,html,https://www.nj.gov/infobank/circular/eojsc63.htm
NJ-CORZINE-EO-64,NJ,Corzine,64,declaration,Declares a State of Emergency presently exists throughout the State of New Jersey.,2007-04-16,2007-05-01,True,html,https://www.nj.gov/infobank/circular/eojsc_codey64.htm
NJ-CORZINE-EO-65,NJ,Corzine,65,declaration,,2007-04-20,2006-05-12,False,html,https://www.nj.gov/infobank/circular/eojsc_codey65.htm
NJ-CORZINE-EO-66,NJ,Corzine,66,termination,Terminates State of Emergency,2007-05-01,,True,html,https://www.nj.gov/infobank/circular/eojsc_codey66.htm
NJ-CORZINE-EO-67,NJ,Corzine,67,declaration,,2007-05-15,,False,html,https://www.nj.gov/infobank/circular/eojsc67.htm
NJ-CORZINE-EO-68,NJ,Corzine,68,declaration,,2007-05-16,,False,html,https://www.nj.gov/infobank/circular/eojsc68.htm
NJ-CORZINE-EO-69,NJ,Corzine,69,declaration,,2007-05-18,,False,html,https://www.nj.gov/infobank/circular/eojsc69.htm
NJ-CORZINE-EO-70,NJ,Corzine,70,declaration,,2007-06-06,,False,html,https://www.nj.gov/infobank/circular/eojsc70.htm
NJ-CORZINE-EO-71,NJ,Corzine,71,declaration,,2007-06-25,,False,html,https://www.nj.gov/infobank/circular/eojsc71.htm
NJ-CORZINE-EO-72,NJ,Corzine,72,declaration,,2007-06-27,,False,html,https://www.nj.gov/infobank/circular/eojsc72.htm
NJ-CORZINE-EO-73,NJ,Corzine,73,declaration,,2007-06-29,,False,html,https://www.nj.gov/infobank/circular/eojsc73.htm
NJ-CORZINE-EO-74,NJ,Corzine,74,declaration,,2007-06-29,,False,html,https://www.nj.gov/infobank/circular/eojsc74.htm
NJ-CORZINE-EO-75,NJ,Corzine,75,declaration,,2007-07-03,,False,html,https://www.nj.gov/infobank/circular/eojsc75.htm
NJ-CORZINE-EO-76,NJ,Corzine,76,declaration,,2007-07-20,,False,html,https://www.nj.gov/infobank/circular/eojsc76.htm
NJ-CORZINE-EO-77,NJ,Corzine,77,declaration,,2007-08-06,,False,html,https://www.nj.gov/infobank/circular/eojsc77.htm
NJ-CORZINE-EO-78,NJ,Corzine,78,declaration,Establishes the Governor’s Blue Ribbon Advisory Panel on Immigrant Policy.,2007-08-06,,False,html,https://www.nj.gov/infobank/circular/eojsc78.htm
NJ-CORZINE-EO-79,NJ,Corzine,79,declaration,,2007-08-23,,False,html,https://www.nj.gov/infobank/circular/eojsc79.htm
NJ-CORZINE-EO-80,NJ,Corzine,80,declaration,,2007-08-30,,False,html,https://www.nj.gov/infobank/circular/eojsc_codey80.htm
NJ-CORZINE-EO-81,NJ,Corzine,81,declaration,,2007-09-04,,False,html,https://www.nj.gov/infobank/circular/eojsc81.htm
NJ-CORZINE-EO-82,NJ,Corzine,82,declaration,,2007-09-20,,False,html,https://www.nj.gov/infobank/circular/eojsc_codey82.htm
NJ-CORZINE-EO-83,NJ,Corzine,83,declaration,,2007-09-24,,False,html,https://www.nj.gov/infobank/circular/eojsc83.htm
NJ-CORZINE-EO-84,NJ,Corzine,84,declaration,,2007-09-26,,False,html,https://www.nj.gov/infobank/circular/eojsc84.htm
NJ-CORZINE-EO-85,NJ,Corzine,85,declaration,,2007-09-28,,False,html,https://www.nj.gov/infobank/circular/eojsc85.htm
NJ-CORZINE-EO-86,NJ,Corzine,86,declaration,Orders and directs prevailing wage requirements for contractors who provide building services for State-leased government buildings.,2007-09-27,,False,html,https://www.nj.gov/infobank/circular/eojsc86.htm
NJ-CORZINE-EO-87,NJ,Corzine,87,declaration,Establishes in the Department of Human Services the New Jersey Council on Access and Mobility.,2007-10-26,,False,html,https://www.nj.gov/infobank/circular/eojsc87.htm
NJ-CORZINE-EO-88,NJ,Corzine,88,declaration,,2007-11-28,,False,html,https://www.nj.gov/infobank/circular/eojsc88.htm
NJ-CORZINE-EO-89,NJ,Corzine,89,declaration,,2007-11-30,,False,html,https://www.nj.gov/infobank/circular/eojsc89.htm
NJ-CORZINE-EO-90,NJ,Corzine,90,declaration,,2007-12-05,,False,html,https://www.nj.gov/infobank/circular/eojsc90.htm
NJ-CORZINE-EO-91,NJ,Corzine,91,amendment,Amends the Governor's Blue Ribbon Advisory Panel on Immigrant Policy.,2007-12-10,,False,html,https://www.nj.gov/infobank/circular/eojsc91.htm
NJ-CORZINE-EO-92,NJ,Corzine,92,declaration,,2007-12-14,,False,html,https://www.nj.gov/infobank/circular/eojsc92.htm
NJ-CORZINE-EO-93,NJ,Corzine,93,declaration,,2008-01-14,,False,html,https://www.nj.gov/infobank/circular/eojsc93.htm
NJ-CORZINE-EO-94,NJ,Corzine,94,declaration,,2008-01-18,,False,html,https://www.nj.gov/infobank/circular/eojsc94.htm
NJ-CORZINE-EO-95,NJ,Corzine,95,declaration,,2008-01-23,,False,html,https://www.nj.gov/infobank/circular/eojsc95.htm
NJ-CORZINE-EO-96,NJ,Corzine,96,declaration,Creates the Governor's Advisory Commission on Construction Industry Independent Contractor Reform,2008-01-18,,False,html,https://www.nj.gov/infobank/circular/eojsc96.htm
NJ-CORZINE-EO-97,NJ,Corzine,97,declaration,Orders and directs the Representation of Community Care Providers for Developmentally Disabled Adults,2008-03-05,,False,html,https://www.nj.gov/infobank/circular/eojsc97.htm
NJ-CORZINE-EO-98,NJ,Corzine,98,declaration,,2008-03-13,,False,html,https://www.nj.gov/infobank/circular/eojsc98.htm
NJ-CORZINE-EO-99,NJ,Corzine,99,declaration,,2008-03-31,,False,html,https://www.nj.gov/infobank/circular/eojsc99.htm
NJ-CORZINE-EO-100,NJ,Corzine,100,declaration,"Orders and directs the Department of Health and Senior Services shall, within 60 days, review its current lead standards.",2008-04-29,,False,html,https://www.nj.gov/infobank/circular/eojsc100.htm
NJ-CORZINE-EO-101,NJ,Corzine,101,declaration,,2008-05-01,,False,html,https://www.nj.gov/infobank/circular/eojsc101.htm
NJ-CORZINE-EO-102,NJ,Corzine,102,declaration,,2008-07-02,,False,html,https://www.nj.gov/infobank/circular/eojsc102.htm
NJ-CORZINE-EO-103,NJ,Corzine,103,declaration,Orders and directs the prohibiting the submission of a proposed state budget that relies on one-shot revenues and is not balanced with recurring revenues.,2008-06-30,,False,html,https://www.nj.gov/infobank/circular/eojsc103.htm
NJ-CORZINE-EO-104,NJ,Corzine,104,declaration,,2008-07-03,,False,html,https://www.nj.gov/infobank/circular/eojsc104.htm
NJ-CORZINE-EO-105,NJ,Corzine,105,declaration,,2008-07-07,,False,html,https://www.nj.gov/infobank/circular/eojsc105.htm
NJ-CORZINE-EO-106,NJ,Corzine,106,declaration,,2008-07-08,,False,html,https://www.nj.gov/infobank/circular/eojsc106.htm
NJ-CORZINE-EO-107,NJ,Corzine,107,declaration,,2008-07-22,,False,html,https://www.nj.gov/infobank/circular/eojsc107.htm
NJ-CORZINE-EO-108,NJ,Corzine,108,declaration,,2008-07-25,,False,html,https://www.nj.gov/infobank/circular/eojsc_roberts108.htm
NJ-CORZINE-EO-109,NJ,Corzine,109,declaration,"Designates The New Jersey Housing and Mortgage Finance Agency as the agency that shall assume the rights, responsibilities, and powers necessary to implement the homeless assistance requirement of the Defense Base Closure and Realignment Act.",2008-08-20,,False,html,https://www.nj.gov/infobank/circular/eojsc109.htm
NJ-CORZINE-EO-110,NJ,Corzine,110,declaration,,2008-08-28,,False,html,https://www.nj.gov/infobank/circular/eojsc_milgram110.htm
NJ-CORZINE-EO-111,NJ,Corzine,111,declaration,Declares a State of Emergency exists for the specific purpose of activating the Emergency Management Assistance Compact to coordinate multi-state mutual aid to the states of Louisiana and Mississippi,2008-08-31,2008-09-04,True,html,https://www.nj.gov/infobank/circular/eojsc_codey111.htm
NJ-CORZINE-EO-112,NJ,Corzine,112,declaration,,2008-09-10,,False,html,https://www.nj.gov/infobank/circular/eojsc112.htm
NJ-CORZINE-EO-113,NJ,Corzine,113,termination,Rescinds Executive Order No. 111 (2008),2008-09-04,,True,html,https://www.nj.gov/infobank/circular/eojsc113.htm
NJ-CORZINE-EO-114,NJ,Corzine,114,declaration,Orders and directs stronger implementation of the Highlands Master Plan,2008-09-05,,False,html,https://www.nj.gov/infobank/circular/eojsc114.htm
NJ-CORZINE-EO-115,NJ,Corzine,115,declaration,,2008-09-11,,False,html,https://www.nj.gov/infobank/circular/eojsc115.htm
NJ-CORZINE-EO-116,NJ,Corzine,116,declaration,,2008-09-12,,False,html,https://www.nj.gov/infobank/circular/eojsc116.htm
NJ-CORZINE-EO-117,NJ,Corzine,117,declaration,Orders and directs loopholes closed in pay-to-play ban,2008-09-24,,False,html,https://www.nj.gov/infobank/circular/eojsc117.htm
NJ-CORZINE-EO-118,NJ,Corzine,118,declaration,Orders and directs new ban on pay-to-play for all state redevelopment contracts,2008-09-24,,False,html,https://www.nj.gov/infobank/circular/eojsc118.htm
NJ-CORZINE-EO-119,NJ,Corzine,119,declaration,Establishes the Governor’s Local Government Ethics Task Force,2008-09-24,,False,html,https://www.nj.gov/infobank/circular/eojsc119.htm
NJ-CORZINE-EO-120,NJ,Corzine,120,amendment,Amends Executive Order No. 1 (2006),2008-09-24,,False,html,https://www.nj.gov/infobank/circular/eojsc120.htm
NJ-CORZINE-EO-121,NJ,Corzine,121,declaration,Establishes a Workforce Reduction Planning Board,2008-09-26,,False,html,https://www.nj.gov/infobank/circular/eojsc121.htm
NJ-CORZINE-EO-122,NJ,Corzine,122,declaration,Adopts recommendations of report issued by the New Jersey Committee on Native American Community Affairs,2008-10-01,,False,html,https://www.nj.gov/infobank/circular/eojsc122.htm
NJ-CORZINE-EO-123,NJ,Corzine,123,declaration,Establishes the New Jersey Arab-American Heritage Commission,2008-10-24,,False,html,https://www.nj.gov/infobank/circular/eojsc123.htm
NJ-CORZINE-EO-124,NJ,Corzine,124,declaration,,2008-11-12,,False,html,https://www.nj.gov/infobank/circular/eojsc_codey124.htm
NJ-CORZINE-EO-125,NJ,Corzine,125,declaration,Establishes the New Jersey Abraham Lincoln Bicentennial Commission.,2008-11-21,,False,html,https://www.nj.gov/infobank/circular/eojsc125.htm
NJ-CORZINE-EO-126,NJ,Corzine,126,declaration,Establishes in the Department of Community Affairs the Interagency Council on Preventing and Reducing Homelessness.,2008-11-26,,False,html,https://www.nj.gov/infobank/circular/eojsc126.htm
NJ-CORZINE-EO-127,NJ,Corzine,127,declaration,,2008-12-03,,False,html,https://www.nj.gov/infobank/circular/eojsc127.htm
NJ-CORZINE-EO-128,NJ,Corzine,128,declaration,,2009-01-05,,False,html,https://www.nj.gov/infobank/circular/eojsc128.htm
NJ-CORZINE-EO-129,NJ,Corzine,129,declaration,,2009-01-08,,False,html,https://www.nj.gov/infobank/circular/eojsc129.htm
NJ-CORZINE-EO-130,NJ,Corzine,130,declaration,,2009-01-15,,False,html,https://www.nj.gov/infobank/circular/eojsc130.htm
NJ-CORZINE-EO-131,NJ,Corzine,131,declaration,"Orders executive branch departments, agencies, boards, commissions, and any and all other bodies of the State's executive branch, including but not limited to the Department of Community Affairs (DCA), the Department of Environmental Protection (DEP), the Department of the Public Advocate, the Department of Health and Senior Services (DHSS), and the Department of Law and Public Safety (DL&PS), which are involved in decisions that affect environmental quality and public health shall provide appropriate opportunities for all persons, regardless of race, ethnicity, color, religion, income, or education level to participate in decision-making.",2009-02-05,,False,html,https://www.nj.gov/infobank/circular/eojsc131.htm
NJ-CORZINE-EO-132,NJ,Corzine,132,declaration,,2009-03-04,,True,html,https://www.nj.gov/infobank/circular/eojsc132.htm
NJ-CORZINE-EO-133,NJ,Corzine,133,declaration,Creates the Governor’s Commission on the Horse Racing Industry.,2009-03-05,,False,html,https://www.nj.gov/infobank/circular/eojsc133.htm
NJ-CORZINE-EO-134,NJ,Corzine,134,declaration,,2009-03-10,,False,html,https://www.nj.gov/infobank/circular/eojsc134.htm
NJ-CORZINE-EO-135,NJ,Corzine,135,declaration,Temporarily Suspends Executive Order 103.,2009-03-10,,False,html,https://www.nj.gov/infobank/circular/eojsc135.htm
NJ-CORZINE-EO-136,NJ,Corzine,136,declaration,,2009-04-03,,False,html,https://www.nj.gov/infobank/circular/eojsc136.htm
NJ-CORZINE-EO-137,NJ,Corzine,137,declaration,,2009-04-08,,False,html,https://www.nj.gov/infobank/circular/eojsc137.htm
NJ-CORZINE-EO-138,NJ,Corzine,138,declaration,,2009-04-13,,False,html,https://www.nj.gov/infobank/circular/eojsc138.htm
NJ-CORZINE-EO-139,NJ,Corzine,139,declaration,,2009-04-14,,False,html,https://www.nj.gov/infobank/circular/eojsc139.htm
NJ-CORZINE-EO-140,NJ,Corzine,140,declaration,"Orders and Directs at sites where groundwater has been impacted by pollutants above remediation standards, or where the site may be used as residential housing, or for educational purposes, including use as a child care or day care center, a public, private, or charter school, or a playground or ball field, the DEP shall increase its auditing, monitoring, and review of conditions at the site.",2009-05-07,,False,html,https://www.nj.gov/infobank/circular/eojsc140.htm
NJ-CORZINE-EO-141,NJ,Corzine,141,declaration,Creates the Atlantic City Regional Implementation Group for Housing and Transportation.,2009-05-14,,False,html,https://www.nj.gov/infobank/circular/eojsc141.htm
NJ-CORZINE-EO-142,NJ,Corzine,142,declaration,,2009-05-22,,False,html,https://www.nj.gov/infobank/circular/eojsc142.htm
NJ-CORZINE-EO-143,NJ,Corzine,143,declaration,,2009-05-26,,False,html,https://www.nj.gov/infobank/circular/eojsc143.htm
NJ-CORZINE-EO-144,NJ,Corzine,144,declaration,"Orders and Directs the establishment, in the Department of State, of the New Jersey Hellenic-American Heritage Commission",2009-06-11,,False,html,https://www.nj.gov/infobank/circular/eojsc144.htm
NJ-CORZINE-EO-145,NJ,Corzine,145,declaration,"Establishes a Task Force to review, evaluate and make recommendations regarding New Jersey’s statutory and regulatory schemes and programmatic initiatives to curb the illegal possession, use, and trafficking of firearms and, more specifically, the anticipated passage of “one-handgun-per-month” legislation",2009-06-25,,False,html,https://www.nj.gov/infobank/circular/eojsc145.htm
NJ-CORZINE-EO-146,NJ,Corzine,146,declaration,,2009-07-24,,False,html,https://www.nj.gov/infobank/circular/eojsc146.htm
NJ-CORZINE-EO-147,NJ,Corzine,147,declaration,Orders and Directs the Office of Economic Growth (OEG) and the New Jersey Economic Development Authority (NJEDA) shall collaborate with the Trade Council and other stakeholders to further existing efforts to promote trade and economic exchanges between New Jersey and Italy and to pursue trade initiatives.,2009-07-24,,False,html,https://www.nj.gov/infobank/circular/eojsc147.htm
NJ-CORZINE-EO-148,NJ,Corzine,148,declaration,Orders and Directs each department or other State entity shall take appropriate action to immediately suspend any approval or application for any development project or other related undertaking located in any municipality where a mayor charged with a public corruption crime remains in public office.,2009-08-03,,False,html,https://www.nj.gov/infobank/circular/eojsc148.htm
NJ-CORZINE-EO-149,NJ,Corzine,149,declaration,,2009-08-18,,False,html,https://www.nj.gov/infobank/circular/eojsc149.htm
NJ-CORZINE-EO-150,NJ,Corzine,150,declaration,"Orders and Directs beginning in State Fiscal Year 2011, the State Treasurer and the New Jersey Urban Enterprise Zone Authority shall work cooperatively to agree and enter into a memorandum of agreement, on an annual basis, with respect to the disposition and use of amounts equal to the Dedicated Revenues that are credited to the UEZ Fund in the affected UEZ municipalities",2009-08-19,,False,html,https://www.nj.gov/infobank/circular/eojsc150.htm
NJ-CORZINE-EO-151,NJ,Corzine,151,declaration,"Orders and Directs all members of the public should be afforded the opportunity to benefit from the federal economic recovery funds and associated state spending, and in particular, this Administration re-affirms the State’s commitment, expressed in statute and regulation, that every public contract, whether for construction services, goods, or other services, shall provide equal employment opportunity for women and minorities.",2009-08-28,,False,html,https://www.nj.gov/infobank/circular/eojsc151.htm
NJ-CORZINE-EO-152,NJ,Corzine,152,declaration,,2009-09-01,,False,html,https://www.nj.gov/infobank/circular/eojsc152.htm
NJ-CORZINE-EO-153,NJ,Corzine,153,declaration,,2009-09-02,,False,html,https://www.nj.gov/infobank/circular/eojsc153.htm
NJ-CORZINE-EO-154,NJ,Corzine,154,declaration,,2009-09-11,,False,html,https://www.nj.gov/infobank/circular/eojsc154.htm
NJ-CORZINE-EO-155,NJ,Corzine,155,declaration,Orders and Directs the Office of the State Comptroller shall monitor the procurement of contracts by NJ Transit and any other State agencies and independent State authorities involved in the Mass Transit Tunnel project.,2009-10-06,,False,html,https://www.nj.gov/infobank/circular/eojsc155.htm
NJ-CORZINE-EO-156,NJ,Corzine,156,declaration,,2009-10-20,,False,html,https://www.nj.gov/infobank/circular/eojsc156.htm
NJ-CORZINE-EO-157,NJ,Corzine,157,declaration,Orders and Directs the Attorney General to adhere the following requirement in generating the list of outside counsel designated to serve as Special Counsel to the State of New Jersey pursuant to N.J.S.A. 52:17A-13.,2009-10-21,,False,html,https://www.nj.gov/infobank/circular/eojsc157.htm
NJ-CORZINE-EO-158,NJ,Corzine,158,declaration,,2009-11-10,,False,html,https://www.nj.gov/infobank/circular/eojsc158.htm
NJ-CORZINE-EO-159,NJ,Corzine,159,declaration,,2009-11-13,,False,html,https://www.nj.gov/infobank/circular/eojsc159.htm
NJ-CORZINE-EO-160,NJ,Corzine,160,declaration,"Declares a State of Emergency for the counties of Cape May, Atlantic, Cumberland, Burlington, Ocean and Monmouth.",2009-11-12,,True,html,https://www.nj.gov/infobank/circular/eojsc160.htm
NJ-CORZINE-EO-161,NJ,Corzine,161,declaration,Establishes a Study Commission on New Jersey’s Non-Public Schools.,2009-12-22,,False,html,https://www.nj.gov/infobank/circular/eojsc161.htm
NJ-CORZINE-EO-162,NJ,Corzine,162,declaration,Establishes the New Jersey Council for Young Children.,2010-01-06,,False,html,https://www.nj.gov/infobank/circular/eojsc162.htm
NJ-CORZINE-EO-163,NJ,Corzine,163,extension,Continues the Interagency Council on Preventing and Reducing Homelessness.,2010-01-11,,False,html,https://www.nj.gov/infobank/circular/eojsc163.htm
NJ-CORZINE-EO-164,NJ,Corzine,164,declaration,Establishes the Commission on New Americans,2010-01-11,,False,html,https://www.nj.gov/infobank/circular/eojsc164.htm
NJ-CORZINE-EO-165,NJ,Corzine,165,declaration,Establishes the New Jersey Eastern European-American Heritage Commission,2010-01-11,,False,html,https://www.nj.gov/infobank/circular/eojsc165.htm
NJ-CORZINE-EO-166,NJ,Corzine,166,declaration,,2010-01-16,,False,html,https://www.nj.gov/infobank/circular/eojsc_sweeney166.htm
NJ-CORZINE-EO-167,NJ,Corzine,167,amendment,Provides for a process of allocating the State share of the volume cap provided to the State under the Code as amended by the provisions of ARRA.,2010-01-18,,False,html,https://www.nj.gov/infobank/circular/eojsc167.htm
NJ-CODEY-EO-140,NJ,Codey,140,declaration,Establishes a Governor's Task Force on Public Health Emergency Planning,2002-01-14,,False,html,https://www.nj.gov/infobank/circular/eoc140.htm
NJ-CODEY-EO-141,NJ,Codey,141,declaration,Addition of Members to the Advisory Council to Promote the Profession of Nursing in New Jersey,2002-01-14,,False,html,https://www.nj.gov/infobank/circular/eoc141.htm
NJ-CODEY-EO-142,NJ,Codey,142,declaration,Appointment of Certain Members to the Advisory Council to Promote the Profession of Nursing in New Jersey,2002-01-15,,False,html,https://www.nj.gov/infobank/circular/eoc142.htm
NJ-MCGREEVEY-EO-1,NJ,Mcgreevey,1,declaration,Establishes Utilization of Project Labor Agreements on all Appropriate Public Construction Projects,2002-01-17,,False,html,https://www.nj.gov/infobank/circular/eom1.htm
NJ-MCGREEVEY-EO-2,NJ,Mcgreevey,2,declaration,Establishes the BEST Commission (Budget Efficiency Savings Team),2002-01-17,2002-02-28,False,html,https://www.nj.gov/infobank/circular/eom2.htm
NJ-MCGREEVEY-EO-3,NJ,Mcgreevey,3,declaration,Creates the Office of Counter-Terrorism (OCT),2002-01-24,,False,html,https://www.nj.gov/infobank/circular/eom3.htm
NJ-MCGREEVEY-EO-4,NJ,Mcgreevey,4,declaration,Creates a Smart Growth Policy Council,2002-01-31,,False,html,https://www.nj.gov/infobank/circular/eom4.htm
NJ-MCGREEVEY-EO-5,NJ,Mcgreevey,5,extension,Continues the Office of Recovery and Victim Assistance and the position of Recovery Coordinator,2002-02-09,,False,html,https://www.nj.gov/infobank/circular/eom5.htm
NJ-MCGREEVEY-EO-6,NJ,Mcgreevey,6,declaration,Establishes the Abbott Implementation and Compliance Coordinating Council,2002-02-19,,False,html,https://www.nj.gov/infobank/circular/eom6.htm
NJ-MCGREEVEY-EO-7,NJ,Mcgreevey,7,declaration,Establishes the Governor's Education Cabinet,2002-02-21,,False,html,https://www.nj.gov/infobank/circular/eom7.htm
NJ-MCGREEVEY-EO-8,NJ,Mcgreevey,8,declaration,Creates Literacy Standards and Task Force,2002-02-25,,False,html,https://www.nj.gov/infobank/circular/eom8.htm
NJ-MCGREEVEY-EO-9,NJ,Mcgreevey,9,declaration,Establishes the New Jersey Character Education Commission,2002-02-27,,False,html,https://www.nj.gov/infobank/circular/eom9.htm
NJ-MCGREEVEY-EO-10,NJ,Mcgreevey,10,declaration,Establishes ethical guidelines on the Governor's Office and Cabinet-level staff.,2002-02-28,,False,html,https://www.nj.gov/infobank/circular/eom10.htm
NJ-MCGREEVEY-EO-11,NJ,Mcgreevey,11,declaration,Declares Water Emergency,2002-03-04,2003-01-08,True,html,https://www.nj.gov/infobank/circular/eom11.htm
NJ-MCGREEVEY-EO-12,NJ,Mcgreevey,12,extension,Continues New Jersey-Israel Commission.,2002-03-05,,False,html,https://www.nj.gov/infobank/circular/eom12.htm
NJ-MCGREEVEY-EO-13,NJ,Mcgreevey,13,declaration,Establishes the Governor's Teacher Advisory Committee.,2002-03-05,,False,html,https://www.nj.gov/infobank/circular/eom13.htm
NJ-MCGREEVEY-EO-14,NJ,Mcgreevey,14,declaration,"Establishes the Commission on Health Science, Education, and Training.",2002-03-06,,False,html,https://www.nj.gov/infobank/circular/eom14.htm
NJ-MCGREEVEY-EO-15,NJ,Mcgreevey,15,declaration,Creates a Toll Road Consolidation Study Commission,2002-03-26,,False,html,https://www.nj.gov/infobank/circular/eom15.htm
NJ-MCGREEVEY-EO-16,NJ,Mcgreevey,16,declaration,Concerns the collection of tuition and fees by State Colleges and Universities and refers to the World Trade Center Scholarship Act.,2002-04-09,,False,html,https://www.nj.gov/infobank/circular/eom16.htm
NJ-MCGREEVEY-EO-17,NJ,Mcgreevey,17,declaration,Creates the Governor's Hispanic Advisory Council for Policy Development,2002-04-11,,False,html,https://www.nj.gov/infobank/circular/eom17.htm
NJ-MCGREEVEY-EO-18,NJ,Mcgreevey,18,declaration,Orders Specifications for Uniform Forms for the Issuance of All Vital Records,2002-04-24,,False,html,https://www.nj.gov/infobank/circular/eom18.shtml
NJ-MCGREEVEY-EO-19,NJ,Mcgreevey,19,declaration,Creates a FIX DMV Commission.,2002-04-25,,False,html,https://www.nj.gov/infobank/circular/eom19.htm
NJ-MCGREEVEY-EO-20,NJ,Mcgreevey,20,declaration,Establishes The Apparel Procurement Board.,2002-06-11,,False,html,https://www.nj.gov/infobank/circular/eom20.htm
NJ-MCGREEVEY-EO-21,NJ,Mcgreevey,21,declaration,,2002-07-01,,False,html,https://www.nj.gov/infobank/circular/eom21.shtml
NJ-MCGREEVEY-EO-22,NJ,Mcgreevey,22,declaration,Renames Lebanon State Forest as Brendan T. Byrne State Forest.,2002-07-24,,False,html,https://www.nj.gov/infobank/circular/eom22.htm
NJ-MCGREEVEY-EO-23,NJ,Mcgreevey,23,declaration,Establishes an Animal Welfare Task Force,2002-07-25,,False,html,https://www.nj.gov/infobank/circular/eom23.htm
NJ-MCGREEVEY-EO-24,NJ,Mcgreevey,24,declaration,"Establish the school construction program as a separate activity of the NJEDA apart from its economic development mission and to provide for more focused attention, the NJEDA shall establish a subsidiary corporation, which will be responsible for the school facilities project.",2002-07-29,,False,html,https://www.nj.gov/infobank/circular/eom24.htm
NJ-MCGREEVEY-EO-25,NJ,Mcgreevey,25,declaration,Establishes Deferred Balances Task Force,2002-08-12,,False,html,https://www.nj.gov/infobank/circular/eom25.htm
NJ-MCGREEVEY-EO-26,NJ,Mcgreevey,26,amendment,"Modifies requirements in Executive Order No. 21 , exceptions pursuant to the Open Public Records Act.",2002-08-13,,False,html,https://www.nj.gov/infobank/circular/eom26.shtml
NJ-MCGREEVEY-EO-27,NJ,Mcgreevey,27,declaration,Declares a state of emergency in the County of Monmouth,2002-08-14,,True,html,https://www.nj.gov/infobank/circular/eom27.htm
NJ-MCGREEVEY-EO-28,NJ,Mcgreevey,28,declaration,Declares a state of emergency in Camden and Gloucester Counties,2002-08-28,,False,html,https://www.nj.gov/infobank/circular/eom28.htm
NJ-MCGREEVEY-EO-29,NJ,Mcgreevey,29,declaration,Establish a Family and Survivor Memorial Committee,2002-08-28,,False,html,https://www.nj.gov/infobank/circular/eom29.htm
NJ-MCGREEVEY-EO-30,NJ,Mcgreevey,30,declaration,,2002-09-11,,False,html,https://www.nj.gov/infobank/circular/eom30.htm
NJ-MCGREEVEY-EO-31,NJ,Mcgreevey,31,declaration,Establishes an Office of Faith-Based Initiatives in the Department of State,2002-09-12,,False,html,https://www.nj.gov/infobank/circular/eom31.htm
NJ-MCGREEVEY-EO-32,NJ,Mcgreevey,32,declaration,Appoints new commission members and announces water emergency measures in Pinelands,2002-09-23,,False,html,https://www.nj.gov/infobank/circular/eom32.htm
NJ-MCGREEVEY-EO-33,NJ,Mcgreevey,33,declaration,Creates the Office of Counter-Terrorism (OCT),2002-10-03,,False,html,https://www.nj.gov/infobank/circular/eom33.htm
NJ-MCGREEVEY-EO-34,NJ,Mcgreevey,34,declaration,,2002-10-17,,False,html,https://www.nj.gov/infobank/circular/eom34.htm
NJ-MCGREEVEY-EO-35,NJ,Mcgreevey,35,declaration,,2002-10-18,,False,html,https://www.nj.gov/infobank/circular/eom35.htm
NJ-MCGREEVEY-EO-36,NJ,Mcgreevey,36,declaration,"Orders and directs that the Division of Youth and Family Services in the Department of Human Services may jointly conduct hearings with the Legislature involving the interplay between domestic violence and the welfare of children and families, and the interplay between substance abuse and the welfare of children and families.",2002-10-23,,False,html,https://www.nj.gov/infobank/circular/eom36.htm
NJ-MCGREEVEY-EO-37,NJ,Mcgreevey,37,declaration,,2002-11-29,,False,html,https://www.nj.gov/infobank/circular/eom37.htm
NJ-MCGREEVEY-EO-38,NJ,Mcgreevey,38,declaration,Orders and directs various State agencies and the targeted utilization of available State resources to ensure smart growth and the conservation of undeveloped regions of the State,2002-10-25,,False,html,https://www.nj.gov/infobank/circular/eom38.htm
NJ-MCGREEVEY-EO-39,NJ,Mcgreevey,39,declaration,Creates the Governor's Asian American Commission,2002-10-29,,False,html,https://www.nj.gov/infobank/circular/eom39.htm
NJ-MCGREEVEY-EO-40,NJ,Mcgreevey,40,declaration,Creates the Advisory Council Against Sexual Violence within the Office on the Prevention of Violence Against Women in the Division on Women within the Department of Community Affairs.,2002-11-22,,False,html,https://www.nj.gov/infobank/circular/eom40.htm
NJ-MCGREEVEY-EO-42,NJ,Mcgreevey,42,declaration,"Orders and directs the creation of a Review, Planning and Implementation Steering Committee within the Commission on Health Science, Education and Training",2002-12-10,,False,html,https://www.nj.gov/infobank/circular/eom42.htm
NJ-MCGREEVEY-EO-43,NJ,Mcgreevey,43,declaration,Establishes a Blue Ribbon Transportation Commission to examine and make recommendations on the pressing transportation issues facing New Jersey over the next ten years,2003-01-07,,False,html,https://www.nj.gov/infobank/circular/eom43.htm
NJ-MCGREEVEY-EO-44,NJ,Mcgreevey,44,termination,Terminates Executive Order No. 11,2003-01-08,,True,html,https://www.nj.gov/infobank/circular/eom44.htm
NJ-MCGREEVEY-EO-45,NJ,Mcgreevey,45,extension,"Orders there is hereby created the Renewable Energy Task Force (""Task Force"") to examine the Renewable Portfolio Standards (RPS) for Class I energy sources, which includes electric energy produced from solar technologies, photovoltaic technologies, wind energy, fuel cells, geothermal technologies, wave or tidal action, and methane gas from landfills or a biomass facility, provided that the biomass is cultivated and harvested in a sustainable manner.",2004-01-27,2003-05-27,False,html,https://www.nj.gov/infobank/circular/eom45.htm
NJ-MCGREEVEY-EO-46,NJ,Mcgreevey,46,declaration,Establishes a Video Lottery Study Commission,2003-02-03,,False,html,https://www.nj.gov/infobank/circular/eom46.htm
NJ-MCGREEVEY-EO-47,NJ,Mcgreevey,47,amendment,Modifies Executive Order 24 - School Construction Program,2003-02-07,,False,html,https://www.nj.gov/infobank/circular/eom47.htm
NJ-MCGREEVEY-EO-48,NJ,Mcgreevey,48,declaration,Declares State of Emergency,2003-02-16,2003-02-18,True,html,https://www.nj.gov/infobank/circular/eom48.htm
NJ-MCGREEVEY-EO-49,NJ,Mcgreevey,49,termination,Terminates State of Emergency,2003-02-18,,True,html,https://www.nj.gov/infobank/circular/eom49.htm
NJ-MCGREEVEY-EO-50,NJ,Mcgreevey,50,termination,"Orders and directs that State employees who are called to active duty in response to the continuing Global War on Terrorism, potential armed conflict with Iraq, and heightened tensions with North Korea shall be entitled upon termination of active duty to return to State employment with full seniority and benefits consistent with State and federal military reemployment and seniority rights.",2003-02-27,,False,html,https://www.nj.gov/infobank/circular/eom50.htm
NJ-MCGREEVEY-EO-51,NJ,Mcgreevey,51,declaration,Establishes the Governor's Task Force on Women and Bleeding Disorders,2003-03-07,,False,html,https://www.nj.gov/infobank/circular/eom51.htm
NJ-MCGREEVEY-EO-52,NJ,Mcgreevey,52,declaration,"Authorizes Adjutant General of the New Jersey National Guard to order to active duty all such members of the New Jersey National Guard that, in his judgment, are necessary to protect airports, tunnels and bridges and to provide aid to any other locality where there is a threat or danger to the public health, safety and welfare.",2003-03-19,,False,html,https://www.nj.gov/infobank/circular/eom52.htm
NJ-MCGREEVEY-EO-53,NJ,Mcgreevey,53,declaration,Establishes the Governor's Fire Service and Safety Task Force.,2003-03-31,,False,html,https://www.nj.gov/infobank/circular/eom53.htm
NJ-MCGREEVEY-EO-54,NJ,Mcgreevey,54,declaration,"Orders and directs to seek through legislation the provision of health benefits coverage for immediate family members of National Guard personnel called to State active duty that exceeds 30 days, in situations where Guard personnel lose their employment-related health benefits or where such personnel did not have employer-related health benefit coverage.",2003-04-01,,False,html,https://www.nj.gov/infobank/circular/eom54.htm
NJ-MCGREEVEY-EO-55,NJ,Mcgreevey,55,declaration,,2003-04-11,,False,html,https://www.nj.gov/infobank/circular/eom55.htm
NJ-MCGREEVEY-EO-56,NJ,Mcgreevey,56,declaration,"There is hereby established the Commission on Jobs, Growth and Economic Development",2003-04-15,,False,html,https://www.nj.gov/infobank/circular/eom56.htm
NJ-MCGREEVEY-EO-57,NJ,Mcgreevey,57,declaration,,2003-04-21,,False,html,https://www.nj.gov/infobank/circular/eom57.htm
NJ-MCGREEVEY-EO-58,NJ,Mcgreevey,58,declaration,,2003-04-23,,False,html,https://www.nj.gov/infobank/circular/eom58.htm
NJ-MCGREEVEY-EO-59,NJ,Mcgreevey,59,declaration,"Creates the Billboard Policy and Procedure Review Task Force and imposes a 120-day moratorium on the approval of any permit application or contract for the design, construction or erection of any billboards on State-owned property or property owned by any State department, agency or independent authority.",2003-05-12,,False,html,https://www.nj.gov/infobank/circular/eom59.htm
NJ-MCGREEVEY-EO-60,NJ,Mcgreevey,60,declaration,Establishes the Governor's Cabinet for Children,2003-05-19,,False,html,https://www.nj.gov/infobank/circular/eom60.htm
NJ-MCGREEVEY-EO-61,NJ,Mcgreevey,61,declaration,Establishes the Governor's Advisory Council on HIV/AIDS and Related Blood-Borne Pathogens,2003-05-27,,False,html,https://www.nj.gov/infobank/circular/eom61.htm
NJ-MCGREEVEY-EO-62,NJ,Mcgreevey,62,declaration,Establishes the Free Cuba Task Force,2003-06-18,,False,html,https://www.nj.gov/infobank/circular/eom62.htm
NJ-MCGREEVEY-EO-63,NJ,Mcgreevey,63,declaration,Declares State of Emergency,2003-08-14,2003-08-15,False,html,https://www.nj.gov/infobank/circular/eom63.htm
NJ-MCGREEVEY-EO-64,NJ,Mcgreevey,64,declaration,,2003-08-15,,False,html,https://www.nj.gov/infobank/circular/eom64.htm
NJ-MCGREEVEY-EO-65,NJ,Mcgreevey,65,declaration,,2003-08-29,,False,html,https://www.nj.gov/infobank/circular/eom65.htm
NJ-MCGREEVEY-EO-66,NJ,Mcgreevey,66,declaration,Establishes the Billboard Policy and Procedure Review Task Force,2003-08-29,,False,html,https://www.nj.gov/infobank/circular/eom66.htm
NJ-MCGREEVEY-EO-67,NJ,Mcgreevey,67,declaration,,2003-09-11,,False,html,https://www.nj.gov/infobank/circular/eom67.htm
NJ-MCGREEVEY-EO-68,NJ,Mcgreevey,68,declaration,Declares a State of Emergency,2003-09-18,2003-09-19,True,html,https://www.nj.gov/infobank/circular/eom68.htm
NJ-MCGREEVEY-EO-69,NJ,Mcgreevey,69,termination,Terminates State of Emergency,2003-09-19,,True,html,https://www.nj.gov/infobank/circular/eom69.htm
NJ-MCGREEVEY-EO-70,NJ,Mcgreevey,70,declaration,Establishes the Highlands Task Force,2003-09-19,,False,html,https://www.nj.gov/infobank/circular/eom70.htm
NJ-MCGREEVEY-EO-71,NJ,Mcgreevey,71,declaration,Increases Set-aside for Small Businesses,2003-10-02,,False,html,https://www.nj.gov/infobank/circular/eom71.htm
NJ-MCGREEVEY-EO-72,NJ,Mcgreevey,72,declaration,,2003-10-15,,False,html,https://www.nj.gov/infobank/circular/eom72.htm
NJ-MCGREEVEY-EO-73,NJ,Mcgreevey,73,declaration,,2003-10-17,,False,html,https://www.nj.gov/infobank/circular/eom73.htm
NJ-MCGREEVEY-EO-74,NJ,Mcgreevey,74,declaration,"Directs the East Hall at Senator Garrett W. Hagedorn Hospital is hereby renamed the ""Senator John J. Fay, Jr. Hall.""",2003-10-18,,False,html,https://www.nj.gov/infobank/circular/eom74.htm
NJ-MCGREEVEY-EO-75,NJ,Mcgreevey,75,declaration,Establishes in the Department of Education the Education Mandate Review Study Commission,2003-10-22,,False,html,https://www.nj.gov/infobank/circular/eom75.htm
NJ-MCGREEVEY-EO-76,NJ,Mcgreevey,76,amendment,"Modifies Executive Order No. 40 (2002) the Advisory Council Against Sexual Violence Council, to consist of 29 members.",2003-10-23,,False,html,https://www.nj.gov/infobank/circular/eom76.htm
NJ-MCGREEVEY-EO-77,NJ,Mcgreevey,77,declaration,Establishes an ethics Code of Conduct for the Governor,2003-10-24,,False,html,https://www.nj.gov/infobank/circular/eom77.htm
NJ-MCGREEVEY-EO-78,NJ,Mcgreevey,78,declaration,Establishes a General Aviation Review Commission to examine and evaluate the current status and future prospects of New Jersey's general aviation airport system,2003-10-24,,False,html,https://www.nj.gov/infobank/circular/eom78.htm
NJ-MCGREEVEY-EO-79,NJ,Mcgreevey,79,declaration,,2003-11-01,,False,html,https://www.nj.gov/infobank/circular/eom79.htm
NJ-MCGREEVEY-EO-80,NJ,Mcgreevey,80,declaration,,2003-11-03,,False,html,https://www.nj.gov/infobank/circular/eom80.htm
NJ-MCGREEVEY-EO-81,NJ,Mcgreevey,81,declaration,"Establishes the New Jersey Community College Compact, a new statewide partnership between the State of New Jersey and New Jersey's community colleges.",2003-11-04,,False,html,https://www.nj.gov/infobank/circular/eom81.htm
NJ-MCGREEVEY-EO-82,NJ,Mcgreevey,82,declaration,,2003-11-07,,False,html,https://www.nj.gov/infobank/circular/eom82.htm
NJ-MCGREEVEY-EO-83,NJ,Mcgreevey,83,amendment,Modifies Executive Order No. 60 (2003) Governor's Cabinet for Children,2003-11-06,,False,html,https://www.nj.gov/infobank/circular/eom83.htm
NJ-MCGREEVEY-EO-84,NJ,Mcgreevey,84,declaration,,2003-11-28,,False,html,https://www.nj.gov/infobank/circular/eom84.htm
NJ-MCGREEVEY-EO-85,NJ,Mcgreevey,85,declaration,,2003-11-20,,False,html,https://www.nj.gov/infobank/circular/eom85.htm
NJ-MCGREEVEY-EO-86,NJ,Mcgreevey,86,declaration,,2003-12-02,,False,html,https://www.nj.gov/infobank/circular/eom86.htm
NJ-MCGREEVEY-EO-87,NJ,Mcgreevey,87,declaration,,2003-12-03,,False,html,https://www.nj.gov/infobank/circular/eom87.htm
NJ-MCGREEVEY-EO-88,NJ,Mcgreevey,88,extension,"Declares that State employees who have been mobilized into active duty in response to the continuing global war on terrorism, armed conflict with Iraq, or other areas of heightened tension throughout the world, including the defense of our Homeland Security, are performing duties directly related to a State of Emergency, for the purposes set forth in N.J.S.A.11A:6-2.",2003-12-03,,False,html,https://www.nj.gov/infobank/circular/eom88.htm
NJ-MCGREEVEY-EO-89,NJ,Mcgreevey,89,declaration,Implements the State Emergency Operations Plan and directs the activation of county and municipal emergency operations plans as necessary.,2003-12-21,,False,html,https://www.nj.gov/infobank/circular/eom89.htm
NJ-MCGREEVEY-EO-90,NJ,Mcgreevey,90,declaration,,2004-01-07,,False,html,https://www.nj.gov/infobank/circular/eom90.htm
NJ-MCGREEVEY-EO-91,NJ,Mcgreevey,91,declaration,,2004-01-08,,False,html,https://www.nj.gov/infobank/circular/eom91.htm
NJ-MCGREEVEY-EO-92,NJ,Mcgreevey,92,extension,"Continues Executive Order No. 59 (2003) and Executive Order No. 66 (2003), Billboard Policy and Procedure Review Task Force",2004-01-14,,False,html,https://www.nj.gov/infobank/circular/eom92.htm
NJ-MCGREEVEY-EO-93,NJ,Mcgreevey,93,declaration,,2004-01-22,,False,html,https://www.nj.gov/infobank/circular/eom93.htm
NJ-MCGREEVEY-EO-94,NJ,Mcgreevey,94,declaration,,2004-02-05,,False,html,https://www.nj.gov/infobank/circular/eom94.htm
NJ-MCGREEVEY-EO-95,NJ,Mcgreevey,95,declaration,,2004-02-13,,False,html,https://www.nj.gov/infobank/circular/eom95.htm
NJ-MCGREEVEY-EO-96,NJ,Mcgreevey,96,declaration,"Orders all Executive Branch departments, agencies, boards, commissions and other bodies involved in decisions that may affect environmental quality and public health shall provide meaningful opportunities for involvement to all people regardless of race, color, ethnicity, religion, income, or education level. Programs and policies to protect and promote protection of human health and the environment shall be reviewed periodically to ensure that program implementation and dissemination of information meet the needs of low-income and communities of color, and seek to address disproportionate exposure to environmental hazards.",2004-02-18,,False,html,https://www.nj.gov/infobank/circular/eom96.htm
NJ-MCGREEVEY-EO-97,NJ,Mcgreevey,97,declaration,Establishes a New Jersey Invasive Species Council,2004-02-27,,True,html,https://www.nj.gov/infobank/circular/eom97.htm
NJ-MCGREEVEY-EO-98,NJ,Mcgreevey,98,declaration,,2004-03-19,,False,html,https://www.nj.gov/infobank/circular/eom98.htm
NJ-MCGREEVEY-EO-99,NJ,Mcgreevey,99,declaration,,2004-03-20,,False,html,https://www.nj.gov/infobank/circular/eom99.htm
NJ-MCGREEVEY-EO-100,NJ,Mcgreevey,100,declaration,,2004-12-01,,False,html,https://www.nj.gov/infobank/circular/eom100.htm
NJ-MCGREEVEY-EO-101,NJ,Mcgreevey,101,declaration,,2004-04-02,,False,html,https://www.nj.gov/infobank/circular/eom101.htm
NJ-MCGREEVEY-EO-102,NJ,Mcgreevey,102,declaration,,2004-04-03,,False,html,https://www.nj.gov/infobank/circular/eom102.htm
NJ-MCGREEVEY-EO-103,NJ,Mcgreevey,103,declaration,,2004-04-20,,False,html,https://www.nj.gov/infobank/circular/eom103.htm
NJ-MCGREEVEY-EO-104,NJ,Mcgreevey,104,declaration,,2004-04-21,,False,html,https://www.nj.gov/infobank/circular/eom104.htm
NJ-MCGREEVEY-EO-105,NJ,Mcgreevey,105,declaration,,2004-04-23,,False,html,https://www.nj.gov/infobank/circular/eom105.htm
NJ-MCGREEVEY-EO-106,NJ,Mcgreevey,106,declaration,Orders there is hereby established The Governor's Commission to Support and Enhance New Jersey's Military and Coast Guard Installations,2004-05-03,,False,html,https://www.nj.gov/infobank/circular/eom106.htm
NJ-MCGREEVEY-EO-107,NJ,Mcgreevey,107,declaration,"Orders there is hereby established in, but not of, the Department of Military and Veterans Affairs the World War II Memorial Commission",2004-05-04,,False,html,https://www.nj.gov/infobank/circular/eom107.htm
NJ-MCGREEVEY-EO-108,NJ,Mcgreevey,108,declaration,,2004-05-13,,False,html,https://www.nj.gov/infobank/circular/eom108.htm
NJ-MCGREEVEY-EO-109,NJ,Mcgreevey,109,declaration,,2004-05-26,,False,html,https://www.nj.gov/infobank/circular/eom109.htm
NJ-MCGREEVEY-EO-110,NJ,Mcgreevey,110,declaration,,2004-06-02,,False,html,https://www.nj.gov/infobank/circular/eom110.htm
NJ-MCGREEVEY-EO-111,NJ,Mcgreevey,111,declaration,"Orders the Homeland Security Technology Systems Center is created at NJIT to work in collaboration with State government, serving as consultant for technology evaluation against objective performance standards and engaging in prototype deployment of integrated systems for testing, demonstration and training.",2004-06-07,,False,html,https://www.nj.gov/infobank/circular/eom111.htm
NJ-MCGREEVEY-EO-112,NJ,Mcgreevey,112,declaration,,2004-06-07,,False,html,https://www.nj.gov/infobank/circular/eom112.htm
NJ-MCGREEVEY-EO-113,NJ,Mcgreevey,113,declaration,,2004-06-12,2002-02-19,False,html,https://www.nj.gov/infobank/circular/eom113.htm
NJ-MCGREEVEY-EO-114,NJ,Mcgreevey,114,declaration,,2004-06-13,,False,html,https://www.nj.gov/infobank/circular/eom114.htm
NJ-MCGREEVEY-EO-115,NJ,Mcgreevey,115,declaration,,2004-06-14,,False,html,https://www.nj.gov/infobank/circular/eom115.htm
NJ-MCGREEVEY-EO-116,NJ,Mcgreevey,116,declaration,,2004-06-16,,False,html,https://www.nj.gov/infobank/circular/eom116.htm
NJ-MCGREEVEY-EO-117,NJ,Mcgreevey,117,declaration,"There is created in, but not of, the Department of Education, the New Jersey After 3 Advisory Committee",2004-06-25,,False,html,https://www.nj.gov/infobank/circular/eom117.htm
NJ-MCGREEVEY-EO-118,NJ,Mcgreevey,118,declaration,"Orders a moratorium on the approval of any permit application or contract for the design, construction or erection of any new billboards until such time as the Department of Transportation adopts regulations",2004-06-30,,False,html,https://www.nj.gov/infobank/circular/eom118.htm
NJ-MCGREEVEY-EO-119,NJ,Mcgreevey,119,declaration,,2004-07-04,,False,html,https://www.nj.gov/infobank/circular/eom119.htm
NJ-MCGREEVEY-EO-120,NJ,Mcgreevey,120,declaration,,2004-07-08,,False,html,https://www.nj.gov/infobank/circular/eom120.htm
NJ-MCGREEVEY-EO-121,NJ,Mcgreevey,121,declaration,Declares that a State of Emergency presently exists in Burlington and Camden Counties.,2004-07-13,,True,html,https://www.nj.gov/infobank/circular/eom121.htm
NJ-MCGREEVEY-EO-122,NJ,Mcgreevey,122,declaration,"Orders the state's public authorities, commissions, boards and councils more accountable to the public in their accounting and financial reporting processes",2004-07-23,,False,html,https://www.nj.gov/infobank/circular/eom122.htm
NJ-MCGREEVEY-EO-123,NJ,Mcgreevey,123,declaration,,2004-08-03,,False,html,https://www.nj.gov/infobank/circular/eom123.htm
NJ-MCGREEVEY-EO-124,NJ,Mcgreevey,124,declaration,,2004-08-09,,False,html,https://www.nj.gov/infobank/circular/eom124.htm
NJ-MCGREEVEY-EO-125,NJ,Mcgreevey,125,declaration,,2004-08-24,,False,html,https://www.nj.gov/infobank/circular/eom125.htm
NJ-MCGREEVEY-EO-126,NJ,Mcgreevey,126,declaration,,2004-09-08,,False,html,https://www.nj.gov/infobank/circular/eom126.htm
NJ-MCGREEVEY-EO-127,NJ,Mcgreevey,127,declaration,,2004-09-09,,False,html,https://www.nj.gov/infobank/circular/eom127.htm
NJ-MCGREEVEY-EO-128,NJ,Mcgreevey,128,declaration,"Establishes the creation of three Innovation Zones surrounding New Jersey's research universities, to be located in the City of Newark, the City of Camden, and the North Brunswick/New Brunswick area.",2004-09-08,,False,html,https://www.nj.gov/infobank/circular/eom128.htm
NJ-MCGREEVEY-EO-129,NJ,Mcgreevey,129,declaration,"Orders that consistent with State law, the State contracting agencies shall develop policies and procedures to ensure that all vendors seeking to enter into any contract in which services are procured on behalf of the State of New Jersey must disclose.",2004-09-09,,False,html,https://www.nj.gov/infobank/circular/eom129.htm
NJ-MCGREEVEY-EO-130,NJ,Mcgreevey,130,declaration,"Orders that the Attorney General shall promptly convene a task force, consisting of representatives from all of the relevant segments of the law enforcement community, including but not limited to the county prosecutors offices, the Division of Criminal Justice, the State Police, sheriff's departments, and county and local police departments, to provide assistance to the Attorney General in developing a plan to respond to the issues raised by the expiration of the federal assault weapons ban.",2004-09-13,,False,html,https://www.nj.gov/infobank/circular/eom130.htm
NJ-MCGREEVEY-EO-131,NJ,Mcgreevey,131,declaration,"Declares and proclaims that a State of Emergency exists in the northwestern area of the State of New Jersey and in the counties of Sussex, Warren, Hunterdon and Mercer, and may come to exist in other areas of the State.",2004-09-18,,True,html,https://www.nj.gov/infobank/circular/eom131.htm
NJ-MCGREEVEY-EO-132,NJ,Mcgreevey,132,declaration,"Orders the creation of a permanent position of Chief Financial Officer, expands the duties of the Commerce Audit Committee",2004-09-20,,False,html,https://www.nj.gov/infobank/circular/eom132.htm
NJ-MCGREEVEY-EO-133,NJ,Mcgreevey,133,declaration,,2004-09-18,,False,html,https://www.nj.gov/infobank/circular/eom133.htm
NJ-MCGREEVEY-EO-134,NJ,Mcgreevey,134,declaration,"Orders the State or any of its purchasing agents or agencies or those of its independent authorities, as the case may be, shall not enter into an agreement or otherwise contract to procure from any business entity services or any material, supplies or equipment, or to acquire, sell, or lease any land or building, where the value of the transaction exceeds $17,500, if that business entity has solicited or made any contribution of money, or pledge of contribution, including in-kind contributions to a candidate committee and/or election fund of any candidate or holder of the public office of Governor, or to any State or county political party committee",2004-09-22,,False,html,https://www.nj.gov/infobank/circular/eom134.htm
NJ-MCGREEVEY-EO-135,NJ,Mcgreevey,135,declaration,,2004-09-28,,False,html,https://www.nj.gov/infobank/circular/eom135.htm
NJ-MCGREEVEY-EO-136,NJ,Mcgreevey,136,declaration,"Orders the State of New Jersey hereby recognize a Bill of Rights and Responsibilities to support the independence, dignity and choice of citizens as they age",2004-09-27,,False,html,https://www.nj.gov/infobank/circular/eom136.htm
NJ-MCGREEVEY-EO-137,NJ,Mcgreevey,137,declaration,,2004-10-09,,False,html,https://www.nj.gov/infobank/circular/eom137.htm
NJ-MCGREEVEY-EO-138,NJ,Mcgreevey,138,declaration,Declares a State of Emergency exists in school districts throughout the State,2004-10-12,,False,html,https://www.nj.gov/infobank/circular/eom138.htm
NJ-MCGREEVEY-EO-139,NJ,Mcgreevey,139,declaration,Delcares a State of Emergency exists with regard to the transmission of HIV/AIDS through intravenous drug use.,2004-10-26,,False,html,https://www.nj.gov/infobank/circular/eom139.htm
NJ-ABENNETT-EO-139,NJ,Abennett,139,declaration,Establishes an Advisory Council to Promote the Profession of Nursing in New Jersey,2002-01-09,,False,html,https://www.nj.gov/infobank/circular/eob139.htm
NJ-DIFRANCESCO-EO-124,NJ,Difrancesco,124,declaration,Declares State of Emergency Exists in New Jersey,2001-03-04,2001-03-08,True,html,https://www.nj.gov/infobank/circular/eod124.htm
NJ-DIFRANCESCO-EO-125,NJ,Difrancesco,125,termination,Terminates State of Emergency declared in Executive Order No. 124,2001-03-08,,True,html,https://www.nj.gov/infobank/circular/eod125.htm
NJ-DIFRANCESCO-EO-126,NJ,Difrancesco,126,declaration,Directs the Commissioner of DHSS to Empanel a Newborn Screening Annual Review Committee,2001-04-12,,False,html,https://www.nj.gov/infobank/circular/eod126.htm
NJ-DIFRANCESCO-EO-127,NJ,Difrancesco,127,declaration,Directs AG to Convene Statewide Summit of Law Enforcement Executives and Examine the Practice of Racial Profiling,2001-05-23,,False,html,https://www.nj.gov/infobank/circular/eod127.htm
NJ-DIFRANCESCO-EO-128,NJ,Difrancesco,128,declaration,Directs the Commissioner of the Department of Transportation to prepare a Garden State Parkway Congestion Relief Plan,2001-05-31,,False,html,https://www.nj.gov/infobank/circular/eod128.htm
NJ-DIFRANCESCO-EO-129,NJ,Difrancesco,129,declaration,,2001-06-12,,False,html,https://www.nj.gov/infobank/circular/eod129.htm
NJ-DIFRANCESCO-EO-130,NJ,Difrancesco,130,declaration,Declares state of emergency exists in Morris County,2001-07-03,,False,html,https://www.nj.gov/infobank/circular/eod130.htm
NJ-DIFRANCESCO-EO-131,NJ,Difrancesco,131,declaration,Declares State of Emergency in the State of New Jersey Due to the Terroristic Attacks on the World Trade Center and the Pentagon.,2001-09-11,,False,html,https://www.nj.gov/infobank/circular/eod131.htm
NJ-DIFRANCESCO-EO-132,NJ,Difrancesco,132,declaration,Creates the Office of Recovery and Victim Assistance,2001-09-17,,False,html,https://www.nj.gov/infobank/circular/eod132.htm
NJ-DIFRANCESCO-EO-133,NJ,Difrancesco,133,declaration,,2001-09-11,,False,html,https://www.nj.gov/infobank/circular/eod133.htm
NJ-DIFRANCESCO-EO-134,NJ,Difrancesco,134,declaration,New Jersey World Trade Center Victims Memorial Commission,2001-10-03,,False,html,https://www.nj.gov/infobank/circular/eod134.htm
NJ-DIFRANCESCO-EO-135,NJ,Difrancesco,135,declaration,,2001-11-23,,False,html,https://www.nj.gov/infobank/circular/eod135.htm
NJ-DIFRANCESCO-EO-136,NJ,Difrancesco,136,declaration,,2001-12-24,,False,html,https://www.nj.gov/infobank/circular/eod136.htm
NJ-DIFRANCESCO-EO-137,NJ,Difrancesco,137,declaration,,2001-12-18,,False,html,https://www.nj.gov/infobank/circular/eod137.htm
NJ-DIFRANCESCO-EO-138,NJ,Difrancesco,138,declaration,"Orders and directs the Department of Environmental Protection's Division of Parks and Forestry is the only agency that may authorize, approve and schedule Special Events within Liberty State Park",2002-01-07,,False,html,https://www.nj.gov/infobank/circular/eod138.htm
NJ-WHITMAN-EO-1,NJ,Whitman,1,declaration,Directs public employees to file financial disclosure statements.,1990-01-18,1994-01-18,False,html,https://www.nj.gov/infobank/circular/eof1.htm
NJ-WHITMAN-EO-2,NJ,Whitman,2,declaration,"Orders public employees file financial disclosure statements, utilize blind trusts, and limits interest in any closely-held corporation, partnership, sole proprietorship, or similar business entity, etc.",1994-01-18,1994-03-15,False,html,https://www.nj.gov/infobank/circular/eow2.htm
NJ-WHITMAN-EO-3,NJ,Whitman,3,extension,"Declares a continuing state of emergency in state prisons until July, 1994 when Executive Order No. 80 (Florio) will expire.",1994-01-19,1994-07-14,False,html,https://www.nj.gov/infobank/circular/eow3.htm
NJ-WHITMAN-EO-4,NJ,Whitman,4,declaration,Declares state of energy emergency for all heat and electrical utilities throughout the state.,1994-01-19,1994-07-14,True,html,https://www.nj.gov/infobank/circular/eow4.htm
NJ-WHITMAN-EO-5,NJ,Whitman,5,termination,Terminates the state of emergency for all heat and electrical utilities declared in Executive Order No. 4 and rescinds Executive Order No. 4.,1994-01-21,,True,html,https://www.nj.gov/infobank/circular/eow5.htm
NJ-WHITMAN-EO-6,NJ,Whitman,6,declaration,"Creates an Advisory Panel on Government Contracting Procedures which shall make a comprehensive review of existing procedures, the issuance of bonds, notes, etc., the selection of underwriters, the retention of attorneys or law firms in connection with the issuance of bonds, notes, etc., the retention of any engineering, architectural or other professional firms.",1994-01-27,,False,html,https://www.nj.gov/infobank/circular/eow6.htm
NJ-WHITMAN-EO-7,NJ,Whitman,7,declaration,Remits forfeiture of Taro.,1994-01-28,,False,html,https://www.nj.gov/infobank/circular/eow7.htm
NJ-WHITMAN-EO-8,NJ,Whitman,8,declaration,Orders and directs the New Jersey Economic Master Plan Commission be expanded and shall consist of Chairperson and 18 members.,1994-02-15,,False,html,https://www.nj.gov/infobank/circular/eow8.htm
NJ-WHITMAN-EO-9,NJ,Whitman,9,termination,"Orders and directs elimination of the position of Environmental Prosecutor in Division of Law and Public Safety, rescinds EO 2 (Florio), and relocates duties of Environmental Prosecutor with Division of Public Safety.",1994-03-15,,False,html,https://www.nj.gov/infobank/circular/eow9.htm
NJ-WHITMAN-EO-10,NJ,Whitman,10,declaration,Orders and directs the Advisory Council on Juvenile Justice is reconstituted. The Council will assist the Governor and various State departments in administering and developing programs to deal with juvenile crime.,1994-03-17,1995-03-06,False,html,https://www.nj.gov/infobank/circular/eow10.htm
NJ-WHITMAN-EO-11,NJ,Whitman,11,termination,"Rescinds and supersedes Executive Order No.99 (Florio). Order that any State department, authority or instrumentality may include a project agreement in a public works project. This order does not require the use of a project agreement or the selection of a particular union, trade council, or labor organization.",1994-03-21,,False,html,https://www.nj.gov/infobank/circular/eow11.htm
NJ-WHITMAN-EO-12,NJ,Whitman,12,declaration,"Declares state of emergency due to gas pipeline explosion in Edison and directs that Division of State Police protect the health, safety and resources of the residents of the Township of Edison and the State of New Jersey.",1994-03-25,1994-03-29,False,html,https://www.nj.gov/infobank/circular/eow12.htm
NJ-WHITMAN-EO-13,NJ,Whitman,13,termination,Rescinds EO No. 12 but continues certain emergency authorizations for the Division of State Police and assistance from various agencies of State government who are called upon to provide assistance in the aftermath of the Edison explosion.,1994-03-29,,False,html,https://www.nj.gov/infobank/circular/eow13.htm
NJ-WHITMAN-EO-14,NJ,Whitman,14,declaration,Establishes the Advisory Panel on Higher Education Restructuring to assist the Governor in proposing legislation to implement the restructuring of the system of higher education.,1994-03-30,,False,html,https://www.nj.gov/infobank/circular/eow14.htm
NJ-WHITMAN-EO-15,NJ,Whitman,15,declaration,Creates the Office of the Business Ombudsman to be located in the Department of State with the responsibility of directing a comprehensive effort to assist businesses in dealing efficiently with State regulations.,1994-04-05,1997-06-27,False,html,https://www.nj.gov/infobank/circular/eow15.htm
NJ-WHITMAN-EO-16,NJ,Whitman,16,declaration,Addresses the emergency conditions within the State prisons and other penal and correctional institutions of the New Jersey Department of Corrections.,1994-04-05,,False,html,https://www.nj.gov/infobank/circular/eow16.htm
NJ-WHITMAN-EO-17,NJ,Whitman,17,declaration,Establishes the New Jersey Advisory Commission on Privatization to conduct a review of existing feasibility studies and actual experiences of governments that have initiated privatization efforts; evaluate the advantages and disadvantages associated with privatization; conduct a feasibility study of New Jersey State government; and propose appropriate and beneficial methods of implementing privatization in this State.,1994-04-18,,False,html,https://www.nj.gov/infobank/circular/eow17.htm
NJ-WHITMAN-EO-18,NJ,Whitman,18,declaration,,1993-12-31,,False,html,https://www.nj.gov/infobank/circular/eow18.htm
NJ-WHITMAN-EO-19,NJ,Whitman,19,declaration,,1993-12-31,,False,html,https://www.nj.gov/infobank/circular/eow19.htm
NJ-WHITMAN-EO-20,NJ,Whitman,20,declaration,"Establishes NJ Commission on National Service to assist in meeting the human, educational, environmental and public safety needs of the State.",1994-06-13,,False,html,https://www.nj.gov/infobank/circular/eow20.htm
NJ-WHITMAN-EO-21,NJ,Whitman,21,termination,Rescinds Executive Order No. 3 (1970) and reconstitutes the Governor's Employee Relations Policy Council; and rescinds Executive Order No. 4 (1970) and reconstitutes the Office of Employee Relations within the Department of Personnel.,1994-07-14,,False,html,https://www.nj.gov/infobank/circular/eow21.htm
NJ-WHITMAN-EO-22,NJ,Whitman,22,declaration,,1995-12-31,,False,html,https://www.nj.gov/infobank/circular/eow22.htm
NJ-WHITMAN-EO-23,NJ,Whitman,23,declaration,Orders and Directs Commissioner of DEP is designated ex-officio as State Natural Resource Trustee for purposes outlined in Section 2706(b)(3) of the Oil Pollution Act.,,,False,html,https://www.nj.gov/infobank/circular/eow23.htm
NJ-WHITMAN-EO-24,NJ,Whitman,24,declaration,"Orders and Directs NJ Dept of Commerce and Economic Development to create a Free Cuba Task Force which shall conduct a study to determine the likely economic, social immigration and cultural consequences that would result from the the liberation of the people of Cuba.",1994-10-11,,False,html,https://www.nj.gov/infobank/circular/eow24.htm
NJ-WHITMAN-EO-25,NJ,Whitman,25,declaration,,1994-11-25,,False,html,https://www.nj.gov/infobank/circular/eow25.htm
NJ-WHITMAN-EO-26,NJ,Whitman,26,extension,Orders and Directs the policy of the State generally requiring that all bonds of the State and its agencies and authorities to be sold on a competitive basis is continued.,,,False,html,https://www.nj.gov/infobank/circular/eow26.htm
NJ-WHITMAN-EO-27,NJ,Whitman,27,amendment,"Order State administrative agencies include a statement whether Federal standards are exceeded when adopting, amending, or readopting rules and regulations.",1994-11-02,,False,html,https://www.nj.gov/infobank/circular/eow27.htm
NJ-WHITMAN-EO-28,NJ,Whitman,28,termination,Orders and directs that State employees called to active duty in Haiti and the Middle East crises are entitled to return to State employment with full seniority and benefits upon termination of active duty.,1994-11-16,,False,html,https://www.nj.gov/infobank/circular/eow28.htm
NJ-WHITMAN-EO-29,NJ,Whitman,29,declaration,Orders and Directs the extension of the Governor's Council on AIDS (created by EO 45 (Florio).,1994-12-01,,False,html,https://www.nj.gov/infobank/circular/eow29.htm
NJ-WHITMAN-EO-30,NJ,Whitman,30,declaration,Establishes the Advisory Panel on School Vouchers,1995-01-10,,False,html,https://www.nj.gov/infobank/circular/eow30.htm
NJ-WHITMAN-EO-31,NJ,Whitman,31,declaration,,1995-01-11,,False,html,https://www.nj.gov/infobank/circular/eow31.htm
NJ-WHITMAN-EO-32,NJ,Whitman,32,termination,Orders and Directs Vacancy Review Board be eliminated. Rescinds Executive Order No. 10 (1982) and directs each department to assume the functions previously performed by the Vacancy Review Board.,1995-03-06,,False,html,https://www.nj.gov/infobank/circular/eow32.htm
NJ-WHITMAN-EO-33,NJ,Whitman,33,declaration,Orders and Directs the transfer of the Office of Employee Relations from the Department of Personnel to the Office of the Governor and sets forth the necessary steps for implementation thereof.,1995-03-06,,False,html,https://www.nj.gov/infobank/circular/eow33.htm
NJ-WHITMAN-EO-34,NJ,Whitman,34,extension,Continues Governor's Advisory Council on Volunteerism and Community Service and establishes Governor's Youth Advisory Council.,1995-04-10,,False,html,https://www.nj.gov/infobank/circular/eow34.htm
NJ-WHITMAN-EO-35,NJ,Whitman,35,declaration,,1995-07-22,,False,html,https://www.nj.gov/infobank/circular/eow35.htm
NJ-WHITMAN-EO-36,NJ,Whitman,36,declaration,"To achieve a coordinated workforce readiness system, orders expansion of Private Industry Council's into broad-based Workforce Investment Boards.",1995-05-12,,False,html,https://www.nj.gov/infobank/circular/eow36.htm
NJ-WHITMAN-EO-37,NJ,Whitman,37,declaration,,1997-05-31,,False,html,https://www.nj.gov/infobank/circular/eow37.htm
NJ-WHITMAN-EO-38,NJ,Whitman,38,extension,"Establishes a commission known as Prosperity New Jersey, which shall create, develop, refine and implement strategic plans to continually move New Jersey to the forefront of the national and international economies by fostering, promoting and improving economic activity, job creation and the overall business climate in New Jersey.",1995-06-15,,False,html,https://www.nj.gov/infobank/circular/eow38.htm
NJ-WHITMAN-EO-39,NJ,Whitman,39,declaration,Establishes Study Commission on Parole.,1995-07-25,,False,html,https://www.nj.gov/infobank/circular/eow39.htm
NJ-WHITMAN-EO-40,NJ,Whitman,40,extension,Continues Governor's Council on New Jersey Outdoors,1995-08-03,,False,html,https://www.nj.gov/infobank/circular/eow40.htm
NJ-WHITMAN-EO-41,NJ,Whitman,41,declaration,"Declares state of water emergency for counties in northeastern New Jersey. Directs Commissioner of DEP, the Water Emergency Task Force and the Drought Coordinator to take steps necessary to alleviate the water emergency.",1995-09-13,1995-11-03,True,html,https://www.nj.gov/infobank/circular/eow41.htm
NJ-WHITMAN-EO-42,NJ,Whitman,42,declaration,Establishes New Jersey Sports History Commission which shall plan and implement the 150th anniversary of the first game of baseball and the 50th anniversary of the beginning of integration of organized baseball by Jackie Robinson.,1995-09-21,,False,html,https://www.nj.gov/infobank/circular/eow42.htm
NJ-WHITMAN-EO-43,NJ,Whitman,43,termination,Declares state of water emergency no longer exists in north eastern counties of the State of New Jersey and terminates Executive Order 41 .,1995-11-03,,True,html,https://www.nj.gov/infobank/circular/eow43.htm
NJ-WHITMAN-EO-44,NJ,Whitman,44,declaration,,1995-11-24,,False,html,https://www.nj.gov/infobank/circular/eow44.htm
NJ-WHITMAN-EO-45,NJ,Whitman,45,declaration,,1996-01-07,1996-01-13,True,html,https://www.nj.gov/infobank/circular/eow45.htm
NJ-WHITMAN-EO-46,NJ,Whitman,46,declaration,,1996-01-13,,True,html,https://www.nj.gov/infobank/circular/eow46.htm
NJ-WHITMAN-EO-47,NJ,Whitman,47,declaration,Entitles New Jersey State employees who are called to active duty during the Bosnian Peacekeeping Mission full seniority and benefits.,1996-02-29,,False,html,https://www.nj.gov/infobank/circular/eow47.htm
NJ-WHITMAN-EO-48,NJ,Whitman,48,declaration,Addresses the problem of overcrowding in state prisons and correctional institutions and allows for the Commissioner of Corrections to designate places of confinement for state-sentenced inmates.,1996-03-28,,False,html,https://www.nj.gov/infobank/circular/eow48.htm
NJ-WHITMAN-EO-49,NJ,Whitman,49,declaration,"Directs the policy of the State of New Jersey shall be that harassment, intimidation, violence or threats of violence by or against employees shall not be tolerated.",1996-04-17,,False,html,https://www.nj.gov/infobank/circular/eow49.htm
NJ-WHITMAN-EO-50,NJ,Whitman,50,declaration,Orders the establishment of the Health Care Fraud Task Force which shall function as the policy development body for the Executive Branch in establishing a comprehensive health care fraud enforcement plan.,1996-05-28,,False,html,https://www.nj.gov/infobank/circular/eow50.htm
NJ-WHITMAN-EO-51,NJ,Whitman,51,declaration,,1996-07-06,,False,html,https://www.nj.gov/infobank/circular/eow51.htm
NJ-WHITMAN-EO-52,NJ,Whitman,52,declaration,,1996-07-06,,False,html,https://www.nj.gov/infobank/circular/eow52.htm
NJ-WHITMAN-EO-53,NJ,Whitman,53,declaration,Declares state of emergency in Mercer and Burlington counties and calls NJ National Guard to active duty to provide aid and recovery assistance.,1996-06-28,1996-07-12,True,html,https://www.nj.gov/infobank/circular/eow53.htm
NJ-WHITMAN-EO-54,NJ,Whitman,54,declaration,,1996-07-09,,False,html,https://www.nj.gov/infobank/circular/eow54.htm
NJ-WHITMAN-EO-55,NJ,Whitman,55,declaration,,1996-07-09,,False,html,https://www.nj.gov/infobank/circular/eow55.htm
NJ-WHITMAN-EO-56,NJ,Whitman,56,termination,Terminates State of Emergency as declared in Executive Order No. 53.,1996-07-12,,True,html,https://www.nj.gov/infobank/circular/eow56.htm
NJ-WHITMAN-EO-57,NJ,Whitman,57,declaration,,1996-07-26,,False,html,https://www.nj.gov/infobank/circular/eow57.htm
NJ-WHITMAN-EO-58,NJ,Whitman,58,declaration,Creates Task Force for the Review of the Treatment of the Criminally Insane to study current practices employed by Greystone Park Psychiatric Hospital and other psychiatric facilities housing and handling the criminally insane.,1996-09-12,,False,html,https://www.nj.gov/infobank/circular/eow58.htm
NJ-WHITMAN-EO-59,NJ,Whitman,59,declaration,"Directs the Governor's Office shall convene a ""Work First New Jersey"" Interdepartmental Coordinating Committee that shall develop and implement policies and programs within each Department that augment and support comprehensive welfare reform in New Jersey and implement the ""Work First New Jersey"" initiative.",1996-10-22,,False,html,https://www.nj.gov/infobank/circular/eow59.htm
NJ-WHITMAN-EO-60,NJ,Whitman,60,declaration,"Establishes the Racing Industry Study Commission which shall undertake a thorough and comprehensive study of the horse racing industry in New Jersey, including existing statutes and regulations, in-State competition for the gambling dollar and legislation in neighboring states that impacts on the economic growth and prosperity of New Jersey's horse racing industry.",1996-10-31,,False,html,https://www.nj.gov/infobank/circular/eow60.htm
NJ-WHITMAN-EO-61,NJ,Whitman,61,declaration,,1996-10-18,,True,html,https://www.nj.gov/infobank/circular/eow61.htm
NJ-WHITMAN-EO-62,NJ,Whitman,62,declaration,,1996-11-29,,False,html,https://www.nj.gov/infobank/circular/eow62.htm
NJ-WHITMAN-EO-63,NJ,Whitman,63,declaration,"Orders Racing Industry Study Commission be expanded from 17 to 19 members, one member from the public sector and another representative of the casino industry.",1996-12-12,,False,html,https://www.nj.gov/infobank/circular/eow63.htm
NJ-WHITMAN-EO-64,NJ,Whitman,64,declaration,,1996-12-23,,False,html,https://www.nj.gov/infobank/circular/eow64.htm
NJ-WHITMAN-EO-65,NJ,Whitman,65,declaration,Designates Department of Transportation as the agency to carry out the provisions of the FTA's State Safety Oversight of Fixed Guideway Systems in the State of New Jersey.,1997-01-31,,False,html,https://www.nj.gov/infobank/circular/eow65.htm
NJ-WHITMAN-EO-66,NJ,Whitman,66,declaration,Establishes the Division of Revenue in the Department of the Treasury,1997-03-10,,False,html,https://www.nj.gov/infobank/circular/eow66.htm
NJ-WHITMAN-EO-67,NJ,Whitman,67,declaration,Designates the Monmouth County Board of Chosen Freeholders as an Areawide Water Quality Management Planning Agency.,1997-04-15,,False,html,https://www.nj.gov/infobank/circular/eow67.htm
NJ-WHITMAN-EO-68,NJ,Whitman,68,declaration,Creates the Office of Sustainability to be located in the Department of Commerce and Economic Development.,1997-04-22,,False,html,https://www.nj.gov/infobank/circular/eow68.htm
NJ-WHITMAN-EO-69,NJ,Whitman,69,amendment,Modifies the State's public policy regarding accessibility of public records.,1997-05-15,,False,html,https://www.nj.gov/infobank/circular/eow69.shtml
NJ-WHITMAN-EO-70,NJ,Whitman,70,declaration,,2002-01-01,,False,html,https://www.nj.gov/infobank/circular/eow70.htm
NJ-WHITMAN-EO-71,NJ,Whitman,71,termination,"Rescinds EO15, transfers Office of the Ombudsman to Dept of Commerce and establishes an Account Management System",1997-06-27,,False,html,https://www.nj.gov/infobank/circular/eow71.htm
NJ-WHITMAN-EO-72,NJ,Whitman,72,declaration,Establishes the Study Commission on the Implementation of the Death Penalty to examine the death penalty process in New Jersey.,1997-08-06,,False,html,https://www.nj.gov/infobank/circular/eow72.htm
NJ-WHITMAN-EO-73,NJ,Whitman,73,declaration,"Declares State of Emergency due to torrential rainfall and resultant flooding and damages, etc., in counties of Atlantic, Burlington, Cape May, Cumberland and Ocean",1997-08-22,1997-11-14,True,html,https://www.nj.gov/infobank/circular/eow73.htm
NJ-WHITMAN-EO-74,NJ,Whitman,74,declaration,Provides State-funded food stamp benefits to legal immigrants,1997-08-26,,False,html,https://www.nj.gov/infobank/circular/eow74.htm
NJ-WHITMAN-EO-75,NJ,Whitman,75,declaration,Creates the Advisory Committee to Study the Future of the New Jersey Training School for Boys in Monroe Township,1997-09-29,,False,html,https://www.nj.gov/infobank/circular/eow75.htm
NJ-WHITMAN-EO-76,NJ,Whitman,76,declaration,,1997-11-28,,False,html,https://www.nj.gov/infobank/circular/eow76.htm
NJ-WHITMAN-EO-77,NJ,Whitman,77,termination,"Rescinds Executive Order No. 73 which declared a State of Emergency in Atlantic, Burlington, Cape May, Cumberland, and Ocean Counties due to torrential rains.",1997-11-14,,True,html,https://www.nj.gov/infobank/circular/eow77.htm
NJ-WHITMAN-EO-78,NJ,Whitman,78,declaration,"Declares state of emergency existed and presently exists in Atlantic, Cape May, Monmouth and Ocean Counties.",1998-02-06,1998-03-10,True,html,https://www.nj.gov/infobank/circular/eow78.htm
NJ-WHITMAN-EO-79,NJ,Whitman,79,amendment,Amends Executive Order #34 (Whitman); changes the membership on the Advisory Council on Volunteerism and Community Service,1998-02-10,,False,html,https://www.nj.gov/infobank/circular/eow79.htm
NJ-WHITMAN-EO-80,NJ,Whitman,80,termination,"Rescinds Executive Order No. 78 which declared a State of Emergency in Atlantic, Cape May, Monmouth and Ocean Counties.",1998-03-10,,True,html,https://www.nj.gov/infobank/circular/eow80.htm
NJ-WHITMAN-EO-81,NJ,Whitman,81,declaration,Creates Landlord-Tenant Task Force to study issues affecting landlords and tenants in multi-family housing communities.,1998-05-04,,False,html,https://www.nj.gov/infobank/circular/eow81.htm
NJ-WHITMAN-EO-82,NJ,Whitman,82,declaration,Orders and Directs the creation of the Advisory Committee on the Preservation and Use of Ellis Island,1998-05-27,,False,html,https://www.nj.gov/infobank/circular/eow82.htm
NJ-WHITMAN-EO-83,NJ,Whitman,83,declaration,,1998-07-01,,False,html,https://www.nj.gov/infobank/circular/eow83.htm
NJ-WHITMAN-EO-84,NJ,Whitman,84,declaration,Orders and Directs Establishment of the New Jersey Advisory Council on Traumatic Brain Injury in the Department of Human Services,1998-05-28,,False,html,https://www.nj.gov/infobank/circular/eow84.htm
NJ-WHITMAN-EO-85,NJ,Whitman,85,declaration,"Orders and Directs U.S. and New Jersey flags be flown at half-staff in recognition and mourning of the passing of Judge Alexander P. Waugh, Sr.",1998-07-01,,False,html,https://www.nj.gov/infobank/circular/eow85.htm
NJ-WHITMAN-EO-86,NJ,Whitman,86,amendment,Modifies Executive Order No. 81 which established the Landlord-Tenant Task Force.,1998-07-27,,False,html,https://www.nj.gov/infobank/circular/eow86.htm
NJ-WHITMAN-EO-87,NJ,Whitman,87,extension,"Establishes Office of Information Technology that is allocated in but not of the Department of Treasury. Abolishes Office of Telecommunications and Information Systems (OTIS) and continues OTIS' functions, powers and duties in the Office of Information Technology.",1998-09-04,,False,html,https://www.nj.gov/infobank/circular/eow87.htm
NJ-WHITMAN-EO-88,NJ,Whitman,88,declaration,Orders and Directs State Agencies review rules and regulations which might impact the implementation of interlocal shared service programs.,1998-09-16,,False,html,https://www.nj.gov/infobank/circular/eow88.htm
NJ-WHITMAN-EO-89,NJ,Whitman,89,declaration,Establishes in the Department of Health and Senior Services the New Jersey Advisory Council on Elder Care.,1998-09-28,,False,html,https://www.nj.gov/infobank/circular/eow89.htm
NJ-WHITMAN-EO-90,NJ,Whitman,90,declaration,"Orders and Directs Paragraph 3, Section j of Executive Order 82 be replaced.",1998-10-05,,False,html,https://www.nj.gov/infobank/circular/eow90.htm
NJ-WHITMAN-EO-91,NJ,Whitman,91,declaration,,1998-11-27,,False,html,https://www.nj.gov/infobank/circular/eow91.htm
NJ-WHITMAN-EO-92,NJ,Whitman,92,declaration,Creates the Task Force on Mandated Health Insurance Benefits,1999-03-12,,False,html,https://www.nj.gov/infobank/circular/eow92.htm
NJ-WHITMAN-EO-93,NJ,Whitman,93,declaration,"Repeals EO90 Whitman and changes EO82 Whitman Para. 3, section j: shall be replaced with the following language: j. No more than ten members of the public to be appointed by the Governor, including but not limited to individuals with professional experience and expertise in urban planning, history architecture and/or historic restoration.",1999-04-03,,False,html,https://www.nj.gov/infobank/circular/eow93.htm
NJ-WHITMAN-EO-94,NJ,Whitman,94,declaration,Creates New Jersey Advanced Technology Vehicle Task Force.,1999-04-06,,False,html,https://www.nj.gov/infobank/circular/eow94.htm
NJ-WHITMAN-EO-95,NJ,Whitman,95,termination,New Jersey State employees who are called to active duty during the Kosovo conflict shall be entitled upon termination of active duty to return to State employment with full seniority and benefits consistent with State and federal military reemployment and seniority rights.,1999-04-06,,False,html,https://www.nj.gov/infobank/circular/eow95.htm
NJ-WHITMAN-EO-96,NJ,Whitman,96,declaration,"Regarding policies outlined in New Jersey Future's ""Living With the Future in Mind"".",1999-05-20,,False,html,https://www.nj.gov/infobank/circular/eow96.htm
NJ-WHITMAN-EO-97,NJ,Whitman,97,declaration,Order and directs creation of The Task Force on the Affordability and Accessibility of Health Care in New Jersey,1999-07-20,,False,html,https://www.nj.gov/infobank/circular/eow97.htm
NJ-WHITMAN-EO-98,NJ,Whitman,98,declaration,Declares state of water emergency exists throughout New Jersey,1999-08-05,1999-09-27,True,html,https://www.nj.gov/infobank/circular/eow98.htm
NJ-WHITMAN-EO-99,NJ,Whitman,99,declaration,Establishes Governor's Office of Volunteerism in the Department of State. Abolishes Governor's Office of Volunteerism in Dept of Human Services.,1999-08-30,,False,html,https://www.nj.gov/infobank/circular/eow99.htm
NJ-WHITMAN-EO-100,NJ,Whitman,100,extension,"Declares water emergency no longer exists in Counties of Atlantic, Burlington, Camden, Cape May, Cumberland, Gloucester, Ocean and Salem. Continues in the Counties of Bergen, Essex, Hunterdon, Hudson, Mercer, Middlesex, Monmouth, Morris, Passaic, Somerset, Sussex, Union and Warren.",1999-09-14,,True,html,https://www.nj.gov/infobank/circular/eow100.htm
NJ-WHITMAN-EO-101,NJ,Whitman,101,declaration,Declares a State of Emergency in the State of New Jersey due to flooding from Hurricane Floyd.,1999-09-15,2001-01-30,True,html,https://www.nj.gov/infobank/circular/eow101.htm
NJ-WHITMAN-EO-102,NJ,Whitman,102,declaration,"A state of water emergency, as declared by Executive Order No. 98, due to the drought no longer exists anywhere within the State.",1999-09-27,1999-09-14,True,html,https://www.nj.gov/infobank/circular/eow102.htm
NJ-WHITMAN-EO-103,NJ,Whitman,103,declaration,"Orders and directs creation of the Advisory Committee on the Sales and Use Tax (the ""Advisory Committee"").",1999-10-15,,False,html,https://www.nj.gov/infobank/circular/eow103.htm
NJ-WHITMAN-EO-104,NJ,Whitman,104,declaration,,1999-11-26,,False,html,https://www.nj.gov/infobank/circular/eow104.htm
NJ-WHITMAN-EO-105,NJ,Whitman,105,declaration,Establishes an Office of Capital Investment and Coordination in the Department of Transportation.,1999-11-24,,False,html,https://www.nj.gov/infobank/circular/eow105.htm
NJ-WHITMAN-EO-106,NJ,Whitman,106,declaration,"The New Jersey State Policy Prohibiting Discrimination, Harassment or Hostile Environments in the Workplace is hereby authorized and effective throughout the State.",1999-12-17,,False,html,https://www.nj.gov/infobank/circular/eow106.htm
NJ-WHITMAN-EO-107,NJ,Whitman,107,declaration,Changes the membership of the Governor's Advisory Council on Volunteerism and Community Service to include the Secretary of State.,1999-12-22,,False,html,https://www.nj.gov/infobank/circular/eow107.htm
NJ-WHITMAN-EO-108,NJ,Whitman,108,declaration,Increases memberships of the New Jersey Commission for the Blind and Visually Impaired Rehabilitation Advisory Council and the New Jersey Division of Vocational Rehabilitation Services Rehabilitation Advisory Council.,2000-01-04,,False,html,https://www.nj.gov/infobank/circular/eow108.htm
NJ-WHITMAN-EO-109,NJ,Whitman,109,amendment,"Directs that until such time that the Water Quality Management Planning rules, currently set forth at N.J.A.C. 7:15, are repealed and replaced, the Department of Environmental Protection shall determine, consistent with its existing authority, including N.J.A.C. 7:15-5.18, what, if any, alternatives analyses must be conducted prior to the Department's making a final decision on an application for approval of a wastewater management plan or amendment thereto, including, but not limited to, an evaluation of depletive and consumptive water use, detailed land use, environmental build-out and pollutant loading.",2000-01-11,,True,html,https://www.nj.gov/infobank/circular/eow109.htm
NJ-WHITMAN-EO-110,NJ,Whitman,110,declaration,Establishes the Domestic Violence Fatality Review Board within the Office on the Prevention of Violence Against Women to study domestic violence related deaths and make recommendations regarding how these fatalities may be prevented.,2000-03-15,,False,html,https://www.nj.gov/infobank/circular/eow110.htm
NJ-WHITMAN-EO-111,NJ,Whitman,111,declaration,"Creates in, but not of, the Department of Environmental Protection, the Ellis Island New Jersey Restoration Advisory Committee. The Committee is charged to the extent permitted by law with cooperating with and assisting the Ellis Island New Jersey Foundation in furthering its efforts to maintain, restore and put to beneficial use the structures on Ellis Island. The Committee shall also periodically advise the Governor and the State Historic Preservation Officer of the progress made in maintaining, restoring and putting to beneficial use the structures on Ellis Island, New Jersey.",2000-04-04,,False,html,https://www.nj.gov/infobank/circular/eow111.htm
NJ-WHITMAN-EO-112,NJ,Whitman,112,declaration,"Establishes in, but not of, the Department of State the Governor's Study Commission on Discrimination in State Employment and Contracting.",2000-04-06,,False,html,https://www.nj.gov/infobank/circular/eow112.htm
NJ-WHITMAN-EO-113,NJ,Whitman,113,declaration,"Establishes in, but not of, the Department of Education the Abbott Implementation Advisory Council (Council).",2000-05-01,,False,html,https://www.nj.gov/infobank/circular/eow113.htm
NJ-WHITMAN-EO-114,NJ,Whitman,114,declaration,"Creates within the Department of Heath and Senior Services (DHSS), the ""Task Force on Cancer Prevention, Early Detection and Treatment in New Jersey"".",2000-05-09,,False,html,https://www.nj.gov/infobank/circular/eow114.htm
NJ-WHITMAN-EO-115,NJ,Whitman,115,declaration,"Establishes in, but not of, the Department of Environmental Protection a Lake Restoration and Management Advisory Task Force.",2000-06-27,,False,html,https://www.nj.gov/infobank/circular/eow115.htm
NJ-WHITMAN-EO-116,NJ,Whitman,116,declaration,"Establishes in, but not of, the Department of State the 225th Anniversary of the American Revolution Celebration Commission.",2000-07-03,,False,html,https://www.nj.gov/infobank/circular/eow116.htm
NJ-WHITMAN-EO-117,NJ,Whitman,117,declaration,Declares State of Emergency exists in Morris and Sussex Counties.,2000-08-14,,True,html,https://www.nj.gov/infobank/circular/eow117.htm
NJ-WHITMAN-EO-118,NJ,Whitman,118,declaration,Directs Kearny Facility Be Used as Temporary Housing of Sexually Violent Predators by Dept of Corrections,2000-09-22,,False,html,https://www.nj.gov/infobank/circular/eow118.htm
NJ-WHITMAN-EO-119,NJ,Whitman,119,declaration,,2000-11-24,,False,html,https://www.nj.gov/infobank/circular/eow119.htm
NJ-WHITMAN-EO-120,NJ,Whitman,120,declaration,"Declares state of emergency exists in New Jersey due to severe weather conditions caused by snow and blizzard conditions, including hazardous road conditions, high tides and coastal flooding.",2000-12-30,,True,html,https://www.nj.gov/infobank/circular/eow120.htm
NJ-WHITMAN-EO-121,NJ,Whitman,121,termination,"Terminates State of Emergency declared in Executive Order 101 and rescinds all rules, regulations and proclamations issued thereunder.",2001-01-30,,True,html,https://www.nj.gov/infobank/circular/eow121.htm
NJ-WHITMAN-EO-122,NJ,Whitman,122,declaration,Establishes the New Jersey Geographic Information Council in the Office of Information Technology.,2001-01-30,,False,html,https://www.nj.gov/infobank/circular/eow122.htm
NJ-WHITMAN-EO-123,NJ,Whitman,123,declaration,Establishes the Construction Trade Training Council,2001-01-30,,False,html,https://www.nj.gov/infobank/circular/eow123.htm
NJ-FLORIO-EO-1,NJ,Florio,1,declaration,Directs public employees to file financial disclosure statements.,1990-01-18,,False,html,https://www.nj.gov/infobank/circular/eof1.htm
NJ-FLORIO-EO-2,NJ,Florio,2,declaration,Creates position of Environmental Prosecutor in L&PS.,1990-01-24,,False,html,https://www.nj.gov/infobank/circular/eof2.htm
NJ-FLORIO-EO-3,NJ,Florio,3,declaration,Designates DEP Commissioner's authority in areawide water quality management plans.,1990-01-26,,False,html,https://www.nj.gov/infobank/circular/eof3.htm
NJ-FLORIO-EO-4,NJ,Florio,4,declaration,Authorizes Dept. of Treasury control of State cars.,1990-01-31,,False,html,https://www.nj.gov/infobank/circular/eof4.htm
NJ-FLORIO-EO-5,NJ,Florio,5,declaration,Directs Governor's Study Commission on Discrimination in Public Works Procurement and Construction Contracts.,1990-02-09,1990-06-14,False,html,https://www.nj.gov/infobank/circular/eof5.htm
NJ-FLORIO-EO-6,NJ,Florio,6,declaration,Provides consolidation of attorneys in the Department of Law and Public Safety.,1990-03-14,,False,html,https://www.nj.gov/infobank/circular/eof6.htm
NJ-FLORIO-EO-7,NJ,Florio,7,declaration,Establishes the Governor's Management Review Commission.,1990-04-02,,False,html,https://www.nj.gov/infobank/circular/eof7.htm
NJ-FLORIO-EO-8,NJ,Florio,8,declaration,Establishes an Emergency Solid Waste Assessment Task Force.,1990-04-06,,False,html,https://www.nj.gov/infobank/circular/eof8.htm
NJ-FLORIO-EO-9,NJ,Florio,9,amendment,Amends portions of Executive Order No. 1.,1990-04-18,,False,html,https://www.nj.gov/infobank/circular/eof9.htm
NJ-FLORIO-EO-10,NJ,Florio,10,declaration,Establishes the New Jersey Transportation Executive Council.,1990-06-06,,False,html,https://www.nj.gov/infobank/circular/eof10.htm
NJ-FLORIO-EO-11,NJ,Florio,11,declaration,,1990-06-14,,False,html,https://www.nj.gov/infobank/circular/eof11.htm
NJ-FLORIO-EO-12,NJ,Florio,12,declaration,Establishes a Human Resources Development Institute in the Department of Personnel.,1990-08-21,1990-06-14,False,html,https://www.nj.gov/infobank/circular/eof12.htm
NJ-FLORIO-EO-13,NJ,Florio,13,declaration,Establishes the New Jersey-Atlantic City Coordinating Council.,1990-08-23,,False,html,https://www.nj.gov/infobank/circular/eof13.htm
NJ-FLORIO-EO-14,NJ,Florio,14,declaration,,1991-09-01,1990-06-14,False,html,https://www.nj.gov/infobank/circular/eof14.htm
NJ-FLORIO-EO-15,NJ,Florio,15,declaration,Allows New Jersey State employees called to active duty to return to State employment.,1990-09-13,,False,html,https://www.nj.gov/infobank/circular/eof15.htm
NJ-FLORIO-EO-16,NJ,Florio,16,declaration,Changes final report due date of the Study Commission on Discrimination in Public Works Procurement and Construction Contracts.,1990-09-28,,False,html,https://www.nj.gov/infobank/circular/eof16.htm
NJ-FLORIO-EO-17,NJ,Florio,17,declaration,,1990-10-11,,False,html,https://www.nj.gov/infobank/circular/eof17.htm
NJ-FLORIO-EO-18,NJ,Florio,18,declaration,Directs the Commissioner of Personnel establish pilot program review system.,1990-10-17,,False,html,https://www.nj.gov/infobank/circular/eof18.htm
NJ-FLORIO-EO-19,NJ,Florio,19,declaration,Directs that the SES System be implemented Statewide.,1990-10-17,,False,html,https://www.nj.gov/infobank/circular/eof19.htm
NJ-FLORIO-EO-20,NJ,Florio,20,declaration,Establishes the Delaware Bay Weakfish Action Commission.,1990-10-18,1990-06-14,False,html,https://www.nj.gov/infobank/circular/eof20.htm
NJ-FLORIO-EO-21,NJ,Florio,21,declaration,,1990-11-22,,False,html,https://www.nj.gov/infobank/circular/eof21.htm
NJ-FLORIO-EO-22,NJ,Florio,22,declaration,Establishes the Governor's Commission on Quality Education in New Jersey.,1990-12-27,,False,html,https://www.nj.gov/infobank/circular/eof22.htm
NJ-FLORIO-EO-23,NJ,Florio,23,declaration,Ratifies verbal declaration by Acting Governor John Lynch of a limited State of Emergency.,1991-01-10,,True,html,https://www.nj.gov/infobank/circular/eof23.htm
NJ-FLORIO-EO-24,NJ,Florio,24,extension,Declares a continuing State of Emergency regarding overcrowding in the State prisons and institutions.,1991-01-18,,False,html,https://www.nj.gov/infobank/circular/eof24.htm
NJ-FLORIO-EO-25,NJ,Florio,25,declaration,Orders State employees called to active duty during Middle East crises be entitled to return to State employment.,1991-01-18,1990-06-06,False,html,https://www.nj.gov/infobank/circular/eof25.htm
NJ-FLORIO-EO-26,NJ,Florio,26,declaration,,1991-01-30,,False,html,https://www.nj.gov/infobank/circular/eof26.htm
NJ-FLORIO-EO-27,NJ,Florio,27,declaration,Creates a Governor's Cabinet Action Group on Juvenile Justice.,1991-03-11,,False,html,https://www.nj.gov/infobank/circular/eof27.htm
NJ-FLORIO-EO-28,NJ,Florio,28,declaration,Establishes the State Council on Vocational Education.,1991-03-15,1990-06-14,False,html,https://www.nj.gov/infobank/circular/eof28.htm
NJ-FLORIO-EO-29,NJ,Florio,29,declaration,"Directs that any State resident mobilized into Active Duty with the Armed Forces or Coast Guard for Operation Desert Shield/Storm, will be eligible for Veterans' Entitlements.",1991-03-20,,False,html,https://www.nj.gov/infobank/circular/eof29.htm
NJ-FLORIO-EO-30,NJ,Florio,30,declaration,Re-establishes the Governor's Council on the Prevention of Mental Retardation and Developmental Disabilities.,1991-04-15,,False,html,https://www.nj.gov/infobank/circular/eof30.htm
NJ-FLORIO-EO-31,NJ,Florio,31,declaration,Creates Governor's Study Group on Bicentennial of Polish Constitution.,1991-05-06,1992-05-27,False,html,https://www.nj.gov/infobank/circular/eof31.htm
NJ-FLORIO-EO-32,NJ,Florio,32,declaration,Creates Hudson River Waterfront Development Committee.,1991-05-23,,False,html,https://www.nj.gov/infobank/circular/eof32.htm
NJ-FLORIO-EO-33,NJ,Florio,33,declaration,Gives Department of Treasury title to all State-owned vehicles.,1991-06-07,,True,html,https://www.nj.gov/infobank/circular/eof33.htm
NJ-FLORIO-EO-34,NJ,Florio,34,declaration,Directs each State agency appoint recycling coordinator.,1991-06-13,,False,html,https://www.nj.gov/infobank/circular/eof34.htm
NJ-FLORIO-EO-35,NJ,Florio,35,declaration,,1993-05-31,1993-09-24,False,html,https://www.nj.gov/infobank/circular/eof35.htm
NJ-FLORIO-EO-36,NJ,Florio,36,declaration,Directs Department of Treasury establish a Printing Control Office.,1991-07-17,1990-06-14,False,html,https://www.nj.gov/infobank/circular/eof36.htm
NJ-FLORIO-EO-37,NJ,Florio,37,declaration,Declares State of Emergency in Lacey Township.,1991-07-19,1991-10-16,True,html,https://www.nj.gov/infobank/circular/eof37.htm
NJ-FLORIO-EO-38,NJ,Florio,38,declaration,Implementation of Reorganization Plan No. 002-1991.,1991-08-16,,False,html,https://www.nj.gov/infobank/circular/eof38.htm
NJ-FLORIO-EO-39,NJ,Florio,39,declaration,Prohibits discrimination based on sexual orientation pertaining to employment by the State.,1991-08-16,,False,html,https://www.nj.gov/infobank/circular/eof39.htm
NJ-FLORIO-EO-40,NJ,Florio,40,declaration,Expansion of Governor's Study Commission on Discrimination in Public Works Procurement and Construction Contracts.,1991-08-16,,False,html,https://www.nj.gov/infobank/circular/eof40.htm
NJ-FLORIO-EO-41,NJ,Florio,41,declaration,Recreates Commission on Eastern European History.,1991-08-16,1990-06-14,False,html,https://www.nj.gov/infobank/circular/eof41.htm
NJ-FLORIO-EO-42,NJ,Florio,42,extension,Continues NJ Governor's School Board of Overseers.,1991-09-26,,False,html,https://www.nj.gov/infobank/circular/eof42.htm
NJ-FLORIO-EO-43,NJ,Florio,43,declaration,Establishes Governor's Task Force on Local Partnerships.,1991-10-12,,False,html,https://www.nj.gov/infobank/circular/eof43.htm
NJ-FLORIO-EO-44,NJ,Florio,44,termination,Terminates Executive Order Number 37.,1991-10-16,,True,html,https://www.nj.gov/infobank/circular/eof44.htm
NJ-FLORIO-EO-45,NJ,Florio,45,declaration,Creates Governor's Advisory Council on AIDS.,1991-10-24,,False,html,https://www.nj.gov/infobank/circular/eof45.htm
NJ-FLORIO-EO-46,NJ,Florio,46,declaration,"Limited State of Emergency in Atlantic, Cape May, Monmouth, and Ocean Counties.",1991-10-31,1991-11-19,True,html,https://www.nj.gov/infobank/circular/eof46.htm
NJ-FLORIO-EO-47,NJ,Florio,47,declaration,Development of a NJ Quality Achievement Award.,1991-11-14,,False,html,https://www.nj.gov/infobank/circular/eof47.htm
NJ-FLORIO-EO-48,NJ,Florio,48,termination,Terminates Executive Order No. 46.,1991-11-19,,True,html,https://www.nj.gov/infobank/circular/eof48.htm
NJ-FLORIO-EO-49,NJ,Florio,49,declaration,,1991-11-29,,False,html,https://www.nj.gov/infobank/circular/eof49.htm
NJ-FLORIO-EO-50,NJ,Florio,50,declaration,Declares State of Emergency due to weather conditions.,1992-01-04,1992-02-07,True,html,https://www.nj.gov/infobank/circular/eof50.htm
NJ-FLORIO-EO-51,NJ,Florio,51,extension,Extends Executive Order No. 50.,1992-01-10,1992-02-07,True,html,https://www.nj.gov/infobank/circular/eof51.htm
NJ-FLORIO-EO-52,NJ,Florio,52,extension,Declares continuing State of Emergency in prisons.,1992-01-17,,False,html,https://www.nj.gov/infobank/circular/eof52.htm
NJ-FLORIO-EO-53,NJ,Florio,53,extension,Continues Task Force on Child Abuse and Neglect.,1992-01-24,,False,html,https://www.nj.gov/infobank/circular/eof53.htm
NJ-FLORIO-EO-54,NJ,Florio,54,declaration,Establishes NJ Council on Job Opportunities.,1992-02-06,1990-06-14,False,html,https://www.nj.gov/infobank/circular/eof54.htm
NJ-FLORIO-EO-55,NJ,Florio,55,termination,Rescinds Executive Orders 50 & 51.,1992-02-07,,True,html,https://www.nj.gov/infobank/circular/eof55.htm
NJ-FLORIO-EO-56,NJ,Florio,56,extension,Continues Executive Orders 99 & 206 (Kean) for the Ethnic Advisory Council.,1992-02-11,,False,html,https://www.nj.gov/infobank/circular/eof56.htm
NJ-FLORIO-EO-57,NJ,Florio,57,declaration,"Flags fly at half-mast in recognition of Sen. W. Dumont, Jr.",1992-03-19,,False,html,https://www.nj.gov/infobank/circular/eof57.htm
NJ-FLORIO-EO-58,NJ,Florio,58,declaration,Flags fly at half-mast in recognition of Thomas J. Hanratty.,1992-04-06,,False,html,https://www.nj.gov/infobank/circular/eof58.htm
NJ-FLORIO-EO-59,NJ,Florio,59,declaration,Delegates powers of the Governor in carrying out Title 23 to the Commissioner of the Department of Transportation.,1992-05-14,,False,html,https://www.nj.gov/infobank/circular/eof59.htm
NJ-FLORIO-EO-60,NJ,Florio,60,extension,Orders that N.J.S.A. 48:12-109 et seq. shall continue to apply strictly to rail passes.,1992-05-27,,False,html,https://www.nj.gov/infobank/circular/eof60.htm
NJ-FLORIO-EO-61,NJ,Florio,61,declaration,Orders that an Office on the Prevention of Violence Against Women in the Division on Women in the Department of Community Affairs be created.,1992-06-11,1990-06-14,False,html,https://www.nj.gov/infobank/circular/eof61.htm
NJ-FLORIO-EO-62,NJ,Florio,62,declaration,Establishes a New Jersey Business-Higher Education Forum.,1992-06-19,,False,html,https://www.nj.gov/infobank/circular/eof62.htm
NJ-FLORIO-EO-63,NJ,Florio,63,declaration,"Establishes in, but not of Department of Community Affairs, State Agency Coordinating Council on Local Partnerships.",1992-08-06,1990-06-14,False,html,https://www.nj.gov/infobank/circular/eof63.htm
NJ-FLORIO-EO-64,NJ,Florio,64,declaration,Flags fly at half-mast in recognition of Millicent H. Fenwick,1992-09-16,,False,html,https://www.nj.gov/infobank/circular/eof64.htm
NJ-FLORIO-EO-65,NJ,Florio,65,declaration,Orders that GSA Administrator implement proposals in Report on State Leasing.,1992-10-05,,False,html,https://www.nj.gov/infobank/circular/eof65.htm
NJ-FLORIO-EO-66,NJ,Florio,66,declaration,Creates Chief of Economic Recovery position.,1992-10-19,,True,html,https://www.nj.gov/infobank/circular/eof66.htm
NJ-FLORIO-EO-67,NJ,Florio,67,declaration,Establishes Governor's NJ 2000 Advisory Committee.,1992-10-16,,False,html,https://www.nj.gov/infobank/circular/eof67.htm
NJ-FLORIO-EO-68,NJ,Florio,68,declaration,Establishes State Council on Adult Education and Literacy.,1992-10-29,,False,html,https://www.nj.gov/infobank/circular/eof68.htm
NJ-FLORIO-EO-69,NJ,Florio,69,declaration,,1992-11-27,,False,html,https://www.nj.gov/infobank/circular/eof69.htm
NJ-FLORIO-EO-70,NJ,Florio,70,declaration,"Directs Commissioner of BOP to develop a plan for consolidation and coordination of personnel functions, etc.",1992-11-17,,False,html,https://www.nj.gov/infobank/circular/eof70.htm
NJ-FLORIO-EO-71,NJ,Florio,71,declaration,"Orders renaming of Governor's Advisory Committee on Public/Private Volunteer Partnerships to Governor's Advisory Council on Volunteerism and Community Service, etc.",1992-11-20,,False,html,https://www.nj.gov/infobank/circular/eof71.htm
NJ-FLORIO-EO-72,NJ,Florio,72,declaration,,1992-12-21,,False,html,https://www.nj.gov/infobank/circular/eof72.htm
NJ-FLORIO-EO-73,NJ,Florio,73,declaration,"Declares and proclaims a limited State of Emergency presently exists in Atlantic, Burlington, Cape May, Cumberland, Middlesex, Monmouth and Ocean Counties. Orders the New Jersey National Guard to active duty, such members of the National Guard that in the Adjutant General's judgment are necessary to provide aid to the above communities. The Superintendent of the Division of State Police is hereby authorized to order evacuations of persons, except for emergency and governmental personnel, etc.",1992-12-11,1992-12-22,True,html,https://www.nj.gov/infobank/circular/eof73.htm
NJ-FLORIO-EO-74,NJ,Florio,74,declaration,"Declares an additional State of Emergency in the counties of Bergen, Hudson, and Salem. See Executive Order No. 73.",1991-12-11,1992-12-22,True,html,https://www.nj.gov/infobank/circular/eof73.htm
NJ-FLORIO-EO-75,NJ,Florio,75,declaration,"Declares an additional State of Emergency in the counties of Camden, Essex, Gloucester, Hunterdon, Mercer, Morris, Passaic, Somerset, Sussex, Union and Warren Counties. See Executive Order No. 73.",1992-12-11,1992-12-22,True,html,https://www.nj.gov/infobank/circular/eof75.htm
NJ-FLORIO-EO-76,NJ,Florio,76,declaration,,1992-12-22,1990-06-14,True,html,https://www.nj.gov/infobank/circular/eof76.htm
NJ-FLORIO-EO-77,NJ,Florio,77,amendment,"Amends Executive Order No. 68, Section 4, which originally created the State Council on Adult Education and Literacy. The amendment primarily deals with the limitation on members so that the Governor can accommodate various interested constituents.",1993-01-07,,False,html,https://www.nj.gov/infobank/circular/eof77.htm
NJ-FLORIO-EO-78,NJ,Florio,78,declaration,"Concerns the leasing of real property by members of the Legislature or members of their families who will benefit by entering agreements to lease property title to which is held by either a member of the Legislature, an immediate family member, a business in which the legislator has an interest, or a trust (even a blind trust) established by the legislator.",1993-01-12,,False,html,https://www.nj.gov/infobank/circular/eof78.htm
NJ-FLORIO-EO-79,NJ,Florio,79,declaration,Concerns no-bid contracts which will not require competitive bidding for all such contracts. The Order directs the Treasurer to adopt regulations that will codify the existing informal process of requiring bidding whenever it is practicable etc.,1993-01-12,,False,html,https://www.nj.gov/infobank/circular/eof79.htm
NJ-FLORIO-EO-80,NJ,Florio,80,extension,"Continues state of emergency in the State prison system and allows the Department of Corrections to continue to house inmates in county jails, etc.",1993-01-15,,False,html,https://www.nj.gov/infobank/circular/eof80.htm
NJ-FLORIO-EO-81,NJ,Florio,81,declaration,,1993-02-01,,False,html,https://www.nj.gov/infobank/circular/eof81.htm
NJ-FLORIO-EO-82,NJ,Florio,82,declaration,Orders and Directs the creation of a Highlands Trust Advisory Board which shall be advisory to the Commissioner of the Department of Environmental Protection and Energy.,1993-02-25,,False,html,https://www.nj.gov/infobank/circular/eof82.htm
NJ-FLORIO-EO-83,NJ,Florio,83,termination,Creates a thirteen-member Legalized Gaming Policy Study Commission. The Commission shall terminate upon the issuance by the Commission of its report and recommendations.,1993-03-05,,False,html,https://www.nj.gov/infobank/circular/eof83.htm
NJ-FLORIO-EO-84,NJ,Florio,84,declaration,"Orders and Directs that pursuant to the Set-Aside Act for Small Businesses, and Minority Businesses, Female Businesses, and Minority Businesses, the New Jersey Sports and Exhibition Authority Law, the Casino Control Act, The New Jersey Wastewater Treatment Trust Act, the New Jersey Urban Development Corporation Act etc. every State contracting agency shall adopt a set-aside program that requires the agency to make a good faith effort to award 7% of public procurement and construction contracts and subcontracts to all qualified businesses, etc.",1993-03-05,,False,html,https://www.nj.gov/infobank/circular/eof84.htm
NJ-FLORIO-EO-85,NJ,Florio,85,declaration,,1993-03-13,1993-03-16,True,html,https://www.nj.gov/infobank/circular/eof85.htm
NJ-FLORIO-EO-86,NJ,Florio,86,termination,Rescinds Executive Order No. 85 (Limited State of Emergency due to 1993 Blizzard).,1993-03-16,,True,html,https://www.nj.gov/infobank/circular/eof86.htm
NJ-FLORIO-EO-87,NJ,Florio,87,declaration,Creates the Defense Conversion and Community Assistance Commission.,1993-03-29,,False,html,https://www.nj.gov/infobank/circular/eof87.htm
NJ-FLORIO-EO-88,NJ,Florio,88,declaration,"Orders and Directs the Commissioner of Personnel shall conduct a comprehensive review of the State's current policies, practices, and procedures for eradicating sexual harassment from the government workplace.",1993-04-04,1990-06-14,False,html,https://www.nj.gov/infobank/circular/eof88.htm
NJ-FLORIO-EO-89,NJ,Florio,89,declaration,"Orders and Directs the New Jersey Department of Commerce shall conduct a study to determine the likely social, economic, and cultural consequences that would result from the liberation of the people of Cuba.",1993-04-15,,False,html,https://www.nj.gov/infobank/circular/eof89.htm
NJ-FLORIO-EO-90,NJ,Florio,90,declaration,,1995-05-31,1990-06-14,False,html,https://www.nj.gov/infobank/circular/eof90.htm
NJ-FLORIO-EO-91,NJ,Florio,91,declaration,"Orders and Directs each State agency and instrumentality shall appoint within 30 days of effective date of this Order, a coordinator from the agency procurement staff who will be responsible for coordinating with the Division of Purchase and Property and the Division of Solid Waste Management, the procurement of recycled products by the agency or instrumentality. The coordinator's responsibility is to assure agency compliance with the purchasing goals of this Order, etc.",1993-05-03,,True,html,https://www.nj.gov/infobank/circular/eof91.htm
NJ-FLORIO-EO-92,NJ,Florio,92,declaration,,1992-05-03,,False,html,https://www.nj.gov/infobank/circular/eof92.htm
NJ-FLORIO-EO-93,NJ,Florio,93,declaration,"Orders and Directs that should Reorganization Plan No. 001 become effective (Transfer from Department of Corrections to the Department of Human Services respectively) of the New Jersey Training School for Boys and the Juvenile Medium Security Center Jamesburg and Bordentown, shall not take place until such transfer is approved, etc.",1993-05-07,,False,html,https://www.nj.gov/infobank/circular/eof93.htm
NJ-FLORIO-EO-94,NJ,Florio,94,declaration,"Establishes a State Interagency Coordinating Council to advise and assist the designated lead agency for early intervention services for infants and toddlers with disabilities and their families, etc.",1993-05-21,,False,html,https://www.nj.gov/infobank/circular/eof94.htm
NJ-FLORIO-EO-95,NJ,Florio,95,declaration,Orders that blind trusts be eliminated in favor of full disclosure of assets by any State officer or employee who is required by law or executive order to submit a financial disclosure statement to the Executive Commission on Ethical Standards.,1993-06-10,1990-06-14,False,html,https://www.nj.gov/infobank/circular/eof95.htm
NJ-FLORIO-EO-96,NJ,Florio,96,declaration,,1993-06-15,1990-06-14,False,html,https://www.nj.gov/infobank/circular/eof96.htm
NJ-FLORIO-EO-97,NJ,Florio,97,declaration,,1993-10-01,,False,html,https://www.nj.gov/infobank/circular/eof97.htm
NJ-FLORIO-EO-98,NJ,Florio,98,declaration,,1993-08-12,,False,html,https://www.nj.gov/infobank/circular/eof98.htm
NJ-FLORIO-EO-99,NJ,Florio,99,declaration,"Orders and Directs that any public works projects implemented by any State department be subject to project agreements to ensure the highest standards of safety and quality and lowest reasonable costs without disruptions of strikes, lockouts or slowdowns.",1994-09-13,,False,html,https://www.nj.gov/infobank/circular/eof99.htm
NJ-FLORIO-EO-100,NJ,Florio,100,declaration,,1993-09-21,,False,html,https://www.nj.gov/infobank/circular/eof100.htm
NJ-FLORIO-EO-101,NJ,Florio,101,declaration,Establishes Governor's Committee on Welfare Reform to develop a plan to coordinate and direct State resources to achieve the welfare reforms of the Family Development Program.,1993-09-24,,False,html,https://www.nj.gov/infobank/circular/eof101.htm
NJ-FLORIO-EO-102,NJ,Florio,102,termination,Rescinds Executive Order No. 35 and establishes Governor's Committee on Children's Services Planning which will submit recommendations to the Cabinet Task Force on Children and Families and to the Governor regarding priorities for State budget for the next fiscal year.,1993-09-24,,False,html,https://www.nj.gov/infobank/circular/eof102.htm
NJ-FLORIO-EO-103,NJ,Florio,103,declaration,Orders and Directs the New Jersey Statewide Consumer Advisory Board of the Commission for the Blind and Visually Impaired is reconstituted and redenominated the New Jersey Commission for the Blind and Visually Impaired Rehabilitation Advisory Council.,1993-09-28,,False,html,https://www.nj.gov/infobank/circular/eof103.htm
NJ-FLORIO-EO-104,NJ,Florio,104,declaration,Orders and Directs the establishment of an Aquaculture Development Task Force which shall draft the State Aquaculture Development Plan.,1993-10-05,,False,html,https://www.nj.gov/infobank/circular/eof104.htm
NJ-FLORIO-EO-105,NJ,Florio,105,declaration,Orders and Directs the flags of the United States of America and the State of New Jersey be flown at half-staff in recognition and in memory of Army Specialists Dominick M.Pilla and James E. Smith.,1993-10-06,,False,html,https://www.nj.gov/infobank/circular/eof105.htm
NJ-FLORIO-EO-106,NJ,Florio,106,declaration,"Orders and Directs NJ Independent Living Advisory Council redenominated NJ Independent Living Council as separate entity in, but not of, NJ DOL which shall develop a State plan as required in Title VII, Part A, Section 704 of P.L. 102-569.",1993-10-15,,False,html,https://www.nj.gov/infobank/circular/eof106.htm
NJ-FLORIO-EO-107,NJ,Florio,107,declaration,"Orders and Directs the Commissioner of Labor is designated to act on behalf of the Governor in the planning, administration, coordination and oversight of programs under the JTPA and, to the extent not inconsistent with the JTPA or State law, shall have sole authority to apply for federal funds under the JTPA.",1993-10-21,,False,html,https://www.nj.gov/infobank/circular/eof107.htm
NJ-FLORIO-EO-108,NJ,Florio,108,declaration,Orders and directs establishment of Governor's Commission on Women's Health.,1993-10-20,,False,html,https://www.nj.gov/infobank/circular/eof108.htm
NJ-FLORIO-EO-109,NJ,Florio,109,declaration,Orders and directs creation of Task Force for Review of the Farmland Assessment Program to conduct a comprehensive review of the Program.,1993-10-25,,False,html,https://www.nj.gov/infobank/circular/eof109.htm
NJ-FLORIO-EO-110,NJ,Florio,110,declaration,"Orders and directs NJ Advisory Board for Vocational Rehab. of the Div. of Vocational Rehab. Svcs. be reconstituted as the NJ Div. of Rehab. Svcs. Rehab. Advisory Council as a separate entity apart from any State agency, etc.",1993-10-29,,False,html,https://www.nj.gov/infobank/circular/eof110.htm
NJ-FLORIO-EO-111,NJ,Florio,111,declaration,Reconvenes the New Jersey Commission on Environmental Education which will consist of 27 members and will support an annual Environmental Education Week and other activities designed to foster environmental awareness.,1993-11-15,1990-06-14,False,html,https://www.nj.gov/infobank/circular/eof111.htm
NJ-FLORIO-EO-112,NJ,Florio,112,declaration,,1993-11-26,1990-06-14,False,html,https://www.nj.gov/infobank/circular/eof112.htm
NJ-FLORIO-EO-113,NJ,Florio,113,declaration,Directs the Department of Environmental Protection and Energy (DEPE) to conduct a pilot pest control program using IPM techniques for DEPE buildings and grounds. Results will be used to provide assistance to other State agencies and instrumentalities on the use of IPM techniques and develop model contract language for State procurement of pest control services utilizing IPM methods.,1993-12-23,,False,html,https://www.nj.gov/infobank/circular/eof113.htm
NJ-FLORIO-EO-114,NJ,Florio,114,declaration,Orders and directs all State departments and agencies adopt and incorporate the policies which correspond to the State Plan and focus on encouraging growth and development at locations and in patterns recommended by the strategies and policies contained in the Plan.,1994-01-11,,False,html,https://www.nj.gov/infobank/circular/eof114.htm
NJ-FLORIO-EO-115,NJ,Florio,115,declaration,Establishes an interagency State Hazard Mitigation Team whose participants will evaluate hazard mitigation initiatives based on current agency policies and programs.,1994-01-11,,True,html,https://www.nj.gov/infobank/circular/eof115.htm
NJ-KEAN-EO-71,NJ,Kean,71,declaration,Order and direct State agencies to obtain waterfront development or wetlands permits,1984-05-15,,False,html,https://www.nj.gov/infobank/circular/eok71.htm
NJ-KEAN-EO-84,NJ,Kean,84,declaration,Establishes the Office of Telecommunication and Information Systems within the Department of Treasury.,1984-10-17,,False,html,https://www.nj.gov/infobank/circular/eok84.htm
NJ-KEAN-EO-123,NJ,Kean,123,declaration,"Further defines certain records of police departments are public records within the purview of Chapter 73, P. L. 1963, or are exempt under the purview of Executive Order No. 9 of Governor Richard J. Hughes.",1985-11-12,,False,html,https://www.nj.gov/infobank/circular/eok123.shtml
NJ-KEAN-EO-189,NJ,Kean,189,declaration,"Supplements regulations in EO No. 34 which provides the grounds and procedures applicable to the debarment, suspension and disqualification of State vendors, to encompass appropriate standards prohibiting conflicts of interest on the part of present and prospective State vendors.",1988-07-20,,False,html,https://www.nj.gov/infobank/circular/eok189.htm
NJ-KEAN-EO-204,NJ,Kean,204,declaration,"Order and direct ""Policy for a Drug-Free Workplace"" in State Government",1989-03-14,,False,html,https://www.nj.gov/infobank/circular/eok204.htm
NJ-KEAN-EO-215,NJ,Kean,215,declaration,Order and direct State agencies to prepare environmental assessment statements,1989-09-11,,False,html,https://www.nj.gov/infobank/circular/eok215.htm
NJ-KEAN-EO-219,NJ,Kean,219,declaration,Order and direct State entities to take steps to reduce emissions of climate-affecting gases,1989-10-23,,True,html,https://www.nj.gov/infobank/circular/eok219.htm
NJ-BYRNE-EO-11,NJ,Byrne,11,declaration,"Further defines the limitations of inspection for public payroll, personnel and pension records.",1974-11-15,,False,html,https://www.nj.gov/infobank/circular/eob11.shtml
NJ-BYRNE-EO-34,NJ,Byrne,34,declaration,"Provides the grounds and procedures applicable to the debarment, suspension and disqualification of State vendors, to encompass appropriate standards prohibiting conflicts of interest on the part of present and prospective State vendors.",1976-03-17,,False,html,https://www.nj.gov/infobank/circular/eob34.htm
NJ-BYRNE-EO-61,NJ,Byrne,61,declaration,Further defines the Statewide Equal Employment Opportunity and Affirmative Program,1977-10-12,,False,html,https://www.nj.gov/infobank/circular/eob61.htm
NJ-BYRNE-EO-79,NJ,Byrne,79,declaration,"Requires an annual review of records which have been excluded from public examination, no longer will impair law enforcement or security operations, and can be made available for public examination.",1979-10-01,,False,html,https://www.nj.gov/infobank/circular/eob79.shtml
NJ-HUGHES-EO-9,NJ,Hughes,9,declaration,Defines public records subject to inspection and examination.,1963-09-30,,False,html,https://www.nj.gov/infobank/circular/eoh9.shtml
NJ-HUGHES-EO-21,NJ,Hughes,21,declaration,Adopts Governor's Code of Fair Practices,1965-06-25,,False,html,https://www.nj.gov/infobank/circular/eoh21.htm
NJ-HUGHES-EO-31,NJ,Hughes,31,declaration,Order and direct no advertisements in State pay envelopes or official communications without permission of the Director of the Budget,1966-12-21,,False,html,https://www.nj.gov/infobank/circular/eoh31.htm
NJ-HUGHES-EO-32,NJ,Hughes,32,declaration,Establishes within the Department of the Treasury an Accident Review Board,1966-12-23,,False,html,https://www.nj.gov/infobank/circular/eoh32.htm
NJ-HUGHES-EO-48,NJ,Hughes,48,declaration,Further defines limitations for inspection and examination of investigative files.,1968-12-18,,False,html,https://www.nj.gov/infobank/circular/eoh48.shtml
