declaration_id,eo_number,governor,event_description,date_signed,archive_record_url,EVENT_ID,EPISODE_ID,BEGIN_DATE_TIME,END_DATE_TIME,CZ_TYPE,area_type,CZ_FIPS,CZ_NAME,EVENT_TYPE,MAGNITUDE,MAGNITUDE_TYPE,DEATHS_DIRECT,INJURIES_DIRECT,DAMAGE_PROPERTY,DAMAGE_CROPS,SOURCE,EPISODE_NARRATIVE,EVENT_NARRATIVE
ND-EO-2017-14,2017-14,Burgum,Declares Summer Storm Disaster for Three Counties,2017-08-17,https://www.governor.nd.gov/executive-orders/executive-order-archive,716070,119258,2017-08-17 20:11:00,2017-08-17 20:14:00,C,county/county-equivalent,23,DIVIDE,Hail,1.5,,0,0,10.00K,0.00K,Public,"A short wave trough moved into an area of enhanced moisture and strong deep layer shear. Some thunderstorms became severe over northwest North Dakota, with up to ping pong ball size hail reported.",Damage occurred to vehicles.
ND-EO-2019-09,2019-09,Burgum,Activates State Emergency Operations Plan for Severe Snowstorm,2019-10-11,https://www.governor.nd.gov/executive-orders/executive-order-archive,860417,142438,2019-10-09 21:00:00,2019-10-10 12:00:00,Z,NWS forecast zone,44,ADAMS,Heavy Snow,,,0,0,0.00K,0.00K,Public,"A very early season winter storm struck North Dakota bringing record snow amounts to portions of the James River Valley and central North Dakota. Initially, snow spread across North Dakota as a cold front and affiliated upper level trough moved through the state. Shortly thereafter, an upper level low that ejected out of the Rockies moved into far western Minnesota and stalled, bringing a prolonged period of heavy snow and blizzard conditions to much of central and eastern North Dakota. Locations with the heaviest snowfall were over the upper James River Valley into the Devils Lake Basin, where up to 30 inches of snow fell. This storm had severe agricultural impacts both during the event and during the subsequent melt as many crops were still in the fields and cattle were out in pastures. The western part of the state was impacted to a much lesser degree. The antecedent ground conditions from the record wet fall of 2019, and the snow melt water from this storm, resulted in damages that as of the writing of this report were not available to the National Weather Service. See other sources for that information.",Locations north of Lemmon received eight inches of snow.
ND-EO-2019-09,2019-09,Burgum,Activates State Emergency Operations Plan for Severe Snowstorm,2019-10-11,https://www.governor.nd.gov/executive-orders/executive-order-archive,859602,143306,2019-10-10 12:00:00,2019-10-11 09:40:00,Z,NWS forecast zone,38,BARNES,Winter Storm,,,0,0,,,COOP Observer,"By the early afternoon of Thursday, October 10th, surface low pressure was located near Wadena, Minnesota. A stationary boundary extended northward from the low, up toward Baudette, Minnesota. As a result, there were wide temperature differences across the area, with low 50s along the stationary boundary to the lower 30s from Devils Lake to Jamestown. Steady snow fell west of the Red River Valley, while rain or mixed precipitation fell along and east of the Red River Valley. As the low slowly moved toward north central Minnesota by Friday morning, winds turned to the northwest along and west of the Red River Valley, and temperatures dropped to around or below 32 degrees. East of the Red River Valley, winds stayed southwest with temperatures holding in the low to mid 30s. Therefore, snow became the predominant precipitation type for all areas except around the Lake of the Woods region, where it remained rain or mixed precipitation. For the rest of Friday into early Saturday, the low actually spun back westward, or back into northwest Minnesota. This kept steady snow over most of the area, but the least from the Lake of the Woods region to Bemidji to Wadena. As far as storm totals (covering from the 10th to the 12th), areas just west of the Red River Valley into the Devils Lake region had the most snow, up to 30 inches in spots. The Forman to Fargo to Grand Forks to Hallock corridor picked up 1 to 2 inches of rainfall before it turned to snow. Because of this initial rain, snow totals were lower, but this corridor still managed to get 4 to 24 inches of snow, with some mixed precipitation as well. This had huge impacts on the area, including tree damage, power outages, river flooding, and basement flooding.",
ND-EO-2019-09,2019-09,Burgum,Activates State Emergency Operations Plan for Severe Snowstorm,2019-10-11,https://www.governor.nd.gov/executive-orders/executive-order-archive,859631,143309,2019-10-11 09:40:00,2019-10-12 12:00:00,Z,NWS forecast zone,38,BARNES,Blizzard,,,0,0,,,Mesonet,"Wind speeds cranked up on the morning of the 11th and continued through the morning of the 12th. Winds gusted up to 60 mph just west of the Red River Valley, from the Devils Lake region down to Valley City. In the immediate Red River Valley, the wind gusts were a little lower, but they were still around the 50 mph range. On top of the heavy snow that just fell, these winds produced whiteout conditions and huge impacts. Interstate 29 was closed from the Canadian border to Fargo, Interstate 94 was closed from Fargo to Bismarck, and U. S. Highway 2 was closed west of Grand Forks. Across the Devils Lake region, some snow drifts were as tall as one story roof tops. Some motorists became stranded, and had to be rescued. The agricultural impacts were also devastating. Combined with the recent wet conditions (including the 1 to 2 inches of rain from this winter storm), the snow and cold temperatures made it difficult to impossible for farmers to finish their sugar beet and potato harvest.",
ND-EO-2019-09,2019-09,Burgum,Activates State Emergency Operations Plan for Severe Snowstorm,2019-10-11,https://www.governor.nd.gov/executive-orders/executive-order-archive,859592,143306,2019-10-10 12:00:00,2019-10-11 09:00:00,Z,NWS forecast zone,14,BENSON,Winter Storm,,,0,0,,,COOP Observer,"By the early afternoon of Thursday, October 10th, surface low pressure was located near Wadena, Minnesota. A stationary boundary extended northward from the low, up toward Baudette, Minnesota. As a result, there were wide temperature differences across the area, with low 50s along the stationary boundary to the lower 30s from Devils Lake to Jamestown. Steady snow fell west of the Red River Valley, while rain or mixed precipitation fell along and east of the Red River Valley. As the low slowly moved toward north central Minnesota by Friday morning, winds turned to the northwest along and west of the Red River Valley, and temperatures dropped to around or below 32 degrees. East of the Red River Valley, winds stayed southwest with temperatures holding in the low to mid 30s. Therefore, snow became the predominant precipitation type for all areas except around the Lake of the Woods region, where it remained rain or mixed precipitation. For the rest of Friday into early Saturday, the low actually spun back westward, or back into northwest Minnesota. This kept steady snow over most of the area, but the least from the Lake of the Woods region to Bemidji to Wadena. As far as storm totals (covering from the 10th to the 12th), areas just west of the Red River Valley into the Devils Lake region had the most snow, up to 30 inches in spots. The Forman to Fargo to Grand Forks to Hallock corridor picked up 1 to 2 inches of rainfall before it turned to snow. Because of this initial rain, snow totals were lower, but this corridor still managed to get 4 to 24 inches of snow, with some mixed precipitation as well. This had huge impacts on the area, including tree damage, power outages, river flooding, and basement flooding.",
ND-EO-2019-09,2019-09,Burgum,Activates State Emergency Operations Plan for Severe Snowstorm,2019-10-11,https://www.governor.nd.gov/executive-orders/executive-order-archive,859621,143309,2019-10-11 09:00:00,2019-10-12 12:00:00,Z,NWS forecast zone,14,BENSON,Blizzard,,,0,0,,,Mesonet,"Wind speeds cranked up on the morning of the 11th and continued through the morning of the 12th. Winds gusted up to 60 mph just west of the Red River Valley, from the Devils Lake region down to Valley City. In the immediate Red River Valley, the wind gusts were a little lower, but they were still around the 50 mph range. On top of the heavy snow that just fell, these winds produced whiteout conditions and huge impacts. Interstate 29 was closed from the Canadian border to Fargo, Interstate 94 was closed from Fargo to Bismarck, and U. S. Highway 2 was closed west of Grand Forks. Across the Devils Lake region, some snow drifts were as tall as one story roof tops. Some motorists became stranded, and had to be rescued. The agricultural impacts were also devastating. Combined with the recent wet conditions (including the 1 to 2 inches of rain from this winter storm), the snow and cold temperatures made it difficult to impossible for farmers to finish their sugar beet and potato harvest.",
ND-EO-2019-09,2019-09,Burgum,Activates State Emergency Operations Plan for Severe Snowstorm,2019-10-11,https://www.governor.nd.gov/executive-orders/executive-order-archive,860429,142438,2019-10-09 21:00:00,2019-10-10 12:00:00,Z,NWS forecast zone,32,BILLINGS,Heavy Snow,,,0,0,0.00K,0.00K,COOP Observer,"A very early season winter storm struck North Dakota bringing record snow amounts to portions of the James River Valley and central North Dakota. Initially, snow spread across North Dakota as a cold front and affiliated upper level trough moved through the state. Shortly thereafter, an upper level low that ejected out of the Rockies moved into far western Minnesota and stalled, bringing a prolonged period of heavy snow and blizzard conditions to much of central and eastern North Dakota. Locations with the heaviest snowfall were over the upper James River Valley into the Devils Lake Basin, where up to 30 inches of snow fell. This storm had severe agricultural impacts both during the event and during the subsequent melt as many crops were still in the fields and cattle were out in pastures. The western part of the state was impacted to a much lesser degree. The antecedent ground conditions from the record wet fall of 2019, and the snow melt water from this storm, resulted in damages that as of the writing of this report were not available to the National Weather Service. See other sources for that information.",Eastern Billings County received an estimated six inches of snow.
ND-EO-2019-09,2019-09,Burgum,Activates State Emergency Operations Plan for Severe Snowstorm,2019-10-11,https://www.governor.nd.gov/executive-orders/executive-order-archive,860501,142438,2019-10-10 09:00:00,2019-10-11 09:00:00,Z,NWS forecast zone,4,BOTTINEAU,Heavy Snow,,,0,0,0.00K,0.00K,Public,"A very early season winter storm struck North Dakota bringing record snow amounts to portions of the James River Valley and central North Dakota. Initially, snow spread across North Dakota as a cold front and affiliated upper level trough moved through the state. Shortly thereafter, an upper level low that ejected out of the Rockies moved into far western Minnesota and stalled, bringing a prolonged period of heavy snow and blizzard conditions to much of central and eastern North Dakota. Locations with the heaviest snowfall were over the upper James River Valley into the Devils Lake Basin, where up to 30 inches of snow fell. This storm had severe agricultural impacts both during the event and during the subsequent melt as many crops were still in the fields and cattle were out in pastures. The western part of the state was impacted to a much lesser degree. The antecedent ground conditions from the record wet fall of 2019, and the snow melt water from this storm, resulted in damages that as of the writing of this report were not available to the National Weather Service. See other sources for that information.",Locations near Carbury received 27 inches of snow.
ND-EO-2019-09,2019-09,Burgum,Activates State Emergency Operations Plan for Severe Snowstorm,2019-10-11,https://www.governor.nd.gov/executive-orders/executive-order-archive,860519,142438,2019-10-11 09:00:00,2019-10-12 14:00:00,Z,NWS forecast zone,4,BOTTINEAU,Blizzard,,,0,0,0.00K,0.00K,AWOS,"A very early season winter storm struck North Dakota bringing record snow amounts to portions of the James River Valley and central North Dakota. Initially, snow spread across North Dakota as a cold front and affiliated upper level trough moved through the state. Shortly thereafter, an upper level low that ejected out of the Rockies moved into far western Minnesota and stalled, bringing a prolonged period of heavy snow and blizzard conditions to much of central and eastern North Dakota. Locations with the heaviest snowfall were over the upper James River Valley into the Devils Lake Basin, where up to 30 inches of snow fell. This storm had severe agricultural impacts both during the event and during the subsequent melt as many crops were still in the fields and cattle were out in pastures. The western part of the state was impacted to a much lesser degree. The antecedent ground conditions from the record wet fall of 2019, and the snow melt water from this storm, resulted in damages that as of the writing of this report were not available to the National Weather Service. See other sources for that information.",Ongoing snow and strong winds combined to produce a blizzard.
ND-EO-2019-09,2019-09,Burgum,Activates State Emergency Operations Plan for Severe Snowstorm,2019-10-11,https://www.governor.nd.gov/executive-orders/executive-order-archive,860418,142438,2019-10-09 21:00:00,2019-10-10 12:00:00,Z,NWS forecast zone,43,BOWMAN,Heavy Snow,,,0,0,0.00K,0.00K,Public,"A very early season winter storm struck North Dakota bringing record snow amounts to portions of the James River Valley and central North Dakota. Initially, snow spread across North Dakota as a cold front and affiliated upper level trough moved through the state. Shortly thereafter, an upper level low that ejected out of the Rockies moved into far western Minnesota and stalled, bringing a prolonged period of heavy snow and blizzard conditions to much of central and eastern North Dakota. Locations with the heaviest snowfall were over the upper James River Valley into the Devils Lake Basin, where up to 30 inches of snow fell. This storm had severe agricultural impacts both during the event and during the subsequent melt as many crops were still in the fields and cattle were out in pastures. The western part of the state was impacted to a much lesser degree. The antecedent ground conditions from the record wet fall of 2019, and the snow melt water from this storm, resulted in damages that as of the writing of this report were not available to the National Weather Service. See other sources for that information.",Eastern Bowman County received eight inches of snow.
ND-EO-2019-09,2019-09,Burgum,Activates State Emergency Operations Plan for Severe Snowstorm,2019-10-11,https://www.governor.nd.gov/executive-orders/executive-order-archive,860476,142438,2019-10-10 21:00:00,2019-10-12 12:00:00,Z,NWS forecast zone,35,BURLEIGH,Heavy Snow,,,0,0,0.00K,0.00K,Official NWS Observations,"A very early season winter storm struck North Dakota bringing record snow amounts to portions of the James River Valley and central North Dakota. Initially, snow spread across North Dakota as a cold front and affiliated upper level trough moved through the state. Shortly thereafter, an upper level low that ejected out of the Rockies moved into far western Minnesota and stalled, bringing a prolonged period of heavy snow and blizzard conditions to much of central and eastern North Dakota. Locations with the heaviest snowfall were over the upper James River Valley into the Devils Lake Basin, where up to 30 inches of snow fell. This storm had severe agricultural impacts both during the event and during the subsequent melt as many crops were still in the fields and cattle were out in pastures. The western part of the state was impacted to a much lesser degree. The antecedent ground conditions from the record wet fall of 2019, and the snow melt water from this storm, resulted in damages that as of the writing of this report were not available to the National Weather Service. See other sources for that information.",Bismarck received 17 inches of snow.
ND-EO-2019-09,2019-09,Burgum,Activates State Emergency Operations Plan for Severe Snowstorm,2019-10-11,https://www.governor.nd.gov/executive-orders/executive-order-archive,859604,143306,2019-10-10 18:00:00,2019-10-11 17:56:00,Z,NWS forecast zone,39,CASS,Winter Storm,,,0,0,,,COOP Observer,"By the early afternoon of Thursday, October 10th, surface low pressure was located near Wadena, Minnesota. A stationary boundary extended northward from the low, up toward Baudette, Minnesota. As a result, there were wide temperature differences across the area, with low 50s along the stationary boundary to the lower 30s from Devils Lake to Jamestown. Steady snow fell west of the Red River Valley, while rain or mixed precipitation fell along and east of the Red River Valley. As the low slowly moved toward north central Minnesota by Friday morning, winds turned to the northwest along and west of the Red River Valley, and temperatures dropped to around or below 32 degrees. East of the Red River Valley, winds stayed southwest with temperatures holding in the low to mid 30s. Therefore, snow became the predominant precipitation type for all areas except around the Lake of the Woods region, where it remained rain or mixed precipitation. For the rest of Friday into early Saturday, the low actually spun back westward, or back into northwest Minnesota. This kept steady snow over most of the area, but the least from the Lake of the Woods region to Bemidji to Wadena. As far as storm totals (covering from the 10th to the 12th), areas just west of the Red River Valley into the Devils Lake region had the most snow, up to 30 inches in spots. The Forman to Fargo to Grand Forks to Hallock corridor picked up 1 to 2 inches of rainfall before it turned to snow. Because of this initial rain, snow totals were lower, but this corridor still managed to get 4 to 24 inches of snow, with some mixed precipitation as well. This had huge impacts on the area, including tree damage, power outages, river flooding, and basement flooding.",
ND-EO-2019-09,2019-09,Burgum,Activates State Emergency Operations Plan for Severe Snowstorm,2019-10-11,https://www.governor.nd.gov/executive-orders/executive-order-archive,859635,143309,2019-10-11 17:56:00,2019-10-12 08:25:00,Z,NWS forecast zone,39,CASS,Blizzard,,,0,0,,,Mesonet,"Wind speeds cranked up on the morning of the 11th and continued through the morning of the 12th. Winds gusted up to 60 mph just west of the Red River Valley, from the Devils Lake region down to Valley City. In the immediate Red River Valley, the wind gusts were a little lower, but they were still around the 50 mph range. On top of the heavy snow that just fell, these winds produced whiteout conditions and huge impacts. Interstate 29 was closed from the Canadian border to Fargo, Interstate 94 was closed from Fargo to Bismarck, and U. S. Highway 2 was closed west of Grand Forks. Across the Devils Lake region, some snow drifts were as tall as one story roof tops. Some motorists became stranded, and had to be rescued. The agricultural impacts were also devastating. Combined with the recent wet conditions (including the 1 to 2 inches of rain from this winter storm), the snow and cold temperatures made it difficult to impossible for farmers to finish their sugar beet and potato harvest.",
ND-EO-2019-09,2019-09,Burgum,Activates State Emergency Operations Plan for Severe Snowstorm,2019-10-11,https://www.governor.nd.gov/executive-orders/executive-order-archive,859591,143306,2019-10-10 12:00:00,2019-10-11 09:00:00,Z,NWS forecast zone,7,CAVALIER,Winter Storm,,,0,0,,,COOP Observer,"By the early afternoon of Thursday, October 10th, surface low pressure was located near Wadena, Minnesota. A stationary boundary extended northward from the low, up toward Baudette, Minnesota. As a result, there were wide temperature differences across the area, with low 50s along the stationary boundary to the lower 30s from Devils Lake to Jamestown. Steady snow fell west of the Red River Valley, while rain or mixed precipitation fell along and east of the Red River Valley. As the low slowly moved toward north central Minnesota by Friday morning, winds turned to the northwest along and west of the Red River Valley, and temperatures dropped to around or below 32 degrees. East of the Red River Valley, winds stayed southwest with temperatures holding in the low to mid 30s. Therefore, snow became the predominant precipitation type for all areas except around the Lake of the Woods region, where it remained rain or mixed precipitation. For the rest of Friday into early Saturday, the low actually spun back westward, or back into northwest Minnesota. This kept steady snow over most of the area, but the least from the Lake of the Woods region to Bemidji to Wadena. As far as storm totals (covering from the 10th to the 12th), areas just west of the Red River Valley into the Devils Lake region had the most snow, up to 30 inches in spots. The Forman to Fargo to Grand Forks to Hallock corridor picked up 1 to 2 inches of rainfall before it turned to snow. Because of this initial rain, snow totals were lower, but this corridor still managed to get 4 to 24 inches of snow, with some mixed precipitation as well. This had huge impacts on the area, including tree damage, power outages, river flooding, and basement flooding.",
ND-EO-2019-09,2019-09,Burgum,Activates State Emergency Operations Plan for Severe Snowstorm,2019-10-11,https://www.governor.nd.gov/executive-orders/executive-order-archive,859620,143309,2019-10-11 09:00:00,2019-10-12 12:00:00,Z,NWS forecast zone,7,CAVALIER,Blizzard,,,0,0,,,Mesonet,"Wind speeds cranked up on the morning of the 11th and continued through the morning of the 12th. Winds gusted up to 60 mph just west of the Red River Valley, from the Devils Lake region down to Valley City. In the immediate Red River Valley, the wind gusts were a little lower, but they were still around the 50 mph range. On top of the heavy snow that just fell, these winds produced whiteout conditions and huge impacts. Interstate 29 was closed from the Canadian border to Fargo, Interstate 94 was closed from Fargo to Bismarck, and U. S. Highway 2 was closed west of Grand Forks. Across the Devils Lake region, some snow drifts were as tall as one story roof tops. Some motorists became stranded, and had to be rescued. The agricultural impacts were also devastating. Combined with the recent wet conditions (including the 1 to 2 inches of rain from this winter storm), the snow and cold temperatures made it difficult to impossible for farmers to finish their sugar beet and potato harvest.",
ND-EO-2019-09,2019-09,Burgum,Activates State Emergency Operations Plan for Severe Snowstorm,2019-10-11,https://www.governor.nd.gov/executive-orders/executive-order-archive,860512,142438,2019-10-10 09:00:00,2019-10-11 09:00:00,Z,NWS forecast zone,51,DICKEY,Heavy Snow,,,0,0,0.00K,0.00K,COOP Observer,"A very early season winter storm struck North Dakota bringing record snow amounts to portions of the James River Valley and central North Dakota. Initially, snow spread across North Dakota as a cold front and affiliated upper level trough moved through the state. Shortly thereafter, an upper level low that ejected out of the Rockies moved into far western Minnesota and stalled, bringing a prolonged period of heavy snow and blizzard conditions to much of central and eastern North Dakota. Locations with the heaviest snowfall were over the upper James River Valley into the Devils Lake Basin, where up to 30 inches of snow fell. This storm had severe agricultural impacts both during the event and during the subsequent melt as many crops were still in the fields and cattle were out in pastures. The western part of the state was impacted to a much lesser degree. The antecedent ground conditions from the record wet fall of 2019, and the snow melt water from this storm, resulted in damages that as of the writing of this report were not available to the National Weather Service. See other sources for that information.",Locations near Fullerton received 13 inches of snow.
ND-EO-2019-09,2019-09,Burgum,Activates State Emergency Operations Plan for Severe Snowstorm,2019-10-11,https://www.governor.nd.gov/executive-orders/executive-order-archive,860522,142438,2019-10-11 09:00:00,2019-10-12 14:00:00,Z,NWS forecast zone,51,DICKEY,Blizzard,,,0,0,0.00K,0.00K,AWOS,"A very early season winter storm struck North Dakota bringing record snow amounts to portions of the James River Valley and central North Dakota. Initially, snow spread across North Dakota as a cold front and affiliated upper level trough moved through the state. Shortly thereafter, an upper level low that ejected out of the Rockies moved into far western Minnesota and stalled, bringing a prolonged period of heavy snow and blizzard conditions to much of central and eastern North Dakota. Locations with the heaviest snowfall were over the upper James River Valley into the Devils Lake Basin, where up to 30 inches of snow fell. This storm had severe agricultural impacts both during the event and during the subsequent melt as many crops were still in the fields and cattle were out in pastures. The western part of the state was impacted to a much lesser degree. The antecedent ground conditions from the record wet fall of 2019, and the snow melt water from this storm, resulted in damages that as of the writing of this report were not available to the National Weather Service. See other sources for that information.",Ongoing snow and strong winds combined to produce a blizzard.
ND-EO-2019-09,2019-09,Burgum,Activates State Emergency Operations Plan for Severe Snowstorm,2019-10-11,https://www.governor.nd.gov/executive-orders/executive-order-archive,860428,142438,2019-10-09 21:00:00,2019-10-10 12:00:00,Z,NWS forecast zone,18,DUNN,Heavy Snow,,,0,0,0.00K,0.00K,COOP Observer,"A very early season winter storm struck North Dakota bringing record snow amounts to portions of the James River Valley and central North Dakota. Initially, snow spread across North Dakota as a cold front and affiliated upper level trough moved through the state. Shortly thereafter, an upper level low that ejected out of the Rockies moved into far western Minnesota and stalled, bringing a prolonged period of heavy snow and blizzard conditions to much of central and eastern North Dakota. Locations with the heaviest snowfall were over the upper James River Valley into the Devils Lake Basin, where up to 30 inches of snow fell. This storm had severe agricultural impacts both during the event and during the subsequent melt as many crops were still in the fields and cattle were out in pastures. The western part of the state was impacted to a much lesser degree. The antecedent ground conditions from the record wet fall of 2019, and the snow melt water from this storm, resulted in damages that as of the writing of this report were not available to the National Weather Service. See other sources for that information.",Marshall received six inches of snow.
ND-EO-2019-09,2019-09,Burgum,Activates State Emergency Operations Plan for Severe Snowstorm,2019-10-11,https://www.governor.nd.gov/executive-orders/executive-order-archive,859599,143306,2019-10-10 12:00:00,2019-10-11 09:40:00,Z,NWS forecast zone,16,EASTERN WALSH,Winter Storm,,,0,0,,,COOP Observer,"By the early afternoon of Thursday, October 10th, surface low pressure was located near Wadena, Minnesota. A stationary boundary extended northward from the low, up toward Baudette, Minnesota. As a result, there were wide temperature differences across the area, with low 50s along the stationary boundary to the lower 30s from Devils Lake to Jamestown. Steady snow fell west of the Red River Valley, while rain or mixed precipitation fell along and east of the Red River Valley. As the low slowly moved toward north central Minnesota by Friday morning, winds turned to the northwest along and west of the Red River Valley, and temperatures dropped to around or below 32 degrees. East of the Red River Valley, winds stayed southwest with temperatures holding in the low to mid 30s. Therefore, snow became the predominant precipitation type for all areas except around the Lake of the Woods region, where it remained rain or mixed precipitation. For the rest of Friday into early Saturday, the low actually spun back westward, or back into northwest Minnesota. This kept steady snow over most of the area, but the least from the Lake of the Woods region to Bemidji to Wadena. As far as storm totals (covering from the 10th to the 12th), areas just west of the Red River Valley into the Devils Lake region had the most snow, up to 30 inches in spots. The Forman to Fargo to Grand Forks to Hallock corridor picked up 1 to 2 inches of rainfall before it turned to snow. Because of this initial rain, snow totals were lower, but this corridor still managed to get 4 to 24 inches of snow, with some mixed precipitation as well. This had huge impacts on the area, including tree damage, power outages, river flooding, and basement flooding.",
ND-EO-2019-09,2019-09,Burgum,Activates State Emergency Operations Plan for Severe Snowstorm,2019-10-11,https://www.governor.nd.gov/executive-orders/executive-order-archive,859628,143309,2019-10-11 09:40:00,2019-10-12 08:25:00,Z,NWS forecast zone,16,EASTERN WALSH,Blizzard,,,0,0,,,Mesonet,"Wind speeds cranked up on the morning of the 11th and continued through the morning of the 12th. Winds gusted up to 60 mph just west of the Red River Valley, from the Devils Lake region down to Valley City. In the immediate Red River Valley, the wind gusts were a little lower, but they were still around the 50 mph range. On top of the heavy snow that just fell, these winds produced whiteout conditions and huge impacts. Interstate 29 was closed from the Canadian border to Fargo, Interstate 94 was closed from Fargo to Bismarck, and U. S. Highway 2 was closed west of Grand Forks. Across the Devils Lake region, some snow drifts were as tall as one story roof tops. Some motorists became stranded, and had to be rescued. The agricultural impacts were also devastating. Combined with the recent wet conditions (including the 1 to 2 inches of rain from this winter storm), the snow and cold temperatures made it difficult to impossible for farmers to finish their sugar beet and potato harvest.",
ND-EO-2019-09,2019-09,Burgum,Activates State Emergency Operations Plan for Severe Snowstorm,2019-10-11,https://www.governor.nd.gov/executive-orders/executive-order-archive,859595,143306,2019-10-10 12:00:00,2019-10-11 09:00:00,Z,NWS forecast zone,24,EDDY,Winter Storm,,,0,0,,,COOP Observer,"By the early afternoon of Thursday, October 10th, surface low pressure was located near Wadena, Minnesota. A stationary boundary extended northward from the low, up toward Baudette, Minnesota. As a result, there were wide temperature differences across the area, with low 50s along the stationary boundary to the lower 30s from Devils Lake to Jamestown. Steady snow fell west of the Red River Valley, while rain or mixed precipitation fell along and east of the Red River Valley. As the low slowly moved toward north central Minnesota by Friday morning, winds turned to the northwest along and west of the Red River Valley, and temperatures dropped to around or below 32 degrees. East of the Red River Valley, winds stayed southwest with temperatures holding in the low to mid 30s. Therefore, snow became the predominant precipitation type for all areas except around the Lake of the Woods region, where it remained rain or mixed precipitation. For the rest of Friday into early Saturday, the low actually spun back westward, or back into northwest Minnesota. This kept steady snow over most of the area, but the least from the Lake of the Woods region to Bemidji to Wadena. As far as storm totals (covering from the 10th to the 12th), areas just west of the Red River Valley into the Devils Lake region had the most snow, up to 30 inches in spots. The Forman to Fargo to Grand Forks to Hallock corridor picked up 1 to 2 inches of rainfall before it turned to snow. Because of this initial rain, snow totals were lower, but this corridor still managed to get 4 to 24 inches of snow, with some mixed precipitation as well. This had huge impacts on the area, including tree damage, power outages, river flooding, and basement flooding.",
ND-EO-2019-09,2019-09,Burgum,Activates State Emergency Operations Plan for Severe Snowstorm,2019-10-11,https://www.governor.nd.gov/executive-orders/executive-order-archive,859624,143309,2019-10-11 09:00:00,2019-10-12 12:00:00,Z,NWS forecast zone,24,EDDY,Blizzard,,,0,0,,,Mesonet,"Wind speeds cranked up on the morning of the 11th and continued through the morning of the 12th. Winds gusted up to 60 mph just west of the Red River Valley, from the Devils Lake region down to Valley City. In the immediate Red River Valley, the wind gusts were a little lower, but they were still around the 50 mph range. On top of the heavy snow that just fell, these winds produced whiteout conditions and huge impacts. Interstate 29 was closed from the Canadian border to Fargo, Interstate 94 was closed from Fargo to Bismarck, and U. S. Highway 2 was closed west of Grand Forks. Across the Devils Lake region, some snow drifts were as tall as one story roof tops. Some motorists became stranded, and had to be rescued. The agricultural impacts were also devastating. Combined with the recent wet conditions (including the 1 to 2 inches of rain from this winter storm), the snow and cold temperatures made it difficult to impossible for farmers to finish their sugar beet and potato harvest.",
ND-EO-2019-09,2019-09,Burgum,Activates State Emergency Operations Plan for Severe Snowstorm,2019-10-11,https://www.governor.nd.gov/executive-orders/executive-order-archive,860479,142438,2019-10-10 21:00:00,2019-10-12 12:00:00,Z,NWS forecast zone,46,EMMONS,Heavy Snow,,,0,0,0.00K,0.00K,Official NWS Observations,"A very early season winter storm struck North Dakota bringing record snow amounts to portions of the James River Valley and central North Dakota. Initially, snow spread across North Dakota as a cold front and affiliated upper level trough moved through the state. Shortly thereafter, an upper level low that ejected out of the Rockies moved into far western Minnesota and stalled, bringing a prolonged period of heavy snow and blizzard conditions to much of central and eastern North Dakota. Locations with the heaviest snowfall were over the upper James River Valley into the Devils Lake Basin, where up to 30 inches of snow fell. This storm had severe agricultural impacts both during the event and during the subsequent melt as many crops were still in the fields and cattle were out in pastures. The western part of the state was impacted to a much lesser degree. The antecedent ground conditions from the record wet fall of 2019, and the snow melt water from this storm, resulted in damages that as of the writing of this report were not available to the National Weather Service. See other sources for that information.",Locations near Hazelton received 12 inches of snow.
ND-EO-2019-09,2019-09,Burgum,Activates State Emergency Operations Plan for Severe Snowstorm,2019-10-11,https://www.governor.nd.gov/executive-orders/executive-order-archive,860508,142438,2019-10-10 09:00:00,2019-10-11 09:00:00,Z,NWS forecast zone,25,FOSTER,Heavy Snow,,,0,0,0.00K,0.00K,COOP Observer,"A very early season winter storm struck North Dakota bringing record snow amounts to portions of the James River Valley and central North Dakota. Initially, snow spread across North Dakota as a cold front and affiliated upper level trough moved through the state. Shortly thereafter, an upper level low that ejected out of the Rockies moved into far western Minnesota and stalled, bringing a prolonged period of heavy snow and blizzard conditions to much of central and eastern North Dakota. Locations with the heaviest snowfall were over the upper James River Valley into the Devils Lake Basin, where up to 30 inches of snow fell. This storm had severe agricultural impacts both during the event and during the subsequent melt as many crops were still in the fields and cattle were out in pastures. The western part of the state was impacted to a much lesser degree. The antecedent ground conditions from the record wet fall of 2019, and the snow melt water from this storm, resulted in damages that as of the writing of this report were not available to the National Weather Service. See other sources for that information.",Locations near Carrington received 27 inches of snow.
ND-EO-2019-09,2019-09,Burgum,Activates State Emergency Operations Plan for Severe Snowstorm,2019-10-11,https://www.governor.nd.gov/executive-orders/executive-order-archive,860516,142438,2019-10-11 09:00:00,2019-10-12 14:00:00,Z,NWS forecast zone,25,FOSTER,Blizzard,,,0,0,0.00K,0.00K,AWOS,"A very early season winter storm struck North Dakota bringing record snow amounts to portions of the James River Valley and central North Dakota. Initially, snow spread across North Dakota as a cold front and affiliated upper level trough moved through the state. Shortly thereafter, an upper level low that ejected out of the Rockies moved into far western Minnesota and stalled, bringing a prolonged period of heavy snow and blizzard conditions to much of central and eastern North Dakota. Locations with the heaviest snowfall were over the upper James River Valley into the Devils Lake Basin, where up to 30 inches of snow fell. This storm had severe agricultural impacts both during the event and during the subsequent melt as many crops were still in the fields and cattle were out in pastures. The western part of the state was impacted to a much lesser degree. The antecedent ground conditions from the record wet fall of 2019, and the snow melt water from this storm, resulted in damages that as of the writing of this report were not available to the National Weather Service. See other sources for that information.",Ongoing snow and strong winds combined to produce a blizzard.
ND-EO-2019-09,2019-09,Burgum,Activates State Emergency Operations Plan for Severe Snowstorm,2019-10-11,https://www.governor.nd.gov/executive-orders/executive-order-archive,859600,143306,2019-10-10 12:00:00,2019-10-11 09:40:00,Z,NWS forecast zone,27,GRAND FORKS,Winter Storm,,,0,0,,,COOP Observer,"By the early afternoon of Thursday, October 10th, surface low pressure was located near Wadena, Minnesota. A stationary boundary extended northward from the low, up toward Baudette, Minnesota. As a result, there were wide temperature differences across the area, with low 50s along the stationary boundary to the lower 30s from Devils Lake to Jamestown. Steady snow fell west of the Red River Valley, while rain or mixed precipitation fell along and east of the Red River Valley. As the low slowly moved toward north central Minnesota by Friday morning, winds turned to the northwest along and west of the Red River Valley, and temperatures dropped to around or below 32 degrees. East of the Red River Valley, winds stayed southwest with temperatures holding in the low to mid 30s. Therefore, snow became the predominant precipitation type for all areas except around the Lake of the Woods region, where it remained rain or mixed precipitation. For the rest of Friday into early Saturday, the low actually spun back westward, or back into northwest Minnesota. This kept steady snow over most of the area, but the least from the Lake of the Woods region to Bemidji to Wadena. As far as storm totals (covering from the 10th to the 12th), areas just west of the Red River Valley into the Devils Lake region had the most snow, up to 30 inches in spots. The Forman to Fargo to Grand Forks to Hallock corridor picked up 1 to 2 inches of rainfall before it turned to snow. Because of this initial rain, snow totals were lower, but this corridor still managed to get 4 to 24 inches of snow, with some mixed precipitation as well. This had huge impacts on the area, including tree damage, power outages, river flooding, and basement flooding.",
ND-EO-2019-09,2019-09,Burgum,Activates State Emergency Operations Plan for Severe Snowstorm,2019-10-11,https://www.governor.nd.gov/executive-orders/executive-order-archive,859629,143309,2019-10-11 09:40:00,2019-10-12 08:25:00,Z,NWS forecast zone,27,GRAND FORKS,Blizzard,,,0,0,,,Mesonet,"Wind speeds cranked up on the morning of the 11th and continued through the morning of the 12th. Winds gusted up to 60 mph just west of the Red River Valley, from the Devils Lake region down to Valley City. In the immediate Red River Valley, the wind gusts were a little lower, but they were still around the 50 mph range. On top of the heavy snow that just fell, these winds produced whiteout conditions and huge impacts. Interstate 29 was closed from the Canadian border to Fargo, Interstate 94 was closed from Fargo to Bismarck, and U. S. Highway 2 was closed west of Grand Forks. Across the Devils Lake region, some snow drifts were as tall as one story roof tops. Some motorists became stranded, and had to be rescued. The agricultural impacts were also devastating. Combined with the recent wet conditions (including the 1 to 2 inches of rain from this winter storm), the snow and cold temperatures made it difficult to impossible for farmers to finish their sugar beet and potato harvest.",
ND-EO-2019-09,2019-09,Burgum,Activates State Emergency Operations Plan for Severe Snowstorm,2019-10-11,https://www.governor.nd.gov/executive-orders/executive-order-archive,860424,142438,2019-10-09 21:00:00,2019-10-10 12:00:00,Z,NWS forecast zone,42,GRANT,Heavy Snow,,,0,0,0.00K,0.00K,Public,"A very early season winter storm struck North Dakota bringing record snow amounts to portions of the James River Valley and central North Dakota. Initially, snow spread across North Dakota as a cold front and affiliated upper level trough moved through the state. Shortly thereafter, an upper level low that ejected out of the Rockies moved into far western Minnesota and stalled, bringing a prolonged period of heavy snow and blizzard conditions to much of central and eastern North Dakota. Locations with the heaviest snowfall were over the upper James River Valley into the Devils Lake Basin, where up to 30 inches of snow fell. This storm had severe agricultural impacts both during the event and during the subsequent melt as many crops were still in the fields and cattle were out in pastures. The western part of the state was impacted to a much lesser degree. The antecedent ground conditions from the record wet fall of 2019, and the snow melt water from this storm, resulted in damages that as of the writing of this report were not available to the National Weather Service. See other sources for that information.",Western Grant County received an estimated six inches of snow.
ND-EO-2019-09,2019-09,Burgum,Activates State Emergency Operations Plan for Severe Snowstorm,2019-10-11,https://www.governor.nd.gov/executive-orders/executive-order-archive,859597,143306,2019-10-10 12:00:00,2019-10-11 09:00:00,Z,NWS forecast zone,28,GRIGGS,Winter Storm,,,0,0,,,COOP Observer,"By the early afternoon of Thursday, October 10th, surface low pressure was located near Wadena, Minnesota. A stationary boundary extended northward from the low, up toward Baudette, Minnesota. As a result, there were wide temperature differences across the area, with low 50s along the stationary boundary to the lower 30s from Devils Lake to Jamestown. Steady snow fell west of the Red River Valley, while rain or mixed precipitation fell along and east of the Red River Valley. As the low slowly moved toward north central Minnesota by Friday morning, winds turned to the northwest along and west of the Red River Valley, and temperatures dropped to around or below 32 degrees. East of the Red River Valley, winds stayed southwest with temperatures holding in the low to mid 30s. Therefore, snow became the predominant precipitation type for all areas except around the Lake of the Woods region, where it remained rain or mixed precipitation. For the rest of Friday into early Saturday, the low actually spun back westward, or back into northwest Minnesota. This kept steady snow over most of the area, but the least from the Lake of the Woods region to Bemidji to Wadena. As far as storm totals (covering from the 10th to the 12th), areas just west of the Red River Valley into the Devils Lake region had the most snow, up to 30 inches in spots. The Forman to Fargo to Grand Forks to Hallock corridor picked up 1 to 2 inches of rainfall before it turned to snow. Because of this initial rain, snow totals were lower, but this corridor still managed to get 4 to 24 inches of snow, with some mixed precipitation as well. This had huge impacts on the area, including tree damage, power outages, river flooding, and basement flooding.",
ND-EO-2019-09,2019-09,Burgum,Activates State Emergency Operations Plan for Severe Snowstorm,2019-10-11,https://www.governor.nd.gov/executive-orders/executive-order-archive,859626,143309,2019-10-11 09:00:00,2019-10-12 12:00:00,Z,NWS forecast zone,28,GRIGGS,Blizzard,,,0,0,,,Mesonet,"Wind speeds cranked up on the morning of the 11th and continued through the morning of the 12th. Winds gusted up to 60 mph just west of the Red River Valley, from the Devils Lake region down to Valley City. In the immediate Red River Valley, the wind gusts were a little lower, but they were still around the 50 mph range. On top of the heavy snow that just fell, these winds produced whiteout conditions and huge impacts. Interstate 29 was closed from the Canadian border to Fargo, Interstate 94 was closed from Fargo to Bismarck, and U. S. Highway 2 was closed west of Grand Forks. Across the Devils Lake region, some snow drifts were as tall as one story roof tops. Some motorists became stranded, and had to be rescued. The agricultural impacts were also devastating. Combined with the recent wet conditions (including the 1 to 2 inches of rain from this winter storm), the snow and cold temperatures made it difficult to impossible for farmers to finish their sugar beet and potato harvest.",
ND-EO-2019-09,2019-09,Burgum,Activates State Emergency Operations Plan for Severe Snowstorm,2019-10-11,https://www.governor.nd.gov/executive-orders/executive-order-archive,860421,142438,2019-10-09 21:00:00,2019-10-10 12:00:00,Z,NWS forecast zone,41,HETTINGER,Heavy Snow,,,0,0,0.00K,0.00K,Public,"A very early season winter storm struck North Dakota bringing record snow amounts to portions of the James River Valley and central North Dakota. Initially, snow spread across North Dakota as a cold front and affiliated upper level trough moved through the state. Shortly thereafter, an upper level low that ejected out of the Rockies moved into far western Minnesota and stalled, bringing a prolonged period of heavy snow and blizzard conditions to much of central and eastern North Dakota. Locations with the heaviest snowfall were over the upper James River Valley into the Devils Lake Basin, where up to 30 inches of snow fell. This storm had severe agricultural impacts both during the event and during the subsequent melt as many crops were still in the fields and cattle were out in pastures. The western part of the state was impacted to a much lesser degree. The antecedent ground conditions from the record wet fall of 2019, and the snow melt water from this storm, resulted in damages that as of the writing of this report were not available to the National Weather Service. See other sources for that information.",Mott received six inches of snow.
ND-EO-2019-09,2019-09,Burgum,Activates State Emergency Operations Plan for Severe Snowstorm,2019-10-11,https://www.governor.nd.gov/executive-orders/executive-order-archive,860484,142438,2019-10-10 21:00:00,2019-10-12 12:00:00,Z,NWS forecast zone,36,KIDDER,Heavy Snow,,,0,0,0.00K,0.00K,COOP Observer,"A very early season winter storm struck North Dakota bringing record snow amounts to portions of the James River Valley and central North Dakota. Initially, snow spread across North Dakota as a cold front and affiliated upper level trough moved through the state. Shortly thereafter, an upper level low that ejected out of the Rockies moved into far western Minnesota and stalled, bringing a prolonged period of heavy snow and blizzard conditions to much of central and eastern North Dakota. Locations with the heaviest snowfall were over the upper James River Valley into the Devils Lake Basin, where up to 30 inches of snow fell. This storm had severe agricultural impacts both during the event and during the subsequent melt as many crops were still in the fields and cattle were out in pastures. The western part of the state was impacted to a much lesser degree. The antecedent ground conditions from the record wet fall of 2019, and the snow melt water from this storm, resulted in damages that as of the writing of this report were not available to the National Weather Service. See other sources for that information.",Steele received nine inches of snow.
ND-EO-2019-09,2019-09,Burgum,Activates State Emergency Operations Plan for Severe Snowstorm,2019-10-11,https://www.governor.nd.gov/executive-orders/executive-order-archive,860511,142438,2019-10-10 09:00:00,2019-10-11 09:00:00,Z,NWS forecast zone,48,LA MOURE,Heavy Snow,,,0,0,0.00K,0.00K,COOP Observer,"A very early season winter storm struck North Dakota bringing record snow amounts to portions of the James River Valley and central North Dakota. Initially, snow spread across North Dakota as a cold front and affiliated upper level trough moved through the state. Shortly thereafter, an upper level low that ejected out of the Rockies moved into far western Minnesota and stalled, bringing a prolonged period of heavy snow and blizzard conditions to much of central and eastern North Dakota. Locations with the heaviest snowfall were over the upper James River Valley into the Devils Lake Basin, where up to 30 inches of snow fell. This storm had severe agricultural impacts both during the event and during the subsequent melt as many crops were still in the fields and cattle were out in pastures. The western part of the state was impacted to a much lesser degree. The antecedent ground conditions from the record wet fall of 2019, and the snow melt water from this storm, resulted in damages that as of the writing of this report were not available to the National Weather Service. See other sources for that information.",Locations near Edgeley received 16 inches of snow.
ND-EO-2019-09,2019-09,Burgum,Activates State Emergency Operations Plan for Severe Snowstorm,2019-10-11,https://www.governor.nd.gov/executive-orders/executive-order-archive,860523,142438,2019-10-11 09:00:00,2019-10-12 14:00:00,Z,NWS forecast zone,48,LA MOURE,Blizzard,,,0,0,0.00K,0.00K,AWOS,"A very early season winter storm struck North Dakota bringing record snow amounts to portions of the James River Valley and central North Dakota. Initially, snow spread across North Dakota as a cold front and affiliated upper level trough moved through the state. Shortly thereafter, an upper level low that ejected out of the Rockies moved into far western Minnesota and stalled, bringing a prolonged period of heavy snow and blizzard conditions to much of central and eastern North Dakota. Locations with the heaviest snowfall were over the upper James River Valley into the Devils Lake Basin, where up to 30 inches of snow fell. This storm had severe agricultural impacts both during the event and during the subsequent melt as many crops were still in the fields and cattle were out in pastures. The western part of the state was impacted to a much lesser degree. The antecedent ground conditions from the record wet fall of 2019, and the snow melt water from this storm, resulted in damages that as of the writing of this report were not available to the National Weather Service. See other sources for that information.",Ongoing snow and strong winds combined to produce a blizzard.
ND-EO-2019-09,2019-09,Burgum,Activates State Emergency Operations Plan for Severe Snowstorm,2019-10-11,https://www.governor.nd.gov/executive-orders/executive-order-archive,860482,142438,2019-10-10 21:00:00,2019-10-12 12:00:00,Z,NWS forecast zone,47,LOGAN,Heavy Snow,,,0,0,0.00K,0.00K,COOP Observer,"A very early season winter storm struck North Dakota bringing record snow amounts to portions of the James River Valley and central North Dakota. Initially, snow spread across North Dakota as a cold front and affiliated upper level trough moved through the state. Shortly thereafter, an upper level low that ejected out of the Rockies moved into far western Minnesota and stalled, bringing a prolonged period of heavy snow and blizzard conditions to much of central and eastern North Dakota. Locations with the heaviest snowfall were over the upper James River Valley into the Devils Lake Basin, where up to 30 inches of snow fell. This storm had severe agricultural impacts both during the event and during the subsequent melt as many crops were still in the fields and cattle were out in pastures. The western part of the state was impacted to a much lesser degree. The antecedent ground conditions from the record wet fall of 2019, and the snow melt water from this storm, resulted in damages that as of the writing of this report were not available to the National Weather Service. See other sources for that information.",Napoleon received 18 inches of snow.
ND-EO-2019-09,2019-09,Burgum,Activates State Emergency Operations Plan for Severe Snowstorm,2019-10-11,https://www.governor.nd.gov/executive-orders/executive-order-archive,860502,142438,2019-10-10 09:00:00,2019-10-11 09:00:00,Z,NWS forecast zone,12,MCHENRY,Heavy Snow,,,0,0,0.00K,0.00K,Public,"A very early season winter storm struck North Dakota bringing record snow amounts to portions of the James River Valley and central North Dakota. Initially, snow spread across North Dakota as a cold front and affiliated upper level trough moved through the state. Shortly thereafter, an upper level low that ejected out of the Rockies moved into far western Minnesota and stalled, bringing a prolonged period of heavy snow and blizzard conditions to much of central and eastern North Dakota. Locations with the heaviest snowfall were over the upper James River Valley into the Devils Lake Basin, where up to 30 inches of snow fell. This storm had severe agricultural impacts both during the event and during the subsequent melt as many crops were still in the fields and cattle were out in pastures. The western part of the state was impacted to a much lesser degree. The antecedent ground conditions from the record wet fall of 2019, and the snow melt water from this storm, resulted in damages that as of the writing of this report were not available to the National Weather Service. See other sources for that information.",Locations near Ruso received 24 inches of snow.
ND-EO-2019-09,2019-09,Burgum,Activates State Emergency Operations Plan for Severe Snowstorm,2019-10-11,https://www.governor.nd.gov/executive-orders/executive-order-archive,860520,142438,2019-10-11 09:00:00,2019-10-12 14:00:00,Z,NWS forecast zone,12,MCHENRY,Blizzard,,,0,0,0.00K,0.00K,AWOS,"A very early season winter storm struck North Dakota bringing record snow amounts to portions of the James River Valley and central North Dakota. Initially, snow spread across North Dakota as a cold front and affiliated upper level trough moved through the state. Shortly thereafter, an upper level low that ejected out of the Rockies moved into far western Minnesota and stalled, bringing a prolonged period of heavy snow and blizzard conditions to much of central and eastern North Dakota. Locations with the heaviest snowfall were over the upper James River Valley into the Devils Lake Basin, where up to 30 inches of snow fell. This storm had severe agricultural impacts both during the event and during the subsequent melt as many crops were still in the fields and cattle were out in pastures. The western part of the state was impacted to a much lesser degree. The antecedent ground conditions from the record wet fall of 2019, and the snow melt water from this storm, resulted in damages that as of the writing of this report were not available to the National Weather Service. See other sources for that information.",Ongoing snow and strong winds combined to produce a blizzard.
ND-EO-2019-09,2019-09,Burgum,Activates State Emergency Operations Plan for Severe Snowstorm,2019-10-11,https://www.governor.nd.gov/executive-orders/executive-order-archive,860483,142438,2019-10-10 21:00:00,2019-10-12 12:00:00,Z,NWS forecast zone,50,MCINTOSH,Heavy Snow,,,0,0,0.00K,0.00K,COOP Observer,"A very early season winter storm struck North Dakota bringing record snow amounts to portions of the James River Valley and central North Dakota. Initially, snow spread across North Dakota as a cold front and affiliated upper level trough moved through the state. Shortly thereafter, an upper level low that ejected out of the Rockies moved into far western Minnesota and stalled, bringing a prolonged period of heavy snow and blizzard conditions to much of central and eastern North Dakota. Locations with the heaviest snowfall were over the upper James River Valley into the Devils Lake Basin, where up to 30 inches of snow fell. This storm had severe agricultural impacts both during the event and during the subsequent melt as many crops were still in the fields and cattle were out in pastures. The western part of the state was impacted to a much lesser degree. The antecedent ground conditions from the record wet fall of 2019, and the snow melt water from this storm, resulted in damages that as of the writing of this report were not available to the National Weather Service. See other sources for that information.",Wishek received 13 inches of snow.
ND-EO-2019-09,2019-09,Burgum,Activates State Emergency Operations Plan for Severe Snowstorm,2019-10-11,https://www.governor.nd.gov/executive-orders/executive-order-archive,860432,142438,2019-10-09 21:00:00,2019-10-10 12:00:00,Z,NWS forecast zone,21,MCLEAN,Heavy Snow,,,0,0,0.00K,0.00K,Broadcast Media,"A very early season winter storm struck North Dakota bringing record snow amounts to portions of the James River Valley and central North Dakota. Initially, snow spread across North Dakota as a cold front and affiliated upper level trough moved through the state. Shortly thereafter, an upper level low that ejected out of the Rockies moved into far western Minnesota and stalled, bringing a prolonged period of heavy snow and blizzard conditions to much of central and eastern North Dakota. Locations with the heaviest snowfall were over the upper James River Valley into the Devils Lake Basin, where up to 30 inches of snow fell. This storm had severe agricultural impacts both during the event and during the subsequent melt as many crops were still in the fields and cattle were out in pastures. The western part of the state was impacted to a much lesser degree. The antecedent ground conditions from the record wet fall of 2019, and the snow melt water from this storm, resulted in damages that as of the writing of this report were not available to the National Weather Service. See other sources for that information.",Western McLean County received an estimated six inches of snow.
ND-EO-2019-09,2019-09,Burgum,Activates State Emergency Operations Plan for Severe Snowstorm,2019-10-11,https://www.governor.nd.gov/executive-orders/executive-order-archive,860480,142438,2019-10-10 21:00:00,2019-10-12 12:00:00,Z,NWS forecast zone,21,MCLEAN,Heavy Snow,,,0,0,0.00K,0.00K,Official NWS Observations,"A very early season winter storm struck North Dakota bringing record snow amounts to portions of the James River Valley and central North Dakota. Initially, snow spread across North Dakota as a cold front and affiliated upper level trough moved through the state. Shortly thereafter, an upper level low that ejected out of the Rockies moved into far western Minnesota and stalled, bringing a prolonged period of heavy snow and blizzard conditions to much of central and eastern North Dakota. Locations with the heaviest snowfall were over the upper James River Valley into the Devils Lake Basin, where up to 30 inches of snow fell. This storm had severe agricultural impacts both during the event and during the subsequent melt as many crops were still in the fields and cattle were out in pastures. The western part of the state was impacted to a much lesser degree. The antecedent ground conditions from the record wet fall of 2019, and the snow melt water from this storm, resulted in damages that as of the writing of this report were not available to the National Weather Service. See other sources for that information.",Southeastern McLean County received an estimated eight inches of snow.
ND-EO-2019-09,2019-09,Burgum,Activates State Emergency Operations Plan for Severe Snowstorm,2019-10-11,https://www.governor.nd.gov/executive-orders/executive-order-archive,860427,142438,2019-10-09 21:00:00,2019-10-10 12:00:00,Z,NWS forecast zone,19,MERCER,Heavy Snow,,,0,0,0.00K,0.00K,Broadcast Media,"A very early season winter storm struck North Dakota bringing record snow amounts to portions of the James River Valley and central North Dakota. Initially, snow spread across North Dakota as a cold front and affiliated upper level trough moved through the state. Shortly thereafter, an upper level low that ejected out of the Rockies moved into far western Minnesota and stalled, bringing a prolonged period of heavy snow and blizzard conditions to much of central and eastern North Dakota. Locations with the heaviest snowfall were over the upper James River Valley into the Devils Lake Basin, where up to 30 inches of snow fell. This storm had severe agricultural impacts both during the event and during the subsequent melt as many crops were still in the fields and cattle were out in pastures. The western part of the state was impacted to a much lesser degree. The antecedent ground conditions from the record wet fall of 2019, and the snow melt water from this storm, resulted in damages that as of the writing of this report were not available to the National Weather Service. See other sources for that information.",Locations north of Zap received six inches of snow.
ND-EO-2019-09,2019-09,Burgum,Activates State Emergency Operations Plan for Severe Snowstorm,2019-10-11,https://www.governor.nd.gov/executive-orders/executive-order-archive,860430,142438,2019-10-09 21:00:00,2019-10-10 12:00:00,Z,NWS forecast zone,34,MORTON,Heavy Snow,,,0,0,0.00K,0.00K,Broadcast Media,"A very early season winter storm struck North Dakota bringing record snow amounts to portions of the James River Valley and central North Dakota. Initially, snow spread across North Dakota as a cold front and affiliated upper level trough moved through the state. Shortly thereafter, an upper level low that ejected out of the Rockies moved into far western Minnesota and stalled, bringing a prolonged period of heavy snow and blizzard conditions to much of central and eastern North Dakota. Locations with the heaviest snowfall were over the upper James River Valley into the Devils Lake Basin, where up to 30 inches of snow fell. This storm had severe agricultural impacts both during the event and during the subsequent melt as many crops were still in the fields and cattle were out in pastures. The western part of the state was impacted to a much lesser degree. The antecedent ground conditions from the record wet fall of 2019, and the snow melt water from this storm, resulted in damages that as of the writing of this report were not available to the National Weather Service. See other sources for that information.",Northwestern Morton County received an estimated six inches of snow.
ND-EO-2019-09,2019-09,Burgum,Activates State Emergency Operations Plan for Severe Snowstorm,2019-10-11,https://www.governor.nd.gov/executive-orders/executive-order-archive,859596,143306,2019-10-10 12:00:00,2019-10-11 09:00:00,Z,NWS forecast zone,26,NELSON,Winter Storm,,,0,0,,,COOP Observer,"By the early afternoon of Thursday, October 10th, surface low pressure was located near Wadena, Minnesota. A stationary boundary extended northward from the low, up toward Baudette, Minnesota. As a result, there were wide temperature differences across the area, with low 50s along the stationary boundary to the lower 30s from Devils Lake to Jamestown. Steady snow fell west of the Red River Valley, while rain or mixed precipitation fell along and east of the Red River Valley. As the low slowly moved toward north central Minnesota by Friday morning, winds turned to the northwest along and west of the Red River Valley, and temperatures dropped to around or below 32 degrees. East of the Red River Valley, winds stayed southwest with temperatures holding in the low to mid 30s. Therefore, snow became the predominant precipitation type for all areas except around the Lake of the Woods region, where it remained rain or mixed precipitation. For the rest of Friday into early Saturday, the low actually spun back westward, or back into northwest Minnesota. This kept steady snow over most of the area, but the least from the Lake of the Woods region to Bemidji to Wadena. As far as storm totals (covering from the 10th to the 12th), areas just west of the Red River Valley into the Devils Lake region had the most snow, up to 30 inches in spots. The Forman to Fargo to Grand Forks to Hallock corridor picked up 1 to 2 inches of rainfall before it turned to snow. Because of this initial rain, snow totals were lower, but this corridor still managed to get 4 to 24 inches of snow, with some mixed precipitation as well. This had huge impacts on the area, including tree damage, power outages, river flooding, and basement flooding.",
ND-EO-2019-09,2019-09,Burgum,Activates State Emergency Operations Plan for Severe Snowstorm,2019-10-11,https://www.governor.nd.gov/executive-orders/executive-order-archive,859625,143309,2019-10-11 09:00:00,2019-10-12 12:00:00,Z,NWS forecast zone,26,NELSON,Blizzard,,,0,0,,,Mesonet,"Wind speeds cranked up on the morning of the 11th and continued through the morning of the 12th. Winds gusted up to 60 mph just west of the Red River Valley, from the Devils Lake region down to Valley City. In the immediate Red River Valley, the wind gusts were a little lower, but they were still around the 50 mph range. On top of the heavy snow that just fell, these winds produced whiteout conditions and huge impacts. Interstate 29 was closed from the Canadian border to Fargo, Interstate 94 was closed from Fargo to Bismarck, and U. S. Highway 2 was closed west of Grand Forks. Across the Devils Lake region, some snow drifts were as tall as one story roof tops. Some motorists became stranded, and had to be rescued. The agricultural impacts were also devastating. Combined with the recent wet conditions (including the 1 to 2 inches of rain from this winter storm), the snow and cold temperatures made it difficult to impossible for farmers to finish their sugar beet and potato harvest.",
ND-EO-2019-09,2019-09,Burgum,Activates State Emergency Operations Plan for Severe Snowstorm,2019-10-11,https://www.governor.nd.gov/executive-orders/executive-order-archive,860431,142438,2019-10-09 21:00:00,2019-10-10 12:00:00,Z,NWS forecast zone,20,OLIVER,Heavy Snow,,,0,0,0.00K,0.00K,Broadcast Media,"A very early season winter storm struck North Dakota bringing record snow amounts to portions of the James River Valley and central North Dakota. Initially, snow spread across North Dakota as a cold front and affiliated upper level trough moved through the state. Shortly thereafter, an upper level low that ejected out of the Rockies moved into far western Minnesota and stalled, bringing a prolonged period of heavy snow and blizzard conditions to much of central and eastern North Dakota. Locations with the heaviest snowfall were over the upper James River Valley into the Devils Lake Basin, where up to 30 inches of snow fell. This storm had severe agricultural impacts both during the event and during the subsequent melt as many crops were still in the fields and cattle were out in pastures. The western part of the state was impacted to a much lesser degree. The antecedent ground conditions from the record wet fall of 2019, and the snow melt water from this storm, resulted in damages that as of the writing of this report were not available to the National Weather Service. See other sources for that information.",Western Oliver County received an estimated six inches of snow.
ND-EO-2019-09,2019-09,Burgum,Activates State Emergency Operations Plan for Severe Snowstorm,2019-10-11,https://www.governor.nd.gov/executive-orders/executive-order-archive,859598,143306,2019-10-10 12:00:00,2019-10-11 09:40:00,Z,NWS forecast zone,8,PEMBINA,Winter Storm,,,0,0,,,COOP Observer,"By the early afternoon of Thursday, October 10th, surface low pressure was located near Wadena, Minnesota. A stationary boundary extended northward from the low, up toward Baudette, Minnesota. As a result, there were wide temperature differences across the area, with low 50s along the stationary boundary to the lower 30s from Devils Lake to Jamestown. Steady snow fell west of the Red River Valley, while rain or mixed precipitation fell along and east of the Red River Valley. As the low slowly moved toward north central Minnesota by Friday morning, winds turned to the northwest along and west of the Red River Valley, and temperatures dropped to around or below 32 degrees. East of the Red River Valley, winds stayed southwest with temperatures holding in the low to mid 30s. Therefore, snow became the predominant precipitation type for all areas except around the Lake of the Woods region, where it remained rain or mixed precipitation. For the rest of Friday into early Saturday, the low actually spun back westward, or back into northwest Minnesota. This kept steady snow over most of the area, but the least from the Lake of the Woods region to Bemidji to Wadena. As far as storm totals (covering from the 10th to the 12th), areas just west of the Red River Valley into the Devils Lake region had the most snow, up to 30 inches in spots. The Forman to Fargo to Grand Forks to Hallock corridor picked up 1 to 2 inches of rainfall before it turned to snow. Because of this initial rain, snow totals were lower, but this corridor still managed to get 4 to 24 inches of snow, with some mixed precipitation as well. This had huge impacts on the area, including tree damage, power outages, river flooding, and basement flooding.",
ND-EO-2019-09,2019-09,Burgum,Activates State Emergency Operations Plan for Severe Snowstorm,2019-10-11,https://www.governor.nd.gov/executive-orders/executive-order-archive,859627,143309,2019-10-11 09:40:00,2019-10-12 08:25:00,Z,NWS forecast zone,8,PEMBINA,Blizzard,,,0,0,,,Mesonet,"Wind speeds cranked up on the morning of the 11th and continued through the morning of the 12th. Winds gusted up to 60 mph just west of the Red River Valley, from the Devils Lake region down to Valley City. In the immediate Red River Valley, the wind gusts were a little lower, but they were still around the 50 mph range. On top of the heavy snow that just fell, these winds produced whiteout conditions and huge impacts. Interstate 29 was closed from the Canadian border to Fargo, Interstate 94 was closed from Fargo to Bismarck, and U. S. Highway 2 was closed west of Grand Forks. Across the Devils Lake region, some snow drifts were as tall as one story roof tops. Some motorists became stranded, and had to be rescued. The agricultural impacts were also devastating. Combined with the recent wet conditions (including the 1 to 2 inches of rain from this winter storm), the snow and cold temperatures made it difficult to impossible for farmers to finish their sugar beet and potato harvest.",
ND-EO-2019-09,2019-09,Burgum,Activates State Emergency Operations Plan for Severe Snowstorm,2019-10-11,https://www.governor.nd.gov/executive-orders/executive-order-archive,860506,142438,2019-10-10 09:00:00,2019-10-11 09:00:00,Z,NWS forecast zone,13,PIERCE,Heavy Snow,,,0,0,0.00K,0.00K,COOP Observer,"A very early season winter storm struck North Dakota bringing record snow amounts to portions of the James River Valley and central North Dakota. Initially, snow spread across North Dakota as a cold front and affiliated upper level trough moved through the state. Shortly thereafter, an upper level low that ejected out of the Rockies moved into far western Minnesota and stalled, bringing a prolonged period of heavy snow and blizzard conditions to much of central and eastern North Dakota. Locations with the heaviest snowfall were over the upper James River Valley into the Devils Lake Basin, where up to 30 inches of snow fell. This storm had severe agricultural impacts both during the event and during the subsequent melt as many crops were still in the fields and cattle were out in pastures. The western part of the state was impacted to a much lesser degree. The antecedent ground conditions from the record wet fall of 2019, and the snow melt water from this storm, resulted in damages that as of the writing of this report were not available to the National Weather Service. See other sources for that information.",Locations near Rugby received 22 inches of snow.
ND-EO-2019-09,2019-09,Burgum,Activates State Emergency Operations Plan for Severe Snowstorm,2019-10-11,https://www.governor.nd.gov/executive-orders/executive-order-archive,860517,142438,2019-10-11 09:00:00,2019-10-12 14:00:00,Z,NWS forecast zone,13,PIERCE,Blizzard,,,0,0,0.00K,0.00K,AWOS,"A very early season winter storm struck North Dakota bringing record snow amounts to portions of the James River Valley and central North Dakota. Initially, snow spread across North Dakota as a cold front and affiliated upper level trough moved through the state. Shortly thereafter, an upper level low that ejected out of the Rockies moved into far western Minnesota and stalled, bringing a prolonged period of heavy snow and blizzard conditions to much of central and eastern North Dakota. Locations with the heaviest snowfall were over the upper James River Valley into the Devils Lake Basin, where up to 30 inches of snow fell. This storm had severe agricultural impacts both during the event and during the subsequent melt as many crops were still in the fields and cattle were out in pastures. The western part of the state was impacted to a much lesser degree. The antecedent ground conditions from the record wet fall of 2019, and the snow melt water from this storm, resulted in damages that as of the writing of this report were not available to the National Weather Service. See other sources for that information.",Ongoing snow and strong winds combined to produce a blizzard.
ND-EO-2019-09,2019-09,Burgum,Activates State Emergency Operations Plan for Severe Snowstorm,2019-10-11,https://www.governor.nd.gov/executive-orders/executive-order-archive,859593,143306,2019-10-10 12:00:00,2019-10-11 09:00:00,Z,NWS forecast zone,15,RAMSEY,Winter Storm,,,0,0,,,COOP Observer,"By the early afternoon of Thursday, October 10th, surface low pressure was located near Wadena, Minnesota. A stationary boundary extended northward from the low, up toward Baudette, Minnesota. As a result, there were wide temperature differences across the area, with low 50s along the stationary boundary to the lower 30s from Devils Lake to Jamestown. Steady snow fell west of the Red River Valley, while rain or mixed precipitation fell along and east of the Red River Valley. As the low slowly moved toward north central Minnesota by Friday morning, winds turned to the northwest along and west of the Red River Valley, and temperatures dropped to around or below 32 degrees. East of the Red River Valley, winds stayed southwest with temperatures holding in the low to mid 30s. Therefore, snow became the predominant precipitation type for all areas except around the Lake of the Woods region, where it remained rain or mixed precipitation. For the rest of Friday into early Saturday, the low actually spun back westward, or back into northwest Minnesota. This kept steady snow over most of the area, but the least from the Lake of the Woods region to Bemidji to Wadena. As far as storm totals (covering from the 10th to the 12th), areas just west of the Red River Valley into the Devils Lake region had the most snow, up to 30 inches in spots. The Forman to Fargo to Grand Forks to Hallock corridor picked up 1 to 2 inches of rainfall before it turned to snow. Because of this initial rain, snow totals were lower, but this corridor still managed to get 4 to 24 inches of snow, with some mixed precipitation as well. This had huge impacts on the area, including tree damage, power outages, river flooding, and basement flooding.",
ND-EO-2019-09,2019-09,Burgum,Activates State Emergency Operations Plan for Severe Snowstorm,2019-10-11,https://www.governor.nd.gov/executive-orders/executive-order-archive,859622,143309,2019-10-11 09:00:00,2019-10-12 12:00:00,Z,NWS forecast zone,15,RAMSEY,Blizzard,,,0,0,,,Mesonet,"Wind speeds cranked up on the morning of the 11th and continued through the morning of the 12th. Winds gusted up to 60 mph just west of the Red River Valley, from the Devils Lake region down to Valley City. In the immediate Red River Valley, the wind gusts were a little lower, but they were still around the 50 mph range. On top of the heavy snow that just fell, these winds produced whiteout conditions and huge impacts. Interstate 29 was closed from the Canadian border to Fargo, Interstate 94 was closed from Fargo to Bismarck, and U. S. Highway 2 was closed west of Grand Forks. Across the Devils Lake region, some snow drifts were as tall as one story roof tops. Some motorists became stranded, and had to be rescued. The agricultural impacts were also devastating. Combined with the recent wet conditions (including the 1 to 2 inches of rain from this winter storm), the snow and cold temperatures made it difficult to impossible for farmers to finish their sugar beet and potato harvest.",
ND-EO-2019-09,2019-09,Burgum,Activates State Emergency Operations Plan for Severe Snowstorm,2019-10-11,https://www.governor.nd.gov/executive-orders/executive-order-archive,859605,143306,2019-10-10 18:00:00,2019-10-11 09:40:00,Z,NWS forecast zone,49,RANSOM,Winter Storm,,,0,0,,,COOP Observer,"By the early afternoon of Thursday, October 10th, surface low pressure was located near Wadena, Minnesota. A stationary boundary extended northward from the low, up toward Baudette, Minnesota. As a result, there were wide temperature differences across the area, with low 50s along the stationary boundary to the lower 30s from Devils Lake to Jamestown. Steady snow fell west of the Red River Valley, while rain or mixed precipitation fell along and east of the Red River Valley. As the low slowly moved toward north central Minnesota by Friday morning, winds turned to the northwest along and west of the Red River Valley, and temperatures dropped to around or below 32 degrees. East of the Red River Valley, winds stayed southwest with temperatures holding in the low to mid 30s. Therefore, snow became the predominant precipitation type for all areas except around the Lake of the Woods region, where it remained rain or mixed precipitation. For the rest of Friday into early Saturday, the low actually spun back westward, or back into northwest Minnesota. This kept steady snow over most of the area, but the least from the Lake of the Woods region to Bemidji to Wadena. As far as storm totals (covering from the 10th to the 12th), areas just west of the Red River Valley into the Devils Lake region had the most snow, up to 30 inches in spots. The Forman to Fargo to Grand Forks to Hallock corridor picked up 1 to 2 inches of rainfall before it turned to snow. Because of this initial rain, snow totals were lower, but this corridor still managed to get 4 to 24 inches of snow, with some mixed precipitation as well. This had huge impacts on the area, including tree damage, power outages, river flooding, and basement flooding.",
ND-EO-2019-09,2019-09,Burgum,Activates State Emergency Operations Plan for Severe Snowstorm,2019-10-11,https://www.governor.nd.gov/executive-orders/executive-order-archive,859632,143309,2019-10-11 09:40:00,2019-10-12 12:00:00,Z,NWS forecast zone,49,RANSOM,Blizzard,,,0,0,,,Mesonet,"Wind speeds cranked up on the morning of the 11th and continued through the morning of the 12th. Winds gusted up to 60 mph just west of the Red River Valley, from the Devils Lake region down to Valley City. In the immediate Red River Valley, the wind gusts were a little lower, but they were still around the 50 mph range. On top of the heavy snow that just fell, these winds produced whiteout conditions and huge impacts. Interstate 29 was closed from the Canadian border to Fargo, Interstate 94 was closed from Fargo to Bismarck, and U. S. Highway 2 was closed west of Grand Forks. Across the Devils Lake region, some snow drifts were as tall as one story roof tops. Some motorists became stranded, and had to be rescued. The agricultural impacts were also devastating. Combined with the recent wet conditions (including the 1 to 2 inches of rain from this winter storm), the snow and cold temperatures made it difficult to impossible for farmers to finish their sugar beet and potato harvest.",
ND-EO-2019-09,2019-09,Burgum,Activates State Emergency Operations Plan for Severe Snowstorm,2019-10-11,https://www.governor.nd.gov/executive-orders/executive-order-archive,859607,143306,2019-10-10 18:00:00,2019-10-12 04:41:00,Z,NWS forecast zone,53,RICHLAND,Winter Storm,,,0,0,,,COOP Observer,"By the early afternoon of Thursday, October 10th, surface low pressure was located near Wadena, Minnesota. A stationary boundary extended northward from the low, up toward Baudette, Minnesota. As a result, there were wide temperature differences across the area, with low 50s along the stationary boundary to the lower 30s from Devils Lake to Jamestown. Steady snow fell west of the Red River Valley, while rain or mixed precipitation fell along and east of the Red River Valley. As the low slowly moved toward north central Minnesota by Friday morning, winds turned to the northwest along and west of the Red River Valley, and temperatures dropped to around or below 32 degrees. East of the Red River Valley, winds stayed southwest with temperatures holding in the low to mid 30s. Therefore, snow became the predominant precipitation type for all areas except around the Lake of the Woods region, where it remained rain or mixed precipitation. For the rest of Friday into early Saturday, the low actually spun back westward, or back into northwest Minnesota. This kept steady snow over most of the area, but the least from the Lake of the Woods region to Bemidji to Wadena. As far as storm totals (covering from the 10th to the 12th), areas just west of the Red River Valley into the Devils Lake region had the most snow, up to 30 inches in spots. The Forman to Fargo to Grand Forks to Hallock corridor picked up 1 to 2 inches of rainfall before it turned to snow. Because of this initial rain, snow totals were lower, but this corridor still managed to get 4 to 24 inches of snow, with some mixed precipitation as well. This had huge impacts on the area, including tree damage, power outages, river flooding, and basement flooding.",
ND-EO-2019-09,2019-09,Burgum,Activates State Emergency Operations Plan for Severe Snowstorm,2019-10-11,https://www.governor.nd.gov/executive-orders/executive-order-archive,860504,142438,2019-10-10 09:00:00,2019-10-11 09:00:00,Z,NWS forecast zone,5,ROLETTE,Heavy Snow,,,0,0,0.00K,0.00K,COOP Observer,"A very early season winter storm struck North Dakota bringing record snow amounts to portions of the James River Valley and central North Dakota. Initially, snow spread across North Dakota as a cold front and affiliated upper level trough moved through the state. Shortly thereafter, an upper level low that ejected out of the Rockies moved into far western Minnesota and stalled, bringing a prolonged period of heavy snow and blizzard conditions to much of central and eastern North Dakota. Locations with the heaviest snowfall were over the upper James River Valley into the Devils Lake Basin, where up to 30 inches of snow fell. This storm had severe agricultural impacts both during the event and during the subsequent melt as many crops were still in the fields and cattle were out in pastures. The western part of the state was impacted to a much lesser degree. The antecedent ground conditions from the record wet fall of 2019, and the snow melt water from this storm, resulted in damages that as of the writing of this report were not available to the National Weather Service. See other sources for that information.",Locations near Rolette received 14 inches of snow.
ND-EO-2019-09,2019-09,Burgum,Activates State Emergency Operations Plan for Severe Snowstorm,2019-10-11,https://www.governor.nd.gov/executive-orders/executive-order-archive,860518,142438,2019-10-11 09:00:00,2019-10-12 14:00:00,Z,NWS forecast zone,5,ROLETTE,Blizzard,,,0,0,0.00K,0.00K,AWOS,"A very early season winter storm struck North Dakota bringing record snow amounts to portions of the James River Valley and central North Dakota. Initially, snow spread across North Dakota as a cold front and affiliated upper level trough moved through the state. Shortly thereafter, an upper level low that ejected out of the Rockies moved into far western Minnesota and stalled, bringing a prolonged period of heavy snow and blizzard conditions to much of central and eastern North Dakota. Locations with the heaviest snowfall were over the upper James River Valley into the Devils Lake Basin, where up to 30 inches of snow fell. This storm had severe agricultural impacts both during the event and during the subsequent melt as many crops were still in the fields and cattle were out in pastures. The western part of the state was impacted to a much lesser degree. The antecedent ground conditions from the record wet fall of 2019, and the snow melt water from this storm, resulted in damages that as of the writing of this report were not available to the National Weather Service. See other sources for that information.",Ongoing snow and strong winds combined to produce a blizzard.
ND-EO-2019-09,2019-09,Burgum,Activates State Emergency Operations Plan for Severe Snowstorm,2019-10-11,https://www.governor.nd.gov/executive-orders/executive-order-archive,859606,143306,2019-10-10 18:00:00,2019-10-11 09:40:00,Z,NWS forecast zone,52,SARGENT,Winter Storm,,,0,0,,,COOP Observer,"By the early afternoon of Thursday, October 10th, surface low pressure was located near Wadena, Minnesota. A stationary boundary extended northward from the low, up toward Baudette, Minnesota. As a result, there were wide temperature differences across the area, with low 50s along the stationary boundary to the lower 30s from Devils Lake to Jamestown. Steady snow fell west of the Red River Valley, while rain or mixed precipitation fell along and east of the Red River Valley. As the low slowly moved toward north central Minnesota by Friday morning, winds turned to the northwest along and west of the Red River Valley, and temperatures dropped to around or below 32 degrees. East of the Red River Valley, winds stayed southwest with temperatures holding in the low to mid 30s. Therefore, snow became the predominant precipitation type for all areas except around the Lake of the Woods region, where it remained rain or mixed precipitation. For the rest of Friday into early Saturday, the low actually spun back westward, or back into northwest Minnesota. This kept steady snow over most of the area, but the least from the Lake of the Woods region to Bemidji to Wadena. As far as storm totals (covering from the 10th to the 12th), areas just west of the Red River Valley into the Devils Lake region had the most snow, up to 30 inches in spots. The Forman to Fargo to Grand Forks to Hallock corridor picked up 1 to 2 inches of rainfall before it turned to snow. Because of this initial rain, snow totals were lower, but this corridor still managed to get 4 to 24 inches of snow, with some mixed precipitation as well. This had huge impacts on the area, including tree damage, power outages, river flooding, and basement flooding.",
ND-EO-2019-09,2019-09,Burgum,Activates State Emergency Operations Plan for Severe Snowstorm,2019-10-11,https://www.governor.nd.gov/executive-orders/executive-order-archive,859633,143309,2019-10-11 09:40:00,2019-10-12 12:00:00,Z,NWS forecast zone,52,SARGENT,Blizzard,,,0,0,,,Mesonet,"Wind speeds cranked up on the morning of the 11th and continued through the morning of the 12th. Winds gusted up to 60 mph just west of the Red River Valley, from the Devils Lake region down to Valley City. In the immediate Red River Valley, the wind gusts were a little lower, but they were still around the 50 mph range. On top of the heavy snow that just fell, these winds produced whiteout conditions and huge impacts. Interstate 29 was closed from the Canadian border to Fargo, Interstate 94 was closed from Fargo to Bismarck, and U. S. Highway 2 was closed west of Grand Forks. Across the Devils Lake region, some snow drifts were as tall as one story roof tops. Some motorists became stranded, and had to be rescued. The agricultural impacts were also devastating. Combined with the recent wet conditions (including the 1 to 2 inches of rain from this winter storm), the snow and cold temperatures made it difficult to impossible for farmers to finish their sugar beet and potato harvest.",
ND-EO-2019-09,2019-09,Burgum,Activates State Emergency Operations Plan for Severe Snowstorm,2019-10-11,https://www.governor.nd.gov/executive-orders/executive-order-archive,860513,142438,2019-10-10 09:00:00,2019-10-11 09:00:00,Z,NWS forecast zone,22,SHERIDAN,Heavy Snow,,,0,0,0.00K,0.00K,Trained Spotter,"A very early season winter storm struck North Dakota bringing record snow amounts to portions of the James River Valley and central North Dakota. Initially, snow spread across North Dakota as a cold front and affiliated upper level trough moved through the state. Shortly thereafter, an upper level low that ejected out of the Rockies moved into far western Minnesota and stalled, bringing a prolonged period of heavy snow and blizzard conditions to much of central and eastern North Dakota. Locations with the heaviest snowfall were over the upper James River Valley into the Devils Lake Basin, where up to 30 inches of snow fell. This storm had severe agricultural impacts both during the event and during the subsequent melt as many crops were still in the fields and cattle were out in pastures. The western part of the state was impacted to a much lesser degree. The antecedent ground conditions from the record wet fall of 2019, and the snow melt water from this storm, resulted in damages that as of the writing of this report were not available to the National Weather Service. See other sources for that information.",McClusky received 14 inches of snow.
ND-EO-2019-09,2019-09,Burgum,Activates State Emergency Operations Plan for Severe Snowstorm,2019-10-11,https://www.governor.nd.gov/executive-orders/executive-order-archive,860521,142438,2019-10-11 09:00:00,2019-10-12 14:00:00,Z,NWS forecast zone,22,SHERIDAN,Blizzard,,,0,0,0.00K,0.00K,AWOS,"A very early season winter storm struck North Dakota bringing record snow amounts to portions of the James River Valley and central North Dakota. Initially, snow spread across North Dakota as a cold front and affiliated upper level trough moved through the state. Shortly thereafter, an upper level low that ejected out of the Rockies moved into far western Minnesota and stalled, bringing a prolonged period of heavy snow and blizzard conditions to much of central and eastern North Dakota. Locations with the heaviest snowfall were over the upper James River Valley into the Devils Lake Basin, where up to 30 inches of snow fell. This storm had severe agricultural impacts both during the event and during the subsequent melt as many crops were still in the fields and cattle were out in pastures. The western part of the state was impacted to a much lesser degree. The antecedent ground conditions from the record wet fall of 2019, and the snow melt water from this storm, resulted in damages that as of the writing of this report were not available to the National Weather Service. See other sources for that information.",Ongoing snow and strong winds combined to produce a blizzard.
ND-EO-2019-09,2019-09,Burgum,Activates State Emergency Operations Plan for Severe Snowstorm,2019-10-11,https://www.governor.nd.gov/executive-orders/executive-order-archive,860425,142438,2019-10-09 21:00:00,2019-10-10 12:00:00,Z,NWS forecast zone,45,SIOUX,Heavy Snow,,,0,0,0.00K,0.00K,Public,"A very early season winter storm struck North Dakota bringing record snow amounts to portions of the James River Valley and central North Dakota. Initially, snow spread across North Dakota as a cold front and affiliated upper level trough moved through the state. Shortly thereafter, an upper level low that ejected out of the Rockies moved into far western Minnesota and stalled, bringing a prolonged period of heavy snow and blizzard conditions to much of central and eastern North Dakota. Locations with the heaviest snowfall were over the upper James River Valley into the Devils Lake Basin, where up to 30 inches of snow fell. This storm had severe agricultural impacts both during the event and during the subsequent melt as many crops were still in the fields and cattle were out in pastures. The western part of the state was impacted to a much lesser degree. The antecedent ground conditions from the record wet fall of 2019, and the snow melt water from this storm, resulted in damages that as of the writing of this report were not available to the National Weather Service. See other sources for that information.",Western Sioux County received an estimated eight inches of snow.
ND-EO-2019-09,2019-09,Burgum,Activates State Emergency Operations Plan for Severe Snowstorm,2019-10-11,https://www.governor.nd.gov/executive-orders/executive-order-archive,860420,142438,2019-10-09 21:00:00,2019-10-10 12:00:00,Z,NWS forecast zone,40,SLOPE,Heavy Snow,,,0,0,0.00K,0.00K,Public,"A very early season winter storm struck North Dakota bringing record snow amounts to portions of the James River Valley and central North Dakota. Initially, snow spread across North Dakota as a cold front and affiliated upper level trough moved through the state. Shortly thereafter, an upper level low that ejected out of the Rockies moved into far western Minnesota and stalled, bringing a prolonged period of heavy snow and blizzard conditions to much of central and eastern North Dakota. Locations with the heaviest snowfall were over the upper James River Valley into the Devils Lake Basin, where up to 30 inches of snow fell. This storm had severe agricultural impacts both during the event and during the subsequent melt as many crops were still in the fields and cattle were out in pastures. The western part of the state was impacted to a much lesser degree. The antecedent ground conditions from the record wet fall of 2019, and the snow melt water from this storm, resulted in damages that as of the writing of this report were not available to the National Weather Service. See other sources for that information.",Eastern Slope County received six inches of snow.
ND-EO-2019-09,2019-09,Burgum,Activates State Emergency Operations Plan for Severe Snowstorm,2019-10-11,https://www.governor.nd.gov/executive-orders/executive-order-archive,860423,142438,2019-10-09 21:00:00,2019-10-10 12:00:00,Z,NWS forecast zone,33,STARK,Heavy Snow,,,0,0,0.00K,0.00K,Public,"A very early season winter storm struck North Dakota bringing record snow amounts to portions of the James River Valley and central North Dakota. Initially, snow spread across North Dakota as a cold front and affiliated upper level trough moved through the state. Shortly thereafter, an upper level low that ejected out of the Rockies moved into far western Minnesota and stalled, bringing a prolonged period of heavy snow and blizzard conditions to much of central and eastern North Dakota. Locations with the heaviest snowfall were over the upper James River Valley into the Devils Lake Basin, where up to 30 inches of snow fell. This storm had severe agricultural impacts both during the event and during the subsequent melt as many crops were still in the fields and cattle were out in pastures. The western part of the state was impacted to a much lesser degree. The antecedent ground conditions from the record wet fall of 2019, and the snow melt water from this storm, resulted in damages that as of the writing of this report were not available to the National Weather Service. See other sources for that information.",Southern Stark County received an estimated six inches of snow.
ND-EO-2019-09,2019-09,Burgum,Activates State Emergency Operations Plan for Severe Snowstorm,2019-10-11,https://www.governor.nd.gov/executive-orders/executive-order-archive,859601,143306,2019-10-10 12:00:00,2019-10-11 09:40:00,Z,NWS forecast zone,29,STEELE,Winter Storm,,,0,0,,,COOP Observer,"By the early afternoon of Thursday, October 10th, surface low pressure was located near Wadena, Minnesota. A stationary boundary extended northward from the low, up toward Baudette, Minnesota. As a result, there were wide temperature differences across the area, with low 50s along the stationary boundary to the lower 30s from Devils Lake to Jamestown. Steady snow fell west of the Red River Valley, while rain or mixed precipitation fell along and east of the Red River Valley. As the low slowly moved toward north central Minnesota by Friday morning, winds turned to the northwest along and west of the Red River Valley, and temperatures dropped to around or below 32 degrees. East of the Red River Valley, winds stayed southwest with temperatures holding in the low to mid 30s. Therefore, snow became the predominant precipitation type for all areas except around the Lake of the Woods region, where it remained rain or mixed precipitation. For the rest of Friday into early Saturday, the low actually spun back westward, or back into northwest Minnesota. This kept steady snow over most of the area, but the least from the Lake of the Woods region to Bemidji to Wadena. As far as storm totals (covering from the 10th to the 12th), areas just west of the Red River Valley into the Devils Lake region had the most snow, up to 30 inches in spots. The Forman to Fargo to Grand Forks to Hallock corridor picked up 1 to 2 inches of rainfall before it turned to snow. Because of this initial rain, snow totals were lower, but this corridor still managed to get 4 to 24 inches of snow, with some mixed precipitation as well. This had huge impacts on the area, including tree damage, power outages, river flooding, and basement flooding.",
ND-EO-2019-09,2019-09,Burgum,Activates State Emergency Operations Plan for Severe Snowstorm,2019-10-11,https://www.governor.nd.gov/executive-orders/executive-order-archive,859630,143309,2019-10-11 09:40:00,2019-10-12 08:25:00,Z,NWS forecast zone,29,STEELE,Blizzard,,,0,0,,,Mesonet,"Wind speeds cranked up on the morning of the 11th and continued through the morning of the 12th. Winds gusted up to 60 mph just west of the Red River Valley, from the Devils Lake region down to Valley City. In the immediate Red River Valley, the wind gusts were a little lower, but they were still around the 50 mph range. On top of the heavy snow that just fell, these winds produced whiteout conditions and huge impacts. Interstate 29 was closed from the Canadian border to Fargo, Interstate 94 was closed from Fargo to Bismarck, and U. S. Highway 2 was closed west of Grand Forks. Across the Devils Lake region, some snow drifts were as tall as one story roof tops. Some motorists became stranded, and had to be rescued. The agricultural impacts were also devastating. Combined with the recent wet conditions (including the 1 to 2 inches of rain from this winter storm), the snow and cold temperatures made it difficult to impossible for farmers to finish their sugar beet and potato harvest.",
ND-EO-2019-09,2019-09,Burgum,Activates State Emergency Operations Plan for Severe Snowstorm,2019-10-11,https://www.governor.nd.gov/executive-orders/executive-order-archive,860510,142438,2019-10-10 09:00:00,2019-10-11 09:00:00,Z,NWS forecast zone,37,STUTSMAN,Heavy Snow,,,0,0,0.00K,0.00K,Public,"A very early season winter storm struck North Dakota bringing record snow amounts to portions of the James River Valley and central North Dakota. Initially, snow spread across North Dakota as a cold front and affiliated upper level trough moved through the state. Shortly thereafter, an upper level low that ejected out of the Rockies moved into far western Minnesota and stalled, bringing a prolonged period of heavy snow and blizzard conditions to much of central and eastern North Dakota. Locations with the heaviest snowfall were over the upper James River Valley into the Devils Lake Basin, where up to 30 inches of snow fell. This storm had severe agricultural impacts both during the event and during the subsequent melt as many crops were still in the fields and cattle were out in pastures. The western part of the state was impacted to a much lesser degree. The antecedent ground conditions from the record wet fall of 2019, and the snow melt water from this storm, resulted in damages that as of the writing of this report were not available to the National Weather Service. See other sources for that information.",Locations near Kensal received 27 inches of snow.
ND-EO-2019-09,2019-09,Burgum,Activates State Emergency Operations Plan for Severe Snowstorm,2019-10-11,https://www.governor.nd.gov/executive-orders/executive-order-archive,860524,142438,2019-10-11 09:00:00,2019-10-12 14:00:00,Z,NWS forecast zone,37,STUTSMAN,Blizzard,,,0,0,0.00K,0.00K,ASOS,"A very early season winter storm struck North Dakota bringing record snow amounts to portions of the James River Valley and central North Dakota. Initially, snow spread across North Dakota as a cold front and affiliated upper level trough moved through the state. Shortly thereafter, an upper level low that ejected out of the Rockies moved into far western Minnesota and stalled, bringing a prolonged period of heavy snow and blizzard conditions to much of central and eastern North Dakota. Locations with the heaviest snowfall were over the upper James River Valley into the Devils Lake Basin, where up to 30 inches of snow fell. This storm had severe agricultural impacts both during the event and during the subsequent melt as many crops were still in the fields and cattle were out in pastures. The western part of the state was impacted to a much lesser degree. The antecedent ground conditions from the record wet fall of 2019, and the snow melt water from this storm, resulted in damages that as of the writing of this report were not available to the National Weather Service. See other sources for that information.",Ongoing snow and strong winds combined to produce a blizzard.
ND-EO-2019-09,2019-09,Burgum,Activates State Emergency Operations Plan for Severe Snowstorm,2019-10-11,https://www.governor.nd.gov/executive-orders/executive-order-archive,859590,143306,2019-10-10 12:00:00,2019-10-11 09:00:00,Z,NWS forecast zone,6,TOWNER,Winter Storm,,,0,0,,,COOP Observer,"By the early afternoon of Thursday, October 10th, surface low pressure was located near Wadena, Minnesota. A stationary boundary extended northward from the low, up toward Baudette, Minnesota. As a result, there were wide temperature differences across the area, with low 50s along the stationary boundary to the lower 30s from Devils Lake to Jamestown. Steady snow fell west of the Red River Valley, while rain or mixed precipitation fell along and east of the Red River Valley. As the low slowly moved toward north central Minnesota by Friday morning, winds turned to the northwest along and west of the Red River Valley, and temperatures dropped to around or below 32 degrees. East of the Red River Valley, winds stayed southwest with temperatures holding in the low to mid 30s. Therefore, snow became the predominant precipitation type for all areas except around the Lake of the Woods region, where it remained rain or mixed precipitation. For the rest of Friday into early Saturday, the low actually spun back westward, or back into northwest Minnesota. This kept steady snow over most of the area, but the least from the Lake of the Woods region to Bemidji to Wadena. As far as storm totals (covering from the 10th to the 12th), areas just west of the Red River Valley into the Devils Lake region had the most snow, up to 30 inches in spots. The Forman to Fargo to Grand Forks to Hallock corridor picked up 1 to 2 inches of rainfall before it turned to snow. Because of this initial rain, snow totals were lower, but this corridor still managed to get 4 to 24 inches of snow, with some mixed precipitation as well. This had huge impacts on the area, including tree damage, power outages, river flooding, and basement flooding.",
ND-EO-2019-09,2019-09,Burgum,Activates State Emergency Operations Plan for Severe Snowstorm,2019-10-11,https://www.governor.nd.gov/executive-orders/executive-order-archive,859619,143309,2019-10-11 09:00:00,2019-10-12 12:00:00,Z,NWS forecast zone,6,TOWNER,Blizzard,,,0,0,,,Mesonet,"Wind speeds cranked up on the morning of the 11th and continued through the morning of the 12th. Winds gusted up to 60 mph just west of the Red River Valley, from the Devils Lake region down to Valley City. In the immediate Red River Valley, the wind gusts were a little lower, but they were still around the 50 mph range. On top of the heavy snow that just fell, these winds produced whiteout conditions and huge impacts. Interstate 29 was closed from the Canadian border to Fargo, Interstate 94 was closed from Fargo to Bismarck, and U. S. Highway 2 was closed west of Grand Forks. Across the Devils Lake region, some snow drifts were as tall as one story roof tops. Some motorists became stranded, and had to be rescued. The agricultural impacts were also devastating. Combined with the recent wet conditions (including the 1 to 2 inches of rain from this winter storm), the snow and cold temperatures made it difficult to impossible for farmers to finish their sugar beet and potato harvest.",
ND-EO-2019-09,2019-09,Burgum,Activates State Emergency Operations Plan for Severe Snowstorm,2019-10-11,https://www.governor.nd.gov/executive-orders/executive-order-archive,859603,143306,2019-10-10 18:00:00,2019-10-11 17:56:00,Z,NWS forecast zone,30,TRAILL,Winter Storm,,,0,0,,,COOP Observer,"By the early afternoon of Thursday, October 10th, surface low pressure was located near Wadena, Minnesota. A stationary boundary extended northward from the low, up toward Baudette, Minnesota. As a result, there were wide temperature differences across the area, with low 50s along the stationary boundary to the lower 30s from Devils Lake to Jamestown. Steady snow fell west of the Red River Valley, while rain or mixed precipitation fell along and east of the Red River Valley. As the low slowly moved toward north central Minnesota by Friday morning, winds turned to the northwest along and west of the Red River Valley, and temperatures dropped to around or below 32 degrees. East of the Red River Valley, winds stayed southwest with temperatures holding in the low to mid 30s. Therefore, snow became the predominant precipitation type for all areas except around the Lake of the Woods region, where it remained rain or mixed precipitation. For the rest of Friday into early Saturday, the low actually spun back westward, or back into northwest Minnesota. This kept steady snow over most of the area, but the least from the Lake of the Woods region to Bemidji to Wadena. As far as storm totals (covering from the 10th to the 12th), areas just west of the Red River Valley into the Devils Lake region had the most snow, up to 30 inches in spots. The Forman to Fargo to Grand Forks to Hallock corridor picked up 1 to 2 inches of rainfall before it turned to snow. Because of this initial rain, snow totals were lower, but this corridor still managed to get 4 to 24 inches of snow, with some mixed precipitation as well. This had huge impacts on the area, including tree damage, power outages, river flooding, and basement flooding.",
ND-EO-2019-09,2019-09,Burgum,Activates State Emergency Operations Plan for Severe Snowstorm,2019-10-11,https://www.governor.nd.gov/executive-orders/executive-order-archive,859634,143309,2019-10-11 17:56:00,2019-10-12 08:25:00,Z,NWS forecast zone,30,TRAILL,Blizzard,,,0,0,,,Mesonet,"Wind speeds cranked up on the morning of the 11th and continued through the morning of the 12th. Winds gusted up to 60 mph just west of the Red River Valley, from the Devils Lake region down to Valley City. In the immediate Red River Valley, the wind gusts were a little lower, but they were still around the 50 mph range. On top of the heavy snow that just fell, these winds produced whiteout conditions and huge impacts. Interstate 29 was closed from the Canadian border to Fargo, Interstate 94 was closed from Fargo to Bismarck, and U. S. Highway 2 was closed west of Grand Forks. Across the Devils Lake region, some snow drifts were as tall as one story roof tops. Some motorists became stranded, and had to be rescued. The agricultural impacts were also devastating. Combined with the recent wet conditions (including the 1 to 2 inches of rain from this winter storm), the snow and cold temperatures made it difficult to impossible for farmers to finish their sugar beet and potato harvest.",
ND-EO-2019-09,2019-09,Burgum,Activates State Emergency Operations Plan for Severe Snowstorm,2019-10-11,https://www.governor.nd.gov/executive-orders/executive-order-archive,860481,142438,2019-10-10 21:00:00,2019-10-12 12:00:00,Z,NWS forecast zone,11,WARD,Heavy Snow,,,0,0,0.00K,0.00K,Public,"A very early season winter storm struck North Dakota bringing record snow amounts to portions of the James River Valley and central North Dakota. Initially, snow spread across North Dakota as a cold front and affiliated upper level trough moved through the state. Shortly thereafter, an upper level low that ejected out of the Rockies moved into far western Minnesota and stalled, bringing a prolonged period of heavy snow and blizzard conditions to much of central and eastern North Dakota. Locations with the heaviest snowfall were over the upper James River Valley into the Devils Lake Basin, where up to 30 inches of snow fell. This storm had severe agricultural impacts both during the event and during the subsequent melt as many crops were still in the fields and cattle were out in pastures. The western part of the state was impacted to a much lesser degree. The antecedent ground conditions from the record wet fall of 2019, and the snow melt water from this storm, resulted in damages that as of the writing of this report were not available to the National Weather Service. See other sources for that information.",Minot received seven inches of snow.
ND-EO-2019-09,2019-09,Burgum,Activates State Emergency Operations Plan for Severe Snowstorm,2019-10-11,https://www.governor.nd.gov/executive-orders/executive-order-archive,860507,142438,2019-10-10 09:00:00,2019-10-11 09:00:00,Z,NWS forecast zone,23,WELLS,Heavy Snow,,,0,0,0.00K,0.00K,Trained Spotter,"A very early season winter storm struck North Dakota bringing record snow amounts to portions of the James River Valley and central North Dakota. Initially, snow spread across North Dakota as a cold front and affiliated upper level trough moved through the state. Shortly thereafter, an upper level low that ejected out of the Rockies moved into far western Minnesota and stalled, bringing a prolonged period of heavy snow and blizzard conditions to much of central and eastern North Dakota. Locations with the heaviest snowfall were over the upper James River Valley into the Devils Lake Basin, where up to 30 inches of snow fell. This storm had severe agricultural impacts both during the event and during the subsequent melt as many crops were still in the fields and cattle were out in pastures. The western part of the state was impacted to a much lesser degree. The antecedent ground conditions from the record wet fall of 2019, and the snow melt water from this storm, resulted in damages that as of the writing of this report were not available to the National Weather Service. See other sources for that information.",Locations near Harvey received 30 inches of snow.
ND-EO-2019-09,2019-09,Burgum,Activates State Emergency Operations Plan for Severe Snowstorm,2019-10-11,https://www.governor.nd.gov/executive-orders/executive-order-archive,860515,142438,2019-10-11 09:00:00,2019-10-12 14:00:00,Z,NWS forecast zone,23,WELLS,Blizzard,,,0,0,0.00K,0.00K,AWOS,"A very early season winter storm struck North Dakota bringing record snow amounts to portions of the James River Valley and central North Dakota. Initially, snow spread across North Dakota as a cold front and affiliated upper level trough moved through the state. Shortly thereafter, an upper level low that ejected out of the Rockies moved into far western Minnesota and stalled, bringing a prolonged period of heavy snow and blizzard conditions to much of central and eastern North Dakota. Locations with the heaviest snowfall were over the upper James River Valley into the Devils Lake Basin, where up to 30 inches of snow fell. This storm had severe agricultural impacts both during the event and during the subsequent melt as many crops were still in the fields and cattle were out in pastures. The western part of the state was impacted to a much lesser degree. The antecedent ground conditions from the record wet fall of 2019, and the snow melt water from this storm, resulted in damages that as of the writing of this report were not available to the National Weather Service. See other sources for that information.",Ongoing snow and strong winds combined to produce a blizzard.
ND-EO-2019-09,2019-09,Burgum,Activates State Emergency Operations Plan for Severe Snowstorm,2019-10-11,https://www.governor.nd.gov/executive-orders/executive-order-archive,859594,143306,2019-10-10 12:00:00,2019-10-11 09:00:00,Z,NWS forecast zone,54,WESTERN WALSH,Winter Storm,,,0,0,,,COOP Observer,"By the early afternoon of Thursday, October 10th, surface low pressure was located near Wadena, Minnesota. A stationary boundary extended northward from the low, up toward Baudette, Minnesota. As a result, there were wide temperature differences across the area, with low 50s along the stationary boundary to the lower 30s from Devils Lake to Jamestown. Steady snow fell west of the Red River Valley, while rain or mixed precipitation fell along and east of the Red River Valley. As the low slowly moved toward north central Minnesota by Friday morning, winds turned to the northwest along and west of the Red River Valley, and temperatures dropped to around or below 32 degrees. East of the Red River Valley, winds stayed southwest with temperatures holding in the low to mid 30s. Therefore, snow became the predominant precipitation type for all areas except around the Lake of the Woods region, where it remained rain or mixed precipitation. For the rest of Friday into early Saturday, the low actually spun back westward, or back into northwest Minnesota. This kept steady snow over most of the area, but the least from the Lake of the Woods region to Bemidji to Wadena. As far as storm totals (covering from the 10th to the 12th), areas just west of the Red River Valley into the Devils Lake region had the most snow, up to 30 inches in spots. The Forman to Fargo to Grand Forks to Hallock corridor picked up 1 to 2 inches of rainfall before it turned to snow. Because of this initial rain, snow totals were lower, but this corridor still managed to get 4 to 24 inches of snow, with some mixed precipitation as well. This had huge impacts on the area, including tree damage, power outages, river flooding, and basement flooding.",
ND-EO-2019-09,2019-09,Burgum,Activates State Emergency Operations Plan for Severe Snowstorm,2019-10-11,https://www.governor.nd.gov/executive-orders/executive-order-archive,859623,143309,2019-10-11 09:00:00,2019-10-12 12:00:00,Z,NWS forecast zone,54,WESTERN WALSH,Blizzard,,,0,0,,,Mesonet,"Wind speeds cranked up on the morning of the 11th and continued through the morning of the 12th. Winds gusted up to 60 mph just west of the Red River Valley, from the Devils Lake region down to Valley City. In the immediate Red River Valley, the wind gusts were a little lower, but they were still around the 50 mph range. On top of the heavy snow that just fell, these winds produced whiteout conditions and huge impacts. Interstate 29 was closed from the Canadian border to Fargo, Interstate 94 was closed from Fargo to Bismarck, and U. S. Highway 2 was closed west of Grand Forks. Across the Devils Lake region, some snow drifts were as tall as one story roof tops. Some motorists became stranded, and had to be rescued. The agricultural impacts were also devastating. Combined with the recent wet conditions (including the 1 to 2 inches of rain from this winter storm), the snow and cold temperatures made it difficult to impossible for farmers to finish their sugar beet and potato harvest.",
ND-EO-2020-41,2020-41,Burgum,Activates State Emergency Operations Plan for Severe Summer Storm,2020-08-31,https://www.governor.nd.gov/executive-orders/executive-order-archive,910834,151064,2020-09-02 19:42:00,2020-09-02 19:42:00,C,county/county-equivalent,3,BARNES,Thunderstorm Wind,54.0,MG,0,0,,,Mesonet,"A strong cold front swept across eastern North Dakota and the northwestern quarter of Minnesota during the evening of September 2nd. Around 8 pm CDT, a line of thunderstorms stretched from central Walsh County (ND) southwestward into eastern Eddy County (ND). These storms progressed nearly straight east, so that by 10:30 pm CDT, they stretched from Waskish to Bemidji to just east of Detroit Lakes (MN). These storms produced strong wind gusts at numerous locations along this track.",The wind gust was measured by a NDAWN mesonet sensor.
ND-EO-2020-41,2020-41,Burgum,Activates State Emergency Operations Plan for Severe Summer Storm,2020-08-31,https://www.governor.nd.gov/executive-orders/executive-order-archive,910828,151064,2020-09-02 18:54:00,2020-09-02 18:54:00,C,county/county-equivalent,27,EDDY,Thunderstorm Wind,60.0,EG,0,0,,,Public,"A strong cold front swept across eastern North Dakota and the northwestern quarter of Minnesota during the evening of September 2nd. Around 8 pm CDT, a line of thunderstorms stretched from central Walsh County (ND) southwestward into eastern Eddy County (ND). These storms progressed nearly straight east, so that by 10:30 pm CDT, they stretched from Waskish to Bemidji to just east of Detroit Lakes (MN). These storms produced strong wind gusts at numerous locations along this track.",Several 4 to 6 inch diameter tree branches were blown down in farmstead shelterbelts.
ND-EO-2020-41,2020-41,Burgum,Activates State Emergency Operations Plan for Severe Summer Storm,2020-08-31,https://www.governor.nd.gov/executive-orders/executive-order-archive,913436,151585,2020-09-02 18:45:00,2020-09-02 18:48:00,C,county/county-equivalent,31,FOSTER,Thunderstorm Wind,56.0,EG,0,0,1.00K,0.00K,Public,"Thunderstorms developed over parts of central North Dakota into the James River Valley as a cold front pushed through the region. A storm over the upper James River Valley became severe, with estimated wind gusts around 65 mph in Foster County.",Patio furniture blew about 50 yards away from the original location and was damaged.
ND-EO-2020-41,2020-41,Burgum,Activates State Emergency Operations Plan for Severe Summer Storm,2020-08-31,https://www.governor.nd.gov/executive-orders/executive-order-archive,913437,151585,2020-09-02 18:54:00,2020-09-02 18:57:00,C,county/county-equivalent,31,FOSTER,Thunderstorm Wind,57.0,MG,0,0,0.00K,0.00K,Public,"Thunderstorms developed over parts of central North Dakota into the James River Valley as a cold front pushed through the region. A storm over the upper James River Valley became severe, with estimated wind gusts around 65 mph in Foster County.",
ND-EO-2020-41,2020-41,Burgum,Activates State Emergency Operations Plan for Severe Summer Storm,2020-08-31,https://www.governor.nd.gov/executive-orders/executive-order-archive,910830,151064,2020-09-02 19:29:00,2020-09-02 19:29:00,C,county/county-equivalent,35,GRAND FORKS,Thunderstorm Wind,62.0,MG,0,0,,,Mesonet,"A strong cold front swept across eastern North Dakota and the northwestern quarter of Minnesota during the evening of September 2nd. Around 8 pm CDT, a line of thunderstorms stretched from central Walsh County (ND) southwestward into eastern Eddy County (ND). These storms progressed nearly straight east, so that by 10:30 pm CDT, they stretched from Waskish to Bemidji to just east of Detroit Lakes (MN). These storms produced strong wind gusts at numerous locations along this track.",The wind gust was measured by a RWIS mesonet sensor.
ND-EO-2020-41,2020-41,Burgum,Activates State Emergency Operations Plan for Severe Summer Storm,2020-08-31,https://www.governor.nd.gov/executive-orders/executive-order-archive,910832,151064,2020-09-02 19:33:00,2020-09-02 19:33:00,C,county/county-equivalent,35,GRAND FORKS,Thunderstorm Wind,50.0,MG,0,0,,,AWOS,"A strong cold front swept across eastern North Dakota and the northwestern quarter of Minnesota during the evening of September 2nd. Around 8 pm CDT, a line of thunderstorms stretched from central Walsh County (ND) southwestward into eastern Eddy County (ND). These storms progressed nearly straight east, so that by 10:30 pm CDT, they stretched from Waskish to Bemidji to just east of Detroit Lakes (MN). These storms produced strong wind gusts at numerous locations along this track.",The wind gust was measured at the Grand Forks Air Force Base.
ND-EO-2020-41,2020-41,Burgum,Activates State Emergency Operations Plan for Severe Summer Storm,2020-08-31,https://www.governor.nd.gov/executive-orders/executive-order-archive,910833,151064,2020-09-02 19:38:00,2020-09-02 19:38:00,C,county/county-equivalent,35,GRAND FORKS,Thunderstorm Wind,56.0,MG,0,0,,,Social Media,"A strong cold front swept across eastern North Dakota and the northwestern quarter of Minnesota during the evening of September 2nd. Around 8 pm CDT, a line of thunderstorms stretched from central Walsh County (ND) southwestward into eastern Eddy County (ND). These storms progressed nearly straight east, so that by 10:30 pm CDT, they stretched from Waskish to Bemidji to just east of Detroit Lakes (MN). These storms produced strong wind gusts at numerous locations along this track.",The wind gust was measured by a personal weather station.
ND-EO-2020-41,2020-41,Burgum,Activates State Emergency Operations Plan for Severe Summer Storm,2020-08-31,https://www.governor.nd.gov/executive-orders/executive-order-archive,910835,151064,2020-09-02 19:46:00,2020-09-02 19:46:00,C,county/county-equivalent,35,GRAND FORKS,Thunderstorm Wind,56.0,MG,0,0,,,ASOS,"A strong cold front swept across eastern North Dakota and the northwestern quarter of Minnesota during the evening of September 2nd. Around 8 pm CDT, a line of thunderstorms stretched from central Walsh County (ND) southwestward into eastern Eddy County (ND). These storms progressed nearly straight east, so that by 10:30 pm CDT, they stretched from Waskish to Bemidji to just east of Detroit Lakes (MN). These storms produced strong wind gusts at numerous locations along this track.",The wind gust was measured at the Grand Forks International Airport.
ND-EO-2020-41,2020-41,Burgum,Activates State Emergency Operations Plan for Severe Summer Storm,2020-08-31,https://www.governor.nd.gov/executive-orders/executive-order-archive,910836,151064,2020-09-02 19:54:00,2020-09-02 19:54:00,C,county/county-equivalent,35,GRAND FORKS,Thunderstorm Wind,50.0,EG,0,0,,,NWS Employee,"A strong cold front swept across eastern North Dakota and the northwestern quarter of Minnesota during the evening of September 2nd. Around 8 pm CDT, a line of thunderstorms stretched from central Walsh County (ND) southwestward into eastern Eddy County (ND). These storms progressed nearly straight east, so that by 10:30 pm CDT, they stretched from Waskish to Bemidji to just east of Detroit Lakes (MN). These storms produced strong wind gusts at numerous locations along this track.",Tree branches were blown down on the south side of Grand Forks.
ND-EO-2020-41,2020-41,Burgum,Activates State Emergency Operations Plan for Severe Summer Storm,2020-08-31,https://www.governor.nd.gov/executive-orders/executive-order-archive,910837,151064,2020-09-02 19:59:00,2020-09-02 19:59:00,C,county/county-equivalent,35,GRAND FORKS,Thunderstorm Wind,51.0,MG,0,0,,,Mesonet,"A strong cold front swept across eastern North Dakota and the northwestern quarter of Minnesota during the evening of September 2nd. Around 8 pm CDT, a line of thunderstorms stretched from central Walsh County (ND) southwestward into eastern Eddy County (ND). These storms progressed nearly straight east, so that by 10:30 pm CDT, they stretched from Waskish to Bemidji to just east of Detroit Lakes (MN). These storms produced strong wind gusts at numerous locations along this track.",The wind gust was measured by a ND DOT RWIS mesonet sensor along Interstate 29.
ND-EO-2020-41,2020-41,Burgum,Activates State Emergency Operations Plan for Severe Summer Storm,2020-08-31,https://www.governor.nd.gov/executive-orders/executive-order-archive,910840,151064,2020-09-02 20:00:00,2020-09-02 20:00:00,C,county/county-equivalent,35,GRAND FORKS,Thunderstorm Wind,62.0,MG,0,0,,,Mesonet,"A strong cold front swept across eastern North Dakota and the northwestern quarter of Minnesota during the evening of September 2nd. Around 8 pm CDT, a line of thunderstorms stretched from central Walsh County (ND) southwestward into eastern Eddy County (ND). These storms progressed nearly straight east, so that by 10:30 pm CDT, they stretched from Waskish to Bemidji to just east of Detroit Lakes (MN). These storms produced strong wind gusts at numerous locations along this track.",The wind gust was measured by a ND DOT RWIS mesonet sensor near Emerado.
ND-EO-2020-41,2020-41,Burgum,Activates State Emergency Operations Plan for Severe Summer Storm,2020-08-31,https://www.governor.nd.gov/executive-orders/executive-order-archive,910838,151064,2020-09-02 20:00:00,2020-09-02 20:00:00,C,county/county-equivalent,35,GRAND FORKS,Thunderstorm Wind,56.0,EG,0,0,,,Public,"A strong cold front swept across eastern North Dakota and the northwestern quarter of Minnesota during the evening of September 2nd. Around 8 pm CDT, a line of thunderstorms stretched from central Walsh County (ND) southwestward into eastern Eddy County (ND). These storms progressed nearly straight east, so that by 10:30 pm CDT, they stretched from Waskish to Bemidji to just east of Detroit Lakes (MN). These storms produced strong wind gusts at numerous locations along this track.",A large tree was snapped in half near Riverside Park.
ND-EO-2020-41,2020-41,Burgum,Activates State Emergency Operations Plan for Severe Summer Storm,2020-08-31,https://www.governor.nd.gov/executive-orders/executive-order-archive,910829,151064,2020-09-02 19:21:00,2020-09-02 19:21:00,C,county/county-equivalent,39,GRIGGS,Thunderstorm Wind,65.0,EG,0,0,,,Social Media,"A strong cold front swept across eastern North Dakota and the northwestern quarter of Minnesota during the evening of September 2nd. Around 8 pm CDT, a line of thunderstorms stretched from central Walsh County (ND) southwestward into eastern Eddy County (ND). These storms progressed nearly straight east, so that by 10:30 pm CDT, they stretched from Waskish to Bemidji to just east of Detroit Lakes (MN). These storms produced strong wind gusts at numerous locations along this track.",The wind gust speed was estimated.
ND-EO-2020-41,2020-41,Burgum,Activates State Emergency Operations Plan for Severe Summer Storm,2020-08-31,https://www.governor.nd.gov/executive-orders/executive-order-archive,910831,151064,2020-09-02 19:30:00,2020-09-02 19:30:00,C,county/county-equivalent,39,GRIGGS,Thunderstorm Wind,50.0,MG,0,0,,,Social Media,"A strong cold front swept across eastern North Dakota and the northwestern quarter of Minnesota during the evening of September 2nd. Around 8 pm CDT, a line of thunderstorms stretched from central Walsh County (ND) southwestward into eastern Eddy County (ND). These storms progressed nearly straight east, so that by 10:30 pm CDT, they stretched from Waskish to Bemidji to just east of Detroit Lakes (MN). These storms produced strong wind gusts at numerous locations along this track.",The wind gust was measured by a Davis mesonet sensor.
ND-EO-2020-41,2020-41,Burgum,Activates State Emergency Operations Plan for Severe Summer Storm,2020-08-31,https://www.governor.nd.gov/executive-orders/executive-order-archive,910839,151064,2020-09-02 20:00:00,2020-09-02 20:00:00,C,county/county-equivalent,97,TRAILL,Thunderstorm Wind,52.0,EG,0,0,,,Social Media,"A strong cold front swept across eastern North Dakota and the northwestern quarter of Minnesota during the evening of September 2nd. Around 8 pm CDT, a line of thunderstorms stretched from central Walsh County (ND) southwestward into eastern Eddy County (ND). These storms progressed nearly straight east, so that by 10:30 pm CDT, they stretched from Waskish to Bemidji to just east of Detroit Lakes (MN). These storms produced strong wind gusts at numerous locations along this track.",Multiple 4 to 6 inch diameter branches were blown down in Hillsboro.
ND-EO-2020-41,2020-41,Burgum,Activates State Emergency Operations Plan for Severe Summer Storm,2020-08-31,https://www.governor.nd.gov/executive-orders/executive-order-archive,913453,151587,2020-09-02 17:00:00,2020-09-02 22:00:00,Z,NWS forecast zone,44,ADAMS,High Wind,50.0,MG,0,0,0.00K,0.00K,ASOS,"Strong wind gusts developed as a cold front pushed through western and central North Dakota. The strongest winds occurred along and behind the front, especially in the vicinity of weak rain showers. The strongest wind gusts were estimated at 80 mph in McLean County where a large pole barn building collapsed in Wilton, and a camper was overturned near Garrison.",Hettinger ASOS reported wind gusts to 58 mph.
ND-EO-2020-41,2020-41,Burgum,Activates State Emergency Operations Plan for Severe Summer Storm,2020-08-31,https://www.governor.nd.gov/executive-orders/executive-order-archive,913447,151587,2020-09-02 15:00:00,2020-09-02 18:00:00,Z,NWS forecast zone,32,BILLINGS,High Wind,63.0,MG,0,0,0.00K,0.00K,Mesonet,"Strong wind gusts developed as a cold front pushed through western and central North Dakota. The strongest winds occurred along and behind the front, especially in the vicinity of weak rain showers. The strongest wind gusts were estimated at 80 mph in McLean County where a large pole barn building collapsed in Wilton, and a camper was overturned near Garrison.",Fryburg NDDOT site reported wind gusts to 72 mph.
ND-EO-2020-41,2020-41,Burgum,Activates State Emergency Operations Plan for Severe Summer Storm,2020-08-31,https://www.governor.nd.gov/executive-orders/executive-order-archive,913452,151587,2020-09-02 17:00:00,2020-09-02 22:00:00,Z,NWS forecast zone,43,BOWMAN,High Wind,54.0,MG,0,0,0.00K,0.00K,AWOS,"Strong wind gusts developed as a cold front pushed through western and central North Dakota. The strongest winds occurred along and behind the front, especially in the vicinity of weak rain showers. The strongest wind gusts were estimated at 80 mph in McLean County where a large pole barn building collapsed in Wilton, and a camper was overturned near Garrison.",Bowman Airport AWOS reported wind gusts to 62 mph.
ND-EO-2020-41,2020-41,Burgum,Activates State Emergency Operations Plan for Severe Summer Storm,2020-08-31,https://www.governor.nd.gov/executive-orders/executive-order-archive,916879,151587,2020-09-02 18:00:00,2020-09-02 22:00:00,Z,NWS forecast zone,35,BURLEIGH,High Wind,51.0,MG,0,0,0.00K,0.00K,Public,"Strong wind gusts developed as a cold front pushed through western and central North Dakota. The strongest winds occurred along and behind the front, especially in the vicinity of weak rain showers. The strongest wind gusts were estimated at 80 mph in McLean County where a large pole barn building collapsed in Wilton, and a camper was overturned near Garrison.",The public reported wind gusts of 59 mph near Lincoln.
ND-EO-2020-41,2020-41,Burgum,Activates State Emergency Operations Plan for Severe Summer Storm,2020-08-31,https://www.governor.nd.gov/executive-orders/executive-order-archive,916885,151587,2020-09-02 18:00:00,2020-09-02 22:00:00,Z,NWS forecast zone,46,EMMONS,High Wind,52.0,EG,0,0,0.00K,0.00K,Mesonet,"Strong wind gusts developed as a cold front pushed through western and central North Dakota. The strongest winds occurred along and behind the front, especially in the vicinity of weak rain showers. The strongest wind gusts were estimated at 80 mph in McLean County where a large pole barn building collapsed in Wilton, and a camper was overturned near Garrison.",Emmons County had estimated wind gusts to 60 mph.
ND-EO-2020-41,2020-41,Burgum,Activates State Emergency Operations Plan for Severe Summer Storm,2020-08-31,https://www.governor.nd.gov/executive-orders/executive-order-archive,916883,151587,2020-09-02 18:00:00,2020-09-02 22:00:00,Z,NWS forecast zone,42,GRANT,High Wind,52.0,EG,0,0,0.00K,0.00K,ASOS,"Strong wind gusts developed as a cold front pushed through western and central North Dakota. The strongest winds occurred along and behind the front, especially in the vicinity of weak rain showers. The strongest wind gusts were estimated at 80 mph in McLean County where a large pole barn building collapsed in Wilton, and a camper was overturned near Garrison.",Grant County had estimated wind gusts to 60 mph.
ND-EO-2020-41,2020-41,Burgum,Activates State Emergency Operations Plan for Severe Summer Storm,2020-08-31,https://www.governor.nd.gov/executive-orders/executive-order-archive,913451,151587,2020-09-02 17:00:00,2020-09-02 22:00:00,Z,NWS forecast zone,41,HETTINGER,High Wind,56.0,MG,0,0,0.00K,0.00K,RAWS,"Strong wind gusts developed as a cold front pushed through western and central North Dakota. The strongest winds occurred along and behind the front, especially in the vicinity of weak rain showers. The strongest wind gusts were estimated at 80 mph in McLean County where a large pole barn building collapsed in Wilton, and a camper was overturned near Garrison.",Williams Lookout RAWS reported wind gusts to 64 mph.
ND-EO-2020-41,2020-41,Burgum,Activates State Emergency Operations Plan for Severe Summer Storm,2020-08-31,https://www.governor.nd.gov/executive-orders/executive-order-archive,913455,151587,2020-09-02 18:00:00,2020-09-02 22:00:00,Z,NWS forecast zone,36,KIDDER,High Wind,52.0,MG,0,0,0.00K,0.00K,Mesonet,"Strong wind gusts developed as a cold front pushed through western and central North Dakota. The strongest winds occurred along and behind the front, especially in the vicinity of weak rain showers. The strongest wind gusts were estimated at 80 mph in McLean County where a large pole barn building collapsed in Wilton, and a camper was overturned near Garrison.",Robinson NDAWN reported wind gusts to 60 mph.
ND-EO-2020-41,2020-41,Burgum,Activates State Emergency Operations Plan for Severe Summer Storm,2020-08-31,https://www.governor.nd.gov/executive-orders/executive-order-archive,916888,151587,2020-09-02 19:00:00,2020-09-02 22:00:00,Z,NWS forecast zone,47,LOGAN,High Wind,52.0,EG,0,0,0.00K,0.00K,Mesonet,"Strong wind gusts developed as a cold front pushed through western and central North Dakota. The strongest winds occurred along and behind the front, especially in the vicinity of weak rain showers. The strongest wind gusts were estimated at 80 mph in McLean County where a large pole barn building collapsed in Wilton, and a camper was overturned near Garrison.",Stutsman County had estimated wind gusts to 60 mph.
ND-EO-2020-41,2020-41,Burgum,Activates State Emergency Operations Plan for Severe Summer Storm,2020-08-31,https://www.governor.nd.gov/executive-orders/executive-order-archive,913443,151587,2020-09-02 15:00:00,2020-09-02 18:00:00,Z,NWS forecast zone,17,MCKENZIE,High Wind,56.0,MG,0,0,0.00K,0.00K,Mesonet,"Strong wind gusts developed as a cold front pushed through western and central North Dakota. The strongest winds occurred along and behind the front, especially in the vicinity of weak rain showers. The strongest wind gusts were estimated at 80 mph in McLean County where a large pole barn building collapsed in Wilton, and a camper was overturned near Garrison.",Grassy Butte NDDOT site reported wind gusts to 65 mph.
ND-EO-2020-41,2020-41,Burgum,Activates State Emergency Operations Plan for Severe Summer Storm,2020-08-31,https://www.governor.nd.gov/executive-orders/executive-order-archive,913445,151587,2020-09-02 17:00:00,2020-09-02 22:00:00,Z,NWS forecast zone,21,MCLEAN,High Wind,70.0,EG,0,0,200.00K,0.00K,Public,"Strong wind gusts developed as a cold front pushed through western and central North Dakota. The strongest winds occurred along and behind the front, especially in the vicinity of weak rain showers. The strongest wind gusts were estimated at 80 mph in McLean County where a large pole barn building collapsed in Wilton, and a camper was overturned near Garrison.","A large pole barn building on the northeast side of Wilton collapsed with debris blown to the east. Minimal additional damage was noted in the area. Near Garrison, a large camper blew over onto its roof."
ND-EO-2020-41,2020-41,Burgum,Activates State Emergency Operations Plan for Severe Summer Storm,2020-08-31,https://www.governor.nd.gov/executive-orders/executive-order-archive,916880,151587,2020-09-02 17:00:00,2020-09-02 22:00:00,Z,NWS forecast zone,19,MERCER,High Wind,52.0,EG,0,0,0.00K,0.00K,Mesonet,"Strong wind gusts developed as a cold front pushed through western and central North Dakota. The strongest winds occurred along and behind the front, especially in the vicinity of weak rain showers. The strongest wind gusts were estimated at 80 mph in McLean County where a large pole barn building collapsed in Wilton, and a camper was overturned near Garrison.",Mercer County had estimated wind gusts to 60 mph.
ND-EO-2020-41,2020-41,Burgum,Activates State Emergency Operations Plan for Severe Summer Storm,2020-08-31,https://www.governor.nd.gov/executive-orders/executive-order-archive,916882,151587,2020-09-02 18:00:00,2020-09-02 22:00:00,Z,NWS forecast zone,34,MORTON,High Wind,52.0,EG,0,0,0.00K,0.00K,ASOS,"Strong wind gusts developed as a cold front pushed through western and central North Dakota. The strongest winds occurred along and behind the front, especially in the vicinity of weak rain showers. The strongest wind gusts were estimated at 80 mph in McLean County where a large pole barn building collapsed in Wilton, and a camper was overturned near Garrison.",Morton County had estimated wind gusts to 60 mph.
ND-EO-2020-41,2020-41,Burgum,Activates State Emergency Operations Plan for Severe Summer Storm,2020-08-31,https://www.governor.nd.gov/executive-orders/executive-order-archive,916881,151587,2020-09-02 17:00:00,2020-09-02 22:00:00,Z,NWS forecast zone,20,OLIVER,High Wind,52.0,EG,0,0,0.00K,0.00K,Mesonet,"Strong wind gusts developed as a cold front pushed through western and central North Dakota. The strongest winds occurred along and behind the front, especially in the vicinity of weak rain showers. The strongest wind gusts were estimated at 80 mph in McLean County where a large pole barn building collapsed in Wilton, and a camper was overturned near Garrison.",Oliver County had estimated wind gusts to 60 mph.
ND-EO-2020-41,2020-41,Burgum,Activates State Emergency Operations Plan for Severe Summer Storm,2020-08-31,https://www.governor.nd.gov/executive-orders/executive-order-archive,913454,151587,2020-09-02 18:00:00,2020-09-02 22:00:00,Z,NWS forecast zone,22,SHERIDAN,High Wind,52.0,MG,0,0,0.00K,0.00K,Mesonet,"Strong wind gusts developed as a cold front pushed through western and central North Dakota. The strongest winds occurred along and behind the front, especially in the vicinity of weak rain showers. The strongest wind gusts were estimated at 80 mph in McLean County where a large pole barn building collapsed in Wilton, and a camper was overturned near Garrison.",Denhoff NDAWN reported wind gusts to 60 mph.
ND-EO-2020-41,2020-41,Burgum,Activates State Emergency Operations Plan for Severe Summer Storm,2020-08-31,https://www.governor.nd.gov/executive-orders/executive-order-archive,916884,151587,2020-09-02 18:00:00,2020-09-02 22:00:00,Z,NWS forecast zone,45,SIOUX,High Wind,52.0,EG,0,0,0.00K,0.00K,ASOS,"Strong wind gusts developed as a cold front pushed through western and central North Dakota. The strongest winds occurred along and behind the front, especially in the vicinity of weak rain showers. The strongest wind gusts were estimated at 80 mph in McLean County where a large pole barn building collapsed in Wilton, and a camper was overturned near Garrison.",Grant County had estimated wind gusts to 60 mph.
ND-EO-2020-41,2020-41,Burgum,Activates State Emergency Operations Plan for Severe Summer Storm,2020-08-31,https://www.governor.nd.gov/executive-orders/executive-order-archive,913450,151587,2020-09-02 17:00:00,2020-09-02 22:00:00,Z,NWS forecast zone,40,SLOPE,High Wind,52.0,MG,0,0,0.00K,0.00K,RAWS,"Strong wind gusts developed as a cold front pushed through western and central North Dakota. The strongest winds occurred along and behind the front, especially in the vicinity of weak rain showers. The strongest wind gusts were estimated at 80 mph in McLean County where a large pole barn building collapsed in Wilton, and a camper was overturned near Garrison.",Sand Creek RAWS reported wind gusts to 60 mph.
ND-EO-2020-41,2020-41,Burgum,Activates State Emergency Operations Plan for Severe Summer Storm,2020-08-31,https://www.governor.nd.gov/executive-orders/executive-order-archive,913449,151587,2020-09-02 17:00:00,2020-09-02 22:00:00,Z,NWS forecast zone,33,STARK,High Wind,51.0,MG,0,0,0.00K,0.00K,ASOS,"Strong wind gusts developed as a cold front pushed through western and central North Dakota. The strongest winds occurred along and behind the front, especially in the vicinity of weak rain showers. The strongest wind gusts were estimated at 80 mph in McLean County where a large pole barn building collapsed in Wilton, and a camper was overturned near Garrison.",Dickinson ASOS reported wind gusts to 59 mph.
ND-EO-2020-41,2020-41,Burgum,Activates State Emergency Operations Plan for Severe Summer Storm,2020-08-31,https://www.governor.nd.gov/executive-orders/executive-order-archive,916887,151587,2020-09-02 19:00:00,2020-09-02 22:00:00,Z,NWS forecast zone,37,STUTSMAN,High Wind,52.0,EG,0,0,0.00K,0.00K,Mesonet,"Strong wind gusts developed as a cold front pushed through western and central North Dakota. The strongest winds occurred along and behind the front, especially in the vicinity of weak rain showers. The strongest wind gusts were estimated at 80 mph in McLean County where a large pole barn building collapsed in Wilton, and a camper was overturned near Garrison.",Stutsman County had estimated wind gusts to 60 mph.
ND-EO-2020-41,2020-41,Burgum,Activates State Emergency Operations Plan for Severe Summer Storm,2020-08-31,https://www.governor.nd.gov/executive-orders/executive-order-archive,916886,151587,2020-09-02 18:00:00,2020-09-02 22:00:00,Z,NWS forecast zone,23,WELLS,High Wind,52.0,EG,0,0,0.00K,0.00K,Mesonet,"Strong wind gusts developed as a cold front pushed through western and central North Dakota. The strongest winds occurred along and behind the front, especially in the vicinity of weak rain showers. The strongest wind gusts were estimated at 80 mph in McLean County where a large pole barn building collapsed in Wilton, and a camper was overturned near Garrison.",Wells County had estimated wind gusts to 60 mph.
ND-EO-2020-41,2020-41,Burgum,Activates State Emergency Operations Plan for Severe Summer Storm,2020-08-31,https://www.governor.nd.gov/executive-orders/executive-order-archive,913442,151587,2020-09-02 15:00:00,2020-09-02 18:00:00,Z,NWS forecast zone,9,WILLIAMS,High Wind,60.0,MG,0,0,0.00K,0.00K,ASOS,"Strong wind gusts developed as a cold front pushed through western and central North Dakota. The strongest winds occurred along and behind the front, especially in the vicinity of weak rain showers. The strongest wind gusts were estimated at 80 mph in McLean County where a large pole barn building collapsed in Wilton, and a camper was overturned near Garrison.",Williston ASOS reported wind gusts to 69 mph.
ND-EO-2021-07,2021-07,Burgum,Declares Statewide Wildfire Emergency,2021-04-01,https://www.governor.nd.gov/executive-orders/executive-order-archive,948609,156940,2021-03-29 09:00:00,2021-03-30 04:00:00,Z,NWS forecast zone,44,ADAMS,High Wind,61.0,MG,0,0,0.00K,0.00K,ASOS,"A deep low pressure system moved along the Canadian border as a strong cold front swept through North Dakota. This led to strong winds developing over western and central North Dakota including the James River Valley. Additionally, the mixing of stronger winds aloft down to the surface was occasionally aided by light rain and snow showers moving through, enhancing wind gusts. The strongest reported wind gust of 72 mph occurred in Divide County.",Hettinger ASOS reported wind gusts to 70 mph.
ND-EO-2021-07,2021-07,Burgum,Declares Statewide Wildfire Emergency,2021-04-01,https://www.governor.nd.gov/executive-orders/executive-order-archive,949207,157039,2021-04-01 00:00:00,2021-04-30 23:59:00,Z,NWS forecast zone,44,ADAMS,Drought,,,0,0,0.00K,0.00K,Other Federal Agency,After a very wet 2019 precipitation cut off in 2020 and Western and Central North Dakota entered a drought for 2021. The D3 drought started in the northwest part of the state in March and expanded across most of western and central North Dakota by the start of April.,
ND-EO-2021-07,2021-07,Burgum,Declares Statewide Wildfire Emergency,2021-04-01,https://www.governor.nd.gov/executive-orders/executive-order-archive,951943,157448,2021-03-29 23:15:00,2021-03-29 23:16:00,Z,NWS forecast zone,38,BARNES,High Wind,51.0,MG,0,0,0.00K,0.00K,AWOS,"A cold front swept through the Northern Plains from late Monday, March 29th, into Tuesday morning, March 30th.  Strong winds developed from the south on Monday with gusts into the 40 to 45 mph range, and switched from the northwest and peaked with the overnight frontal passage at from 55 to near 70 mph across portions pf northeast and east-central ND.",Peak wind measured at the Valley City ND Airport.
ND-EO-2021-07,2021-07,Burgum,Declares Statewide Wildfire Emergency,2021-04-01,https://www.governor.nd.gov/executive-orders/executive-order-archive,951934,157448,2021-03-30 01:38:00,2021-03-30 01:39:00,Z,NWS forecast zone,14,BENSON,High Wind,64.0,MG,0,0,0.00K,0.00K,Mesonet,"A cold front swept through the Northern Plains from late Monday, March 29th, into Tuesday morning, March 30th.  Strong winds developed from the south on Monday with gusts into the 40 to 45 mph range, and switched from the northwest and peaked with the overnight frontal passage at from 55 to near 70 mph across portions pf northeast and east-central ND.",Peak wind measured at the Leeds RWIS located along U.S. Highway 2.
ND-EO-2021-07,2021-07,Burgum,Declares Statewide Wildfire Emergency,2021-04-01,https://www.governor.nd.gov/executive-orders/executive-order-archive,948605,156940,2021-03-29 09:00:00,2021-03-30 04:00:00,Z,NWS forecast zone,32,BILLINGS,High Wind,57.0,MG,0,0,0.00K,0.00K,Mesonet,"A deep low pressure system moved along the Canadian border as a strong cold front swept through North Dakota. This led to strong winds developing over western and central North Dakota including the James River Valley. Additionally, the mixing of stronger winds aloft down to the surface was occasionally aided by light rain and snow showers moving through, enhancing wind gusts. The strongest reported wind gust of 72 mph occurred in Divide County.",Fryburg NDDOT site reported wind gusts to 66 mph.
ND-EO-2021-07,2021-07,Burgum,Declares Statewide Wildfire Emergency,2021-04-01,https://www.governor.nd.gov/executive-orders/executive-order-archive,949208,157039,2021-04-01 00:00:00,2021-04-30 23:59:00,Z,NWS forecast zone,32,BILLINGS,Drought,,,0,0,0.00K,0.00K,Other Federal Agency,After a very wet 2019 precipitation cut off in 2020 and Western and Central North Dakota entered a drought for 2021. The D3 drought started in the northwest part of the state in March and expanded across most of western and central North Dakota by the start of April.,
ND-EO-2021-07,2021-07,Burgum,Declares Statewide Wildfire Emergency,2021-04-01,https://www.governor.nd.gov/executive-orders/executive-order-archive,948630,156940,2021-03-29 12:00:00,2021-03-30 04:00:00,Z,NWS forecast zone,4,BOTTINEAU,High Wind,52.0,EG,0,0,0.00K,0.00K,RAWS,"A deep low pressure system moved along the Canadian border as a strong cold front swept through North Dakota. This led to strong winds developing over western and central North Dakota including the James River Valley. Additionally, the mixing of stronger winds aloft down to the surface was occasionally aided by light rain and snow showers moving through, enhancing wind gusts. The strongest reported wind gust of 72 mph occurred in Divide County.",Bottineau County had estimated gusts to 60 mph.
ND-EO-2021-07,2021-07,Burgum,Declares Statewide Wildfire Emergency,2021-04-01,https://www.governor.nd.gov/executive-orders/executive-order-archive,949209,157039,2021-04-01 00:00:00,2021-04-30 23:59:00,Z,NWS forecast zone,4,BOTTINEAU,Drought,,,0,0,0.00K,0.00K,Other Federal Agency,After a very wet 2019 precipitation cut off in 2020 and Western and Central North Dakota entered a drought for 2021. The D3 drought started in the northwest part of the state in March and expanded across most of western and central North Dakota by the start of April.,
ND-EO-2021-07,2021-07,Burgum,Declares Statewide Wildfire Emergency,2021-04-01,https://www.governor.nd.gov/executive-orders/executive-order-archive,948608,156940,2021-03-29 09:00:00,2021-03-30 04:00:00,Z,NWS forecast zone,43,BOWMAN,High Wind,55.0,MG,0,0,0.00K,0.00K,AWOS,"A deep low pressure system moved along the Canadian border as a strong cold front swept through North Dakota. This led to strong winds developing over western and central North Dakota including the James River Valley. Additionally, the mixing of stronger winds aloft down to the surface was occasionally aided by light rain and snow showers moving through, enhancing wind gusts. The strongest reported wind gust of 72 mph occurred in Divide County.",Bowman AWOS reported wind gusts to 63 mph.
ND-EO-2021-07,2021-07,Burgum,Declares Statewide Wildfire Emergency,2021-04-01,https://www.governor.nd.gov/executive-orders/executive-order-archive,948617,156940,2021-03-29 12:00:00,2021-03-30 04:00:00,Z,NWS forecast zone,43,BOWMAN,High Wind,61.0,MG,0,0,0.00K,0.00K,RAWS,"A deep low pressure system moved along the Canadian border as a strong cold front swept through North Dakota. This led to strong winds developing over western and central North Dakota including the James River Valley. Additionally, the mixing of stronger winds aloft down to the surface was occasionally aided by light rain and snow showers moving through, enhancing wind gusts. The strongest reported wind gust of 72 mph occurred in Divide County.",Long Lake RAWS reported wind gusts to 70 mph.
ND-EO-2021-07,2021-07,Burgum,Declares Statewide Wildfire Emergency,2021-04-01,https://www.governor.nd.gov/executive-orders/executive-order-archive,948628,156940,2021-03-29 09:00:00,2021-03-30 04:00:00,Z,NWS forecast zone,2,BURKE,High Wind,56.0,EG,0,0,0.00K,0.00K,AWOS,"A deep low pressure system moved along the Canadian border as a strong cold front swept through North Dakota. This led to strong winds developing over western and central North Dakota including the James River Valley. Additionally, the mixing of stronger winds aloft down to the surface was occasionally aided by light rain and snow showers moving through, enhancing wind gusts. The strongest reported wind gust of 72 mph occurred in Divide County.",Burke County had estimated gusts to 65 mph.
ND-EO-2021-07,2021-07,Burgum,Declares Statewide Wildfire Emergency,2021-04-01,https://www.governor.nd.gov/executive-orders/executive-order-archive,949210,157039,2021-04-01 00:00:00,2021-04-30 23:59:00,Z,NWS forecast zone,2,BURKE,Drought,,,0,0,0.00K,0.00K,Other Federal Agency,After a very wet 2019 precipitation cut off in 2020 and Western and Central North Dakota entered a drought for 2021. The D3 drought started in the northwest part of the state in March and expanded across most of western and central North Dakota by the start of April.,
ND-EO-2021-07,2021-07,Burgum,Declares Statewide Wildfire Emergency,2021-04-01,https://www.governor.nd.gov/executive-orders/executive-order-archive,949211,157039,2021-04-01 00:00:00,2021-04-30 23:59:00,Z,NWS forecast zone,35,BURLEIGH,Drought,,,0,0,0.00K,0.00K,Other Federal Agency,After a very wet 2019 precipitation cut off in 2020 and Western and Central North Dakota entered a drought for 2021. The D3 drought started in the northwest part of the state in March and expanded across most of western and central North Dakota by the start of April.,
ND-EO-2021-07,2021-07,Burgum,Declares Statewide Wildfire Emergency,2021-04-01,https://www.governor.nd.gov/executive-orders/executive-order-archive,951948,157448,2021-03-29 22:23:00,2021-03-29 22:24:00,Z,NWS forecast zone,39,CASS,High Wind,55.0,MG,0,0,0.00K,0.00K,AWOS,"A cold front swept through the Northern Plains from late Monday, March 29th, into Tuesday morning, March 30th.  Strong winds developed from the south on Monday with gusts into the 40 to 45 mph range, and switched from the northwest and peaked with the overnight frontal passage at from 55 to near 70 mph across portions pf northeast and east-central ND.",Peak wind measured at the Buffalo ND RWIS station.
ND-EO-2021-07,2021-07,Burgum,Declares Statewide Wildfire Emergency,2021-04-01,https://www.governor.nd.gov/executive-orders/executive-order-archive,951932,157448,2021-03-30 03:15:00,2021-03-30 03:16:00,Z,NWS forecast zone,7,CAVALIER,High Wind,58.0,MG,0,0,0.00K,0.00K,AWOS,"A cold front swept through the Northern Plains from late Monday, March 29th, into Tuesday morning, March 30th.  Strong winds developed from the south on Monday with gusts into the 40 to 45 mph range, and switched from the northwest and peaked with the overnight frontal passage at from 55 to near 70 mph across portions pf northeast and east-central ND.",Peak wind measured at the Langdon Airport.
ND-EO-2021-07,2021-07,Burgum,Declares Statewide Wildfire Emergency,2021-04-01,https://www.governor.nd.gov/executive-orders/executive-order-archive,948626,156940,2021-03-29 14:00:00,2021-03-30 04:00:00,Z,NWS forecast zone,51,DICKEY,High Wind,38.0,MS,0,0,0.00K,0.00K,AWOS,"A deep low pressure system moved along the Canadian border as a strong cold front swept through North Dakota. This led to strong winds developing over western and central North Dakota including the James River Valley. Additionally, the mixing of stronger winds aloft down to the surface was occasionally aided by light rain and snow showers moving through, enhancing wind gusts. The strongest reported wind gust of 72 mph occurred in Divide County.",Oakes AWOS reported sustained winds to 44 mph.
ND-EO-2021-07,2021-07,Burgum,Declares Statewide Wildfire Emergency,2021-04-01,https://www.governor.nd.gov/executive-orders/executive-order-archive,948598,156940,2021-03-29 09:00:00,2021-03-30 04:00:00,Z,NWS forecast zone,1,DIVIDE,High Wind,63.0,MG,0,0,0.00K,0.00K,RAWS,"A deep low pressure system moved along the Canadian border as a strong cold front swept through North Dakota. This led to strong winds developing over western and central North Dakota including the James River Valley. Additionally, the mixing of stronger winds aloft down to the surface was occasionally aided by light rain and snow showers moving through, enhancing wind gusts. The strongest reported wind gust of 72 mph occurred in Divide County.",Crosby RAWS reported wind gusts to 72 mph.
ND-EO-2021-07,2021-07,Burgum,Declares Statewide Wildfire Emergency,2021-04-01,https://www.governor.nd.gov/executive-orders/executive-order-archive,949212,157039,2021-04-01 00:00:00,2021-04-30 23:59:00,Z,NWS forecast zone,1,DIVIDE,Drought,,,0,0,0.00K,0.00K,Other Federal Agency,After a very wet 2019 precipitation cut off in 2020 and Western and Central North Dakota entered a drought for 2021. The D3 drought started in the northwest part of the state in March and expanded across most of western and central North Dakota by the start of April.,
ND-EO-2021-07,2021-07,Burgum,Declares Statewide Wildfire Emergency,2021-04-01,https://www.governor.nd.gov/executive-orders/executive-order-archive,948602,156940,2021-03-29 09:00:00,2021-03-30 04:00:00,Z,NWS forecast zone,18,DUNN,High Wind,54.0,MG,0,0,0.00K,0.00K,Mesonet,"A deep low pressure system moved along the Canadian border as a strong cold front swept through North Dakota. This led to strong winds developing over western and central North Dakota including the James River Valley. Additionally, the mixing of stronger winds aloft down to the surface was occasionally aided by light rain and snow showers moving through, enhancing wind gusts. The strongest reported wind gust of 72 mph occurred in Divide County.",Manning NDDOT site reported wind gusts to 62 mph.
ND-EO-2021-07,2021-07,Burgum,Declares Statewide Wildfire Emergency,2021-04-01,https://www.governor.nd.gov/executive-orders/executive-order-archive,949213,157039,2021-04-01 00:00:00,2021-04-30 23:59:00,Z,NWS forecast zone,18,DUNN,Drought,,,0,0,0.00K,0.00K,Other Federal Agency,After a very wet 2019 precipitation cut off in 2020 and Western and Central North Dakota entered a drought for 2021. The D3 drought started in the northwest part of the state in March and expanded across most of western and central North Dakota by the start of April.,
ND-EO-2021-07,2021-07,Burgum,Declares Statewide Wildfire Emergency,2021-04-01,https://www.governor.nd.gov/executive-orders/executive-order-archive,951936,157448,2021-03-30 03:35:00,2021-03-30 03:36:00,Z,NWS forecast zone,24,EDDY,High Wind,54.0,MG,0,0,0.00K,0.00K,Mesonet,"A cold front swept through the Northern Plains from late Monday, March 29th, into Tuesday morning, March 30th.  Strong winds developed from the south on Monday with gusts into the 40 to 45 mph range, and switched from the northwest and peaked with the overnight frontal passage at from 55 to near 70 mph across portions pf northeast and east-central ND.",Peak wind measured at the NDAWN station located 8N of McHenry ND.
ND-EO-2021-07,2021-07,Burgum,Declares Statewide Wildfire Emergency,2021-04-01,https://www.governor.nd.gov/executive-orders/executive-order-archive,948627,156940,2021-03-29 12:00:00,2021-03-30 04:00:00,Z,NWS forecast zone,46,EMMONS,High Wind,37.0,MS,0,0,0.00K,0.00K,AWOS,"A deep low pressure system moved along the Canadian border as a strong cold front swept through North Dakota. This led to strong winds developing over western and central North Dakota including the James River Valley. Additionally, the mixing of stronger winds aloft down to the surface was occasionally aided by light rain and snow showers moving through, enhancing wind gusts. The strongest reported wind gust of 72 mph occurred in Divide County.",Linton AWOS reported sustained winds to 44 mph.
ND-EO-2021-07,2021-07,Burgum,Declares Statewide Wildfire Emergency,2021-04-01,https://www.governor.nd.gov/executive-orders/executive-order-archive,949214,157039,2021-04-01 00:00:00,2021-04-30 23:59:00,Z,NWS forecast zone,46,EMMONS,Drought,,,0,0,0.00K,0.00K,Other Federal Agency,After a very wet 2019 precipitation cut off in 2020 and Western and Central North Dakota entered a drought for 2021. The D3 drought started in the northwest part of the state in March and expanded across most of western and central North Dakota by the start of April.,
ND-EO-2021-07,2021-07,Burgum,Declares Statewide Wildfire Emergency,2021-04-01,https://www.governor.nd.gov/executive-orders/executive-order-archive,948623,156940,2021-03-29 14:00:00,2021-03-30 04:00:00,Z,NWS forecast zone,25,FOSTER,High Wind,56.0,MG,0,0,0.00K,0.00K,AWOS,"A deep low pressure system moved along the Canadian border as a strong cold front swept through North Dakota. This led to strong winds developing over western and central North Dakota including the James River Valley. Additionally, the mixing of stronger winds aloft down to the surface was occasionally aided by light rain and snow showers moving through, enhancing wind gusts. The strongest reported wind gust of 72 mph occurred in Divide County.",Carrington AWOS reported wind gusts to 64 mph.
ND-EO-2021-07,2021-07,Burgum,Declares Statewide Wildfire Emergency,2021-04-01,https://www.governor.nd.gov/executive-orders/executive-order-archive,948603,156940,2021-03-29 09:00:00,2021-03-30 04:00:00,Z,NWS forecast zone,31,GOLDEN VALLEY,High Wind,57.0,MG,0,0,0.00K,0.00K,AWOS,"A deep low pressure system moved along the Canadian border as a strong cold front swept through North Dakota. This led to strong winds developing over western and central North Dakota including the James River Valley. Additionally, the mixing of stronger winds aloft down to the surface was occasionally aided by light rain and snow showers moving through, enhancing wind gusts. The strongest reported wind gust of 72 mph occurred in Divide County.",Beach AWOS reported wind gusts to 66 mph.
ND-EO-2021-07,2021-07,Burgum,Declares Statewide Wildfire Emergency,2021-04-01,https://www.governor.nd.gov/executive-orders/executive-order-archive,949215,157039,2021-04-01 00:00:00,2021-04-30 23:59:00,Z,NWS forecast zone,31,GOLDEN VALLEY,Drought,,,0,0,0.00K,0.00K,Other Federal Agency,After a very wet 2019 precipitation cut off in 2020 and Western and Central North Dakota entered a drought for 2021. The D3 drought started in the northwest part of the state in March and expanded across most of western and central North Dakota by the start of April.,
ND-EO-2021-07,2021-07,Burgum,Declares Statewide Wildfire Emergency,2021-04-01,https://www.governor.nd.gov/executive-orders/executive-order-archive,951947,157448,2021-03-30 04:11:00,2021-03-30 04:12:00,Z,NWS forecast zone,27,GRAND FORKS,High Wind,51.0,MG,0,0,0.00K,0.00K,AWOS,"A cold front swept through the Northern Plains from late Monday, March 29th, into Tuesday morning, March 30th.  Strong winds developed from the south on Monday with gusts into the 40 to 45 mph range, and switched from the northwest and peaked with the overnight frontal passage at from 55 to near 70 mph across portions pf northeast and east-central ND.",Peak wind measured at the Grand Forks ND Airport.
ND-EO-2021-07,2021-07,Burgum,Declares Statewide Wildfire Emergency,2021-04-01,https://www.governor.nd.gov/executive-orders/executive-order-archive,948618,156940,2021-03-29 12:00:00,2021-03-30 04:00:00,Z,NWS forecast zone,42,GRANT,High Wind,51.0,MG,0,0,0.00K,0.00K,Mesonet,"A deep low pressure system moved along the Canadian border as a strong cold front swept through North Dakota. This led to strong winds developing over western and central North Dakota including the James River Valley. Additionally, the mixing of stronger winds aloft down to the surface was occasionally aided by light rain and snow showers moving through, enhancing wind gusts. The strongest reported wind gust of 72 mph occurred in Divide County.",Lake Tschida CWOP reported wind gusts to 59 mph.
ND-EO-2021-07,2021-07,Burgum,Declares Statewide Wildfire Emergency,2021-04-01,https://www.governor.nd.gov/executive-orders/executive-order-archive,949216,157039,2021-04-01 00:00:00,2021-04-30 23:59:00,Z,NWS forecast zone,42,GRANT,Drought,,,0,0,0.00K,0.00K,Other Federal Agency,After a very wet 2019 precipitation cut off in 2020 and Western and Central North Dakota entered a drought for 2021. The D3 drought started in the northwest part of the state in March and expanded across most of western and central North Dakota by the start of April.,
ND-EO-2021-07,2021-07,Burgum,Declares Statewide Wildfire Emergency,2021-04-01,https://www.governor.nd.gov/executive-orders/executive-order-archive,951942,157448,2021-03-30 02:15:00,2021-03-30 02:16:00,Z,NWS forecast zone,28,GRIGGS,High Wind,58.0,MG,0,0,0.00K,0.00K,AWOS,"A cold front swept through the Northern Plains from late Monday, March 29th, into Tuesday morning, March 30th.  Strong winds developed from the south on Monday with gusts into the 40 to 45 mph range, and switched from the northwest and peaked with the overnight frontal passage at from 55 to near 70 mph across portions pf northeast and east-central ND.",Peak wind measured at the Cooperstown ND Airport.
ND-EO-2021-07,2021-07,Burgum,Declares Statewide Wildfire Emergency,2021-04-01,https://www.governor.nd.gov/executive-orders/executive-order-archive,948636,156940,2021-03-29 09:00:00,2021-03-30 04:00:00,Z,NWS forecast zone,41,HETTINGER,High Wind,56.0,EG,0,0,0.00K,0.00K,ASOS,"A deep low pressure system moved along the Canadian border as a strong cold front swept through North Dakota. This led to strong winds developing over western and central North Dakota including the James River Valley. Additionally, the mixing of stronger winds aloft down to the surface was occasionally aided by light rain and snow showers moving through, enhancing wind gusts. The strongest reported wind gust of 72 mph occurred in Divide County.",Hettinger County had estimated gusts to 65 mph.
ND-EO-2021-07,2021-07,Burgum,Declares Statewide Wildfire Emergency,2021-04-01,https://www.governor.nd.gov/executive-orders/executive-order-archive,949217,157039,2021-04-01 00:00:00,2021-04-30 23:59:00,Z,NWS forecast zone,41,HETTINGER,Drought,,,0,0,0.00K,0.00K,Other Federal Agency,After a very wet 2019 precipitation cut off in 2020 and Western and Central North Dakota entered a drought for 2021. The D3 drought started in the northwest part of the state in March and expanded across most of western and central North Dakota by the start of April.,
ND-EO-2021-07,2021-07,Burgum,Declares Statewide Wildfire Emergency,2021-04-01,https://www.governor.nd.gov/executive-orders/executive-order-archive,948632,156940,2021-03-29 14:00:00,2021-03-30 04:00:00,Z,NWS forecast zone,36,KIDDER,High Wind,52.0,EG,0,0,0.00K,0.00K,ASOS,"A deep low pressure system moved along the Canadian border as a strong cold front swept through North Dakota. This led to strong winds developing over western and central North Dakota including the James River Valley. Additionally, the mixing of stronger winds aloft down to the surface was occasionally aided by light rain and snow showers moving through, enhancing wind gusts. The strongest reported wind gust of 72 mph occurred in Divide County.",Kidder County had estimated wind gusts to 60 mph.
ND-EO-2021-07,2021-07,Burgum,Declares Statewide Wildfire Emergency,2021-04-01,https://www.governor.nd.gov/executive-orders/executive-order-archive,949218,157039,2021-04-01 00:00:00,2021-04-30 23:59:00,Z,NWS forecast zone,36,KIDDER,Drought,,,0,0,0.00K,0.00K,Other Federal Agency,After a very wet 2019 precipitation cut off in 2020 and Western and Central North Dakota entered a drought for 2021. The D3 drought started in the northwest part of the state in March and expanded across most of western and central North Dakota by the start of April.,
ND-EO-2021-07,2021-07,Burgum,Declares Statewide Wildfire Emergency,2021-04-01,https://www.governor.nd.gov/executive-orders/executive-order-archive,948634,156940,2021-03-29 14:00:00,2021-03-30 04:00:00,Z,NWS forecast zone,48,LA MOURE,High Wind,52.0,EG,0,0,0.00K,0.00K,ASOS,"A deep low pressure system moved along the Canadian border as a strong cold front swept through North Dakota. This led to strong winds developing over western and central North Dakota including the James River Valley. Additionally, the mixing of stronger winds aloft down to the surface was occasionally aided by light rain and snow showers moving through, enhancing wind gusts. The strongest reported wind gust of 72 mph occurred in Divide County.",LaMoure County had estimated wind gusts to 60 mph.
ND-EO-2021-07,2021-07,Burgum,Declares Statewide Wildfire Emergency,2021-04-01,https://www.governor.nd.gov/executive-orders/executive-order-archive,948633,156940,2021-03-29 14:00:00,2021-03-30 04:00:00,Z,NWS forecast zone,47,LOGAN,High Wind,52.0,EG,0,0,0.00K,0.00K,ASOS,"A deep low pressure system moved along the Canadian border as a strong cold front swept through North Dakota. This led to strong winds developing over western and central North Dakota including the James River Valley. Additionally, the mixing of stronger winds aloft down to the surface was occasionally aided by light rain and snow showers moving through, enhancing wind gusts. The strongest reported wind gust of 72 mph occurred in Divide County.",Logan County had estimated wind gusts to 60 mph.
ND-EO-2021-07,2021-07,Burgum,Declares Statewide Wildfire Emergency,2021-04-01,https://www.governor.nd.gov/executive-orders/executive-order-archive,949219,157039,2021-04-01 00:00:00,2021-04-30 23:59:00,Z,NWS forecast zone,47,LOGAN,Drought,,,0,0,0.00K,0.00K,Other Federal Agency,After a very wet 2019 precipitation cut off in 2020 and Western and Central North Dakota entered a drought for 2021. The D3 drought started in the northwest part of the state in March and expanded across most of western and central North Dakota by the start of April.,
ND-EO-2021-07,2021-07,Burgum,Declares Statewide Wildfire Emergency,2021-04-01,https://www.governor.nd.gov/executive-orders/executive-order-archive,948612,156940,2021-03-29 12:00:00,2021-03-30 04:00:00,Z,NWS forecast zone,12,MCHENRY,High Wind,52.0,MG,0,0,0.00K,0.00K,RAWS,"A deep low pressure system moved along the Canadian border as a strong cold front swept through North Dakota. This led to strong winds developing over western and central North Dakota including the James River Valley. Additionally, the mixing of stronger winds aloft down to the surface was occasionally aided by light rain and snow showers moving through, enhancing wind gusts. The strongest reported wind gust of 72 mph occurred in Divide County.",J Clark Salyer RAWS reported wind gusts to 60 mph.
ND-EO-2021-07,2021-07,Burgum,Declares Statewide Wildfire Emergency,2021-04-01,https://www.governor.nd.gov/executive-orders/executive-order-archive,949239,157039,2021-04-01 00:00:00,2021-04-30 23:59:00,Z,NWS forecast zone,12,MCHENRY,Drought,,,0,0,0.00K,0.00K,Other Federal Agency,After a very wet 2019 precipitation cut off in 2020 and Western and Central North Dakota entered a drought for 2021. The D3 drought started in the northwest part of the state in March and expanded across most of western and central North Dakota by the start of April.,
ND-EO-2021-07,2021-07,Burgum,Declares Statewide Wildfire Emergency,2021-04-01,https://www.governor.nd.gov/executive-orders/executive-order-archive,948625,156940,2021-03-29 14:00:00,2021-03-30 04:00:00,Z,NWS forecast zone,50,MCINTOSH,High Wind,56.0,MG,0,0,0.00K,0.00K,Mesonet,"A deep low pressure system moved along the Canadian border as a strong cold front swept through North Dakota. This led to strong winds developing over western and central North Dakota including the James River Valley. Additionally, the mixing of stronger winds aloft down to the surface was occasionally aided by light rain and snow showers moving through, enhancing wind gusts. The strongest reported wind gust of 72 mph occurred in Divide County.",Wishek NDDOT site reported wind gusts to 65 mph.
ND-EO-2021-07,2021-07,Burgum,Declares Statewide Wildfire Emergency,2021-04-01,https://www.governor.nd.gov/executive-orders/executive-order-archive,949220,157039,2021-04-01 00:00:00,2021-04-30 23:59:00,Z,NWS forecast zone,50,MCINTOSH,Drought,,,0,0,0.00K,0.00K,Other Federal Agency,After a very wet 2019 precipitation cut off in 2020 and Western and Central North Dakota entered a drought for 2021. The D3 drought started in the northwest part of the state in March and expanded across most of western and central North Dakota by the start of April.,
ND-EO-2021-07,2021-07,Burgum,Declares Statewide Wildfire Emergency,2021-04-01,https://www.governor.nd.gov/executive-orders/executive-order-archive,948601,156940,2021-03-29 09:00:00,2021-03-30 04:00:00,Z,NWS forecast zone,17,MCKENZIE,High Wind,60.0,MG,0,0,0.00K,0.00K,Mesonet,"A deep low pressure system moved along the Canadian border as a strong cold front swept through North Dakota. This led to strong winds developing over western and central North Dakota including the James River Valley. Additionally, the mixing of stronger winds aloft down to the surface was occasionally aided by light rain and snow showers moving through, enhancing wind gusts. The strongest reported wind gust of 72 mph occurred in Divide County.",Grassy Butte NDDOT site reported wind gusts to 69 mph.
ND-EO-2021-07,2021-07,Burgum,Declares Statewide Wildfire Emergency,2021-04-01,https://www.governor.nd.gov/executive-orders/executive-order-archive,949221,157039,2021-04-01 00:00:00,2021-04-30 23:59:00,Z,NWS forecast zone,17,MCKENZIE,Drought,,,0,0,0.00K,0.00K,Other Federal Agency,After a very wet 2019 precipitation cut off in 2020 and Western and Central North Dakota entered a drought for 2021. The D3 drought started in the northwest part of the state in March and expanded across most of western and central North Dakota by the start of April.,
ND-EO-2021-07,2021-07,Burgum,Declares Statewide Wildfire Emergency,2021-04-01,https://www.governor.nd.gov/executive-orders/executive-order-archive,948614,156940,2021-03-29 12:00:00,2021-03-30 04:00:00,Z,NWS forecast zone,21,MCLEAN,High Wind,50.0,MG,0,0,0.00K,0.00K,ASOS,"A deep low pressure system moved along the Canadian border as a strong cold front swept through North Dakota. This led to strong winds developing over western and central North Dakota including the James River Valley. Additionally, the mixing of stronger winds aloft down to the surface was occasionally aided by light rain and snow showers moving through, enhancing wind gusts. The strongest reported wind gust of 72 mph occurred in Divide County.",Garrison ASOS reported wind gusts to 58 mph.
ND-EO-2021-07,2021-07,Burgum,Declares Statewide Wildfire Emergency,2021-04-01,https://www.governor.nd.gov/executive-orders/executive-order-archive,949223,157039,2021-04-01 00:00:00,2021-04-30 23:59:00,Z,NWS forecast zone,21,MCLEAN,Drought,,,0,0,0.00K,0.00K,Other Federal Agency,After a very wet 2019 precipitation cut off in 2020 and Western and Central North Dakota entered a drought for 2021. The D3 drought started in the northwest part of the state in March and expanded across most of western and central North Dakota by the start of April.,
ND-EO-2021-07,2021-07,Burgum,Declares Statewide Wildfire Emergency,2021-04-01,https://www.governor.nd.gov/executive-orders/executive-order-archive,948613,156940,2021-03-29 12:00:00,2021-03-30 04:00:00,Z,NWS forecast zone,19,MERCER,High Wind,50.0,MG,0,0,0.00K,0.00K,AWOS,"A deep low pressure system moved along the Canadian border as a strong cold front swept through North Dakota. This led to strong winds developing over western and central North Dakota including the James River Valley. Additionally, the mixing of stronger winds aloft down to the surface was occasionally aided by light rain and snow showers moving through, enhancing wind gusts. The strongest reported wind gust of 72 mph occurred in Divide County.",Hazen AWOS reported wind gusts to 58 mph.
ND-EO-2021-07,2021-07,Burgum,Declares Statewide Wildfire Emergency,2021-04-01,https://www.governor.nd.gov/executive-orders/executive-order-archive,949224,157039,2021-04-01 00:00:00,2021-04-30 23:59:00,Z,NWS forecast zone,19,MERCER,Drought,,,0,0,0.00K,0.00K,Other Federal Agency,After a very wet 2019 precipitation cut off in 2020 and Western and Central North Dakota entered a drought for 2021. The D3 drought started in the northwest part of the state in March and expanded across most of western and central North Dakota by the start of April.,
ND-EO-2021-07,2021-07,Burgum,Declares Statewide Wildfire Emergency,2021-04-01,https://www.governor.nd.gov/executive-orders/executive-order-archive,948616,156940,2021-03-29 12:00:00,2021-03-30 04:00:00,Z,NWS forecast zone,34,MORTON,High Wind,56.0,MG,0,0,0.00K,0.00K,AWOS,"A deep low pressure system moved along the Canadian border as a strong cold front swept through North Dakota. This led to strong winds developing over western and central North Dakota including the James River Valley. Additionally, the mixing of stronger winds aloft down to the surface was occasionally aided by light rain and snow showers moving through, enhancing wind gusts. The strongest reported wind gust of 72 mph occurred in Divide County.",Mandan AWOS reported wind gusts to 65 mph.
ND-EO-2021-07,2021-07,Burgum,Declares Statewide Wildfire Emergency,2021-04-01,https://www.governor.nd.gov/executive-orders/executive-order-archive,949225,157039,2021-04-01 00:00:00,2021-04-30 23:59:00,Z,NWS forecast zone,34,MORTON,Drought,,,0,0,0.00K,0.00K,Other Federal Agency,After a very wet 2019 precipitation cut off in 2020 and Western and Central North Dakota entered a drought for 2021. The D3 drought started in the northwest part of the state in March and expanded across most of western and central North Dakota by the start of April.,
ND-EO-2021-07,2021-07,Burgum,Declares Statewide Wildfire Emergency,2021-04-01,https://www.governor.nd.gov/executive-orders/executive-order-archive,948600,156940,2021-03-29 09:00:00,2021-03-30 04:00:00,Z,NWS forecast zone,10,MOUNTRAIL,High Wind,52.0,MG,0,0,0.00K,0.00K,AWOS,"A deep low pressure system moved along the Canadian border as a strong cold front swept through North Dakota. This led to strong winds developing over western and central North Dakota including the James River Valley. Additionally, the mixing of stronger winds aloft down to the surface was occasionally aided by light rain and snow showers moving through, enhancing wind gusts. The strongest reported wind gust of 72 mph occurred in Divide County.",Stanley AWOS reported wind gusts to 60 mph.
ND-EO-2021-07,2021-07,Burgum,Declares Statewide Wildfire Emergency,2021-04-01,https://www.governor.nd.gov/executive-orders/executive-order-archive,949241,157039,2021-04-01 00:00:00,2021-04-30 23:59:00,Z,NWS forecast zone,10,MOUNTRAIL,Drought,,,0,0,0.00K,0.00K,Other Federal Agency,After a very wet 2019 precipitation cut off in 2020 and Western and Central North Dakota entered a drought for 2021. The D3 drought started in the northwest part of the state in March and expanded across most of western and central North Dakota by the start of April.,
ND-EO-2021-07,2021-07,Burgum,Declares Statewide Wildfire Emergency,2021-04-01,https://www.governor.nd.gov/executive-orders/executive-order-archive,951941,157448,2021-03-30 03:46:00,2021-03-30 03:47:00,Z,NWS forecast zone,26,NELSON,High Wind,56.0,MG,0,0,0.00K,0.00K,Mesonet,"A cold front swept through the Northern Plains from late Monday, March 29th, into Tuesday morning, March 30th.  Strong winds developed from the south on Monday with gusts into the 40 to 45 mph range, and switched from the northwest and peaked with the overnight frontal passage at from 55 to near 70 mph across portions pf northeast and east-central ND.",Peak wind measured on a 10m mast at the NDAWN station located near Pekin ND.
ND-EO-2021-07,2021-07,Burgum,Declares Statewide Wildfire Emergency,2021-04-01,https://www.governor.nd.gov/executive-orders/executive-order-archive,948631,156940,2021-03-29 12:00:00,2021-03-30 04:00:00,Z,NWS forecast zone,20,OLIVER,High Wind,52.0,EG,0,0,0.00K,0.00K,AWOS,"A deep low pressure system moved along the Canadian border as a strong cold front swept through North Dakota. This led to strong winds developing over western and central North Dakota including the James River Valley. Additionally, the mixing of stronger winds aloft down to the surface was occasionally aided by light rain and snow showers moving through, enhancing wind gusts. The strongest reported wind gust of 72 mph occurred in Divide County.",Oliver County had estimated wind gusts to 60 mph.
ND-EO-2021-07,2021-07,Burgum,Declares Statewide Wildfire Emergency,2021-04-01,https://www.governor.nd.gov/executive-orders/executive-order-archive,949227,157039,2021-04-01 00:00:00,2021-04-30 23:59:00,Z,NWS forecast zone,20,OLIVER,Drought,,,0,0,0.00K,0.00K,Other Federal Agency,After a very wet 2019 precipitation cut off in 2020 and Western and Central North Dakota entered a drought for 2021. The D3 drought started in the northwest part of the state in March and expanded across most of western and central North Dakota by the start of April.,
ND-EO-2021-07,2021-07,Burgum,Declares Statewide Wildfire Emergency,2021-04-01,https://www.governor.nd.gov/executive-orders/executive-order-archive,951946,157448,2021-03-30 02:15:00,2021-03-30 02:16:00,Z,NWS forecast zone,8,PEMBINA,High Wind,52.0,MG,0,0,0.00K,0.00K,AWOS,"A cold front swept through the Northern Plains from late Monday, March 29th, into Tuesday morning, March 30th.  Strong winds developed from the south on Monday with gusts into the 40 to 45 mph range, and switched from the northwest and peaked with the overnight frontal passage at from 55 to near 70 mph across portions pf northeast and east-central ND.",Peak wind measured at the Walhalla ND Airport.
ND-EO-2021-07,2021-07,Burgum,Declares Statewide Wildfire Emergency,2021-04-01,https://www.governor.nd.gov/executive-orders/executive-order-archive,948621,156940,2021-03-29 14:00:00,2021-03-30 04:00:00,Z,NWS forecast zone,13,PIERCE,High Wind,59.0,MG,0,0,0.00K,0.00K,Mesonet,"A deep low pressure system moved along the Canadian border as a strong cold front swept through North Dakota. This led to strong winds developing over western and central North Dakota including the James River Valley. Additionally, the mixing of stronger winds aloft down to the surface was occasionally aided by light rain and snow showers moving through, enhancing wind gusts. The strongest reported wind gust of 72 mph occurred in Divide County.",Rugby NDDOT site reported wind gusts to 68 mph.
ND-EO-2021-07,2021-07,Burgum,Declares Statewide Wildfire Emergency,2021-04-01,https://www.governor.nd.gov/executive-orders/executive-order-archive,951935,157448,2021-03-29 23:35:00,2021-03-29 23:36:00,Z,NWS forecast zone,15,RAMSEY,High Wind,50.0,MG,0,0,0.00K,0.00K,AWOS,"A cold front swept through the Northern Plains from late Monday, March 29th, into Tuesday morning, March 30th.  Strong winds developed from the south on Monday with gusts into the 40 to 45 mph range, and switched from the northwest and peaked with the overnight frontal passage at from 55 to near 70 mph across portions pf northeast and east-central ND.",Peak wind measured at the Devils Lake Airport.
ND-EO-2021-07,2021-07,Burgum,Declares Statewide Wildfire Emergency,2021-04-01,https://www.governor.nd.gov/executive-orders/executive-order-archive,948629,156940,2021-03-29 12:00:00,2021-03-30 04:00:00,Z,NWS forecast zone,3,RENVILLE,High Wind,52.0,EG,0,0,0.00K,0.00K,ASOS,"A deep low pressure system moved along the Canadian border as a strong cold front swept through North Dakota. This led to strong winds developing over western and central North Dakota including the James River Valley. Additionally, the mixing of stronger winds aloft down to the surface was occasionally aided by light rain and snow showers moving through, enhancing wind gusts. The strongest reported wind gust of 72 mph occurred in Divide County.",Renville County had estimated gusts to 60 mph.
ND-EO-2021-07,2021-07,Burgum,Declares Statewide Wildfire Emergency,2021-04-01,https://www.governor.nd.gov/executive-orders/executive-order-archive,949228,157039,2021-04-01 00:00:00,2021-04-30 23:59:00,Z,NWS forecast zone,3,RENVILLE,Drought,,,0,0,0.00K,0.00K,Other Federal Agency,After a very wet 2019 precipitation cut off in 2020 and Western and Central North Dakota entered a drought for 2021. The D3 drought started in the northwest part of the state in March and expanded across most of western and central North Dakota by the start of April.,
ND-EO-2021-07,2021-07,Burgum,Declares Statewide Wildfire Emergency,2021-04-01,https://www.governor.nd.gov/executive-orders/executive-order-archive,948620,156940,2021-03-29 14:00:00,2021-03-30 04:00:00,Z,NWS forecast zone,5,ROLETTE,High Wind,57.0,MG,0,0,0.00K,0.00K,AWOS,"A deep low pressure system moved along the Canadian border as a strong cold front swept through North Dakota. This led to strong winds developing over western and central North Dakota including the James River Valley. Additionally, the mixing of stronger winds aloft down to the surface was occasionally aided by light rain and snow showers moving through, enhancing wind gusts. The strongest reported wind gust of 72 mph occurred in Divide County.",Rolla AWOS reported wind gusts to 66 mph.
ND-EO-2021-07,2021-07,Burgum,Declares Statewide Wildfire Emergency,2021-04-01,https://www.governor.nd.gov/executive-orders/executive-order-archive,949230,157039,2021-04-01 00:00:00,2021-04-30 23:59:00,Z,NWS forecast zone,5,ROLETTE,Drought,,,0,0,0.00K,0.00K,Other Federal Agency,After a very wet 2019 precipitation cut off in 2020 and Western and Central North Dakota entered a drought for 2021. The D3 drought started in the northwest part of the state in March and expanded across most of western and central North Dakota by the start of April.,
ND-EO-2021-07,2021-07,Burgum,Declares Statewide Wildfire Emergency,2021-04-01,https://www.governor.nd.gov/executive-orders/executive-order-archive,948615,156940,2021-03-29 12:00:00,2021-03-30 04:00:00,Z,NWS forecast zone,22,SHERIDAN,High Wind,62.0,MG,0,0,0.00K,0.00K,Mesonet,"A deep low pressure system moved along the Canadian border as a strong cold front swept through North Dakota. This led to strong winds developing over western and central North Dakota including the James River Valley. Additionally, the mixing of stronger winds aloft down to the surface was occasionally aided by light rain and snow showers moving through, enhancing wind gusts. The strongest reported wind gust of 72 mph occurred in Divide County.",Denhoff NDDOT site reported wind gusts to 71 mph.
ND-EO-2021-07,2021-07,Burgum,Declares Statewide Wildfire Emergency,2021-04-01,https://www.governor.nd.gov/executive-orders/executive-order-archive,949231,157039,2021-04-01 00:00:00,2021-04-30 23:59:00,Z,NWS forecast zone,22,SHERIDAN,Drought,,,0,0,0.00K,0.00K,Other Federal Agency,After a very wet 2019 precipitation cut off in 2020 and Western and Central North Dakota entered a drought for 2021. The D3 drought started in the northwest part of the state in March and expanded across most of western and central North Dakota by the start of April.,
ND-EO-2021-07,2021-07,Burgum,Declares Statewide Wildfire Emergency,2021-04-01,https://www.governor.nd.gov/executive-orders/executive-order-archive,948619,156940,2021-03-29 12:00:00,2021-03-30 04:00:00,Z,NWS forecast zone,45,SIOUX,High Wind,57.0,MG,0,0,0.00K,0.00K,RAWS,"A deep low pressure system moved along the Canadian border as a strong cold front swept through North Dakota. This led to strong winds developing over western and central North Dakota including the James River Valley. Additionally, the mixing of stronger winds aloft down to the surface was occasionally aided by light rain and snow showers moving through, enhancing wind gusts. The strongest reported wind gust of 72 mph occurred in Divide County.",Tatanka Prairie RAWS reported wind gusts to 66 mph.
ND-EO-2021-07,2021-07,Burgum,Declares Statewide Wildfire Emergency,2021-04-01,https://www.governor.nd.gov/executive-orders/executive-order-archive,949232,157039,2021-04-01 00:00:00,2021-04-30 23:59:00,Z,NWS forecast zone,45,SIOUX,Drought,,,0,0,0.00K,0.00K,Other Federal Agency,After a very wet 2019 precipitation cut off in 2020 and Western and Central North Dakota entered a drought for 2021. The D3 drought started in the northwest part of the state in March and expanded across most of western and central North Dakota by the start of April.,
ND-EO-2021-07,2021-07,Burgum,Declares Statewide Wildfire Emergency,2021-04-01,https://www.governor.nd.gov/executive-orders/executive-order-archive,948607,156940,2021-03-29 09:00:00,2021-03-30 04:00:00,Z,NWS forecast zone,40,SLOPE,High Wind,55.0,MG,0,0,0.00K,0.00K,RAWS,"A deep low pressure system moved along the Canadian border as a strong cold front swept through North Dakota. This led to strong winds developing over western and central North Dakota including the James River Valley. Additionally, the mixing of stronger winds aloft down to the surface was occasionally aided by light rain and snow showers moving through, enhancing wind gusts. The strongest reported wind gust of 72 mph occurred in Divide County.",Sand Creek RAWS reported wind gusts to 63 mph.
ND-EO-2021-07,2021-07,Burgum,Declares Statewide Wildfire Emergency,2021-04-01,https://www.governor.nd.gov/executive-orders/executive-order-archive,949226,157039,2021-04-01 00:00:00,2021-04-30 23:59:00,Z,NWS forecast zone,40,SLOPE,Drought,,,0,0,0.00K,0.00K,Other Federal Agency,After a very wet 2019 precipitation cut off in 2020 and Western and Central North Dakota entered a drought for 2021. The D3 drought started in the northwest part of the state in March and expanded across most of western and central North Dakota by the start of April.,
ND-EO-2021-07,2021-07,Burgum,Declares Statewide Wildfire Emergency,2021-04-01,https://www.governor.nd.gov/executive-orders/executive-order-archive,948606,156940,2021-03-29 09:00:00,2021-03-30 04:00:00,Z,NWS forecast zone,33,STARK,High Wind,59.0,MG,0,0,0.00K,0.00K,ASOS,"A deep low pressure system moved along the Canadian border as a strong cold front swept through North Dakota. This led to strong winds developing over western and central North Dakota including the James River Valley. Additionally, the mixing of stronger winds aloft down to the surface was occasionally aided by light rain and snow showers moving through, enhancing wind gusts. The strongest reported wind gust of 72 mph occurred in Divide County.",Dickinson ASOS reported wind gusts to 68 mph.
ND-EO-2021-07,2021-07,Burgum,Declares Statewide Wildfire Emergency,2021-04-01,https://www.governor.nd.gov/executive-orders/executive-order-archive,949233,157039,2021-04-01 00:00:00,2021-04-30 23:59:00,Z,NWS forecast zone,33,STARK,Drought,,,0,0,0.00K,0.00K,Other Federal Agency,After a very wet 2019 precipitation cut off in 2020 and Western and Central North Dakota entered a drought for 2021. The D3 drought started in the northwest part of the state in March and expanded across most of western and central North Dakota by the start of April.,
ND-EO-2021-07,2021-07,Burgum,Declares Statewide Wildfire Emergency,2021-04-01,https://www.governor.nd.gov/executive-orders/executive-order-archive,948624,156940,2021-03-29 14:00:00,2021-03-30 04:00:00,Z,NWS forecast zone,37,STUTSMAN,High Wind,55.0,MG,0,0,0.00K,0.00K,RAWS,"A deep low pressure system moved along the Canadian border as a strong cold front swept through North Dakota. This led to strong winds developing over western and central North Dakota including the James River Valley. Additionally, the mixing of stronger winds aloft down to the surface was occasionally aided by light rain and snow showers moving through, enhancing wind gusts. The strongest reported wind gust of 72 mph occurred in Divide County.",Arrowwood RAWS reported wind gusts to 63 mph.
ND-EO-2021-07,2021-07,Burgum,Declares Statewide Wildfire Emergency,2021-04-01,https://www.governor.nd.gov/executive-orders/executive-order-archive,951931,157448,2021-03-30 02:15:00,2021-03-30 02:16:00,Z,NWS forecast zone,6,TOWNER,High Wind,53.0,MG,0,0,0.00K,0.00K,AWOS,"A cold front swept through the Northern Plains from late Monday, March 29th, into Tuesday morning, March 30th.  Strong winds developed from the south on Monday with gusts into the 40 to 45 mph range, and switched from the northwest and peaked with the overnight frontal passage at from 55 to near 70 mph across portions pf northeast and east-central ND.",Peak wind measured at the Cando Airport.
ND-EO-2021-07,2021-07,Burgum,Declares Statewide Wildfire Emergency,2021-04-01,https://www.governor.nd.gov/executive-orders/executive-order-archive,948610,156940,2021-03-29 12:00:00,2021-03-30 04:00:00,Z,NWS forecast zone,11,WARD,High Wind,58.0,MG,0,0,0.00K,0.00K,ASOS,"A deep low pressure system moved along the Canadian border as a strong cold front swept through North Dakota. This led to strong winds developing over western and central North Dakota including the James River Valley. Additionally, the mixing of stronger winds aloft down to the surface was occasionally aided by light rain and snow showers moving through, enhancing wind gusts. The strongest reported wind gust of 72 mph occurred in Divide County.",Minot ASOS reported wind gusts to 67 mph.
ND-EO-2021-07,2021-07,Burgum,Declares Statewide Wildfire Emergency,2021-04-01,https://www.governor.nd.gov/executive-orders/executive-order-archive,949234,157039,2021-04-01 00:00:00,2021-04-30 23:59:00,Z,NWS forecast zone,11,WARD,Drought,,,0,0,0.00K,0.00K,Other Federal Agency,After a very wet 2019 precipitation cut off in 2020 and Western and Central North Dakota entered a drought for 2021. The D3 drought started in the northwest part of the state in March and expanded across most of western and central North Dakota by the start of April.,
ND-EO-2021-07,2021-07,Burgum,Declares Statewide Wildfire Emergency,2021-04-01,https://www.governor.nd.gov/executive-orders/executive-order-archive,948622,156940,2021-03-29 14:00:00,2021-03-30 04:00:00,Z,NWS forecast zone,23,WELLS,High Wind,50.0,MG,0,0,0.00K,0.00K,AWOS,"A deep low pressure system moved along the Canadian border as a strong cold front swept through North Dakota. This led to strong winds developing over western and central North Dakota including the James River Valley. Additionally, the mixing of stronger winds aloft down to the surface was occasionally aided by light rain and snow showers moving through, enhancing wind gusts. The strongest reported wind gust of 72 mph occurred in Divide County.",Harvey AWOS reported wind gusts to 58 mph.
ND-EO-2021-07,2021-07,Burgum,Declares Statewide Wildfire Emergency,2021-04-01,https://www.governor.nd.gov/executive-orders/executive-order-archive,951944,157448,2021-03-30 03:12:00,2021-03-30 03:13:00,Z,NWS forecast zone,54,WESTERN WALSH,High Wind,53.0,MG,0,0,0.00K,0.00K,Mesonet,"A cold front swept through the Northern Plains from late Monday, March 29th, into Tuesday morning, March 30th.  Strong winds developed from the south on Monday with gusts into the 40 to 45 mph range, and switched from the northwest and peaked with the overnight frontal passage at from 55 to near 70 mph across portions pf northeast and east-central ND.",Peak wind measured at the NDAWN station 7 WNW of Forest River ND.
ND-EO-2021-07,2021-07,Burgum,Declares Statewide Wildfire Emergency,2021-04-01,https://www.governor.nd.gov/executive-orders/executive-order-archive,948599,156940,2021-03-29 09:00:00,2021-03-30 04:00:00,Z,NWS forecast zone,9,WILLIAMS,High Wind,61.0,MG,0,0,0.00K,0.00K,ASOS,"A deep low pressure system moved along the Canadian border as a strong cold front swept through North Dakota. This led to strong winds developing over western and central North Dakota including the James River Valley. Additionally, the mixing of stronger winds aloft down to the surface was occasionally aided by light rain and snow showers moving through, enhancing wind gusts. The strongest reported wind gust of 72 mph occurred in Divide County.",Williston ASOS reported wind gusts to 70 mph.
ND-EO-2021-07,2021-07,Burgum,Declares Statewide Wildfire Emergency,2021-04-01,https://www.governor.nd.gov/executive-orders/executive-order-archive,949235,157039,2021-04-01 00:00:00,2021-04-30 23:59:00,Z,NWS forecast zone,9,WILLIAMS,Drought,,,0,0,0.00K,0.00K,Other Federal Agency,After a very wet 2019 precipitation cut off in 2020 and Western and Central North Dakota entered a drought for 2021. The D3 drought started in the northwest part of the state in March and expanded across most of western and central North Dakota by the start of April.,
ND-EO-2021-14,2021-14,Burgum,Declares Statewide Severe Summer Storm Disaster,2021-08-09,https://www.governor.nd.gov/executive-orders/executive-order-archive,982943,162786,2021-08-09 16:55:00,2021-08-09 16:55:00,C,county/county-equivalent,5,BENSON,Hail,1.0,,0,0,,,Public,"Severe thunderstorms formed during the late afternoon and early evening, extending into the overnight period. Damaging wind gusts, large hail, and tornadoes were all reported through the course of the event.",Received a public report of dime to quarter-sized hail that fell off and on for about 5 minutes.
ND-EO-2021-14,2021-14,Burgum,Declares Statewide Severe Summer Storm Disaster,2021-08-09,https://www.governor.nd.gov/executive-orders/executive-order-archive,983043,162786,2021-08-09 19:18:00,2021-08-09 19:18:00,C,county/county-equivalent,19,CAVALIER,Hail,1.0,,0,0,,,Public,"Severe thunderstorms formed during the late afternoon and early evening, extending into the overnight period. Damaging wind gusts, large hail, and tornadoes were all reported through the course of the event.",Received a public report of dime to quarter-sized hail.
ND-EO-2021-14,2021-14,Burgum,Declares Statewide Severe Summer Storm Disaster,2021-08-09,https://www.governor.nd.gov/executive-orders/executive-order-archive,983047,162786,2021-08-09 19:22:00,2021-08-09 19:22:00,C,county/county-equivalent,19,CAVALIER,Hail,1.5,,0,0,,,Public,"Severe thunderstorms formed during the late afternoon and early evening, extending into the overnight period. Damaging wind gusts, large hail, and tornadoes were all reported through the course of the event.","Very heavy rain and strong winds occurred, along with hail up to the size of ping pong balls."
ND-EO-2021-14,2021-14,Burgum,Declares Statewide Severe Summer Storm Disaster,2021-08-09,https://www.governor.nd.gov/executive-orders/executive-order-archive,982944,162786,2021-08-09 17:21:00,2021-08-09 17:21:00,C,county/county-equivalent,27,EDDY,Hail,1.5,,0,0,,,Public,"Severe thunderstorms formed during the late afternoon and early evening, extending into the overnight period. Damaging wind gusts, large hail, and tornadoes were all reported through the course of the event.",
ND-EO-2021-14,2021-14,Burgum,Declares Statewide Severe Summer Storm Disaster,2021-08-09,https://www.governor.nd.gov/executive-orders/executive-order-archive,982950,162786,2021-08-09 17:46:00,2021-08-09 17:46:00,C,county/county-equivalent,27,EDDY,Thunderstorm Wind,61.0,EG,0,0,,,Public,"Severe thunderstorms formed during the late afternoon and early evening, extending into the overnight period. Damaging wind gusts, large hail, and tornadoes were all reported through the course of the event.",Damaging winds combined with dime to quarter-sized hail to break windows across town. Time was estimated by radar.
ND-EO-2021-14,2021-14,Burgum,Declares Statewide Severe Summer Storm Disaster,2021-08-09,https://www.governor.nd.gov/executive-orders/executive-order-archive,982951,162786,2021-08-09 18:01:00,2021-08-09 18:01:00,C,county/county-equivalent,27,EDDY,Hail,1.75,,0,0,,,Trained Spotter,"Severe thunderstorms formed during the late afternoon and early evening, extending into the overnight period. Damaging wind gusts, large hail, and tornadoes were all reported through the course of the event.",
ND-EO-2021-14,2021-14,Burgum,Declares Statewide Severe Summer Storm Disaster,2021-08-09,https://www.governor.nd.gov/executive-orders/executive-order-archive,982961,162786,2021-08-09 18:30:00,2021-08-09 18:30:00,C,county/county-equivalent,27,EDDY,Hail,1.25,,0,0,,,Trained Spotter,"Severe thunderstorms formed during the late afternoon and early evening, extending into the overnight period. Damaging wind gusts, large hail, and tornadoes were all reported through the course of the event.",Trained spotter reported very heavy rain along with quarter to half-dollar sized hail.
ND-EO-2021-14,2021-14,Burgum,Declares Statewide Severe Summer Storm Disaster,2021-08-09,https://www.governor.nd.gov/executive-orders/executive-order-archive,982972,162786,2021-08-09 19:10:00,2021-08-09 19:10:00,C,county/county-equivalent,27,EDDY,Hail,1.5,,0,0,,,Public,"Severe thunderstorms formed during the late afternoon and early evening, extending into the overnight period. Damaging wind gusts, large hail, and tornadoes were all reported through the course of the event.",Received a public report of large hail and heavy rain.
ND-EO-2021-14,2021-14,Burgum,Declares Statewide Severe Summer Storm Disaster,2021-08-09,https://www.governor.nd.gov/executive-orders/executive-order-archive,974365,161338,2021-08-09 17:25:00,2021-08-09 17:28:00,C,county/county-equivalent,31,FOSTER,Hail,1.25,,0,0,0.00K,0.00K,Public,"Thunderstorms developed along a surface trough over north-central North Dakota into the James River Valley region. Some of these storms produced very large hail in an environment of elevated instability and strong deep layer shear. The largest hail was produced by an intense thunderstorm that moved through eastern Wells County, resulting in baseball size hail in the city of Fessenden, and three inch diameter hail to the east of Bowdon.",
ND-EO-2021-14,2021-14,Burgum,Declares Statewide Severe Summer Storm Disaster,2021-08-09,https://www.governor.nd.gov/executive-orders/executive-order-archive,974366,161338,2021-08-09 18:00:00,2021-08-09 18:05:00,C,county/county-equivalent,31,FOSTER,Hail,1.75,,0,0,0.00K,0.00K,Public,"Thunderstorms developed along a surface trough over north-central North Dakota into the James River Valley region. Some of these storms produced very large hail in an environment of elevated instability and strong deep layer shear. The largest hail was produced by an intense thunderstorm that moved through eastern Wells County, resulting in baseball size hail in the city of Fessenden, and three inch diameter hail to the east of Bowdon.",
ND-EO-2021-14,2021-14,Burgum,Declares Statewide Severe Summer Storm Disaster,2021-08-09,https://www.governor.nd.gov/executive-orders/executive-order-archive,974367,161338,2021-08-09 18:35:00,2021-08-09 18:39:00,C,county/county-equivalent,31,FOSTER,Hail,1.0,,0,0,0.00K,0.00K,Trained Spotter,"Thunderstorms developed along a surface trough over north-central North Dakota into the James River Valley region. Some of these storms produced very large hail in an environment of elevated instability and strong deep layer shear. The largest hail was produced by an intense thunderstorm that moved through eastern Wells County, resulting in baseball size hail in the city of Fessenden, and three inch diameter hail to the east of Bowdon.",
ND-EO-2021-14,2021-14,Burgum,Declares Statewide Severe Summer Storm Disaster,2021-08-09,https://www.governor.nd.gov/executive-orders/executive-order-archive,974369,161338,2021-08-09 19:08:00,2021-08-09 19:14:00,C,county/county-equivalent,31,FOSTER,Hail,1.25,,0,0,0.00K,0.00K,Trained Spotter,"Thunderstorms developed along a surface trough over north-central North Dakota into the James River Valley region. Some of these storms produced very large hail in an environment of elevated instability and strong deep layer shear. The largest hail was produced by an intense thunderstorm that moved through eastern Wells County, resulting in baseball size hail in the city of Fessenden, and three inch diameter hail to the east of Bowdon.",
ND-EO-2021-14,2021-14,Burgum,Declares Statewide Severe Summer Storm Disaster,2021-08-09,https://www.governor.nd.gov/executive-orders/executive-order-archive,974370,161338,2021-08-09 19:23:00,2021-08-09 19:26:00,C,county/county-equivalent,31,FOSTER,Hail,1.0,,0,0,0.00K,0.00K,Public,"Thunderstorms developed along a surface trough over north-central North Dakota into the James River Valley region. Some of these storms produced very large hail in an environment of elevated instability and strong deep layer shear. The largest hail was produced by an intense thunderstorm that moved through eastern Wells County, resulting in baseball size hail in the city of Fessenden, and three inch diameter hail to the east of Bowdon.",
ND-EO-2021-14,2021-14,Burgum,Declares Statewide Severe Summer Storm Disaster,2021-08-09,https://www.governor.nd.gov/executive-orders/executive-order-archive,983149,162786,2021-08-09 20:31:00,2021-08-09 20:31:00,C,county/county-equivalent,35,GRAND FORKS,Thunderstorm Wind,58.0,MG,0,0,,,Mesonet,"Severe thunderstorms formed during the late afternoon and early evening, extending into the overnight period. Damaging wind gusts, large hail, and tornadoes were all reported through the course of the event.",Peak wind measured by an NDAWN station at the 10-meter height.
ND-EO-2021-14,2021-14,Burgum,Declares Statewide Severe Summer Storm Disaster,2021-08-09,https://www.governor.nd.gov/executive-orders/executive-order-archive,983156,162786,2021-08-09 20:36:00,2021-08-09 20:36:00,C,county/county-equivalent,35,GRAND FORKS,Thunderstorm Wind,61.0,EG,0,0,,,Public,"Severe thunderstorms formed during the late afternoon and early evening, extending into the overnight period. Damaging wind gusts, large hail, and tornadoes were all reported through the course of the event.","A 12-inch diameter cottonwood branch was reported snapped. Pea-sized hail was also reported. Report received via social media, time estimated from radar."
ND-EO-2021-14,2021-14,Burgum,Declares Statewide Severe Summer Storm Disaster,2021-08-09,https://www.governor.nd.gov/executive-orders/executive-order-archive,983158,162786,2021-08-09 20:42:00,2021-08-09 20:43:00,C,county/county-equivalent,35,GRAND FORKS,Tornado,,,0,0,1.00K,,NWS Storm Survey,"Severe thunderstorms formed during the late afternoon and early evening, extending into the overnight period. Damaging wind gusts, large hail, and tornadoes were all reported through the course of the event.",A few cottonwood trees were snapped or uprooted in a shelterbelt. A brief tornado touchdown is expected based on radar imagery.
ND-EO-2021-14,2021-14,Burgum,Declares Statewide Severe Summer Storm Disaster,2021-08-09,https://www.governor.nd.gov/executive-orders/executive-order-archive,983162,162786,2021-08-09 20:45:00,2021-08-09 20:45:00,C,county/county-equivalent,35,GRAND FORKS,Thunderstorm Wind,61.0,EG,0,0,,,NWS Storm Survey,"Severe thunderstorms formed during the late afternoon and early evening, extending into the overnight period. Damaging wind gusts, large hail, and tornadoes were all reported through the course of the event.",A poplar tree was blown down along with several large tree branches and limbs at the Northwood Golf Course. Likely caused by the rear flank downdraft from a supercell. Time estimated based on radar.
ND-EO-2021-14,2021-14,Burgum,Declares Statewide Severe Summer Storm Disaster,2021-08-09,https://www.governor.nd.gov/executive-orders/executive-order-archive,983164,162786,2021-08-09 21:09:00,2021-08-09 21:09:00,C,county/county-equivalent,35,GRAND FORKS,Thunderstorm Wind,52.0,EG,0,0,,,NWS Storm Survey,"Severe thunderstorms formed during the late afternoon and early evening, extending into the overnight period. Damaging wind gusts, large hail, and tornadoes were all reported through the course of the event.",A couple of cottonwood trees were blown down; time was estimated based on radar.
ND-EO-2021-14,2021-14,Burgum,Declares Statewide Severe Summer Storm Disaster,2021-08-09,https://www.governor.nd.gov/executive-orders/executive-order-archive,983165,162786,2021-08-09 21:30:00,2021-08-09 21:30:00,C,county/county-equivalent,35,GRAND FORKS,Hail,1.0,,0,0,,,Public,"Severe thunderstorms formed during the late afternoon and early evening, extending into the overnight period. Damaging wind gusts, large hail, and tornadoes were all reported through the course of the event.",A public report of hail was relayed via social media.
ND-EO-2021-14,2021-14,Burgum,Declares Statewide Severe Summer Storm Disaster,2021-08-09,https://www.governor.nd.gov/executive-orders/executive-order-archive,983166,162786,2021-08-09 21:30:00,2021-08-09 21:30:00,C,county/county-equivalent,35,GRAND FORKS,Hail,1.0,,0,0,,,Public,"Severe thunderstorms formed during the late afternoon and early evening, extending into the overnight period. Damaging wind gusts, large hail, and tornadoes were all reported through the course of the event.",A public report of hail was relayed via social media.
ND-EO-2021-14,2021-14,Burgum,Declares Statewide Severe Summer Storm Disaster,2021-08-09,https://www.governor.nd.gov/executive-orders/executive-order-archive,983170,162786,2021-08-09 21:37:00,2021-08-09 21:37:00,C,county/county-equivalent,35,GRAND FORKS,Thunderstorm Wind,60.0,MG,0,0,,,ASOS,"Severe thunderstorms formed during the late afternoon and early evening, extending into the overnight period. Damaging wind gusts, large hail, and tornadoes were all reported through the course of the event.",Peak wind was measured by the KGFK ASOS at the Grand Forks International Airport.
ND-EO-2021-14,2021-14,Burgum,Declares Statewide Severe Summer Storm Disaster,2021-08-09,https://www.governor.nd.gov/executive-orders/executive-order-archive,983172,162786,2021-08-09 21:38:00,2021-08-09 21:38:00,C,county/county-equivalent,35,GRAND FORKS,Thunderstorm Wind,52.0,MG,0,0,,,Public,"Severe thunderstorms formed during the late afternoon and early evening, extending into the overnight period. Damaging wind gusts, large hail, and tornadoes were all reported through the course of the event.",Peak wind was measured by the UND Clifford Hall Anemometer.
ND-EO-2021-14,2021-14,Burgum,Declares Statewide Severe Summer Storm Disaster,2021-08-09,https://www.governor.nd.gov/executive-orders/executive-order-archive,983173,162786,2021-08-09 21:42:00,2021-08-09 21:42:00,C,county/county-equivalent,35,GRAND FORKS,Thunderstorm Wind,52.0,EG,0,0,,,Trained Spotter,"Severe thunderstorms formed during the late afternoon and early evening, extending into the overnight period. Damaging wind gusts, large hail, and tornadoes were all reported through the course of the event.","Numerous large branches and limbs down along Belmont Rd, south of 27th."
ND-EO-2021-14,2021-14,Burgum,Declares Statewide Severe Summer Storm Disaster,2021-08-09,https://www.governor.nd.gov/executive-orders/executive-order-archive,983177,162786,2021-08-09 21:45:00,2021-08-09 21:45:00,C,county/county-equivalent,35,GRAND FORKS,Thunderstorm Wind,61.0,EG,0,0,40.00K,,NWS Storm Survey,"Severe thunderstorms formed during the late afternoon and early evening, extending into the overnight period. Damaging wind gusts, large hail, and tornadoes were all reported through the course of the event.",Metal roof was torn from a business along Highway 2. Time was estimated based on radar and nearby sensor observations.
ND-EO-2021-14,2021-14,Burgum,Declares Statewide Severe Summer Storm Disaster,2021-08-09,https://www.governor.nd.gov/executive-orders/executive-order-archive,983181,162786,2021-08-09 21:47:00,2021-08-09 21:47:00,C,county/county-equivalent,35,GRAND FORKS,Thunderstorm Wind,52.0,EG,0,0,,,Public,"Severe thunderstorms formed during the late afternoon and early evening, extending into the overnight period. Damaging wind gusts, large hail, and tornadoes were all reported through the course of the event.","Large, 4 to 6-inch diameter, tree branches were broken across a farmstead."
ND-EO-2021-14,2021-14,Burgum,Declares Statewide Severe Summer Storm Disaster,2021-08-09,https://www.governor.nd.gov/executive-orders/executive-order-archive,983183,162786,2021-08-09 21:48:00,2021-08-09 21:48:00,C,county/county-equivalent,35,GRAND FORKS,Thunderstorm Wind,54.0,MG,0,0,,,Mesonet,"Severe thunderstorms formed during the late afternoon and early evening, extending into the overnight period. Damaging wind gusts, large hail, and tornadoes were all reported through the course of the event.",The peak wind was measured at a North Dakota DOT RWIS station.
ND-EO-2021-14,2021-14,Burgum,Declares Statewide Severe Summer Storm Disaster,2021-08-09,https://www.governor.nd.gov/executive-orders/executive-order-archive,983058,162786,2021-08-09 19:26:00,2021-08-09 19:26:00,C,county/county-equivalent,39,GRIGGS,Hail,1.75,,0,0,,,Public,"Severe thunderstorms formed during the late afternoon and early evening, extending into the overnight period. Damaging wind gusts, large hail, and tornadoes were all reported through the course of the event.","Photos and reports received on social media showing mostly golf ball-sized hail, with a few larger pieces."
ND-EO-2021-14,2021-14,Burgum,Declares Statewide Severe Summer Storm Disaster,2021-08-09,https://www.governor.nd.gov/executive-orders/executive-order-archive,983062,162786,2021-08-09 19:27:00,2021-08-09 19:37:00,C,county/county-equivalent,39,GRIGGS,Thunderstorm Wind,52.0,EG,0,0,,,Public,"Severe thunderstorms formed during the late afternoon and early evening, extending into the overnight period. Damaging wind gusts, large hail, and tornadoes were all reported through the course of the event.",Received a public report of a few large tree branches broken near Red Willow Lake.
ND-EO-2021-14,2021-14,Burgum,Declares Statewide Severe Summer Storm Disaster,2021-08-09,https://www.governor.nd.gov/executive-orders/executive-order-archive,983078,162786,2021-08-09 19:34:00,2021-08-09 19:35:00,C,county/county-equivalent,39,GRIGGS,Tornado,,,0,0,,,Storm Chaser,"Severe thunderstorms formed during the late afternoon and early evening, extending into the overnight period. Damaging wind gusts, large hail, and tornadoes were all reported through the course of the event.",A brief touchdown was noted and recorded on video between 834 and 835 pm CDT. The touchdown occurred over an open field as the storm quickly became ran wrapped. Additional brief touchdown may have occurred later in the east-northeastward path.
ND-EO-2021-14,2021-14,Burgum,Declares Statewide Severe Summer Storm Disaster,2021-08-09,https://www.governor.nd.gov/executive-orders/executive-order-archive,983084,162786,2021-08-09 19:35:00,2021-08-09 19:35:00,C,county/county-equivalent,39,GRIGGS,Hail,2.5,,0,0,,,Public,"Severe thunderstorms formed during the late afternoon and early evening, extending into the overnight period. Damaging wind gusts, large hail, and tornadoes were all reported through the course of the event.",A photo and report of 2.5-inch hail was received via social media.
ND-EO-2021-14,2021-14,Burgum,Declares Statewide Severe Summer Storm Disaster,2021-08-09,https://www.governor.nd.gov/executive-orders/executive-order-archive,983087,162786,2021-08-09 19:35:00,2021-08-09 19:35:00,C,county/county-equivalent,39,GRIGGS,Hail,2.75,,0,0,,,Public,"Severe thunderstorms formed during the late afternoon and early evening, extending into the overnight period. Damaging wind gusts, large hail, and tornadoes were all reported through the course of the event.",Photo and report received via social media. Hail was larger than the diameter of a soda can. Time estimated based on radar.
ND-EO-2021-14,2021-14,Burgum,Declares Statewide Severe Summer Storm Disaster,2021-08-09,https://www.governor.nd.gov/executive-orders/executive-order-archive,974368,161338,2021-08-09 18:53:00,2021-08-09 18:59:00,C,county/county-equivalent,45,LA MOURE,Hail,1.0,,0,0,0.00K,0.00K,Trained Spotter,"Thunderstorms developed along a surface trough over north-central North Dakota into the James River Valley region. Some of these storms produced very large hail in an environment of elevated instability and strong deep layer shear. The largest hail was produced by an intense thunderstorm that moved through eastern Wells County, resulting in baseball size hail in the city of Fessenden, and three inch diameter hail to the east of Bowdon.",
ND-EO-2021-14,2021-14,Burgum,Declares Statewide Severe Summer Storm Disaster,2021-08-09,https://www.governor.nd.gov/executive-orders/executive-order-archive,974364,161338,2021-08-09 17:02:00,2021-08-09 17:10:00,C,county/county-equivalent,49,MCHENRY,Hail,1.25,,0,0,0.00K,0.00K,Trained Spotter,"Thunderstorms developed along a surface trough over north-central North Dakota into the James River Valley region. Some of these storms produced very large hail in an environment of elevated instability and strong deep layer shear. The largest hail was produced by an intense thunderstorm that moved through eastern Wells County, resulting in baseball size hail in the city of Fessenden, and three inch diameter hail to the east of Bowdon.",
ND-EO-2021-14,2021-14,Burgum,Declares Statewide Severe Summer Storm Disaster,2021-08-09,https://www.governor.nd.gov/executive-orders/executive-order-archive,982968,162786,2021-08-09 19:00:00,2021-08-09 19:00:00,C,county/county-equivalent,63,NELSON,Hail,1.25,,0,0,,,Public,"Severe thunderstorms formed during the late afternoon and early evening, extending into the overnight period. Damaging wind gusts, large hail, and tornadoes were all reported through the course of the event.","Hail was reported between Tolna and Pekin, ranging from nickel to quarter-sized."
ND-EO-2021-14,2021-14,Burgum,Declares Statewide Severe Summer Storm Disaster,2021-08-09,https://www.governor.nd.gov/executive-orders/executive-order-archive,983051,162786,2021-08-09 19:24:00,2021-08-09 19:34:00,C,county/county-equivalent,63,NELSON,Thunderstorm Wind,61.0,EG,0,0,,,Public,"Severe thunderstorms formed during the late afternoon and early evening, extending into the overnight period. Damaging wind gusts, large hail, and tornadoes were all reported through the course of the event.","Several large, 4 to 6 inch, tree branches were snapped around a farmstead."
ND-EO-2021-14,2021-14,Burgum,Declares Statewide Severe Summer Storm Disaster,2021-08-09,https://www.governor.nd.gov/executive-orders/executive-order-archive,983137,162786,2021-08-09 20:23:00,2021-08-09 20:23:00,C,county/county-equivalent,63,NELSON,Thunderstorm Wind,61.0,EG,0,0,,,NWS Storm Survey,"Severe thunderstorms formed during the late afternoon and early evening, extending into the overnight period. Damaging wind gusts, large hail, and tornadoes were all reported through the course of the event.",Spruce trees partially uprooted in a shelterbelt. Time is estimated based on radar.
ND-EO-2021-14,2021-14,Burgum,Declares Statewide Severe Summer Storm Disaster,2021-08-09,https://www.governor.nd.gov/executive-orders/executive-order-archive,983088,162786,2021-08-09 20:03:00,2021-08-09 20:03:00,C,county/county-equivalent,67,PEMBINA,Hail,1.0,,0,0,,,Public,"Severe thunderstorms formed during the late afternoon and early evening, extending into the overnight period. Damaging wind gusts, large hail, and tornadoes were all reported through the course of the event.",
ND-EO-2021-14,2021-14,Burgum,Declares Statewide Severe Summer Storm Disaster,2021-08-09,https://www.governor.nd.gov/executive-orders/executive-order-archive,982958,162786,2021-08-09 18:27:00,2021-08-09 18:27:00,C,county/county-equivalent,71,RAMSEY,Hail,1.25,,0,0,,,Public,"Severe thunderstorms formed during the late afternoon and early evening, extending into the overnight period. Damaging wind gusts, large hail, and tornadoes were all reported through the course of the event.",Quarter to half-dollar sized hail lasted for a few minutes.
ND-EO-2021-14,2021-14,Burgum,Declares Statewide Severe Summer Storm Disaster,2021-08-09,https://www.governor.nd.gov/executive-orders/executive-order-archive,983103,162786,2021-08-09 20:20:00,2021-08-09 20:28:00,C,county/county-equivalent,91,STEELE,Tornado,,,0,0,150.00K,4.00K,NWS Storm Survey,"Severe thunderstorms formed during the late afternoon and early evening, extending into the overnight period. Damaging wind gusts, large hail, and tornadoes were all reported through the course of the event.","This tornado tracked from far northeast Sharon Township across far northwest Westfield Township. A tornado Debris Signature was evident on KMVX radar. The tornado completely dismantled and destroyed a barn at one farmstead. It also snapped or uprooted numerous spruce, ash, cottonwood, and willow trees at various locations along its path."
ND-EO-2021-14,2021-14,Burgum,Declares Statewide Severe Summer Storm Disaster,2021-08-09,https://www.governor.nd.gov/executive-orders/executive-order-archive,982946,162786,2021-08-09 17:25:00,2021-08-09 17:25:00,C,county/county-equivalent,95,TOWNER,Hail,1.0,,0,0,,,Public,"Severe thunderstorms formed during the late afternoon and early evening, extending into the overnight period. Damaging wind gusts, large hail, and tornadoes were all reported through the course of the event.",Dime to quarter-sized hail nearly covered the ground across southeastern Zion Township.
ND-EO-2021-14,2021-14,Burgum,Declares Statewide Severe Summer Storm Disaster,2021-08-09,https://www.governor.nd.gov/executive-orders/executive-order-archive,982956,162786,2021-08-09 18:16:00,2021-08-09 18:23:00,C,county/county-equivalent,95,TOWNER,Tornado,,,0,0,2.00K,2.00K,Trained Spotter,"Severe thunderstorms formed during the late afternoon and early evening, extending into the overnight period. Damaging wind gusts, large hail, and tornadoes were all reported through the course of the event.",This tornado tracked from northeast Coolin Township into east-central Klingstrup Township. It snapped or uprooted several large cottonwood trees at farmsteads and shelterbelts along its path.
ND-EO-2021-14,2021-14,Burgum,Declares Statewide Severe Summer Storm Disaster,2021-08-09,https://www.governor.nd.gov/executive-orders/executive-order-archive,983179,162786,2021-08-09 21:46:00,2021-08-09 21:46:00,C,county/county-equivalent,97,TRAILL,Thunderstorm Wind,52.0,EG,0,0,,,Public,"Severe thunderstorms formed during the late afternoon and early evening, extending into the overnight period. Damaging wind gusts, large hail, and tornadoes were all reported through the course of the event.",A few 3 to 5-inch tree branches were down in shelterbelts across northern Stavanger Township. Time estimated based on radar.
ND-EO-2021-14,2021-14,Burgum,Declares Statewide Severe Summer Storm Disaster,2021-08-09,https://www.governor.nd.gov/executive-orders/executive-order-archive,974359,161338,2021-08-09 16:29:00,2021-08-09 16:31:00,C,county/county-equivalent,103,WELLS,Hail,1.75,,0,0,0.00K,0.00K,Public,"Thunderstorms developed along a surface trough over north-central North Dakota into the James River Valley region. Some of these storms produced very large hail in an environment of elevated instability and strong deep layer shear. The largest hail was produced by an intense thunderstorm that moved through eastern Wells County, resulting in baseball size hail in the city of Fessenden, and three inch diameter hail to the east of Bowdon.",
ND-EO-2021-14,2021-14,Burgum,Declares Statewide Severe Summer Storm Disaster,2021-08-09,https://www.governor.nd.gov/executive-orders/executive-order-archive,974360,161338,2021-08-09 16:40:00,2021-08-09 16:43:00,C,county/county-equivalent,103,WELLS,Hail,2.75,,0,0,300.00K,0.00K,Law Enforcement,"Thunderstorms developed along a surface trough over north-central North Dakota into the James River Valley region. Some of these storms produced very large hail in an environment of elevated instability and strong deep layer shear. The largest hail was produced by an intense thunderstorm that moved through eastern Wells County, resulting in baseball size hail in the city of Fessenden, and three inch diameter hail to the east of Bowdon.",Multiple vehicles and roofs were damaged.
ND-EO-2021-14,2021-14,Burgum,Declares Statewide Severe Summer Storm Disaster,2021-08-09,https://www.governor.nd.gov/executive-orders/executive-order-archive,974361,161338,2021-08-09 16:53:00,2021-08-09 16:56:00,C,county/county-equivalent,103,WELLS,Hail,2.5,,0,0,0.00K,0.00K,Public,"Thunderstorms developed along a surface trough over north-central North Dakota into the James River Valley region. Some of these storms produced very large hail in an environment of elevated instability and strong deep layer shear. The largest hail was produced by an intense thunderstorm that moved through eastern Wells County, resulting in baseball size hail in the city of Fessenden, and three inch diameter hail to the east of Bowdon.",
ND-EO-2021-14,2021-14,Burgum,Declares Statewide Severe Summer Storm Disaster,2021-08-09,https://www.governor.nd.gov/executive-orders/executive-order-archive,974362,161338,2021-08-09 16:56:00,2021-08-09 16:59:00,C,county/county-equivalent,103,WELLS,Hail,1.75,,0,0,0.00K,0.00K,Trained Spotter,"Thunderstorms developed along a surface trough over north-central North Dakota into the James River Valley region. Some of these storms produced very large hail in an environment of elevated instability and strong deep layer shear. The largest hail was produced by an intense thunderstorm that moved through eastern Wells County, resulting in baseball size hail in the city of Fessenden, and three inch diameter hail to the east of Bowdon.",
ND-EO-2021-14,2021-14,Burgum,Declares Statewide Severe Summer Storm Disaster,2021-08-09,https://www.governor.nd.gov/executive-orders/executive-order-archive,974363,161338,2021-08-09 16:57:00,2021-08-09 17:00:00,C,county/county-equivalent,103,WELLS,Hail,3.0,,0,0,250.00K,0.00K,Public,"Thunderstorms developed along a surface trough over north-central North Dakota into the James River Valley region. Some of these storms produced very large hail in an environment of elevated instability and strong deep layer shear. The largest hail was produced by an intense thunderstorm that moved through eastern Wells County, resulting in baseball size hail in the city of Fessenden, and three inch diameter hail to the east of Bowdon.",Vehicles were totaled and roofs damaged.
ND-EO-2022-04,2022-04,Burgum,Declares Disaster for Historic Blizzard,2022-04-25,https://www.governor.nd.gov/executive-orders/executive-order-archive,1020496,168555,2022-04-23 07:00:00,2022-04-24 12:00:00,Z,NWS forecast zone,44,ADAMS,Blizzard,,,0,0,0.00K,0.00K,AWOS,"A strong Colorado low lifted through North Dakota. Initially, a wintry mix of rain, freezing rain, sleet and snow developed over western and central North Dakota. As temperatures dropped over the northwest and far north central, ice accumulated on power lines. Strong winds developed, with precipitation eventually changing over to all snow. The strong winds combined with the ice on the power lines leading to thousands of power poles and cross arms breaking, resulting in widespread power outages throughout the northwest into the far north central. On the evening of April 24, almost all of the northwest part of the state was without power. Some residential services in rural areas took over three weeks to have power restored, and some non-residential services were not restored until mid-June. As the snow combined with the strong winds, visibility dropped to zero across western and parts of central North Dakota. Interstate 94 closed from the Montana state line to Mandan, and most other roads were impassable. Due to the after-effects of the blizzard and power outages, the American Red Cross opened warming shelters in Crosby and Williston, and provided showers and meals to many individuals. Snowfall totals of over a foot and a half were reported, though were tough to measure with wind gusts over 70 mph. As of the writing of this episode, power companies and government officials were still in the process of calculating financial losses. With that said, expectations are that at a minimum, the financial impact from this storm was at least 60 million dollars. It should be understood that this value, and the individual county event entries, are rough estimates.",Strong winds and heavy snow combined to produce a blizzard.
ND-EO-2022-04,2022-04,Burgum,Declares Disaster for Historic Blizzard,2022-04-25,https://www.governor.nd.gov/executive-orders/executive-order-archive,1020493,168555,2022-04-23 07:00:00,2022-04-24 12:00:00,Z,NWS forecast zone,32,BILLINGS,Blizzard,,,0,0,0.00K,0.00K,AWOS,"A strong Colorado low lifted through North Dakota. Initially, a wintry mix of rain, freezing rain, sleet and snow developed over western and central North Dakota. As temperatures dropped over the northwest and far north central, ice accumulated on power lines. Strong winds developed, with precipitation eventually changing over to all snow. The strong winds combined with the ice on the power lines leading to thousands of power poles and cross arms breaking, resulting in widespread power outages throughout the northwest into the far north central. On the evening of April 24, almost all of the northwest part of the state was without power. Some residential services in rural areas took over three weeks to have power restored, and some non-residential services were not restored until mid-June. As the snow combined with the strong winds, visibility dropped to zero across western and parts of central North Dakota. Interstate 94 closed from the Montana state line to Mandan, and most other roads were impassable. Due to the after-effects of the blizzard and power outages, the American Red Cross opened warming shelters in Crosby and Williston, and provided showers and meals to many individuals. Snowfall totals of over a foot and a half were reported, though were tough to measure with wind gusts over 70 mph. As of the writing of this episode, power companies and government officials were still in the process of calculating financial losses. With that said, expectations are that at a minimum, the financial impact from this storm was at least 60 million dollars. It should be understood that this value, and the individual county event entries, are rough estimates.",Strong winds and heavy snow combined to produce a blizzard.
ND-EO-2022-04,2022-04,Burgum,Declares Disaster for Historic Blizzard,2022-04-25,https://www.governor.nd.gov/executive-orders/executive-order-archive,1021092,168555,2022-04-23 19:00:00,2022-04-24 12:00:00,Z,NWS forecast zone,4,BOTTINEAU,Blizzard,,,0,0,3.00M,0.00K,Emergency Manager,"A strong Colorado low lifted through North Dakota. Initially, a wintry mix of rain, freezing rain, sleet and snow developed over western and central North Dakota. As temperatures dropped over the northwest and far north central, ice accumulated on power lines. Strong winds developed, with precipitation eventually changing over to all snow. The strong winds combined with the ice on the power lines leading to thousands of power poles and cross arms breaking, resulting in widespread power outages throughout the northwest into the far north central. On the evening of April 24, almost all of the northwest part of the state was without power. Some residential services in rural areas took over three weeks to have power restored, and some non-residential services were not restored until mid-June. As the snow combined with the strong winds, visibility dropped to zero across western and parts of central North Dakota. Interstate 94 closed from the Montana state line to Mandan, and most other roads were impassable. Due to the after-effects of the blizzard and power outages, the American Red Cross opened warming shelters in Crosby and Williston, and provided showers and meals to many individuals. Snowfall totals of over a foot and a half were reported, though were tough to measure with wind gusts over 70 mph. As of the writing of this episode, power companies and government officials were still in the process of calculating financial losses. With that said, expectations are that at a minimum, the financial impact from this storm was at least 60 million dollars. It should be understood that this value, and the individual county event entries, are rough estimates.","Strong winds and heavy snow combined to produce a blizzard. In addition, periods of freezing rain occurred which accreted on power lines. This, combined with strong winds, led to extensive damage to power lines, cross arms, and poles, and thus widespread power outages."
ND-EO-2022-04,2022-04,Burgum,Declares Disaster for Historic Blizzard,2022-04-25,https://www.governor.nd.gov/executive-orders/executive-order-archive,1020498,168555,2022-04-23 07:00:00,2022-04-24 12:00:00,Z,NWS forecast zone,43,BOWMAN,Blizzard,,,0,0,0.00K,0.00K,AWOS,"A strong Colorado low lifted through North Dakota. Initially, a wintry mix of rain, freezing rain, sleet and snow developed over western and central North Dakota. As temperatures dropped over the northwest and far north central, ice accumulated on power lines. Strong winds developed, with precipitation eventually changing over to all snow. The strong winds combined with the ice on the power lines leading to thousands of power poles and cross arms breaking, resulting in widespread power outages throughout the northwest into the far north central. On the evening of April 24, almost all of the northwest part of the state was without power. Some residential services in rural areas took over three weeks to have power restored, and some non-residential services were not restored until mid-June. As the snow combined with the strong winds, visibility dropped to zero across western and parts of central North Dakota. Interstate 94 closed from the Montana state line to Mandan, and most other roads were impassable. Due to the after-effects of the blizzard and power outages, the American Red Cross opened warming shelters in Crosby and Williston, and provided showers and meals to many individuals. Snowfall totals of over a foot and a half were reported, though were tough to measure with wind gusts over 70 mph. As of the writing of this episode, power companies and government officials were still in the process of calculating financial losses. With that said, expectations are that at a minimum, the financial impact from this storm was at least 60 million dollars. It should be understood that this value, and the individual county event entries, are rough estimates.",Strong winds and heavy snow combined to produce a blizzard.
ND-EO-2022-04,2022-04,Burgum,Declares Disaster for Historic Blizzard,2022-04-25,https://www.governor.nd.gov/executive-orders/executive-order-archive,1020479,168555,2022-04-23 07:00:00,2022-04-24 12:00:00,Z,NWS forecast zone,2,BURKE,Blizzard,,,0,0,6.00M,0.00K,Utility Company,"A strong Colorado low lifted through North Dakota. Initially, a wintry mix of rain, freezing rain, sleet and snow developed over western and central North Dakota. As temperatures dropped over the northwest and far north central, ice accumulated on power lines. Strong winds developed, with precipitation eventually changing over to all snow. The strong winds combined with the ice on the power lines leading to thousands of power poles and cross arms breaking, resulting in widespread power outages throughout the northwest into the far north central. On the evening of April 24, almost all of the northwest part of the state was without power. Some residential services in rural areas took over three weeks to have power restored, and some non-residential services were not restored until mid-June. As the snow combined with the strong winds, visibility dropped to zero across western and parts of central North Dakota. Interstate 94 closed from the Montana state line to Mandan, and most other roads were impassable. Due to the after-effects of the blizzard and power outages, the American Red Cross opened warming shelters in Crosby and Williston, and provided showers and meals to many individuals. Snowfall totals of over a foot and a half were reported, though were tough to measure with wind gusts over 70 mph. As of the writing of this episode, power companies and government officials were still in the process of calculating financial losses. With that said, expectations are that at a minimum, the financial impact from this storm was at least 60 million dollars. It should be understood that this value, and the individual county event entries, are rough estimates.","Strong winds and heavy snow combined to produce a blizzard. In addition, periods of freezing rain occurred which accreted on power lines. This, combined with strong winds, led to extensive damage to power lines, cross arms, and poles, and thus widespread power outages."
ND-EO-2022-04,2022-04,Burgum,Declares Disaster for Historic Blizzard,2022-04-25,https://www.governor.nd.gov/executive-orders/executive-order-archive,1020471,168555,2022-04-23 07:00:00,2022-04-24 12:00:00,Z,NWS forecast zone,1,DIVIDE,Blizzard,,,0,0,10.00M,0.00K,Utility Company,"A strong Colorado low lifted through North Dakota. Initially, a wintry mix of rain, freezing rain, sleet and snow developed over western and central North Dakota. As temperatures dropped over the northwest and far north central, ice accumulated on power lines. Strong winds developed, with precipitation eventually changing over to all snow. The strong winds combined with the ice on the power lines leading to thousands of power poles and cross arms breaking, resulting in widespread power outages throughout the northwest into the far north central. On the evening of April 24, almost all of the northwest part of the state was without power. Some residential services in rural areas took over three weeks to have power restored, and some non-residential services were not restored until mid-June. As the snow combined with the strong winds, visibility dropped to zero across western and parts of central North Dakota. Interstate 94 closed from the Montana state line to Mandan, and most other roads were impassable. Due to the after-effects of the blizzard and power outages, the American Red Cross opened warming shelters in Crosby and Williston, and provided showers and meals to many individuals. Snowfall totals of over a foot and a half were reported, though were tough to measure with wind gusts over 70 mph. As of the writing of this episode, power companies and government officials were still in the process of calculating financial losses. With that said, expectations are that at a minimum, the financial impact from this storm was at least 60 million dollars. It should be understood that this value, and the individual county event entries, are rough estimates.","Strong winds and heavy snow combined to produce a blizzard. In addition, periods of freezing rain occurred which accreted on power lines. This, combined with strong winds, led to extensive damage to power lines, cross arms, and poles, and thus widespread power outages."
ND-EO-2022-04,2022-04,Burgum,Declares Disaster for Historic Blizzard,2022-04-25,https://www.governor.nd.gov/executive-orders/executive-order-archive,1020491,168555,2022-04-23 07:00:00,2022-04-24 12:00:00,Z,NWS forecast zone,18,DUNN,Blizzard,,,0,0,0.00K,0.00K,AWOS,"A strong Colorado low lifted through North Dakota. Initially, a wintry mix of rain, freezing rain, sleet and snow developed over western and central North Dakota. As temperatures dropped over the northwest and far north central, ice accumulated on power lines. Strong winds developed, with precipitation eventually changing over to all snow. The strong winds combined with the ice on the power lines leading to thousands of power poles and cross arms breaking, resulting in widespread power outages throughout the northwest into the far north central. On the evening of April 24, almost all of the northwest part of the state was without power. Some residential services in rural areas took over three weeks to have power restored, and some non-residential services were not restored until mid-June. As the snow combined with the strong winds, visibility dropped to zero across western and parts of central North Dakota. Interstate 94 closed from the Montana state line to Mandan, and most other roads were impassable. Due to the after-effects of the blizzard and power outages, the American Red Cross opened warming shelters in Crosby and Williston, and provided showers and meals to many individuals. Snowfall totals of over a foot and a half were reported, though were tough to measure with wind gusts over 70 mph. As of the writing of this episode, power companies and government officials were still in the process of calculating financial losses. With that said, expectations are that at a minimum, the financial impact from this storm was at least 60 million dollars. It should be understood that this value, and the individual county event entries, are rough estimates.",Strong winds and heavy snow combined to produce a blizzard.
ND-EO-2022-04,2022-04,Burgum,Declares Disaster for Historic Blizzard,2022-04-25,https://www.governor.nd.gov/executive-orders/executive-order-archive,1020492,168555,2022-04-23 07:00:00,2022-04-24 12:00:00,Z,NWS forecast zone,31,GOLDEN VALLEY,Blizzard,,,0,0,0.00K,0.00K,AWOS,"A strong Colorado low lifted through North Dakota. Initially, a wintry mix of rain, freezing rain, sleet and snow developed over western and central North Dakota. As temperatures dropped over the northwest and far north central, ice accumulated on power lines. Strong winds developed, with precipitation eventually changing over to all snow. The strong winds combined with the ice on the power lines leading to thousands of power poles and cross arms breaking, resulting in widespread power outages throughout the northwest into the far north central. On the evening of April 24, almost all of the northwest part of the state was without power. Some residential services in rural areas took over three weeks to have power restored, and some non-residential services were not restored until mid-June. As the snow combined with the strong winds, visibility dropped to zero across western and parts of central North Dakota. Interstate 94 closed from the Montana state line to Mandan, and most other roads were impassable. Due to the after-effects of the blizzard and power outages, the American Red Cross opened warming shelters in Crosby and Williston, and provided showers and meals to many individuals. Snowfall totals of over a foot and a half were reported, though were tough to measure with wind gusts over 70 mph. As of the writing of this episode, power companies and government officials were still in the process of calculating financial losses. With that said, expectations are that at a minimum, the financial impact from this storm was at least 60 million dollars. It should be understood that this value, and the individual county event entries, are rough estimates.",Strong winds and heavy snow combined to produce a blizzard.
ND-EO-2022-04,2022-04,Burgum,Declares Disaster for Historic Blizzard,2022-04-25,https://www.governor.nd.gov/executive-orders/executive-order-archive,1020519,168555,2022-04-23 19:00:00,2022-04-24 12:00:00,Z,NWS forecast zone,42,GRANT,Blizzard,,,0,0,0.00K,0.00K,AWOS,"A strong Colorado low lifted through North Dakota. Initially, a wintry mix of rain, freezing rain, sleet and snow developed over western and central North Dakota. As temperatures dropped over the northwest and far north central, ice accumulated on power lines. Strong winds developed, with precipitation eventually changing over to all snow. The strong winds combined with the ice on the power lines leading to thousands of power poles and cross arms breaking, resulting in widespread power outages throughout the northwest into the far north central. On the evening of April 24, almost all of the northwest part of the state was without power. Some residential services in rural areas took over three weeks to have power restored, and some non-residential services were not restored until mid-June. As the snow combined with the strong winds, visibility dropped to zero across western and parts of central North Dakota. Interstate 94 closed from the Montana state line to Mandan, and most other roads were impassable. Due to the after-effects of the blizzard and power outages, the American Red Cross opened warming shelters in Crosby and Williston, and provided showers and meals to many individuals. Snowfall totals of over a foot and a half were reported, though were tough to measure with wind gusts over 70 mph. As of the writing of this episode, power companies and government officials were still in the process of calculating financial losses. With that said, expectations are that at a minimum, the financial impact from this storm was at least 60 million dollars. It should be understood that this value, and the individual county event entries, are rough estimates.",Strong winds and heavy snow combined to produce a blizzard.
ND-EO-2022-04,2022-04,Burgum,Declares Disaster for Historic Blizzard,2022-04-25,https://www.governor.nd.gov/executive-orders/executive-order-archive,1020497,168555,2022-04-23 07:00:00,2022-04-24 12:00:00,Z,NWS forecast zone,41,HETTINGER,Blizzard,,,0,0,0.00K,0.00K,AWOS,"A strong Colorado low lifted through North Dakota. Initially, a wintry mix of rain, freezing rain, sleet and snow developed over western and central North Dakota. As temperatures dropped over the northwest and far north central, ice accumulated on power lines. Strong winds developed, with precipitation eventually changing over to all snow. The strong winds combined with the ice on the power lines leading to thousands of power poles and cross arms breaking, resulting in widespread power outages throughout the northwest into the far north central. On the evening of April 24, almost all of the northwest part of the state was without power. Some residential services in rural areas took over three weeks to have power restored, and some non-residential services were not restored until mid-June. As the snow combined with the strong winds, visibility dropped to zero across western and parts of central North Dakota. Interstate 94 closed from the Montana state line to Mandan, and most other roads were impassable. Due to the after-effects of the blizzard and power outages, the American Red Cross opened warming shelters in Crosby and Williston, and provided showers and meals to many individuals. Snowfall totals of over a foot and a half were reported, though were tough to measure with wind gusts over 70 mph. As of the writing of this episode, power companies and government officials were still in the process of calculating financial losses. With that said, expectations are that at a minimum, the financial impact from this storm was at least 60 million dollars. It should be understood that this value, and the individual county event entries, are rough estimates.",Strong winds and heavy snow combined to produce a blizzard.
ND-EO-2022-04,2022-04,Burgum,Declares Disaster for Historic Blizzard,2022-04-25,https://www.governor.nd.gov/executive-orders/executive-order-archive,1020490,168555,2022-04-23 07:00:00,2022-04-24 12:00:00,Z,NWS forecast zone,17,MCKENZIE,Blizzard,,,0,0,3.00M,0.00K,Utility Company,"A strong Colorado low lifted through North Dakota. Initially, a wintry mix of rain, freezing rain, sleet and snow developed over western and central North Dakota. As temperatures dropped over the northwest and far north central, ice accumulated on power lines. Strong winds developed, with precipitation eventually changing over to all snow. The strong winds combined with the ice on the power lines leading to thousands of power poles and cross arms breaking, resulting in widespread power outages throughout the northwest into the far north central. On the evening of April 24, almost all of the northwest part of the state was without power. Some residential services in rural areas took over three weeks to have power restored, and some non-residential services were not restored until mid-June. As the snow combined with the strong winds, visibility dropped to zero across western and parts of central North Dakota. Interstate 94 closed from the Montana state line to Mandan, and most other roads were impassable. Due to the after-effects of the blizzard and power outages, the American Red Cross opened warming shelters in Crosby and Williston, and provided showers and meals to many individuals. Snowfall totals of over a foot and a half were reported, though were tough to measure with wind gusts over 70 mph. As of the writing of this episode, power companies and government officials were still in the process of calculating financial losses. With that said, expectations are that at a minimum, the financial impact from this storm was at least 60 million dollars. It should be understood that this value, and the individual county event entries, are rough estimates.","Strong winds and heavy snow combined to produce a blizzard. In addition, periods of freezing rain occurred which accreted on power lines. This, combined with strong winds, led to extensive damage to power lines, cross arms, and poles, and thus widespread power outages."
ND-EO-2022-04,2022-04,Burgum,Declares Disaster for Historic Blizzard,2022-04-25,https://www.governor.nd.gov/executive-orders/executive-order-archive,1020515,168555,2022-04-23 19:00:00,2022-04-24 12:00:00,Z,NWS forecast zone,21,MCLEAN,Blizzard,,,0,0,3.00M,0.00K,Utility Company,"A strong Colorado low lifted through North Dakota. Initially, a wintry mix of rain, freezing rain, sleet and snow developed over western and central North Dakota. As temperatures dropped over the northwest and far north central, ice accumulated on power lines. Strong winds developed, with precipitation eventually changing over to all snow. The strong winds combined with the ice on the power lines leading to thousands of power poles and cross arms breaking, resulting in widespread power outages throughout the northwest into the far north central. On the evening of April 24, almost all of the northwest part of the state was without power. Some residential services in rural areas took over three weeks to have power restored, and some non-residential services were not restored until mid-June. As the snow combined with the strong winds, visibility dropped to zero across western and parts of central North Dakota. Interstate 94 closed from the Montana state line to Mandan, and most other roads were impassable. Due to the after-effects of the blizzard and power outages, the American Red Cross opened warming shelters in Crosby and Williston, and provided showers and meals to many individuals. Snowfall totals of over a foot and a half were reported, though were tough to measure with wind gusts over 70 mph. As of the writing of this episode, power companies and government officials were still in the process of calculating financial losses. With that said, expectations are that at a minimum, the financial impact from this storm was at least 60 million dollars. It should be understood that this value, and the individual county event entries, are rough estimates.","Strong winds and heavy snow combined to produce a blizzard. In addition, periods of freezing rain occurred which accreted on power lines. This, combined with strong winds, led to extensive damage to power lines, cross arms, and poles, and thus widespread power outages."
ND-EO-2022-04,2022-04,Burgum,Declares Disaster for Historic Blizzard,2022-04-25,https://www.governor.nd.gov/executive-orders/executive-order-archive,1020516,168555,2022-04-23 19:00:00,2022-04-24 12:00:00,Z,NWS forecast zone,19,MERCER,Blizzard,,,0,0,0.00K,0.00K,AWOS,"A strong Colorado low lifted through North Dakota. Initially, a wintry mix of rain, freezing rain, sleet and snow developed over western and central North Dakota. As temperatures dropped over the northwest and far north central, ice accumulated on power lines. Strong winds developed, with precipitation eventually changing over to all snow. The strong winds combined with the ice on the power lines leading to thousands of power poles and cross arms breaking, resulting in widespread power outages throughout the northwest into the far north central. On the evening of April 24, almost all of the northwest part of the state was without power. Some residential services in rural areas took over three weeks to have power restored, and some non-residential services were not restored until mid-June. As the snow combined with the strong winds, visibility dropped to zero across western and parts of central North Dakota. Interstate 94 closed from the Montana state line to Mandan, and most other roads were impassable. Due to the after-effects of the blizzard and power outages, the American Red Cross opened warming shelters in Crosby and Williston, and provided showers and meals to many individuals. Snowfall totals of over a foot and a half were reported, though were tough to measure with wind gusts over 70 mph. As of the writing of this episode, power companies and government officials were still in the process of calculating financial losses. With that said, expectations are that at a minimum, the financial impact from this storm was at least 60 million dollars. It should be understood that this value, and the individual county event entries, are rough estimates.",Strong winds and heavy snow combined to produce a blizzard.
ND-EO-2022-04,2022-04,Burgum,Declares Disaster for Historic Blizzard,2022-04-25,https://www.governor.nd.gov/executive-orders/executive-order-archive,1020518,168555,2022-04-23 19:00:00,2022-04-24 12:00:00,Z,NWS forecast zone,34,MORTON,Blizzard,,,0,0,0.00K,0.00K,AWOS,"A strong Colorado low lifted through North Dakota. Initially, a wintry mix of rain, freezing rain, sleet and snow developed over western and central North Dakota. As temperatures dropped over the northwest and far north central, ice accumulated on power lines. Strong winds developed, with precipitation eventually changing over to all snow. The strong winds combined with the ice on the power lines leading to thousands of power poles and cross arms breaking, resulting in widespread power outages throughout the northwest into the far north central. On the evening of April 24, almost all of the northwest part of the state was without power. Some residential services in rural areas took over three weeks to have power restored, and some non-residential services were not restored until mid-June. As the snow combined with the strong winds, visibility dropped to zero across western and parts of central North Dakota. Interstate 94 closed from the Montana state line to Mandan, and most other roads were impassable. Due to the after-effects of the blizzard and power outages, the American Red Cross opened warming shelters in Crosby and Williston, and provided showers and meals to many individuals. Snowfall totals of over a foot and a half were reported, though were tough to measure with wind gusts over 70 mph. As of the writing of this episode, power companies and government officials were still in the process of calculating financial losses. With that said, expectations are that at a minimum, the financial impact from this storm was at least 60 million dollars. It should be understood that this value, and the individual county event entries, are rough estimates.",Strong winds and heavy snow combined to produce a blizzard.
ND-EO-2022-04,2022-04,Burgum,Declares Disaster for Historic Blizzard,2022-04-25,https://www.governor.nd.gov/executive-orders/executive-order-archive,1020489,168555,2022-04-23 07:00:00,2022-04-24 12:00:00,Z,NWS forecast zone,10,MOUNTRAIL,Blizzard,,,0,0,10.00M,0.00K,Utility Company,"A strong Colorado low lifted through North Dakota. Initially, a wintry mix of rain, freezing rain, sleet and snow developed over western and central North Dakota. As temperatures dropped over the northwest and far north central, ice accumulated on power lines. Strong winds developed, with precipitation eventually changing over to all snow. The strong winds combined with the ice on the power lines leading to thousands of power poles and cross arms breaking, resulting in widespread power outages throughout the northwest into the far north central. On the evening of April 24, almost all of the northwest part of the state was without power. Some residential services in rural areas took over three weeks to have power restored, and some non-residential services were not restored until mid-June. As the snow combined with the strong winds, visibility dropped to zero across western and parts of central North Dakota. Interstate 94 closed from the Montana state line to Mandan, and most other roads were impassable. Due to the after-effects of the blizzard and power outages, the American Red Cross opened warming shelters in Crosby and Williston, and provided showers and meals to many individuals. Snowfall totals of over a foot and a half were reported, though were tough to measure with wind gusts over 70 mph. As of the writing of this episode, power companies and government officials were still in the process of calculating financial losses. With that said, expectations are that at a minimum, the financial impact from this storm was at least 60 million dollars. It should be understood that this value, and the individual county event entries, are rough estimates.","Strong winds and heavy snow combined to produce a blizzard. In addition, periods of freezing rain occurred which accreted on power lines. This, combined with strong winds, led to extensive damage to power lines, cross arms, and poles, and thus widespread power outages."
ND-EO-2022-04,2022-04,Burgum,Declares Disaster for Historic Blizzard,2022-04-25,https://www.governor.nd.gov/executive-orders/executive-order-archive,1020517,168555,2022-04-23 19:00:00,2022-04-24 12:00:00,Z,NWS forecast zone,20,OLIVER,Blizzard,,,0,0,0.00K,0.00K,AWOS,"A strong Colorado low lifted through North Dakota. Initially, a wintry mix of rain, freezing rain, sleet and snow developed over western and central North Dakota. As temperatures dropped over the northwest and far north central, ice accumulated on power lines. Strong winds developed, with precipitation eventually changing over to all snow. The strong winds combined with the ice on the power lines leading to thousands of power poles and cross arms breaking, resulting in widespread power outages throughout the northwest into the far north central. On the evening of April 24, almost all of the northwest part of the state was without power. Some residential services in rural areas took over three weeks to have power restored, and some non-residential services were not restored until mid-June. As the snow combined with the strong winds, visibility dropped to zero across western and parts of central North Dakota. Interstate 94 closed from the Montana state line to Mandan, and most other roads were impassable. Due to the after-effects of the blizzard and power outages, the American Red Cross opened warming shelters in Crosby and Williston, and provided showers and meals to many individuals. Snowfall totals of over a foot and a half were reported, though were tough to measure with wind gusts over 70 mph. As of the writing of this episode, power companies and government officials were still in the process of calculating financial losses. With that said, expectations are that at a minimum, the financial impact from this storm was at least 60 million dollars. It should be understood that this value, and the individual county event entries, are rough estimates.",Strong winds and heavy snow combined to produce a blizzard.
ND-EO-2022-04,2022-04,Burgum,Declares Disaster for Historic Blizzard,2022-04-25,https://www.governor.nd.gov/executive-orders/executive-order-archive,1020506,168555,2022-04-23 19:00:00,2022-04-24 12:00:00,Z,NWS forecast zone,3,RENVILLE,Blizzard,,,0,0,3.00M,0.00K,Utility Company,"A strong Colorado low lifted through North Dakota. Initially, a wintry mix of rain, freezing rain, sleet and snow developed over western and central North Dakota. As temperatures dropped over the northwest and far north central, ice accumulated on power lines. Strong winds developed, with precipitation eventually changing over to all snow. The strong winds combined with the ice on the power lines leading to thousands of power poles and cross arms breaking, resulting in widespread power outages throughout the northwest into the far north central. On the evening of April 24, almost all of the northwest part of the state was without power. Some residential services in rural areas took over three weeks to have power restored, and some non-residential services were not restored until mid-June. As the snow combined with the strong winds, visibility dropped to zero across western and parts of central North Dakota. Interstate 94 closed from the Montana state line to Mandan, and most other roads were impassable. Due to the after-effects of the blizzard and power outages, the American Red Cross opened warming shelters in Crosby and Williston, and provided showers and meals to many individuals. Snowfall totals of over a foot and a half were reported, though were tough to measure with wind gusts over 70 mph. As of the writing of this episode, power companies and government officials were still in the process of calculating financial losses. With that said, expectations are that at a minimum, the financial impact from this storm was at least 60 million dollars. It should be understood that this value, and the individual county event entries, are rough estimates.","Strong winds and heavy snow combined to produce a blizzard. In addition, periods of freezing rain occurred which accreted on power lines. This, combined with strong winds, led to extensive damage to power lines, cross arms, and poles, and thus widespread power outages."
ND-EO-2022-04,2022-04,Burgum,Declares Disaster for Historic Blizzard,2022-04-25,https://www.governor.nd.gov/executive-orders/executive-order-archive,1021093,168555,2022-04-23 19:00:00,2022-04-24 12:00:00,Z,NWS forecast zone,5,ROLETTE,Blizzard,,,0,0,4.00M,0.00K,Emergency Manager,"A strong Colorado low lifted through North Dakota. Initially, a wintry mix of rain, freezing rain, sleet and snow developed over western and central North Dakota. As temperatures dropped over the northwest and far north central, ice accumulated on power lines. Strong winds developed, with precipitation eventually changing over to all snow. The strong winds combined with the ice on the power lines leading to thousands of power poles and cross arms breaking, resulting in widespread power outages throughout the northwest into the far north central. On the evening of April 24, almost all of the northwest part of the state was without power. Some residential services in rural areas took over three weeks to have power restored, and some non-residential services were not restored until mid-June. As the snow combined with the strong winds, visibility dropped to zero across western and parts of central North Dakota. Interstate 94 closed from the Montana state line to Mandan, and most other roads were impassable. Due to the after-effects of the blizzard and power outages, the American Red Cross opened warming shelters in Crosby and Williston, and provided showers and meals to many individuals. Snowfall totals of over a foot and a half were reported, though were tough to measure with wind gusts over 70 mph. As of the writing of this episode, power companies and government officials were still in the process of calculating financial losses. With that said, expectations are that at a minimum, the financial impact from this storm was at least 60 million dollars. It should be understood that this value, and the individual county event entries, are rough estimates.","Strong winds and heavy snow combined to produce a blizzard. In addition, periods of freezing rain occurred which accreted on power lines. This, combined with strong winds, led to extensive damage to power lines, cross arms, and poles, and thus widespread power outages."
ND-EO-2022-04,2022-04,Burgum,Declares Disaster for Historic Blizzard,2022-04-25,https://www.governor.nd.gov/executive-orders/executive-order-archive,1020495,168555,2022-04-23 07:00:00,2022-04-24 12:00:00,Z,NWS forecast zone,40,SLOPE,Blizzard,,,0,0,0.00K,0.00K,AWOS,"A strong Colorado low lifted through North Dakota. Initially, a wintry mix of rain, freezing rain, sleet and snow developed over western and central North Dakota. As temperatures dropped over the northwest and far north central, ice accumulated on power lines. Strong winds developed, with precipitation eventually changing over to all snow. The strong winds combined with the ice on the power lines leading to thousands of power poles and cross arms breaking, resulting in widespread power outages throughout the northwest into the far north central. On the evening of April 24, almost all of the northwest part of the state was without power. Some residential services in rural areas took over three weeks to have power restored, and some non-residential services were not restored until mid-June. As the snow combined with the strong winds, visibility dropped to zero across western and parts of central North Dakota. Interstate 94 closed from the Montana state line to Mandan, and most other roads were impassable. Due to the after-effects of the blizzard and power outages, the American Red Cross opened warming shelters in Crosby and Williston, and provided showers and meals to many individuals. Snowfall totals of over a foot and a half were reported, though were tough to measure with wind gusts over 70 mph. As of the writing of this episode, power companies and government officials were still in the process of calculating financial losses. With that said, expectations are that at a minimum, the financial impact from this storm was at least 60 million dollars. It should be understood that this value, and the individual county event entries, are rough estimates.",Strong winds and heavy snow combined to produce a blizzard.
ND-EO-2022-04,2022-04,Burgum,Declares Disaster for Historic Blizzard,2022-04-25,https://www.governor.nd.gov/executive-orders/executive-order-archive,1020494,168555,2022-04-23 07:00:00,2022-04-24 12:00:00,Z,NWS forecast zone,33,STARK,Blizzard,,,0,0,0.00K,0.00K,AWOS,"A strong Colorado low lifted through North Dakota. Initially, a wintry mix of rain, freezing rain, sleet and snow developed over western and central North Dakota. As temperatures dropped over the northwest and far north central, ice accumulated on power lines. Strong winds developed, with precipitation eventually changing over to all snow. The strong winds combined with the ice on the power lines leading to thousands of power poles and cross arms breaking, resulting in widespread power outages throughout the northwest into the far north central. On the evening of April 24, almost all of the northwest part of the state was without power. Some residential services in rural areas took over three weeks to have power restored, and some non-residential services were not restored until mid-June. As the snow combined with the strong winds, visibility dropped to zero across western and parts of central North Dakota. Interstate 94 closed from the Montana state line to Mandan, and most other roads were impassable. Due to the after-effects of the blizzard and power outages, the American Red Cross opened warming shelters in Crosby and Williston, and provided showers and meals to many individuals. Snowfall totals of over a foot and a half were reported, though were tough to measure with wind gusts over 70 mph. As of the writing of this episode, power companies and government officials were still in the process of calculating financial losses. With that said, expectations are that at a minimum, the financial impact from this storm was at least 60 million dollars. It should be understood that this value, and the individual county event entries, are rough estimates.",Strong winds and heavy snow combined to produce a blizzard.
ND-EO-2022-04,2022-04,Burgum,Declares Disaster for Historic Blizzard,2022-04-25,https://www.governor.nd.gov/executive-orders/executive-order-archive,1020514,168555,2022-04-23 19:00:00,2022-04-24 12:00:00,Z,NWS forecast zone,11,WARD,Blizzard,,,0,0,3.00M,0.00K,Utility Company,"A strong Colorado low lifted through North Dakota. Initially, a wintry mix of rain, freezing rain, sleet and snow developed over western and central North Dakota. As temperatures dropped over the northwest and far north central, ice accumulated on power lines. Strong winds developed, with precipitation eventually changing over to all snow. The strong winds combined with the ice on the power lines leading to thousands of power poles and cross arms breaking, resulting in widespread power outages throughout the northwest into the far north central. On the evening of April 24, almost all of the northwest part of the state was without power. Some residential services in rural areas took over three weeks to have power restored, and some non-residential services were not restored until mid-June. As the snow combined with the strong winds, visibility dropped to zero across western and parts of central North Dakota. Interstate 94 closed from the Montana state line to Mandan, and most other roads were impassable. Due to the after-effects of the blizzard and power outages, the American Red Cross opened warming shelters in Crosby and Williston, and provided showers and meals to many individuals. Snowfall totals of over a foot and a half were reported, though were tough to measure with wind gusts over 70 mph. As of the writing of this episode, power companies and government officials were still in the process of calculating financial losses. With that said, expectations are that at a minimum, the financial impact from this storm was at least 60 million dollars. It should be understood that this value, and the individual county event entries, are rough estimates.","Strong winds and heavy snow combined to produce a blizzard. In addition, periods of freezing rain occurred which accreted on power lines. This, combined with strong winds, led to extensive damage to power lines, cross arms, and poles, and thus widespread power outages."
ND-EO-2022-04,2022-04,Burgum,Declares Disaster for Historic Blizzard,2022-04-25,https://www.governor.nd.gov/executive-orders/executive-order-archive,1020488,168555,2022-04-23 07:00:00,2022-04-24 12:00:00,Z,NWS forecast zone,9,WILLIAMS,Blizzard,,,0,0,15.00M,0.00K,Utility Company,"A strong Colorado low lifted through North Dakota. Initially, a wintry mix of rain, freezing rain, sleet and snow developed over western and central North Dakota. As temperatures dropped over the northwest and far north central, ice accumulated on power lines. Strong winds developed, with precipitation eventually changing over to all snow. The strong winds combined with the ice on the power lines leading to thousands of power poles and cross arms breaking, resulting in widespread power outages throughout the northwest into the far north central. On the evening of April 24, almost all of the northwest part of the state was without power. Some residential services in rural areas took over three weeks to have power restored, and some non-residential services were not restored until mid-June. As the snow combined with the strong winds, visibility dropped to zero across western and parts of central North Dakota. Interstate 94 closed from the Montana state line to Mandan, and most other roads were impassable. Due to the after-effects of the blizzard and power outages, the American Red Cross opened warming shelters in Crosby and Williston, and provided showers and meals to many individuals. Snowfall totals of over a foot and a half were reported, though were tough to measure with wind gusts over 70 mph. As of the writing of this episode, power companies and government officials were still in the process of calculating financial losses. With that said, expectations are that at a minimum, the financial impact from this storm was at least 60 million dollars. It should be understood that this value, and the individual county event entries, are rough estimates.","Strong winds and heavy snow combined to produce a blizzard. In addition, periods of freezing rain occurred which accreted on power lines. This, combined with strong winds, led to extensive damage to power lines, cross arms, and poles, and thus widespread power outages."
ND-EO-2022-05,2022-05,Burgum,Declares Statewide Emergency for Flooding and Infrastructure Damage,2022-04-25,https://www.governor.nd.gov/executive-orders/executive-order-archive,1034673,169661,2022-04-23 17:56:00,2022-04-23 18:30:00,C,county/county-equivalent,35,GRAND FORKS,Flash Flood,,,0,0,50.00K,0.00K,Law Enforcement,"Several rounds of severe thunderstorms traversed the region starting on the evening of April 22nd. Initially, large hail was the primary concern, with an increasingly tornadic environment heading into April 23rd. Both hail (up to 1.5 inches) and tornadoes were reported with this system.",Streets flooded to more than a foot deep at several intersections.
ND-EO-2022-05,2022-05,Burgum,Declares Statewide Emergency for Flooding and Infrastructure Damage,2022-04-25,https://www.governor.nd.gov/executive-orders/executive-order-archive,1034672,169661,2022-04-23 15:30:00,2022-04-23 16:30:00,C,county/county-equivalent,97,TRAILL,Flash Flood,,,0,0,50.00K,0.00K,Law Enforcement,"Several rounds of severe thunderstorms traversed the region starting on the evening of April 22nd. Initially, large hail was the primary concern, with an increasingly tornadic environment heading into April 23rd. Both hail (up to 1.5 inches) and tornadoes were reported with this system.",Streets flooded to more than a foot deep at several intersections.
ND-EO-2023-03,2023-03,Burgum,Declares Winter Storm Disaster for January Fog and Ice Event,2023-03-21,https://www.governor.nd.gov/executive-orders/executive-order-archive,1087692,178690,2023-03-21 11:00:00,2023-03-22 11:00:00,Z,NWS forecast zone,38,BARNES,Heavy Snow,,,0,0,,,Broadcast Media,A winter storm dropped heavy snow in a short period of time in south and central Eastern North Dakota on March 21st through 22nd.,"Broadcast Media reports 7.5 inches in Tower City. Based on reports on the Barnes/Cass county border, we can assume heavy snow in Barnes county on March 22nd."
ND-EO-2023-03,2023-03,Burgum,Declares Winter Storm Disaster for January Fog and Ice Event,2023-03-21,https://www.governor.nd.gov/executive-orders/executive-order-archive,1087589,178690,2023-03-21 17:00:00,2023-03-21 20:25:00,Z,NWS forecast zone,39,CASS,Heavy Snow,,,0,0,,,Broadcast Media,A winter storm dropped heavy snow in a short period of time in south and central Eastern North Dakota on March 21st through 22nd.,"Measured 6.3 inches of snow at KVLY, with snow ongoing."
ND-EO-2023-03,2023-03,Burgum,Declares Winter Storm Disaster for January Fog and Ice Event,2023-03-21,https://www.governor.nd.gov/executive-orders/executive-order-archive,1087594,178690,2023-03-21 17:00:00,2023-03-22 11:25:00,Z,NWS forecast zone,39,CASS,Heavy Snow,,,0,0,,,Broadcast Media,A winter storm dropped heavy snow in a short period of time in south and central Eastern North Dakota on March 21st through 22nd.,Measured 8 inches of snow in Argusville.
ND-EO-2023-03,2023-03,Burgum,Declares Winter Storm Disaster for January Fog and Ice Event,2023-03-21,https://www.governor.nd.gov/executive-orders/executive-order-archive,1087592,178690,2023-03-21 17:00:00,2023-03-22 11:25:00,Z,NWS forecast zone,30,TRAILL,Heavy Snow,,,0,0,,,Broadcast Media,A winter storm dropped heavy snow in a short period of time in south and central Eastern North Dakota on March 21st through 22nd.,Measured 6.5 inches of snow in Hillsboro.
ND-EO-2023-03,2023-03,Burgum,Declares Winter Storm Disaster for January Fog and Ice Event,2023-03-21,https://www.governor.nd.gov/executive-orders/executive-order-archive,1087595,178690,2023-03-21 17:00:00,2023-03-22 07:00:00,Z,NWS forecast zone,30,TRAILL,Heavy Snow,,,0,0,,,CoCoRaHS,A winter storm dropped heavy snow in a short period of time in south and central Eastern North Dakota on March 21st through 22nd.,Measured 6.5 inches of snow 7 ENE Grandin.
ND-EO-2023-04,2023-04,Burgum,Declares Statewide Emergency for Spring Flooding,2023-04-10,https://www.governor.nd.gov/executive-orders/executive-order-archive,1094355,178799,2023-04-11 00:00:00,2023-04-20 23:59:00,C,county/county-equivalent,33,GOLDEN VALLEY,Flood,,,0,0,140.00K,0.00K,State Official,"The spring snow melt of 2023 saw many areas of flooding over North Dakota due to a record deep snow pack and relatively fast melt. Multiple counties experienced infrastructure damage due to the flooding. In addition, during the morning hours of April 16, a flood death (direct) occurred as a 54 year old female was driving a 2004 Ford Escape along ND Highway 66 near the intersection of 47th Avenue NE, to the northwest of Mylo, Rolette County. The road was covered with water and ice due to snow melt flooding, and temperatures below freezing. The driver lost control of the vehicle, which went into the north ditch, rolled and overturned onto its roof in the flooded ditch. The driver died (direct).",Flooding from snow melt runoff caused significant damages to county infrastructure.
ND-EO-2023-04,2023-04,Burgum,Declares Statewide Emergency for Spring Flooding,2023-04-10,https://www.governor.nd.gov/executive-orders/executive-order-archive,1094335,178799,2023-04-11 00:00:00,2023-04-20 23:59:00,C,county/county-equivalent,57,MERCER,Flood,,,0,0,70.00K,0.00K,State Official,"The spring snow melt of 2023 saw many areas of flooding over North Dakota due to a record deep snow pack and relatively fast melt. Multiple counties experienced infrastructure damage due to the flooding. In addition, during the morning hours of April 16, a flood death (direct) occurred as a 54 year old female was driving a 2004 Ford Escape along ND Highway 66 near the intersection of 47th Avenue NE, to the northwest of Mylo, Rolette County. The road was covered with water and ice due to snow melt flooding, and temperatures below freezing. The driver lost control of the vehicle, which went into the north ditch, rolled and overturned onto its roof in the flooded ditch. The driver died (direct).",Flooding from snow melt runoff caused significant damages to county infrastructure.
ND-EO-2023-04,2023-04,Burgum,Declares Statewide Emergency for Spring Flooding,2023-04-10,https://www.governor.nd.gov/executive-orders/executive-order-archive,1094362,178799,2023-04-11 00:00:00,2023-04-20 23:59:00,C,county/county-equivalent,59,MORTON,Flood,,,0,0,450.00K,0.00K,State Official,"The spring snow melt of 2023 saw many areas of flooding over North Dakota due to a record deep snow pack and relatively fast melt. Multiple counties experienced infrastructure damage due to the flooding. In addition, during the morning hours of April 16, a flood death (direct) occurred as a 54 year old female was driving a 2004 Ford Escape along ND Highway 66 near the intersection of 47th Avenue NE, to the northwest of Mylo, Rolette County. The road was covered with water and ice due to snow melt flooding, and temperatures below freezing. The driver lost control of the vehicle, which went into the north ditch, rolled and overturned onto its roof in the flooded ditch. The driver died (direct).","Flooding from snow melt runoff caused significant damages to county infrastructure, which includes damage caused by an ice jam in Mandan along the Heart River."
ND-EO-2023-04,2023-04,Burgum,Declares Statewide Emergency for Spring Flooding,2023-04-10,https://www.governor.nd.gov/executive-orders/executive-order-archive,1094347,178799,2023-04-11 00:00:00,2023-04-20 23:59:00,C,county/county-equivalent,61,MOUNTRAIL,Flood,,,0,0,110.00K,0.00K,State Official,"The spring snow melt of 2023 saw many areas of flooding over North Dakota due to a record deep snow pack and relatively fast melt. Multiple counties experienced infrastructure damage due to the flooding. In addition, during the morning hours of April 16, a flood death (direct) occurred as a 54 year old female was driving a 2004 Ford Escape along ND Highway 66 near the intersection of 47th Avenue NE, to the northwest of Mylo, Rolette County. The road was covered with water and ice due to snow melt flooding, and temperatures below freezing. The driver lost control of the vehicle, which went into the north ditch, rolled and overturned onto its roof in the flooded ditch. The driver died (direct).",Flooding from snow melt runoff caused significant damages to county infrastructure.
ND-EO-2025-05,2025-05,Armstrong,Declares Statewide Disaster for Tornado Damage (Enderlin severe storms),2025-06-21,https://ndresponse.gov/news/armstrong-declares-disaster-tornado-damage-extends-sympathy-victims-families,1271767,202944,2025-06-20 17:53:00,2025-06-20 17:59:00,C,county/county-equivalent,1,ADAMS,Thunderstorm Wind,53.0,MG,0,0,0.00K,0.00K,ASOS,"An outbreak of severe thunderstorms brought extreme winds, very large hail, and multiple tornadoes across much of southern North Dakota from the late afternoon into the nighttime hours. A low-pressure system in southeastern Montana and a warm front stretching eastward across southern North Dakota provided a focus for the severe thunderstorms. Several environmental parameters were in place for a significant outbreak, most notable was the amount of deep-layer wind shear. The lowest layer of the atmosphere (up to 1 mile above the surface) also contained strong wind shear, which was one of the key ingredients that resulted in the higher risk for strong tornadoes. This event has been classified as a derecho, a term that is reserved for the most intense, widespread, and long-lasting lines of severe thunderstorms. By definition, a derecho is a widespread severe windstorm characterized by a family of destructive downbursts containing multiple 75+ mph gusts associated with the system.|Thunderstorms initially developed in eastern Montana in the late afternoon and moved into southwest North Dakota. Severe wind gusts around 60 mph were reported in far southwest North Dakota from Dickinson to Bowman during the early evening. Thereafter, storms grew into a pronounced line as they moved east and began accelerating. Shortly thereafter, extremely strong wind gusts started occurring, including a measured 94 mph gust to the northwest of Elgin in Grant County, and estimated 95 mph wind gusts in Hettinger County where a farmstead was severely damaged. Meanwhile, a supercell thunderstorm developed just south of Jamestown, and produced three-inch diameter hail as it moved northward into the city. This storm then slowly moved to the east-northeast and produced a brief tornado between Jamestown and Spiritwood. Shortly thereafter, a larger tornado formed near Spiritwood and moved to the east-northeast into Barnes County where EF-3 damage occurred, before tracking back into Stutsman County while it was dissipating. Specific details on the damage with this event can be found in the National Weather Service-Grand Forks Storm Data entry. Another supercell thunderstorm then formed south of the initial storm, moving southeast through southern Stutsman and northern LaMoure Counties. This storm produced a tornado near Adrian and another north of Verona. During this time, the line of storms to the west continued to strengthen, producing a wide swath of 80 to 100 mph wind gusts as it moved through south central North Dakota and across the James River Valley during the mid-evening into the nighttime hours. The derecho caused extensive tree and structure damage along its path, with significant damage to grain storage equipment and power transmission poles. The highest measured wind gust associated with the derecho was 101 mph at a North Dakota Agricultural Weather Network (NDAWN) station 5 miles northwest of Linton. There were also several tornadoes produced by the intense line of storms, including two tornadoes rated as EF-1 (north of Interstate 94 between Crystal Springs and Medina near the Kidder/Stutsman County Line, and to the southwest of Grace City in Foster County), and one tornado rated as EF-2 (north of Sweet Briar Lake in Morton County).  The derecho resulted in one injury which occurred in a housing development to the south of Lincoln in Burleigh County as a male was outdoors and was struck by flying debris. Also, one indirect fatality occurred near Courtenay in Stutsman County where a 76-year-old male died in his sleep from his breathing device not operating properly due to the power outage caused by the storm.",
ND-EO-2025-05,2025-05,Armstrong,Declares Statewide Disaster for Tornado Damage (Enderlin severe storms),2025-06-21,https://ndresponse.gov/news/armstrong-declares-disaster-tornado-damage-extends-sympathy-victims-families,1263486,202945,2025-06-22 06:54:00,2025-06-22 06:57:00,C,county/county-equivalent,1,ADAMS,Hail,1.0,,0,0,0.00K,0.00K,Trained Spotter,A severe thunderstorm moved from northwest South Dakota into southwest North Dakota in an environment of modest instability but strong deep layer shear. The storm produced one-inch diameter hail in far southern Adams County.,
ND-EO-2025-05,2025-05,Armstrong,Declares Statewide Disaster for Tornado Damage (Enderlin severe storms),2025-06-21,https://ndresponse.gov/news/armstrong-declares-disaster-tornado-damage-extends-sympathy-victims-families,1279518,203614,2025-06-20 19:53:00,2025-06-20 20:16:00,C,county/county-equivalent,3,BARNES,Tornado,,,0,0,,,NWS Storm Survey,"During the evening of Friday, June 20th into the early morning hours of June 21st, much of the region was affected by severe weather. Supercell thunderstorms developed across southeast North Dakota ahead of an approaching convective complex, producing multiple strong, destructive, and fatal tornadoes. This was followed by a powerful line of severe thunderstorms categorized as a derecho, which tracked across much of the region resulting in widespread straight line wind damage. After the derecho passed through the region, there was a period of prolonged destructive winds that affected portions of central and east central North Dakota, as well as adjacent portions of Minnesota. This was a unique event due to the combination of the violent tornadoes ahead of the derecho, and the long duration of significant winds that followed the derecho. Based on estimates provided by North Dakota Agriculture Commissioner Doug Goehring, the state lost anywhere from 50 to 80 million bushels of grain storage capacity from these storms.","This tornado initially developed in far eastern Stutsman County about 2 miles east-southeast of Spiritwood, and immediately tracked northeast into Barnes County. As it continued northeast it missed the community of Urbana in Barnes County to the northwest. As it continued this northeast track it caused EF-3 damage|to a metal building structure and homestead. Additional EF-2 damage occurred at that home, including the loss of an upper floor and garage. Several nearby Morton buildings were also destroyed next to the MBS. At least 3 vehicles and a trailer were lofted by the tornado from that home, along with the engine block of a dump truck. The vehicle remnants were thrown or deposited between 0.2 and 0.25 miles along an arc from the south to southeast. One vehicle was a 1980 Chevy pickup truck that had originally been located between a backhoe and dump truck by the house. The vehicles cannot currently be used as DI's under the current EF scale, however they could be reviewed in future expansions of the EF scale. The tornado continued on a north to northeast track and 1  mile from the first home caused EF-3 damage to another home along with EF-3 damage to nearby trees. The tornado then turned northwest causing visible ground scouring as it eventually turned west back into Stutsman county as it weakened and eventually dissipated in eastern Stutsman County. High resolution Worldview 2 satellite imagery reveals trackable ground scouring showing this turning track up to around 1.25 miles west of the Barnes County and Stutsman County border."
ND-EO-2025-05,2025-05,Armstrong,Declares Statewide Disaster for Tornado Damage (Enderlin severe storms),2025-06-21,https://ndresponse.gov/news/armstrong-declares-disaster-tornado-damage-extends-sympathy-victims-families,1282004,203614,2025-06-20 20:05:00,2025-06-20 20:23:00,C,county/county-equivalent,3,BARNES,Tornado,,,0,0,,,NWS Storm Survey,"During the evening of Friday, June 20th into the early morning hours of June 21st, much of the region was affected by severe weather. Supercell thunderstorms developed across southeast North Dakota ahead of an approaching convective complex, producing multiple strong, destructive, and fatal tornadoes. This was followed by a powerful line of severe thunderstorms categorized as a derecho, which tracked across much of the region resulting in widespread straight line wind damage. After the derecho passed through the region, there was a period of prolonged destructive winds that affected portions of central and east central North Dakota, as well as adjacent portions of Minnesota. This was a unique event due to the combination of the violent tornadoes ahead of the derecho, and the long duration of significant winds that followed the derecho. Based on estimates provided by North Dakota Agriculture Commissioner Doug Goehring, the state lost anywhere from 50 to 80 million bushels of grain storage capacity from these storms.",Video and photo evidence was used to confirm an anticyclonic tornado occurred in this area tracking generally southeast. Trained weather spotters observed no damage with this tornado as it harmlessly meandered across fields and potholes during its photogenic lifespan.
ND-EO-2025-05,2025-05,Armstrong,Declares Statewide Disaster for Tornado Damage (Enderlin severe storms),2025-06-21,https://ndresponse.gov/news/armstrong-declares-disaster-tornado-damage-extends-sympathy-victims-families,1281993,203614,2025-06-20 21:29:00,2025-06-20 21:50:00,C,county/county-equivalent,3,BARNES,Tornado,,,0,0,,,NWS Storm Survey,"During the evening of Friday, June 20th into the early morning hours of June 21st, much of the region was affected by severe weather. Supercell thunderstorms developed across southeast North Dakota ahead of an approaching convective complex, producing multiple strong, destructive, and fatal tornadoes. This was followed by a powerful line of severe thunderstorms categorized as a derecho, which tracked across much of the region resulting in widespread straight line wind damage. After the derecho passed through the region, there was a period of prolonged destructive winds that affected portions of central and east central North Dakota, as well as adjacent portions of Minnesota. This was a unique event due to the combination of the violent tornadoes ahead of the derecho, and the long duration of significant winds that followed the derecho. Based on estimates provided by North Dakota Agriculture Commissioner Doug Goehring, the state lost anywhere from 50 to 80 million bushels of grain storage capacity from these storms.","This tornado developed in central Barnes County 5 miles southwest of Valley City and tracked southeast, caused EF-0 and EF-1 damage to trees and several homes. It continued over a ridge crossing the Sheyenne River, then caused EF-1 and EF-2 damage to several homes eventually crossing 117th Ave SE before lifting 3 miles south of Valley City. This tornado was almost 6 miles long."
ND-EO-2025-05,2025-05,Armstrong,Declares Statewide Disaster for Tornado Damage (Enderlin severe storms),2025-06-21,https://ndresponse.gov/news/armstrong-declares-disaster-tornado-damage-extends-sympathy-victims-families,1277610,203614,2025-06-20 22:14:00,2025-06-20 22:24:00,C,county/county-equivalent,3,BARNES,Thunderstorm Wind,70.0,EG,0,0,,,Trained Spotter,"During the evening of Friday, June 20th into the early morning hours of June 21st, much of the region was affected by severe weather. Supercell thunderstorms developed across southeast North Dakota ahead of an approaching convective complex, producing multiple strong, destructive, and fatal tornadoes. This was followed by a powerful line of severe thunderstorms categorized as a derecho, which tracked across much of the region resulting in widespread straight line wind damage. After the derecho passed through the region, there was a period of prolonged destructive winds that affected portions of central and east central North Dakota, as well as adjacent portions of Minnesota. This was a unique event due to the combination of the violent tornadoes ahead of the derecho, and the long duration of significant winds that followed the derecho. Based on estimates provided by North Dakota Agriculture Commissioner Doug Goehring, the state lost anywhere from 50 to 80 million bushels of grain storage capacity from these storms.",Tree branches 6 inches to 10 inches in diameter were reported down in Valley City. Wind gusts estimated at 80 mph.
ND-EO-2025-05,2025-05,Armstrong,Declares Statewide Disaster for Tornado Damage (Enderlin severe storms),2025-06-21,https://ndresponse.gov/news/armstrong-declares-disaster-tornado-damage-extends-sympathy-victims-families,1282000,203614,2025-06-20 23:17:00,2025-06-20 23:22:00,C,county/county-equivalent,3,BARNES,Tornado,,,0,0,,,NWS Storm Survey,"During the evening of Friday, June 20th into the early morning hours of June 21st, much of the region was affected by severe weather. Supercell thunderstorms developed across southeast North Dakota ahead of an approaching convective complex, producing multiple strong, destructive, and fatal tornadoes. This was followed by a powerful line of severe thunderstorms categorized as a derecho, which tracked across much of the region resulting in widespread straight line wind damage. After the derecho passed through the region, there was a period of prolonged destructive winds that affected portions of central and east central North Dakota, as well as adjacent portions of Minnesota. This was a unique event due to the combination of the violent tornadoes ahead of the derecho, and the long duration of significant winds that followed the derecho. Based on estimates provided by North Dakota Agriculture Commissioner Doug Goehring, the state lost anywhere from 50 to 80 million bushels of grain storage capacity from these storms.",Ground survey and satellite imagery confirm a tornado tracked intermittently for approximately 5 miles. 2 farmsteads sustained damage to buildings both suggesting winds around 100mph in the first couple miles of the tornado there after satellite imagery shows scouring in fields for another 3 miles or so where at one point it reached 800 yards wide.
ND-EO-2025-05,2025-05,Armstrong,Declares Statewide Disaster for Tornado Damage (Enderlin severe storms),2025-06-21,https://ndresponse.gov/news/armstrong-declares-disaster-tornado-damage-extends-sympathy-victims-families,1277616,203614,2025-06-20 23:49:00,2025-06-21 00:15:00,C,county/county-equivalent,3,BARNES,Thunderstorm Wind,70.0,EG,0,0,,,Public,"During the evening of Friday, June 20th into the early morning hours of June 21st, much of the region was affected by severe weather. Supercell thunderstorms developed across southeast North Dakota ahead of an approaching convective complex, producing multiple strong, destructive, and fatal tornadoes. This was followed by a powerful line of severe thunderstorms categorized as a derecho, which tracked across much of the region resulting in widespread straight line wind damage. After the derecho passed through the region, there was a period of prolonged destructive winds that affected portions of central and east central North Dakota, as well as adjacent portions of Minnesota. This was a unique event due to the combination of the violent tornadoes ahead of the derecho, and the long duration of significant winds that followed the derecho. Based on estimates provided by North Dakota Agriculture Commissioner Doug Goehring, the state lost anywhere from 50 to 80 million bushels of grain storage capacity from these storms.",Received a public report of wind gusts estimated up to 80 mph. Power flashes were also reported.
ND-EO-2025-05,2025-05,Armstrong,Declares Statewide Disaster for Tornado Damage (Enderlin severe storms),2025-06-21,https://ndresponse.gov/news/armstrong-declares-disaster-tornado-damage-extends-sympathy-victims-families,1277622,203614,2025-06-20 23:50:00,2025-06-21 00:20:00,C,county/county-equivalent,3,BARNES,Thunderstorm Wind,83.0,MG,0,0,,,Mesonet,"During the evening of Friday, June 20th into the early morning hours of June 21st, much of the region was affected by severe weather. Supercell thunderstorms developed across southeast North Dakota ahead of an approaching convective complex, producing multiple strong, destructive, and fatal tornadoes. This was followed by a powerful line of severe thunderstorms categorized as a derecho, which tracked across much of the region resulting in widespread straight line wind damage. After the derecho passed through the region, there was a period of prolonged destructive winds that affected portions of central and east central North Dakota, as well as adjacent portions of Minnesota. This was a unique event due to the combination of the violent tornadoes ahead of the derecho, and the long duration of significant winds that followed the derecho. Based on estimates provided by North Dakota Agriculture Commissioner Doug Goehring, the state lost anywhere from 50 to 80 million bushels of grain storage capacity from these storms.",NDAWN station measured a 95 mph wind gust.
ND-EO-2025-05,2025-05,Armstrong,Declares Statewide Disaster for Tornado Damage (Enderlin severe storms),2025-06-21,https://ndresponse.gov/news/armstrong-declares-disaster-tornado-damage-extends-sympathy-victims-families,1277624,203614,2025-06-21 00:10:00,2025-06-21 00:30:00,C,county/county-equivalent,3,BARNES,Thunderstorm Wind,76.0,MG,0,0,,,Mesonet,"During the evening of Friday, June 20th into the early morning hours of June 21st, much of the region was affected by severe weather. Supercell thunderstorms developed across southeast North Dakota ahead of an approaching convective complex, producing multiple strong, destructive, and fatal tornadoes. This was followed by a powerful line of severe thunderstorms categorized as a derecho, which tracked across much of the region resulting in widespread straight line wind damage. After the derecho passed through the region, there was a period of prolonged destructive winds that affected portions of central and east central North Dakota, as well as adjacent portions of Minnesota. This was a unique event due to the combination of the violent tornadoes ahead of the derecho, and the long duration of significant winds that followed the derecho. Based on estimates provided by North Dakota Agriculture Commissioner Doug Goehring, the state lost anywhere from 50 to 80 million bushels of grain storage capacity from these storms.",NDAWN station at Pillsbury reported an 88 mph wind gust.
ND-EO-2025-05,2025-05,Armstrong,Declares Statewide Disaster for Tornado Damage (Enderlin severe storms),2025-06-21,https://ndresponse.gov/news/armstrong-declares-disaster-tornado-damage-extends-sympathy-victims-families,1263444,202939,2025-06-19 16:35:00,2025-06-19 16:37:00,C,county/county-equivalent,7,BILLINGS,Hail,2.5,,0,0,0.00K,0.00K,Public,"An environment with elevated instability and very strong deep layer shear set the stage for severe weather development over western and south central North Dakota. A long lived supercell thunderstorm developed over far southwest North Dakota near a modest frontal boundary, and quickly became severe over Billings County. The storm then continued to track to the east-southeast producing very large damaging hail as it moved through Stark, Hettinger, and Grant Counties. The largest hail reported was three inches in diameter which fell south of Dickinson in Stark County. In addition, a tornado developed approximately 9 miles southwest of Dickinson in Stark County, and traveled to the south approximately 1.4 miles. Two houses along the path of the tornado had roofs partially blown off and some siding ripped off. Tree damage also occurred, with one tree having an eight inch diameter branch snap off. Fences were broken down and two power poles were broken. Based on the damage done this tornado was rated EF-1, and from that wind speeds were estimated to be around 100 mph. Additional thunderstorms developed and moved through central and western North Dakota through the evening. One of these storms became severe over south central North Dakota producing one-inch diameter hail in Logan County.",
ND-EO-2025-05,2025-05,Armstrong,Declares Statewide Disaster for Tornado Damage (Enderlin severe storms),2025-06-21,https://ndresponse.gov/news/armstrong-declares-disaster-tornado-damage-extends-sympathy-victims-families,1271596,202944,2025-06-20 16:56:00,2025-06-20 16:58:00,C,county/county-equivalent,7,BILLINGS,Hail,1.0,,0,0,0.00K,0.00K,Public,"An outbreak of severe thunderstorms brought extreme winds, very large hail, and multiple tornadoes across much of southern North Dakota from the late afternoon into the nighttime hours. A low-pressure system in southeastern Montana and a warm front stretching eastward across southern North Dakota provided a focus for the severe thunderstorms. Several environmental parameters were in place for a significant outbreak, most notable was the amount of deep-layer wind shear. The lowest layer of the atmosphere (up to 1 mile above the surface) also contained strong wind shear, which was one of the key ingredients that resulted in the higher risk for strong tornadoes. This event has been classified as a derecho, a term that is reserved for the most intense, widespread, and long-lasting lines of severe thunderstorms. By definition, a derecho is a widespread severe windstorm characterized by a family of destructive downbursts containing multiple 75+ mph gusts associated with the system.|Thunderstorms initially developed in eastern Montana in the late afternoon and moved into southwest North Dakota. Severe wind gusts around 60 mph were reported in far southwest North Dakota from Dickinson to Bowman during the early evening. Thereafter, storms grew into a pronounced line as they moved east and began accelerating. Shortly thereafter, extremely strong wind gusts started occurring, including a measured 94 mph gust to the northwest of Elgin in Grant County, and estimated 95 mph wind gusts in Hettinger County where a farmstead was severely damaged. Meanwhile, a supercell thunderstorm developed just south of Jamestown, and produced three-inch diameter hail as it moved northward into the city. This storm then slowly moved to the east-northeast and produced a brief tornado between Jamestown and Spiritwood. Shortly thereafter, a larger tornado formed near Spiritwood and moved to the east-northeast into Barnes County where EF-3 damage occurred, before tracking back into Stutsman County while it was dissipating. Specific details on the damage with this event can be found in the National Weather Service-Grand Forks Storm Data entry. Another supercell thunderstorm then formed south of the initial storm, moving southeast through southern Stutsman and northern LaMoure Counties. This storm produced a tornado near Adrian and another north of Verona. During this time, the line of storms to the west continued to strengthen, producing a wide swath of 80 to 100 mph wind gusts as it moved through south central North Dakota and across the James River Valley during the mid-evening into the nighttime hours. The derecho caused extensive tree and structure damage along its path, with significant damage to grain storage equipment and power transmission poles. The highest measured wind gust associated with the derecho was 101 mph at a North Dakota Agricultural Weather Network (NDAWN) station 5 miles northwest of Linton. There were also several tornadoes produced by the intense line of storms, including two tornadoes rated as EF-1 (north of Interstate 94 between Crystal Springs and Medina near the Kidder/Stutsman County Line, and to the southwest of Grace City in Foster County), and one tornado rated as EF-2 (north of Sweet Briar Lake in Morton County).  The derecho resulted in one injury which occurred in a housing development to the south of Lincoln in Burleigh County as a male was outdoors and was struck by flying debris. Also, one indirect fatality occurred near Courtenay in Stutsman County where a 76-year-old male died in his sleep from his breathing device not operating properly due to the power outage caused by the storm.",
ND-EO-2025-05,2025-05,Armstrong,Declares Statewide Disaster for Tornado Damage (Enderlin severe storms),2025-06-21,https://ndresponse.gov/news/armstrong-declares-disaster-tornado-damage-extends-sympathy-victims-families,1271597,202944,2025-06-20 17:15:00,2025-06-20 17:17:00,C,county/county-equivalent,11,BOWMAN,Thunderstorm Wind,50.0,MG,0,0,0.00K,0.00K,AWOS,"An outbreak of severe thunderstorms brought extreme winds, very large hail, and multiple tornadoes across much of southern North Dakota from the late afternoon into the nighttime hours. A low-pressure system in southeastern Montana and a warm front stretching eastward across southern North Dakota provided a focus for the severe thunderstorms. Several environmental parameters were in place for a significant outbreak, most notable was the amount of deep-layer wind shear. The lowest layer of the atmosphere (up to 1 mile above the surface) also contained strong wind shear, which was one of the key ingredients that resulted in the higher risk for strong tornadoes. This event has been classified as a derecho, a term that is reserved for the most intense, widespread, and long-lasting lines of severe thunderstorms. By definition, a derecho is a widespread severe windstorm characterized by a family of destructive downbursts containing multiple 75+ mph gusts associated with the system.|Thunderstorms initially developed in eastern Montana in the late afternoon and moved into southwest North Dakota. Severe wind gusts around 60 mph were reported in far southwest North Dakota from Dickinson to Bowman during the early evening. Thereafter, storms grew into a pronounced line as they moved east and began accelerating. Shortly thereafter, extremely strong wind gusts started occurring, including a measured 94 mph gust to the northwest of Elgin in Grant County, and estimated 95 mph wind gusts in Hettinger County where a farmstead was severely damaged. Meanwhile, a supercell thunderstorm developed just south of Jamestown, and produced three-inch diameter hail as it moved northward into the city. This storm then slowly moved to the east-northeast and produced a brief tornado between Jamestown and Spiritwood. Shortly thereafter, a larger tornado formed near Spiritwood and moved to the east-northeast into Barnes County where EF-3 damage occurred, before tracking back into Stutsman County while it was dissipating. Specific details on the damage with this event can be found in the National Weather Service-Grand Forks Storm Data entry. Another supercell thunderstorm then formed south of the initial storm, moving southeast through southern Stutsman and northern LaMoure Counties. This storm produced a tornado near Adrian and another north of Verona. During this time, the line of storms to the west continued to strengthen, producing a wide swath of 80 to 100 mph wind gusts as it moved through south central North Dakota and across the James River Valley during the mid-evening into the nighttime hours. The derecho caused extensive tree and structure damage along its path, with significant damage to grain storage equipment and power transmission poles. The highest measured wind gust associated with the derecho was 101 mph at a North Dakota Agricultural Weather Network (NDAWN) station 5 miles northwest of Linton. There were also several tornadoes produced by the intense line of storms, including two tornadoes rated as EF-1 (north of Interstate 94 between Crystal Springs and Medina near the Kidder/Stutsman County Line, and to the southwest of Grace City in Foster County), and one tornado rated as EF-2 (north of Sweet Briar Lake in Morton County).  The derecho resulted in one injury which occurred in a housing development to the south of Lincoln in Burleigh County as a male was outdoors and was struck by flying debris. Also, one indirect fatality occurred near Courtenay in Stutsman County where a 76-year-old male died in his sleep from his breathing device not operating properly due to the power outage caused by the storm.",
ND-EO-2025-05,2025-05,Armstrong,Declares Statewide Disaster for Tornado Damage (Enderlin severe storms),2025-06-21,https://ndresponse.gov/news/armstrong-declares-disaster-tornado-damage-extends-sympathy-victims-families,1275111,202944,2025-06-20 20:05:00,2025-06-20 20:08:00,C,county/county-equivalent,15,BURLEIGH,Thunderstorm Wind,65.0,EG,0,0,2.00K,0.00K,NWS Employee,"An outbreak of severe thunderstorms brought extreme winds, very large hail, and multiple tornadoes across much of southern North Dakota from the late afternoon into the nighttime hours. A low-pressure system in southeastern Montana and a warm front stretching eastward across southern North Dakota provided a focus for the severe thunderstorms. Several environmental parameters were in place for a significant outbreak, most notable was the amount of deep-layer wind shear. The lowest layer of the atmosphere (up to 1 mile above the surface) also contained strong wind shear, which was one of the key ingredients that resulted in the higher risk for strong tornadoes. This event has been classified as a derecho, a term that is reserved for the most intense, widespread, and long-lasting lines of severe thunderstorms. By definition, a derecho is a widespread severe windstorm characterized by a family of destructive downbursts containing multiple 75+ mph gusts associated with the system.|Thunderstorms initially developed in eastern Montana in the late afternoon and moved into southwest North Dakota. Severe wind gusts around 60 mph were reported in far southwest North Dakota from Dickinson to Bowman during the early evening. Thereafter, storms grew into a pronounced line as they moved east and began accelerating. Shortly thereafter, extremely strong wind gusts started occurring, including a measured 94 mph gust to the northwest of Elgin in Grant County, and estimated 95 mph wind gusts in Hettinger County where a farmstead was severely damaged. Meanwhile, a supercell thunderstorm developed just south of Jamestown, and produced three-inch diameter hail as it moved northward into the city. This storm then slowly moved to the east-northeast and produced a brief tornado between Jamestown and Spiritwood. Shortly thereafter, a larger tornado formed near Spiritwood and moved to the east-northeast into Barnes County where EF-3 damage occurred, before tracking back into Stutsman County while it was dissipating. Specific details on the damage with this event can be found in the National Weather Service-Grand Forks Storm Data entry. Another supercell thunderstorm then formed south of the initial storm, moving southeast through southern Stutsman and northern LaMoure Counties. This storm produced a tornado near Adrian and another north of Verona. During this time, the line of storms to the west continued to strengthen, producing a wide swath of 80 to 100 mph wind gusts as it moved through south central North Dakota and across the James River Valley during the mid-evening into the nighttime hours. The derecho caused extensive tree and structure damage along its path, with significant damage to grain storage equipment and power transmission poles. The highest measured wind gust associated with the derecho was 101 mph at a North Dakota Agricultural Weather Network (NDAWN) station 5 miles northwest of Linton. There were also several tornadoes produced by the intense line of storms, including two tornadoes rated as EF-1 (north of Interstate 94 between Crystal Springs and Medina near the Kidder/Stutsman County Line, and to the southwest of Grace City in Foster County), and one tornado rated as EF-2 (north of Sweet Briar Lake in Morton County).  The derecho resulted in one injury which occurred in a housing development to the south of Lincoln in Burleigh County as a male was outdoors and was struck by flying debris. Also, one indirect fatality occurred near Courtenay in Stutsman County where a 76-year-old male died in his sleep from his breathing device not operating properly due to the power outage caused by the storm.",Large evergreen tree blown over.
ND-EO-2025-05,2025-05,Armstrong,Declares Statewide Disaster for Tornado Damage (Enderlin severe storms),2025-06-21,https://ndresponse.gov/news/armstrong-declares-disaster-tornado-damage-extends-sympathy-victims-families,1275113,202944,2025-06-20 20:09:00,2025-06-20 20:12:00,C,county/county-equivalent,15,BURLEIGH,Thunderstorm Wind,70.0,EG,0,0,5.00K,0.00K,Public,"An outbreak of severe thunderstorms brought extreme winds, very large hail, and multiple tornadoes across much of southern North Dakota from the late afternoon into the nighttime hours. A low-pressure system in southeastern Montana and a warm front stretching eastward across southern North Dakota provided a focus for the severe thunderstorms. Several environmental parameters were in place for a significant outbreak, most notable was the amount of deep-layer wind shear. The lowest layer of the atmosphere (up to 1 mile above the surface) also contained strong wind shear, which was one of the key ingredients that resulted in the higher risk for strong tornadoes. This event has been classified as a derecho, a term that is reserved for the most intense, widespread, and long-lasting lines of severe thunderstorms. By definition, a derecho is a widespread severe windstorm characterized by a family of destructive downbursts containing multiple 75+ mph gusts associated with the system.|Thunderstorms initially developed in eastern Montana in the late afternoon and moved into southwest North Dakota. Severe wind gusts around 60 mph were reported in far southwest North Dakota from Dickinson to Bowman during the early evening. Thereafter, storms grew into a pronounced line as they moved east and began accelerating. Shortly thereafter, extremely strong wind gusts started occurring, including a measured 94 mph gust to the northwest of Elgin in Grant County, and estimated 95 mph wind gusts in Hettinger County where a farmstead was severely damaged. Meanwhile, a supercell thunderstorm developed just south of Jamestown, and produced three-inch diameter hail as it moved northward into the city. This storm then slowly moved to the east-northeast and produced a brief tornado between Jamestown and Spiritwood. Shortly thereafter, a larger tornado formed near Spiritwood and moved to the east-northeast into Barnes County where EF-3 damage occurred, before tracking back into Stutsman County while it was dissipating. Specific details on the damage with this event can be found in the National Weather Service-Grand Forks Storm Data entry. Another supercell thunderstorm then formed south of the initial storm, moving southeast through southern Stutsman and northern LaMoure Counties. This storm produced a tornado near Adrian and another north of Verona. During this time, the line of storms to the west continued to strengthen, producing a wide swath of 80 to 100 mph wind gusts as it moved through south central North Dakota and across the James River Valley during the mid-evening into the nighttime hours. The derecho caused extensive tree and structure damage along its path, with significant damage to grain storage equipment and power transmission poles. The highest measured wind gust associated with the derecho was 101 mph at a North Dakota Agricultural Weather Network (NDAWN) station 5 miles northwest of Linton. There were also several tornadoes produced by the intense line of storms, including two tornadoes rated as EF-1 (north of Interstate 94 between Crystal Springs and Medina near the Kidder/Stutsman County Line, and to the southwest of Grace City in Foster County), and one tornado rated as EF-2 (north of Sweet Briar Lake in Morton County).  The derecho resulted in one injury which occurred in a housing development to the south of Lincoln in Burleigh County as a male was outdoors and was struck by flying debris. Also, one indirect fatality occurred near Courtenay in Stutsman County where a 76-year-old male died in his sleep from his breathing device not operating properly due to the power outage caused by the storm.",Multiple downed trees.
ND-EO-2025-05,2025-05,Armstrong,Declares Statewide Disaster for Tornado Damage (Enderlin severe storms),2025-06-21,https://ndresponse.gov/news/armstrong-declares-disaster-tornado-damage-extends-sympathy-victims-families,1271796,202944,2025-06-20 20:10:00,2025-06-20 20:13:00,C,county/county-equivalent,15,BURLEIGH,Thunderstorm Wind,71.0,MG,0,0,0.00K,0.00K,Mesonet,"An outbreak of severe thunderstorms brought extreme winds, very large hail, and multiple tornadoes across much of southern North Dakota from the late afternoon into the nighttime hours. A low-pressure system in southeastern Montana and a warm front stretching eastward across southern North Dakota provided a focus for the severe thunderstorms. Several environmental parameters were in place for a significant outbreak, most notable was the amount of deep-layer wind shear. The lowest layer of the atmosphere (up to 1 mile above the surface) also contained strong wind shear, which was one of the key ingredients that resulted in the higher risk for strong tornadoes. This event has been classified as a derecho, a term that is reserved for the most intense, widespread, and long-lasting lines of severe thunderstorms. By definition, a derecho is a widespread severe windstorm characterized by a family of destructive downbursts containing multiple 75+ mph gusts associated with the system.|Thunderstorms initially developed in eastern Montana in the late afternoon and moved into southwest North Dakota. Severe wind gusts around 60 mph were reported in far southwest North Dakota from Dickinson to Bowman during the early evening. Thereafter, storms grew into a pronounced line as they moved east and began accelerating. Shortly thereafter, extremely strong wind gusts started occurring, including a measured 94 mph gust to the northwest of Elgin in Grant County, and estimated 95 mph wind gusts in Hettinger County where a farmstead was severely damaged. Meanwhile, a supercell thunderstorm developed just south of Jamestown, and produced three-inch diameter hail as it moved northward into the city. This storm then slowly moved to the east-northeast and produced a brief tornado between Jamestown and Spiritwood. Shortly thereafter, a larger tornado formed near Spiritwood and moved to the east-northeast into Barnes County where EF-3 damage occurred, before tracking back into Stutsman County while it was dissipating. Specific details on the damage with this event can be found in the National Weather Service-Grand Forks Storm Data entry. Another supercell thunderstorm then formed south of the initial storm, moving southeast through southern Stutsman and northern LaMoure Counties. This storm produced a tornado near Adrian and another north of Verona. During this time, the line of storms to the west continued to strengthen, producing a wide swath of 80 to 100 mph wind gusts as it moved through south central North Dakota and across the James River Valley during the mid-evening into the nighttime hours. The derecho caused extensive tree and structure damage along its path, with significant damage to grain storage equipment and power transmission poles. The highest measured wind gust associated with the derecho was 101 mph at a North Dakota Agricultural Weather Network (NDAWN) station 5 miles northwest of Linton. There were also several tornadoes produced by the intense line of storms, including two tornadoes rated as EF-1 (north of Interstate 94 between Crystal Springs and Medina near the Kidder/Stutsman County Line, and to the southwest of Grace City in Foster County), and one tornado rated as EF-2 (north of Sweet Briar Lake in Morton County).  The derecho resulted in one injury which occurred in a housing development to the south of Lincoln in Burleigh County as a male was outdoors and was struck by flying debris. Also, one indirect fatality occurred near Courtenay in Stutsman County where a 76-year-old male died in his sleep from his breathing device not operating properly due to the power outage caused by the storm.",
ND-EO-2025-05,2025-05,Armstrong,Declares Statewide Disaster for Tornado Damage (Enderlin severe storms),2025-06-21,https://ndresponse.gov/news/armstrong-declares-disaster-tornado-damage-extends-sympathy-victims-families,1275114,202944,2025-06-20 20:15:00,2025-06-20 20:19:00,C,county/county-equivalent,15,BURLEIGH,Thunderstorm Wind,61.0,EG,0,0,0.00K,0.00K,Public,"An outbreak of severe thunderstorms brought extreme winds, very large hail, and multiple tornadoes across much of southern North Dakota from the late afternoon into the nighttime hours. A low-pressure system in southeastern Montana and a warm front stretching eastward across southern North Dakota provided a focus for the severe thunderstorms. Several environmental parameters were in place for a significant outbreak, most notable was the amount of deep-layer wind shear. The lowest layer of the atmosphere (up to 1 mile above the surface) also contained strong wind shear, which was one of the key ingredients that resulted in the higher risk for strong tornadoes. This event has been classified as a derecho, a term that is reserved for the most intense, widespread, and long-lasting lines of severe thunderstorms. By definition, a derecho is a widespread severe windstorm characterized by a family of destructive downbursts containing multiple 75+ mph gusts associated with the system.|Thunderstorms initially developed in eastern Montana in the late afternoon and moved into southwest North Dakota. Severe wind gusts around 60 mph were reported in far southwest North Dakota from Dickinson to Bowman during the early evening. Thereafter, storms grew into a pronounced line as they moved east and began accelerating. Shortly thereafter, extremely strong wind gusts started occurring, including a measured 94 mph gust to the northwest of Elgin in Grant County, and estimated 95 mph wind gusts in Hettinger County where a farmstead was severely damaged. Meanwhile, a supercell thunderstorm developed just south of Jamestown, and produced three-inch diameter hail as it moved northward into the city. This storm then slowly moved to the east-northeast and produced a brief tornado between Jamestown and Spiritwood. Shortly thereafter, a larger tornado formed near Spiritwood and moved to the east-northeast into Barnes County where EF-3 damage occurred, before tracking back into Stutsman County while it was dissipating. Specific details on the damage with this event can be found in the National Weather Service-Grand Forks Storm Data entry. Another supercell thunderstorm then formed south of the initial storm, moving southeast through southern Stutsman and northern LaMoure Counties. This storm produced a tornado near Adrian and another north of Verona. During this time, the line of storms to the west continued to strengthen, producing a wide swath of 80 to 100 mph wind gusts as it moved through south central North Dakota and across the James River Valley during the mid-evening into the nighttime hours. The derecho caused extensive tree and structure damage along its path, with significant damage to grain storage equipment and power transmission poles. The highest measured wind gust associated with the derecho was 101 mph at a North Dakota Agricultural Weather Network (NDAWN) station 5 miles northwest of Linton. There were also several tornadoes produced by the intense line of storms, including two tornadoes rated as EF-1 (north of Interstate 94 between Crystal Springs and Medina near the Kidder/Stutsman County Line, and to the southwest of Grace City in Foster County), and one tornado rated as EF-2 (north of Sweet Briar Lake in Morton County).  The derecho resulted in one injury which occurred in a housing development to the south of Lincoln in Burleigh County as a male was outdoors and was struck by flying debris. Also, one indirect fatality occurred near Courtenay in Stutsman County where a 76-year-old male died in his sleep from his breathing device not operating properly due to the power outage caused by the storm.",Tree limbs were blown down.
ND-EO-2025-05,2025-05,Armstrong,Declares Statewide Disaster for Tornado Damage (Enderlin severe storms),2025-06-21,https://ndresponse.gov/news/armstrong-declares-disaster-tornado-damage-extends-sympathy-victims-families,1275117,202944,2025-06-20 20:15:00,2025-06-20 20:18:00,C,county/county-equivalent,15,BURLEIGH,Thunderstorm Wind,61.0,EG,0,0,0.00K,0.00K,Public,"An outbreak of severe thunderstorms brought extreme winds, very large hail, and multiple tornadoes across much of southern North Dakota from the late afternoon into the nighttime hours. A low-pressure system in southeastern Montana and a warm front stretching eastward across southern North Dakota provided a focus for the severe thunderstorms. Several environmental parameters were in place for a significant outbreak, most notable was the amount of deep-layer wind shear. The lowest layer of the atmosphere (up to 1 mile above the surface) also contained strong wind shear, which was one of the key ingredients that resulted in the higher risk for strong tornadoes. This event has been classified as a derecho, a term that is reserved for the most intense, widespread, and long-lasting lines of severe thunderstorms. By definition, a derecho is a widespread severe windstorm characterized by a family of destructive downbursts containing multiple 75+ mph gusts associated with the system.|Thunderstorms initially developed in eastern Montana in the late afternoon and moved into southwest North Dakota. Severe wind gusts around 60 mph were reported in far southwest North Dakota from Dickinson to Bowman during the early evening. Thereafter, storms grew into a pronounced line as they moved east and began accelerating. Shortly thereafter, extremely strong wind gusts started occurring, including a measured 94 mph gust to the northwest of Elgin in Grant County, and estimated 95 mph wind gusts in Hettinger County where a farmstead was severely damaged. Meanwhile, a supercell thunderstorm developed just south of Jamestown, and produced three-inch diameter hail as it moved northward into the city. This storm then slowly moved to the east-northeast and produced a brief tornado between Jamestown and Spiritwood. Shortly thereafter, a larger tornado formed near Spiritwood and moved to the east-northeast into Barnes County where EF-3 damage occurred, before tracking back into Stutsman County while it was dissipating. Specific details on the damage with this event can be found in the National Weather Service-Grand Forks Storm Data entry. Another supercell thunderstorm then formed south of the initial storm, moving southeast through southern Stutsman and northern LaMoure Counties. This storm produced a tornado near Adrian and another north of Verona. During this time, the line of storms to the west continued to strengthen, producing a wide swath of 80 to 100 mph wind gusts as it moved through south central North Dakota and across the James River Valley during the mid-evening into the nighttime hours. The derecho caused extensive tree and structure damage along its path, with significant damage to grain storage equipment and power transmission poles. The highest measured wind gust associated with the derecho was 101 mph at a North Dakota Agricultural Weather Network (NDAWN) station 5 miles northwest of Linton. There were also several tornadoes produced by the intense line of storms, including two tornadoes rated as EF-1 (north of Interstate 94 between Crystal Springs and Medina near the Kidder/Stutsman County Line, and to the southwest of Grace City in Foster County), and one tornado rated as EF-2 (north of Sweet Briar Lake in Morton County).  The derecho resulted in one injury which occurred in a housing development to the south of Lincoln in Burleigh County as a male was outdoors and was struck by flying debris. Also, one indirect fatality occurred near Courtenay in Stutsman County where a 76-year-old male died in his sleep from his breathing device not operating properly due to the power outage caused by the storm.",Numerous tree limbs were blown down.
ND-EO-2025-05,2025-05,Armstrong,Declares Statewide Disaster for Tornado Damage (Enderlin severe storms),2025-06-21,https://ndresponse.gov/news/armstrong-declares-disaster-tornado-damage-extends-sympathy-victims-families,1275115,202944,2025-06-20 20:16:00,2025-06-20 20:20:00,C,county/county-equivalent,15,BURLEIGH,Thunderstorm Wind,61.0,EG,0,0,2.00K,0.00K,Trained Spotter,"An outbreak of severe thunderstorms brought extreme winds, very large hail, and multiple tornadoes across much of southern North Dakota from the late afternoon into the nighttime hours. A low-pressure system in southeastern Montana and a warm front stretching eastward across southern North Dakota provided a focus for the severe thunderstorms. Several environmental parameters were in place for a significant outbreak, most notable was the amount of deep-layer wind shear. The lowest layer of the atmosphere (up to 1 mile above the surface) also contained strong wind shear, which was one of the key ingredients that resulted in the higher risk for strong tornadoes. This event has been classified as a derecho, a term that is reserved for the most intense, widespread, and long-lasting lines of severe thunderstorms. By definition, a derecho is a widespread severe windstorm characterized by a family of destructive downbursts containing multiple 75+ mph gusts associated with the system.|Thunderstorms initially developed in eastern Montana in the late afternoon and moved into southwest North Dakota. Severe wind gusts around 60 mph were reported in far southwest North Dakota from Dickinson to Bowman during the early evening. Thereafter, storms grew into a pronounced line as they moved east and began accelerating. Shortly thereafter, extremely strong wind gusts started occurring, including a measured 94 mph gust to the northwest of Elgin in Grant County, and estimated 95 mph wind gusts in Hettinger County where a farmstead was severely damaged. Meanwhile, a supercell thunderstorm developed just south of Jamestown, and produced three-inch diameter hail as it moved northward into the city. This storm then slowly moved to the east-northeast and produced a brief tornado between Jamestown and Spiritwood. Shortly thereafter, a larger tornado formed near Spiritwood and moved to the east-northeast into Barnes County where EF-3 damage occurred, before tracking back into Stutsman County while it was dissipating. Specific details on the damage with this event can be found in the National Weather Service-Grand Forks Storm Data entry. Another supercell thunderstorm then formed south of the initial storm, moving southeast through southern Stutsman and northern LaMoure Counties. This storm produced a tornado near Adrian and another north of Verona. During this time, the line of storms to the west continued to strengthen, producing a wide swath of 80 to 100 mph wind gusts as it moved through south central North Dakota and across the James River Valley during the mid-evening into the nighttime hours. The derecho caused extensive tree and structure damage along its path, with significant damage to grain storage equipment and power transmission poles. The highest measured wind gust associated with the derecho was 101 mph at a North Dakota Agricultural Weather Network (NDAWN) station 5 miles northwest of Linton. There were also several tornadoes produced by the intense line of storms, including two tornadoes rated as EF-1 (north of Interstate 94 between Crystal Springs and Medina near the Kidder/Stutsman County Line, and to the southwest of Grace City in Foster County), and one tornado rated as EF-2 (north of Sweet Briar Lake in Morton County).  The derecho resulted in one injury which occurred in a housing development to the south of Lincoln in Burleigh County as a male was outdoors and was struck by flying debris. Also, one indirect fatality occurred near Courtenay in Stutsman County where a 76-year-old male died in his sleep from his breathing device not operating properly due to the power outage caused by the storm.",Large tree damaged.
ND-EO-2025-05,2025-05,Armstrong,Declares Statewide Disaster for Tornado Damage (Enderlin severe storms),2025-06-21,https://ndresponse.gov/news/armstrong-declares-disaster-tornado-damage-extends-sympathy-victims-families,1271785,202944,2025-06-20 20:18:00,2025-06-20 20:21:00,C,county/county-equivalent,15,BURLEIGH,Thunderstorm Wind,58.0,MG,0,0,0.00K,0.00K,Mesonet,"An outbreak of severe thunderstorms brought extreme winds, very large hail, and multiple tornadoes across much of southern North Dakota from the late afternoon into the nighttime hours. A low-pressure system in southeastern Montana and a warm front stretching eastward across southern North Dakota provided a focus for the severe thunderstorms. Several environmental parameters were in place for a significant outbreak, most notable was the amount of deep-layer wind shear. The lowest layer of the atmosphere (up to 1 mile above the surface) also contained strong wind shear, which was one of the key ingredients that resulted in the higher risk for strong tornadoes. This event has been classified as a derecho, a term that is reserved for the most intense, widespread, and long-lasting lines of severe thunderstorms. By definition, a derecho is a widespread severe windstorm characterized by a family of destructive downbursts containing multiple 75+ mph gusts associated with the system.|Thunderstorms initially developed in eastern Montana in the late afternoon and moved into southwest North Dakota. Severe wind gusts around 60 mph were reported in far southwest North Dakota from Dickinson to Bowman during the early evening. Thereafter, storms grew into a pronounced line as they moved east and began accelerating. Shortly thereafter, extremely strong wind gusts started occurring, including a measured 94 mph gust to the northwest of Elgin in Grant County, and estimated 95 mph wind gusts in Hettinger County where a farmstead was severely damaged. Meanwhile, a supercell thunderstorm developed just south of Jamestown, and produced three-inch diameter hail as it moved northward into the city. This storm then slowly moved to the east-northeast and produced a brief tornado between Jamestown and Spiritwood. Shortly thereafter, a larger tornado formed near Spiritwood and moved to the east-northeast into Barnes County where EF-3 damage occurred, before tracking back into Stutsman County while it was dissipating. Specific details on the damage with this event can be found in the National Weather Service-Grand Forks Storm Data entry. Another supercell thunderstorm then formed south of the initial storm, moving southeast through southern Stutsman and northern LaMoure Counties. This storm produced a tornado near Adrian and another north of Verona. During this time, the line of storms to the west continued to strengthen, producing a wide swath of 80 to 100 mph wind gusts as it moved through south central North Dakota and across the James River Valley during the mid-evening into the nighttime hours. The derecho caused extensive tree and structure damage along its path, with significant damage to grain storage equipment and power transmission poles. The highest measured wind gust associated with the derecho was 101 mph at a North Dakota Agricultural Weather Network (NDAWN) station 5 miles northwest of Linton. There were also several tornadoes produced by the intense line of storms, including two tornadoes rated as EF-1 (north of Interstate 94 between Crystal Springs and Medina near the Kidder/Stutsman County Line, and to the southwest of Grace City in Foster County), and one tornado rated as EF-2 (north of Sweet Briar Lake in Morton County).  The derecho resulted in one injury which occurred in a housing development to the south of Lincoln in Burleigh County as a male was outdoors and was struck by flying debris. Also, one indirect fatality occurred near Courtenay in Stutsman County where a 76-year-old male died in his sleep from his breathing device not operating properly due to the power outage caused by the storm.",
ND-EO-2025-05,2025-05,Armstrong,Declares Statewide Disaster for Tornado Damage (Enderlin severe storms),2025-06-21,https://ndresponse.gov/news/armstrong-declares-disaster-tornado-damage-extends-sympathy-victims-families,1271879,202944,2025-06-20 20:18:00,2025-06-20 20:22:00,C,county/county-equivalent,15,BURLEIGH,Thunderstorm Wind,96.0,EG,0,1,5.00M,0.00K,NWS Storm Survey,"An outbreak of severe thunderstorms brought extreme winds, very large hail, and multiple tornadoes across much of southern North Dakota from the late afternoon into the nighttime hours. A low-pressure system in southeastern Montana and a warm front stretching eastward across southern North Dakota provided a focus for the severe thunderstorms. Several environmental parameters were in place for a significant outbreak, most notable was the amount of deep-layer wind shear. The lowest layer of the atmosphere (up to 1 mile above the surface) also contained strong wind shear, which was one of the key ingredients that resulted in the higher risk for strong tornadoes. This event has been classified as a derecho, a term that is reserved for the most intense, widespread, and long-lasting lines of severe thunderstorms. By definition, a derecho is a widespread severe windstorm characterized by a family of destructive downbursts containing multiple 75+ mph gusts associated with the system.|Thunderstorms initially developed in eastern Montana in the late afternoon and moved into southwest North Dakota. Severe wind gusts around 60 mph were reported in far southwest North Dakota from Dickinson to Bowman during the early evening. Thereafter, storms grew into a pronounced line as they moved east and began accelerating. Shortly thereafter, extremely strong wind gusts started occurring, including a measured 94 mph gust to the northwest of Elgin in Grant County, and estimated 95 mph wind gusts in Hettinger County where a farmstead was severely damaged. Meanwhile, a supercell thunderstorm developed just south of Jamestown, and produced three-inch diameter hail as it moved northward into the city. This storm then slowly moved to the east-northeast and produced a brief tornado between Jamestown and Spiritwood. Shortly thereafter, a larger tornado formed near Spiritwood and moved to the east-northeast into Barnes County where EF-3 damage occurred, before tracking back into Stutsman County while it was dissipating. Specific details on the damage with this event can be found in the National Weather Service-Grand Forks Storm Data entry. Another supercell thunderstorm then formed south of the initial storm, moving southeast through southern Stutsman and northern LaMoure Counties. This storm produced a tornado near Adrian and another north of Verona. During this time, the line of storms to the west continued to strengthen, producing a wide swath of 80 to 100 mph wind gusts as it moved through south central North Dakota and across the James River Valley during the mid-evening into the nighttime hours. The derecho caused extensive tree and structure damage along its path, with significant damage to grain storage equipment and power transmission poles. The highest measured wind gust associated with the derecho was 101 mph at a North Dakota Agricultural Weather Network (NDAWN) station 5 miles northwest of Linton. There were also several tornadoes produced by the intense line of storms, including two tornadoes rated as EF-1 (north of Interstate 94 between Crystal Springs and Medina near the Kidder/Stutsman County Line, and to the southwest of Grace City in Foster County), and one tornado rated as EF-2 (north of Sweet Briar Lake in Morton County).  The derecho resulted in one injury which occurred in a housing development to the south of Lincoln in Burleigh County as a male was outdoors and was struck by flying debris. Also, one indirect fatality occurred near Courtenay in Stutsman County where a 76-year-old male died in his sleep from his breathing device not operating properly due to the power outage caused by the storm.","Straight line winds pushed through the Copper Ridge subdivision south of Lincoln, and caused extensive damage. Several home were severely damaged, with large sections of shingles blown off roofs, some roof sheathing blown off, blown in garage doors, extensive siding damage, and removed decking. Several detached garage and smaller shop buildings experienced similar damage, with one experiencing its side wall being blown out. A large shop building was completely destroyed with the damage blowing across the road into the neighbors property. One injury occurred when a male was outdoors chasing his sunglasses that were blown away in the wind when an airborne rafter struck him in the shin causing a severe leg injury. Winds from this event were estimated at 110 mph."
ND-EO-2025-05,2025-05,Armstrong,Declares Statewide Disaster for Tornado Damage (Enderlin severe storms),2025-06-21,https://ndresponse.gov/news/armstrong-declares-disaster-tornado-damage-extends-sympathy-victims-families,1271786,202944,2025-06-20 20:19:00,2025-06-20 20:22:00,C,county/county-equivalent,15,BURLEIGH,Thunderstorm Wind,57.0,MG,0,0,0.00K,0.00K,ASOS,"An outbreak of severe thunderstorms brought extreme winds, very large hail, and multiple tornadoes across much of southern North Dakota from the late afternoon into the nighttime hours. A low-pressure system in southeastern Montana and a warm front stretching eastward across southern North Dakota provided a focus for the severe thunderstorms. Several environmental parameters were in place for a significant outbreak, most notable was the amount of deep-layer wind shear. The lowest layer of the atmosphere (up to 1 mile above the surface) also contained strong wind shear, which was one of the key ingredients that resulted in the higher risk for strong tornadoes. This event has been classified as a derecho, a term that is reserved for the most intense, widespread, and long-lasting lines of severe thunderstorms. By definition, a derecho is a widespread severe windstorm characterized by a family of destructive downbursts containing multiple 75+ mph gusts associated with the system.|Thunderstorms initially developed in eastern Montana in the late afternoon and moved into southwest North Dakota. Severe wind gusts around 60 mph were reported in far southwest North Dakota from Dickinson to Bowman during the early evening. Thereafter, storms grew into a pronounced line as they moved east and began accelerating. Shortly thereafter, extremely strong wind gusts started occurring, including a measured 94 mph gust to the northwest of Elgin in Grant County, and estimated 95 mph wind gusts in Hettinger County where a farmstead was severely damaged. Meanwhile, a supercell thunderstorm developed just south of Jamestown, and produced three-inch diameter hail as it moved northward into the city. This storm then slowly moved to the east-northeast and produced a brief tornado between Jamestown and Spiritwood. Shortly thereafter, a larger tornado formed near Spiritwood and moved to the east-northeast into Barnes County where EF-3 damage occurred, before tracking back into Stutsman County while it was dissipating. Specific details on the damage with this event can be found in the National Weather Service-Grand Forks Storm Data entry. Another supercell thunderstorm then formed south of the initial storm, moving southeast through southern Stutsman and northern LaMoure Counties. This storm produced a tornado near Adrian and another north of Verona. During this time, the line of storms to the west continued to strengthen, producing a wide swath of 80 to 100 mph wind gusts as it moved through south central North Dakota and across the James River Valley during the mid-evening into the nighttime hours. The derecho caused extensive tree and structure damage along its path, with significant damage to grain storage equipment and power transmission poles. The highest measured wind gust associated with the derecho was 101 mph at a North Dakota Agricultural Weather Network (NDAWN) station 5 miles northwest of Linton. There were also several tornadoes produced by the intense line of storms, including two tornadoes rated as EF-1 (north of Interstate 94 between Crystal Springs and Medina near the Kidder/Stutsman County Line, and to the southwest of Grace City in Foster County), and one tornado rated as EF-2 (north of Sweet Briar Lake in Morton County).  The derecho resulted in one injury which occurred in a housing development to the south of Lincoln in Burleigh County as a male was outdoors and was struck by flying debris. Also, one indirect fatality occurred near Courtenay in Stutsman County where a 76-year-old male died in his sleep from his breathing device not operating properly due to the power outage caused by the storm.",
ND-EO-2025-05,2025-05,Armstrong,Declares Statewide Disaster for Tornado Damage (Enderlin severe storms),2025-06-21,https://ndresponse.gov/news/armstrong-declares-disaster-tornado-damage-extends-sympathy-victims-families,1275133,202944,2025-06-20 20:20:00,2025-06-20 20:25:00,C,county/county-equivalent,15,BURLEIGH,Thunderstorm Wind,78.0,EG,0,0,100.00K,0.00K,Public,"An outbreak of severe thunderstorms brought extreme winds, very large hail, and multiple tornadoes across much of southern North Dakota from the late afternoon into the nighttime hours. A low-pressure system in southeastern Montana and a warm front stretching eastward across southern North Dakota provided a focus for the severe thunderstorms. Several environmental parameters were in place for a significant outbreak, most notable was the amount of deep-layer wind shear. The lowest layer of the atmosphere (up to 1 mile above the surface) also contained strong wind shear, which was one of the key ingredients that resulted in the higher risk for strong tornadoes. This event has been classified as a derecho, a term that is reserved for the most intense, widespread, and long-lasting lines of severe thunderstorms. By definition, a derecho is a widespread severe windstorm characterized by a family of destructive downbursts containing multiple 75+ mph gusts associated with the system.|Thunderstorms initially developed in eastern Montana in the late afternoon and moved into southwest North Dakota. Severe wind gusts around 60 mph were reported in far southwest North Dakota from Dickinson to Bowman during the early evening. Thereafter, storms grew into a pronounced line as they moved east and began accelerating. Shortly thereafter, extremely strong wind gusts started occurring, including a measured 94 mph gust to the northwest of Elgin in Grant County, and estimated 95 mph wind gusts in Hettinger County where a farmstead was severely damaged. Meanwhile, a supercell thunderstorm developed just south of Jamestown, and produced three-inch diameter hail as it moved northward into the city. This storm then slowly moved to the east-northeast and produced a brief tornado between Jamestown and Spiritwood. Shortly thereafter, a larger tornado formed near Spiritwood and moved to the east-northeast into Barnes County where EF-3 damage occurred, before tracking back into Stutsman County while it was dissipating. Specific details on the damage with this event can be found in the National Weather Service-Grand Forks Storm Data entry. Another supercell thunderstorm then formed south of the initial storm, moving southeast through southern Stutsman and northern LaMoure Counties. This storm produced a tornado near Adrian and another north of Verona. During this time, the line of storms to the west continued to strengthen, producing a wide swath of 80 to 100 mph wind gusts as it moved through south central North Dakota and across the James River Valley during the mid-evening into the nighttime hours. The derecho caused extensive tree and structure damage along its path, with significant damage to grain storage equipment and power transmission poles. The highest measured wind gust associated with the derecho was 101 mph at a North Dakota Agricultural Weather Network (NDAWN) station 5 miles northwest of Linton. There were also several tornadoes produced by the intense line of storms, including two tornadoes rated as EF-1 (north of Interstate 94 between Crystal Springs and Medina near the Kidder/Stutsman County Line, and to the southwest of Grace City in Foster County), and one tornado rated as EF-2 (north of Sweet Briar Lake in Morton County).  The derecho resulted in one injury which occurred in a housing development to the south of Lincoln in Burleigh County as a male was outdoors and was struck by flying debris. Also, one indirect fatality occurred near Courtenay in Stutsman County where a 76-year-old male died in his sleep from his breathing device not operating properly due to the power outage caused by the storm.","A large pole barn was mostly destroyed with posts from the pole barn pulled out of the ground, but the equipment sustained minimal damage."
ND-EO-2025-05,2025-05,Armstrong,Declares Statewide Disaster for Tornado Damage (Enderlin severe storms),2025-06-21,https://ndresponse.gov/news/armstrong-declares-disaster-tornado-damage-extends-sympathy-victims-families,1275134,202944,2025-06-20 20:33:00,2025-06-20 20:36:00,C,county/county-equivalent,15,BURLEIGH,Thunderstorm Wind,61.0,MG,0,0,0.00K,0.00K,Public,"An outbreak of severe thunderstorms brought extreme winds, very large hail, and multiple tornadoes across much of southern North Dakota from the late afternoon into the nighttime hours. A low-pressure system in southeastern Montana and a warm front stretching eastward across southern North Dakota provided a focus for the severe thunderstorms. Several environmental parameters were in place for a significant outbreak, most notable was the amount of deep-layer wind shear. The lowest layer of the atmosphere (up to 1 mile above the surface) also contained strong wind shear, which was one of the key ingredients that resulted in the higher risk for strong tornadoes. This event has been classified as a derecho, a term that is reserved for the most intense, widespread, and long-lasting lines of severe thunderstorms. By definition, a derecho is a widespread severe windstorm characterized by a family of destructive downbursts containing multiple 75+ mph gusts associated with the system.|Thunderstorms initially developed in eastern Montana in the late afternoon and moved into southwest North Dakota. Severe wind gusts around 60 mph were reported in far southwest North Dakota from Dickinson to Bowman during the early evening. Thereafter, storms grew into a pronounced line as they moved east and began accelerating. Shortly thereafter, extremely strong wind gusts started occurring, including a measured 94 mph gust to the northwest of Elgin in Grant County, and estimated 95 mph wind gusts in Hettinger County where a farmstead was severely damaged. Meanwhile, a supercell thunderstorm developed just south of Jamestown, and produced three-inch diameter hail as it moved northward into the city. This storm then slowly moved to the east-northeast and produced a brief tornado between Jamestown and Spiritwood. Shortly thereafter, a larger tornado formed near Spiritwood and moved to the east-northeast into Barnes County where EF-3 damage occurred, before tracking back into Stutsman County while it was dissipating. Specific details on the damage with this event can be found in the National Weather Service-Grand Forks Storm Data entry. Another supercell thunderstorm then formed south of the initial storm, moving southeast through southern Stutsman and northern LaMoure Counties. This storm produced a tornado near Adrian and another north of Verona. During this time, the line of storms to the west continued to strengthen, producing a wide swath of 80 to 100 mph wind gusts as it moved through south central North Dakota and across the James River Valley during the mid-evening into the nighttime hours. The derecho caused extensive tree and structure damage along its path, with significant damage to grain storage equipment and power transmission poles. The highest measured wind gust associated with the derecho was 101 mph at a North Dakota Agricultural Weather Network (NDAWN) station 5 miles northwest of Linton. There were also several tornadoes produced by the intense line of storms, including two tornadoes rated as EF-1 (north of Interstate 94 between Crystal Springs and Medina near the Kidder/Stutsman County Line, and to the southwest of Grace City in Foster County), and one tornado rated as EF-2 (north of Sweet Briar Lake in Morton County).  The derecho resulted in one injury which occurred in a housing development to the south of Lincoln in Burleigh County as a male was outdoors and was struck by flying debris. Also, one indirect fatality occurred near Courtenay in Stutsman County where a 76-year-old male died in his sleep from his breathing device not operating properly due to the power outage caused by the storm.",
ND-EO-2025-05,2025-05,Armstrong,Declares Statewide Disaster for Tornado Damage (Enderlin severe storms),2025-06-21,https://ndresponse.gov/news/armstrong-declares-disaster-tornado-damage-extends-sympathy-victims-families,1275144,202944,2025-06-20 20:45:00,2025-06-20 20:48:00,C,county/county-equivalent,15,BURLEIGH,Thunderstorm Wind,61.0,MG,0,0,0.00K,0.00K,Trained Spotter,"An outbreak of severe thunderstorms brought extreme winds, very large hail, and multiple tornadoes across much of southern North Dakota from the late afternoon into the nighttime hours. A low-pressure system in southeastern Montana and a warm front stretching eastward across southern North Dakota provided a focus for the severe thunderstorms. Several environmental parameters were in place for a significant outbreak, most notable was the amount of deep-layer wind shear. The lowest layer of the atmosphere (up to 1 mile above the surface) also contained strong wind shear, which was one of the key ingredients that resulted in the higher risk for strong tornadoes. This event has been classified as a derecho, a term that is reserved for the most intense, widespread, and long-lasting lines of severe thunderstorms. By definition, a derecho is a widespread severe windstorm characterized by a family of destructive downbursts containing multiple 75+ mph gusts associated with the system.|Thunderstorms initially developed in eastern Montana in the late afternoon and moved into southwest North Dakota. Severe wind gusts around 60 mph were reported in far southwest North Dakota from Dickinson to Bowman during the early evening. Thereafter, storms grew into a pronounced line as they moved east and began accelerating. Shortly thereafter, extremely strong wind gusts started occurring, including a measured 94 mph gust to the northwest of Elgin in Grant County, and estimated 95 mph wind gusts in Hettinger County where a farmstead was severely damaged. Meanwhile, a supercell thunderstorm developed just south of Jamestown, and produced three-inch diameter hail as it moved northward into the city. This storm then slowly moved to the east-northeast and produced a brief tornado between Jamestown and Spiritwood. Shortly thereafter, a larger tornado formed near Spiritwood and moved to the east-northeast into Barnes County where EF-3 damage occurred, before tracking back into Stutsman County while it was dissipating. Specific details on the damage with this event can be found in the National Weather Service-Grand Forks Storm Data entry. Another supercell thunderstorm then formed south of the initial storm, moving southeast through southern Stutsman and northern LaMoure Counties. This storm produced a tornado near Adrian and another north of Verona. During this time, the line of storms to the west continued to strengthen, producing a wide swath of 80 to 100 mph wind gusts as it moved through south central North Dakota and across the James River Valley during the mid-evening into the nighttime hours. The derecho caused extensive tree and structure damage along its path, with significant damage to grain storage equipment and power transmission poles. The highest measured wind gust associated with the derecho was 101 mph at a North Dakota Agricultural Weather Network (NDAWN) station 5 miles northwest of Linton. There were also several tornadoes produced by the intense line of storms, including two tornadoes rated as EF-1 (north of Interstate 94 between Crystal Springs and Medina near the Kidder/Stutsman County Line, and to the southwest of Grace City in Foster County), and one tornado rated as EF-2 (north of Sweet Briar Lake in Morton County).  The derecho resulted in one injury which occurred in a housing development to the south of Lincoln in Burleigh County as a male was outdoors and was struck by flying debris. Also, one indirect fatality occurred near Courtenay in Stutsman County where a 76-year-old male died in his sleep from his breathing device not operating properly due to the power outage caused by the storm.",
ND-EO-2025-05,2025-05,Armstrong,Declares Statewide Disaster for Tornado Damage (Enderlin severe storms),2025-06-21,https://ndresponse.gov/news/armstrong-declares-disaster-tornado-damage-extends-sympathy-victims-families,1275157,202944,2025-06-20 21:13:00,2025-06-20 21:16:00,C,county/county-equivalent,15,BURLEIGH,Thunderstorm Wind,61.0,MG,0,0,0.00K,0.00K,Mesonet,"An outbreak of severe thunderstorms brought extreme winds, very large hail, and multiple tornadoes across much of southern North Dakota from the late afternoon into the nighttime hours. A low-pressure system in southeastern Montana and a warm front stretching eastward across southern North Dakota provided a focus for the severe thunderstorms. Several environmental parameters were in place for a significant outbreak, most notable was the amount of deep-layer wind shear. The lowest layer of the atmosphere (up to 1 mile above the surface) also contained strong wind shear, which was one of the key ingredients that resulted in the higher risk for strong tornadoes. This event has been classified as a derecho, a term that is reserved for the most intense, widespread, and long-lasting lines of severe thunderstorms. By definition, a derecho is a widespread severe windstorm characterized by a family of destructive downbursts containing multiple 75+ mph gusts associated with the system.|Thunderstorms initially developed in eastern Montana in the late afternoon and moved into southwest North Dakota. Severe wind gusts around 60 mph were reported in far southwest North Dakota from Dickinson to Bowman during the early evening. Thereafter, storms grew into a pronounced line as they moved east and began accelerating. Shortly thereafter, extremely strong wind gusts started occurring, including a measured 94 mph gust to the northwest of Elgin in Grant County, and estimated 95 mph wind gusts in Hettinger County where a farmstead was severely damaged. Meanwhile, a supercell thunderstorm developed just south of Jamestown, and produced three-inch diameter hail as it moved northward into the city. This storm then slowly moved to the east-northeast and produced a brief tornado between Jamestown and Spiritwood. Shortly thereafter, a larger tornado formed near Spiritwood and moved to the east-northeast into Barnes County where EF-3 damage occurred, before tracking back into Stutsman County while it was dissipating. Specific details on the damage with this event can be found in the National Weather Service-Grand Forks Storm Data entry. Another supercell thunderstorm then formed south of the initial storm, moving southeast through southern Stutsman and northern LaMoure Counties. This storm produced a tornado near Adrian and another north of Verona. During this time, the line of storms to the west continued to strengthen, producing a wide swath of 80 to 100 mph wind gusts as it moved through south central North Dakota and across the James River Valley during the mid-evening into the nighttime hours. The derecho caused extensive tree and structure damage along its path, with significant damage to grain storage equipment and power transmission poles. The highest measured wind gust associated with the derecho was 101 mph at a North Dakota Agricultural Weather Network (NDAWN) station 5 miles northwest of Linton. There were also several tornadoes produced by the intense line of storms, including two tornadoes rated as EF-1 (north of Interstate 94 between Crystal Springs and Medina near the Kidder/Stutsman County Line, and to the southwest of Grace City in Foster County), and one tornado rated as EF-2 (north of Sweet Briar Lake in Morton County).  The derecho resulted in one injury which occurred in a housing development to the south of Lincoln in Burleigh County as a male was outdoors and was struck by flying debris. Also, one indirect fatality occurred near Courtenay in Stutsman County where a 76-year-old male died in his sleep from his breathing device not operating properly due to the power outage caused by the storm.",
ND-EO-2025-05,2025-05,Armstrong,Declares Statewide Disaster for Tornado Damage (Enderlin severe storms),2025-06-21,https://ndresponse.gov/news/armstrong-declares-disaster-tornado-damage-extends-sympathy-victims-families,1275160,202944,2025-06-20 21:32:00,2025-06-20 21:35:00,C,county/county-equivalent,15,BURLEIGH,Thunderstorm Wind,80.0,MG,0,0,0.00K,0.00K,Mesonet,"An outbreak of severe thunderstorms brought extreme winds, very large hail, and multiple tornadoes across much of southern North Dakota from the late afternoon into the nighttime hours. A low-pressure system in southeastern Montana and a warm front stretching eastward across southern North Dakota provided a focus for the severe thunderstorms. Several environmental parameters were in place for a significant outbreak, most notable was the amount of deep-layer wind shear. The lowest layer of the atmosphere (up to 1 mile above the surface) also contained strong wind shear, which was one of the key ingredients that resulted in the higher risk for strong tornadoes. This event has been classified as a derecho, a term that is reserved for the most intense, widespread, and long-lasting lines of severe thunderstorms. By definition, a derecho is a widespread severe windstorm characterized by a family of destructive downbursts containing multiple 75+ mph gusts associated with the system.|Thunderstorms initially developed in eastern Montana in the late afternoon and moved into southwest North Dakota. Severe wind gusts around 60 mph were reported in far southwest North Dakota from Dickinson to Bowman during the early evening. Thereafter, storms grew into a pronounced line as they moved east and began accelerating. Shortly thereafter, extremely strong wind gusts started occurring, including a measured 94 mph gust to the northwest of Elgin in Grant County, and estimated 95 mph wind gusts in Hettinger County where a farmstead was severely damaged. Meanwhile, a supercell thunderstorm developed just south of Jamestown, and produced three-inch diameter hail as it moved northward into the city. This storm then slowly moved to the east-northeast and produced a brief tornado between Jamestown and Spiritwood. Shortly thereafter, a larger tornado formed near Spiritwood and moved to the east-northeast into Barnes County where EF-3 damage occurred, before tracking back into Stutsman County while it was dissipating. Specific details on the damage with this event can be found in the National Weather Service-Grand Forks Storm Data entry. Another supercell thunderstorm then formed south of the initial storm, moving southeast through southern Stutsman and northern LaMoure Counties. This storm produced a tornado near Adrian and another north of Verona. During this time, the line of storms to the west continued to strengthen, producing a wide swath of 80 to 100 mph wind gusts as it moved through south central North Dakota and across the James River Valley during the mid-evening into the nighttime hours. The derecho caused extensive tree and structure damage along its path, with significant damage to grain storage equipment and power transmission poles. The highest measured wind gust associated with the derecho was 101 mph at a North Dakota Agricultural Weather Network (NDAWN) station 5 miles northwest of Linton. There were also several tornadoes produced by the intense line of storms, including two tornadoes rated as EF-1 (north of Interstate 94 between Crystal Springs and Medina near the Kidder/Stutsman County Line, and to the southwest of Grace City in Foster County), and one tornado rated as EF-2 (north of Sweet Briar Lake in Morton County).  The derecho resulted in one injury which occurred in a housing development to the south of Lincoln in Burleigh County as a male was outdoors and was struck by flying debris. Also, one indirect fatality occurred near Courtenay in Stutsman County where a 76-year-old male died in his sleep from his breathing device not operating properly due to the power outage caused by the storm.",
ND-EO-2025-05,2025-05,Armstrong,Declares Statewide Disaster for Tornado Damage (Enderlin severe storms),2025-06-21,https://ndresponse.gov/news/armstrong-declares-disaster-tornado-damage-extends-sympathy-victims-families,1275161,202944,2025-06-20 21:32:00,2025-06-20 21:35:00,C,county/county-equivalent,15,BURLEIGH,Thunderstorm Wind,80.0,MG,0,0,0.00K,0.00K,Mesonet,"An outbreak of severe thunderstorms brought extreme winds, very large hail, and multiple tornadoes across much of southern North Dakota from the late afternoon into the nighttime hours. A low-pressure system in southeastern Montana and a warm front stretching eastward across southern North Dakota provided a focus for the severe thunderstorms. Several environmental parameters were in place for a significant outbreak, most notable was the amount of deep-layer wind shear. The lowest layer of the atmosphere (up to 1 mile above the surface) also contained strong wind shear, which was one of the key ingredients that resulted in the higher risk for strong tornadoes. This event has been classified as a derecho, a term that is reserved for the most intense, widespread, and long-lasting lines of severe thunderstorms. By definition, a derecho is a widespread severe windstorm characterized by a family of destructive downbursts containing multiple 75+ mph gusts associated with the system.|Thunderstorms initially developed in eastern Montana in the late afternoon and moved into southwest North Dakota. Severe wind gusts around 60 mph were reported in far southwest North Dakota from Dickinson to Bowman during the early evening. Thereafter, storms grew into a pronounced line as they moved east and began accelerating. Shortly thereafter, extremely strong wind gusts started occurring, including a measured 94 mph gust to the northwest of Elgin in Grant County, and estimated 95 mph wind gusts in Hettinger County where a farmstead was severely damaged. Meanwhile, a supercell thunderstorm developed just south of Jamestown, and produced three-inch diameter hail as it moved northward into the city. This storm then slowly moved to the east-northeast and produced a brief tornado between Jamestown and Spiritwood. Shortly thereafter, a larger tornado formed near Spiritwood and moved to the east-northeast into Barnes County where EF-3 damage occurred, before tracking back into Stutsman County while it was dissipating. Specific details on the damage with this event can be found in the National Weather Service-Grand Forks Storm Data entry. Another supercell thunderstorm then formed south of the initial storm, moving southeast through southern Stutsman and northern LaMoure Counties. This storm produced a tornado near Adrian and another north of Verona. During this time, the line of storms to the west continued to strengthen, producing a wide swath of 80 to 100 mph wind gusts as it moved through south central North Dakota and across the James River Valley during the mid-evening into the nighttime hours. The derecho caused extensive tree and structure damage along its path, with significant damage to grain storage equipment and power transmission poles. The highest measured wind gust associated with the derecho was 101 mph at a North Dakota Agricultural Weather Network (NDAWN) station 5 miles northwest of Linton. There were also several tornadoes produced by the intense line of storms, including two tornadoes rated as EF-1 (north of Interstate 94 between Crystal Springs and Medina near the Kidder/Stutsman County Line, and to the southwest of Grace City in Foster County), and one tornado rated as EF-2 (north of Sweet Briar Lake in Morton County).  The derecho resulted in one injury which occurred in a housing development to the south of Lincoln in Burleigh County as a male was outdoors and was struck by flying debris. Also, one indirect fatality occurred near Courtenay in Stutsman County where a 76-year-old male died in his sleep from his breathing device not operating properly due to the power outage caused by the storm.",
ND-EO-2025-05,2025-05,Armstrong,Declares Statewide Disaster for Tornado Damage (Enderlin severe storms),2025-06-21,https://ndresponse.gov/news/armstrong-declares-disaster-tornado-damage-extends-sympathy-victims-families,1277680,203614,2025-06-20 10:51:00,2025-06-20 10:51:00,C,county/county-equivalent,17,CASS,Thunderstorm Wind,51.0,MG,0,0,,,Mesonet,"During the evening of Friday, June 20th into the early morning hours of June 21st, much of the region was affected by severe weather. Supercell thunderstorms developed across southeast North Dakota ahead of an approaching convective complex, producing multiple strong, destructive, and fatal tornadoes. This was followed by a powerful line of severe thunderstorms categorized as a derecho, which tracked across much of the region resulting in widespread straight line wind damage. After the derecho passed through the region, there was a period of prolonged destructive winds that affected portions of central and east central North Dakota, as well as adjacent portions of Minnesota. This was a unique event due to the combination of the violent tornadoes ahead of the derecho, and the long duration of significant winds that followed the derecho. Based on estimates provided by North Dakota Agriculture Commissioner Doug Goehring, the state lost anywhere from 50 to 80 million bushels of grain storage capacity from these storms.",NDAWN station at 1SW Casselton measured a 59 mph wind gust at the 10 meter sensor.
ND-EO-2025-05,2025-05,Armstrong,Declares Statewide Disaster for Tornado Damage (Enderlin severe storms),2025-06-21,https://ndresponse.gov/news/armstrong-declares-disaster-tornado-damage-extends-sympathy-victims-families,1281942,203614,2025-06-20 21:36:00,2025-06-20 21:44:00,C,county/county-equivalent,17,CASS,Tornado,,,0,0,,,NWS Storm Survey,"During the evening of Friday, June 20th into the early morning hours of June 21st, much of the region was affected by severe weather. Supercell thunderstorms developed across southeast North Dakota ahead of an approaching convective complex, producing multiple strong, destructive, and fatal tornadoes. This was followed by a powerful line of severe thunderstorms categorized as a derecho, which tracked across much of the region resulting in widespread straight line wind damage. After the derecho passed through the region, there was a period of prolonged destructive winds that affected portions of central and east central North Dakota, as well as adjacent portions of Minnesota. This was a unique event due to the combination of the violent tornadoes ahead of the derecho, and the long duration of significant winds that followed the derecho. Based on estimates provided by North Dakota Agriculture Commissioner Doug Goehring, the state lost anywhere from 50 to 80 million bushels of grain storage capacity from these storms.",Tornado confirmed by radar TDS signature. Satellite imagery shows scouring in field.
ND-EO-2025-05,2025-05,Armstrong,Declares Statewide Disaster for Tornado Damage (Enderlin severe storms),2025-06-21,https://ndresponse.gov/news/armstrong-declares-disaster-tornado-damage-extends-sympathy-victims-families,1281894,203614,2025-06-20 21:38:00,2025-06-20 21:44:00,C,county/county-equivalent,17,CASS,Tornado,,,0,0,,,NWS Storm Survey,"During the evening of Friday, June 20th into the early morning hours of June 21st, much of the region was affected by severe weather. Supercell thunderstorms developed across southeast North Dakota ahead of an approaching convective complex, producing multiple strong, destructive, and fatal tornadoes. This was followed by a powerful line of severe thunderstorms categorized as a derecho, which tracked across much of the region resulting in widespread straight line wind damage. After the derecho passed through the region, there was a period of prolonged destructive winds that affected portions of central and east central North Dakota, as well as adjacent portions of Minnesota. This was a unique event due to the combination of the violent tornadoes ahead of the derecho, and the long duration of significant winds that followed the derecho. Based on estimates provided by North Dakota Agriculture Commissioner Doug Goehring, the state lost anywhere from 50 to 80 million bushels of grain storage capacity from these storms.","Tornado was confirmed by radar TDS signature. Shelterbelt tree damage, and satellite imagery shows scouring in fields intermittent for roughly 6 miles."
ND-EO-2025-05,2025-05,Armstrong,Declares Statewide Disaster for Tornado Damage (Enderlin severe storms),2025-06-21,https://ndresponse.gov/news/armstrong-declares-disaster-tornado-damage-extends-sympathy-victims-families,1281947,203614,2025-06-20 21:41:00,2025-06-20 21:51:00,C,county/county-equivalent,17,CASS,Tornado,,,0,0,,,NWS Storm Survey,"During the evening of Friday, June 20th into the early morning hours of June 21st, much of the region was affected by severe weather. Supercell thunderstorms developed across southeast North Dakota ahead of an approaching convective complex, producing multiple strong, destructive, and fatal tornadoes. This was followed by a powerful line of severe thunderstorms categorized as a derecho, which tracked across much of the region resulting in widespread straight line wind damage. After the derecho passed through the region, there was a period of prolonged destructive winds that affected portions of central and east central North Dakota, as well as adjacent portions of Minnesota. This was a unique event due to the combination of the violent tornadoes ahead of the derecho, and the long duration of significant winds that followed the derecho. Based on estimates provided by North Dakota Agriculture Commissioner Doug Goehring, the state lost anywhere from 50 to 80 million bushels of grain storage capacity from these storms.","Satellite imagery and ground survey concluded that the tornado tracked intermittently for for approximately 12 miles. There was damage to bean fields and shelterbelts along with 1 farmstead which lost several grains bins, a hoop shed, machine shop and sustained roof damage to 2 story house. Satellite imagery suggests the tornado was a half mile at its widest."
ND-EO-2025-05,2025-05,Armstrong,Declares Statewide Disaster for Tornado Damage (Enderlin severe storms),2025-06-21,https://ndresponse.gov/news/armstrong-declares-disaster-tornado-damage-extends-sympathy-victims-families,1278903,203614,2025-06-20 22:11:00,2025-06-20 22:20:00,C,county/county-equivalent,17,CASS,Tornado,,,3,0,,,NWS Storm Survey,"During the evening of Friday, June 20th into the early morning hours of June 21st, much of the region was affected by severe weather. Supercell thunderstorms developed across southeast North Dakota ahead of an approaching convective complex, producing multiple strong, destructive, and fatal tornadoes. This was followed by a powerful line of severe thunderstorms categorized as a derecho, which tracked across much of the region resulting in widespread straight line wind damage. After the derecho passed through the region, there was a period of prolonged destructive winds that affected portions of central and east central North Dakota, as well as adjacent portions of Minnesota. This was a unique event due to the combination of the violent tornadoes ahead of the derecho, and the long duration of significant winds that followed the derecho. Based on estimates provided by North Dakota Agriculture Commissioner Doug Goehring, the state lost anywhere from 50 to 80 million bushels of grain storage capacity from these storms.","This large and violent tornado initially began in Ransom county 3 miles SSW Enderlin. It crossed into Cass county approximately 3 miles east of Enderlin. EF-4 damage occurred just north of Highway 46 at two farmsteads where devastating damage occurred to both houses and seven outbuildings were destroyed. On the eastern farmstead, one farmhouse was leveled with the debris swept from its foundation and scattered downwind, leading to two fatalities. A lack of structural anchoring was noted at this location. Trees around the farmstead were also debarked, and a few root balls were displaced. The farmstead to the west was leveled for all portions above ground as well. The home had been built into the side of the surrounding hill with some of the debris still piled up around the location. It was built with manufactured steel trusses above the garage, suggesting slightly higher grade construction than a typical residential house. Additionally, a large propane tank was moved across the north end of the property at this location. The tornado continued north, causing additional tree damage and eventually leveling another farm house, leading to one fatality at a farmstead near 51st St east of 139th Ave SE. As the tornado moved to the northwest, it bent over tall steel electrical transmission towers before making a curl to the south as it passed over the southern end of the Utke waterfowl production area. It then weakened and dissipated a mile to the southwest of the northernmost point in the tornado���s track. The tornado statistics for the Cass County portion of the track include: a length of 6.7 miles, a maximum width of 1000 yards, a maximum wind of 180 mph (EF-4), and a total of 3 fatalities. The tornado statistics for the Ransom County portion of the track include: a length of 5.4 miles, a maximum width of 1850 yards, a maximum wind of greater than 210 mph (EF-5), and 0 fatalities.  Total track length between Ransom and Cass counties was 12.1 miles. Monetary damage estimates were not available."
ND-EO-2025-05,2025-05,Armstrong,Declares Statewide Disaster for Tornado Damage (Enderlin severe storms),2025-06-21,https://ndresponse.gov/news/armstrong-declares-disaster-tornado-damage-extends-sympathy-victims-families,1278909,203614,2025-06-20 22:22:00,2025-06-20 22:30:00,C,county/county-equivalent,17,CASS,Tornado,,,0,0,,,NWS Storm Survey,"During the evening of Friday, June 20th into the early morning hours of June 21st, much of the region was affected by severe weather. Supercell thunderstorms developed across southeast North Dakota ahead of an approaching convective complex, producing multiple strong, destructive, and fatal tornadoes. This was followed by a powerful line of severe thunderstorms categorized as a derecho, which tracked across much of the region resulting in widespread straight line wind damage. After the derecho passed through the region, there was a period of prolonged destructive winds that affected portions of central and east central North Dakota, as well as adjacent portions of Minnesota. This was a unique event due to the combination of the violent tornadoes ahead of the derecho, and the long duration of significant winds that followed the derecho. Based on estimates provided by North Dakota Agriculture Commissioner Doug Goehring, the state lost anywhere from 50 to 80 million bushels of grain storage capacity from these storms.","A second tornado developed, in Cass County, from the same supercell thunderstorm about 4 miles northeast of Enderlin and tracked to the southeast, crossed Highway 46 into Ransom County, then weakened and dissipated. This tornado was on the ground for almost 7 miles, at its widest was about 1351 yards wide in Cass county. Damage indicators along the path of this tornado correlates to EF-2 damage, with peak winds estimated to be around 120 mph. Along the path of this tornado was extensive tree damage, including trees snapped and uprooted. Several roofs were partially blown apart as well as crop damage visible from high resolution satellite data."
ND-EO-2025-05,2025-05,Armstrong,Declares Statewide Disaster for Tornado Damage (Enderlin severe storms),2025-06-21,https://ndresponse.gov/news/armstrong-declares-disaster-tornado-damage-extends-sympathy-victims-families,1279542,203614,2025-06-20 22:31:00,2025-06-20 22:31:00,C,county/county-equivalent,17,CASS,Hail,1.0,,0,0,,,Trained Spotter,"During the evening of Friday, June 20th into the early morning hours of June 21st, much of the region was affected by severe weather. Supercell thunderstorms developed across southeast North Dakota ahead of an approaching convective complex, producing multiple strong, destructive, and fatal tornadoes. This was followed by a powerful line of severe thunderstorms categorized as a derecho, which tracked across much of the region resulting in widespread straight line wind damage. After the derecho passed through the region, there was a period of prolonged destructive winds that affected portions of central and east central North Dakota, as well as adjacent portions of Minnesota. This was a unique event due to the combination of the violent tornadoes ahead of the derecho, and the long duration of significant winds that followed the derecho. Based on estimates provided by North Dakota Agriculture Commissioner Doug Goehring, the state lost anywhere from 50 to 80 million bushels of grain storage capacity from these storms.",Received a report of 1 inch hail from a trained weather spotter.
ND-EO-2025-05,2025-05,Armstrong,Declares Statewide Disaster for Tornado Damage (Enderlin severe storms),2025-06-21,https://ndresponse.gov/news/armstrong-declares-disaster-tornado-damage-extends-sympathy-victims-families,1277660,203614,2025-06-20 22:42:00,2025-06-20 22:42:00,C,county/county-equivalent,17,CASS,Thunderstorm Wind,58.0,MG,0,0,,,Mesonet,"During the evening of Friday, June 20th into the early morning hours of June 21st, much of the region was affected by severe weather. Supercell thunderstorms developed across southeast North Dakota ahead of an approaching convective complex, producing multiple strong, destructive, and fatal tornadoes. This was followed by a powerful line of severe thunderstorms categorized as a derecho, which tracked across much of the region resulting in widespread straight line wind damage. After the derecho passed through the region, there was a period of prolonged destructive winds that affected portions of central and east central North Dakota, as well as adjacent portions of Minnesota. This was a unique event due to the combination of the violent tornadoes ahead of the derecho, and the long duration of significant winds that followed the derecho. Based on estimates provided by North Dakota Agriculture Commissioner Doug Goehring, the state lost anywhere from 50 to 80 million bushels of grain storage capacity from these storms.",NDAWN station 5E of Amenia reported a 67 mph wind gust at the 10 meter height sensor.
ND-EO-2025-05,2025-05,Armstrong,Declares Statewide Disaster for Tornado Damage (Enderlin severe storms),2025-06-21,https://ndresponse.gov/news/armstrong-declares-disaster-tornado-damage-extends-sympathy-victims-families,1281846,203614,2025-06-20 22:44:00,2025-06-20 22:51:00,C,county/county-equivalent,17,CASS,Tornado,,,0,0,,,NWS Storm Survey,"During the evening of Friday, June 20th into the early morning hours of June 21st, much of the region was affected by severe weather. Supercell thunderstorms developed across southeast North Dakota ahead of an approaching convective complex, producing multiple strong, destructive, and fatal tornadoes. This was followed by a powerful line of severe thunderstorms categorized as a derecho, which tracked across much of the region resulting in widespread straight line wind damage. After the derecho passed through the region, there was a period of prolonged destructive winds that affected portions of central and east central North Dakota, as well as adjacent portions of Minnesota. This was a unique event due to the combination of the violent tornadoes ahead of the derecho, and the long duration of significant winds that followed the derecho. Based on estimates provided by North Dakota Agriculture Commissioner Doug Goehring, the state lost anywhere from 50 to 80 million bushels of grain storage capacity from these storms.",A tornado Tracked SE across rural southeast Cass county starting 8 miles northwest of Kindred and lifting 1 mile west of Kindred. It was on the ground about 7 minutes and tracked for almost 7 miles mainly doing tree damage to shelter belts and fields.
ND-EO-2025-05,2025-05,Armstrong,Declares Statewide Disaster for Tornado Damage (Enderlin severe storms),2025-06-21,https://ndresponse.gov/news/armstrong-declares-disaster-tornado-damage-extends-sympathy-victims-families,1277650,203614,2025-06-20 22:45:00,2025-06-20 22:45:00,C,county/county-equivalent,17,CASS,Thunderstorm Wind,51.0,MG,0,0,,,Mesonet,"During the evening of Friday, June 20th into the early morning hours of June 21st, much of the region was affected by severe weather. Supercell thunderstorms developed across southeast North Dakota ahead of an approaching convective complex, producing multiple strong, destructive, and fatal tornadoes. This was followed by a powerful line of severe thunderstorms categorized as a derecho, which tracked across much of the region resulting in widespread straight line wind damage. After the derecho passed through the region, there was a period of prolonged destructive winds that affected portions of central and east central North Dakota, as well as adjacent portions of Minnesota. This was a unique event due to the combination of the violent tornadoes ahead of the derecho, and the long duration of significant winds that followed the derecho. Based on estimates provided by North Dakota Agriculture Commissioner Doug Goehring, the state lost anywhere from 50 to 80 million bushels of grain storage capacity from these storms.",NDAWN station 5E Amenia measured a wind gust to 59 mph.
ND-EO-2025-05,2025-05,Armstrong,Declares Statewide Disaster for Tornado Damage (Enderlin severe storms),2025-06-21,https://ndresponse.gov/news/armstrong-declares-disaster-tornado-damage-extends-sympathy-victims-families,1279520,203614,2025-06-20 22:45:00,2025-06-20 22:46:00,C,county/county-equivalent,17,CASS,Tornado,,,0,0,,,NWS Storm Survey,"During the evening of Friday, June 20th into the early morning hours of June 21st, much of the region was affected by severe weather. Supercell thunderstorms developed across southeast North Dakota ahead of an approaching convective complex, producing multiple strong, destructive, and fatal tornadoes. This was followed by a powerful line of severe thunderstorms categorized as a derecho, which tracked across much of the region resulting in widespread straight line wind damage. After the derecho passed through the region, there was a period of prolonged destructive winds that affected portions of central and east central North Dakota, as well as adjacent portions of Minnesota. This was a unique event due to the combination of the violent tornadoes ahead of the derecho, and the long duration of significant winds that followed the derecho. Based on estimates provided by North Dakota Agriculture Commissioner Doug Goehring, the state lost anywhere from 50 to 80 million bushels of grain storage capacity from these storms.",Tornado scar evident via high resolution satellite.
ND-EO-2025-05,2025-05,Armstrong,Declares Statewide Disaster for Tornado Damage (Enderlin severe storms),2025-06-21,https://ndresponse.gov/news/armstrong-declares-disaster-tornado-damage-extends-sympathy-victims-families,1279521,203614,2025-06-20 22:46:00,2025-06-20 22:47:00,C,county/county-equivalent,17,CASS,Tornado,,,0,0,,,NWS Storm Survey,"During the evening of Friday, June 20th into the early morning hours of June 21st, much of the region was affected by severe weather. Supercell thunderstorms developed across southeast North Dakota ahead of an approaching convective complex, producing multiple strong, destructive, and fatal tornadoes. This was followed by a powerful line of severe thunderstorms categorized as a derecho, which tracked across much of the region resulting in widespread straight line wind damage. After the derecho passed through the region, there was a period of prolonged destructive winds that affected portions of central and east central North Dakota, as well as adjacent portions of Minnesota. This was a unique event due to the combination of the violent tornadoes ahead of the derecho, and the long duration of significant winds that followed the derecho. Based on estimates provided by North Dakota Agriculture Commissioner Doug Goehring, the state lost anywhere from 50 to 80 million bushels of grain storage capacity from these storms.",Tornado scar evident via high resolution satellite.
ND-EO-2025-05,2025-05,Armstrong,Declares Statewide Disaster for Tornado Damage (Enderlin severe storms),2025-06-21,https://ndresponse.gov/news/armstrong-declares-disaster-tornado-damage-extends-sympathy-victims-families,1277674,203614,2025-06-20 22:48:00,2025-06-20 22:48:00,C,county/county-equivalent,17,CASS,Thunderstorm Wind,69.0,MG,0,0,,,Mesonet,"During the evening of Friday, June 20th into the early morning hours of June 21st, much of the region was affected by severe weather. Supercell thunderstorms developed across southeast North Dakota ahead of an approaching convective complex, producing multiple strong, destructive, and fatal tornadoes. This was followed by a powerful line of severe thunderstorms categorized as a derecho, which tracked across much of the region resulting in widespread straight line wind damage. After the derecho passed through the region, there was a period of prolonged destructive winds that affected portions of central and east central North Dakota, as well as adjacent portions of Minnesota. This was a unique event due to the combination of the violent tornadoes ahead of the derecho, and the long duration of significant winds that followed the derecho. Based on estimates provided by North Dakota Agriculture Commissioner Doug Goehring, the state lost anywhere from 50 to 80 million bushels of grain storage capacity from these storms.",NDAWN station at Gardner 2SSW measured a wind gust of 79 mph.
ND-EO-2025-05,2025-05,Armstrong,Declares Statewide Disaster for Tornado Damage (Enderlin severe storms),2025-06-21,https://ndresponse.gov/news/armstrong-declares-disaster-tornado-damage-extends-sympathy-victims-families,1279527,203614,2025-06-20 22:50:00,2025-06-20 22:51:00,C,county/county-equivalent,17,CASS,Tornado,,,0,0,,,NWS Storm Survey,"During the evening of Friday, June 20th into the early morning hours of June 21st, much of the region was affected by severe weather. Supercell thunderstorms developed across southeast North Dakota ahead of an approaching convective complex, producing multiple strong, destructive, and fatal tornadoes. This was followed by a powerful line of severe thunderstorms categorized as a derecho, which tracked across much of the region resulting in widespread straight line wind damage. After the derecho passed through the region, there was a period of prolonged destructive winds that affected portions of central and east central North Dakota, as well as adjacent portions of Minnesota. This was a unique event due to the combination of the violent tornadoes ahead of the derecho, and the long duration of significant winds that followed the derecho. Based on estimates provided by North Dakota Agriculture Commissioner Doug Goehring, the state lost anywhere from 50 to 80 million bushels of grain storage capacity from these storms.",Tornado scar evident via high resolution satellite.
ND-EO-2025-05,2025-05,Armstrong,Declares Statewide Disaster for Tornado Damage (Enderlin severe storms),2025-06-21,https://ndresponse.gov/news/armstrong-declares-disaster-tornado-damage-extends-sympathy-victims-families,1277649,203614,2025-06-20 22:59:00,2025-06-20 22:59:00,C,county/county-equivalent,17,CASS,Thunderstorm Wind,64.0,MG,0,0,,,ASOS,"During the evening of Friday, June 20th into the early morning hours of June 21st, much of the region was affected by severe weather. Supercell thunderstorms developed across southeast North Dakota ahead of an approaching convective complex, producing multiple strong, destructive, and fatal tornadoes. This was followed by a powerful line of severe thunderstorms categorized as a derecho, which tracked across much of the region resulting in widespread straight line wind damage. After the derecho passed through the region, there was a period of prolonged destructive winds that affected portions of central and east central North Dakota, as well as adjacent portions of Minnesota. This was a unique event due to the combination of the violent tornadoes ahead of the derecho, and the long duration of significant winds that followed the derecho. Based on estimates provided by North Dakota Agriculture Commissioner Doug Goehring, the state lost anywhere from 50 to 80 million bushels of grain storage capacity from these storms.","ASOS station at Fargo, KFAR, reported a wind gust to 74 mph."
ND-EO-2025-05,2025-05,Armstrong,Declares Statewide Disaster for Tornado Damage (Enderlin severe storms),2025-06-21,https://ndresponse.gov/news/armstrong-declares-disaster-tornado-damage-extends-sympathy-victims-families,1277636,203614,2025-06-20 23:06:00,2025-06-20 23:06:00,C,county/county-equivalent,17,CASS,Thunderstorm Wind,78.0,EG,0,0,,,Storm Chaser,"During the evening of Friday, June 20th into the early morning hours of June 21st, much of the region was affected by severe weather. Supercell thunderstorms developed across southeast North Dakota ahead of an approaching convective complex, producing multiple strong, destructive, and fatal tornadoes. This was followed by a powerful line of severe thunderstorms categorized as a derecho, which tracked across much of the region resulting in widespread straight line wind damage. After the derecho passed through the region, there was a period of prolonged destructive winds that affected portions of central and east central North Dakota, as well as adjacent portions of Minnesota. This was a unique event due to the combination of the violent tornadoes ahead of the derecho, and the long duration of significant winds that followed the derecho. Based on estimates provided by North Dakota Agriculture Commissioner Doug Goehring, the state lost anywhere from 50 to 80 million bushels of grain storage capacity from these storms.","Storm chaser reported 90 mph winds, possibly associated with a nearby tornado."
ND-EO-2025-05,2025-05,Armstrong,Declares Statewide Disaster for Tornado Damage (Enderlin severe storms),2025-06-21,https://ndresponse.gov/news/armstrong-declares-disaster-tornado-damage-extends-sympathy-victims-families,1277029,203614,2025-06-20 23:50:00,2025-06-21 00:50:00,C,county/county-equivalent,17,CASS,Flash Flood,,,0,0,0.00K,0.00K,Trained Spotter,"During the evening of Friday, June 20th into the early morning hours of June 21st, much of the region was affected by severe weather. Supercell thunderstorms developed across southeast North Dakota ahead of an approaching convective complex, producing multiple strong, destructive, and fatal tornadoes. This was followed by a powerful line of severe thunderstorms categorized as a derecho, which tracked across much of the region resulting in widespread straight line wind damage. After the derecho passed through the region, there was a period of prolonged destructive winds that affected portions of central and east central North Dakota, as well as adjacent portions of Minnesota. This was a unique event due to the combination of the violent tornadoes ahead of the derecho, and the long duration of significant winds that followed the derecho. Based on estimates provided by North Dakota Agriculture Commissioner Doug Goehring, the state lost anywhere from 50 to 80 million bushels of grain storage capacity from these storms.",Multiple stalled out vehicles due to street flooding in Fargo.
ND-EO-2025-05,2025-05,Armstrong,Declares Statewide Disaster for Tornado Damage (Enderlin severe storms),2025-06-21,https://ndresponse.gov/news/armstrong-declares-disaster-tornado-damage-extends-sympathy-victims-families,1277645,203614,2025-06-21 00:30:00,2025-06-21 00:30:00,C,county/county-equivalent,17,CASS,Thunderstorm Wind,86.0,MG,0,0,,,Mesonet,"During the evening of Friday, June 20th into the early morning hours of June 21st, much of the region was affected by severe weather. Supercell thunderstorms developed across southeast North Dakota ahead of an approaching convective complex, producing multiple strong, destructive, and fatal tornadoes. This was followed by a powerful line of severe thunderstorms categorized as a derecho, which tracked across much of the region resulting in widespread straight line wind damage. After the derecho passed through the region, there was a period of prolonged destructive winds that affected portions of central and east central North Dakota, as well as adjacent portions of Minnesota. This was a unique event due to the combination of the violent tornadoes ahead of the derecho, and the long duration of significant winds that followed the derecho. Based on estimates provided by North Dakota Agriculture Commissioner Doug Goehring, the state lost anywhere from 50 to 80 million bushels of grain storage capacity from these storms.",NDAWN station 4 SSW Galesburg reported a wind gust to 99 mph.
ND-EO-2025-05,2025-05,Armstrong,Declares Statewide Disaster for Tornado Damage (Enderlin severe storms),2025-06-21,https://ndresponse.gov/news/armstrong-declares-disaster-tornado-damage-extends-sympathy-victims-families,1277670,203614,2025-06-21 00:34:00,2025-06-21 00:34:00,C,county/county-equivalent,17,CASS,Thunderstorm Wind,83.0,MG,0,0,,,Mesonet,"During the evening of Friday, June 20th into the early morning hours of June 21st, much of the region was affected by severe weather. Supercell thunderstorms developed across southeast North Dakota ahead of an approaching convective complex, producing multiple strong, destructive, and fatal tornadoes. This was followed by a powerful line of severe thunderstorms categorized as a derecho, which tracked across much of the region resulting in widespread straight line wind damage. After the derecho passed through the region, there was a period of prolonged destructive winds that affected portions of central and east central North Dakota, as well as adjacent portions of Minnesota. This was a unique event due to the combination of the violent tornadoes ahead of the derecho, and the long duration of significant winds that followed the derecho. Based on estimates provided by North Dakota Agriculture Commissioner Doug Goehring, the state lost anywhere from 50 to 80 million bushels of grain storage capacity from these storms.",NDAWN at Ayr 1NW measured a wind gust of 96 mph at the 10 meter height sensor.
ND-EO-2025-05,2025-05,Armstrong,Declares Statewide Disaster for Tornado Damage (Enderlin severe storms),2025-06-21,https://ndresponse.gov/news/armstrong-declares-disaster-tornado-damage-extends-sympathy-victims-families,1272735,204228,2025-06-22 14:55:00,2025-06-22 15:00:00,C,county/county-equivalent,19,CAVALIER,Hail,1.0,,0,0,,,Public,Severe thunderstorms produced damaging winds and hail up to the size of quarters during the morning hours.,Report of quarter size hail.
ND-EO-2025-05,2025-05,Armstrong,Declares Statewide Disaster for Tornado Damage (Enderlin severe storms),2025-06-21,https://ndresponse.gov/news/armstrong-declares-disaster-tornado-damage-extends-sympathy-victims-families,1275193,202944,2025-06-20 22:01:00,2025-06-20 22:05:00,C,county/county-equivalent,21,DICKEY,Thunderstorm Wind,50.0,MG,0,0,0.00K,0.00K,Mesonet,"An outbreak of severe thunderstorms brought extreme winds, very large hail, and multiple tornadoes across much of southern North Dakota from the late afternoon into the nighttime hours. A low-pressure system in southeastern Montana and a warm front stretching eastward across southern North Dakota provided a focus for the severe thunderstorms. Several environmental parameters were in place for a significant outbreak, most notable was the amount of deep-layer wind shear. The lowest layer of the atmosphere (up to 1 mile above the surface) also contained strong wind shear, which was one of the key ingredients that resulted in the higher risk for strong tornadoes. This event has been classified as a derecho, a term that is reserved for the most intense, widespread, and long-lasting lines of severe thunderstorms. By definition, a derecho is a widespread severe windstorm characterized by a family of destructive downbursts containing multiple 75+ mph gusts associated with the system.|Thunderstorms initially developed in eastern Montana in the late afternoon and moved into southwest North Dakota. Severe wind gusts around 60 mph were reported in far southwest North Dakota from Dickinson to Bowman during the early evening. Thereafter, storms grew into a pronounced line as they moved east and began accelerating. Shortly thereafter, extremely strong wind gusts started occurring, including a measured 94 mph gust to the northwest of Elgin in Grant County, and estimated 95 mph wind gusts in Hettinger County where a farmstead was severely damaged. Meanwhile, a supercell thunderstorm developed just south of Jamestown, and produced three-inch diameter hail as it moved northward into the city. This storm then slowly moved to the east-northeast and produced a brief tornado between Jamestown and Spiritwood. Shortly thereafter, a larger tornado formed near Spiritwood and moved to the east-northeast into Barnes County where EF-3 damage occurred, before tracking back into Stutsman County while it was dissipating. Specific details on the damage with this event can be found in the National Weather Service-Grand Forks Storm Data entry. Another supercell thunderstorm then formed south of the initial storm, moving southeast through southern Stutsman and northern LaMoure Counties. This storm produced a tornado near Adrian and another north of Verona. During this time, the line of storms to the west continued to strengthen, producing a wide swath of 80 to 100 mph wind gusts as it moved through south central North Dakota and across the James River Valley during the mid-evening into the nighttime hours. The derecho caused extensive tree and structure damage along its path, with significant damage to grain storage equipment and power transmission poles. The highest measured wind gust associated with the derecho was 101 mph at a North Dakota Agricultural Weather Network (NDAWN) station 5 miles northwest of Linton. There were also several tornadoes produced by the intense line of storms, including two tornadoes rated as EF-1 (north of Interstate 94 between Crystal Springs and Medina near the Kidder/Stutsman County Line, and to the southwest of Grace City in Foster County), and one tornado rated as EF-2 (north of Sweet Briar Lake in Morton County).  The derecho resulted in one injury which occurred in a housing development to the south of Lincoln in Burleigh County as a male was outdoors and was struck by flying debris. Also, one indirect fatality occurred near Courtenay in Stutsman County where a 76-year-old male died in his sleep from his breathing device not operating properly due to the power outage caused by the storm.",
ND-EO-2025-05,2025-05,Armstrong,Declares Statewide Disaster for Tornado Damage (Enderlin severe storms),2025-06-21,https://ndresponse.gov/news/armstrong-declares-disaster-tornado-damage-extends-sympathy-victims-families,1278224,203614,2025-06-20 22:03:00,2025-06-20 22:03:00,C,county/county-equivalent,27,EDDY,Thunderstorm Wind,63.0,MG,0,0,,,Mesonet,"During the evening of Friday, June 20th into the early morning hours of June 21st, much of the region was affected by severe weather. Supercell thunderstorms developed across southeast North Dakota ahead of an approaching convective complex, producing multiple strong, destructive, and fatal tornadoes. This was followed by a powerful line of severe thunderstorms categorized as a derecho, which tracked across much of the region resulting in widespread straight line wind damage. After the derecho passed through the region, there was a period of prolonged destructive winds that affected portions of central and east central North Dakota, as well as adjacent portions of Minnesota. This was a unique event due to the combination of the violent tornadoes ahead of the derecho, and the long duration of significant winds that followed the derecho. Based on estimates provided by North Dakota Agriculture Commissioner Doug Goehring, the state lost anywhere from 50 to 80 million bushels of grain storage capacity from these storms.",NDAWN station at McHenry reported a wind gust of 72 mph at the 3 meter height.
ND-EO-2025-05,2025-05,Armstrong,Declares Statewide Disaster for Tornado Damage (Enderlin severe storms),2025-06-21,https://ndresponse.gov/news/armstrong-declares-disaster-tornado-damage-extends-sympathy-victims-families,1263437,202938,2025-06-18 17:25:00,2025-06-18 17:27:00,C,county/county-equivalent,29,EMMONS,Hail,0.88,,0,0,0.00K,0.00K,Public,"A surface low pressure system situated over northeast Montana along with a boundary situated over central North Dakota served as the focus for thunderstorm development. A severe thunderstorm developed over northeast Montana and moved into far northwest North Dakota, producing one-inch diameter hail in Williams County. Additional thunderstorms developed over parts of western and central North Dakota, with sub-severe hail reported over south central North Dakota.",
ND-EO-2025-05,2025-05,Armstrong,Declares Statewide Disaster for Tornado Damage (Enderlin severe storms),2025-06-21,https://ndresponse.gov/news/armstrong-declares-disaster-tornado-damage-extends-sympathy-victims-families,1271789,202944,2025-06-20 20:20:00,2025-06-20 20:23:00,C,county/county-equivalent,29,EMMONS,Thunderstorm Wind,58.0,MG,0,0,0.00K,0.00K,Mesonet,"An outbreak of severe thunderstorms brought extreme winds, very large hail, and multiple tornadoes across much of southern North Dakota from the late afternoon into the nighttime hours. A low-pressure system in southeastern Montana and a warm front stretching eastward across southern North Dakota provided a focus for the severe thunderstorms. Several environmental parameters were in place for a significant outbreak, most notable was the amount of deep-layer wind shear. The lowest layer of the atmosphere (up to 1 mile above the surface) also contained strong wind shear, which was one of the key ingredients that resulted in the higher risk for strong tornadoes. This event has been classified as a derecho, a term that is reserved for the most intense, widespread, and long-lasting lines of severe thunderstorms. By definition, a derecho is a widespread severe windstorm characterized by a family of destructive downbursts containing multiple 75+ mph gusts associated with the system.|Thunderstorms initially developed in eastern Montana in the late afternoon and moved into southwest North Dakota. Severe wind gusts around 60 mph were reported in far southwest North Dakota from Dickinson to Bowman during the early evening. Thereafter, storms grew into a pronounced line as they moved east and began accelerating. Shortly thereafter, extremely strong wind gusts started occurring, including a measured 94 mph gust to the northwest of Elgin in Grant County, and estimated 95 mph wind gusts in Hettinger County where a farmstead was severely damaged. Meanwhile, a supercell thunderstorm developed just south of Jamestown, and produced three-inch diameter hail as it moved northward into the city. This storm then slowly moved to the east-northeast and produced a brief tornado between Jamestown and Spiritwood. Shortly thereafter, a larger tornado formed near Spiritwood and moved to the east-northeast into Barnes County where EF-3 damage occurred, before tracking back into Stutsman County while it was dissipating. Specific details on the damage with this event can be found in the National Weather Service-Grand Forks Storm Data entry. Another supercell thunderstorm then formed south of the initial storm, moving southeast through southern Stutsman and northern LaMoure Counties. This storm produced a tornado near Adrian and another north of Verona. During this time, the line of storms to the west continued to strengthen, producing a wide swath of 80 to 100 mph wind gusts as it moved through south central North Dakota and across the James River Valley during the mid-evening into the nighttime hours. The derecho caused extensive tree and structure damage along its path, with significant damage to grain storage equipment and power transmission poles. The highest measured wind gust associated with the derecho was 101 mph at a North Dakota Agricultural Weather Network (NDAWN) station 5 miles northwest of Linton. There were also several tornadoes produced by the intense line of storms, including two tornadoes rated as EF-1 (north of Interstate 94 between Crystal Springs and Medina near the Kidder/Stutsman County Line, and to the southwest of Grace City in Foster County), and one tornado rated as EF-2 (north of Sweet Briar Lake in Morton County).  The derecho resulted in one injury which occurred in a housing development to the south of Lincoln in Burleigh County as a male was outdoors and was struck by flying debris. Also, one indirect fatality occurred near Courtenay in Stutsman County where a 76-year-old male died in his sleep from his breathing device not operating properly due to the power outage caused by the storm.",
ND-EO-2025-05,2025-05,Armstrong,Declares Statewide Disaster for Tornado Damage (Enderlin severe storms),2025-06-21,https://ndresponse.gov/news/armstrong-declares-disaster-tornado-damage-extends-sympathy-victims-families,1275135,202944,2025-06-20 20:35:00,2025-06-20 20:38:00,C,county/county-equivalent,29,EMMONS,Thunderstorm Wind,88.0,MG,0,0,0.00K,0.00K,Mesonet,"An outbreak of severe thunderstorms brought extreme winds, very large hail, and multiple tornadoes across much of southern North Dakota from the late afternoon into the nighttime hours. A low-pressure system in southeastern Montana and a warm front stretching eastward across southern North Dakota provided a focus for the severe thunderstorms. Several environmental parameters were in place for a significant outbreak, most notable was the amount of deep-layer wind shear. The lowest layer of the atmosphere (up to 1 mile above the surface) also contained strong wind shear, which was one of the key ingredients that resulted in the higher risk for strong tornadoes. This event has been classified as a derecho, a term that is reserved for the most intense, widespread, and long-lasting lines of severe thunderstorms. By definition, a derecho is a widespread severe windstorm characterized by a family of destructive downbursts containing multiple 75+ mph gusts associated with the system.|Thunderstorms initially developed in eastern Montana in the late afternoon and moved into southwest North Dakota. Severe wind gusts around 60 mph were reported in far southwest North Dakota from Dickinson to Bowman during the early evening. Thereafter, storms grew into a pronounced line as they moved east and began accelerating. Shortly thereafter, extremely strong wind gusts started occurring, including a measured 94 mph gust to the northwest of Elgin in Grant County, and estimated 95 mph wind gusts in Hettinger County where a farmstead was severely damaged. Meanwhile, a supercell thunderstorm developed just south of Jamestown, and produced three-inch diameter hail as it moved northward into the city. This storm then slowly moved to the east-northeast and produced a brief tornado between Jamestown and Spiritwood. Shortly thereafter, a larger tornado formed near Spiritwood and moved to the east-northeast into Barnes County where EF-3 damage occurred, before tracking back into Stutsman County while it was dissipating. Specific details on the damage with this event can be found in the National Weather Service-Grand Forks Storm Data entry. Another supercell thunderstorm then formed south of the initial storm, moving southeast through southern Stutsman and northern LaMoure Counties. This storm produced a tornado near Adrian and another north of Verona. During this time, the line of storms to the west continued to strengthen, producing a wide swath of 80 to 100 mph wind gusts as it moved through south central North Dakota and across the James River Valley during the mid-evening into the nighttime hours. The derecho caused extensive tree and structure damage along its path, with significant damage to grain storage equipment and power transmission poles. The highest measured wind gust associated with the derecho was 101 mph at a North Dakota Agricultural Weather Network (NDAWN) station 5 miles northwest of Linton. There were also several tornadoes produced by the intense line of storms, including two tornadoes rated as EF-1 (north of Interstate 94 between Crystal Springs and Medina near the Kidder/Stutsman County Line, and to the southwest of Grace City in Foster County), and one tornado rated as EF-2 (north of Sweet Briar Lake in Morton County).  The derecho resulted in one injury which occurred in a housing development to the south of Lincoln in Burleigh County as a male was outdoors and was struck by flying debris. Also, one indirect fatality occurred near Courtenay in Stutsman County where a 76-year-old male died in his sleep from his breathing device not operating properly due to the power outage caused by the storm.",
ND-EO-2025-05,2025-05,Armstrong,Declares Statewide Disaster for Tornado Damage (Enderlin severe storms),2025-06-21,https://ndresponse.gov/news/armstrong-declares-disaster-tornado-damage-extends-sympathy-victims-families,1275136,202944,2025-06-20 20:35:00,2025-06-20 20:38:00,C,county/county-equivalent,29,EMMONS,Thunderstorm Wind,56.0,MG,0,0,0.00K,0.00K,AWOS,"An outbreak of severe thunderstorms brought extreme winds, very large hail, and multiple tornadoes across much of southern North Dakota from the late afternoon into the nighttime hours. A low-pressure system in southeastern Montana and a warm front stretching eastward across southern North Dakota provided a focus for the severe thunderstorms. Several environmental parameters were in place for a significant outbreak, most notable was the amount of deep-layer wind shear. The lowest layer of the atmosphere (up to 1 mile above the surface) also contained strong wind shear, which was one of the key ingredients that resulted in the higher risk for strong tornadoes. This event has been classified as a derecho, a term that is reserved for the most intense, widespread, and long-lasting lines of severe thunderstorms. By definition, a derecho is a widespread severe windstorm characterized by a family of destructive downbursts containing multiple 75+ mph gusts associated with the system.|Thunderstorms initially developed in eastern Montana in the late afternoon and moved into southwest North Dakota. Severe wind gusts around 60 mph were reported in far southwest North Dakota from Dickinson to Bowman during the early evening. Thereafter, storms grew into a pronounced line as they moved east and began accelerating. Shortly thereafter, extremely strong wind gusts started occurring, including a measured 94 mph gust to the northwest of Elgin in Grant County, and estimated 95 mph wind gusts in Hettinger County where a farmstead was severely damaged. Meanwhile, a supercell thunderstorm developed just south of Jamestown, and produced three-inch diameter hail as it moved northward into the city. This storm then slowly moved to the east-northeast and produced a brief tornado between Jamestown and Spiritwood. Shortly thereafter, a larger tornado formed near Spiritwood and moved to the east-northeast into Barnes County where EF-3 damage occurred, before tracking back into Stutsman County while it was dissipating. Specific details on the damage with this event can be found in the National Weather Service-Grand Forks Storm Data entry. Another supercell thunderstorm then formed south of the initial storm, moving southeast through southern Stutsman and northern LaMoure Counties. This storm produced a tornado near Adrian and another north of Verona. During this time, the line of storms to the west continued to strengthen, producing a wide swath of 80 to 100 mph wind gusts as it moved through south central North Dakota and across the James River Valley during the mid-evening into the nighttime hours. The derecho caused extensive tree and structure damage along its path, with significant damage to grain storage equipment and power transmission poles. The highest measured wind gust associated with the derecho was 101 mph at a North Dakota Agricultural Weather Network (NDAWN) station 5 miles northwest of Linton. There were also several tornadoes produced by the intense line of storms, including two tornadoes rated as EF-1 (north of Interstate 94 between Crystal Springs and Medina near the Kidder/Stutsman County Line, and to the southwest of Grace City in Foster County), and one tornado rated as EF-2 (north of Sweet Briar Lake in Morton County).  The derecho resulted in one injury which occurred in a housing development to the south of Lincoln in Burleigh County as a male was outdoors and was struck by flying debris. Also, one indirect fatality occurred near Courtenay in Stutsman County where a 76-year-old male died in his sleep from his breathing device not operating properly due to the power outage caused by the storm.",
ND-EO-2025-05,2025-05,Armstrong,Declares Statewide Disaster for Tornado Damage (Enderlin severe storms),2025-06-21,https://ndresponse.gov/news/armstrong-declares-disaster-tornado-damage-extends-sympathy-victims-families,1275138,202944,2025-06-20 20:36:00,2025-06-20 20:40:00,C,county/county-equivalent,29,EMMONS,Thunderstorm Wind,70.0,EG,0,0,50.00K,0.00K,Public,"An outbreak of severe thunderstorms brought extreme winds, very large hail, and multiple tornadoes across much of southern North Dakota from the late afternoon into the nighttime hours. A low-pressure system in southeastern Montana and a warm front stretching eastward across southern North Dakota provided a focus for the severe thunderstorms. Several environmental parameters were in place for a significant outbreak, most notable was the amount of deep-layer wind shear. The lowest layer of the atmosphere (up to 1 mile above the surface) also contained strong wind shear, which was one of the key ingredients that resulted in the higher risk for strong tornadoes. This event has been classified as a derecho, a term that is reserved for the most intense, widespread, and long-lasting lines of severe thunderstorms. By definition, a derecho is a widespread severe windstorm characterized by a family of destructive downbursts containing multiple 75+ mph gusts associated with the system.|Thunderstorms initially developed in eastern Montana in the late afternoon and moved into southwest North Dakota. Severe wind gusts around 60 mph were reported in far southwest North Dakota from Dickinson to Bowman during the early evening. Thereafter, storms grew into a pronounced line as they moved east and began accelerating. Shortly thereafter, extremely strong wind gusts started occurring, including a measured 94 mph gust to the northwest of Elgin in Grant County, and estimated 95 mph wind gusts in Hettinger County where a farmstead was severely damaged. Meanwhile, a supercell thunderstorm developed just south of Jamestown, and produced three-inch diameter hail as it moved northward into the city. This storm then slowly moved to the east-northeast and produced a brief tornado between Jamestown and Spiritwood. Shortly thereafter, a larger tornado formed near Spiritwood and moved to the east-northeast into Barnes County where EF-3 damage occurred, before tracking back into Stutsman County while it was dissipating. Specific details on the damage with this event can be found in the National Weather Service-Grand Forks Storm Data entry. Another supercell thunderstorm then formed south of the initial storm, moving southeast through southern Stutsman and northern LaMoure Counties. This storm produced a tornado near Adrian and another north of Verona. During this time, the line of storms to the west continued to strengthen, producing a wide swath of 80 to 100 mph wind gusts as it moved through south central North Dakota and across the James River Valley during the mid-evening into the nighttime hours. The derecho caused extensive tree and structure damage along its path, with significant damage to grain storage equipment and power transmission poles. The highest measured wind gust associated with the derecho was 101 mph at a North Dakota Agricultural Weather Network (NDAWN) station 5 miles northwest of Linton. There were also several tornadoes produced by the intense line of storms, including two tornadoes rated as EF-1 (north of Interstate 94 between Crystal Springs and Medina near the Kidder/Stutsman County Line, and to the southwest of Grace City in Foster County), and one tornado rated as EF-2 (north of Sweet Briar Lake in Morton County).  The derecho resulted in one injury which occurred in a housing development to the south of Lincoln in Burleigh County as a male was outdoors and was struck by flying debris. Also, one indirect fatality occurred near Courtenay in Stutsman County where a 76-year-old male died in his sleep from his breathing device not operating properly due to the power outage caused by the storm.",Several branches and a few trees down. Power also was lost.
ND-EO-2025-05,2025-05,Armstrong,Declares Statewide Disaster for Tornado Damage (Enderlin severe storms),2025-06-21,https://ndresponse.gov/news/armstrong-declares-disaster-tornado-damage-extends-sympathy-victims-families,1275139,202944,2025-06-20 20:40:00,2025-06-20 20:43:00,C,county/county-equivalent,29,EMMONS,Thunderstorm Wind,83.0,MG,0,0,0.00K,0.00K,Mesonet,"An outbreak of severe thunderstorms brought extreme winds, very large hail, and multiple tornadoes across much of southern North Dakota from the late afternoon into the nighttime hours. A low-pressure system in southeastern Montana and a warm front stretching eastward across southern North Dakota provided a focus for the severe thunderstorms. Several environmental parameters were in place for a significant outbreak, most notable was the amount of deep-layer wind shear. The lowest layer of the atmosphere (up to 1 mile above the surface) also contained strong wind shear, which was one of the key ingredients that resulted in the higher risk for strong tornadoes. This event has been classified as a derecho, a term that is reserved for the most intense, widespread, and long-lasting lines of severe thunderstorms. By definition, a derecho is a widespread severe windstorm characterized by a family of destructive downbursts containing multiple 75+ mph gusts associated with the system.|Thunderstorms initially developed in eastern Montana in the late afternoon and moved into southwest North Dakota. Severe wind gusts around 60 mph were reported in far southwest North Dakota from Dickinson to Bowman during the early evening. Thereafter, storms grew into a pronounced line as they moved east and began accelerating. Shortly thereafter, extremely strong wind gusts started occurring, including a measured 94 mph gust to the northwest of Elgin in Grant County, and estimated 95 mph wind gusts in Hettinger County where a farmstead was severely damaged. Meanwhile, a supercell thunderstorm developed just south of Jamestown, and produced three-inch diameter hail as it moved northward into the city. This storm then slowly moved to the east-northeast and produced a brief tornado between Jamestown and Spiritwood. Shortly thereafter, a larger tornado formed near Spiritwood and moved to the east-northeast into Barnes County where EF-3 damage occurred, before tracking back into Stutsman County while it was dissipating. Specific details on the damage with this event can be found in the National Weather Service-Grand Forks Storm Data entry. Another supercell thunderstorm then formed south of the initial storm, moving southeast through southern Stutsman and northern LaMoure Counties. This storm produced a tornado near Adrian and another north of Verona. During this time, the line of storms to the west continued to strengthen, producing a wide swath of 80 to 100 mph wind gusts as it moved through south central North Dakota and across the James River Valley during the mid-evening into the nighttime hours. The derecho caused extensive tree and structure damage along its path, with significant damage to grain storage equipment and power transmission poles. The highest measured wind gust associated with the derecho was 101 mph at a North Dakota Agricultural Weather Network (NDAWN) station 5 miles northwest of Linton. There were also several tornadoes produced by the intense line of storms, including two tornadoes rated as EF-1 (north of Interstate 94 between Crystal Springs and Medina near the Kidder/Stutsman County Line, and to the southwest of Grace City in Foster County), and one tornado rated as EF-2 (north of Sweet Briar Lake in Morton County).  The derecho resulted in one injury which occurred in a housing development to the south of Lincoln in Burleigh County as a male was outdoors and was struck by flying debris. Also, one indirect fatality occurred near Courtenay in Stutsman County where a 76-year-old male died in his sleep from his breathing device not operating properly due to the power outage caused by the storm.",
ND-EO-2025-05,2025-05,Armstrong,Declares Statewide Disaster for Tornado Damage (Enderlin severe storms),2025-06-21,https://ndresponse.gov/news/armstrong-declares-disaster-tornado-damage-extends-sympathy-victims-families,1275140,202944,2025-06-20 20:40:00,2025-06-20 20:43:00,C,county/county-equivalent,29,EMMONS,Thunderstorm Wind,66.0,MG,0,0,0.00K,0.00K,Mesonet,"An outbreak of severe thunderstorms brought extreme winds, very large hail, and multiple tornadoes across much of southern North Dakota from the late afternoon into the nighttime hours. A low-pressure system in southeastern Montana and a warm front stretching eastward across southern North Dakota provided a focus for the severe thunderstorms. Several environmental parameters were in place for a significant outbreak, most notable was the amount of deep-layer wind shear. The lowest layer of the atmosphere (up to 1 mile above the surface) also contained strong wind shear, which was one of the key ingredients that resulted in the higher risk for strong tornadoes. This event has been classified as a derecho, a term that is reserved for the most intense, widespread, and long-lasting lines of severe thunderstorms. By definition, a derecho is a widespread severe windstorm characterized by a family of destructive downbursts containing multiple 75+ mph gusts associated with the system.|Thunderstorms initially developed in eastern Montana in the late afternoon and moved into southwest North Dakota. Severe wind gusts around 60 mph were reported in far southwest North Dakota from Dickinson to Bowman during the early evening. Thereafter, storms grew into a pronounced line as they moved east and began accelerating. Shortly thereafter, extremely strong wind gusts started occurring, including a measured 94 mph gust to the northwest of Elgin in Grant County, and estimated 95 mph wind gusts in Hettinger County where a farmstead was severely damaged. Meanwhile, a supercell thunderstorm developed just south of Jamestown, and produced three-inch diameter hail as it moved northward into the city. This storm then slowly moved to the east-northeast and produced a brief tornado between Jamestown and Spiritwood. Shortly thereafter, a larger tornado formed near Spiritwood and moved to the east-northeast into Barnes County where EF-3 damage occurred, before tracking back into Stutsman County while it was dissipating. Specific details on the damage with this event can be found in the National Weather Service-Grand Forks Storm Data entry. Another supercell thunderstorm then formed south of the initial storm, moving southeast through southern Stutsman and northern LaMoure Counties. This storm produced a tornado near Adrian and another north of Verona. During this time, the line of storms to the west continued to strengthen, producing a wide swath of 80 to 100 mph wind gusts as it moved through south central North Dakota and across the James River Valley during the mid-evening into the nighttime hours. The derecho caused extensive tree and structure damage along its path, with significant damage to grain storage equipment and power transmission poles. The highest measured wind gust associated with the derecho was 101 mph at a North Dakota Agricultural Weather Network (NDAWN) station 5 miles northwest of Linton. There were also several tornadoes produced by the intense line of storms, including two tornadoes rated as EF-1 (north of Interstate 94 between Crystal Springs and Medina near the Kidder/Stutsman County Line, and to the southwest of Grace City in Foster County), and one tornado rated as EF-2 (north of Sweet Briar Lake in Morton County).  The derecho resulted in one injury which occurred in a housing development to the south of Lincoln in Burleigh County as a male was outdoors and was struck by flying debris. Also, one indirect fatality occurred near Courtenay in Stutsman County where a 76-year-old male died in his sleep from his breathing device not operating properly due to the power outage caused by the storm.",
ND-EO-2025-05,2025-05,Armstrong,Declares Statewide Disaster for Tornado Damage (Enderlin severe storms),2025-06-21,https://ndresponse.gov/news/armstrong-declares-disaster-tornado-damage-extends-sympathy-victims-families,1269611,202944,2025-06-20 21:44:00,2025-06-20 21:51:00,C,county/county-equivalent,31,FOSTER,Tornado,,,0,0,300.00K,0.00K,County Official,"An outbreak of severe thunderstorms brought extreme winds, very large hail, and multiple tornadoes across much of southern North Dakota from the late afternoon into the nighttime hours. A low-pressure system in southeastern Montana and a warm front stretching eastward across southern North Dakota provided a focus for the severe thunderstorms. Several environmental parameters were in place for a significant outbreak, most notable was the amount of deep-layer wind shear. The lowest layer of the atmosphere (up to 1 mile above the surface) also contained strong wind shear, which was one of the key ingredients that resulted in the higher risk for strong tornadoes. This event has been classified as a derecho, a term that is reserved for the most intense, widespread, and long-lasting lines of severe thunderstorms. By definition, a derecho is a widespread severe windstorm characterized by a family of destructive downbursts containing multiple 75+ mph gusts associated with the system.|Thunderstorms initially developed in eastern Montana in the late afternoon and moved into southwest North Dakota. Severe wind gusts around 60 mph were reported in far southwest North Dakota from Dickinson to Bowman during the early evening. Thereafter, storms grew into a pronounced line as they moved east and began accelerating. Shortly thereafter, extremely strong wind gusts started occurring, including a measured 94 mph gust to the northwest of Elgin in Grant County, and estimated 95 mph wind gusts in Hettinger County where a farmstead was severely damaged. Meanwhile, a supercell thunderstorm developed just south of Jamestown, and produced three-inch diameter hail as it moved northward into the city. This storm then slowly moved to the east-northeast and produced a brief tornado between Jamestown and Spiritwood. Shortly thereafter, a larger tornado formed near Spiritwood and moved to the east-northeast into Barnes County where EF-3 damage occurred, before tracking back into Stutsman County while it was dissipating. Specific details on the damage with this event can be found in the National Weather Service-Grand Forks Storm Data entry. Another supercell thunderstorm then formed south of the initial storm, moving southeast through southern Stutsman and northern LaMoure Counties. This storm produced a tornado near Adrian and another north of Verona. During this time, the line of storms to the west continued to strengthen, producing a wide swath of 80 to 100 mph wind gusts as it moved through south central North Dakota and across the James River Valley during the mid-evening into the nighttime hours. The derecho caused extensive tree and structure damage along its path, with significant damage to grain storage equipment and power transmission poles. The highest measured wind gust associated with the derecho was 101 mph at a North Dakota Agricultural Weather Network (NDAWN) station 5 miles northwest of Linton. There were also several tornadoes produced by the intense line of storms, including two tornadoes rated as EF-1 (north of Interstate 94 between Crystal Springs and Medina near the Kidder/Stutsman County Line, and to the southwest of Grace City in Foster County), and one tornado rated as EF-2 (north of Sweet Briar Lake in Morton County).  The derecho resulted in one injury which occurred in a housing development to the south of Lincoln in Burleigh County as a male was outdoors and was struck by flying debris. Also, one indirect fatality occurred near Courtenay in Stutsman County where a 76-year-old male died in his sleep from his breathing device not operating properly due to the power outage caused by the storm.","The tornado touched down to the southwest of Grace City, then tracked northeasterly approximately five and three-quarter miles before lifting. Near the point of touchdown, the tornado struck a farmstead causing significant damage. A barn which was built with brick about half-way up then built with wood and sheet metal had the top wooden and sheet metal portion torn off, while an adjacent silo had its top blown off. A pole barn had its roof blown off and another barn had its doors blown off. The tornado then progressed through open fields until it moved through a shelterbelt at a farmstead near the end of its path, where it broke many trees, and twisted off large branches. It also took one large branch and speared it into a camper. Across the road the tornado broke down power lines before it broke in the large door and tore a significant portion off one of the Foster County shop buildings housing a maintainer. Based on the damage done this tornado was rated EF-1, and from that wind speeds were estimated to be around 110 mph."
ND-EO-2025-05,2025-05,Armstrong,Declares Statewide Disaster for Tornado Damage (Enderlin severe storms),2025-06-21,https://ndresponse.gov/news/armstrong-declares-disaster-tornado-damage-extends-sympathy-victims-families,1275194,202944,2025-06-20 22:10:00,2025-06-20 22:13:00,C,county/county-equivalent,31,FOSTER,Thunderstorm Wind,63.0,MG,0,0,0.00K,0.00K,Mesonet,"An outbreak of severe thunderstorms brought extreme winds, very large hail, and multiple tornadoes across much of southern North Dakota from the late afternoon into the nighttime hours. A low-pressure system in southeastern Montana and a warm front stretching eastward across southern North Dakota provided a focus for the severe thunderstorms. Several environmental parameters were in place for a significant outbreak, most notable was the amount of deep-layer wind shear. The lowest layer of the atmosphere (up to 1 mile above the surface) also contained strong wind shear, which was one of the key ingredients that resulted in the higher risk for strong tornadoes. This event has been classified as a derecho, a term that is reserved for the most intense, widespread, and long-lasting lines of severe thunderstorms. By definition, a derecho is a widespread severe windstorm characterized by a family of destructive downbursts containing multiple 75+ mph gusts associated with the system.|Thunderstorms initially developed in eastern Montana in the late afternoon and moved into southwest North Dakota. Severe wind gusts around 60 mph were reported in far southwest North Dakota from Dickinson to Bowman during the early evening. Thereafter, storms grew into a pronounced line as they moved east and began accelerating. Shortly thereafter, extremely strong wind gusts started occurring, including a measured 94 mph gust to the northwest of Elgin in Grant County, and estimated 95 mph wind gusts in Hettinger County where a farmstead was severely damaged. Meanwhile, a supercell thunderstorm developed just south of Jamestown, and produced three-inch diameter hail as it moved northward into the city. This storm then slowly moved to the east-northeast and produced a brief tornado between Jamestown and Spiritwood. Shortly thereafter, a larger tornado formed near Spiritwood and moved to the east-northeast into Barnes County where EF-3 damage occurred, before tracking back into Stutsman County while it was dissipating. Specific details on the damage with this event can be found in the National Weather Service-Grand Forks Storm Data entry. Another supercell thunderstorm then formed south of the initial storm, moving southeast through southern Stutsman and northern LaMoure Counties. This storm produced a tornado near Adrian and another north of Verona. During this time, the line of storms to the west continued to strengthen, producing a wide swath of 80 to 100 mph wind gusts as it moved through south central North Dakota and across the James River Valley during the mid-evening into the nighttime hours. The derecho caused extensive tree and structure damage along its path, with significant damage to grain storage equipment and power transmission poles. The highest measured wind gust associated with the derecho was 101 mph at a North Dakota Agricultural Weather Network (NDAWN) station 5 miles northwest of Linton. There were also several tornadoes produced by the intense line of storms, including two tornadoes rated as EF-1 (north of Interstate 94 between Crystal Springs and Medina near the Kidder/Stutsman County Line, and to the southwest of Grace City in Foster County), and one tornado rated as EF-2 (north of Sweet Briar Lake in Morton County).  The derecho resulted in one injury which occurred in a housing development to the south of Lincoln in Burleigh County as a male was outdoors and was struck by flying debris. Also, one indirect fatality occurred near Courtenay in Stutsman County where a 76-year-old male died in his sleep from his breathing device not operating properly due to the power outage caused by the storm.",
ND-EO-2025-05,2025-05,Armstrong,Declares Statewide Disaster for Tornado Damage (Enderlin severe storms),2025-06-21,https://ndresponse.gov/news/armstrong-declares-disaster-tornado-damage-extends-sympathy-victims-families,1275241,202944,2025-06-20 23:15:00,2025-06-20 23:19:00,C,county/county-equivalent,31,FOSTER,Thunderstorm Wind,60.0,MG,0,0,0.00K,0.00K,AWOS,"An outbreak of severe thunderstorms brought extreme winds, very large hail, and multiple tornadoes across much of southern North Dakota from the late afternoon into the nighttime hours. A low-pressure system in southeastern Montana and a warm front stretching eastward across southern North Dakota provided a focus for the severe thunderstorms. Several environmental parameters were in place for a significant outbreak, most notable was the amount of deep-layer wind shear. The lowest layer of the atmosphere (up to 1 mile above the surface) also contained strong wind shear, which was one of the key ingredients that resulted in the higher risk for strong tornadoes. This event has been classified as a derecho, a term that is reserved for the most intense, widespread, and long-lasting lines of severe thunderstorms. By definition, a derecho is a widespread severe windstorm characterized by a family of destructive downbursts containing multiple 75+ mph gusts associated with the system.|Thunderstorms initially developed in eastern Montana in the late afternoon and moved into southwest North Dakota. Severe wind gusts around 60 mph were reported in far southwest North Dakota from Dickinson to Bowman during the early evening. Thereafter, storms grew into a pronounced line as they moved east and began accelerating. Shortly thereafter, extremely strong wind gusts started occurring, including a measured 94 mph gust to the northwest of Elgin in Grant County, and estimated 95 mph wind gusts in Hettinger County where a farmstead was severely damaged. Meanwhile, a supercell thunderstorm developed just south of Jamestown, and produced three-inch diameter hail as it moved northward into the city. This storm then slowly moved to the east-northeast and produced a brief tornado between Jamestown and Spiritwood. Shortly thereafter, a larger tornado formed near Spiritwood and moved to the east-northeast into Barnes County where EF-3 damage occurred, before tracking back into Stutsman County while it was dissipating. Specific details on the damage with this event can be found in the National Weather Service-Grand Forks Storm Data entry. Another supercell thunderstorm then formed south of the initial storm, moving southeast through southern Stutsman and northern LaMoure Counties. This storm produced a tornado near Adrian and another north of Verona. During this time, the line of storms to the west continued to strengthen, producing a wide swath of 80 to 100 mph wind gusts as it moved through south central North Dakota and across the James River Valley during the mid-evening into the nighttime hours. The derecho caused extensive tree and structure damage along its path, with significant damage to grain storage equipment and power transmission poles. The highest measured wind gust associated with the derecho was 101 mph at a North Dakota Agricultural Weather Network (NDAWN) station 5 miles northwest of Linton. There were also several tornadoes produced by the intense line of storms, including two tornadoes rated as EF-1 (north of Interstate 94 between Crystal Springs and Medina near the Kidder/Stutsman County Line, and to the southwest of Grace City in Foster County), and one tornado rated as EF-2 (north of Sweet Briar Lake in Morton County).  The derecho resulted in one injury which occurred in a housing development to the south of Lincoln in Burleigh County as a male was outdoors and was struck by flying debris. Also, one indirect fatality occurred near Courtenay in Stutsman County where a 76-year-old male died in his sleep from his breathing device not operating properly due to the power outage caused by the storm.",
ND-EO-2025-05,2025-05,Armstrong,Declares Statewide Disaster for Tornado Damage (Enderlin severe storms),2025-06-21,https://ndresponse.gov/news/armstrong-declares-disaster-tornado-damage-extends-sympathy-victims-families,1275244,202944,2025-06-20 23:25:00,2025-06-20 23:29:00,C,county/county-equivalent,31,FOSTER,Thunderstorm Wind,54.0,MG,0,0,0.00K,0.00K,Mesonet,"An outbreak of severe thunderstorms brought extreme winds, very large hail, and multiple tornadoes across much of southern North Dakota from the late afternoon into the nighttime hours. A low-pressure system in southeastern Montana and a warm front stretching eastward across southern North Dakota provided a focus for the severe thunderstorms. Several environmental parameters were in place for a significant outbreak, most notable was the amount of deep-layer wind shear. The lowest layer of the atmosphere (up to 1 mile above the surface) also contained strong wind shear, which was one of the key ingredients that resulted in the higher risk for strong tornadoes. This event has been classified as a derecho, a term that is reserved for the most intense, widespread, and long-lasting lines of severe thunderstorms. By definition, a derecho is a widespread severe windstorm characterized by a family of destructive downbursts containing multiple 75+ mph gusts associated with the system.|Thunderstorms initially developed in eastern Montana in the late afternoon and moved into southwest North Dakota. Severe wind gusts around 60 mph were reported in far southwest North Dakota from Dickinson to Bowman during the early evening. Thereafter, storms grew into a pronounced line as they moved east and began accelerating. Shortly thereafter, extremely strong wind gusts started occurring, including a measured 94 mph gust to the northwest of Elgin in Grant County, and estimated 95 mph wind gusts in Hettinger County where a farmstead was severely damaged. Meanwhile, a supercell thunderstorm developed just south of Jamestown, and produced three-inch diameter hail as it moved northward into the city. This storm then slowly moved to the east-northeast and produced a brief tornado between Jamestown and Spiritwood. Shortly thereafter, a larger tornado formed near Spiritwood and moved to the east-northeast into Barnes County where EF-3 damage occurred, before tracking back into Stutsman County while it was dissipating. Specific details on the damage with this event can be found in the National Weather Service-Grand Forks Storm Data entry. Another supercell thunderstorm then formed south of the initial storm, moving southeast through southern Stutsman and northern LaMoure Counties. This storm produced a tornado near Adrian and another north of Verona. During this time, the line of storms to the west continued to strengthen, producing a wide swath of 80 to 100 mph wind gusts as it moved through south central North Dakota and across the James River Valley during the mid-evening into the nighttime hours. The derecho caused extensive tree and structure damage along its path, with significant damage to grain storage equipment and power transmission poles. The highest measured wind gust associated with the derecho was 101 mph at a North Dakota Agricultural Weather Network (NDAWN) station 5 miles northwest of Linton. There were also several tornadoes produced by the intense line of storms, including two tornadoes rated as EF-1 (north of Interstate 94 between Crystal Springs and Medina near the Kidder/Stutsman County Line, and to the southwest of Grace City in Foster County), and one tornado rated as EF-2 (north of Sweet Briar Lake in Morton County).  The derecho resulted in one injury which occurred in a housing development to the south of Lincoln in Burleigh County as a male was outdoors and was struck by flying debris. Also, one indirect fatality occurred near Courtenay in Stutsman County where a 76-year-old male died in his sleep from his breathing device not operating properly due to the power outage caused by the storm.",
ND-EO-2025-05,2025-05,Armstrong,Declares Statewide Disaster for Tornado Damage (Enderlin severe storms),2025-06-21,https://ndresponse.gov/news/armstrong-declares-disaster-tornado-damage-extends-sympathy-victims-families,1275249,202944,2025-06-21 01:13:00,2025-06-21 01:16:00,C,county/county-equivalent,31,FOSTER,Thunderstorm Wind,78.0,EG,0,0,250.00K,0.00K,Public,"An outbreak of severe thunderstorms brought extreme winds, very large hail, and multiple tornadoes across much of southern North Dakota from the late afternoon into the nighttime hours. A low-pressure system in southeastern Montana and a warm front stretching eastward across southern North Dakota provided a focus for the severe thunderstorms. Several environmental parameters were in place for a significant outbreak, most notable was the amount of deep-layer wind shear. The lowest layer of the atmosphere (up to 1 mile above the surface) also contained strong wind shear, which was one of the key ingredients that resulted in the higher risk for strong tornadoes. This event has been classified as a derecho, a term that is reserved for the most intense, widespread, and long-lasting lines of severe thunderstorms. By definition, a derecho is a widespread severe windstorm characterized by a family of destructive downbursts containing multiple 75+ mph gusts associated with the system.|Thunderstorms initially developed in eastern Montana in the late afternoon and moved into southwest North Dakota. Severe wind gusts around 60 mph were reported in far southwest North Dakota from Dickinson to Bowman during the early evening. Thereafter, storms grew into a pronounced line as they moved east and began accelerating. Shortly thereafter, extremely strong wind gusts started occurring, including a measured 94 mph gust to the northwest of Elgin in Grant County, and estimated 95 mph wind gusts in Hettinger County where a farmstead was severely damaged. Meanwhile, a supercell thunderstorm developed just south of Jamestown, and produced three-inch diameter hail as it moved northward into the city. This storm then slowly moved to the east-northeast and produced a brief tornado between Jamestown and Spiritwood. Shortly thereafter, a larger tornado formed near Spiritwood and moved to the east-northeast into Barnes County where EF-3 damage occurred, before tracking back into Stutsman County while it was dissipating. Specific details on the damage with this event can be found in the National Weather Service-Grand Forks Storm Data entry. Another supercell thunderstorm then formed south of the initial storm, moving southeast through southern Stutsman and northern LaMoure Counties. This storm produced a tornado near Adrian and another north of Verona. During this time, the line of storms to the west continued to strengthen, producing a wide swath of 80 to 100 mph wind gusts as it moved through south central North Dakota and across the James River Valley during the mid-evening into the nighttime hours. The derecho caused extensive tree and structure damage along its path, with significant damage to grain storage equipment and power transmission poles. The highest measured wind gust associated with the derecho was 101 mph at a North Dakota Agricultural Weather Network (NDAWN) station 5 miles northwest of Linton. There were also several tornadoes produced by the intense line of storms, including two tornadoes rated as EF-1 (north of Interstate 94 between Crystal Springs and Medina near the Kidder/Stutsman County Line, and to the southwest of Grace City in Foster County), and one tornado rated as EF-2 (north of Sweet Briar Lake in Morton County).  The derecho resulted in one injury which occurred in a housing development to the south of Lincoln in Burleigh County as a male was outdoors and was struck by flying debris. Also, one indirect fatality occurred near Courtenay in Stutsman County where a 76-year-old male died in his sleep from his breathing device not operating properly due to the power outage caused by the storm.","Road signs were bent, railroad crossing arms were damaged, and a grain bin was lifted and flipped in the area."
ND-EO-2025-05,2025-05,Armstrong,Declares Statewide Disaster for Tornado Damage (Enderlin severe storms),2025-06-21,https://ndresponse.gov/news/armstrong-declares-disaster-tornado-damage-extends-sympathy-victims-families,1278227,203614,2025-06-20 23:08:00,2025-06-20 23:08:00,C,county/county-equivalent,35,GRAND FORKS,Thunderstorm Wind,80.0,MG,0,0,,,Public,"During the evening of Friday, June 20th into the early morning hours of June 21st, much of the region was affected by severe weather. Supercell thunderstorms developed across southeast North Dakota ahead of an approaching convective complex, producing multiple strong, destructive, and fatal tornadoes. This was followed by a powerful line of severe thunderstorms categorized as a derecho, which tracked across much of the region resulting in widespread straight line wind damage. After the derecho passed through the region, there was a period of prolonged destructive winds that affected portions of central and east central North Dakota, as well as adjacent portions of Minnesota. This was a unique event due to the combination of the violent tornadoes ahead of the derecho, and the long duration of significant winds that followed the derecho. Based on estimates provided by North Dakota Agriculture Commissioner Doug Goehring, the state lost anywhere from 50 to 80 million bushels of grain storage capacity from these storms.",Public report of a 92 mph wind gust 4ENE of Thompson. Measured on a Davis weather station.
ND-EO-2025-05,2025-05,Armstrong,Declares Statewide Disaster for Tornado Damage (Enderlin severe storms),2025-06-21,https://ndresponse.gov/news/armstrong-declares-disaster-tornado-damage-extends-sympathy-victims-families,1278232,203614,2025-06-20 23:20:00,2025-06-20 23:20:00,C,county/county-equivalent,35,GRAND FORKS,Thunderstorm Wind,60.0,MG,0,0,,,ASOS,"During the evening of Friday, June 20th into the early morning hours of June 21st, much of the region was affected by severe weather. Supercell thunderstorms developed across southeast North Dakota ahead of an approaching convective complex, producing multiple strong, destructive, and fatal tornadoes. This was followed by a powerful line of severe thunderstorms categorized as a derecho, which tracked across much of the region resulting in widespread straight line wind damage. After the derecho passed through the region, there was a period of prolonged destructive winds that affected portions of central and east central North Dakota, as well as adjacent portions of Minnesota. This was a unique event due to the combination of the violent tornadoes ahead of the derecho, and the long duration of significant winds that followed the derecho. Based on estimates provided by North Dakota Agriculture Commissioner Doug Goehring, the state lost anywhere from 50 to 80 million bushels of grain storage capacity from these storms.",ASOS station at KGFK reported a 69 mph wind gust 6 WNW of Grand Forks.
ND-EO-2025-05,2025-05,Armstrong,Declares Statewide Disaster for Tornado Damage (Enderlin severe storms),2025-06-21,https://ndresponse.gov/news/armstrong-declares-disaster-tornado-damage-extends-sympathy-victims-families,1272737,204228,2025-06-22 08:35:00,2025-06-22 08:40:00,C,county/county-equivalent,35,GRAND FORKS,Thunderstorm Wind,50.0,EG,0,0,,,NWS Employee,Severe thunderstorms produced damaging winds and hail up to the size of quarters during the morning hours.,Observed tree branches down.
ND-EO-2025-05,2025-05,Armstrong,Declares Statewide Disaster for Tornado Damage (Enderlin severe storms),2025-06-21,https://ndresponse.gov/news/armstrong-declares-disaster-tornado-damage-extends-sympathy-victims-families,1263460,202939,2025-06-19 19:15:00,2025-06-19 19:17:00,C,county/county-equivalent,37,GRANT,Hail,1.1,,0,0,0.00K,0.00K,Trained Spotter,"An environment with elevated instability and very strong deep layer shear set the stage for severe weather development over western and south central North Dakota. A long lived supercell thunderstorm developed over far southwest North Dakota near a modest frontal boundary, and quickly became severe over Billings County. The storm then continued to track to the east-southeast producing very large damaging hail as it moved through Stark, Hettinger, and Grant Counties. The largest hail reported was three inches in diameter which fell south of Dickinson in Stark County. In addition, a tornado developed approximately 9 miles southwest of Dickinson in Stark County, and traveled to the south approximately 1.4 miles. Two houses along the path of the tornado had roofs partially blown off and some siding ripped off. Tree damage also occurred, with one tree having an eight inch diameter branch snap off. Fences were broken down and two power poles were broken. Based on the damage done this tornado was rated EF-1, and from that wind speeds were estimated to be around 100 mph. Additional thunderstorms developed and moved through central and western North Dakota through the evening. One of these storms became severe over south central North Dakota producing one-inch diameter hail in Logan County.",
ND-EO-2025-05,2025-05,Armstrong,Declares Statewide Disaster for Tornado Damage (Enderlin severe storms),2025-06-21,https://ndresponse.gov/news/armstrong-declares-disaster-tornado-damage-extends-sympathy-victims-families,1263461,202939,2025-06-19 19:18:00,2025-06-19 19:21:00,C,county/county-equivalent,37,GRANT,Hail,1.0,,0,0,0.00K,0.00K,Public,"An environment with elevated instability and very strong deep layer shear set the stage for severe weather development over western and south central North Dakota. A long lived supercell thunderstorm developed over far southwest North Dakota near a modest frontal boundary, and quickly became severe over Billings County. The storm then continued to track to the east-southeast producing very large damaging hail as it moved through Stark, Hettinger, and Grant Counties. The largest hail reported was three inches in diameter which fell south of Dickinson in Stark County. In addition, a tornado developed approximately 9 miles southwest of Dickinson in Stark County, and traveled to the south approximately 1.4 miles. Two houses along the path of the tornado had roofs partially blown off and some siding ripped off. Tree damage also occurred, with one tree having an eight inch diameter branch snap off. Fences were broken down and two power poles were broken. Based on the damage done this tornado was rated EF-1, and from that wind speeds were estimated to be around 100 mph. Additional thunderstorms developed and moved through central and western North Dakota through the evening. One of these storms became severe over south central North Dakota producing one-inch diameter hail in Logan County.",
ND-EO-2025-05,2025-05,Armstrong,Declares Statewide Disaster for Tornado Damage (Enderlin severe storms),2025-06-21,https://ndresponse.gov/news/armstrong-declares-disaster-tornado-damage-extends-sympathy-victims-families,1263462,202939,2025-06-19 20:07:00,2025-06-19 20:09:00,C,county/county-equivalent,37,GRANT,Hail,1.25,,0,0,0.00K,0.00K,Public,"An environment with elevated instability and very strong deep layer shear set the stage for severe weather development over western and south central North Dakota. A long lived supercell thunderstorm developed over far southwest North Dakota near a modest frontal boundary, and quickly became severe over Billings County. The storm then continued to track to the east-southeast producing very large damaging hail as it moved through Stark, Hettinger, and Grant Counties. The largest hail reported was three inches in diameter which fell south of Dickinson in Stark County. In addition, a tornado developed approximately 9 miles southwest of Dickinson in Stark County, and traveled to the south approximately 1.4 miles. Two houses along the path of the tornado had roofs partially blown off and some siding ripped off. Tree damage also occurred, with one tree having an eight inch diameter branch snap off. Fences were broken down and two power poles were broken. Based on the damage done this tornado was rated EF-1, and from that wind speeds were estimated to be around 100 mph. Additional thunderstorms developed and moved through central and western North Dakota through the evening. One of these storms became severe over south central North Dakota producing one-inch diameter hail in Logan County.",
ND-EO-2025-05,2025-05,Armstrong,Declares Statewide Disaster for Tornado Damage (Enderlin severe storms),2025-06-21,https://ndresponse.gov/news/armstrong-declares-disaster-tornado-damage-extends-sympathy-victims-families,1271770,202944,2025-06-20 18:17:00,2025-06-20 18:20:00,C,county/county-equivalent,37,GRANT,Thunderstorm Wind,82.0,MG,0,0,0.00K,0.00K,Mesonet,"An outbreak of severe thunderstorms brought extreme winds, very large hail, and multiple tornadoes across much of southern North Dakota from the late afternoon into the nighttime hours. A low-pressure system in southeastern Montana and a warm front stretching eastward across southern North Dakota provided a focus for the severe thunderstorms. Several environmental parameters were in place for a significant outbreak, most notable was the amount of deep-layer wind shear. The lowest layer of the atmosphere (up to 1 mile above the surface) also contained strong wind shear, which was one of the key ingredients that resulted in the higher risk for strong tornadoes. This event has been classified as a derecho, a term that is reserved for the most intense, widespread, and long-lasting lines of severe thunderstorms. By definition, a derecho is a widespread severe windstorm characterized by a family of destructive downbursts containing multiple 75+ mph gusts associated with the system.|Thunderstorms initially developed in eastern Montana in the late afternoon and moved into southwest North Dakota. Severe wind gusts around 60 mph were reported in far southwest North Dakota from Dickinson to Bowman during the early evening. Thereafter, storms grew into a pronounced line as they moved east and began accelerating. Shortly thereafter, extremely strong wind gusts started occurring, including a measured 94 mph gust to the northwest of Elgin in Grant County, and estimated 95 mph wind gusts in Hettinger County where a farmstead was severely damaged. Meanwhile, a supercell thunderstorm developed just south of Jamestown, and produced three-inch diameter hail as it moved northward into the city. This storm then slowly moved to the east-northeast and produced a brief tornado between Jamestown and Spiritwood. Shortly thereafter, a larger tornado formed near Spiritwood and moved to the east-northeast into Barnes County where EF-3 damage occurred, before tracking back into Stutsman County while it was dissipating. Specific details on the damage with this event can be found in the National Weather Service-Grand Forks Storm Data entry. Another supercell thunderstorm then formed south of the initial storm, moving southeast through southern Stutsman and northern LaMoure Counties. This storm produced a tornado near Adrian and another north of Verona. During this time, the line of storms to the west continued to strengthen, producing a wide swath of 80 to 100 mph wind gusts as it moved through south central North Dakota and across the James River Valley during the mid-evening into the nighttime hours. The derecho caused extensive tree and structure damage along its path, with significant damage to grain storage equipment and power transmission poles. The highest measured wind gust associated with the derecho was 101 mph at a North Dakota Agricultural Weather Network (NDAWN) station 5 miles northwest of Linton. There were also several tornadoes produced by the intense line of storms, including two tornadoes rated as EF-1 (north of Interstate 94 between Crystal Springs and Medina near the Kidder/Stutsman County Line, and to the southwest of Grace City in Foster County), and one tornado rated as EF-2 (north of Sweet Briar Lake in Morton County).  The derecho resulted in one injury which occurred in a housing development to the south of Lincoln in Burleigh County as a male was outdoors and was struck by flying debris. Also, one indirect fatality occurred near Courtenay in Stutsman County where a 76-year-old male died in his sleep from his breathing device not operating properly due to the power outage caused by the storm.",
ND-EO-2025-05,2025-05,Armstrong,Declares Statewide Disaster for Tornado Damage (Enderlin severe storms),2025-06-21,https://ndresponse.gov/news/armstrong-declares-disaster-tornado-damage-extends-sympathy-victims-families,1271904,202944,2025-06-20 18:19:00,2025-06-20 18:21:00,C,county/county-equivalent,37,GRANT,Thunderstorm Wind,78.0,EG,0,0,50.00K,0.00K,Public,"An outbreak of severe thunderstorms brought extreme winds, very large hail, and multiple tornadoes across much of southern North Dakota from the late afternoon into the nighttime hours. A low-pressure system in southeastern Montana and a warm front stretching eastward across southern North Dakota provided a focus for the severe thunderstorms. Several environmental parameters were in place for a significant outbreak, most notable was the amount of deep-layer wind shear. The lowest layer of the atmosphere (up to 1 mile above the surface) also contained strong wind shear, which was one of the key ingredients that resulted in the higher risk for strong tornadoes. This event has been classified as a derecho, a term that is reserved for the most intense, widespread, and long-lasting lines of severe thunderstorms. By definition, a derecho is a widespread severe windstorm characterized by a family of destructive downbursts containing multiple 75+ mph gusts associated with the system.|Thunderstorms initially developed in eastern Montana in the late afternoon and moved into southwest North Dakota. Severe wind gusts around 60 mph were reported in far southwest North Dakota from Dickinson to Bowman during the early evening. Thereafter, storms grew into a pronounced line as they moved east and began accelerating. Shortly thereafter, extremely strong wind gusts started occurring, including a measured 94 mph gust to the northwest of Elgin in Grant County, and estimated 95 mph wind gusts in Hettinger County where a farmstead was severely damaged. Meanwhile, a supercell thunderstorm developed just south of Jamestown, and produced three-inch diameter hail as it moved northward into the city. This storm then slowly moved to the east-northeast and produced a brief tornado between Jamestown and Spiritwood. Shortly thereafter, a larger tornado formed near Spiritwood and moved to the east-northeast into Barnes County where EF-3 damage occurred, before tracking back into Stutsman County while it was dissipating. Specific details on the damage with this event can be found in the National Weather Service-Grand Forks Storm Data entry. Another supercell thunderstorm then formed south of the initial storm, moving southeast through southern Stutsman and northern LaMoure Counties. This storm produced a tornado near Adrian and another north of Verona. During this time, the line of storms to the west continued to strengthen, producing a wide swath of 80 to 100 mph wind gusts as it moved through south central North Dakota and across the James River Valley during the mid-evening into the nighttime hours. The derecho caused extensive tree and structure damage along its path, with significant damage to grain storage equipment and power transmission poles. The highest measured wind gust associated with the derecho was 101 mph at a North Dakota Agricultural Weather Network (NDAWN) station 5 miles northwest of Linton. There were also several tornadoes produced by the intense line of storms, including two tornadoes rated as EF-1 (north of Interstate 94 between Crystal Springs and Medina near the Kidder/Stutsman County Line, and to the southwest of Grace City in Foster County), and one tornado rated as EF-2 (north of Sweet Briar Lake in Morton County).  The derecho resulted in one injury which occurred in a housing development to the south of Lincoln in Burleigh County as a male was outdoors and was struck by flying debris. Also, one indirect fatality occurred near Courtenay in Stutsman County where a 76-year-old male died in his sleep from his breathing device not operating properly due to the power outage caused by the storm.",A large outbuilding had most of its roof panels blown off.
ND-EO-2025-05,2025-05,Armstrong,Declares Statewide Disaster for Tornado Damage (Enderlin severe storms),2025-06-21,https://ndresponse.gov/news/armstrong-declares-disaster-tornado-damage-extends-sympathy-victims-families,1271908,202944,2025-06-20 18:21:00,2025-06-20 18:23:00,C,county/county-equivalent,37,GRANT,Thunderstorm Wind,87.0,EG,0,0,20.00K,0.00K,Public,"An outbreak of severe thunderstorms brought extreme winds, very large hail, and multiple tornadoes across much of southern North Dakota from the late afternoon into the nighttime hours. A low-pressure system in southeastern Montana and a warm front stretching eastward across southern North Dakota provided a focus for the severe thunderstorms. Several environmental parameters were in place for a significant outbreak, most notable was the amount of deep-layer wind shear. The lowest layer of the atmosphere (up to 1 mile above the surface) also contained strong wind shear, which was one of the key ingredients that resulted in the higher risk for strong tornadoes. This event has been classified as a derecho, a term that is reserved for the most intense, widespread, and long-lasting lines of severe thunderstorms. By definition, a derecho is a widespread severe windstorm characterized by a family of destructive downbursts containing multiple 75+ mph gusts associated with the system.|Thunderstorms initially developed in eastern Montana in the late afternoon and moved into southwest North Dakota. Severe wind gusts around 60 mph were reported in far southwest North Dakota from Dickinson to Bowman during the early evening. Thereafter, storms grew into a pronounced line as they moved east and began accelerating. Shortly thereafter, extremely strong wind gusts started occurring, including a measured 94 mph gust to the northwest of Elgin in Grant County, and estimated 95 mph wind gusts in Hettinger County where a farmstead was severely damaged. Meanwhile, a supercell thunderstorm developed just south of Jamestown, and produced three-inch diameter hail as it moved northward into the city. This storm then slowly moved to the east-northeast and produced a brief tornado between Jamestown and Spiritwood. Shortly thereafter, a larger tornado formed near Spiritwood and moved to the east-northeast into Barnes County where EF-3 damage occurred, before tracking back into Stutsman County while it was dissipating. Specific details on the damage with this event can be found in the National Weather Service-Grand Forks Storm Data entry. Another supercell thunderstorm then formed south of the initial storm, moving southeast through southern Stutsman and northern LaMoure Counties. This storm produced a tornado near Adrian and another north of Verona. During this time, the line of storms to the west continued to strengthen, producing a wide swath of 80 to 100 mph wind gusts as it moved through south central North Dakota and across the James River Valley during the mid-evening into the nighttime hours. The derecho caused extensive tree and structure damage along its path, with significant damage to grain storage equipment and power transmission poles. The highest measured wind gust associated with the derecho was 101 mph at a North Dakota Agricultural Weather Network (NDAWN) station 5 miles northwest of Linton. There were also several tornadoes produced by the intense line of storms, including two tornadoes rated as EF-1 (north of Interstate 94 between Crystal Springs and Medina near the Kidder/Stutsman County Line, and to the southwest of Grace City in Foster County), and one tornado rated as EF-2 (north of Sweet Briar Lake in Morton County).  The derecho resulted in one injury which occurred in a housing development to the south of Lincoln in Burleigh County as a male was outdoors and was struck by flying debris. Also, one indirect fatality occurred near Courtenay in Stutsman County where a 76-year-old male died in his sleep from his breathing device not operating properly due to the power outage caused by the storm.",Several large pine trees were uprooted or broken down at the Heart Butte Boy Scout Camp.
ND-EO-2025-05,2025-05,Armstrong,Declares Statewide Disaster for Tornado Damage (Enderlin severe storms),2025-06-21,https://ndresponse.gov/news/armstrong-declares-disaster-tornado-damage-extends-sympathy-victims-families,1271771,202944,2025-06-20 18:25:00,2025-06-20 18:28:00,C,county/county-equivalent,37,GRANT,Thunderstorm Wind,62.0,MG,0,0,0.00K,0.00K,Mesonet,"An outbreak of severe thunderstorms brought extreme winds, very large hail, and multiple tornadoes across much of southern North Dakota from the late afternoon into the nighttime hours. A low-pressure system in southeastern Montana and a warm front stretching eastward across southern North Dakota provided a focus for the severe thunderstorms. Several environmental parameters were in place for a significant outbreak, most notable was the amount of deep-layer wind shear. The lowest layer of the atmosphere (up to 1 mile above the surface) also contained strong wind shear, which was one of the key ingredients that resulted in the higher risk for strong tornadoes. This event has been classified as a derecho, a term that is reserved for the most intense, widespread, and long-lasting lines of severe thunderstorms. By definition, a derecho is a widespread severe windstorm characterized by a family of destructive downbursts containing multiple 75+ mph gusts associated with the system.|Thunderstorms initially developed in eastern Montana in the late afternoon and moved into southwest North Dakota. Severe wind gusts around 60 mph were reported in far southwest North Dakota from Dickinson to Bowman during the early evening. Thereafter, storms grew into a pronounced line as they moved east and began accelerating. Shortly thereafter, extremely strong wind gusts started occurring, including a measured 94 mph gust to the northwest of Elgin in Grant County, and estimated 95 mph wind gusts in Hettinger County where a farmstead was severely damaged. Meanwhile, a supercell thunderstorm developed just south of Jamestown, and produced three-inch diameter hail as it moved northward into the city. This storm then slowly moved to the east-northeast and produced a brief tornado between Jamestown and Spiritwood. Shortly thereafter, a larger tornado formed near Spiritwood and moved to the east-northeast into Barnes County where EF-3 damage occurred, before tracking back into Stutsman County while it was dissipating. Specific details on the damage with this event can be found in the National Weather Service-Grand Forks Storm Data entry. Another supercell thunderstorm then formed south of the initial storm, moving southeast through southern Stutsman and northern LaMoure Counties. This storm produced a tornado near Adrian and another north of Verona. During this time, the line of storms to the west continued to strengthen, producing a wide swath of 80 to 100 mph wind gusts as it moved through south central North Dakota and across the James River Valley during the mid-evening into the nighttime hours. The derecho caused extensive tree and structure damage along its path, with significant damage to grain storage equipment and power transmission poles. The highest measured wind gust associated with the derecho was 101 mph at a North Dakota Agricultural Weather Network (NDAWN) station 5 miles northwest of Linton. There were also several tornadoes produced by the intense line of storms, including two tornadoes rated as EF-1 (north of Interstate 94 between Crystal Springs and Medina near the Kidder/Stutsman County Line, and to the southwest of Grace City in Foster County), and one tornado rated as EF-2 (north of Sweet Briar Lake in Morton County).  The derecho resulted in one injury which occurred in a housing development to the south of Lincoln in Burleigh County as a male was outdoors and was struck by flying debris. Also, one indirect fatality occurred near Courtenay in Stutsman County where a 76-year-old male died in his sleep from his breathing device not operating properly due to the power outage caused by the storm.",
ND-EO-2025-05,2025-05,Armstrong,Declares Statewide Disaster for Tornado Damage (Enderlin severe storms),2025-06-21,https://ndresponse.gov/news/armstrong-declares-disaster-tornado-damage-extends-sympathy-victims-families,1271916,202944,2025-06-20 18:25:00,2025-06-20 18:28:00,C,county/county-equivalent,37,GRANT,Thunderstorm Wind,78.0,EG,0,0,100.00K,0.00K,Public,"An outbreak of severe thunderstorms brought extreme winds, very large hail, and multiple tornadoes across much of southern North Dakota from the late afternoon into the nighttime hours. A low-pressure system in southeastern Montana and a warm front stretching eastward across southern North Dakota provided a focus for the severe thunderstorms. Several environmental parameters were in place for a significant outbreak, most notable was the amount of deep-layer wind shear. The lowest layer of the atmosphere (up to 1 mile above the surface) also contained strong wind shear, which was one of the key ingredients that resulted in the higher risk for strong tornadoes. This event has been classified as a derecho, a term that is reserved for the most intense, widespread, and long-lasting lines of severe thunderstorms. By definition, a derecho is a widespread severe windstorm characterized by a family of destructive downbursts containing multiple 75+ mph gusts associated with the system.|Thunderstorms initially developed in eastern Montana in the late afternoon and moved into southwest North Dakota. Severe wind gusts around 60 mph were reported in far southwest North Dakota from Dickinson to Bowman during the early evening. Thereafter, storms grew into a pronounced line as they moved east and began accelerating. Shortly thereafter, extremely strong wind gusts started occurring, including a measured 94 mph gust to the northwest of Elgin in Grant County, and estimated 95 mph wind gusts in Hettinger County where a farmstead was severely damaged. Meanwhile, a supercell thunderstorm developed just south of Jamestown, and produced three-inch diameter hail as it moved northward into the city. This storm then slowly moved to the east-northeast and produced a brief tornado between Jamestown and Spiritwood. Shortly thereafter, a larger tornado formed near Spiritwood and moved to the east-northeast into Barnes County where EF-3 damage occurred, before tracking back into Stutsman County while it was dissipating. Specific details on the damage with this event can be found in the National Weather Service-Grand Forks Storm Data entry. Another supercell thunderstorm then formed south of the initial storm, moving southeast through southern Stutsman and northern LaMoure Counties. This storm produced a tornado near Adrian and another north of Verona. During this time, the line of storms to the west continued to strengthen, producing a wide swath of 80 to 100 mph wind gusts as it moved through south central North Dakota and across the James River Valley during the mid-evening into the nighttime hours. The derecho caused extensive tree and structure damage along its path, with significant damage to grain storage equipment and power transmission poles. The highest measured wind gust associated with the derecho was 101 mph at a North Dakota Agricultural Weather Network (NDAWN) station 5 miles northwest of Linton. There were also several tornadoes produced by the intense line of storms, including two tornadoes rated as EF-1 (north of Interstate 94 between Crystal Springs and Medina near the Kidder/Stutsman County Line, and to the southwest of Grace City in Foster County), and one tornado rated as EF-2 (north of Sweet Briar Lake in Morton County).  The derecho resulted in one injury which occurred in a housing development to the south of Lincoln in Burleigh County as a male was outdoors and was struck by flying debris. Also, one indirect fatality occurred near Courtenay in Stutsman County where a 76-year-old male died in his sleep from his breathing device not operating properly due to the power outage caused by the storm.","On the north side of Lake Tschida a camper was tipped on its side, a pontoon was completely flipped, trees were down, and a wooden swing set was tipped over."
ND-EO-2025-05,2025-05,Armstrong,Declares Statewide Disaster for Tornado Damage (Enderlin severe storms),2025-06-21,https://ndresponse.gov/news/armstrong-declares-disaster-tornado-damage-extends-sympathy-victims-families,1271917,202944,2025-06-20 18:30:00,2025-06-20 18:33:00,C,county/county-equivalent,37,GRANT,Thunderstorm Wind,51.0,MG,0,0,0.00K,0.00K,Mesonet,"An outbreak of severe thunderstorms brought extreme winds, very large hail, and multiple tornadoes across much of southern North Dakota from the late afternoon into the nighttime hours. A low-pressure system in southeastern Montana and a warm front stretching eastward across southern North Dakota provided a focus for the severe thunderstorms. Several environmental parameters were in place for a significant outbreak, most notable was the amount of deep-layer wind shear. The lowest layer of the atmosphere (up to 1 mile above the surface) also contained strong wind shear, which was one of the key ingredients that resulted in the higher risk for strong tornadoes. This event has been classified as a derecho, a term that is reserved for the most intense, widespread, and long-lasting lines of severe thunderstorms. By definition, a derecho is a widespread severe windstorm characterized by a family of destructive downbursts containing multiple 75+ mph gusts associated with the system.|Thunderstorms initially developed in eastern Montana in the late afternoon and moved into southwest North Dakota. Severe wind gusts around 60 mph were reported in far southwest North Dakota from Dickinson to Bowman during the early evening. Thereafter, storms grew into a pronounced line as they moved east and began accelerating. Shortly thereafter, extremely strong wind gusts started occurring, including a measured 94 mph gust to the northwest of Elgin in Grant County, and estimated 95 mph wind gusts in Hettinger County where a farmstead was severely damaged. Meanwhile, a supercell thunderstorm developed just south of Jamestown, and produced three-inch diameter hail as it moved northward into the city. This storm then slowly moved to the east-northeast and produced a brief tornado between Jamestown and Spiritwood. Shortly thereafter, a larger tornado formed near Spiritwood and moved to the east-northeast into Barnes County where EF-3 damage occurred, before tracking back into Stutsman County while it was dissipating. Specific details on the damage with this event can be found in the National Weather Service-Grand Forks Storm Data entry. Another supercell thunderstorm then formed south of the initial storm, moving southeast through southern Stutsman and northern LaMoure Counties. This storm produced a tornado near Adrian and another north of Verona. During this time, the line of storms to the west continued to strengthen, producing a wide swath of 80 to 100 mph wind gusts as it moved through south central North Dakota and across the James River Valley during the mid-evening into the nighttime hours. The derecho caused extensive tree and structure damage along its path, with significant damage to grain storage equipment and power transmission poles. The highest measured wind gust associated with the derecho was 101 mph at a North Dakota Agricultural Weather Network (NDAWN) station 5 miles northwest of Linton. There were also several tornadoes produced by the intense line of storms, including two tornadoes rated as EF-1 (north of Interstate 94 between Crystal Springs and Medina near the Kidder/Stutsman County Line, and to the southwest of Grace City in Foster County), and one tornado rated as EF-2 (north of Sweet Briar Lake in Morton County).  The derecho resulted in one injury which occurred in a housing development to the south of Lincoln in Burleigh County as a male was outdoors and was struck by flying debris. Also, one indirect fatality occurred near Courtenay in Stutsman County where a 76-year-old male died in his sleep from his breathing device not operating properly due to the power outage caused by the storm.",
ND-EO-2025-05,2025-05,Armstrong,Declares Statewide Disaster for Tornado Damage (Enderlin severe storms),2025-06-21,https://ndresponse.gov/news/armstrong-declares-disaster-tornado-damage-extends-sympathy-victims-families,1271772,202944,2025-06-20 18:40:00,2025-06-20 18:43:00,C,county/county-equivalent,37,GRANT,Thunderstorm Wind,76.0,MG,0,0,0.00K,0.00K,Mesonet,"An outbreak of severe thunderstorms brought extreme winds, very large hail, and multiple tornadoes across much of southern North Dakota from the late afternoon into the nighttime hours. A low-pressure system in southeastern Montana and a warm front stretching eastward across southern North Dakota provided a focus for the severe thunderstorms. Several environmental parameters were in place for a significant outbreak, most notable was the amount of deep-layer wind shear. The lowest layer of the atmosphere (up to 1 mile above the surface) also contained strong wind shear, which was one of the key ingredients that resulted in the higher risk for strong tornadoes. This event has been classified as a derecho, a term that is reserved for the most intense, widespread, and long-lasting lines of severe thunderstorms. By definition, a derecho is a widespread severe windstorm characterized by a family of destructive downbursts containing multiple 75+ mph gusts associated with the system.|Thunderstorms initially developed in eastern Montana in the late afternoon and moved into southwest North Dakota. Severe wind gusts around 60 mph were reported in far southwest North Dakota from Dickinson to Bowman during the early evening. Thereafter, storms grew into a pronounced line as they moved east and began accelerating. Shortly thereafter, extremely strong wind gusts started occurring, including a measured 94 mph gust to the northwest of Elgin in Grant County, and estimated 95 mph wind gusts in Hettinger County where a farmstead was severely damaged. Meanwhile, a supercell thunderstorm developed just south of Jamestown, and produced three-inch diameter hail as it moved northward into the city. This storm then slowly moved to the east-northeast and produced a brief tornado between Jamestown and Spiritwood. Shortly thereafter, a larger tornado formed near Spiritwood and moved to the east-northeast into Barnes County where EF-3 damage occurred, before tracking back into Stutsman County while it was dissipating. Specific details on the damage with this event can be found in the National Weather Service-Grand Forks Storm Data entry. Another supercell thunderstorm then formed south of the initial storm, moving southeast through southern Stutsman and northern LaMoure Counties. This storm produced a tornado near Adrian and another north of Verona. During this time, the line of storms to the west continued to strengthen, producing a wide swath of 80 to 100 mph wind gusts as it moved through south central North Dakota and across the James River Valley during the mid-evening into the nighttime hours. The derecho caused extensive tree and structure damage along its path, with significant damage to grain storage equipment and power transmission poles. The highest measured wind gust associated with the derecho was 101 mph at a North Dakota Agricultural Weather Network (NDAWN) station 5 miles northwest of Linton. There were also several tornadoes produced by the intense line of storms, including two tornadoes rated as EF-1 (north of Interstate 94 between Crystal Springs and Medina near the Kidder/Stutsman County Line, and to the southwest of Grace City in Foster County), and one tornado rated as EF-2 (north of Sweet Briar Lake in Morton County).  The derecho resulted in one injury which occurred in a housing development to the south of Lincoln in Burleigh County as a male was outdoors and was struck by flying debris. Also, one indirect fatality occurred near Courtenay in Stutsman County where a 76-year-old male died in his sleep from his breathing device not operating properly due to the power outage caused by the storm.",
ND-EO-2025-05,2025-05,Armstrong,Declares Statewide Disaster for Tornado Damage (Enderlin severe storms),2025-06-21,https://ndresponse.gov/news/armstrong-declares-disaster-tornado-damage-extends-sympathy-victims-families,1278239,203614,2025-06-20 23:05:00,2025-06-20 23:05:00,C,county/county-equivalent,39,GRIGGS,Thunderstorm Wind,62.0,MG,0,0,,,Public,"During the evening of Friday, June 20th into the early morning hours of June 21st, much of the region was affected by severe weather. Supercell thunderstorms developed across southeast North Dakota ahead of an approaching convective complex, producing multiple strong, destructive, and fatal tornadoes. This was followed by a powerful line of severe thunderstorms categorized as a derecho, which tracked across much of the region resulting in widespread straight line wind damage. After the derecho passed through the region, there was a period of prolonged destructive winds that affected portions of central and east central North Dakota, as well as adjacent portions of Minnesota. This was a unique event due to the combination of the violent tornadoes ahead of the derecho, and the long duration of significant winds that followed the derecho. Based on estimates provided by North Dakota Agriculture Commissioner Doug Goehring, the state lost anywhere from 50 to 80 million bushels of grain storage capacity from these storms.","Personal weather station via Weather Underground, I.D. Ramsey Farm - KNDBINFO8.  Measured gust to 71 mph. Duration of severe  gusts 40 minutes. Highest sustained wind 67 mph. Extreme wind gusts associated with MCV on backside of derecho."
ND-EO-2025-05,2025-05,Armstrong,Declares Statewide Disaster for Tornado Damage (Enderlin severe storms),2025-06-21,https://ndresponse.gov/news/armstrong-declares-disaster-tornado-damage-extends-sympathy-victims-families,1278245,203614,2025-06-20 23:25:00,2025-06-20 23:25:00,C,county/county-equivalent,39,GRIGGS,Thunderstorm Wind,63.0,MG,0,0,,,Mesonet,"During the evening of Friday, June 20th into the early morning hours of June 21st, much of the region was affected by severe weather. Supercell thunderstorms developed across southeast North Dakota ahead of an approaching convective complex, producing multiple strong, destructive, and fatal tornadoes. This was followed by a powerful line of severe thunderstorms categorized as a derecho, which tracked across much of the region resulting in widespread straight line wind damage. After the derecho passed through the region, there was a period of prolonged destructive winds that affected portions of central and east central North Dakota, as well as adjacent portions of Minnesota. This was a unique event due to the combination of the violent tornadoes ahead of the derecho, and the long duration of significant winds that followed the derecho. Based on estimates provided by North Dakota Agriculture Commissioner Doug Goehring, the state lost anywhere from 50 to 80 million bushels of grain storage capacity from these storms.",NDAWN station 2W of Cooperstown measured a 72 mph wind gust at the 10 meter sensor. Mesonet station 321766 Cooperstown ND NDAWN.
ND-EO-2025-05,2025-05,Armstrong,Declares Statewide Disaster for Tornado Damage (Enderlin severe storms),2025-06-21,https://ndresponse.gov/news/armstrong-declares-disaster-tornado-damage-extends-sympathy-victims-families,1278237,203614,2025-06-20 23:30:00,2025-06-20 23:30:00,C,county/county-equivalent,39,GRIGGS,Thunderstorm Wind,55.0,MG,0,0,,,Mesonet,"During the evening of Friday, June 20th into the early morning hours of June 21st, much of the region was affected by severe weather. Supercell thunderstorms developed across southeast North Dakota ahead of an approaching convective complex, producing multiple strong, destructive, and fatal tornadoes. This was followed by a powerful line of severe thunderstorms categorized as a derecho, which tracked across much of the region resulting in widespread straight line wind damage. After the derecho passed through the region, there was a period of prolonged destructive winds that affected portions of central and east central North Dakota, as well as adjacent portions of Minnesota. This was a unique event due to the combination of the violent tornadoes ahead of the derecho, and the long duration of significant winds that followed the derecho. Based on estimates provided by North Dakota Agriculture Commissioner Doug Goehring, the state lost anywhere from 50 to 80 million bushels of grain storage capacity from these storms.",NDAWN station 2W of Cooperstown reported a wind gust of 63 mph. Mesonet station 321766  Cooperstown ND NDAWN.
ND-EO-2025-05,2025-05,Armstrong,Declares Statewide Disaster for Tornado Damage (Enderlin severe storms),2025-06-21,https://ndresponse.gov/news/armstrong-declares-disaster-tornado-damage-extends-sympathy-victims-families,1278241,203614,2025-06-20 23:34:00,2025-06-20 23:34:00,C,county/county-equivalent,39,GRIGGS,Thunderstorm Wind,51.0,MG,0,0,,,Public,"During the evening of Friday, June 20th into the early morning hours of June 21st, much of the region was affected by severe weather. Supercell thunderstorms developed across southeast North Dakota ahead of an approaching convective complex, producing multiple strong, destructive, and fatal tornadoes. This was followed by a powerful line of severe thunderstorms categorized as a derecho, which tracked across much of the region resulting in widespread straight line wind damage. After the derecho passed through the region, there was a period of prolonged destructive winds that affected portions of central and east central North Dakota, as well as adjacent portions of Minnesota. This was a unique event due to the combination of the violent tornadoes ahead of the derecho, and the long duration of significant winds that followed the derecho. Based on estimates provided by North Dakota Agriculture Commissioner Doug Goehring, the state lost anywhere from 50 to 80 million bushels of grain storage capacity from these storms.","Personal weather station via Weather  Underground, I.D. Ronald Reagan Minuteman  Missile SHS - KNDCOOPE6. Measured gust to 59  mph. Duration of severe gusts 15 minutes. Extreme wind gusts associated with MCV on backside of derecho."
ND-EO-2025-05,2025-05,Armstrong,Declares Statewide Disaster for Tornado Damage (Enderlin severe storms),2025-06-21,https://ndresponse.gov/news/armstrong-declares-disaster-tornado-damage-extends-sympathy-victims-families,1272733,204228,2025-06-22 07:40:00,2025-06-22 07:45:00,C,county/county-equivalent,39,GRIGGS,Hail,1.0,,0,0,,,Public,Severe thunderstorms produced damaging winds and hail up to the size of quarters during the morning hours.,Report of quarter size hail.
ND-EO-2025-05,2025-05,Armstrong,Declares Statewide Disaster for Tornado Damage (Enderlin severe storms),2025-06-21,https://ndresponse.gov/news/armstrong-declares-disaster-tornado-damage-extends-sympathy-victims-families,1263459,202939,2025-06-19 18:30:00,2025-06-19 18:33:00,C,county/county-equivalent,41,HETTINGER,Hail,2.0,,0,0,0.00K,0.00K,Public,"An environment with elevated instability and very strong deep layer shear set the stage for severe weather development over western and south central North Dakota. A long lived supercell thunderstorm developed over far southwest North Dakota near a modest frontal boundary, and quickly became severe over Billings County. The storm then continued to track to the east-southeast producing very large damaging hail as it moved through Stark, Hettinger, and Grant Counties. The largest hail reported was three inches in diameter which fell south of Dickinson in Stark County. In addition, a tornado developed approximately 9 miles southwest of Dickinson in Stark County, and traveled to the south approximately 1.4 miles. Two houses along the path of the tornado had roofs partially blown off and some siding ripped off. Tree damage also occurred, with one tree having an eight inch diameter branch snap off. Fences were broken down and two power poles were broken. Based on the damage done this tornado was rated EF-1, and from that wind speeds were estimated to be around 100 mph. Additional thunderstorms developed and moved through central and western North Dakota through the evening. One of these storms became severe over south central North Dakota producing one-inch diameter hail in Logan County.",
ND-EO-2025-05,2025-05,Armstrong,Declares Statewide Disaster for Tornado Damage (Enderlin severe storms),2025-06-21,https://ndresponse.gov/news/armstrong-declares-disaster-tornado-damage-extends-sympathy-victims-families,1271766,202944,2025-06-20 17:55:00,2025-06-20 17:58:00,C,county/county-equivalent,41,HETTINGER,Thunderstorm Wind,55.0,MG,0,0,0.00K,0.00K,Public,"An outbreak of severe thunderstorms brought extreme winds, very large hail, and multiple tornadoes across much of southern North Dakota from the late afternoon into the nighttime hours. A low-pressure system in southeastern Montana and a warm front stretching eastward across southern North Dakota provided a focus for the severe thunderstorms. Several environmental parameters were in place for a significant outbreak, most notable was the amount of deep-layer wind shear. The lowest layer of the atmosphere (up to 1 mile above the surface) also contained strong wind shear, which was one of the key ingredients that resulted in the higher risk for strong tornadoes. This event has been classified as a derecho, a term that is reserved for the most intense, widespread, and long-lasting lines of severe thunderstorms. By definition, a derecho is a widespread severe windstorm characterized by a family of destructive downbursts containing multiple 75+ mph gusts associated with the system.|Thunderstorms initially developed in eastern Montana in the late afternoon and moved into southwest North Dakota. Severe wind gusts around 60 mph were reported in far southwest North Dakota from Dickinson to Bowman during the early evening. Thereafter, storms grew into a pronounced line as they moved east and began accelerating. Shortly thereafter, extremely strong wind gusts started occurring, including a measured 94 mph gust to the northwest of Elgin in Grant County, and estimated 95 mph wind gusts in Hettinger County where a farmstead was severely damaged. Meanwhile, a supercell thunderstorm developed just south of Jamestown, and produced three-inch diameter hail as it moved northward into the city. This storm then slowly moved to the east-northeast and produced a brief tornado between Jamestown and Spiritwood. Shortly thereafter, a larger tornado formed near Spiritwood and moved to the east-northeast into Barnes County where EF-3 damage occurred, before tracking back into Stutsman County while it was dissipating. Specific details on the damage with this event can be found in the National Weather Service-Grand Forks Storm Data entry. Another supercell thunderstorm then formed south of the initial storm, moving southeast through southern Stutsman and northern LaMoure Counties. This storm produced a tornado near Adrian and another north of Verona. During this time, the line of storms to the west continued to strengthen, producing a wide swath of 80 to 100 mph wind gusts as it moved through south central North Dakota and across the James River Valley during the mid-evening into the nighttime hours. The derecho caused extensive tree and structure damage along its path, with significant damage to grain storage equipment and power transmission poles. The highest measured wind gust associated with the derecho was 101 mph at a North Dakota Agricultural Weather Network (NDAWN) station 5 miles northwest of Linton. There were also several tornadoes produced by the intense line of storms, including two tornadoes rated as EF-1 (north of Interstate 94 between Crystal Springs and Medina near the Kidder/Stutsman County Line, and to the southwest of Grace City in Foster County), and one tornado rated as EF-2 (north of Sweet Briar Lake in Morton County).  The derecho resulted in one injury which occurred in a housing development to the south of Lincoln in Burleigh County as a male was outdoors and was struck by flying debris. Also, one indirect fatality occurred near Courtenay in Stutsman County where a 76-year-old male died in his sleep from his breathing device not operating properly due to the power outage caused by the storm.",
ND-EO-2025-05,2025-05,Armstrong,Declares Statewide Disaster for Tornado Damage (Enderlin severe storms),2025-06-21,https://ndresponse.gov/news/armstrong-declares-disaster-tornado-damage-extends-sympathy-victims-families,1271769,202944,2025-06-20 18:05:00,2025-06-20 18:08:00,C,county/county-equivalent,41,HETTINGER,Thunderstorm Wind,53.0,MG,0,0,0.00K,0.00K,Mesonet,"An outbreak of severe thunderstorms brought extreme winds, very large hail, and multiple tornadoes across much of southern North Dakota from the late afternoon into the nighttime hours. A low-pressure system in southeastern Montana and a warm front stretching eastward across southern North Dakota provided a focus for the severe thunderstorms. Several environmental parameters were in place for a significant outbreak, most notable was the amount of deep-layer wind shear. The lowest layer of the atmosphere (up to 1 mile above the surface) also contained strong wind shear, which was one of the key ingredients that resulted in the higher risk for strong tornadoes. This event has been classified as a derecho, a term that is reserved for the most intense, widespread, and long-lasting lines of severe thunderstorms. By definition, a derecho is a widespread severe windstorm characterized by a family of destructive downbursts containing multiple 75+ mph gusts associated with the system.|Thunderstorms initially developed in eastern Montana in the late afternoon and moved into southwest North Dakota. Severe wind gusts around 60 mph were reported in far southwest North Dakota from Dickinson to Bowman during the early evening. Thereafter, storms grew into a pronounced line as they moved east and began accelerating. Shortly thereafter, extremely strong wind gusts started occurring, including a measured 94 mph gust to the northwest of Elgin in Grant County, and estimated 95 mph wind gusts in Hettinger County where a farmstead was severely damaged. Meanwhile, a supercell thunderstorm developed just south of Jamestown, and produced three-inch diameter hail as it moved northward into the city. This storm then slowly moved to the east-northeast and produced a brief tornado between Jamestown and Spiritwood. Shortly thereafter, a larger tornado formed near Spiritwood and moved to the east-northeast into Barnes County where EF-3 damage occurred, before tracking back into Stutsman County while it was dissipating. Specific details on the damage with this event can be found in the National Weather Service-Grand Forks Storm Data entry. Another supercell thunderstorm then formed south of the initial storm, moving southeast through southern Stutsman and northern LaMoure Counties. This storm produced a tornado near Adrian and another north of Verona. During this time, the line of storms to the west continued to strengthen, producing a wide swath of 80 to 100 mph wind gusts as it moved through south central North Dakota and across the James River Valley during the mid-evening into the nighttime hours. The derecho caused extensive tree and structure damage along its path, with significant damage to grain storage equipment and power transmission poles. The highest measured wind gust associated with the derecho was 101 mph at a North Dakota Agricultural Weather Network (NDAWN) station 5 miles northwest of Linton. There were also several tornadoes produced by the intense line of storms, including two tornadoes rated as EF-1 (north of Interstate 94 between Crystal Springs and Medina near the Kidder/Stutsman County Line, and to the southwest of Grace City in Foster County), and one tornado rated as EF-2 (north of Sweet Briar Lake in Morton County).  The derecho resulted in one injury which occurred in a housing development to the south of Lincoln in Burleigh County as a male was outdoors and was struck by flying debris. Also, one indirect fatality occurred near Courtenay in Stutsman County where a 76-year-old male died in his sleep from his breathing device not operating properly due to the power outage caused by the storm.",
ND-EO-2025-05,2025-05,Armstrong,Declares Statewide Disaster for Tornado Damage (Enderlin severe storms),2025-06-21,https://ndresponse.gov/news/armstrong-declares-disaster-tornado-damage-extends-sympathy-victims-families,1271896,202944,2025-06-20 18:05:00,2025-06-20 18:08:00,C,county/county-equivalent,41,HETTINGER,Thunderstorm Wind,83.0,EG,0,0,150.00K,0.00K,Public,"An outbreak of severe thunderstorms brought extreme winds, very large hail, and multiple tornadoes across much of southern North Dakota from the late afternoon into the nighttime hours. A low-pressure system in southeastern Montana and a warm front stretching eastward across southern North Dakota provided a focus for the severe thunderstorms. Several environmental parameters were in place for a significant outbreak, most notable was the amount of deep-layer wind shear. The lowest layer of the atmosphere (up to 1 mile above the surface) also contained strong wind shear, which was one of the key ingredients that resulted in the higher risk for strong tornadoes. This event has been classified as a derecho, a term that is reserved for the most intense, widespread, and long-lasting lines of severe thunderstorms. By definition, a derecho is a widespread severe windstorm characterized by a family of destructive downbursts containing multiple 75+ mph gusts associated with the system.|Thunderstorms initially developed in eastern Montana in the late afternoon and moved into southwest North Dakota. Severe wind gusts around 60 mph were reported in far southwest North Dakota from Dickinson to Bowman during the early evening. Thereafter, storms grew into a pronounced line as they moved east and began accelerating. Shortly thereafter, extremely strong wind gusts started occurring, including a measured 94 mph gust to the northwest of Elgin in Grant County, and estimated 95 mph wind gusts in Hettinger County where a farmstead was severely damaged. Meanwhile, a supercell thunderstorm developed just south of Jamestown, and produced three-inch diameter hail as it moved northward into the city. This storm then slowly moved to the east-northeast and produced a brief tornado between Jamestown and Spiritwood. Shortly thereafter, a larger tornado formed near Spiritwood and moved to the east-northeast into Barnes County where EF-3 damage occurred, before tracking back into Stutsman County while it was dissipating. Specific details on the damage with this event can be found in the National Weather Service-Grand Forks Storm Data entry. Another supercell thunderstorm then formed south of the initial storm, moving southeast through southern Stutsman and northern LaMoure Counties. This storm produced a tornado near Adrian and another north of Verona. During this time, the line of storms to the west continued to strengthen, producing a wide swath of 80 to 100 mph wind gusts as it moved through south central North Dakota and across the James River Valley during the mid-evening into the nighttime hours. The derecho caused extensive tree and structure damage along its path, with significant damage to grain storage equipment and power transmission poles. The highest measured wind gust associated with the derecho was 101 mph at a North Dakota Agricultural Weather Network (NDAWN) station 5 miles northwest of Linton. There were also several tornadoes produced by the intense line of storms, including two tornadoes rated as EF-1 (north of Interstate 94 between Crystal Springs and Medina near the Kidder/Stutsman County Line, and to the southwest of Grace City in Foster County), and one tornado rated as EF-2 (north of Sweet Briar Lake in Morton County).  The derecho resulted in one injury which occurred in a housing development to the south of Lincoln in Burleigh County as a male was outdoors and was struck by flying debris. Also, one indirect fatality occurred near Courtenay in Stutsman County where a 76-year-old male died in his sleep from his breathing device not operating properly due to the power outage caused by the storm.","A large farm building was severely damaged. Part of roof was completely ripped off and blown away. Metal roofing was peeled off on remaining portion of the building. All walls were still standing, although doors were missing."
ND-EO-2025-05,2025-05,Armstrong,Declares Statewide Disaster for Tornado Damage (Enderlin severe storms),2025-06-21,https://ndresponse.gov/news/armstrong-declares-disaster-tornado-damage-extends-sympathy-victims-families,1271902,202944,2025-06-20 18:11:00,2025-06-20 18:14:00,C,county/county-equivalent,41,HETTINGER,Thunderstorm Wind,80.0,MG,0,0,0.00K,0.00K,Mesonet,"An outbreak of severe thunderstorms brought extreme winds, very large hail, and multiple tornadoes across much of southern North Dakota from the late afternoon into the nighttime hours. A low-pressure system in southeastern Montana and a warm front stretching eastward across southern North Dakota provided a focus for the severe thunderstorms. Several environmental parameters were in place for a significant outbreak, most notable was the amount of deep-layer wind shear. The lowest layer of the atmosphere (up to 1 mile above the surface) also contained strong wind shear, which was one of the key ingredients that resulted in the higher risk for strong tornadoes. This event has been classified as a derecho, a term that is reserved for the most intense, widespread, and long-lasting lines of severe thunderstorms. By definition, a derecho is a widespread severe windstorm characterized by a family of destructive downbursts containing multiple 75+ mph gusts associated with the system.|Thunderstorms initially developed in eastern Montana in the late afternoon and moved into southwest North Dakota. Severe wind gusts around 60 mph were reported in far southwest North Dakota from Dickinson to Bowman during the early evening. Thereafter, storms grew into a pronounced line as they moved east and began accelerating. Shortly thereafter, extremely strong wind gusts started occurring, including a measured 94 mph gust to the northwest of Elgin in Grant County, and estimated 95 mph wind gusts in Hettinger County where a farmstead was severely damaged. Meanwhile, a supercell thunderstorm developed just south of Jamestown, and produced three-inch diameter hail as it moved northward into the city. This storm then slowly moved to the east-northeast and produced a brief tornado between Jamestown and Spiritwood. Shortly thereafter, a larger tornado formed near Spiritwood and moved to the east-northeast into Barnes County where EF-3 damage occurred, before tracking back into Stutsman County while it was dissipating. Specific details on the damage with this event can be found in the National Weather Service-Grand Forks Storm Data entry. Another supercell thunderstorm then formed south of the initial storm, moving southeast through southern Stutsman and northern LaMoure Counties. This storm produced a tornado near Adrian and another north of Verona. During this time, the line of storms to the west continued to strengthen, producing a wide swath of 80 to 100 mph wind gusts as it moved through south central North Dakota and across the James River Valley during the mid-evening into the nighttime hours. The derecho caused extensive tree and structure damage along its path, with significant damage to grain storage equipment and power transmission poles. The highest measured wind gust associated with the derecho was 101 mph at a North Dakota Agricultural Weather Network (NDAWN) station 5 miles northwest of Linton. There were also several tornadoes produced by the intense line of storms, including two tornadoes rated as EF-1 (north of Interstate 94 between Crystal Springs and Medina near the Kidder/Stutsman County Line, and to the southwest of Grace City in Foster County), and one tornado rated as EF-2 (north of Sweet Briar Lake in Morton County).  The derecho resulted in one injury which occurred in a housing development to the south of Lincoln in Burleigh County as a male was outdoors and was struck by flying debris. Also, one indirect fatality occurred near Courtenay in Stutsman County where a 76-year-old male died in his sleep from his breathing device not operating properly due to the power outage caused by the storm.",
ND-EO-2025-05,2025-05,Armstrong,Declares Statewide Disaster for Tornado Damage (Enderlin severe storms),2025-06-21,https://ndresponse.gov/news/armstrong-declares-disaster-tornado-damage-extends-sympathy-victims-families,1275146,202944,2025-06-20 21:00:00,2025-06-20 21:03:00,C,county/county-equivalent,43,KIDDER,Thunderstorm Wind,62.0,MG,0,0,0.00K,0.00K,Mesonet,"An outbreak of severe thunderstorms brought extreme winds, very large hail, and multiple tornadoes across much of southern North Dakota from the late afternoon into the nighttime hours. A low-pressure system in southeastern Montana and a warm front stretching eastward across southern North Dakota provided a focus for the severe thunderstorms. Several environmental parameters were in place for a significant outbreak, most notable was the amount of deep-layer wind shear. The lowest layer of the atmosphere (up to 1 mile above the surface) also contained strong wind shear, which was one of the key ingredients that resulted in the higher risk for strong tornadoes. This event has been classified as a derecho, a term that is reserved for the most intense, widespread, and long-lasting lines of severe thunderstorms. By definition, a derecho is a widespread severe windstorm characterized by a family of destructive downbursts containing multiple 75+ mph gusts associated with the system.|Thunderstorms initially developed in eastern Montana in the late afternoon and moved into southwest North Dakota. Severe wind gusts around 60 mph were reported in far southwest North Dakota from Dickinson to Bowman during the early evening. Thereafter, storms grew into a pronounced line as they moved east and began accelerating. Shortly thereafter, extremely strong wind gusts started occurring, including a measured 94 mph gust to the northwest of Elgin in Grant County, and estimated 95 mph wind gusts in Hettinger County where a farmstead was severely damaged. Meanwhile, a supercell thunderstorm developed just south of Jamestown, and produced three-inch diameter hail as it moved northward into the city. This storm then slowly moved to the east-northeast and produced a brief tornado between Jamestown and Spiritwood. Shortly thereafter, a larger tornado formed near Spiritwood and moved to the east-northeast into Barnes County where EF-3 damage occurred, before tracking back into Stutsman County while it was dissipating. Specific details on the damage with this event can be found in the National Weather Service-Grand Forks Storm Data entry. Another supercell thunderstorm then formed south of the initial storm, moving southeast through southern Stutsman and northern LaMoure Counties. This storm produced a tornado near Adrian and another north of Verona. During this time, the line of storms to the west continued to strengthen, producing a wide swath of 80 to 100 mph wind gusts as it moved through south central North Dakota and across the James River Valley during the mid-evening into the nighttime hours. The derecho caused extensive tree and structure damage along its path, with significant damage to grain storage equipment and power transmission poles. The highest measured wind gust associated with the derecho was 101 mph at a North Dakota Agricultural Weather Network (NDAWN) station 5 miles northwest of Linton. There were also several tornadoes produced by the intense line of storms, including two tornadoes rated as EF-1 (north of Interstate 94 between Crystal Springs and Medina near the Kidder/Stutsman County Line, and to the southwest of Grace City in Foster County), and one tornado rated as EF-2 (north of Sweet Briar Lake in Morton County).  The derecho resulted in one injury which occurred in a housing development to the south of Lincoln in Burleigh County as a male was outdoors and was struck by flying debris. Also, one indirect fatality occurred near Courtenay in Stutsman County where a 76-year-old male died in his sleep from his breathing device not operating properly due to the power outage caused by the storm.",
ND-EO-2025-05,2025-05,Armstrong,Declares Statewide Disaster for Tornado Damage (Enderlin severe storms),2025-06-21,https://ndresponse.gov/news/armstrong-declares-disaster-tornado-damage-extends-sympathy-victims-families,1275147,202944,2025-06-20 21:00:00,2025-06-20 21:03:00,C,county/county-equivalent,43,KIDDER,Thunderstorm Wind,78.0,EG,0,0,15.00K,0.00K,Public,"An outbreak of severe thunderstorms brought extreme winds, very large hail, and multiple tornadoes across much of southern North Dakota from the late afternoon into the nighttime hours. A low-pressure system in southeastern Montana and a warm front stretching eastward across southern North Dakota provided a focus for the severe thunderstorms. Several environmental parameters were in place for a significant outbreak, most notable was the amount of deep-layer wind shear. The lowest layer of the atmosphere (up to 1 mile above the surface) also contained strong wind shear, which was one of the key ingredients that resulted in the higher risk for strong tornadoes. This event has been classified as a derecho, a term that is reserved for the most intense, widespread, and long-lasting lines of severe thunderstorms. By definition, a derecho is a widespread severe windstorm characterized by a family of destructive downbursts containing multiple 75+ mph gusts associated with the system.|Thunderstorms initially developed in eastern Montana in the late afternoon and moved into southwest North Dakota. Severe wind gusts around 60 mph were reported in far southwest North Dakota from Dickinson to Bowman during the early evening. Thereafter, storms grew into a pronounced line as they moved east and began accelerating. Shortly thereafter, extremely strong wind gusts started occurring, including a measured 94 mph gust to the northwest of Elgin in Grant County, and estimated 95 mph wind gusts in Hettinger County where a farmstead was severely damaged. Meanwhile, a supercell thunderstorm developed just south of Jamestown, and produced three-inch diameter hail as it moved northward into the city. This storm then slowly moved to the east-northeast and produced a brief tornado between Jamestown and Spiritwood. Shortly thereafter, a larger tornado formed near Spiritwood and moved to the east-northeast into Barnes County where EF-3 damage occurred, before tracking back into Stutsman County while it was dissipating. Specific details on the damage with this event can be found in the National Weather Service-Grand Forks Storm Data entry. Another supercell thunderstorm then formed south of the initial storm, moving southeast through southern Stutsman and northern LaMoure Counties. This storm produced a tornado near Adrian and another north of Verona. During this time, the line of storms to the west continued to strengthen, producing a wide swath of 80 to 100 mph wind gusts as it moved through south central North Dakota and across the James River Valley during the mid-evening into the nighttime hours. The derecho caused extensive tree and structure damage along its path, with significant damage to grain storage equipment and power transmission poles. The highest measured wind gust associated with the derecho was 101 mph at a North Dakota Agricultural Weather Network (NDAWN) station 5 miles northwest of Linton. There were also several tornadoes produced by the intense line of storms, including two tornadoes rated as EF-1 (north of Interstate 94 between Crystal Springs and Medina near the Kidder/Stutsman County Line, and to the southwest of Grace City in Foster County), and one tornado rated as EF-2 (north of Sweet Briar Lake in Morton County).  The derecho resulted in one injury which occurred in a housing development to the south of Lincoln in Burleigh County as a male was outdoors and was struck by flying debris. Also, one indirect fatality occurred near Courtenay in Stutsman County where a 76-year-old male died in his sleep from his breathing device not operating properly due to the power outage caused by the storm.","A variety of large trees were broken down, including a very large tree split at the base."
ND-EO-2025-05,2025-05,Armstrong,Declares Statewide Disaster for Tornado Damage (Enderlin severe storms),2025-06-21,https://ndresponse.gov/news/armstrong-declares-disaster-tornado-damage-extends-sympathy-victims-families,1275152,202944,2025-06-20 21:03:00,2025-06-20 21:06:00,C,county/county-equivalent,43,KIDDER,Thunderstorm Wind,60.0,MG,0,0,0.00K,0.00K,Mesonet,"An outbreak of severe thunderstorms brought extreme winds, very large hail, and multiple tornadoes across much of southern North Dakota from the late afternoon into the nighttime hours. A low-pressure system in southeastern Montana and a warm front stretching eastward across southern North Dakota provided a focus for the severe thunderstorms. Several environmental parameters were in place for a significant outbreak, most notable was the amount of deep-layer wind shear. The lowest layer of the atmosphere (up to 1 mile above the surface) also contained strong wind shear, which was one of the key ingredients that resulted in the higher risk for strong tornadoes. This event has been classified as a derecho, a term that is reserved for the most intense, widespread, and long-lasting lines of severe thunderstorms. By definition, a derecho is a widespread severe windstorm characterized by a family of destructive downbursts containing multiple 75+ mph gusts associated with the system.|Thunderstorms initially developed in eastern Montana in the late afternoon and moved into southwest North Dakota. Severe wind gusts around 60 mph were reported in far southwest North Dakota from Dickinson to Bowman during the early evening. Thereafter, storms grew into a pronounced line as they moved east and began accelerating. Shortly thereafter, extremely strong wind gusts started occurring, including a measured 94 mph gust to the northwest of Elgin in Grant County, and estimated 95 mph wind gusts in Hettinger County where a farmstead was severely damaged. Meanwhile, a supercell thunderstorm developed just south of Jamestown, and produced three-inch diameter hail as it moved northward into the city. This storm then slowly moved to the east-northeast and produced a brief tornado between Jamestown and Spiritwood. Shortly thereafter, a larger tornado formed near Spiritwood and moved to the east-northeast into Barnes County where EF-3 damage occurred, before tracking back into Stutsman County while it was dissipating. Specific details on the damage with this event can be found in the National Weather Service-Grand Forks Storm Data entry. Another supercell thunderstorm then formed south of the initial storm, moving southeast through southern Stutsman and northern LaMoure Counties. This storm produced a tornado near Adrian and another north of Verona. During this time, the line of storms to the west continued to strengthen, producing a wide swath of 80 to 100 mph wind gusts as it moved through south central North Dakota and across the James River Valley during the mid-evening into the nighttime hours. The derecho caused extensive tree and structure damage along its path, with significant damage to grain storage equipment and power transmission poles. The highest measured wind gust associated with the derecho was 101 mph at a North Dakota Agricultural Weather Network (NDAWN) station 5 miles northwest of Linton. There were also several tornadoes produced by the intense line of storms, including two tornadoes rated as EF-1 (north of Interstate 94 between Crystal Springs and Medina near the Kidder/Stutsman County Line, and to the southwest of Grace City in Foster County), and one tornado rated as EF-2 (north of Sweet Briar Lake in Morton County).  The derecho resulted in one injury which occurred in a housing development to the south of Lincoln in Burleigh County as a male was outdoors and was struck by flying debris. Also, one indirect fatality occurred near Courtenay in Stutsman County where a 76-year-old male died in his sleep from his breathing device not operating properly due to the power outage caused by the storm.",
ND-EO-2025-05,2025-05,Armstrong,Declares Statewide Disaster for Tornado Damage (Enderlin severe storms),2025-06-21,https://ndresponse.gov/news/armstrong-declares-disaster-tornado-damage-extends-sympathy-victims-families,1275153,202944,2025-06-20 21:04:00,2025-06-20 21:08:00,C,county/county-equivalent,43,KIDDER,Thunderstorm Wind,60.0,MG,0,0,0.00K,0.00K,Mesonet,"An outbreak of severe thunderstorms brought extreme winds, very large hail, and multiple tornadoes across much of southern North Dakota from the late afternoon into the nighttime hours. A low-pressure system in southeastern Montana and a warm front stretching eastward across southern North Dakota provided a focus for the severe thunderstorms. Several environmental parameters were in place for a significant outbreak, most notable was the amount of deep-layer wind shear. The lowest layer of the atmosphere (up to 1 mile above the surface) also contained strong wind shear, which was one of the key ingredients that resulted in the higher risk for strong tornadoes. This event has been classified as a derecho, a term that is reserved for the most intense, widespread, and long-lasting lines of severe thunderstorms. By definition, a derecho is a widespread severe windstorm characterized by a family of destructive downbursts containing multiple 75+ mph gusts associated with the system.|Thunderstorms initially developed in eastern Montana in the late afternoon and moved into southwest North Dakota. Severe wind gusts around 60 mph were reported in far southwest North Dakota from Dickinson to Bowman during the early evening. Thereafter, storms grew into a pronounced line as they moved east and began accelerating. Shortly thereafter, extremely strong wind gusts started occurring, including a measured 94 mph gust to the northwest of Elgin in Grant County, and estimated 95 mph wind gusts in Hettinger County where a farmstead was severely damaged. Meanwhile, a supercell thunderstorm developed just south of Jamestown, and produced three-inch diameter hail as it moved northward into the city. This storm then slowly moved to the east-northeast and produced a brief tornado between Jamestown and Spiritwood. Shortly thereafter, a larger tornado formed near Spiritwood and moved to the east-northeast into Barnes County where EF-3 damage occurred, before tracking back into Stutsman County while it was dissipating. Specific details on the damage with this event can be found in the National Weather Service-Grand Forks Storm Data entry. Another supercell thunderstorm then formed south of the initial storm, moving southeast through southern Stutsman and northern LaMoure Counties. This storm produced a tornado near Adrian and another north of Verona. During this time, the line of storms to the west continued to strengthen, producing a wide swath of 80 to 100 mph wind gusts as it moved through south central North Dakota and across the James River Valley during the mid-evening into the nighttime hours. The derecho caused extensive tree and structure damage along its path, with significant damage to grain storage equipment and power transmission poles. The highest measured wind gust associated with the derecho was 101 mph at a North Dakota Agricultural Weather Network (NDAWN) station 5 miles northwest of Linton. There were also several tornadoes produced by the intense line of storms, including two tornadoes rated as EF-1 (north of Interstate 94 between Crystal Springs and Medina near the Kidder/Stutsman County Line, and to the southwest of Grace City in Foster County), and one tornado rated as EF-2 (north of Sweet Briar Lake in Morton County).  The derecho resulted in one injury which occurred in a housing development to the south of Lincoln in Burleigh County as a male was outdoors and was struck by flying debris. Also, one indirect fatality occurred near Courtenay in Stutsman County where a 76-year-old male died in his sleep from his breathing device not operating properly due to the power outage caused by the storm.",
ND-EO-2025-05,2025-05,Armstrong,Declares Statewide Disaster for Tornado Damage (Enderlin severe storms),2025-06-21,https://ndresponse.gov/news/armstrong-declares-disaster-tornado-damage-extends-sympathy-victims-families,1268977,202944,2025-06-20 21:07:00,2025-06-20 21:13:00,C,county/county-equivalent,43,KIDDER,Tornado,,,0,0,750.00K,0.00K,Public,"An outbreak of severe thunderstorms brought extreme winds, very large hail, and multiple tornadoes across much of southern North Dakota from the late afternoon into the nighttime hours. A low-pressure system in southeastern Montana and a warm front stretching eastward across southern North Dakota provided a focus for the severe thunderstorms. Several environmental parameters were in place for a significant outbreak, most notable was the amount of deep-layer wind shear. The lowest layer of the atmosphere (up to 1 mile above the surface) also contained strong wind shear, which was one of the key ingredients that resulted in the higher risk for strong tornadoes. This event has been classified as a derecho, a term that is reserved for the most intense, widespread, and long-lasting lines of severe thunderstorms. By definition, a derecho is a widespread severe windstorm characterized by a family of destructive downbursts containing multiple 75+ mph gusts associated with the system.|Thunderstorms initially developed in eastern Montana in the late afternoon and moved into southwest North Dakota. Severe wind gusts around 60 mph were reported in far southwest North Dakota from Dickinson to Bowman during the early evening. Thereafter, storms grew into a pronounced line as they moved east and began accelerating. Shortly thereafter, extremely strong wind gusts started occurring, including a measured 94 mph gust to the northwest of Elgin in Grant County, and estimated 95 mph wind gusts in Hettinger County where a farmstead was severely damaged. Meanwhile, a supercell thunderstorm developed just south of Jamestown, and produced three-inch diameter hail as it moved northward into the city. This storm then slowly moved to the east-northeast and produced a brief tornado between Jamestown and Spiritwood. Shortly thereafter, a larger tornado formed near Spiritwood and moved to the east-northeast into Barnes County where EF-3 damage occurred, before tracking back into Stutsman County while it was dissipating. Specific details on the damage with this event can be found in the National Weather Service-Grand Forks Storm Data entry. Another supercell thunderstorm then formed south of the initial storm, moving southeast through southern Stutsman and northern LaMoure Counties. This storm produced a tornado near Adrian and another north of Verona. During this time, the line of storms to the west continued to strengthen, producing a wide swath of 80 to 100 mph wind gusts as it moved through south central North Dakota and across the James River Valley during the mid-evening into the nighttime hours. The derecho caused extensive tree and structure damage along its path, with significant damage to grain storage equipment and power transmission poles. The highest measured wind gust associated with the derecho was 101 mph at a North Dakota Agricultural Weather Network (NDAWN) station 5 miles northwest of Linton. There were also several tornadoes produced by the intense line of storms, including two tornadoes rated as EF-1 (north of Interstate 94 between Crystal Springs and Medina near the Kidder/Stutsman County Line, and to the southwest of Grace City in Foster County), and one tornado rated as EF-2 (north of Sweet Briar Lake in Morton County).  The derecho resulted in one injury which occurred in a housing development to the south of Lincoln in Burleigh County as a male was outdoors and was struck by flying debris. Also, one indirect fatality occurred near Courtenay in Stutsman County where a 76-year-old male died in his sleep from his breathing device not operating properly due to the power outage caused by the storm.","This is the first event entry for one tornado that passed through two counties, Kidder and Stutsman. This Quasi-Linear Convective System (QLCS) tornado started northwest of Crystal Springs in Kidder County and moved to the east-southeast. The tornado then shifted towards the east-northeast near the Stutsman County line, and continued into Stutsman County before it lifted to the north-northwest of Medina. Near the point of touchdown, a machine shed was completely destroyed, with the roof laying in a pasture about 350 feet away. Approximately five miles to the south-southeast, two additional farmsteads in close proximity were struck. The first one had an older barn along with a pole barn completely destroyed. The second farmstead had an older barn collapse, and an empty 18 foot diameter grain bin lifted and moved approximately 400 feet. Along the grain bin's path it hit a building, two vehicles, and a camper before it came to rest in front of the collapsed barn. Shortly thereafter, the tornado turned north-northeast and then struck another farmstead approximately 3 miles away. At this farm, a quonset building was moved off its foundation, and boards from the inside were sucked out and laying a few feet away. Additional buildings were damaged, with debris from a children's play house blown a half mile away and a picnic table blown a quarter mile. Mature trees were snapped and fully de-leafed with numerous large branches broken off. The tornado then continued to the north-northeast and twisted multiple smaller metal high-voltage power towers. Further to the north-northeast before it lifted, the tornado struck another farmstead where a farm outbuilding was destroyed, the shingles, siding, and gutters were severely damaged on a house, and trees were snapped about half way up. Based on the damage done this tornado was rated EF-1, and from that wind speeds were estimated to be around 110 mph."
ND-EO-2025-05,2025-05,Armstrong,Declares Statewide Disaster for Tornado Damage (Enderlin severe storms),2025-06-21,https://ndresponse.gov/news/armstrong-declares-disaster-tornado-damage-extends-sympathy-victims-families,1275155,202944,2025-06-20 21:10:00,2025-06-20 21:13:00,C,county/county-equivalent,43,KIDDER,Thunderstorm Wind,76.0,MG,0,0,0.00K,0.00K,Public,"An outbreak of severe thunderstorms brought extreme winds, very large hail, and multiple tornadoes across much of southern North Dakota from the late afternoon into the nighttime hours. A low-pressure system in southeastern Montana and a warm front stretching eastward across southern North Dakota provided a focus for the severe thunderstorms. Several environmental parameters were in place for a significant outbreak, most notable was the amount of deep-layer wind shear. The lowest layer of the atmosphere (up to 1 mile above the surface) also contained strong wind shear, which was one of the key ingredients that resulted in the higher risk for strong tornadoes. This event has been classified as a derecho, a term that is reserved for the most intense, widespread, and long-lasting lines of severe thunderstorms. By definition, a derecho is a widespread severe windstorm characterized by a family of destructive downbursts containing multiple 75+ mph gusts associated with the system.|Thunderstorms initially developed in eastern Montana in the late afternoon and moved into southwest North Dakota. Severe wind gusts around 60 mph were reported in far southwest North Dakota from Dickinson to Bowman during the early evening. Thereafter, storms grew into a pronounced line as they moved east and began accelerating. Shortly thereafter, extremely strong wind gusts started occurring, including a measured 94 mph gust to the northwest of Elgin in Grant County, and estimated 95 mph wind gusts in Hettinger County where a farmstead was severely damaged. Meanwhile, a supercell thunderstorm developed just south of Jamestown, and produced three-inch diameter hail as it moved northward into the city. This storm then slowly moved to the east-northeast and produced a brief tornado between Jamestown and Spiritwood. Shortly thereafter, a larger tornado formed near Spiritwood and moved to the east-northeast into Barnes County where EF-3 damage occurred, before tracking back into Stutsman County while it was dissipating. Specific details on the damage with this event can be found in the National Weather Service-Grand Forks Storm Data entry. Another supercell thunderstorm then formed south of the initial storm, moving southeast through southern Stutsman and northern LaMoure Counties. This storm produced a tornado near Adrian and another north of Verona. During this time, the line of storms to the west continued to strengthen, producing a wide swath of 80 to 100 mph wind gusts as it moved through south central North Dakota and across the James River Valley during the mid-evening into the nighttime hours. The derecho caused extensive tree and structure damage along its path, with significant damage to grain storage equipment and power transmission poles. The highest measured wind gust associated with the derecho was 101 mph at a North Dakota Agricultural Weather Network (NDAWN) station 5 miles northwest of Linton. There were also several tornadoes produced by the intense line of storms, including two tornadoes rated as EF-1 (north of Interstate 94 between Crystal Springs and Medina near the Kidder/Stutsman County Line, and to the southwest of Grace City in Foster County), and one tornado rated as EF-2 (north of Sweet Briar Lake in Morton County).  The derecho resulted in one injury which occurred in a housing development to the south of Lincoln in Burleigh County as a male was outdoors and was struck by flying debris. Also, one indirect fatality occurred near Courtenay in Stutsman County where a 76-year-old male died in his sleep from his breathing device not operating properly due to the power outage caused by the storm.",
ND-EO-2025-05,2025-05,Armstrong,Declares Statewide Disaster for Tornado Damage (Enderlin severe storms),2025-06-21,https://ndresponse.gov/news/armstrong-declares-disaster-tornado-damage-extends-sympathy-victims-families,1275156,202944,2025-06-20 21:10:00,2025-06-20 21:13:00,C,county/county-equivalent,43,KIDDER,Thunderstorm Wind,51.0,MG,0,0,0.00K,0.00K,Mesonet,"An outbreak of severe thunderstorms brought extreme winds, very large hail, and multiple tornadoes across much of southern North Dakota from the late afternoon into the nighttime hours. A low-pressure system in southeastern Montana and a warm front stretching eastward across southern North Dakota provided a focus for the severe thunderstorms. Several environmental parameters were in place for a significant outbreak, most notable was the amount of deep-layer wind shear. The lowest layer of the atmosphere (up to 1 mile above the surface) also contained strong wind shear, which was one of the key ingredients that resulted in the higher risk for strong tornadoes. This event has been classified as a derecho, a term that is reserved for the most intense, widespread, and long-lasting lines of severe thunderstorms. By definition, a derecho is a widespread severe windstorm characterized by a family of destructive downbursts containing multiple 75+ mph gusts associated with the system.|Thunderstorms initially developed in eastern Montana in the late afternoon and moved into southwest North Dakota. Severe wind gusts around 60 mph were reported in far southwest North Dakota from Dickinson to Bowman during the early evening. Thereafter, storms grew into a pronounced line as they moved east and began accelerating. Shortly thereafter, extremely strong wind gusts started occurring, including a measured 94 mph gust to the northwest of Elgin in Grant County, and estimated 95 mph wind gusts in Hettinger County where a farmstead was severely damaged. Meanwhile, a supercell thunderstorm developed just south of Jamestown, and produced three-inch diameter hail as it moved northward into the city. This storm then slowly moved to the east-northeast and produced a brief tornado between Jamestown and Spiritwood. Shortly thereafter, a larger tornado formed near Spiritwood and moved to the east-northeast into Barnes County where EF-3 damage occurred, before tracking back into Stutsman County while it was dissipating. Specific details on the damage with this event can be found in the National Weather Service-Grand Forks Storm Data entry. Another supercell thunderstorm then formed south of the initial storm, moving southeast through southern Stutsman and northern LaMoure Counties. This storm produced a tornado near Adrian and another north of Verona. During this time, the line of storms to the west continued to strengthen, producing a wide swath of 80 to 100 mph wind gusts as it moved through south central North Dakota and across the James River Valley during the mid-evening into the nighttime hours. The derecho caused extensive tree and structure damage along its path, with significant damage to grain storage equipment and power transmission poles. The highest measured wind gust associated with the derecho was 101 mph at a North Dakota Agricultural Weather Network (NDAWN) station 5 miles northwest of Linton. There were also several tornadoes produced by the intense line of storms, including two tornadoes rated as EF-1 (north of Interstate 94 between Crystal Springs and Medina near the Kidder/Stutsman County Line, and to the southwest of Grace City in Foster County), and one tornado rated as EF-2 (north of Sweet Briar Lake in Morton County).  The derecho resulted in one injury which occurred in a housing development to the south of Lincoln in Burleigh County as a male was outdoors and was struck by flying debris. Also, one indirect fatality occurred near Courtenay in Stutsman County where a 76-year-old male died in his sleep from his breathing device not operating properly due to the power outage caused by the storm.",
ND-EO-2025-05,2025-05,Armstrong,Declares Statewide Disaster for Tornado Damage (Enderlin severe storms),2025-06-21,https://ndresponse.gov/news/armstrong-declares-disaster-tornado-damage-extends-sympathy-victims-families,1275169,202944,2025-06-20 21:58:00,2025-06-20 22:01:00,C,county/county-equivalent,43,KIDDER,Thunderstorm Wind,86.0,MG,0,0,0.00K,0.00K,Mesonet,"An outbreak of severe thunderstorms brought extreme winds, very large hail, and multiple tornadoes across much of southern North Dakota from the late afternoon into the nighttime hours. A low-pressure system in southeastern Montana and a warm front stretching eastward across southern North Dakota provided a focus for the severe thunderstorms. Several environmental parameters were in place for a significant outbreak, most notable was the amount of deep-layer wind shear. The lowest layer of the atmosphere (up to 1 mile above the surface) also contained strong wind shear, which was one of the key ingredients that resulted in the higher risk for strong tornadoes. This event has been classified as a derecho, a term that is reserved for the most intense, widespread, and long-lasting lines of severe thunderstorms. By definition, a derecho is a widespread severe windstorm characterized by a family of destructive downbursts containing multiple 75+ mph gusts associated with the system.|Thunderstorms initially developed in eastern Montana in the late afternoon and moved into southwest North Dakota. Severe wind gusts around 60 mph were reported in far southwest North Dakota from Dickinson to Bowman during the early evening. Thereafter, storms grew into a pronounced line as they moved east and began accelerating. Shortly thereafter, extremely strong wind gusts started occurring, including a measured 94 mph gust to the northwest of Elgin in Grant County, and estimated 95 mph wind gusts in Hettinger County where a farmstead was severely damaged. Meanwhile, a supercell thunderstorm developed just south of Jamestown, and produced three-inch diameter hail as it moved northward into the city. This storm then slowly moved to the east-northeast and produced a brief tornado between Jamestown and Spiritwood. Shortly thereafter, a larger tornado formed near Spiritwood and moved to the east-northeast into Barnes County where EF-3 damage occurred, before tracking back into Stutsman County while it was dissipating. Specific details on the damage with this event can be found in the National Weather Service-Grand Forks Storm Data entry. Another supercell thunderstorm then formed south of the initial storm, moving southeast through southern Stutsman and northern LaMoure Counties. This storm produced a tornado near Adrian and another north of Verona. During this time, the line of storms to the west continued to strengthen, producing a wide swath of 80 to 100 mph wind gusts as it moved through south central North Dakota and across the James River Valley during the mid-evening into the nighttime hours. The derecho caused extensive tree and structure damage along its path, with significant damage to grain storage equipment and power transmission poles. The highest measured wind gust associated with the derecho was 101 mph at a North Dakota Agricultural Weather Network (NDAWN) station 5 miles northwest of Linton. There were also several tornadoes produced by the intense line of storms, including two tornadoes rated as EF-1 (north of Interstate 94 between Crystal Springs and Medina near the Kidder/Stutsman County Line, and to the southwest of Grace City in Foster County), and one tornado rated as EF-2 (north of Sweet Briar Lake in Morton County).  The derecho resulted in one injury which occurred in a housing development to the south of Lincoln in Burleigh County as a male was outdoors and was struck by flying debris. Also, one indirect fatality occurred near Courtenay in Stutsman County where a 76-year-old male died in his sleep from his breathing device not operating properly due to the power outage caused by the storm.",
ND-EO-2025-05,2025-05,Armstrong,Declares Statewide Disaster for Tornado Damage (Enderlin severe storms),2025-06-21,https://ndresponse.gov/news/armstrong-declares-disaster-tornado-damage-extends-sympathy-victims-families,1275205,202944,2025-06-20 21:58:00,2025-06-20 22:01:00,C,county/county-equivalent,43,KIDDER,Thunderstorm Wind,85.0,MG,0,0,0.00K,0.00K,Mesonet,"An outbreak of severe thunderstorms brought extreme winds, very large hail, and multiple tornadoes across much of southern North Dakota from the late afternoon into the nighttime hours. A low-pressure system in southeastern Montana and a warm front stretching eastward across southern North Dakota provided a focus for the severe thunderstorms. Several environmental parameters were in place for a significant outbreak, most notable was the amount of deep-layer wind shear. The lowest layer of the atmosphere (up to 1 mile above the surface) also contained strong wind shear, which was one of the key ingredients that resulted in the higher risk for strong tornadoes. This event has been classified as a derecho, a term that is reserved for the most intense, widespread, and long-lasting lines of severe thunderstorms. By definition, a derecho is a widespread severe windstorm characterized by a family of destructive downbursts containing multiple 75+ mph gusts associated with the system.|Thunderstorms initially developed in eastern Montana in the late afternoon and moved into southwest North Dakota. Severe wind gusts around 60 mph were reported in far southwest North Dakota from Dickinson to Bowman during the early evening. Thereafter, storms grew into a pronounced line as they moved east and began accelerating. Shortly thereafter, extremely strong wind gusts started occurring, including a measured 94 mph gust to the northwest of Elgin in Grant County, and estimated 95 mph wind gusts in Hettinger County where a farmstead was severely damaged. Meanwhile, a supercell thunderstorm developed just south of Jamestown, and produced three-inch diameter hail as it moved northward into the city. This storm then slowly moved to the east-northeast and produced a brief tornado between Jamestown and Spiritwood. Shortly thereafter, a larger tornado formed near Spiritwood and moved to the east-northeast into Barnes County where EF-3 damage occurred, before tracking back into Stutsman County while it was dissipating. Specific details on the damage with this event can be found in the National Weather Service-Grand Forks Storm Data entry. Another supercell thunderstorm then formed south of the initial storm, moving southeast through southern Stutsman and northern LaMoure Counties. This storm produced a tornado near Adrian and another north of Verona. During this time, the line of storms to the west continued to strengthen, producing a wide swath of 80 to 100 mph wind gusts as it moved through south central North Dakota and across the James River Valley during the mid-evening into the nighttime hours. The derecho caused extensive tree and structure damage along its path, with significant damage to grain storage equipment and power transmission poles. The highest measured wind gust associated with the derecho was 101 mph at a North Dakota Agricultural Weather Network (NDAWN) station 5 miles northwest of Linton. There were also several tornadoes produced by the intense line of storms, including two tornadoes rated as EF-1 (north of Interstate 94 between Crystal Springs and Medina near the Kidder/Stutsman County Line, and to the southwest of Grace City in Foster County), and one tornado rated as EF-2 (north of Sweet Briar Lake in Morton County).  The derecho resulted in one injury which occurred in a housing development to the south of Lincoln in Burleigh County as a male was outdoors and was struck by flying debris. Also, one indirect fatality occurred near Courtenay in Stutsman County where a 76-year-old male died in his sleep from his breathing device not operating properly due to the power outage caused by the storm.",
ND-EO-2025-05,2025-05,Armstrong,Declares Statewide Disaster for Tornado Damage (Enderlin severe storms),2025-06-21,https://ndresponse.gov/news/armstrong-declares-disaster-tornado-damage-extends-sympathy-victims-families,1275191,202944,2025-06-20 22:00:00,2025-06-20 22:03:00,C,county/county-equivalent,43,KIDDER,Thunderstorm Wind,63.0,MG,0,0,0.00K,0.00K,Mesonet,"An outbreak of severe thunderstorms brought extreme winds, very large hail, and multiple tornadoes across much of southern North Dakota from the late afternoon into the nighttime hours. A low-pressure system in southeastern Montana and a warm front stretching eastward across southern North Dakota provided a focus for the severe thunderstorms. Several environmental parameters were in place for a significant outbreak, most notable was the amount of deep-layer wind shear. The lowest layer of the atmosphere (up to 1 mile above the surface) also contained strong wind shear, which was one of the key ingredients that resulted in the higher risk for strong tornadoes. This event has been classified as a derecho, a term that is reserved for the most intense, widespread, and long-lasting lines of severe thunderstorms. By definition, a derecho is a widespread severe windstorm characterized by a family of destructive downbursts containing multiple 75+ mph gusts associated with the system.|Thunderstorms initially developed in eastern Montana in the late afternoon and moved into southwest North Dakota. Severe wind gusts around 60 mph were reported in far southwest North Dakota from Dickinson to Bowman during the early evening. Thereafter, storms grew into a pronounced line as they moved east and began accelerating. Shortly thereafter, extremely strong wind gusts started occurring, including a measured 94 mph gust to the northwest of Elgin in Grant County, and estimated 95 mph wind gusts in Hettinger County where a farmstead was severely damaged. Meanwhile, a supercell thunderstorm developed just south of Jamestown, and produced three-inch diameter hail as it moved northward into the city. This storm then slowly moved to the east-northeast and produced a brief tornado between Jamestown and Spiritwood. Shortly thereafter, a larger tornado formed near Spiritwood and moved to the east-northeast into Barnes County where EF-3 damage occurred, before tracking back into Stutsman County while it was dissipating. Specific details on the damage with this event can be found in the National Weather Service-Grand Forks Storm Data entry. Another supercell thunderstorm then formed south of the initial storm, moving southeast through southern Stutsman and northern LaMoure Counties. This storm produced a tornado near Adrian and another north of Verona. During this time, the line of storms to the west continued to strengthen, producing a wide swath of 80 to 100 mph wind gusts as it moved through south central North Dakota and across the James River Valley during the mid-evening into the nighttime hours. The derecho caused extensive tree and structure damage along its path, with significant damage to grain storage equipment and power transmission poles. The highest measured wind gust associated with the derecho was 101 mph at a North Dakota Agricultural Weather Network (NDAWN) station 5 miles northwest of Linton. There were also several tornadoes produced by the intense line of storms, including two tornadoes rated as EF-1 (north of Interstate 94 between Crystal Springs and Medina near the Kidder/Stutsman County Line, and to the southwest of Grace City in Foster County), and one tornado rated as EF-2 (north of Sweet Briar Lake in Morton County).  The derecho resulted in one injury which occurred in a housing development to the south of Lincoln in Burleigh County as a male was outdoors and was struck by flying debris. Also, one indirect fatality occurred near Courtenay in Stutsman County where a 76-year-old male died in his sleep from his breathing device not operating properly due to the power outage caused by the storm.",
ND-EO-2025-05,2025-05,Armstrong,Declares Statewide Disaster for Tornado Damage (Enderlin severe storms),2025-06-21,https://ndresponse.gov/news/armstrong-declares-disaster-tornado-damage-extends-sympathy-victims-families,1275208,202944,2025-06-20 22:25:00,2025-06-20 22:28:00,C,county/county-equivalent,43,KIDDER,Thunderstorm Wind,55.0,MG,0,0,0.00K,0.00K,Mesonet,"An outbreak of severe thunderstorms brought extreme winds, very large hail, and multiple tornadoes across much of southern North Dakota from the late afternoon into the nighttime hours. A low-pressure system in southeastern Montana and a warm front stretching eastward across southern North Dakota provided a focus for the severe thunderstorms. Several environmental parameters were in place for a significant outbreak, most notable was the amount of deep-layer wind shear. The lowest layer of the atmosphere (up to 1 mile above the surface) also contained strong wind shear, which was one of the key ingredients that resulted in the higher risk for strong tornadoes. This event has been classified as a derecho, a term that is reserved for the most intense, widespread, and long-lasting lines of severe thunderstorms. By definition, a derecho is a widespread severe windstorm characterized by a family of destructive downbursts containing multiple 75+ mph gusts associated with the system.|Thunderstorms initially developed in eastern Montana in the late afternoon and moved into southwest North Dakota. Severe wind gusts around 60 mph were reported in far southwest North Dakota from Dickinson to Bowman during the early evening. Thereafter, storms grew into a pronounced line as they moved east and began accelerating. Shortly thereafter, extremely strong wind gusts started occurring, including a measured 94 mph gust to the northwest of Elgin in Grant County, and estimated 95 mph wind gusts in Hettinger County where a farmstead was severely damaged. Meanwhile, a supercell thunderstorm developed just south of Jamestown, and produced three-inch diameter hail as it moved northward into the city. This storm then slowly moved to the east-northeast and produced a brief tornado between Jamestown and Spiritwood. Shortly thereafter, a larger tornado formed near Spiritwood and moved to the east-northeast into Barnes County where EF-3 damage occurred, before tracking back into Stutsman County while it was dissipating. Specific details on the damage with this event can be found in the National Weather Service-Grand Forks Storm Data entry. Another supercell thunderstorm then formed south of the initial storm, moving southeast through southern Stutsman and northern LaMoure Counties. This storm produced a tornado near Adrian and another north of Verona. During this time, the line of storms to the west continued to strengthen, producing a wide swath of 80 to 100 mph wind gusts as it moved through south central North Dakota and across the James River Valley during the mid-evening into the nighttime hours. The derecho caused extensive tree and structure damage along its path, with significant damage to grain storage equipment and power transmission poles. The highest measured wind gust associated with the derecho was 101 mph at a North Dakota Agricultural Weather Network (NDAWN) station 5 miles northwest of Linton. There were also several tornadoes produced by the intense line of storms, including two tornadoes rated as EF-1 (north of Interstate 94 between Crystal Springs and Medina near the Kidder/Stutsman County Line, and to the southwest of Grace City in Foster County), and one tornado rated as EF-2 (north of Sweet Briar Lake in Morton County).  The derecho resulted in one injury which occurred in a housing development to the south of Lincoln in Burleigh County as a male was outdoors and was struck by flying debris. Also, one indirect fatality occurred near Courtenay in Stutsman County where a 76-year-old male died in his sleep from his breathing device not operating properly due to the power outage caused by the storm.",
ND-EO-2025-05,2025-05,Armstrong,Declares Statewide Disaster for Tornado Damage (Enderlin severe storms),2025-06-21,https://ndresponse.gov/news/armstrong-declares-disaster-tornado-damage-extends-sympathy-victims-families,1275209,202944,2025-06-20 22:29:00,2025-06-20 22:32:00,C,county/county-equivalent,43,KIDDER,Thunderstorm Wind,66.0,MG,0,0,0.00K,0.00K,Mesonet,"An outbreak of severe thunderstorms brought extreme winds, very large hail, and multiple tornadoes across much of southern North Dakota from the late afternoon into the nighttime hours. A low-pressure system in southeastern Montana and a warm front stretching eastward across southern North Dakota provided a focus for the severe thunderstorms. Several environmental parameters were in place for a significant outbreak, most notable was the amount of deep-layer wind shear. The lowest layer of the atmosphere (up to 1 mile above the surface) also contained strong wind shear, which was one of the key ingredients that resulted in the higher risk for strong tornadoes. This event has been classified as a derecho, a term that is reserved for the most intense, widespread, and long-lasting lines of severe thunderstorms. By definition, a derecho is a widespread severe windstorm characterized by a family of destructive downbursts containing multiple 75+ mph gusts associated with the system.|Thunderstorms initially developed in eastern Montana in the late afternoon and moved into southwest North Dakota. Severe wind gusts around 60 mph were reported in far southwest North Dakota from Dickinson to Bowman during the early evening. Thereafter, storms grew into a pronounced line as they moved east and began accelerating. Shortly thereafter, extremely strong wind gusts started occurring, including a measured 94 mph gust to the northwest of Elgin in Grant County, and estimated 95 mph wind gusts in Hettinger County where a farmstead was severely damaged. Meanwhile, a supercell thunderstorm developed just south of Jamestown, and produced three-inch diameter hail as it moved northward into the city. This storm then slowly moved to the east-northeast and produced a brief tornado between Jamestown and Spiritwood. Shortly thereafter, a larger tornado formed near Spiritwood and moved to the east-northeast into Barnes County where EF-3 damage occurred, before tracking back into Stutsman County while it was dissipating. Specific details on the damage with this event can be found in the National Weather Service-Grand Forks Storm Data entry. Another supercell thunderstorm then formed south of the initial storm, moving southeast through southern Stutsman and northern LaMoure Counties. This storm produced a tornado near Adrian and another north of Verona. During this time, the line of storms to the west continued to strengthen, producing a wide swath of 80 to 100 mph wind gusts as it moved through south central North Dakota and across the James River Valley during the mid-evening into the nighttime hours. The derecho caused extensive tree and structure damage along its path, with significant damage to grain storage equipment and power transmission poles. The highest measured wind gust associated with the derecho was 101 mph at a North Dakota Agricultural Weather Network (NDAWN) station 5 miles northwest of Linton. There were also several tornadoes produced by the intense line of storms, including two tornadoes rated as EF-1 (north of Interstate 94 between Crystal Springs and Medina near the Kidder/Stutsman County Line, and to the southwest of Grace City in Foster County), and one tornado rated as EF-2 (north of Sweet Briar Lake in Morton County).  The derecho resulted in one injury which occurred in a housing development to the south of Lincoln in Burleigh County as a male was outdoors and was struck by flying debris. Also, one indirect fatality occurred near Courtenay in Stutsman County where a 76-year-old male died in his sleep from his breathing device not operating properly due to the power outage caused by the storm.",
ND-EO-2025-05,2025-05,Armstrong,Declares Statewide Disaster for Tornado Damage (Enderlin severe storms),2025-06-21,https://ndresponse.gov/news/armstrong-declares-disaster-tornado-damage-extends-sympathy-victims-families,1275232,202944,2025-06-20 22:43:00,2025-06-20 22:46:00,C,county/county-equivalent,43,KIDDER,Thunderstorm Wind,75.0,MG,0,0,0.00K,0.00K,Mesonet,"An outbreak of severe thunderstorms brought extreme winds, very large hail, and multiple tornadoes across much of southern North Dakota from the late afternoon into the nighttime hours. A low-pressure system in southeastern Montana and a warm front stretching eastward across southern North Dakota provided a focus for the severe thunderstorms. Several environmental parameters were in place for a significant outbreak, most notable was the amount of deep-layer wind shear. The lowest layer of the atmosphere (up to 1 mile above the surface) also contained strong wind shear, which was one of the key ingredients that resulted in the higher risk for strong tornadoes. This event has been classified as a derecho, a term that is reserved for the most intense, widespread, and long-lasting lines of severe thunderstorms. By definition, a derecho is a widespread severe windstorm characterized by a family of destructive downbursts containing multiple 75+ mph gusts associated with the system.|Thunderstorms initially developed in eastern Montana in the late afternoon and moved into southwest North Dakota. Severe wind gusts around 60 mph were reported in far southwest North Dakota from Dickinson to Bowman during the early evening. Thereafter, storms grew into a pronounced line as they moved east and began accelerating. Shortly thereafter, extremely strong wind gusts started occurring, including a measured 94 mph gust to the northwest of Elgin in Grant County, and estimated 95 mph wind gusts in Hettinger County where a farmstead was severely damaged. Meanwhile, a supercell thunderstorm developed just south of Jamestown, and produced three-inch diameter hail as it moved northward into the city. This storm then slowly moved to the east-northeast and produced a brief tornado between Jamestown and Spiritwood. Shortly thereafter, a larger tornado formed near Spiritwood and moved to the east-northeast into Barnes County where EF-3 damage occurred, before tracking back into Stutsman County while it was dissipating. Specific details on the damage with this event can be found in the National Weather Service-Grand Forks Storm Data entry. Another supercell thunderstorm then formed south of the initial storm, moving southeast through southern Stutsman and northern LaMoure Counties. This storm produced a tornado near Adrian and another north of Verona. During this time, the line of storms to the west continued to strengthen, producing a wide swath of 80 to 100 mph wind gusts as it moved through south central North Dakota and across the James River Valley during the mid-evening into the nighttime hours. The derecho caused extensive tree and structure damage along its path, with significant damage to grain storage equipment and power transmission poles. The highest measured wind gust associated with the derecho was 101 mph at a North Dakota Agricultural Weather Network (NDAWN) station 5 miles northwest of Linton. There were also several tornadoes produced by the intense line of storms, including two tornadoes rated as EF-1 (north of Interstate 94 between Crystal Springs and Medina near the Kidder/Stutsman County Line, and to the southwest of Grace City in Foster County), and one tornado rated as EF-2 (north of Sweet Briar Lake in Morton County).  The derecho resulted in one injury which occurred in a housing development to the south of Lincoln in Burleigh County as a male was outdoors and was struck by flying debris. Also, one indirect fatality occurred near Courtenay in Stutsman County where a 76-year-old male died in his sleep from his breathing device not operating properly due to the power outage caused by the storm.",
ND-EO-2025-05,2025-05,Armstrong,Declares Statewide Disaster for Tornado Damage (Enderlin severe storms),2025-06-21,https://ndresponse.gov/news/armstrong-declares-disaster-tornado-damage-extends-sympathy-victims-families,1275235,202944,2025-06-20 22:45:00,2025-06-20 22:49:00,C,county/county-equivalent,43,KIDDER,Thunderstorm Wind,65.0,MG,0,0,0.00K,0.00K,Mesonet,"An outbreak of severe thunderstorms brought extreme winds, very large hail, and multiple tornadoes across much of southern North Dakota from the late afternoon into the nighttime hours. A low-pressure system in southeastern Montana and a warm front stretching eastward across southern North Dakota provided a focus for the severe thunderstorms. Several environmental parameters were in place for a significant outbreak, most notable was the amount of deep-layer wind shear. The lowest layer of the atmosphere (up to 1 mile above the surface) also contained strong wind shear, which was one of the key ingredients that resulted in the higher risk for strong tornadoes. This event has been classified as a derecho, a term that is reserved for the most intense, widespread, and long-lasting lines of severe thunderstorms. By definition, a derecho is a widespread severe windstorm characterized by a family of destructive downbursts containing multiple 75+ mph gusts associated with the system.|Thunderstorms initially developed in eastern Montana in the late afternoon and moved into southwest North Dakota. Severe wind gusts around 60 mph were reported in far southwest North Dakota from Dickinson to Bowman during the early evening. Thereafter, storms grew into a pronounced line as they moved east and began accelerating. Shortly thereafter, extremely strong wind gusts started occurring, including a measured 94 mph gust to the northwest of Elgin in Grant County, and estimated 95 mph wind gusts in Hettinger County where a farmstead was severely damaged. Meanwhile, a supercell thunderstorm developed just south of Jamestown, and produced three-inch diameter hail as it moved northward into the city. This storm then slowly moved to the east-northeast and produced a brief tornado between Jamestown and Spiritwood. Shortly thereafter, a larger tornado formed near Spiritwood and moved to the east-northeast into Barnes County where EF-3 damage occurred, before tracking back into Stutsman County while it was dissipating. Specific details on the damage with this event can be found in the National Weather Service-Grand Forks Storm Data entry. Another supercell thunderstorm then formed south of the initial storm, moving southeast through southern Stutsman and northern LaMoure Counties. This storm produced a tornado near Adrian and another north of Verona. During this time, the line of storms to the west continued to strengthen, producing a wide swath of 80 to 100 mph wind gusts as it moved through south central North Dakota and across the James River Valley during the mid-evening into the nighttime hours. The derecho caused extensive tree and structure damage along its path, with significant damage to grain storage equipment and power transmission poles. The highest measured wind gust associated with the derecho was 101 mph at a North Dakota Agricultural Weather Network (NDAWN) station 5 miles northwest of Linton. There were also several tornadoes produced by the intense line of storms, including two tornadoes rated as EF-1 (north of Interstate 94 between Crystal Springs and Medina near the Kidder/Stutsman County Line, and to the southwest of Grace City in Foster County), and one tornado rated as EF-2 (north of Sweet Briar Lake in Morton County).  The derecho resulted in one injury which occurred in a housing development to the south of Lincoln in Burleigh County as a male was outdoors and was struck by flying debris. Also, one indirect fatality occurred near Courtenay in Stutsman County where a 76-year-old male died in his sleep from his breathing device not operating properly due to the power outage caused by the storm.",
ND-EO-2025-05,2025-05,Armstrong,Declares Statewide Disaster for Tornado Damage (Enderlin severe storms),2025-06-21,https://ndresponse.gov/news/armstrong-declares-disaster-tornado-damage-extends-sympathy-victims-families,1264301,202944,2025-06-20 20:05:00,2025-06-20 20:07:00,C,county/county-equivalent,45,LA MOURE,Tornado,,,0,0,300.00K,0.00K,Public,"An outbreak of severe thunderstorms brought extreme winds, very large hail, and multiple tornadoes across much of southern North Dakota from the late afternoon into the nighttime hours. A low-pressure system in southeastern Montana and a warm front stretching eastward across southern North Dakota provided a focus for the severe thunderstorms. Several environmental parameters were in place for a significant outbreak, most notable was the amount of deep-layer wind shear. The lowest layer of the atmosphere (up to 1 mile above the surface) also contained strong wind shear, which was one of the key ingredients that resulted in the higher risk for strong tornadoes. This event has been classified as a derecho, a term that is reserved for the most intense, widespread, and long-lasting lines of severe thunderstorms. By definition, a derecho is a widespread severe windstorm characterized by a family of destructive downbursts containing multiple 75+ mph gusts associated with the system.|Thunderstorms initially developed in eastern Montana in the late afternoon and moved into southwest North Dakota. Severe wind gusts around 60 mph were reported in far southwest North Dakota from Dickinson to Bowman during the early evening. Thereafter, storms grew into a pronounced line as they moved east and began accelerating. Shortly thereafter, extremely strong wind gusts started occurring, including a measured 94 mph gust to the northwest of Elgin in Grant County, and estimated 95 mph wind gusts in Hettinger County where a farmstead was severely damaged. Meanwhile, a supercell thunderstorm developed just south of Jamestown, and produced three-inch diameter hail as it moved northward into the city. This storm then slowly moved to the east-northeast and produced a brief tornado between Jamestown and Spiritwood. Shortly thereafter, a larger tornado formed near Spiritwood and moved to the east-northeast into Barnes County where EF-3 damage occurred, before tracking back into Stutsman County while it was dissipating. Specific details on the damage with this event can be found in the National Weather Service-Grand Forks Storm Data entry. Another supercell thunderstorm then formed south of the initial storm, moving southeast through southern Stutsman and northern LaMoure Counties. This storm produced a tornado near Adrian and another north of Verona. During this time, the line of storms to the west continued to strengthen, producing a wide swath of 80 to 100 mph wind gusts as it moved through south central North Dakota and across the James River Valley during the mid-evening into the nighttime hours. The derecho caused extensive tree and structure damage along its path, with significant damage to grain storage equipment and power transmission poles. The highest measured wind gust associated with the derecho was 101 mph at a North Dakota Agricultural Weather Network (NDAWN) station 5 miles northwest of Linton. There were also several tornadoes produced by the intense line of storms, including two tornadoes rated as EF-1 (north of Interstate 94 between Crystal Springs and Medina near the Kidder/Stutsman County Line, and to the southwest of Grace City in Foster County), and one tornado rated as EF-2 (north of Sweet Briar Lake in Morton County).  The derecho resulted in one injury which occurred in a housing development to the south of Lincoln in Burleigh County as a male was outdoors and was struck by flying debris. Also, one indirect fatality occurred near Courtenay in Stutsman County where a 76-year-old male died in his sleep from his breathing device not operating properly due to the power outage caused by the storm.","Significant tree damage occurred near the point of touchdown. The tornado then moved on to a farmstead, where a pole barn collapsed onto machinery. A side delivery rake was tossed, two ice fishing houses were destroyed, and a grain cart that had about 120 bushels of corn in it was tossed end-over-end. The tornado then continued south-southeastward and damaged a tarp-building before it lifted. Based on the damage done this tornado was rated EF-1, and from that wind speeds were estimated to be around 100 mph."
ND-EO-2025-05,2025-05,Armstrong,Declares Statewide Disaster for Tornado Damage (Enderlin severe storms),2025-06-21,https://ndresponse.gov/news/armstrong-declares-disaster-tornado-damage-extends-sympathy-victims-families,1269613,202944,2025-06-20 21:10:00,2025-06-20 21:11:00,C,county/county-equivalent,45,LA MOURE,Tornado,,,0,0,0.00K,0.00K,Public,"An outbreak of severe thunderstorms brought extreme winds, very large hail, and multiple tornadoes across much of southern North Dakota from the late afternoon into the nighttime hours. A low-pressure system in southeastern Montana and a warm front stretching eastward across southern North Dakota provided a focus for the severe thunderstorms. Several environmental parameters were in place for a significant outbreak, most notable was the amount of deep-layer wind shear. The lowest layer of the atmosphere (up to 1 mile above the surface) also contained strong wind shear, which was one of the key ingredients that resulted in the higher risk for strong tornadoes. This event has been classified as a derecho, a term that is reserved for the most intense, widespread, and long-lasting lines of severe thunderstorms. By definition, a derecho is a widespread severe windstorm characterized by a family of destructive downbursts containing multiple 75+ mph gusts associated with the system.|Thunderstorms initially developed in eastern Montana in the late afternoon and moved into southwest North Dakota. Severe wind gusts around 60 mph were reported in far southwest North Dakota from Dickinson to Bowman during the early evening. Thereafter, storms grew into a pronounced line as they moved east and began accelerating. Shortly thereafter, extremely strong wind gusts started occurring, including a measured 94 mph gust to the northwest of Elgin in Grant County, and estimated 95 mph wind gusts in Hettinger County where a farmstead was severely damaged. Meanwhile, a supercell thunderstorm developed just south of Jamestown, and produced three-inch diameter hail as it moved northward into the city. This storm then slowly moved to the east-northeast and produced a brief tornado between Jamestown and Spiritwood. Shortly thereafter, a larger tornado formed near Spiritwood and moved to the east-northeast into Barnes County where EF-3 damage occurred, before tracking back into Stutsman County while it was dissipating. Specific details on the damage with this event can be found in the National Weather Service-Grand Forks Storm Data entry. Another supercell thunderstorm then formed south of the initial storm, moving southeast through southern Stutsman and northern LaMoure Counties. This storm produced a tornado near Adrian and another north of Verona. During this time, the line of storms to the west continued to strengthen, producing a wide swath of 80 to 100 mph wind gusts as it moved through south central North Dakota and across the James River Valley during the mid-evening into the nighttime hours. The derecho caused extensive tree and structure damage along its path, with significant damage to grain storage equipment and power transmission poles. The highest measured wind gust associated with the derecho was 101 mph at a North Dakota Agricultural Weather Network (NDAWN) station 5 miles northwest of Linton. There were also several tornadoes produced by the intense line of storms, including two tornadoes rated as EF-1 (north of Interstate 94 between Crystal Springs and Medina near the Kidder/Stutsman County Line, and to the southwest of Grace City in Foster County), and one tornado rated as EF-2 (north of Sweet Briar Lake in Morton County).  The derecho resulted in one injury which occurred in a housing development to the south of Lincoln in Burleigh County as a male was outdoors and was struck by flying debris. Also, one indirect fatality occurred near Courtenay in Stutsman County where a 76-year-old male died in his sleep from his breathing device not operating properly due to the power outage caused by the storm.",The tornado touched down in an open field north of Verona and impacted no structures. There was no damage to evaluate. By National Weather Service policy the tornado is rated EF-U (Unknown).
ND-EO-2025-05,2025-05,Armstrong,Declares Statewide Disaster for Tornado Damage (Enderlin severe storms),2025-06-21,https://ndresponse.gov/news/armstrong-declares-disaster-tornado-damage-extends-sympathy-victims-families,1263463,202939,2025-06-19 21:40:00,2025-06-19 21:43:00,C,county/county-equivalent,47,LOGAN,Hail,1.0,,0,0,0.00K,0.00K,Public,"An environment with elevated instability and very strong deep layer shear set the stage for severe weather development over western and south central North Dakota. A long lived supercell thunderstorm developed over far southwest North Dakota near a modest frontal boundary, and quickly became severe over Billings County. The storm then continued to track to the east-southeast producing very large damaging hail as it moved through Stark, Hettinger, and Grant Counties. The largest hail reported was three inches in diameter which fell south of Dickinson in Stark County. In addition, a tornado developed approximately 9 miles southwest of Dickinson in Stark County, and traveled to the south approximately 1.4 miles. Two houses along the path of the tornado had roofs partially blown off and some siding ripped off. Tree damage also occurred, with one tree having an eight inch diameter branch snap off. Fences were broken down and two power poles were broken. Based on the damage done this tornado was rated EF-1, and from that wind speeds were estimated to be around 100 mph. Additional thunderstorms developed and moved through central and western North Dakota through the evening. One of these storms became severe over south central North Dakota producing one-inch diameter hail in Logan County.",
ND-EO-2025-05,2025-05,Armstrong,Declares Statewide Disaster for Tornado Damage (Enderlin severe storms),2025-06-21,https://ndresponse.gov/news/armstrong-declares-disaster-tornado-damage-extends-sympathy-victims-families,1275145,202944,2025-06-20 21:00:00,2025-06-20 21:03:00,C,county/county-equivalent,51,MCINTOSH,Thunderstorm Wind,70.0,MG,0,0,0.00K,0.00K,Mesonet,"An outbreak of severe thunderstorms brought extreme winds, very large hail, and multiple tornadoes across much of southern North Dakota from the late afternoon into the nighttime hours. A low-pressure system in southeastern Montana and a warm front stretching eastward across southern North Dakota provided a focus for the severe thunderstorms. Several environmental parameters were in place for a significant outbreak, most notable was the amount of deep-layer wind shear. The lowest layer of the atmosphere (up to 1 mile above the surface) also contained strong wind shear, which was one of the key ingredients that resulted in the higher risk for strong tornadoes. This event has been classified as a derecho, a term that is reserved for the most intense, widespread, and long-lasting lines of severe thunderstorms. By definition, a derecho is a widespread severe windstorm characterized by a family of destructive downbursts containing multiple 75+ mph gusts associated with the system.|Thunderstorms initially developed in eastern Montana in the late afternoon and moved into southwest North Dakota. Severe wind gusts around 60 mph were reported in far southwest North Dakota from Dickinson to Bowman during the early evening. Thereafter, storms grew into a pronounced line as they moved east and began accelerating. Shortly thereafter, extremely strong wind gusts started occurring, including a measured 94 mph gust to the northwest of Elgin in Grant County, and estimated 95 mph wind gusts in Hettinger County where a farmstead was severely damaged. Meanwhile, a supercell thunderstorm developed just south of Jamestown, and produced three-inch diameter hail as it moved northward into the city. This storm then slowly moved to the east-northeast and produced a brief tornado between Jamestown and Spiritwood. Shortly thereafter, a larger tornado formed near Spiritwood and moved to the east-northeast into Barnes County where EF-3 damage occurred, before tracking back into Stutsman County while it was dissipating. Specific details on the damage with this event can be found in the National Weather Service-Grand Forks Storm Data entry. Another supercell thunderstorm then formed south of the initial storm, moving southeast through southern Stutsman and northern LaMoure Counties. This storm produced a tornado near Adrian and another north of Verona. During this time, the line of storms to the west continued to strengthen, producing a wide swath of 80 to 100 mph wind gusts as it moved through south central North Dakota and across the James River Valley during the mid-evening into the nighttime hours. The derecho caused extensive tree and structure damage along its path, with significant damage to grain storage equipment and power transmission poles. The highest measured wind gust associated with the derecho was 101 mph at a North Dakota Agricultural Weather Network (NDAWN) station 5 miles northwest of Linton. There were also several tornadoes produced by the intense line of storms, including two tornadoes rated as EF-1 (north of Interstate 94 between Crystal Springs and Medina near the Kidder/Stutsman County Line, and to the southwest of Grace City in Foster County), and one tornado rated as EF-2 (north of Sweet Briar Lake in Morton County).  The derecho resulted in one injury which occurred in a housing development to the south of Lincoln in Burleigh County as a male was outdoors and was struck by flying debris. Also, one indirect fatality occurred near Courtenay in Stutsman County where a 76-year-old male died in his sleep from his breathing device not operating properly due to the power outage caused by the storm.",
ND-EO-2025-05,2025-05,Armstrong,Declares Statewide Disaster for Tornado Damage (Enderlin severe storms),2025-06-21,https://ndresponse.gov/news/armstrong-declares-disaster-tornado-damage-extends-sympathy-victims-families,1275154,202944,2025-06-20 21:05:00,2025-06-20 21:08:00,C,county/county-equivalent,51,MCINTOSH,Thunderstorm Wind,61.0,MG,0,0,0.00K,0.00K,Mesonet,"An outbreak of severe thunderstorms brought extreme winds, very large hail, and multiple tornadoes across much of southern North Dakota from the late afternoon into the nighttime hours. A low-pressure system in southeastern Montana and a warm front stretching eastward across southern North Dakota provided a focus for the severe thunderstorms. Several environmental parameters were in place for a significant outbreak, most notable was the amount of deep-layer wind shear. The lowest layer of the atmosphere (up to 1 mile above the surface) also contained strong wind shear, which was one of the key ingredients that resulted in the higher risk for strong tornadoes. This event has been classified as a derecho, a term that is reserved for the most intense, widespread, and long-lasting lines of severe thunderstorms. By definition, a derecho is a widespread severe windstorm characterized by a family of destructive downbursts containing multiple 75+ mph gusts associated with the system.|Thunderstorms initially developed in eastern Montana in the late afternoon and moved into southwest North Dakota. Severe wind gusts around 60 mph were reported in far southwest North Dakota from Dickinson to Bowman during the early evening. Thereafter, storms grew into a pronounced line as they moved east and began accelerating. Shortly thereafter, extremely strong wind gusts started occurring, including a measured 94 mph gust to the northwest of Elgin in Grant County, and estimated 95 mph wind gusts in Hettinger County where a farmstead was severely damaged. Meanwhile, a supercell thunderstorm developed just south of Jamestown, and produced three-inch diameter hail as it moved northward into the city. This storm then slowly moved to the east-northeast and produced a brief tornado between Jamestown and Spiritwood. Shortly thereafter, a larger tornado formed near Spiritwood and moved to the east-northeast into Barnes County where EF-3 damage occurred, before tracking back into Stutsman County while it was dissipating. Specific details on the damage with this event can be found in the National Weather Service-Grand Forks Storm Data entry. Another supercell thunderstorm then formed south of the initial storm, moving southeast through southern Stutsman and northern LaMoure Counties. This storm produced a tornado near Adrian and another north of Verona. During this time, the line of storms to the west continued to strengthen, producing a wide swath of 80 to 100 mph wind gusts as it moved through south central North Dakota and across the James River Valley during the mid-evening into the nighttime hours. The derecho caused extensive tree and structure damage along its path, with significant damage to grain storage equipment and power transmission poles. The highest measured wind gust associated with the derecho was 101 mph at a North Dakota Agricultural Weather Network (NDAWN) station 5 miles northwest of Linton. There were also several tornadoes produced by the intense line of storms, including two tornadoes rated as EF-1 (north of Interstate 94 between Crystal Springs and Medina near the Kidder/Stutsman County Line, and to the southwest of Grace City in Foster County), and one tornado rated as EF-2 (north of Sweet Briar Lake in Morton County).  The derecho resulted in one injury which occurred in a housing development to the south of Lincoln in Burleigh County as a male was outdoors and was struck by flying debris. Also, one indirect fatality occurred near Courtenay in Stutsman County where a 76-year-old male died in his sleep from his breathing device not operating properly due to the power outage caused by the storm.",
ND-EO-2025-05,2025-05,Armstrong,Declares Statewide Disaster for Tornado Damage (Enderlin severe storms),2025-06-21,https://ndresponse.gov/news/armstrong-declares-disaster-tornado-damage-extends-sympathy-victims-families,1275162,202944,2025-06-20 21:34:00,2025-06-20 21:38:00,C,county/county-equivalent,51,MCINTOSH,Thunderstorm Wind,57.0,MG,0,0,0.00K,0.00K,Mesonet,"An outbreak of severe thunderstorms brought extreme winds, very large hail, and multiple tornadoes across much of southern North Dakota from the late afternoon into the nighttime hours. A low-pressure system in southeastern Montana and a warm front stretching eastward across southern North Dakota provided a focus for the severe thunderstorms. Several environmental parameters were in place for a significant outbreak, most notable was the amount of deep-layer wind shear. The lowest layer of the atmosphere (up to 1 mile above the surface) also contained strong wind shear, which was one of the key ingredients that resulted in the higher risk for strong tornadoes. This event has been classified as a derecho, a term that is reserved for the most intense, widespread, and long-lasting lines of severe thunderstorms. By definition, a derecho is a widespread severe windstorm characterized by a family of destructive downbursts containing multiple 75+ mph gusts associated with the system.|Thunderstorms initially developed in eastern Montana in the late afternoon and moved into southwest North Dakota. Severe wind gusts around 60 mph were reported in far southwest North Dakota from Dickinson to Bowman during the early evening. Thereafter, storms grew into a pronounced line as they moved east and began accelerating. Shortly thereafter, extremely strong wind gusts started occurring, including a measured 94 mph gust to the northwest of Elgin in Grant County, and estimated 95 mph wind gusts in Hettinger County where a farmstead was severely damaged. Meanwhile, a supercell thunderstorm developed just south of Jamestown, and produced three-inch diameter hail as it moved northward into the city. This storm then slowly moved to the east-northeast and produced a brief tornado between Jamestown and Spiritwood. Shortly thereafter, a larger tornado formed near Spiritwood and moved to the east-northeast into Barnes County where EF-3 damage occurred, before tracking back into Stutsman County while it was dissipating. Specific details on the damage with this event can be found in the National Weather Service-Grand Forks Storm Data entry. Another supercell thunderstorm then formed south of the initial storm, moving southeast through southern Stutsman and northern LaMoure Counties. This storm produced a tornado near Adrian and another north of Verona. During this time, the line of storms to the west continued to strengthen, producing a wide swath of 80 to 100 mph wind gusts as it moved through south central North Dakota and across the James River Valley during the mid-evening into the nighttime hours. The derecho caused extensive tree and structure damage along its path, with significant damage to grain storage equipment and power transmission poles. The highest measured wind gust associated with the derecho was 101 mph at a North Dakota Agricultural Weather Network (NDAWN) station 5 miles northwest of Linton. There were also several tornadoes produced by the intense line of storms, including two tornadoes rated as EF-1 (north of Interstate 94 between Crystal Springs and Medina near the Kidder/Stutsman County Line, and to the southwest of Grace City in Foster County), and one tornado rated as EF-2 (north of Sweet Briar Lake in Morton County).  The derecho resulted in one injury which occurred in a housing development to the south of Lincoln in Burleigh County as a male was outdoors and was struck by flying debris. Also, one indirect fatality occurred near Courtenay in Stutsman County where a 76-year-old male died in his sleep from his breathing device not operating properly due to the power outage caused by the storm.",
ND-EO-2025-05,2025-05,Armstrong,Declares Statewide Disaster for Tornado Damage (Enderlin severe storms),2025-06-21,https://ndresponse.gov/news/armstrong-declares-disaster-tornado-damage-extends-sympathy-victims-families,1269612,202944,2025-06-20 20:26:00,2025-06-20 20:27:00,C,county/county-equivalent,55,MCLEAN,Tornado,,,0,0,0.00K,0.00K,Public,"An outbreak of severe thunderstorms brought extreme winds, very large hail, and multiple tornadoes across much of southern North Dakota from the late afternoon into the nighttime hours. A low-pressure system in southeastern Montana and a warm front stretching eastward across southern North Dakota provided a focus for the severe thunderstorms. Several environmental parameters were in place for a significant outbreak, most notable was the amount of deep-layer wind shear. The lowest layer of the atmosphere (up to 1 mile above the surface) also contained strong wind shear, which was one of the key ingredients that resulted in the higher risk for strong tornadoes. This event has been classified as a derecho, a term that is reserved for the most intense, widespread, and long-lasting lines of severe thunderstorms. By definition, a derecho is a widespread severe windstorm characterized by a family of destructive downbursts containing multiple 75+ mph gusts associated with the system.|Thunderstorms initially developed in eastern Montana in the late afternoon and moved into southwest North Dakota. Severe wind gusts around 60 mph were reported in far southwest North Dakota from Dickinson to Bowman during the early evening. Thereafter, storms grew into a pronounced line as they moved east and began accelerating. Shortly thereafter, extremely strong wind gusts started occurring, including a measured 94 mph gust to the northwest of Elgin in Grant County, and estimated 95 mph wind gusts in Hettinger County where a farmstead was severely damaged. Meanwhile, a supercell thunderstorm developed just south of Jamestown, and produced three-inch diameter hail as it moved northward into the city. This storm then slowly moved to the east-northeast and produced a brief tornado between Jamestown and Spiritwood. Shortly thereafter, a larger tornado formed near Spiritwood and moved to the east-northeast into Barnes County where EF-3 damage occurred, before tracking back into Stutsman County while it was dissipating. Specific details on the damage with this event can be found in the National Weather Service-Grand Forks Storm Data entry. Another supercell thunderstorm then formed south of the initial storm, moving southeast through southern Stutsman and northern LaMoure Counties. This storm produced a tornado near Adrian and another north of Verona. During this time, the line of storms to the west continued to strengthen, producing a wide swath of 80 to 100 mph wind gusts as it moved through south central North Dakota and across the James River Valley during the mid-evening into the nighttime hours. The derecho caused extensive tree and structure damage along its path, with significant damage to grain storage equipment and power transmission poles. The highest measured wind gust associated with the derecho was 101 mph at a North Dakota Agricultural Weather Network (NDAWN) station 5 miles northwest of Linton. There were also several tornadoes produced by the intense line of storms, including two tornadoes rated as EF-1 (north of Interstate 94 between Crystal Springs and Medina near the Kidder/Stutsman County Line, and to the southwest of Grace City in Foster County), and one tornado rated as EF-2 (north of Sweet Briar Lake in Morton County).  The derecho resulted in one injury which occurred in a housing development to the south of Lincoln in Burleigh County as a male was outdoors and was struck by flying debris. Also, one indirect fatality occurred near Courtenay in Stutsman County where a 76-year-old male died in his sleep from his breathing device not operating properly due to the power outage caused by the storm.",The tornado touched down in an open field east-southeast of Washburn and impacted no structures. There was no damage to evaluate. By National Weather Service policy the tornado is rated EF-U (Unknown).
ND-EO-2025-05,2025-05,Armstrong,Declares Statewide Disaster for Tornado Damage (Enderlin severe storms),2025-06-21,https://ndresponse.gov/news/armstrong-declares-disaster-tornado-damage-extends-sympathy-victims-families,1271983,202944,2025-06-20 19:30:00,2025-06-20 19:33:00,C,county/county-equivalent,57,MERCER,Thunderstorm Wind,70.0,EG,0,0,500.00K,0.00K,Public,"An outbreak of severe thunderstorms brought extreme winds, very large hail, and multiple tornadoes across much of southern North Dakota from the late afternoon into the nighttime hours. A low-pressure system in southeastern Montana and a warm front stretching eastward across southern North Dakota provided a focus for the severe thunderstorms. Several environmental parameters were in place for a significant outbreak, most notable was the amount of deep-layer wind shear. The lowest layer of the atmosphere (up to 1 mile above the surface) also contained strong wind shear, which was one of the key ingredients that resulted in the higher risk for strong tornadoes. This event has been classified as a derecho, a term that is reserved for the most intense, widespread, and long-lasting lines of severe thunderstorms. By definition, a derecho is a widespread severe windstorm characterized by a family of destructive downbursts containing multiple 75+ mph gusts associated with the system.|Thunderstorms initially developed in eastern Montana in the late afternoon and moved into southwest North Dakota. Severe wind gusts around 60 mph were reported in far southwest North Dakota from Dickinson to Bowman during the early evening. Thereafter, storms grew into a pronounced line as they moved east and began accelerating. Shortly thereafter, extremely strong wind gusts started occurring, including a measured 94 mph gust to the northwest of Elgin in Grant County, and estimated 95 mph wind gusts in Hettinger County where a farmstead was severely damaged. Meanwhile, a supercell thunderstorm developed just south of Jamestown, and produced three-inch diameter hail as it moved northward into the city. This storm then slowly moved to the east-northeast and produced a brief tornado between Jamestown and Spiritwood. Shortly thereafter, a larger tornado formed near Spiritwood and moved to the east-northeast into Barnes County where EF-3 damage occurred, before tracking back into Stutsman County while it was dissipating. Specific details on the damage with this event can be found in the National Weather Service-Grand Forks Storm Data entry. Another supercell thunderstorm then formed south of the initial storm, moving southeast through southern Stutsman and northern LaMoure Counties. This storm produced a tornado near Adrian and another north of Verona. During this time, the line of storms to the west continued to strengthen, producing a wide swath of 80 to 100 mph wind gusts as it moved through south central North Dakota and across the James River Valley during the mid-evening into the nighttime hours. The derecho caused extensive tree and structure damage along its path, with significant damage to grain storage equipment and power transmission poles. The highest measured wind gust associated with the derecho was 101 mph at a North Dakota Agricultural Weather Network (NDAWN) station 5 miles northwest of Linton. There were also several tornadoes produced by the intense line of storms, including two tornadoes rated as EF-1 (north of Interstate 94 between Crystal Springs and Medina near the Kidder/Stutsman County Line, and to the southwest of Grace City in Foster County), and one tornado rated as EF-2 (north of Sweet Briar Lake in Morton County).  The derecho resulted in one injury which occurred in a housing development to the south of Lincoln in Burleigh County as a male was outdoors and was struck by flying debris. Also, one indirect fatality occurred near Courtenay in Stutsman County where a 76-year-old male died in his sleep from his breathing device not operating properly due to the power outage caused by the storm.",Homes were damaged with shingles and siding blown off.
ND-EO-2025-05,2025-05,Armstrong,Declares Statewide Disaster for Tornado Damage (Enderlin severe storms),2025-06-21,https://ndresponse.gov/news/armstrong-declares-disaster-tornado-damage-extends-sympathy-victims-families,1263438,202938,2025-06-18 18:50:00,2025-06-18 18:53:00,C,county/county-equivalent,59,MORTON,Hail,0.88,,0,0,0.00K,0.00K,Public,"A surface low pressure system situated over northeast Montana along with a boundary situated over central North Dakota served as the focus for thunderstorm development. A severe thunderstorm developed over northeast Montana and moved into far northwest North Dakota, producing one-inch diameter hail in Williams County. Additional thunderstorms developed over parts of western and central North Dakota, with sub-severe hail reported over south central North Dakota.",
ND-EO-2025-05,2025-05,Armstrong,Declares Statewide Disaster for Tornado Damage (Enderlin severe storms),2025-06-21,https://ndresponse.gov/news/armstrong-declares-disaster-tornado-damage-extends-sympathy-victims-families,1271974,202944,2025-06-20 19:27:00,2025-06-20 19:30:00,C,county/county-equivalent,59,MORTON,Thunderstorm Wind,70.0,EG,0,0,5.00K,0.00K,Public,"An outbreak of severe thunderstorms brought extreme winds, very large hail, and multiple tornadoes across much of southern North Dakota from the late afternoon into the nighttime hours. A low-pressure system in southeastern Montana and a warm front stretching eastward across southern North Dakota provided a focus for the severe thunderstorms. Several environmental parameters were in place for a significant outbreak, most notable was the amount of deep-layer wind shear. The lowest layer of the atmosphere (up to 1 mile above the surface) also contained strong wind shear, which was one of the key ingredients that resulted in the higher risk for strong tornadoes. This event has been classified as a derecho, a term that is reserved for the most intense, widespread, and long-lasting lines of severe thunderstorms. By definition, a derecho is a widespread severe windstorm characterized by a family of destructive downbursts containing multiple 75+ mph gusts associated with the system.|Thunderstorms initially developed in eastern Montana in the late afternoon and moved into southwest North Dakota. Severe wind gusts around 60 mph were reported in far southwest North Dakota from Dickinson to Bowman during the early evening. Thereafter, storms grew into a pronounced line as they moved east and began accelerating. Shortly thereafter, extremely strong wind gusts started occurring, including a measured 94 mph gust to the northwest of Elgin in Grant County, and estimated 95 mph wind gusts in Hettinger County where a farmstead was severely damaged. Meanwhile, a supercell thunderstorm developed just south of Jamestown, and produced three-inch diameter hail as it moved northward into the city. This storm then slowly moved to the east-northeast and produced a brief tornado between Jamestown and Spiritwood. Shortly thereafter, a larger tornado formed near Spiritwood and moved to the east-northeast into Barnes County where EF-3 damage occurred, before tracking back into Stutsman County while it was dissipating. Specific details on the damage with this event can be found in the National Weather Service-Grand Forks Storm Data entry. Another supercell thunderstorm then formed south of the initial storm, moving southeast through southern Stutsman and northern LaMoure Counties. This storm produced a tornado near Adrian and another north of Verona. During this time, the line of storms to the west continued to strengthen, producing a wide swath of 80 to 100 mph wind gusts as it moved through south central North Dakota and across the James River Valley during the mid-evening into the nighttime hours. The derecho caused extensive tree and structure damage along its path, with significant damage to grain storage equipment and power transmission poles. The highest measured wind gust associated with the derecho was 101 mph at a North Dakota Agricultural Weather Network (NDAWN) station 5 miles northwest of Linton. There were also several tornadoes produced by the intense line of storms, including two tornadoes rated as EF-1 (north of Interstate 94 between Crystal Springs and Medina near the Kidder/Stutsman County Line, and to the southwest of Grace City in Foster County), and one tornado rated as EF-2 (north of Sweet Briar Lake in Morton County).  The derecho resulted in one injury which occurred in a housing development to the south of Lincoln in Burleigh County as a male was outdoors and was struck by flying debris. Also, one indirect fatality occurred near Courtenay in Stutsman County where a 76-year-old male died in his sleep from his breathing device not operating properly due to the power outage caused by the storm.",An empty 1200 gallon plastic water  tank approximately 5 feet high blew three-quarters of a mile away.
ND-EO-2025-05,2025-05,Armstrong,Declares Statewide Disaster for Tornado Damage (Enderlin severe storms),2025-06-21,https://ndresponse.gov/news/armstrong-declares-disaster-tornado-damage-extends-sympathy-victims-families,1271980,202944,2025-06-20 19:28:00,2025-06-20 19:31:00,C,county/county-equivalent,59,MORTON,Thunderstorm Wind,70.0,EG,0,0,5.00K,0.00K,Public,"An outbreak of severe thunderstorms brought extreme winds, very large hail, and multiple tornadoes across much of southern North Dakota from the late afternoon into the nighttime hours. A low-pressure system in southeastern Montana and a warm front stretching eastward across southern North Dakota provided a focus for the severe thunderstorms. Several environmental parameters were in place for a significant outbreak, most notable was the amount of deep-layer wind shear. The lowest layer of the atmosphere (up to 1 mile above the surface) also contained strong wind shear, which was one of the key ingredients that resulted in the higher risk for strong tornadoes. This event has been classified as a derecho, a term that is reserved for the most intense, widespread, and long-lasting lines of severe thunderstorms. By definition, a derecho is a widespread severe windstorm characterized by a family of destructive downbursts containing multiple 75+ mph gusts associated with the system.|Thunderstorms initially developed in eastern Montana in the late afternoon and moved into southwest North Dakota. Severe wind gusts around 60 mph were reported in far southwest North Dakota from Dickinson to Bowman during the early evening. Thereafter, storms grew into a pronounced line as they moved east and began accelerating. Shortly thereafter, extremely strong wind gusts started occurring, including a measured 94 mph gust to the northwest of Elgin in Grant County, and estimated 95 mph wind gusts in Hettinger County where a farmstead was severely damaged. Meanwhile, a supercell thunderstorm developed just south of Jamestown, and produced three-inch diameter hail as it moved northward into the city. This storm then slowly moved to the east-northeast and produced a brief tornado between Jamestown and Spiritwood. Shortly thereafter, a larger tornado formed near Spiritwood and moved to the east-northeast into Barnes County where EF-3 damage occurred, before tracking back into Stutsman County while it was dissipating. Specific details on the damage with this event can be found in the National Weather Service-Grand Forks Storm Data entry. Another supercell thunderstorm then formed south of the initial storm, moving southeast through southern Stutsman and northern LaMoure Counties. This storm produced a tornado near Adrian and another north of Verona. During this time, the line of storms to the west continued to strengthen, producing a wide swath of 80 to 100 mph wind gusts as it moved through south central North Dakota and across the James River Valley during the mid-evening into the nighttime hours. The derecho caused extensive tree and structure damage along its path, with significant damage to grain storage equipment and power transmission poles. The highest measured wind gust associated with the derecho was 101 mph at a North Dakota Agricultural Weather Network (NDAWN) station 5 miles northwest of Linton. There were also several tornadoes produced by the intense line of storms, including two tornadoes rated as EF-1 (north of Interstate 94 between Crystal Springs and Medina near the Kidder/Stutsman County Line, and to the southwest of Grace City in Foster County), and one tornado rated as EF-2 (north of Sweet Briar Lake in Morton County).  The derecho resulted in one injury which occurred in a housing development to the south of Lincoln in Burleigh County as a male was outdoors and was struck by flying debris. Also, one indirect fatality occurred near Courtenay in Stutsman County where a 76-year-old male died in his sleep from his breathing device not operating properly due to the power outage caused by the storm.",A cottonwood tree was blown down.
ND-EO-2025-05,2025-05,Armstrong,Declares Statewide Disaster for Tornado Damage (Enderlin severe storms),2025-06-21,https://ndresponse.gov/news/armstrong-declares-disaster-tornado-damage-extends-sympathy-victims-families,1264293,202944,2025-06-20 19:40:00,2025-06-20 19:41:00,C,county/county-equivalent,59,MORTON,Tornado,,,0,0,0.00K,0.00K,Public,"An outbreak of severe thunderstorms brought extreme winds, very large hail, and multiple tornadoes across much of southern North Dakota from the late afternoon into the nighttime hours. A low-pressure system in southeastern Montana and a warm front stretching eastward across southern North Dakota provided a focus for the severe thunderstorms. Several environmental parameters were in place for a significant outbreak, most notable was the amount of deep-layer wind shear. The lowest layer of the atmosphere (up to 1 mile above the surface) also contained strong wind shear, which was one of the key ingredients that resulted in the higher risk for strong tornadoes. This event has been classified as a derecho, a term that is reserved for the most intense, widespread, and long-lasting lines of severe thunderstorms. By definition, a derecho is a widespread severe windstorm characterized by a family of destructive downbursts containing multiple 75+ mph gusts associated with the system.|Thunderstorms initially developed in eastern Montana in the late afternoon and moved into southwest North Dakota. Severe wind gusts around 60 mph were reported in far southwest North Dakota from Dickinson to Bowman during the early evening. Thereafter, storms grew into a pronounced line as they moved east and began accelerating. Shortly thereafter, extremely strong wind gusts started occurring, including a measured 94 mph gust to the northwest of Elgin in Grant County, and estimated 95 mph wind gusts in Hettinger County where a farmstead was severely damaged. Meanwhile, a supercell thunderstorm developed just south of Jamestown, and produced three-inch diameter hail as it moved northward into the city. This storm then slowly moved to the east-northeast and produced a brief tornado between Jamestown and Spiritwood. Shortly thereafter, a larger tornado formed near Spiritwood and moved to the east-northeast into Barnes County where EF-3 damage occurred, before tracking back into Stutsman County while it was dissipating. Specific details on the damage with this event can be found in the National Weather Service-Grand Forks Storm Data entry. Another supercell thunderstorm then formed south of the initial storm, moving southeast through southern Stutsman and northern LaMoure Counties. This storm produced a tornado near Adrian and another north of Verona. During this time, the line of storms to the west continued to strengthen, producing a wide swath of 80 to 100 mph wind gusts as it moved through south central North Dakota and across the James River Valley during the mid-evening into the nighttime hours. The derecho caused extensive tree and structure damage along its path, with significant damage to grain storage equipment and power transmission poles. The highest measured wind gust associated with the derecho was 101 mph at a North Dakota Agricultural Weather Network (NDAWN) station 5 miles northwest of Linton. There were also several tornadoes produced by the intense line of storms, including two tornadoes rated as EF-1 (north of Interstate 94 between Crystal Springs and Medina near the Kidder/Stutsman County Line, and to the southwest of Grace City in Foster County), and one tornado rated as EF-2 (north of Sweet Briar Lake in Morton County).  The derecho resulted in one injury which occurred in a housing development to the south of Lincoln in Burleigh County as a male was outdoors and was struck by flying debris. Also, one indirect fatality occurred near Courtenay in Stutsman County where a 76-year-old male died in his sleep from his breathing device not operating properly due to the power outage caused by the storm.",The tornado touched down in an open field north of New Salem and impacted no structures. There was no damage to evaluate. By National Weather Service policy the tornado is rated EF-U (Unknown).
ND-EO-2025-05,2025-05,Armstrong,Declares Statewide Disaster for Tornado Damage (Enderlin severe storms),2025-06-21,https://ndresponse.gov/news/armstrong-declares-disaster-tornado-damage-extends-sympathy-victims-families,1271991,202944,2025-06-20 19:40:00,2025-06-20 19:43:00,C,county/county-equivalent,59,MORTON,Thunderstorm Wind,70.0,EG,0,0,10.00K,0.00K,Public,"An outbreak of severe thunderstorms brought extreme winds, very large hail, and multiple tornadoes across much of southern North Dakota from the late afternoon into the nighttime hours. A low-pressure system in southeastern Montana and a warm front stretching eastward across southern North Dakota provided a focus for the severe thunderstorms. Several environmental parameters were in place for a significant outbreak, most notable was the amount of deep-layer wind shear. The lowest layer of the atmosphere (up to 1 mile above the surface) also contained strong wind shear, which was one of the key ingredients that resulted in the higher risk for strong tornadoes. This event has been classified as a derecho, a term that is reserved for the most intense, widespread, and long-lasting lines of severe thunderstorms. By definition, a derecho is a widespread severe windstorm characterized by a family of destructive downbursts containing multiple 75+ mph gusts associated with the system.|Thunderstorms initially developed in eastern Montana in the late afternoon and moved into southwest North Dakota. Severe wind gusts around 60 mph were reported in far southwest North Dakota from Dickinson to Bowman during the early evening. Thereafter, storms grew into a pronounced line as they moved east and began accelerating. Shortly thereafter, extremely strong wind gusts started occurring, including a measured 94 mph gust to the northwest of Elgin in Grant County, and estimated 95 mph wind gusts in Hettinger County where a farmstead was severely damaged. Meanwhile, a supercell thunderstorm developed just south of Jamestown, and produced three-inch diameter hail as it moved northward into the city. This storm then slowly moved to the east-northeast and produced a brief tornado between Jamestown and Spiritwood. Shortly thereafter, a larger tornado formed near Spiritwood and moved to the east-northeast into Barnes County where EF-3 damage occurred, before tracking back into Stutsman County while it was dissipating. Specific details on the damage with this event can be found in the National Weather Service-Grand Forks Storm Data entry. Another supercell thunderstorm then formed south of the initial storm, moving southeast through southern Stutsman and northern LaMoure Counties. This storm produced a tornado near Adrian and another north of Verona. During this time, the line of storms to the west continued to strengthen, producing a wide swath of 80 to 100 mph wind gusts as it moved through south central North Dakota and across the James River Valley during the mid-evening into the nighttime hours. The derecho caused extensive tree and structure damage along its path, with significant damage to grain storage equipment and power transmission poles. The highest measured wind gust associated with the derecho was 101 mph at a North Dakota Agricultural Weather Network (NDAWN) station 5 miles northwest of Linton. There were also several tornadoes produced by the intense line of storms, including two tornadoes rated as EF-1 (north of Interstate 94 between Crystal Springs and Medina near the Kidder/Stutsman County Line, and to the southwest of Grace City in Foster County), and one tornado rated as EF-2 (north of Sweet Briar Lake in Morton County).  The derecho resulted in one injury which occurred in a housing development to the south of Lincoln in Burleigh County as a male was outdoors and was struck by flying debris. Also, one indirect fatality occurred near Courtenay in Stutsman County where a 76-year-old male died in his sleep from his breathing device not operating properly due to the power outage caused by the storm.",Trees were broken down along Highway 10.
ND-EO-2025-05,2025-05,Armstrong,Declares Statewide Disaster for Tornado Damage (Enderlin severe storms),2025-06-21,https://ndresponse.gov/news/armstrong-declares-disaster-tornado-damage-extends-sympathy-victims-families,1271996,202944,2025-06-20 19:45:00,2025-06-20 19:48:00,C,county/county-equivalent,59,MORTON,Thunderstorm Wind,70.0,EG,0,0,50.00K,0.00K,Fire Department/Rescue,"An outbreak of severe thunderstorms brought extreme winds, very large hail, and multiple tornadoes across much of southern North Dakota from the late afternoon into the nighttime hours. A low-pressure system in southeastern Montana and a warm front stretching eastward across southern North Dakota provided a focus for the severe thunderstorms. Several environmental parameters were in place for a significant outbreak, most notable was the amount of deep-layer wind shear. The lowest layer of the atmosphere (up to 1 mile above the surface) also contained strong wind shear, which was one of the key ingredients that resulted in the higher risk for strong tornadoes. This event has been classified as a derecho, a term that is reserved for the most intense, widespread, and long-lasting lines of severe thunderstorms. By definition, a derecho is a widespread severe windstorm characterized by a family of destructive downbursts containing multiple 75+ mph gusts associated with the system.|Thunderstorms initially developed in eastern Montana in the late afternoon and moved into southwest North Dakota. Severe wind gusts around 60 mph were reported in far southwest North Dakota from Dickinson to Bowman during the early evening. Thereafter, storms grew into a pronounced line as they moved east and began accelerating. Shortly thereafter, extremely strong wind gusts started occurring, including a measured 94 mph gust to the northwest of Elgin in Grant County, and estimated 95 mph wind gusts in Hettinger County where a farmstead was severely damaged. Meanwhile, a supercell thunderstorm developed just south of Jamestown, and produced three-inch diameter hail as it moved northward into the city. This storm then slowly moved to the east-northeast and produced a brief tornado between Jamestown and Spiritwood. Shortly thereafter, a larger tornado formed near Spiritwood and moved to the east-northeast into Barnes County where EF-3 damage occurred, before tracking back into Stutsman County while it was dissipating. Specific details on the damage with this event can be found in the National Weather Service-Grand Forks Storm Data entry. Another supercell thunderstorm then formed south of the initial storm, moving southeast through southern Stutsman and northern LaMoure Counties. This storm produced a tornado near Adrian and another north of Verona. During this time, the line of storms to the west continued to strengthen, producing a wide swath of 80 to 100 mph wind gusts as it moved through south central North Dakota and across the James River Valley during the mid-evening into the nighttime hours. The derecho caused extensive tree and structure damage along its path, with significant damage to grain storage equipment and power transmission poles. The highest measured wind gust associated with the derecho was 101 mph at a North Dakota Agricultural Weather Network (NDAWN) station 5 miles northwest of Linton. There were also several tornadoes produced by the intense line of storms, including two tornadoes rated as EF-1 (north of Interstate 94 between Crystal Springs and Medina near the Kidder/Stutsman County Line, and to the southwest of Grace City in Foster County), and one tornado rated as EF-2 (north of Sweet Briar Lake in Morton County).  The derecho resulted in one injury which occurred in a housing development to the south of Lincoln in Burleigh County as a male was outdoors and was struck by flying debris. Also, one indirect fatality occurred near Courtenay in Stutsman County where a 76-year-old male died in his sleep from his breathing device not operating properly due to the power outage caused by the storm.",Multiple power lines were blown down.
ND-EO-2025-05,2025-05,Armstrong,Declares Statewide Disaster for Tornado Damage (Enderlin severe storms),2025-06-21,https://ndresponse.gov/news/armstrong-declares-disaster-tornado-damage-extends-sympathy-victims-families,1271997,202944,2025-06-20 19:45:00,2025-06-20 19:49:00,C,county/county-equivalent,59,MORTON,Thunderstorm Wind,78.0,EG,0,0,75.00K,0.00K,Public,"An outbreak of severe thunderstorms brought extreme winds, very large hail, and multiple tornadoes across much of southern North Dakota from the late afternoon into the nighttime hours. A low-pressure system in southeastern Montana and a warm front stretching eastward across southern North Dakota provided a focus for the severe thunderstorms. Several environmental parameters were in place for a significant outbreak, most notable was the amount of deep-layer wind shear. The lowest layer of the atmosphere (up to 1 mile above the surface) also contained strong wind shear, which was one of the key ingredients that resulted in the higher risk for strong tornadoes. This event has been classified as a derecho, a term that is reserved for the most intense, widespread, and long-lasting lines of severe thunderstorms. By definition, a derecho is a widespread severe windstorm characterized by a family of destructive downbursts containing multiple 75+ mph gusts associated with the system.|Thunderstorms initially developed in eastern Montana in the late afternoon and moved into southwest North Dakota. Severe wind gusts around 60 mph were reported in far southwest North Dakota from Dickinson to Bowman during the early evening. Thereafter, storms grew into a pronounced line as they moved east and began accelerating. Shortly thereafter, extremely strong wind gusts started occurring, including a measured 94 mph gust to the northwest of Elgin in Grant County, and estimated 95 mph wind gusts in Hettinger County where a farmstead was severely damaged. Meanwhile, a supercell thunderstorm developed just south of Jamestown, and produced three-inch diameter hail as it moved northward into the city. This storm then slowly moved to the east-northeast and produced a brief tornado between Jamestown and Spiritwood. Shortly thereafter, a larger tornado formed near Spiritwood and moved to the east-northeast into Barnes County where EF-3 damage occurred, before tracking back into Stutsman County while it was dissipating. Specific details on the damage with this event can be found in the National Weather Service-Grand Forks Storm Data entry. Another supercell thunderstorm then formed south of the initial storm, moving southeast through southern Stutsman and northern LaMoure Counties. This storm produced a tornado near Adrian and another north of Verona. During this time, the line of storms to the west continued to strengthen, producing a wide swath of 80 to 100 mph wind gusts as it moved through south central North Dakota and across the James River Valley during the mid-evening into the nighttime hours. The derecho caused extensive tree and structure damage along its path, with significant damage to grain storage equipment and power transmission poles. The highest measured wind gust associated with the derecho was 101 mph at a North Dakota Agricultural Weather Network (NDAWN) station 5 miles northwest of Linton. There were also several tornadoes produced by the intense line of storms, including two tornadoes rated as EF-1 (north of Interstate 94 between Crystal Springs and Medina near the Kidder/Stutsman County Line, and to the southwest of Grace City in Foster County), and one tornado rated as EF-2 (north of Sweet Briar Lake in Morton County).  The derecho resulted in one injury which occurred in a housing development to the south of Lincoln in Burleigh County as a male was outdoors and was struck by flying debris. Also, one indirect fatality occurred near Courtenay in Stutsman County where a 76-year-old male died in his sleep from his breathing device not operating properly due to the power outage caused by the storm.","A large tree snapped towards the base, and another tree fell onto a house."
ND-EO-2025-05,2025-05,Armstrong,Declares Statewide Disaster for Tornado Damage (Enderlin severe storms),2025-06-21,https://ndresponse.gov/news/armstrong-declares-disaster-tornado-damage-extends-sympathy-victims-families,1271773,202944,2025-06-20 19:47:00,2025-06-20 19:50:00,C,county/county-equivalent,59,MORTON,Thunderstorm Wind,68.0,MG,0,0,0.00K,0.00K,Mesonet,"An outbreak of severe thunderstorms brought extreme winds, very large hail, and multiple tornadoes across much of southern North Dakota from the late afternoon into the nighttime hours. A low-pressure system in southeastern Montana and a warm front stretching eastward across southern North Dakota provided a focus for the severe thunderstorms. Several environmental parameters were in place for a significant outbreak, most notable was the amount of deep-layer wind shear. The lowest layer of the atmosphere (up to 1 mile above the surface) also contained strong wind shear, which was one of the key ingredients that resulted in the higher risk for strong tornadoes. This event has been classified as a derecho, a term that is reserved for the most intense, widespread, and long-lasting lines of severe thunderstorms. By definition, a derecho is a widespread severe windstorm characterized by a family of destructive downbursts containing multiple 75+ mph gusts associated with the system.|Thunderstorms initially developed in eastern Montana in the late afternoon and moved into southwest North Dakota. Severe wind gusts around 60 mph were reported in far southwest North Dakota from Dickinson to Bowman during the early evening. Thereafter, storms grew into a pronounced line as they moved east and began accelerating. Shortly thereafter, extremely strong wind gusts started occurring, including a measured 94 mph gust to the northwest of Elgin in Grant County, and estimated 95 mph wind gusts in Hettinger County where a farmstead was severely damaged. Meanwhile, a supercell thunderstorm developed just south of Jamestown, and produced three-inch diameter hail as it moved northward into the city. This storm then slowly moved to the east-northeast and produced a brief tornado between Jamestown and Spiritwood. Shortly thereafter, a larger tornado formed near Spiritwood and moved to the east-northeast into Barnes County where EF-3 damage occurred, before tracking back into Stutsman County while it was dissipating. Specific details on the damage with this event can be found in the National Weather Service-Grand Forks Storm Data entry. Another supercell thunderstorm then formed south of the initial storm, moving southeast through southern Stutsman and northern LaMoure Counties. This storm produced a tornado near Adrian and another north of Verona. During this time, the line of storms to the west continued to strengthen, producing a wide swath of 80 to 100 mph wind gusts as it moved through south central North Dakota and across the James River Valley during the mid-evening into the nighttime hours. The derecho caused extensive tree and structure damage along its path, with significant damage to grain storage equipment and power transmission poles. The highest measured wind gust associated with the derecho was 101 mph at a North Dakota Agricultural Weather Network (NDAWN) station 5 miles northwest of Linton. There were also several tornadoes produced by the intense line of storms, including two tornadoes rated as EF-1 (north of Interstate 94 between Crystal Springs and Medina near the Kidder/Stutsman County Line, and to the southwest of Grace City in Foster County), and one tornado rated as EF-2 (north of Sweet Briar Lake in Morton County).  The derecho resulted in one injury which occurred in a housing development to the south of Lincoln in Burleigh County as a male was outdoors and was struck by flying debris. Also, one indirect fatality occurred near Courtenay in Stutsman County where a 76-year-old male died in his sleep from his breathing device not operating properly due to the power outage caused by the storm.",
ND-EO-2025-05,2025-05,Armstrong,Declares Statewide Disaster for Tornado Damage (Enderlin severe storms),2025-06-21,https://ndresponse.gov/news/armstrong-declares-disaster-tornado-damage-extends-sympathy-victims-families,1264298,202944,2025-06-20 19:48:00,2025-06-20 19:59:00,C,county/county-equivalent,59,MORTON,Tornado,,,0,0,1.50M,0.00K,Public,"An outbreak of severe thunderstorms brought extreme winds, very large hail, and multiple tornadoes across much of southern North Dakota from the late afternoon into the nighttime hours. A low-pressure system in southeastern Montana and a warm front stretching eastward across southern North Dakota provided a focus for the severe thunderstorms. Several environmental parameters were in place for a significant outbreak, most notable was the amount of deep-layer wind shear. The lowest layer of the atmosphere (up to 1 mile above the surface) also contained strong wind shear, which was one of the key ingredients that resulted in the higher risk for strong tornadoes. This event has been classified as a derecho, a term that is reserved for the most intense, widespread, and long-lasting lines of severe thunderstorms. By definition, a derecho is a widespread severe windstorm characterized by a family of destructive downbursts containing multiple 75+ mph gusts associated with the system.|Thunderstorms initially developed in eastern Montana in the late afternoon and moved into southwest North Dakota. Severe wind gusts around 60 mph were reported in far southwest North Dakota from Dickinson to Bowman during the early evening. Thereafter, storms grew into a pronounced line as they moved east and began accelerating. Shortly thereafter, extremely strong wind gusts started occurring, including a measured 94 mph gust to the northwest of Elgin in Grant County, and estimated 95 mph wind gusts in Hettinger County where a farmstead was severely damaged. Meanwhile, a supercell thunderstorm developed just south of Jamestown, and produced three-inch diameter hail as it moved northward into the city. This storm then slowly moved to the east-northeast and produced a brief tornado between Jamestown and Spiritwood. Shortly thereafter, a larger tornado formed near Spiritwood and moved to the east-northeast into Barnes County where EF-3 damage occurred, before tracking back into Stutsman County while it was dissipating. Specific details on the damage with this event can be found in the National Weather Service-Grand Forks Storm Data entry. Another supercell thunderstorm then formed south of the initial storm, moving southeast through southern Stutsman and northern LaMoure Counties. This storm produced a tornado near Adrian and another north of Verona. During this time, the line of storms to the west continued to strengthen, producing a wide swath of 80 to 100 mph wind gusts as it moved through south central North Dakota and across the James River Valley during the mid-evening into the nighttime hours. The derecho caused extensive tree and structure damage along its path, with significant damage to grain storage equipment and power transmission poles. The highest measured wind gust associated with the derecho was 101 mph at a North Dakota Agricultural Weather Network (NDAWN) station 5 miles northwest of Linton. There were also several tornadoes produced by the intense line of storms, including two tornadoes rated as EF-1 (north of Interstate 94 between Crystal Springs and Medina near the Kidder/Stutsman County Line, and to the southwest of Grace City in Foster County), and one tornado rated as EF-2 (north of Sweet Briar Lake in Morton County).  The derecho resulted in one injury which occurred in a housing development to the south of Lincoln in Burleigh County as a male was outdoors and was struck by flying debris. Also, one indirect fatality occurred near Courtenay in Stutsman County where a 76-year-old male died in his sleep from his breathing device not operating properly due to the power outage caused by the storm.","This Quasi-Linear Convective System (QLCS) tornado occurred to the north-northwest of Sweet Briar Lake. Three farmsteads were impacted. The first farmstead had minimal damage. The second farmstead had two large pole barns lose their roofs, with some collapsed walls. A half-full steel grain bin had its top completely removed, with the bin side dented in to grain level. A large Harvestore silo was significantly dented. A mile of power poles were broken between the second and third farms. The third farm had damage to the house which included much of the shingling being removed and a portion of the roof sheathing being removed, along with windows being broken. In addition, a pole barn had almost all its roof covering blown off with mainly rafters remaining. After the third farm, the tornado then struck a wind turbine, which snapped its support pole 1/4 of the way up, resulting the turbine toppling. Another turbine suffered blade damage. Based on the damage done this tornado was rated EF-2, and from that wind speeds were estimated to be around 120 mph."
ND-EO-2025-05,2025-05,Armstrong,Declares Statewide Disaster for Tornado Damage (Enderlin severe storms),2025-06-21,https://ndresponse.gov/news/armstrong-declares-disaster-tornado-damage-extends-sympathy-victims-families,1275058,202944,2025-06-20 19:55:00,2025-06-20 19:57:00,C,county/county-equivalent,59,MORTON,Thunderstorm Wind,78.0,EG,0,0,40.00K,0.00K,Trained Spotter,"An outbreak of severe thunderstorms brought extreme winds, very large hail, and multiple tornadoes across much of southern North Dakota from the late afternoon into the nighttime hours. A low-pressure system in southeastern Montana and a warm front stretching eastward across southern North Dakota provided a focus for the severe thunderstorms. Several environmental parameters were in place for a significant outbreak, most notable was the amount of deep-layer wind shear. The lowest layer of the atmosphere (up to 1 mile above the surface) also contained strong wind shear, which was one of the key ingredients that resulted in the higher risk for strong tornadoes. This event has been classified as a derecho, a term that is reserved for the most intense, widespread, and long-lasting lines of severe thunderstorms. By definition, a derecho is a widespread severe windstorm characterized by a family of destructive downbursts containing multiple 75+ mph gusts associated with the system.|Thunderstorms initially developed in eastern Montana in the late afternoon and moved into southwest North Dakota. Severe wind gusts around 60 mph were reported in far southwest North Dakota from Dickinson to Bowman during the early evening. Thereafter, storms grew into a pronounced line as they moved east and began accelerating. Shortly thereafter, extremely strong wind gusts started occurring, including a measured 94 mph gust to the northwest of Elgin in Grant County, and estimated 95 mph wind gusts in Hettinger County where a farmstead was severely damaged. Meanwhile, a supercell thunderstorm developed just south of Jamestown, and produced three-inch diameter hail as it moved northward into the city. This storm then slowly moved to the east-northeast and produced a brief tornado between Jamestown and Spiritwood. Shortly thereafter, a larger tornado formed near Spiritwood and moved to the east-northeast into Barnes County where EF-3 damage occurred, before tracking back into Stutsman County while it was dissipating. Specific details on the damage with this event can be found in the National Weather Service-Grand Forks Storm Data entry. Another supercell thunderstorm then formed south of the initial storm, moving southeast through southern Stutsman and northern LaMoure Counties. This storm produced a tornado near Adrian and another north of Verona. During this time, the line of storms to the west continued to strengthen, producing a wide swath of 80 to 100 mph wind gusts as it moved through south central North Dakota and across the James River Valley during the mid-evening into the nighttime hours. The derecho caused extensive tree and structure damage along its path, with significant damage to grain storage equipment and power transmission poles. The highest measured wind gust associated with the derecho was 101 mph at a North Dakota Agricultural Weather Network (NDAWN) station 5 miles northwest of Linton. There were also several tornadoes produced by the intense line of storms, including two tornadoes rated as EF-1 (north of Interstate 94 between Crystal Springs and Medina near the Kidder/Stutsman County Line, and to the southwest of Grace City in Foster County), and one tornado rated as EF-2 (north of Sweet Briar Lake in Morton County).  The derecho resulted in one injury which occurred in a housing development to the south of Lincoln in Burleigh County as a male was outdoors and was struck by flying debris. Also, one indirect fatality occurred near Courtenay in Stutsman County where a 76-year-old male died in his sleep from his breathing device not operating properly due to the power outage caused by the storm.",Approximately one mile of power lines were blown down.
ND-EO-2025-05,2025-05,Armstrong,Declares Statewide Disaster for Tornado Damage (Enderlin severe storms),2025-06-21,https://ndresponse.gov/news/armstrong-declares-disaster-tornado-damage-extends-sympathy-victims-families,1275060,202944,2025-06-20 20:00:00,2025-06-20 20:03:00,C,county/county-equivalent,59,MORTON,Thunderstorm Wind,61.0,MG,0,0,0.00K,0.00K,Mesonet,"An outbreak of severe thunderstorms brought extreme winds, very large hail, and multiple tornadoes across much of southern North Dakota from the late afternoon into the nighttime hours. A low-pressure system in southeastern Montana and a warm front stretching eastward across southern North Dakota provided a focus for the severe thunderstorms. Several environmental parameters were in place for a significant outbreak, most notable was the amount of deep-layer wind shear. The lowest layer of the atmosphere (up to 1 mile above the surface) also contained strong wind shear, which was one of the key ingredients that resulted in the higher risk for strong tornadoes. This event has been classified as a derecho, a term that is reserved for the most intense, widespread, and long-lasting lines of severe thunderstorms. By definition, a derecho is a widespread severe windstorm characterized by a family of destructive downbursts containing multiple 75+ mph gusts associated with the system.|Thunderstorms initially developed in eastern Montana in the late afternoon and moved into southwest North Dakota. Severe wind gusts around 60 mph were reported in far southwest North Dakota from Dickinson to Bowman during the early evening. Thereafter, storms grew into a pronounced line as they moved east and began accelerating. Shortly thereafter, extremely strong wind gusts started occurring, including a measured 94 mph gust to the northwest of Elgin in Grant County, and estimated 95 mph wind gusts in Hettinger County where a farmstead was severely damaged. Meanwhile, a supercell thunderstorm developed just south of Jamestown, and produced three-inch diameter hail as it moved northward into the city. This storm then slowly moved to the east-northeast and produced a brief tornado between Jamestown and Spiritwood. Shortly thereafter, a larger tornado formed near Spiritwood and moved to the east-northeast into Barnes County where EF-3 damage occurred, before tracking back into Stutsman County while it was dissipating. Specific details on the damage with this event can be found in the National Weather Service-Grand Forks Storm Data entry. Another supercell thunderstorm then formed south of the initial storm, moving southeast through southern Stutsman and northern LaMoure Counties. This storm produced a tornado near Adrian and another north of Verona. During this time, the line of storms to the west continued to strengthen, producing a wide swath of 80 to 100 mph wind gusts as it moved through south central North Dakota and across the James River Valley during the mid-evening into the nighttime hours. The derecho caused extensive tree and structure damage along its path, with significant damage to grain storage equipment and power transmission poles. The highest measured wind gust associated with the derecho was 101 mph at a North Dakota Agricultural Weather Network (NDAWN) station 5 miles northwest of Linton. There were also several tornadoes produced by the intense line of storms, including two tornadoes rated as EF-1 (north of Interstate 94 between Crystal Springs and Medina near the Kidder/Stutsman County Line, and to the southwest of Grace City in Foster County), and one tornado rated as EF-2 (north of Sweet Briar Lake in Morton County).  The derecho resulted in one injury which occurred in a housing development to the south of Lincoln in Burleigh County as a male was outdoors and was struck by flying debris. Also, one indirect fatality occurred near Courtenay in Stutsman County where a 76-year-old male died in his sleep from his breathing device not operating properly due to the power outage caused by the storm.",
ND-EO-2025-05,2025-05,Armstrong,Declares Statewide Disaster for Tornado Damage (Enderlin severe storms),2025-06-21,https://ndresponse.gov/news/armstrong-declares-disaster-tornado-damage-extends-sympathy-victims-families,1271797,202944,2025-06-20 20:07:00,2025-06-20 20:10:00,C,county/county-equivalent,59,MORTON,Thunderstorm Wind,68.0,MG,0,0,0.00K,0.00K,Public,"An outbreak of severe thunderstorms brought extreme winds, very large hail, and multiple tornadoes across much of southern North Dakota from the late afternoon into the nighttime hours. A low-pressure system in southeastern Montana and a warm front stretching eastward across southern North Dakota provided a focus for the severe thunderstorms. Several environmental parameters were in place for a significant outbreak, most notable was the amount of deep-layer wind shear. The lowest layer of the atmosphere (up to 1 mile above the surface) also contained strong wind shear, which was one of the key ingredients that resulted in the higher risk for strong tornadoes. This event has been classified as a derecho, a term that is reserved for the most intense, widespread, and long-lasting lines of severe thunderstorms. By definition, a derecho is a widespread severe windstorm characterized by a family of destructive downbursts containing multiple 75+ mph gusts associated with the system.|Thunderstorms initially developed in eastern Montana in the late afternoon and moved into southwest North Dakota. Severe wind gusts around 60 mph were reported in far southwest North Dakota from Dickinson to Bowman during the early evening. Thereafter, storms grew into a pronounced line as they moved east and began accelerating. Shortly thereafter, extremely strong wind gusts started occurring, including a measured 94 mph gust to the northwest of Elgin in Grant County, and estimated 95 mph wind gusts in Hettinger County where a farmstead was severely damaged. Meanwhile, a supercell thunderstorm developed just south of Jamestown, and produced three-inch diameter hail as it moved northward into the city. This storm then slowly moved to the east-northeast and produced a brief tornado between Jamestown and Spiritwood. Shortly thereafter, a larger tornado formed near Spiritwood and moved to the east-northeast into Barnes County where EF-3 damage occurred, before tracking back into Stutsman County while it was dissipating. Specific details on the damage with this event can be found in the National Weather Service-Grand Forks Storm Data entry. Another supercell thunderstorm then formed south of the initial storm, moving southeast through southern Stutsman and northern LaMoure Counties. This storm produced a tornado near Adrian and another north of Verona. During this time, the line of storms to the west continued to strengthen, producing a wide swath of 80 to 100 mph wind gusts as it moved through south central North Dakota and across the James River Valley during the mid-evening into the nighttime hours. The derecho caused extensive tree and structure damage along its path, with significant damage to grain storage equipment and power transmission poles. The highest measured wind gust associated with the derecho was 101 mph at a North Dakota Agricultural Weather Network (NDAWN) station 5 miles northwest of Linton. There were also several tornadoes produced by the intense line of storms, including two tornadoes rated as EF-1 (north of Interstate 94 between Crystal Springs and Medina near the Kidder/Stutsman County Line, and to the southwest of Grace City in Foster County), and one tornado rated as EF-2 (north of Sweet Briar Lake in Morton County).  The derecho resulted in one injury which occurred in a housing development to the south of Lincoln in Burleigh County as a male was outdoors and was struck by flying debris. Also, one indirect fatality occurred near Courtenay in Stutsman County where a 76-year-old male died in his sleep from his breathing device not operating properly due to the power outage caused by the storm.",
ND-EO-2025-05,2025-05,Armstrong,Declares Statewide Disaster for Tornado Damage (Enderlin severe storms),2025-06-21,https://ndresponse.gov/news/armstrong-declares-disaster-tornado-damage-extends-sympathy-victims-families,1271783,202944,2025-06-20 20:15:00,2025-06-20 20:18:00,C,county/county-equivalent,59,MORTON,Thunderstorm Wind,54.0,MG,0,0,0.00K,0.00K,AWOS,"An outbreak of severe thunderstorms brought extreme winds, very large hail, and multiple tornadoes across much of southern North Dakota from the late afternoon into the nighttime hours. A low-pressure system in southeastern Montana and a warm front stretching eastward across southern North Dakota provided a focus for the severe thunderstorms. Several environmental parameters were in place for a significant outbreak, most notable was the amount of deep-layer wind shear. The lowest layer of the atmosphere (up to 1 mile above the surface) also contained strong wind shear, which was one of the key ingredients that resulted in the higher risk for strong tornadoes. This event has been classified as a derecho, a term that is reserved for the most intense, widespread, and long-lasting lines of severe thunderstorms. By definition, a derecho is a widespread severe windstorm characterized by a family of destructive downbursts containing multiple 75+ mph gusts associated with the system.|Thunderstorms initially developed in eastern Montana in the late afternoon and moved into southwest North Dakota. Severe wind gusts around 60 mph were reported in far southwest North Dakota from Dickinson to Bowman during the early evening. Thereafter, storms grew into a pronounced line as they moved east and began accelerating. Shortly thereafter, extremely strong wind gusts started occurring, including a measured 94 mph gust to the northwest of Elgin in Grant County, and estimated 95 mph wind gusts in Hettinger County where a farmstead was severely damaged. Meanwhile, a supercell thunderstorm developed just south of Jamestown, and produced three-inch diameter hail as it moved northward into the city. This storm then slowly moved to the east-northeast and produced a brief tornado between Jamestown and Spiritwood. Shortly thereafter, a larger tornado formed near Spiritwood and moved to the east-northeast into Barnes County where EF-3 damage occurred, before tracking back into Stutsman County while it was dissipating. Specific details on the damage with this event can be found in the National Weather Service-Grand Forks Storm Data entry. Another supercell thunderstorm then formed south of the initial storm, moving southeast through southern Stutsman and northern LaMoure Counties. This storm produced a tornado near Adrian and another north of Verona. During this time, the line of storms to the west continued to strengthen, producing a wide swath of 80 to 100 mph wind gusts as it moved through south central North Dakota and across the James River Valley during the mid-evening into the nighttime hours. The derecho caused extensive tree and structure damage along its path, with significant damage to grain storage equipment and power transmission poles. The highest measured wind gust associated with the derecho was 101 mph at a North Dakota Agricultural Weather Network (NDAWN) station 5 miles northwest of Linton. There were also several tornadoes produced by the intense line of storms, including two tornadoes rated as EF-1 (north of Interstate 94 between Crystal Springs and Medina near the Kidder/Stutsman County Line, and to the southwest of Grace City in Foster County), and one tornado rated as EF-2 (north of Sweet Briar Lake in Morton County).  The derecho resulted in one injury which occurred in a housing development to the south of Lincoln in Burleigh County as a male was outdoors and was struck by flying debris. Also, one indirect fatality occurred near Courtenay in Stutsman County where a 76-year-old male died in his sleep from his breathing device not operating properly due to the power outage caused by the storm.",
ND-EO-2025-05,2025-05,Armstrong,Declares Statewide Disaster for Tornado Damage (Enderlin severe storms),2025-06-21,https://ndresponse.gov/news/armstrong-declares-disaster-tornado-damage-extends-sympathy-victims-families,1275116,202944,2025-06-20 20:15:00,2025-06-20 20:18:00,C,county/county-equivalent,59,MORTON,Thunderstorm Wind,51.0,MG,0,0,0.00K,0.00K,Mesonet,"An outbreak of severe thunderstorms brought extreme winds, very large hail, and multiple tornadoes across much of southern North Dakota from the late afternoon into the nighttime hours. A low-pressure system in southeastern Montana and a warm front stretching eastward across southern North Dakota provided a focus for the severe thunderstorms. Several environmental parameters were in place for a significant outbreak, most notable was the amount of deep-layer wind shear. The lowest layer of the atmosphere (up to 1 mile above the surface) also contained strong wind shear, which was one of the key ingredients that resulted in the higher risk for strong tornadoes. This event has been classified as a derecho, a term that is reserved for the most intense, widespread, and long-lasting lines of severe thunderstorms. By definition, a derecho is a widespread severe windstorm characterized by a family of destructive downbursts containing multiple 75+ mph gusts associated with the system.|Thunderstorms initially developed in eastern Montana in the late afternoon and moved into southwest North Dakota. Severe wind gusts around 60 mph were reported in far southwest North Dakota from Dickinson to Bowman during the early evening. Thereafter, storms grew into a pronounced line as they moved east and began accelerating. Shortly thereafter, extremely strong wind gusts started occurring, including a measured 94 mph gust to the northwest of Elgin in Grant County, and estimated 95 mph wind gusts in Hettinger County where a farmstead was severely damaged. Meanwhile, a supercell thunderstorm developed just south of Jamestown, and produced three-inch diameter hail as it moved northward into the city. This storm then slowly moved to the east-northeast and produced a brief tornado between Jamestown and Spiritwood. Shortly thereafter, a larger tornado formed near Spiritwood and moved to the east-northeast into Barnes County where EF-3 damage occurred, before tracking back into Stutsman County while it was dissipating. Specific details on the damage with this event can be found in the National Weather Service-Grand Forks Storm Data entry. Another supercell thunderstorm then formed south of the initial storm, moving southeast through southern Stutsman and northern LaMoure Counties. This storm produced a tornado near Adrian and another north of Verona. During this time, the line of storms to the west continued to strengthen, producing a wide swath of 80 to 100 mph wind gusts as it moved through south central North Dakota and across the James River Valley during the mid-evening into the nighttime hours. The derecho caused extensive tree and structure damage along its path, with significant damage to grain storage equipment and power transmission poles. The highest measured wind gust associated with the derecho was 101 mph at a North Dakota Agricultural Weather Network (NDAWN) station 5 miles northwest of Linton. There were also several tornadoes produced by the intense line of storms, including two tornadoes rated as EF-1 (north of Interstate 94 between Crystal Springs and Medina near the Kidder/Stutsman County Line, and to the southwest of Grace City in Foster County), and one tornado rated as EF-2 (north of Sweet Briar Lake in Morton County).  The derecho resulted in one injury which occurred in a housing development to the south of Lincoln in Burleigh County as a male was outdoors and was struck by flying debris. Also, one indirect fatality occurred near Courtenay in Stutsman County where a 76-year-old male died in his sleep from his breathing device not operating properly due to the power outage caused by the storm.",
ND-EO-2025-05,2025-05,Armstrong,Declares Statewide Disaster for Tornado Damage (Enderlin severe storms),2025-06-21,https://ndresponse.gov/news/armstrong-declares-disaster-tornado-damage-extends-sympathy-victims-families,1278256,203614,2025-06-20 22:18:00,2025-06-20 22:18:00,C,county/county-equivalent,63,NELSON,Thunderstorm Wind,54.0,MG,0,0,,,Mesonet,"During the evening of Friday, June 20th into the early morning hours of June 21st, much of the region was affected by severe weather. Supercell thunderstorms developed across southeast North Dakota ahead of an approaching convective complex, producing multiple strong, destructive, and fatal tornadoes. This was followed by a powerful line of severe thunderstorms categorized as a derecho, which tracked across much of the region resulting in widespread straight line wind damage. After the derecho passed through the region, there was a period of prolonged destructive winds that affected portions of central and east central North Dakota, as well as adjacent portions of Minnesota. This was a unique event due to the combination of the violent tornadoes ahead of the derecho, and the long duration of significant winds that followed the derecho. Based on estimates provided by North Dakota Agriculture Commissioner Doug Goehring, the state lost anywhere from 50 to 80 million bushels of grain storage capacity from these storms.",NDAWN station 1NNE Pekin reported a 62 mph wind gust at the 10 meter sensor. Mesonet station 325765 Pekin ND NDAWN.
ND-EO-2025-05,2025-05,Armstrong,Declares Statewide Disaster for Tornado Damage (Enderlin severe storms),2025-06-21,https://ndresponse.gov/news/armstrong-declares-disaster-tornado-damage-extends-sympathy-victims-families,1278255,203614,2025-06-20 22:35:00,2025-06-20 22:35:00,C,county/county-equivalent,63,NELSON,Thunderstorm Wind,58.0,MG,0,0,,,Mesonet,"During the evening of Friday, June 20th into the early morning hours of June 21st, much of the region was affected by severe weather. Supercell thunderstorms developed across southeast North Dakota ahead of an approaching convective complex, producing multiple strong, destructive, and fatal tornadoes. This was followed by a powerful line of severe thunderstorms categorized as a derecho, which tracked across much of the region resulting in widespread straight line wind damage. After the derecho passed through the region, there was a period of prolonged destructive winds that affected portions of central and east central North Dakota, as well as adjacent portions of Minnesota. This was a unique event due to the combination of the violent tornadoes ahead of the derecho, and the long duration of significant winds that followed the derecho. Based on estimates provided by North Dakota Agriculture Commissioner Doug Goehring, the state lost anywhere from 50 to 80 million bushels of grain storage capacity from these storms.",NDAWN station 3W of Michigan reported a wind gust of 67 mph. Mesonet station 325769 Michigan ND NDAWN.
ND-EO-2025-05,2025-05,Armstrong,Declares Statewide Disaster for Tornado Damage (Enderlin severe storms),2025-06-21,https://ndresponse.gov/news/armstrong-declares-disaster-tornado-damage-extends-sympathy-victims-families,1272734,204228,2025-06-22 08:08:00,2025-06-22 08:13:00,C,county/county-equivalent,63,NELSON,Hail,1.0,,0,0,,,Public,Severe thunderstorms produced damaging winds and hail up to the size of quarters during the morning hours.,Report of quarter size hail.
ND-EO-2025-05,2025-05,Armstrong,Declares Statewide Disaster for Tornado Damage (Enderlin severe storms),2025-06-21,https://ndresponse.gov/news/armstrong-declares-disaster-tornado-damage-extends-sympathy-victims-families,1271986,202944,2025-06-20 19:40:00,2025-06-20 19:43:00,C,county/county-equivalent,65,OLIVER,Thunderstorm Wind,78.0,EG,0,0,20.00K,0.00K,Public,"An outbreak of severe thunderstorms brought extreme winds, very large hail, and multiple tornadoes across much of southern North Dakota from the late afternoon into the nighttime hours. A low-pressure system in southeastern Montana and a warm front stretching eastward across southern North Dakota provided a focus for the severe thunderstorms. Several environmental parameters were in place for a significant outbreak, most notable was the amount of deep-layer wind shear. The lowest layer of the atmosphere (up to 1 mile above the surface) also contained strong wind shear, which was one of the key ingredients that resulted in the higher risk for strong tornadoes. This event has been classified as a derecho, a term that is reserved for the most intense, widespread, and long-lasting lines of severe thunderstorms. By definition, a derecho is a widespread severe windstorm characterized by a family of destructive downbursts containing multiple 75+ mph gusts associated with the system.|Thunderstorms initially developed in eastern Montana in the late afternoon and moved into southwest North Dakota. Severe wind gusts around 60 mph were reported in far southwest North Dakota from Dickinson to Bowman during the early evening. Thereafter, storms grew into a pronounced line as they moved east and began accelerating. Shortly thereafter, extremely strong wind gusts started occurring, including a measured 94 mph gust to the northwest of Elgin in Grant County, and estimated 95 mph wind gusts in Hettinger County where a farmstead was severely damaged. Meanwhile, a supercell thunderstorm developed just south of Jamestown, and produced three-inch diameter hail as it moved northward into the city. This storm then slowly moved to the east-northeast and produced a brief tornado between Jamestown and Spiritwood. Shortly thereafter, a larger tornado formed near Spiritwood and moved to the east-northeast into Barnes County where EF-3 damage occurred, before tracking back into Stutsman County while it was dissipating. Specific details on the damage with this event can be found in the National Weather Service-Grand Forks Storm Data entry. Another supercell thunderstorm then formed south of the initial storm, moving southeast through southern Stutsman and northern LaMoure Counties. This storm produced a tornado near Adrian and another north of Verona. During this time, the line of storms to the west continued to strengthen, producing a wide swath of 80 to 100 mph wind gusts as it moved through south central North Dakota and across the James River Valley during the mid-evening into the nighttime hours. The derecho caused extensive tree and structure damage along its path, with significant damage to grain storage equipment and power transmission poles. The highest measured wind gust associated with the derecho was 101 mph at a North Dakota Agricultural Weather Network (NDAWN) station 5 miles northwest of Linton. There were also several tornadoes produced by the intense line of storms, including two tornadoes rated as EF-1 (north of Interstate 94 between Crystal Springs and Medina near the Kidder/Stutsman County Line, and to the southwest of Grace City in Foster County), and one tornado rated as EF-2 (north of Sweet Briar Lake in Morton County).  The derecho resulted in one injury which occurred in a housing development to the south of Lincoln in Burleigh County as a male was outdoors and was struck by flying debris. Also, one indirect fatality occurred near Courtenay in Stutsman County where a 76-year-old male died in his sleep from his breathing device not operating properly due to the power outage caused by the storm.",Multiple trees were broken down.
ND-EO-2025-05,2025-05,Armstrong,Declares Statewide Disaster for Tornado Damage (Enderlin severe storms),2025-06-21,https://ndresponse.gov/news/armstrong-declares-disaster-tornado-damage-extends-sympathy-victims-families,1275061,202944,2025-06-20 20:04:00,2025-06-20 20:07:00,C,county/county-equivalent,65,OLIVER,Thunderstorm Wind,66.0,MG,0,0,0.00K,0.00K,Mesonet,"An outbreak of severe thunderstorms brought extreme winds, very large hail, and multiple tornadoes across much of southern North Dakota from the late afternoon into the nighttime hours. A low-pressure system in southeastern Montana and a warm front stretching eastward across southern North Dakota provided a focus for the severe thunderstorms. Several environmental parameters were in place for a significant outbreak, most notable was the amount of deep-layer wind shear. The lowest layer of the atmosphere (up to 1 mile above the surface) also contained strong wind shear, which was one of the key ingredients that resulted in the higher risk for strong tornadoes. This event has been classified as a derecho, a term that is reserved for the most intense, widespread, and long-lasting lines of severe thunderstorms. By definition, a derecho is a widespread severe windstorm characterized by a family of destructive downbursts containing multiple 75+ mph gusts associated with the system.|Thunderstorms initially developed in eastern Montana in the late afternoon and moved into southwest North Dakota. Severe wind gusts around 60 mph were reported in far southwest North Dakota from Dickinson to Bowman during the early evening. Thereafter, storms grew into a pronounced line as they moved east and began accelerating. Shortly thereafter, extremely strong wind gusts started occurring, including a measured 94 mph gust to the northwest of Elgin in Grant County, and estimated 95 mph wind gusts in Hettinger County where a farmstead was severely damaged. Meanwhile, a supercell thunderstorm developed just south of Jamestown, and produced three-inch diameter hail as it moved northward into the city. This storm then slowly moved to the east-northeast and produced a brief tornado between Jamestown and Spiritwood. Shortly thereafter, a larger tornado formed near Spiritwood and moved to the east-northeast into Barnes County where EF-3 damage occurred, before tracking back into Stutsman County while it was dissipating. Specific details on the damage with this event can be found in the National Weather Service-Grand Forks Storm Data entry. Another supercell thunderstorm then formed south of the initial storm, moving southeast through southern Stutsman and northern LaMoure Counties. This storm produced a tornado near Adrian and another north of Verona. During this time, the line of storms to the west continued to strengthen, producing a wide swath of 80 to 100 mph wind gusts as it moved through south central North Dakota and across the James River Valley during the mid-evening into the nighttime hours. The derecho caused extensive tree and structure damage along its path, with significant damage to grain storage equipment and power transmission poles. The highest measured wind gust associated with the derecho was 101 mph at a North Dakota Agricultural Weather Network (NDAWN) station 5 miles northwest of Linton. There were also several tornadoes produced by the intense line of storms, including two tornadoes rated as EF-1 (north of Interstate 94 between Crystal Springs and Medina near the Kidder/Stutsman County Line, and to the southwest of Grace City in Foster County), and one tornado rated as EF-2 (north of Sweet Briar Lake in Morton County).  The derecho resulted in one injury which occurred in a housing development to the south of Lincoln in Burleigh County as a male was outdoors and was struck by flying debris. Also, one indirect fatality occurred near Courtenay in Stutsman County where a 76-year-old male died in his sleep from his breathing device not operating properly due to the power outage caused by the storm.",
ND-EO-2025-05,2025-05,Armstrong,Declares Statewide Disaster for Tornado Damage (Enderlin severe storms),2025-06-21,https://ndresponse.gov/news/armstrong-declares-disaster-tornado-damage-extends-sympathy-victims-families,1271784,202944,2025-06-20 20:17:00,2025-06-20 20:20:00,C,county/county-equivalent,65,OLIVER,Thunderstorm Wind,56.0,MG,0,0,0.00K,0.00K,Mesonet,"An outbreak of severe thunderstorms brought extreme winds, very large hail, and multiple tornadoes across much of southern North Dakota from the late afternoon into the nighttime hours. A low-pressure system in southeastern Montana and a warm front stretching eastward across southern North Dakota provided a focus for the severe thunderstorms. Several environmental parameters were in place for a significant outbreak, most notable was the amount of deep-layer wind shear. The lowest layer of the atmosphere (up to 1 mile above the surface) also contained strong wind shear, which was one of the key ingredients that resulted in the higher risk for strong tornadoes. This event has been classified as a derecho, a term that is reserved for the most intense, widespread, and long-lasting lines of severe thunderstorms. By definition, a derecho is a widespread severe windstorm characterized by a family of destructive downbursts containing multiple 75+ mph gusts associated with the system.|Thunderstorms initially developed in eastern Montana in the late afternoon and moved into southwest North Dakota. Severe wind gusts around 60 mph were reported in far southwest North Dakota from Dickinson to Bowman during the early evening. Thereafter, storms grew into a pronounced line as they moved east and began accelerating. Shortly thereafter, extremely strong wind gusts started occurring, including a measured 94 mph gust to the northwest of Elgin in Grant County, and estimated 95 mph wind gusts in Hettinger County where a farmstead was severely damaged. Meanwhile, a supercell thunderstorm developed just south of Jamestown, and produced three-inch diameter hail as it moved northward into the city. This storm then slowly moved to the east-northeast and produced a brief tornado between Jamestown and Spiritwood. Shortly thereafter, a larger tornado formed near Spiritwood and moved to the east-northeast into Barnes County where EF-3 damage occurred, before tracking back into Stutsman County while it was dissipating. Specific details on the damage with this event can be found in the National Weather Service-Grand Forks Storm Data entry. Another supercell thunderstorm then formed south of the initial storm, moving southeast through southern Stutsman and northern LaMoure Counties. This storm produced a tornado near Adrian and another north of Verona. During this time, the line of storms to the west continued to strengthen, producing a wide swath of 80 to 100 mph wind gusts as it moved through south central North Dakota and across the James River Valley during the mid-evening into the nighttime hours. The derecho caused extensive tree and structure damage along its path, with significant damage to grain storage equipment and power transmission poles. The highest measured wind gust associated with the derecho was 101 mph at a North Dakota Agricultural Weather Network (NDAWN) station 5 miles northwest of Linton. There were also several tornadoes produced by the intense line of storms, including two tornadoes rated as EF-1 (north of Interstate 94 between Crystal Springs and Medina near the Kidder/Stutsman County Line, and to the southwest of Grace City in Foster County), and one tornado rated as EF-2 (north of Sweet Briar Lake in Morton County).  The derecho resulted in one injury which occurred in a housing development to the south of Lincoln in Burleigh County as a male was outdoors and was struck by flying debris. Also, one indirect fatality occurred near Courtenay in Stutsman County where a 76-year-old male died in his sleep from his breathing device not operating properly due to the power outage caused by the storm.",
ND-EO-2025-05,2025-05,Armstrong,Declares Statewide Disaster for Tornado Damage (Enderlin severe storms),2025-06-21,https://ndresponse.gov/news/armstrong-declares-disaster-tornado-damage-extends-sympathy-victims-families,1281828,203614,2025-06-20 21:20:00,2025-06-20 21:29:00,C,county/county-equivalent,73,RANSOM,Tornado,,,0,0,,,NWS Storm Survey,"During the evening of Friday, June 20th into the early morning hours of June 21st, much of the region was affected by severe weather. Supercell thunderstorms developed across southeast North Dakota ahead of an approaching convective complex, producing multiple strong, destructive, and fatal tornadoes. This was followed by a powerful line of severe thunderstorms categorized as a derecho, which tracked across much of the region resulting in widespread straight line wind damage. After the derecho passed through the region, there was a period of prolonged destructive winds that affected portions of central and east central North Dakota, as well as adjacent portions of Minnesota. This was a unique event due to the combination of the violent tornadoes ahead of the derecho, and the long duration of significant winds that followed the derecho. Based on estimates provided by North Dakota Agriculture Commissioner Doug Goehring, the state lost anywhere from 50 to 80 million bushels of grain storage capacity from these storms.",First visible indication of the tornado occurred at 1017pm. The tornado tracked NE for about 3.3 miles from its start doing mainly tree and power line damage. It did do some EF1 roof damage to one farmstead in this initial phase. The tornado tracked across 117th Ave and damaged 3 power poles. Lifted north tracking over open fields which showed some ground scouring via satellite imagery. Then the tornado struck a farmstead from the southeast and spread the debris to the north/Northwest. The tornado continued to the northwest crossing 117th and taking out a another power pole as it roped out. This tornado's path was about 5.2 miles long and 400 yards wide.
ND-EO-2025-05,2025-05,Armstrong,Declares Statewide Disaster for Tornado Damage (Enderlin severe storms),2025-06-21,https://ndresponse.gov/news/armstrong-declares-disaster-tornado-damage-extends-sympathy-victims-families,1291613,203614,2025-06-20 21:22:00,2025-06-20 21:25:00,C,county/county-equivalent,73,RANSOM,Tornado,,,0,0,,,NWS Storm Survey,"During the evening of Friday, June 20th into the early morning hours of June 21st, much of the region was affected by severe weather. Supercell thunderstorms developed across southeast North Dakota ahead of an approaching convective complex, producing multiple strong, destructive, and fatal tornadoes. This was followed by a powerful line of severe thunderstorms categorized as a derecho, which tracked across much of the region resulting in widespread straight line wind damage. After the derecho passed through the region, there was a period of prolonged destructive winds that affected portions of central and east central North Dakota, as well as adjacent portions of Minnesota. This was a unique event due to the combination of the violent tornadoes ahead of the derecho, and the long duration of significant winds that followed the derecho. Based on estimates provided by North Dakota Agriculture Commissioner Doug Goehring, the state lost anywhere from 50 to 80 million bushels of grain storage capacity from these storms.",This was likely caused by a satellite tornado associated with the EF-2 tornado to the west. High resolution satellite imagery reveals tornado scarring on open field. No evidence of damage seen on satellite imagery nor reports received that could correlated with current EF scale damage indicators.
ND-EO-2025-05,2025-05,Armstrong,Declares Statewide Disaster for Tornado Damage (Enderlin severe storms),2025-06-21,https://ndresponse.gov/news/armstrong-declares-disaster-tornado-damage-extends-sympathy-victims-families,1278899,203614,2025-06-20 22:04:00,2025-06-20 22:11:00,C,county/county-equivalent,73,RANSOM,Tornado,,,0,0,,,NWS Storm Survey,"During the evening of Friday, June 20th into the early morning hours of June 21st, much of the region was affected by severe weather. Supercell thunderstorms developed across southeast North Dakota ahead of an approaching convective complex, producing multiple strong, destructive, and fatal tornadoes. This was followed by a powerful line of severe thunderstorms categorized as a derecho, which tracked across much of the region resulting in widespread straight line wind damage. After the derecho passed through the region, there was a period of prolonged destructive winds that affected portions of central and east central North Dakota, as well as adjacent portions of Minnesota. This was a unique event due to the combination of the violent tornadoes ahead of the derecho, and the long duration of significant winds that followed the derecho. Based on estimates provided by North Dakota Agriculture Commissioner Doug Goehring, the state lost anywhere from 50 to 80 million bushels of grain storage capacity from these storms.","This large and violent tornado began with minor damage to a few branches about 3 miles SSW Enderlin but within 2.5 miles of the track, the tornado gained intensity and |significantly widened. While south of Highway 46, between 56th and 57th Street SE, the tornado derailed 33 train cars including 19 fully-loaded grain hopper cars and 14 empty tanker cars, mainly tipped from the track. Included in the derailed cars were one filled grain car (286,000 lbs) and four empty tanker cars (72,000 lbs) that were pulled into a field away from the track.  One of the 4 tanker cars was tossed 600-1000 ft (183-305 m) from the track and an estimated 475.7 ft (145 m) from the distance of the previous tanker car it was attached to before being pulled off of the track; wheel sets detached near the point from which the cars were derailed from the track. It was in this train derailment location that EF-5 damage intensity was noted with greater than 210 mph winds listed officially for this tornado.||Extensive collaboration with wind damage experts provided forensic analyses for the train damage that occurred with this tornado. These analyses estimate potential wind speeds of approximately 230 mph are needed to completely overturn a fully loaded grain hopper car. Collaboration with the Northern Tornadoes Project at Western University���s Canadian Severe Storms Laboratory estimated a potential wind speed of >119 m/s (>266 mph) to loft the empty tanker car 475.7 ft (145 m) using similar calculations performed in Estimating Wind Speeds in Tornadoes Using Debris Trajectories of Large Compact Objects (Miller et al. 2024).  The study, published in the Monthly Weather Review, found that large compact objects lofted greater than 50 m indicate EF-5 intensity winds (greater than 200 mph). The Enderlin train cars were nearly 2�� farther than the EF-5 threshold distance and 4�� heavier than the heaviest object modeled in the study. The maximum wind speed also correlates to the timing of the maximum strength observed via the WSR-88D storm-relative velocity data from KMVX.||The tornado continued to widen as it tracked to the north and east. Just to the south of Highway 46, a free standing cell phone tower (FST DOD 2) collapsed, and it impacted several farmsteads with outbuildings destroyed. Extensive vegetation damage occurred with crops destroyed, bark stripped from trees with a ���sandpapering��� effect noted on numerous trees, and many large trees snapped or stubbed. Large tree root balls of 18-24��� diameter trunks were displaced, and in some cases, it was unknown where the uprooted trees originated from. EF-4 damage was noted with the trees. The tornado continued to track northward crossing Highway 46 into southwestern Cass County. The tornado statistics for the Ransom County portion include: a length of 5.4 miles, a maximum width of 1850 yards, a maximum wind of greater than 210 mph (EF-5), and 0 fatalities. Total track length between Ransom and Cass counties was 12.1 miles. Monetary damage estimates were not available."
ND-EO-2025-05,2025-05,Armstrong,Declares Statewide Disaster for Tornado Damage (Enderlin severe storms),2025-06-21,https://ndresponse.gov/news/armstrong-declares-disaster-tornado-damage-extends-sympathy-victims-families,1278912,203614,2025-06-20 22:30:00,2025-06-20 22:34:00,C,county/county-equivalent,73,RANSOM,Tornado,,,0,0,,,NWS Storm Survey,"During the evening of Friday, June 20th into the early morning hours of June 21st, much of the region was affected by severe weather. Supercell thunderstorms developed across southeast North Dakota ahead of an approaching convective complex, producing multiple strong, destructive, and fatal tornadoes. This was followed by a powerful line of severe thunderstorms categorized as a derecho, which tracked across much of the region resulting in widespread straight line wind damage. After the derecho passed through the region, there was a period of prolonged destructive winds that affected portions of central and east central North Dakota, as well as adjacent portions of Minnesota. This was a unique event due to the combination of the violent tornadoes ahead of the derecho, and the long duration of significant winds that followed the derecho. Based on estimates provided by North Dakota Agriculture Commissioner Doug Goehring, the state lost anywhere from 50 to 80 million bushels of grain storage capacity from these storms.","This tornado developed in Cass County before crossing Highway 46 into Ransom County, then weakened and dissipated. This tornado was on the ground for around 7 miles, at its widest was about 1351 in Cass county. In Ransom County its widest was 519 yards as it crossed into the county. Damage indicators along the path of this tornado correlates to EF-2 damage in Cass, with peak winds estimated to be around 120 mph in that county. Along the path of this tornado was extensive tree damage, including trees snapped and uprooted. Ground scouring and crop damage was visible from high resolution satellite data correlating with at least EF-0 damage at 85 mph. This ground scouring extended into Ransom county about 0.65 miles."
ND-EO-2025-05,2025-05,Armstrong,Declares Statewide Disaster for Tornado Damage (Enderlin severe storms),2025-06-21,https://ndresponse.gov/news/armstrong-declares-disaster-tornado-damage-extends-sympathy-victims-families,1279519,203614,2025-06-20 22:35:00,2025-06-20 22:37:00,C,county/county-equivalent,73,RANSOM,Tornado,,,0,0,,,NWS Storm Survey,"During the evening of Friday, June 20th into the early morning hours of June 21st, much of the region was affected by severe weather. Supercell thunderstorms developed across southeast North Dakota ahead of an approaching convective complex, producing multiple strong, destructive, and fatal tornadoes. This was followed by a powerful line of severe thunderstorms categorized as a derecho, which tracked across much of the region resulting in widespread straight line wind damage. After the derecho passed through the region, there was a period of prolonged destructive winds that affected portions of central and east central North Dakota, as well as adjacent portions of Minnesota. This was a unique event due to the combination of the violent tornadoes ahead of the derecho, and the long duration of significant winds that followed the derecho. Based on estimates provided by North Dakota Agriculture Commissioner Doug Goehring, the state lost anywhere from 50 to 80 million bushels of grain storage capacity from these storms.",Tornado scar evident via high resolution satellite through farm fields.
ND-EO-2025-05,2025-05,Armstrong,Declares Statewide Disaster for Tornado Damage (Enderlin severe storms),2025-06-21,https://ndresponse.gov/news/armstrong-declares-disaster-tornado-damage-extends-sympathy-victims-families,1272655,203612,2025-06-19 19:35:00,2025-06-19 19:40:00,C,county/county-equivalent,77,RICHLAND,Hail,1.0,,0,0,,,Public,Severe thunderstorms developed across eastern ND and moved into northwest MN late in the evening on the 19th and early morning hours of the 20th. Severe wind gusts and hail occurred.,Quarter size hail reported outside Dollar General in Wyndmere.
ND-EO-2025-05,2025-05,Armstrong,Declares Statewide Disaster for Tornado Damage (Enderlin severe storms),2025-06-21,https://ndresponse.gov/news/armstrong-declares-disaster-tornado-damage-extends-sympathy-victims-families,1272656,203612,2025-06-19 19:55:00,2025-06-19 20:00:00,C,county/county-equivalent,77,RICHLAND,Hail,1.0,,0,0,,,Public,Severe thunderstorms developed across eastern ND and moved into northwest MN late in the evening on the 19th and early morning hours of the 20th. Severe wind gusts and hail occurred.,Estimated nickel to quarter size hail at the Hankinson School.
ND-EO-2025-05,2025-05,Armstrong,Declares Statewide Disaster for Tornado Damage (Enderlin severe storms),2025-06-21,https://ndresponse.gov/news/armstrong-declares-disaster-tornado-damage-extends-sympathy-victims-families,1272657,203612,2025-06-19 20:31:00,2025-06-19 20:36:00,C,county/county-equivalent,77,RICHLAND,Thunderstorm Wind,56.0,MG,0,0,,,Public,Severe thunderstorms developed across eastern ND and moved into northwest MN late in the evening on the 19th and early morning hours of the 20th. Severe wind gusts and hail occurred.,Tempest weather station measured gust.
ND-EO-2025-05,2025-05,Armstrong,Declares Statewide Disaster for Tornado Damage (Enderlin severe storms),2025-06-21,https://ndresponse.gov/news/armstrong-declares-disaster-tornado-damage-extends-sympathy-victims-families,1272658,203612,2025-06-19 20:43:00,2025-06-19 20:49:00,C,county/county-equivalent,77,RICHLAND,Hail,1.5,,0,0,,,Public,Severe thunderstorms developed across eastern ND and moved into northwest MN late in the evening on the 19th and early morning hours of the 20th. Severe wind gusts and hail occurred.,Ping-Pong ball sized hail reported between exit 1 and exit 8 on I-29.
ND-EO-2025-05,2025-05,Armstrong,Declares Statewide Disaster for Tornado Damage (Enderlin severe storms),2025-06-21,https://ndresponse.gov/news/armstrong-declares-disaster-tornado-damage-extends-sympathy-victims-families,1272659,203612,2025-06-19 23:30:00,2025-06-19 23:30:00,C,county/county-equivalent,77,RICHLAND,Thunderstorm Wind,50.0,EG,0,0,,,Public,Severe thunderstorms developed across eastern ND and moved into northwest MN late in the evening on the 19th and early morning hours of the 20th. Severe wind gusts and hail occurred.,Tree damage in Wahpeton.
ND-EO-2025-05,2025-05,Armstrong,Declares Statewide Disaster for Tornado Damage (Enderlin severe storms),2025-06-21,https://ndresponse.gov/news/armstrong-declares-disaster-tornado-damage-extends-sympathy-victims-families,1278258,203614,2025-06-20 23:45:00,2025-06-20 23:45:00,C,county/county-equivalent,77,RICHLAND,Thunderstorm Wind,71.0,MG,0,0,,,Mesonet,"During the evening of Friday, June 20th into the early morning hours of June 21st, much of the region was affected by severe weather. Supercell thunderstorms developed across southeast North Dakota ahead of an approaching convective complex, producing multiple strong, destructive, and fatal tornadoes. This was followed by a powerful line of severe thunderstorms categorized as a derecho, which tracked across much of the region resulting in widespread straight line wind damage. After the derecho passed through the region, there was a period of prolonged destructive winds that affected portions of central and east central North Dakota, as well as adjacent portions of Minnesota. This was a unique event due to the combination of the violent tornadoes ahead of the derecho, and the long duration of significant winds that followed the derecho. Based on estimates provided by North Dakota Agriculture Commissioner Doug Goehring, the state lost anywhere from 50 to 80 million bushels of grain storage capacity from these storms.",Mesonet measured a wind gust of 82 mph 3 miles south of Wahpeton. Mesonet station 6166D  Wahpeton ND 3 S.
ND-EO-2025-05,2025-05,Armstrong,Declares Statewide Disaster for Tornado Damage (Enderlin severe storms),2025-06-21,https://ndresponse.gov/news/armstrong-declares-disaster-tornado-damage-extends-sympathy-victims-families,1275192,202944,2025-06-20 22:00:00,2025-06-20 22:03:00,C,county/county-equivalent,83,SHERIDAN,Thunderstorm Wind,51.0,MG,0,0,0.00K,0.00K,Mesonet,"An outbreak of severe thunderstorms brought extreme winds, very large hail, and multiple tornadoes across much of southern North Dakota from the late afternoon into the nighttime hours. A low-pressure system in southeastern Montana and a warm front stretching eastward across southern North Dakota provided a focus for the severe thunderstorms. Several environmental parameters were in place for a significant outbreak, most notable was the amount of deep-layer wind shear. The lowest layer of the atmosphere (up to 1 mile above the surface) also contained strong wind shear, which was one of the key ingredients that resulted in the higher risk for strong tornadoes. This event has been classified as a derecho, a term that is reserved for the most intense, widespread, and long-lasting lines of severe thunderstorms. By definition, a derecho is a widespread severe windstorm characterized by a family of destructive downbursts containing multiple 75+ mph gusts associated with the system.|Thunderstorms initially developed in eastern Montana in the late afternoon and moved into southwest North Dakota. Severe wind gusts around 60 mph were reported in far southwest North Dakota from Dickinson to Bowman during the early evening. Thereafter, storms grew into a pronounced line as they moved east and began accelerating. Shortly thereafter, extremely strong wind gusts started occurring, including a measured 94 mph gust to the northwest of Elgin in Grant County, and estimated 95 mph wind gusts in Hettinger County where a farmstead was severely damaged. Meanwhile, a supercell thunderstorm developed just south of Jamestown, and produced three-inch diameter hail as it moved northward into the city. This storm then slowly moved to the east-northeast and produced a brief tornado between Jamestown and Spiritwood. Shortly thereafter, a larger tornado formed near Spiritwood and moved to the east-northeast into Barnes County where EF-3 damage occurred, before tracking back into Stutsman County while it was dissipating. Specific details on the damage with this event can be found in the National Weather Service-Grand Forks Storm Data entry. Another supercell thunderstorm then formed south of the initial storm, moving southeast through southern Stutsman and northern LaMoure Counties. This storm produced a tornado near Adrian and another north of Verona. During this time, the line of storms to the west continued to strengthen, producing a wide swath of 80 to 100 mph wind gusts as it moved through south central North Dakota and across the James River Valley during the mid-evening into the nighttime hours. The derecho caused extensive tree and structure damage along its path, with significant damage to grain storage equipment and power transmission poles. The highest measured wind gust associated with the derecho was 101 mph at a North Dakota Agricultural Weather Network (NDAWN) station 5 miles northwest of Linton. There were also several tornadoes produced by the intense line of storms, including two tornadoes rated as EF-1 (north of Interstate 94 between Crystal Springs and Medina near the Kidder/Stutsman County Line, and to the southwest of Grace City in Foster County), and one tornado rated as EF-2 (north of Sweet Briar Lake in Morton County).  The derecho resulted in one injury which occurred in a housing development to the south of Lincoln in Burleigh County as a male was outdoors and was struck by flying debris. Also, one indirect fatality occurred near Courtenay in Stutsman County where a 76-year-old male died in his sleep from his breathing device not operating properly due to the power outage caused by the storm.",
ND-EO-2025-05,2025-05,Armstrong,Declares Statewide Disaster for Tornado Damage (Enderlin severe storms),2025-06-21,https://ndresponse.gov/news/armstrong-declares-disaster-tornado-damage-extends-sympathy-victims-families,1271971,202944,2025-06-20 19:25:00,2025-06-20 19:28:00,C,county/county-equivalent,85,SIOUX,Thunderstorm Wind,74.0,MG,0,0,0.00K,0.00K,Mesonet,"An outbreak of severe thunderstorms brought extreme winds, very large hail, and multiple tornadoes across much of southern North Dakota from the late afternoon into the nighttime hours. A low-pressure system in southeastern Montana and a warm front stretching eastward across southern North Dakota provided a focus for the severe thunderstorms. Several environmental parameters were in place for a significant outbreak, most notable was the amount of deep-layer wind shear. The lowest layer of the atmosphere (up to 1 mile above the surface) also contained strong wind shear, which was one of the key ingredients that resulted in the higher risk for strong tornadoes. This event has been classified as a derecho, a term that is reserved for the most intense, widespread, and long-lasting lines of severe thunderstorms. By definition, a derecho is a widespread severe windstorm characterized by a family of destructive downbursts containing multiple 75+ mph gusts associated with the system.|Thunderstorms initially developed in eastern Montana in the late afternoon and moved into southwest North Dakota. Severe wind gusts around 60 mph were reported in far southwest North Dakota from Dickinson to Bowman during the early evening. Thereafter, storms grew into a pronounced line as they moved east and began accelerating. Shortly thereafter, extremely strong wind gusts started occurring, including a measured 94 mph gust to the northwest of Elgin in Grant County, and estimated 95 mph wind gusts in Hettinger County where a farmstead was severely damaged. Meanwhile, a supercell thunderstorm developed just south of Jamestown, and produced three-inch diameter hail as it moved northward into the city. This storm then slowly moved to the east-northeast and produced a brief tornado between Jamestown and Spiritwood. Shortly thereafter, a larger tornado formed near Spiritwood and moved to the east-northeast into Barnes County where EF-3 damage occurred, before tracking back into Stutsman County while it was dissipating. Specific details on the damage with this event can be found in the National Weather Service-Grand Forks Storm Data entry. Another supercell thunderstorm then formed south of the initial storm, moving southeast through southern Stutsman and northern LaMoure Counties. This storm produced a tornado near Adrian and another north of Verona. During this time, the line of storms to the west continued to strengthen, producing a wide swath of 80 to 100 mph wind gusts as it moved through south central North Dakota and across the James River Valley during the mid-evening into the nighttime hours. The derecho caused extensive tree and structure damage along its path, with significant damage to grain storage equipment and power transmission poles. The highest measured wind gust associated with the derecho was 101 mph at a North Dakota Agricultural Weather Network (NDAWN) station 5 miles northwest of Linton. There were also several tornadoes produced by the intense line of storms, including two tornadoes rated as EF-1 (north of Interstate 94 between Crystal Springs and Medina near the Kidder/Stutsman County Line, and to the southwest of Grace City in Foster County), and one tornado rated as EF-2 (north of Sweet Briar Lake in Morton County).  The derecho resulted in one injury which occurred in a housing development to the south of Lincoln in Burleigh County as a male was outdoors and was struck by flying debris. Also, one indirect fatality occurred near Courtenay in Stutsman County where a 76-year-old male died in his sleep from his breathing device not operating properly due to the power outage caused by the storm.",
ND-EO-2025-05,2025-05,Armstrong,Declares Statewide Disaster for Tornado Damage (Enderlin severe storms),2025-06-21,https://ndresponse.gov/news/armstrong-declares-disaster-tornado-damage-extends-sympathy-victims-families,1271984,202944,2025-06-20 19:30:00,2025-06-20 19:34:00,C,county/county-equivalent,85,SIOUX,Thunderstorm Wind,59.0,MG,0,0,0.00K,0.00K,Mesonet,"An outbreak of severe thunderstorms brought extreme winds, very large hail, and multiple tornadoes across much of southern North Dakota from the late afternoon into the nighttime hours. A low-pressure system in southeastern Montana and a warm front stretching eastward across southern North Dakota provided a focus for the severe thunderstorms. Several environmental parameters were in place for a significant outbreak, most notable was the amount of deep-layer wind shear. The lowest layer of the atmosphere (up to 1 mile above the surface) also contained strong wind shear, which was one of the key ingredients that resulted in the higher risk for strong tornadoes. This event has been classified as a derecho, a term that is reserved for the most intense, widespread, and long-lasting lines of severe thunderstorms. By definition, a derecho is a widespread severe windstorm characterized by a family of destructive downbursts containing multiple 75+ mph gusts associated with the system.|Thunderstorms initially developed in eastern Montana in the late afternoon and moved into southwest North Dakota. Severe wind gusts around 60 mph were reported in far southwest North Dakota from Dickinson to Bowman during the early evening. Thereafter, storms grew into a pronounced line as they moved east and began accelerating. Shortly thereafter, extremely strong wind gusts started occurring, including a measured 94 mph gust to the northwest of Elgin in Grant County, and estimated 95 mph wind gusts in Hettinger County where a farmstead was severely damaged. Meanwhile, a supercell thunderstorm developed just south of Jamestown, and produced three-inch diameter hail as it moved northward into the city. This storm then slowly moved to the east-northeast and produced a brief tornado between Jamestown and Spiritwood. Shortly thereafter, a larger tornado formed near Spiritwood and moved to the east-northeast into Barnes County where EF-3 damage occurred, before tracking back into Stutsman County while it was dissipating. Specific details on the damage with this event can be found in the National Weather Service-Grand Forks Storm Data entry. Another supercell thunderstorm then formed south of the initial storm, moving southeast through southern Stutsman and northern LaMoure Counties. This storm produced a tornado near Adrian and another north of Verona. During this time, the line of storms to the west continued to strengthen, producing a wide swath of 80 to 100 mph wind gusts as it moved through south central North Dakota and across the James River Valley during the mid-evening into the nighttime hours. The derecho caused extensive tree and structure damage along its path, with significant damage to grain storage equipment and power transmission poles. The highest measured wind gust associated with the derecho was 101 mph at a North Dakota Agricultural Weather Network (NDAWN) station 5 miles northwest of Linton. There were also several tornadoes produced by the intense line of storms, including two tornadoes rated as EF-1 (north of Interstate 94 between Crystal Springs and Medina near the Kidder/Stutsman County Line, and to the southwest of Grace City in Foster County), and one tornado rated as EF-2 (north of Sweet Briar Lake in Morton County).  The derecho resulted in one injury which occurred in a housing development to the south of Lincoln in Burleigh County as a male was outdoors and was struck by flying debris. Also, one indirect fatality occurred near Courtenay in Stutsman County where a 76-year-old male died in his sleep from his breathing device not operating properly due to the power outage caused by the storm.",
ND-EO-2025-05,2025-05,Armstrong,Declares Statewide Disaster for Tornado Damage (Enderlin severe storms),2025-06-21,https://ndresponse.gov/news/armstrong-declares-disaster-tornado-damage-extends-sympathy-victims-families,1275059,202944,2025-06-20 19:55:00,2025-06-20 19:57:00,C,county/county-equivalent,85,SIOUX,Thunderstorm Wind,78.0,EG,0,0,5.00K,0.00K,Public,"An outbreak of severe thunderstorms brought extreme winds, very large hail, and multiple tornadoes across much of southern North Dakota from the late afternoon into the nighttime hours. A low-pressure system in southeastern Montana and a warm front stretching eastward across southern North Dakota provided a focus for the severe thunderstorms. Several environmental parameters were in place for a significant outbreak, most notable was the amount of deep-layer wind shear. The lowest layer of the atmosphere (up to 1 mile above the surface) also contained strong wind shear, which was one of the key ingredients that resulted in the higher risk for strong tornadoes. This event has been classified as a derecho, a term that is reserved for the most intense, widespread, and long-lasting lines of severe thunderstorms. By definition, a derecho is a widespread severe windstorm characterized by a family of destructive downbursts containing multiple 75+ mph gusts associated with the system.|Thunderstorms initially developed in eastern Montana in the late afternoon and moved into southwest North Dakota. Severe wind gusts around 60 mph were reported in far southwest North Dakota from Dickinson to Bowman during the early evening. Thereafter, storms grew into a pronounced line as they moved east and began accelerating. Shortly thereafter, extremely strong wind gusts started occurring, including a measured 94 mph gust to the northwest of Elgin in Grant County, and estimated 95 mph wind gusts in Hettinger County where a farmstead was severely damaged. Meanwhile, a supercell thunderstorm developed just south of Jamestown, and produced three-inch diameter hail as it moved northward into the city. This storm then slowly moved to the east-northeast and produced a brief tornado between Jamestown and Spiritwood. Shortly thereafter, a larger tornado formed near Spiritwood and moved to the east-northeast into Barnes County where EF-3 damage occurred, before tracking back into Stutsman County while it was dissipating. Specific details on the damage with this event can be found in the National Weather Service-Grand Forks Storm Data entry. Another supercell thunderstorm then formed south of the initial storm, moving southeast through southern Stutsman and northern LaMoure Counties. This storm produced a tornado near Adrian and another north of Verona. During this time, the line of storms to the west continued to strengthen, producing a wide swath of 80 to 100 mph wind gusts as it moved through south central North Dakota and across the James River Valley during the mid-evening into the nighttime hours. The derecho caused extensive tree and structure damage along its path, with significant damage to grain storage equipment and power transmission poles. The highest measured wind gust associated with the derecho was 101 mph at a North Dakota Agricultural Weather Network (NDAWN) station 5 miles northwest of Linton. There were also several tornadoes produced by the intense line of storms, including two tornadoes rated as EF-1 (north of Interstate 94 between Crystal Springs and Medina near the Kidder/Stutsman County Line, and to the southwest of Grace City in Foster County), and one tornado rated as EF-2 (north of Sweet Briar Lake in Morton County).  The derecho resulted in one injury which occurred in a housing development to the south of Lincoln in Burleigh County as a male was outdoors and was struck by flying debris. Also, one indirect fatality occurred near Courtenay in Stutsman County where a 76-year-old male died in his sleep from his breathing device not operating properly due to the power outage caused by the storm.",Multiple large trees were blown down.
ND-EO-2025-05,2025-05,Armstrong,Declares Statewide Disaster for Tornado Damage (Enderlin severe storms),2025-06-21,https://ndresponse.gov/news/armstrong-declares-disaster-tornado-damage-extends-sympathy-victims-families,1271763,202944,2025-06-20 17:30:00,2025-06-20 17:33:00,C,county/county-equivalent,87,SLOPE,Thunderstorm Wind,52.0,EG,0,0,0.00K,0.00K,Trained Spotter,"An outbreak of severe thunderstorms brought extreme winds, very large hail, and multiple tornadoes across much of southern North Dakota from the late afternoon into the nighttime hours. A low-pressure system in southeastern Montana and a warm front stretching eastward across southern North Dakota provided a focus for the severe thunderstorms. Several environmental parameters were in place for a significant outbreak, most notable was the amount of deep-layer wind shear. The lowest layer of the atmosphere (up to 1 mile above the surface) also contained strong wind shear, which was one of the key ingredients that resulted in the higher risk for strong tornadoes. This event has been classified as a derecho, a term that is reserved for the most intense, widespread, and long-lasting lines of severe thunderstorms. By definition, a derecho is a widespread severe windstorm characterized by a family of destructive downbursts containing multiple 75+ mph gusts associated with the system.|Thunderstorms initially developed in eastern Montana in the late afternoon and moved into southwest North Dakota. Severe wind gusts around 60 mph were reported in far southwest North Dakota from Dickinson to Bowman during the early evening. Thereafter, storms grew into a pronounced line as they moved east and began accelerating. Shortly thereafter, extremely strong wind gusts started occurring, including a measured 94 mph gust to the northwest of Elgin in Grant County, and estimated 95 mph wind gusts in Hettinger County where a farmstead was severely damaged. Meanwhile, a supercell thunderstorm developed just south of Jamestown, and produced three-inch diameter hail as it moved northward into the city. This storm then slowly moved to the east-northeast and produced a brief tornado between Jamestown and Spiritwood. Shortly thereafter, a larger tornado formed near Spiritwood and moved to the east-northeast into Barnes County where EF-3 damage occurred, before tracking back into Stutsman County while it was dissipating. Specific details on the damage with this event can be found in the National Weather Service-Grand Forks Storm Data entry. Another supercell thunderstorm then formed south of the initial storm, moving southeast through southern Stutsman and northern LaMoure Counties. This storm produced a tornado near Adrian and another north of Verona. During this time, the line of storms to the west continued to strengthen, producing a wide swath of 80 to 100 mph wind gusts as it moved through south central North Dakota and across the James River Valley during the mid-evening into the nighttime hours. The derecho caused extensive tree and structure damage along its path, with significant damage to grain storage equipment and power transmission poles. The highest measured wind gust associated with the derecho was 101 mph at a North Dakota Agricultural Weather Network (NDAWN) station 5 miles northwest of Linton. There were also several tornadoes produced by the intense line of storms, including two tornadoes rated as EF-1 (north of Interstate 94 between Crystal Springs and Medina near the Kidder/Stutsman County Line, and to the southwest of Grace City in Foster County), and one tornado rated as EF-2 (north of Sweet Briar Lake in Morton County).  The derecho resulted in one injury which occurred in a housing development to the south of Lincoln in Burleigh County as a male was outdoors and was struck by flying debris. Also, one indirect fatality occurred near Courtenay in Stutsman County where a 76-year-old male died in his sleep from his breathing device not operating properly due to the power outage caused by the storm.",Thunderstorm wind gusts were estimated by a trained spotter.
ND-EO-2025-05,2025-05,Armstrong,Declares Statewide Disaster for Tornado Damage (Enderlin severe storms),2025-06-21,https://ndresponse.gov/news/armstrong-declares-disaster-tornado-damage-extends-sympathy-victims-families,1263445,202939,2025-06-19 16:53:00,2025-06-19 16:56:00,C,county/county-equivalent,89,STARK,Hail,1.0,,0,0,0.00K,0.00K,Public,"An environment with elevated instability and very strong deep layer shear set the stage for severe weather development over western and south central North Dakota. A long lived supercell thunderstorm developed over far southwest North Dakota near a modest frontal boundary, and quickly became severe over Billings County. The storm then continued to track to the east-southeast producing very large damaging hail as it moved through Stark, Hettinger, and Grant Counties. The largest hail reported was three inches in diameter which fell south of Dickinson in Stark County. In addition, a tornado developed approximately 9 miles southwest of Dickinson in Stark County, and traveled to the south approximately 1.4 miles. Two houses along the path of the tornado had roofs partially blown off and some siding ripped off. Tree damage also occurred, with one tree having an eight inch diameter branch snap off. Fences were broken down and two power poles were broken. Based on the damage done this tornado was rated EF-1, and from that wind speeds were estimated to be around 100 mph. Additional thunderstorms developed and moved through central and western North Dakota through the evening. One of these storms became severe over south central North Dakota producing one-inch diameter hail in Logan County.",
ND-EO-2025-05,2025-05,Armstrong,Declares Statewide Disaster for Tornado Damage (Enderlin severe storms),2025-06-21,https://ndresponse.gov/news/armstrong-declares-disaster-tornado-damage-extends-sympathy-victims-families,1263446,202939,2025-06-19 17:15:00,2025-06-19 17:17:00,C,county/county-equivalent,89,STARK,Hail,2.0,,0,0,0.00K,0.00K,Public,"An environment with elevated instability and very strong deep layer shear set the stage for severe weather development over western and south central North Dakota. A long lived supercell thunderstorm developed over far southwest North Dakota near a modest frontal boundary, and quickly became severe over Billings County. The storm then continued to track to the east-southeast producing very large damaging hail as it moved through Stark, Hettinger, and Grant Counties. The largest hail reported was three inches in diameter which fell south of Dickinson in Stark County. In addition, a tornado developed approximately 9 miles southwest of Dickinson in Stark County, and traveled to the south approximately 1.4 miles. Two houses along the path of the tornado had roofs partially blown off and some siding ripped off. Tree damage also occurred, with one tree having an eight inch diameter branch snap off. Fences were broken down and two power poles were broken. Based on the damage done this tornado was rated EF-1, and from that wind speeds were estimated to be around 100 mph. Additional thunderstorms developed and moved through central and western North Dakota through the evening. One of these storms became severe over south central North Dakota producing one-inch diameter hail in Logan County.",
ND-EO-2025-05,2025-05,Armstrong,Declares Statewide Disaster for Tornado Damage (Enderlin severe storms),2025-06-21,https://ndresponse.gov/news/armstrong-declares-disaster-tornado-damage-extends-sympathy-victims-families,1263447,202939,2025-06-19 17:20:00,2025-06-19 17:22:00,C,county/county-equivalent,89,STARK,Hail,1.75,,0,0,0.00K,0.00K,Public,"An environment with elevated instability and very strong deep layer shear set the stage for severe weather development over western and south central North Dakota. A long lived supercell thunderstorm developed over far southwest North Dakota near a modest frontal boundary, and quickly became severe over Billings County. The storm then continued to track to the east-southeast producing very large damaging hail as it moved through Stark, Hettinger, and Grant Counties. The largest hail reported was three inches in diameter which fell south of Dickinson in Stark County. In addition, a tornado developed approximately 9 miles southwest of Dickinson in Stark County, and traveled to the south approximately 1.4 miles. Two houses along the path of the tornado had roofs partially blown off and some siding ripped off. Tree damage also occurred, with one tree having an eight inch diameter branch snap off. Fences were broken down and two power poles were broken. Based on the damage done this tornado was rated EF-1, and from that wind speeds were estimated to be around 100 mph. Additional thunderstorms developed and moved through central and western North Dakota through the evening. One of these storms became severe over south central North Dakota producing one-inch diameter hail in Logan County.",
ND-EO-2025-05,2025-05,Armstrong,Declares Statewide Disaster for Tornado Damage (Enderlin severe storms),2025-06-21,https://ndresponse.gov/news/armstrong-declares-disaster-tornado-damage-extends-sympathy-victims-families,1263451,202939,2025-06-19 17:22:00,2025-06-19 17:24:00,C,county/county-equivalent,89,STARK,Tornado,,,0,0,300.00K,0.00K,Emergency Manager,"An environment with elevated instability and very strong deep layer shear set the stage for severe weather development over western and south central North Dakota. A long lived supercell thunderstorm developed over far southwest North Dakota near a modest frontal boundary, and quickly became severe over Billings County. The storm then continued to track to the east-southeast producing very large damaging hail as it moved through Stark, Hettinger, and Grant Counties. The largest hail reported was three inches in diameter which fell south of Dickinson in Stark County. In addition, a tornado developed approximately 9 miles southwest of Dickinson in Stark County, and traveled to the south approximately 1.4 miles. Two houses along the path of the tornado had roofs partially blown off and some siding ripped off. Tree damage also occurred, with one tree having an eight inch diameter branch snap off. Fences were broken down and two power poles were broken. Based on the damage done this tornado was rated EF-1, and from that wind speeds were estimated to be around 100 mph. Additional thunderstorms developed and moved through central and western North Dakota through the evening. One of these storms became severe over south central North Dakota producing one-inch diameter hail in Logan County.","The tornado touched down approximately 9 miles southwest of Dickinson and traveled to the south approximately 1.4 miles. Two houses along the path of the tornado had roofs partially blown off and some siding ripped off.  Tree damage also occurred, with one tree having an eight inch diameter branch snapped off. Fences were broken down and two power poles were broken. Based on the damage done this tornado was rated EF-1, and from that wind speeds were estimated to be around 100 mph."
ND-EO-2025-05,2025-05,Armstrong,Declares Statewide Disaster for Tornado Damage (Enderlin severe storms),2025-06-21,https://ndresponse.gov/news/armstrong-declares-disaster-tornado-damage-extends-sympathy-victims-families,1263454,202939,2025-06-19 17:23:00,2025-06-19 17:26:00,C,county/county-equivalent,89,STARK,Hail,2.5,,0,0,500.00K,0.00K,Emergency Manager,"An environment with elevated instability and very strong deep layer shear set the stage for severe weather development over western and south central North Dakota. A long lived supercell thunderstorm developed over far southwest North Dakota near a modest frontal boundary, and quickly became severe over Billings County. The storm then continued to track to the east-southeast producing very large damaging hail as it moved through Stark, Hettinger, and Grant Counties. The largest hail reported was three inches in diameter which fell south of Dickinson in Stark County. In addition, a tornado developed approximately 9 miles southwest of Dickinson in Stark County, and traveled to the south approximately 1.4 miles. Two houses along the path of the tornado had roofs partially blown off and some siding ripped off. Tree damage also occurred, with one tree having an eight inch diameter branch snap off. Fences were broken down and two power poles were broken. Based on the damage done this tornado was rated EF-1, and from that wind speeds were estimated to be around 100 mph. Additional thunderstorms developed and moved through central and western North Dakota through the evening. One of these storms became severe over south central North Dakota producing one-inch diameter hail in Logan County.","Approximately 25 windows were broken on the north and east side of area homes, along with siding and roofing damage. Multiple vehicles were heavily damaged."
ND-EO-2025-05,2025-05,Armstrong,Declares Statewide Disaster for Tornado Damage (Enderlin severe storms),2025-06-21,https://ndresponse.gov/news/armstrong-declares-disaster-tornado-damage-extends-sympathy-victims-families,1263455,202939,2025-06-19 17:23:00,2025-06-19 17:26:00,C,county/county-equivalent,89,STARK,Hail,1.75,,0,0,0.00K,0.00K,Public,"An environment with elevated instability and very strong deep layer shear set the stage for severe weather development over western and south central North Dakota. A long lived supercell thunderstorm developed over far southwest North Dakota near a modest frontal boundary, and quickly became severe over Billings County. The storm then continued to track to the east-southeast producing very large damaging hail as it moved through Stark, Hettinger, and Grant Counties. The largest hail reported was three inches in diameter which fell south of Dickinson in Stark County. In addition, a tornado developed approximately 9 miles southwest of Dickinson in Stark County, and traveled to the south approximately 1.4 miles. Two houses along the path of the tornado had roofs partially blown off and some siding ripped off. Tree damage also occurred, with one tree having an eight inch diameter branch snap off. Fences were broken down and two power poles were broken. Based on the damage done this tornado was rated EF-1, and from that wind speeds were estimated to be around 100 mph. Additional thunderstorms developed and moved through central and western North Dakota through the evening. One of these storms became severe over south central North Dakota producing one-inch diameter hail in Logan County.",
ND-EO-2025-05,2025-05,Armstrong,Declares Statewide Disaster for Tornado Damage (Enderlin severe storms),2025-06-21,https://ndresponse.gov/news/armstrong-declares-disaster-tornado-damage-extends-sympathy-victims-families,1263456,202939,2025-06-19 17:30:00,2025-06-19 17:33:00,C,county/county-equivalent,89,STARK,Hail,2.0,,0,0,0.00K,0.00K,Public,"An environment with elevated instability and very strong deep layer shear set the stage for severe weather development over western and south central North Dakota. A long lived supercell thunderstorm developed over far southwest North Dakota near a modest frontal boundary, and quickly became severe over Billings County. The storm then continued to track to the east-southeast producing very large damaging hail as it moved through Stark, Hettinger, and Grant Counties. The largest hail reported was three inches in diameter which fell south of Dickinson in Stark County. In addition, a tornado developed approximately 9 miles southwest of Dickinson in Stark County, and traveled to the south approximately 1.4 miles. Two houses along the path of the tornado had roofs partially blown off and some siding ripped off. Tree damage also occurred, with one tree having an eight inch diameter branch snap off. Fences were broken down and two power poles were broken. Based on the damage done this tornado was rated EF-1, and from that wind speeds were estimated to be around 100 mph. Additional thunderstorms developed and moved through central and western North Dakota through the evening. One of these storms became severe over south central North Dakota producing one-inch diameter hail in Logan County.",
ND-EO-2025-05,2025-05,Armstrong,Declares Statewide Disaster for Tornado Damage (Enderlin severe storms),2025-06-21,https://ndresponse.gov/news/armstrong-declares-disaster-tornado-damage-extends-sympathy-victims-families,1263457,202939,2025-06-19 17:40:00,2025-06-19 17:42:00,C,county/county-equivalent,89,STARK,Hail,2.75,,0,0,0.00K,0.00K,Public,"An environment with elevated instability and very strong deep layer shear set the stage for severe weather development over western and south central North Dakota. A long lived supercell thunderstorm developed over far southwest North Dakota near a modest frontal boundary, and quickly became severe over Billings County. The storm then continued to track to the east-southeast producing very large damaging hail as it moved through Stark, Hettinger, and Grant Counties. The largest hail reported was three inches in diameter which fell south of Dickinson in Stark County. In addition, a tornado developed approximately 9 miles southwest of Dickinson in Stark County, and traveled to the south approximately 1.4 miles. Two houses along the path of the tornado had roofs partially blown off and some siding ripped off. Tree damage also occurred, with one tree having an eight inch diameter branch snap off. Fences were broken down and two power poles were broken. Based on the damage done this tornado was rated EF-1, and from that wind speeds were estimated to be around 100 mph. Additional thunderstorms developed and moved through central and western North Dakota through the evening. One of these storms became severe over south central North Dakota producing one-inch diameter hail in Logan County.",
ND-EO-2025-05,2025-05,Armstrong,Declares Statewide Disaster for Tornado Damage (Enderlin severe storms),2025-06-21,https://ndresponse.gov/news/armstrong-declares-disaster-tornado-damage-extends-sympathy-victims-families,1263458,202939,2025-06-19 17:45:00,2025-06-19 17:48:00,C,county/county-equivalent,89,STARK,Hail,3.0,,0,0,0.00K,0.00K,Public,"An environment with elevated instability and very strong deep layer shear set the stage for severe weather development over western and south central North Dakota. A long lived supercell thunderstorm developed over far southwest North Dakota near a modest frontal boundary, and quickly became severe over Billings County. The storm then continued to track to the east-southeast producing very large damaging hail as it moved through Stark, Hettinger, and Grant Counties. The largest hail reported was three inches in diameter which fell south of Dickinson in Stark County. In addition, a tornado developed approximately 9 miles southwest of Dickinson in Stark County, and traveled to the south approximately 1.4 miles. Two houses along the path of the tornado had roofs partially blown off and some siding ripped off. Tree damage also occurred, with one tree having an eight inch diameter branch snap off. Fences were broken down and two power poles were broken. Based on the damage done this tornado was rated EF-1, and from that wind speeds were estimated to be around 100 mph. Additional thunderstorms developed and moved through central and western North Dakota through the evening. One of these storms became severe over south central North Dakota producing one-inch diameter hail in Logan County.",
ND-EO-2025-05,2025-05,Armstrong,Declares Statewide Disaster for Tornado Damage (Enderlin severe storms),2025-06-21,https://ndresponse.gov/news/armstrong-declares-disaster-tornado-damage-extends-sympathy-victims-families,1271764,202944,2025-06-20 17:42:00,2025-06-20 17:45:00,C,county/county-equivalent,89,STARK,Thunderstorm Wind,50.0,MG,0,0,0.00K,0.00K,ASOS,"An outbreak of severe thunderstorms brought extreme winds, very large hail, and multiple tornadoes across much of southern North Dakota from the late afternoon into the nighttime hours. A low-pressure system in southeastern Montana and a warm front stretching eastward across southern North Dakota provided a focus for the severe thunderstorms. Several environmental parameters were in place for a significant outbreak, most notable was the amount of deep-layer wind shear. The lowest layer of the atmosphere (up to 1 mile above the surface) also contained strong wind shear, which was one of the key ingredients that resulted in the higher risk for strong tornadoes. This event has been classified as a derecho, a term that is reserved for the most intense, widespread, and long-lasting lines of severe thunderstorms. By definition, a derecho is a widespread severe windstorm characterized by a family of destructive downbursts containing multiple 75+ mph gusts associated with the system.|Thunderstorms initially developed in eastern Montana in the late afternoon and moved into southwest North Dakota. Severe wind gusts around 60 mph were reported in far southwest North Dakota from Dickinson to Bowman during the early evening. Thereafter, storms grew into a pronounced line as they moved east and began accelerating. Shortly thereafter, extremely strong wind gusts started occurring, including a measured 94 mph gust to the northwest of Elgin in Grant County, and estimated 95 mph wind gusts in Hettinger County where a farmstead was severely damaged. Meanwhile, a supercell thunderstorm developed just south of Jamestown, and produced three-inch diameter hail as it moved northward into the city. This storm then slowly moved to the east-northeast and produced a brief tornado between Jamestown and Spiritwood. Shortly thereafter, a larger tornado formed near Spiritwood and moved to the east-northeast into Barnes County where EF-3 damage occurred, before tracking back into Stutsman County while it was dissipating. Specific details on the damage with this event can be found in the National Weather Service-Grand Forks Storm Data entry. Another supercell thunderstorm then formed south of the initial storm, moving southeast through southern Stutsman and northern LaMoure Counties. This storm produced a tornado near Adrian and another north of Verona. During this time, the line of storms to the west continued to strengthen, producing a wide swath of 80 to 100 mph wind gusts as it moved through south central North Dakota and across the James River Valley during the mid-evening into the nighttime hours. The derecho caused extensive tree and structure damage along its path, with significant damage to grain storage equipment and power transmission poles. The highest measured wind gust associated with the derecho was 101 mph at a North Dakota Agricultural Weather Network (NDAWN) station 5 miles northwest of Linton. There were also several tornadoes produced by the intense line of storms, including two tornadoes rated as EF-1 (north of Interstate 94 between Crystal Springs and Medina near the Kidder/Stutsman County Line, and to the southwest of Grace City in Foster County), and one tornado rated as EF-2 (north of Sweet Briar Lake in Morton County).  The derecho resulted in one injury which occurred in a housing development to the south of Lincoln in Burleigh County as a male was outdoors and was struck by flying debris. Also, one indirect fatality occurred near Courtenay in Stutsman County where a 76-year-old male died in his sleep from his breathing device not operating properly due to the power outage caused by the storm.",
ND-EO-2025-05,2025-05,Armstrong,Declares Statewide Disaster for Tornado Damage (Enderlin severe storms),2025-06-21,https://ndresponse.gov/news/armstrong-declares-disaster-tornado-damage-extends-sympathy-victims-families,1271897,202944,2025-06-20 18:10:00,2025-06-20 18:13:00,C,county/county-equivalent,89,STARK,Thunderstorm Wind,53.0,MG,0,0,0.00K,0.00K,Mesonet,"An outbreak of severe thunderstorms brought extreme winds, very large hail, and multiple tornadoes across much of southern North Dakota from the late afternoon into the nighttime hours. A low-pressure system in southeastern Montana and a warm front stretching eastward across southern North Dakota provided a focus for the severe thunderstorms. Several environmental parameters were in place for a significant outbreak, most notable was the amount of deep-layer wind shear. The lowest layer of the atmosphere (up to 1 mile above the surface) also contained strong wind shear, which was one of the key ingredients that resulted in the higher risk for strong tornadoes. This event has been classified as a derecho, a term that is reserved for the most intense, widespread, and long-lasting lines of severe thunderstorms. By definition, a derecho is a widespread severe windstorm characterized by a family of destructive downbursts containing multiple 75+ mph gusts associated with the system.|Thunderstorms initially developed in eastern Montana in the late afternoon and moved into southwest North Dakota. Severe wind gusts around 60 mph were reported in far southwest North Dakota from Dickinson to Bowman during the early evening. Thereafter, storms grew into a pronounced line as they moved east and began accelerating. Shortly thereafter, extremely strong wind gusts started occurring, including a measured 94 mph gust to the northwest of Elgin in Grant County, and estimated 95 mph wind gusts in Hettinger County where a farmstead was severely damaged. Meanwhile, a supercell thunderstorm developed just south of Jamestown, and produced three-inch diameter hail as it moved northward into the city. This storm then slowly moved to the east-northeast and produced a brief tornado between Jamestown and Spiritwood. Shortly thereafter, a larger tornado formed near Spiritwood and moved to the east-northeast into Barnes County where EF-3 damage occurred, before tracking back into Stutsman County while it was dissipating. Specific details on the damage with this event can be found in the National Weather Service-Grand Forks Storm Data entry. Another supercell thunderstorm then formed south of the initial storm, moving southeast through southern Stutsman and northern LaMoure Counties. This storm produced a tornado near Adrian and another north of Verona. During this time, the line of storms to the west continued to strengthen, producing a wide swath of 80 to 100 mph wind gusts as it moved through south central North Dakota and across the James River Valley during the mid-evening into the nighttime hours. The derecho caused extensive tree and structure damage along its path, with significant damage to grain storage equipment and power transmission poles. The highest measured wind gust associated with the derecho was 101 mph at a North Dakota Agricultural Weather Network (NDAWN) station 5 miles northwest of Linton. There were also several tornadoes produced by the intense line of storms, including two tornadoes rated as EF-1 (north of Interstate 94 between Crystal Springs and Medina near the Kidder/Stutsman County Line, and to the southwest of Grace City in Foster County), and one tornado rated as EF-2 (north of Sweet Briar Lake in Morton County).  The derecho resulted in one injury which occurred in a housing development to the south of Lincoln in Burleigh County as a male was outdoors and was struck by flying debris. Also, one indirect fatality occurred near Courtenay in Stutsman County where a 76-year-old male died in his sleep from his breathing device not operating properly due to the power outage caused by the storm.",
ND-EO-2025-05,2025-05,Armstrong,Declares Statewide Disaster for Tornado Damage (Enderlin severe storms),2025-06-21,https://ndresponse.gov/news/armstrong-declares-disaster-tornado-damage-extends-sympathy-victims-families,1278262,203614,2025-06-20 23:15:00,2025-06-21 00:20:00,C,county/county-equivalent,91,STEELE,Thunderstorm Wind,80.0,MG,0,0,,,Public,"During the evening of Friday, June 20th into the early morning hours of June 21st, much of the region was affected by severe weather. Supercell thunderstorms developed across southeast North Dakota ahead of an approaching convective complex, producing multiple strong, destructive, and fatal tornadoes. This was followed by a powerful line of severe thunderstorms categorized as a derecho, which tracked across much of the region resulting in widespread straight line wind damage. After the derecho passed through the region, there was a period of prolonged destructive winds that affected portions of central and east central North Dakota, as well as adjacent portions of Minnesota. This was a unique event due to the combination of the violent tornadoes ahead of the derecho, and the long duration of significant winds that followed the derecho. Based on estimates provided by North Dakota Agriculture Commissioner Doug Goehring, the state lost anywhere from 50 to 80 million bushels of grain storage capacity from these storms.","Personal weather station via Weather Underground, I.D. Brent Johnson NA86 Airport  - KNDHOPE4. Measured gust to 92 mph. Duration of severe gusts 100 minutes. Duration of significant severe gusts over 75 mph 65 minutes. Extreme wind gusts associated with MCV on back side of Derecho."
ND-EO-2025-05,2025-05,Armstrong,Declares Statewide Disaster for Tornado Damage (Enderlin severe storms),2025-06-21,https://ndresponse.gov/news/armstrong-declares-disaster-tornado-damage-extends-sympathy-victims-families,1278259,203614,2025-06-20 23:40:00,2025-06-20 23:40:00,C,county/county-equivalent,91,STEELE,Thunderstorm Wind,96.0,MG,0,0,,,Trained Spotter,"During the evening of Friday, June 20th into the early morning hours of June 21st, much of the region was affected by severe weather. Supercell thunderstorms developed across southeast North Dakota ahead of an approaching convective complex, producing multiple strong, destructive, and fatal tornadoes. This was followed by a powerful line of severe thunderstorms categorized as a derecho, which tracked across much of the region resulting in widespread straight line wind damage. After the derecho passed through the region, there was a period of prolonged destructive winds that affected portions of central and east central North Dakota, as well as adjacent portions of Minnesota. This was a unique event due to the combination of the violent tornadoes ahead of the derecho, and the long duration of significant winds that followed the derecho. Based on estimates provided by North Dakota Agriculture Commissioner Doug Goehring, the state lost anywhere from 50 to 80 million bushels of grain storage capacity from these storms.",Trained spotter reported a 111 mph wind gust 1 mile east of Luverne. Measurement verified via personal weather station.
ND-EO-2025-05,2025-05,Armstrong,Declares Statewide Disaster for Tornado Damage (Enderlin severe storms),2025-06-21,https://ndresponse.gov/news/armstrong-declares-disaster-tornado-damage-extends-sympathy-victims-families,1278261,203614,2025-06-20 23:50:00,2025-06-20 23:50:00,C,county/county-equivalent,91,STEELE,Thunderstorm Wind,66.0,MG,0,0,,,Mesonet,"During the evening of Friday, June 20th into the early morning hours of June 21st, much of the region was affected by severe weather. Supercell thunderstorms developed across southeast North Dakota ahead of an approaching convective complex, producing multiple strong, destructive, and fatal tornadoes. This was followed by a powerful line of severe thunderstorms categorized as a derecho, which tracked across much of the region resulting in widespread straight line wind damage. After the derecho passed through the region, there was a period of prolonged destructive winds that affected portions of central and east central North Dakota, as well as adjacent portions of Minnesota. This was a unique event due to the combination of the violent tornadoes ahead of the derecho, and the long duration of significant winds that followed the derecho. Based on estimates provided by North Dakota Agriculture Commissioner Doug Goehring, the state lost anywhere from 50 to 80 million bushels of grain storage capacity from these storms.",NDAWN station 5 NE Hope reported a 76 mph wind gust. Mesonet station 321686 Hope  ND NDAWN.
ND-EO-2025-05,2025-05,Armstrong,Declares Statewide Disaster for Tornado Damage (Enderlin severe storms),2025-06-21,https://ndresponse.gov/news/armstrong-declares-disaster-tornado-damage-extends-sympathy-victims-families,1271961,202944,2025-06-20 18:51:00,2025-06-20 18:54:00,C,county/county-equivalent,93,STUTSMAN,Hail,1.0,,0,0,0.00K,0.00K,Public,"An outbreak of severe thunderstorms brought extreme winds, very large hail, and multiple tornadoes across much of southern North Dakota from the late afternoon into the nighttime hours. A low-pressure system in southeastern Montana and a warm front stretching eastward across southern North Dakota provided a focus for the severe thunderstorms. Several environmental parameters were in place for a significant outbreak, most notable was the amount of deep-layer wind shear. The lowest layer of the atmosphere (up to 1 mile above the surface) also contained strong wind shear, which was one of the key ingredients that resulted in the higher risk for strong tornadoes. This event has been classified as a derecho, a term that is reserved for the most intense, widespread, and long-lasting lines of severe thunderstorms. By definition, a derecho is a widespread severe windstorm characterized by a family of destructive downbursts containing multiple 75+ mph gusts associated with the system.|Thunderstorms initially developed in eastern Montana in the late afternoon and moved into southwest North Dakota. Severe wind gusts around 60 mph were reported in far southwest North Dakota from Dickinson to Bowman during the early evening. Thereafter, storms grew into a pronounced line as they moved east and began accelerating. Shortly thereafter, extremely strong wind gusts started occurring, including a measured 94 mph gust to the northwest of Elgin in Grant County, and estimated 95 mph wind gusts in Hettinger County where a farmstead was severely damaged. Meanwhile, a supercell thunderstorm developed just south of Jamestown, and produced three-inch diameter hail as it moved northward into the city. This storm then slowly moved to the east-northeast and produced a brief tornado between Jamestown and Spiritwood. Shortly thereafter, a larger tornado formed near Spiritwood and moved to the east-northeast into Barnes County where EF-3 damage occurred, before tracking back into Stutsman County while it was dissipating. Specific details on the damage with this event can be found in the National Weather Service-Grand Forks Storm Data entry. Another supercell thunderstorm then formed south of the initial storm, moving southeast through southern Stutsman and northern LaMoure Counties. This storm produced a tornado near Adrian and another north of Verona. During this time, the line of storms to the west continued to strengthen, producing a wide swath of 80 to 100 mph wind gusts as it moved through south central North Dakota and across the James River Valley during the mid-evening into the nighttime hours. The derecho caused extensive tree and structure damage along its path, with significant damage to grain storage equipment and power transmission poles. The highest measured wind gust associated with the derecho was 101 mph at a North Dakota Agricultural Weather Network (NDAWN) station 5 miles northwest of Linton. There were also several tornadoes produced by the intense line of storms, including two tornadoes rated as EF-1 (north of Interstate 94 between Crystal Springs and Medina near the Kidder/Stutsman County Line, and to the southwest of Grace City in Foster County), and one tornado rated as EF-2 (north of Sweet Briar Lake in Morton County).  The derecho resulted in one injury which occurred in a housing development to the south of Lincoln in Burleigh County as a male was outdoors and was struck by flying debris. Also, one indirect fatality occurred near Courtenay in Stutsman County where a 76-year-old male died in his sleep from his breathing device not operating properly due to the power outage caused by the storm.",
ND-EO-2025-05,2025-05,Armstrong,Declares Statewide Disaster for Tornado Damage (Enderlin severe storms),2025-06-21,https://ndresponse.gov/news/armstrong-declares-disaster-tornado-damage-extends-sympathy-victims-families,1271963,202944,2025-06-20 19:05:00,2025-06-20 19:20:00,C,county/county-equivalent,93,STUTSMAN,Hail,3.0,,0,0,10.00M,0.00K,NWS Employee,"An outbreak of severe thunderstorms brought extreme winds, very large hail, and multiple tornadoes across much of southern North Dakota from the late afternoon into the nighttime hours. A low-pressure system in southeastern Montana and a warm front stretching eastward across southern North Dakota provided a focus for the severe thunderstorms. Several environmental parameters were in place for a significant outbreak, most notable was the amount of deep-layer wind shear. The lowest layer of the atmosphere (up to 1 mile above the surface) also contained strong wind shear, which was one of the key ingredients that resulted in the higher risk for strong tornadoes. This event has been classified as a derecho, a term that is reserved for the most intense, widespread, and long-lasting lines of severe thunderstorms. By definition, a derecho is a widespread severe windstorm characterized by a family of destructive downbursts containing multiple 75+ mph gusts associated with the system.|Thunderstorms initially developed in eastern Montana in the late afternoon and moved into southwest North Dakota. Severe wind gusts around 60 mph were reported in far southwest North Dakota from Dickinson to Bowman during the early evening. Thereafter, storms grew into a pronounced line as they moved east and began accelerating. Shortly thereafter, extremely strong wind gusts started occurring, including a measured 94 mph gust to the northwest of Elgin in Grant County, and estimated 95 mph wind gusts in Hettinger County where a farmstead was severely damaged. Meanwhile, a supercell thunderstorm developed just south of Jamestown, and produced three-inch diameter hail as it moved northward into the city. This storm then slowly moved to the east-northeast and produced a brief tornado between Jamestown and Spiritwood. Shortly thereafter, a larger tornado formed near Spiritwood and moved to the east-northeast into Barnes County where EF-3 damage occurred, before tracking back into Stutsman County while it was dissipating. Specific details on the damage with this event can be found in the National Weather Service-Grand Forks Storm Data entry. Another supercell thunderstorm then formed south of the initial storm, moving southeast through southern Stutsman and northern LaMoure Counties. This storm produced a tornado near Adrian and another north of Verona. During this time, the line of storms to the west continued to strengthen, producing a wide swath of 80 to 100 mph wind gusts as it moved through south central North Dakota and across the James River Valley during the mid-evening into the nighttime hours. The derecho caused extensive tree and structure damage along its path, with significant damage to grain storage equipment and power transmission poles. The highest measured wind gust associated with the derecho was 101 mph at a North Dakota Agricultural Weather Network (NDAWN) station 5 miles northwest of Linton. There were also several tornadoes produced by the intense line of storms, including two tornadoes rated as EF-1 (north of Interstate 94 between Crystal Springs and Medina near the Kidder/Stutsman County Line, and to the southwest of Grace City in Foster County), and one tornado rated as EF-2 (north of Sweet Briar Lake in Morton County).  The derecho resulted in one injury which occurred in a housing development to the south of Lincoln in Burleigh County as a male was outdoors and was struck by flying debris. Also, one indirect fatality occurred near Courtenay in Stutsman County where a 76-year-old male died in his sleep from his breathing device not operating properly due to the power outage caused by the storm.","Hail to three inches in dimameter caused significant damage throughout the city of Jamestown and surrounding areas. Many roofs were damaged, with a few having holes punched through the sheathing. Vehicles throughout the city were severely damged."
ND-EO-2025-05,2025-05,Armstrong,Declares Statewide Disaster for Tornado Damage (Enderlin severe storms),2025-06-21,https://ndresponse.gov/news/armstrong-declares-disaster-tornado-damage-extends-sympathy-victims-families,1264292,202944,2025-06-20 19:34:00,2025-06-20 19:38:00,C,county/county-equivalent,93,STUTSMAN,Tornado,,,0,0,0.00K,0.00K,Storm Chaser,"An outbreak of severe thunderstorms brought extreme winds, very large hail, and multiple tornadoes across much of southern North Dakota from the late afternoon into the nighttime hours. A low-pressure system in southeastern Montana and a warm front stretching eastward across southern North Dakota provided a focus for the severe thunderstorms. Several environmental parameters were in place for a significant outbreak, most notable was the amount of deep-layer wind shear. The lowest layer of the atmosphere (up to 1 mile above the surface) also contained strong wind shear, which was one of the key ingredients that resulted in the higher risk for strong tornadoes. This event has been classified as a derecho, a term that is reserved for the most intense, widespread, and long-lasting lines of severe thunderstorms. By definition, a derecho is a widespread severe windstorm characterized by a family of destructive downbursts containing multiple 75+ mph gusts associated with the system.|Thunderstorms initially developed in eastern Montana in the late afternoon and moved into southwest North Dakota. Severe wind gusts around 60 mph were reported in far southwest North Dakota from Dickinson to Bowman during the early evening. Thereafter, storms grew into a pronounced line as they moved east and began accelerating. Shortly thereafter, extremely strong wind gusts started occurring, including a measured 94 mph gust to the northwest of Elgin in Grant County, and estimated 95 mph wind gusts in Hettinger County where a farmstead was severely damaged. Meanwhile, a supercell thunderstorm developed just south of Jamestown, and produced three-inch diameter hail as it moved northward into the city. This storm then slowly moved to the east-northeast and produced a brief tornado between Jamestown and Spiritwood. Shortly thereafter, a larger tornado formed near Spiritwood and moved to the east-northeast into Barnes County where EF-3 damage occurred, before tracking back into Stutsman County while it was dissipating. Specific details on the damage with this event can be found in the National Weather Service-Grand Forks Storm Data entry. Another supercell thunderstorm then formed south of the initial storm, moving southeast through southern Stutsman and northern LaMoure Counties. This storm produced a tornado near Adrian and another north of Verona. During this time, the line of storms to the west continued to strengthen, producing a wide swath of 80 to 100 mph wind gusts as it moved through south central North Dakota and across the James River Valley during the mid-evening into the nighttime hours. The derecho caused extensive tree and structure damage along its path, with significant damage to grain storage equipment and power transmission poles. The highest measured wind gust associated with the derecho was 101 mph at a North Dakota Agricultural Weather Network (NDAWN) station 5 miles northwest of Linton. There were also several tornadoes produced by the intense line of storms, including two tornadoes rated as EF-1 (north of Interstate 94 between Crystal Springs and Medina near the Kidder/Stutsman County Line, and to the southwest of Grace City in Foster County), and one tornado rated as EF-2 (north of Sweet Briar Lake in Morton County).  The derecho resulted in one injury which occurred in a housing development to the south of Lincoln in Burleigh County as a male was outdoors and was struck by flying debris. Also, one indirect fatality occurred near Courtenay in Stutsman County where a 76-year-old male died in his sleep from his breathing device not operating properly due to the power outage caused by the storm.",The tornado briefly touched down southwest of Spiritwood from the storm that eventually produced the damaging tornado that developed east of Spiritwood and tracked into Barnes County. This occurred in an open field and impacted no structures. There was no damage to evaluate. By National Weather Service policy the tornado is rated EF-U (Unknown).
ND-EO-2025-05,2025-05,Armstrong,Declares Statewide Disaster for Tornado Damage (Enderlin severe storms),2025-06-21,https://ndresponse.gov/news/armstrong-declares-disaster-tornado-damage-extends-sympathy-victims-families,1276913,202944,2025-06-20 19:51:00,2025-06-20 19:53:00,C,county/county-equivalent,93,STUTSMAN,Tornado,,,0,0,0.00K,0.00K,NWS Storm Survey,"An outbreak of severe thunderstorms brought extreme winds, very large hail, and multiple tornadoes across much of southern North Dakota from the late afternoon into the nighttime hours. A low-pressure system in southeastern Montana and a warm front stretching eastward across southern North Dakota provided a focus for the severe thunderstorms. Several environmental parameters were in place for a significant outbreak, most notable was the amount of deep-layer wind shear. The lowest layer of the atmosphere (up to 1 mile above the surface) also contained strong wind shear, which was one of the key ingredients that resulted in the higher risk for strong tornadoes. This event has been classified as a derecho, a term that is reserved for the most intense, widespread, and long-lasting lines of severe thunderstorms. By definition, a derecho is a widespread severe windstorm characterized by a family of destructive downbursts containing multiple 75+ mph gusts associated with the system.|Thunderstorms initially developed in eastern Montana in the late afternoon and moved into southwest North Dakota. Severe wind gusts around 60 mph were reported in far southwest North Dakota from Dickinson to Bowman during the early evening. Thereafter, storms grew into a pronounced line as they moved east and began accelerating. Shortly thereafter, extremely strong wind gusts started occurring, including a measured 94 mph gust to the northwest of Elgin in Grant County, and estimated 95 mph wind gusts in Hettinger County where a farmstead was severely damaged. Meanwhile, a supercell thunderstorm developed just south of Jamestown, and produced three-inch diameter hail as it moved northward into the city. This storm then slowly moved to the east-northeast and produced a brief tornado between Jamestown and Spiritwood. Shortly thereafter, a larger tornado formed near Spiritwood and moved to the east-northeast into Barnes County where EF-3 damage occurred, before tracking back into Stutsman County while it was dissipating. Specific details on the damage with this event can be found in the National Weather Service-Grand Forks Storm Data entry. Another supercell thunderstorm then formed south of the initial storm, moving southeast through southern Stutsman and northern LaMoure Counties. This storm produced a tornado near Adrian and another north of Verona. During this time, the line of storms to the west continued to strengthen, producing a wide swath of 80 to 100 mph wind gusts as it moved through south central North Dakota and across the James River Valley during the mid-evening into the nighttime hours. The derecho caused extensive tree and structure damage along its path, with significant damage to grain storage equipment and power transmission poles. The highest measured wind gust associated with the derecho was 101 mph at a North Dakota Agricultural Weather Network (NDAWN) station 5 miles northwest of Linton. There were also several tornadoes produced by the intense line of storms, including two tornadoes rated as EF-1 (north of Interstate 94 between Crystal Springs and Medina near the Kidder/Stutsman County Line, and to the southwest of Grace City in Foster County), and one tornado rated as EF-2 (north of Sweet Briar Lake in Morton County).  The derecho resulted in one injury which occurred in a housing development to the south of Lincoln in Burleigh County as a male was outdoors and was struck by flying debris. Also, one indirect fatality occurred near Courtenay in Stutsman County where a 76-year-old male died in his sleep from his breathing device not operating properly due to the power outage caused by the storm.","This tornado formed in Stutsman County near Spiritwood, and then moved northeasterly about a mile before crossing into Barnes County where significant structure damage occurred. The tornado then moved back into Stutsman County while it was dissipating. Therefore, there will be three Storm Data entries for this tornado, two by National Weather Service-Bismarck for Stutsman County, and one by National Weather Service-Grand Forks for Barnes County.  This is the first entry for when the tornado formed in Stutsman County and moved into Barnes County. Please refer to the National Weather Service-Grand Forks entry for Barnes County for exact details on the damage.  While in Barnes County, the tornado was rated as EF3 with estimated winds of 155 mph, but in Stutsman County, it was rated as EFU given there was no damage within the County to evaluate as the tornado remained over open fields. During the first duration of the tornado in Stutsman County, maximum tornado width was estimated at 300 yards, while the maximum width in Barnes County was 800 yards."
ND-EO-2025-05,2025-05,Armstrong,Declares Statewide Disaster for Tornado Damage (Enderlin severe storms),2025-06-21,https://ndresponse.gov/news/armstrong-declares-disaster-tornado-damage-extends-sympathy-victims-families,1277258,202944,2025-06-20 20:16:00,2025-06-20 20:20:00,C,county/county-equivalent,93,STUTSMAN,Tornado,,,0,0,0.00K,0.00K,NWS Storm Survey,"An outbreak of severe thunderstorms brought extreme winds, very large hail, and multiple tornadoes across much of southern North Dakota from the late afternoon into the nighttime hours. A low-pressure system in southeastern Montana and a warm front stretching eastward across southern North Dakota provided a focus for the severe thunderstorms. Several environmental parameters were in place for a significant outbreak, most notable was the amount of deep-layer wind shear. The lowest layer of the atmosphere (up to 1 mile above the surface) also contained strong wind shear, which was one of the key ingredients that resulted in the higher risk for strong tornadoes. This event has been classified as a derecho, a term that is reserved for the most intense, widespread, and long-lasting lines of severe thunderstorms. By definition, a derecho is a widespread severe windstorm characterized by a family of destructive downbursts containing multiple 75+ mph gusts associated with the system.|Thunderstorms initially developed in eastern Montana in the late afternoon and moved into southwest North Dakota. Severe wind gusts around 60 mph were reported in far southwest North Dakota from Dickinson to Bowman during the early evening. Thereafter, storms grew into a pronounced line as they moved east and began accelerating. Shortly thereafter, extremely strong wind gusts started occurring, including a measured 94 mph gust to the northwest of Elgin in Grant County, and estimated 95 mph wind gusts in Hettinger County where a farmstead was severely damaged. Meanwhile, a supercell thunderstorm developed just south of Jamestown, and produced three-inch diameter hail as it moved northward into the city. This storm then slowly moved to the east-northeast and produced a brief tornado between Jamestown and Spiritwood. Shortly thereafter, a larger tornado formed near Spiritwood and moved to the east-northeast into Barnes County where EF-3 damage occurred, before tracking back into Stutsman County while it was dissipating. Specific details on the damage with this event can be found in the National Weather Service-Grand Forks Storm Data entry. Another supercell thunderstorm then formed south of the initial storm, moving southeast through southern Stutsman and northern LaMoure Counties. This storm produced a tornado near Adrian and another north of Verona. During this time, the line of storms to the west continued to strengthen, producing a wide swath of 80 to 100 mph wind gusts as it moved through south central North Dakota and across the James River Valley during the mid-evening into the nighttime hours. The derecho caused extensive tree and structure damage along its path, with significant damage to grain storage equipment and power transmission poles. The highest measured wind gust associated with the derecho was 101 mph at a North Dakota Agricultural Weather Network (NDAWN) station 5 miles northwest of Linton. There were also several tornadoes produced by the intense line of storms, including two tornadoes rated as EF-1 (north of Interstate 94 between Crystal Springs and Medina near the Kidder/Stutsman County Line, and to the southwest of Grace City in Foster County), and one tornado rated as EF-2 (north of Sweet Briar Lake in Morton County).  The derecho resulted in one injury which occurred in a housing development to the south of Lincoln in Burleigh County as a male was outdoors and was struck by flying debris. Also, one indirect fatality occurred near Courtenay in Stutsman County where a 76-year-old male died in his sleep from his breathing device not operating properly due to the power outage caused by the storm.","This tornado formed in Stutsman County near Spiritwood, and then moved northeasterly about a mile before crossing into Barnes County where significant structure damage occurred. The tornado then moved back into Stutsman County while it was dissipating. Therefore, there will be three Storm Data entries for this tornado, two by National Weather Service-Bismarck for Stutsman County, and one by National Weather Service-Grand Forks for Barnes County. This is the last entry for when the tornado returned from Barnes County into Stutsman County. Please refer to the National Weather Service-Grand Forks entry for Barnes County for exact details on the damage. While in Barnes County, the tornado was rated as EF3 with estimated winds of 155 mph, but in Stutsman County, it was rated as EFU given there was no damage within the County to evaluate as the tornado remained over open fields. During the last duration of the tornado in Stutsman County, maximum tornado width was estimated at 50 yards, while the maximum width in Barnes County was 800 yards."
ND-EO-2025-05,2025-05,Armstrong,Declares Statewide Disaster for Tornado Damage (Enderlin severe storms),2025-06-21,https://ndresponse.gov/news/armstrong-declares-disaster-tornado-damage-extends-sympathy-victims-families,1268978,202944,2025-06-20 21:13:00,2025-06-20 21:19:00,C,county/county-equivalent,93,STUTSMAN,Tornado,,,0,0,750.00K,0.00K,NWS Storm Survey,"An outbreak of severe thunderstorms brought extreme winds, very large hail, and multiple tornadoes across much of southern North Dakota from the late afternoon into the nighttime hours. A low-pressure system in southeastern Montana and a warm front stretching eastward across southern North Dakota provided a focus for the severe thunderstorms. Several environmental parameters were in place for a significant outbreak, most notable was the amount of deep-layer wind shear. The lowest layer of the atmosphere (up to 1 mile above the surface) also contained strong wind shear, which was one of the key ingredients that resulted in the higher risk for strong tornadoes. This event has been classified as a derecho, a term that is reserved for the most intense, widespread, and long-lasting lines of severe thunderstorms. By definition, a derecho is a widespread severe windstorm characterized by a family of destructive downbursts containing multiple 75+ mph gusts associated with the system.|Thunderstorms initially developed in eastern Montana in the late afternoon and moved into southwest North Dakota. Severe wind gusts around 60 mph were reported in far southwest North Dakota from Dickinson to Bowman during the early evening. Thereafter, storms grew into a pronounced line as they moved east and began accelerating. Shortly thereafter, extremely strong wind gusts started occurring, including a measured 94 mph gust to the northwest of Elgin in Grant County, and estimated 95 mph wind gusts in Hettinger County where a farmstead was severely damaged. Meanwhile, a supercell thunderstorm developed just south of Jamestown, and produced three-inch diameter hail as it moved northward into the city. This storm then slowly moved to the east-northeast and produced a brief tornado between Jamestown and Spiritwood. Shortly thereafter, a larger tornado formed near Spiritwood and moved to the east-northeast into Barnes County where EF-3 damage occurred, before tracking back into Stutsman County while it was dissipating. Specific details on the damage with this event can be found in the National Weather Service-Grand Forks Storm Data entry. Another supercell thunderstorm then formed south of the initial storm, moving southeast through southern Stutsman and northern LaMoure Counties. This storm produced a tornado near Adrian and another north of Verona. During this time, the line of storms to the west continued to strengthen, producing a wide swath of 80 to 100 mph wind gusts as it moved through south central North Dakota and across the James River Valley during the mid-evening into the nighttime hours. The derecho caused extensive tree and structure damage along its path, with significant damage to grain storage equipment and power transmission poles. The highest measured wind gust associated with the derecho was 101 mph at a North Dakota Agricultural Weather Network (NDAWN) station 5 miles northwest of Linton. There were also several tornadoes produced by the intense line of storms, including two tornadoes rated as EF-1 (north of Interstate 94 between Crystal Springs and Medina near the Kidder/Stutsman County Line, and to the southwest of Grace City in Foster County), and one tornado rated as EF-2 (north of Sweet Briar Lake in Morton County).  The derecho resulted in one injury which occurred in a housing development to the south of Lincoln in Burleigh County as a male was outdoors and was struck by flying debris. Also, one indirect fatality occurred near Courtenay in Stutsman County where a 76-year-old male died in his sleep from his breathing device not operating properly due to the power outage caused by the storm.","This is the second event entry for one tornado that passed through two counties, Kidder and Stutsman. This Quasi-Linear Convective System (QLCS) tornado started northwest of Crystal Springs in Kidder County and moved to the east-southeast. The tornado then shifted towards the east-northeast near the Stutsman County line, and continued into Stutsman County before it lifted to the north-northwest of Medina. Near the point of touchdown, a machine shed was completely destroyed, with the roof laying in a pasture about 350 feet away. Approximately five miles to the south-southeast, two additional farmsteads in close proximity were struck. The first one had an older barn along with a pole barn completely destroyed. The second farmstead had an older barn collapse, and an empty 18 foot diameter grain bin lifted and moved approximately 400 feet. Along the grain bin's path it hit a building, two vehicles, and a camper before it came to rest in front of the collapsed barn.  Shortly thereafter, the tornado turned north-northeast and then struck another farmstead approximately 3 miles away. At this farm, a quonset building was moved off its foundation, and boards from the inside were sucked out and laying a few feet away. Additional buildings were damaged, with debris from a children's play house blown a half mile away and a picnic table blown a quarter mile. Mature trees were snapped and fully de-leafed with numerous large branches broken off. The tornado then continued to the north-northeast and twisted multiple smaller metal high-voltage power towers. Further to the north-northeast before it lifted, the tornado struck another farmstead where a farm outbuilding was destroyed, the shingles, siding, and gutters were severely damaged on a house, and trees were snapped about half way up. Based on the damage done this tornado was rated EF-1, and from that wind speeds were estimated to be around 110 mph."
ND-EO-2025-05,2025-05,Armstrong,Declares Statewide Disaster for Tornado Damage (Enderlin severe storms),2025-06-21,https://ndresponse.gov/news/armstrong-declares-disaster-tornado-damage-extends-sympathy-victims-families,1275164,202944,2025-06-20 21:40:00,2025-06-20 21:44:00,C,county/county-equivalent,93,STUTSMAN,Thunderstorm Wind,78.0,EG,0,0,100.00K,0.00K,Trained Spotter,"An outbreak of severe thunderstorms brought extreme winds, very large hail, and multiple tornadoes across much of southern North Dakota from the late afternoon into the nighttime hours. A low-pressure system in southeastern Montana and a warm front stretching eastward across southern North Dakota provided a focus for the severe thunderstorms. Several environmental parameters were in place for a significant outbreak, most notable was the amount of deep-layer wind shear. The lowest layer of the atmosphere (up to 1 mile above the surface) also contained strong wind shear, which was one of the key ingredients that resulted in the higher risk for strong tornadoes. This event has been classified as a derecho, a term that is reserved for the most intense, widespread, and long-lasting lines of severe thunderstorms. By definition, a derecho is a widespread severe windstorm characterized by a family of destructive downbursts containing multiple 75+ mph gusts associated with the system.|Thunderstorms initially developed in eastern Montana in the late afternoon and moved into southwest North Dakota. Severe wind gusts around 60 mph were reported in far southwest North Dakota from Dickinson to Bowman during the early evening. Thereafter, storms grew into a pronounced line as they moved east and began accelerating. Shortly thereafter, extremely strong wind gusts started occurring, including a measured 94 mph gust to the northwest of Elgin in Grant County, and estimated 95 mph wind gusts in Hettinger County where a farmstead was severely damaged. Meanwhile, a supercell thunderstorm developed just south of Jamestown, and produced three-inch diameter hail as it moved northward into the city. This storm then slowly moved to the east-northeast and produced a brief tornado between Jamestown and Spiritwood. Shortly thereafter, a larger tornado formed near Spiritwood and moved to the east-northeast into Barnes County where EF-3 damage occurred, before tracking back into Stutsman County while it was dissipating. Specific details on the damage with this event can be found in the National Weather Service-Grand Forks Storm Data entry. Another supercell thunderstorm then formed south of the initial storm, moving southeast through southern Stutsman and northern LaMoure Counties. This storm produced a tornado near Adrian and another north of Verona. During this time, the line of storms to the west continued to strengthen, producing a wide swath of 80 to 100 mph wind gusts as it moved through south central North Dakota and across the James River Valley during the mid-evening into the nighttime hours. The derecho caused extensive tree and structure damage along its path, with significant damage to grain storage equipment and power transmission poles. The highest measured wind gust associated with the derecho was 101 mph at a North Dakota Agricultural Weather Network (NDAWN) station 5 miles northwest of Linton. There were also several tornadoes produced by the intense line of storms, including two tornadoes rated as EF-1 (north of Interstate 94 between Crystal Springs and Medina near the Kidder/Stutsman County Line, and to the southwest of Grace City in Foster County), and one tornado rated as EF-2 (north of Sweet Briar Lake in Morton County).  The derecho resulted in one injury which occurred in a housing development to the south of Lincoln in Burleigh County as a male was outdoors and was struck by flying debris. Also, one indirect fatality occurred near Courtenay in Stutsman County where a 76-year-old male died in his sleep from his breathing device not operating properly due to the power outage caused by the storm.","Half of the roof on a shop was blown off, and siding was blown off the house."
ND-EO-2025-05,2025-05,Armstrong,Declares Statewide Disaster for Tornado Damage (Enderlin severe storms),2025-06-21,https://ndresponse.gov/news/armstrong-declares-disaster-tornado-damage-extends-sympathy-victims-families,1275166,202944,2025-06-20 21:44:00,2025-06-20 21:48:00,C,county/county-equivalent,93,STUTSMAN,Thunderstorm Wind,53.0,MG,0,0,0.00K,0.00K,ASOS,"An outbreak of severe thunderstorms brought extreme winds, very large hail, and multiple tornadoes across much of southern North Dakota from the late afternoon into the nighttime hours. A low-pressure system in southeastern Montana and a warm front stretching eastward across southern North Dakota provided a focus for the severe thunderstorms. Several environmental parameters were in place for a significant outbreak, most notable was the amount of deep-layer wind shear. The lowest layer of the atmosphere (up to 1 mile above the surface) also contained strong wind shear, which was one of the key ingredients that resulted in the higher risk for strong tornadoes. This event has been classified as a derecho, a term that is reserved for the most intense, widespread, and long-lasting lines of severe thunderstorms. By definition, a derecho is a widespread severe windstorm characterized by a family of destructive downbursts containing multiple 75+ mph gusts associated with the system.|Thunderstorms initially developed in eastern Montana in the late afternoon and moved into southwest North Dakota. Severe wind gusts around 60 mph were reported in far southwest North Dakota from Dickinson to Bowman during the early evening. Thereafter, storms grew into a pronounced line as they moved east and began accelerating. Shortly thereafter, extremely strong wind gusts started occurring, including a measured 94 mph gust to the northwest of Elgin in Grant County, and estimated 95 mph wind gusts in Hettinger County where a farmstead was severely damaged. Meanwhile, a supercell thunderstorm developed just south of Jamestown, and produced three-inch diameter hail as it moved northward into the city. This storm then slowly moved to the east-northeast and produced a brief tornado between Jamestown and Spiritwood. Shortly thereafter, a larger tornado formed near Spiritwood and moved to the east-northeast into Barnes County where EF-3 damage occurred, before tracking back into Stutsman County while it was dissipating. Specific details on the damage with this event can be found in the National Weather Service-Grand Forks Storm Data entry. Another supercell thunderstorm then formed south of the initial storm, moving southeast through southern Stutsman and northern LaMoure Counties. This storm produced a tornado near Adrian and another north of Verona. During this time, the line of storms to the west continued to strengthen, producing a wide swath of 80 to 100 mph wind gusts as it moved through south central North Dakota and across the James River Valley during the mid-evening into the nighttime hours. The derecho caused extensive tree and structure damage along its path, with significant damage to grain storage equipment and power transmission poles. The highest measured wind gust associated with the derecho was 101 mph at a North Dakota Agricultural Weather Network (NDAWN) station 5 miles northwest of Linton. There were also several tornadoes produced by the intense line of storms, including two tornadoes rated as EF-1 (north of Interstate 94 between Crystal Springs and Medina near the Kidder/Stutsman County Line, and to the southwest of Grace City in Foster County), and one tornado rated as EF-2 (north of Sweet Briar Lake in Morton County).  The derecho resulted in one injury which occurred in a housing development to the south of Lincoln in Burleigh County as a male was outdoors and was struck by flying debris. Also, one indirect fatality occurred near Courtenay in Stutsman County where a 76-year-old male died in his sleep from his breathing device not operating properly due to the power outage caused by the storm.",
ND-EO-2025-05,2025-05,Armstrong,Declares Statewide Disaster for Tornado Damage (Enderlin severe storms),2025-06-21,https://ndresponse.gov/news/armstrong-declares-disaster-tornado-damage-extends-sympathy-victims-families,1275167,202944,2025-06-20 21:55:00,2025-06-20 21:58:00,C,county/county-equivalent,93,STUTSMAN,Thunderstorm Wind,70.0,EG,0,0,2.00K,0.00K,Public,"An outbreak of severe thunderstorms brought extreme winds, very large hail, and multiple tornadoes across much of southern North Dakota from the late afternoon into the nighttime hours. A low-pressure system in southeastern Montana and a warm front stretching eastward across southern North Dakota provided a focus for the severe thunderstorms. Several environmental parameters were in place for a significant outbreak, most notable was the amount of deep-layer wind shear. The lowest layer of the atmosphere (up to 1 mile above the surface) also contained strong wind shear, which was one of the key ingredients that resulted in the higher risk for strong tornadoes. This event has been classified as a derecho, a term that is reserved for the most intense, widespread, and long-lasting lines of severe thunderstorms. By definition, a derecho is a widespread severe windstorm characterized by a family of destructive downbursts containing multiple 75+ mph gusts associated with the system.|Thunderstorms initially developed in eastern Montana in the late afternoon and moved into southwest North Dakota. Severe wind gusts around 60 mph were reported in far southwest North Dakota from Dickinson to Bowman during the early evening. Thereafter, storms grew into a pronounced line as they moved east and began accelerating. Shortly thereafter, extremely strong wind gusts started occurring, including a measured 94 mph gust to the northwest of Elgin in Grant County, and estimated 95 mph wind gusts in Hettinger County where a farmstead was severely damaged. Meanwhile, a supercell thunderstorm developed just south of Jamestown, and produced three-inch diameter hail as it moved northward into the city. This storm then slowly moved to the east-northeast and produced a brief tornado between Jamestown and Spiritwood. Shortly thereafter, a larger tornado formed near Spiritwood and moved to the east-northeast into Barnes County where EF-3 damage occurred, before tracking back into Stutsman County while it was dissipating. Specific details on the damage with this event can be found in the National Weather Service-Grand Forks Storm Data entry. Another supercell thunderstorm then formed south of the initial storm, moving southeast through southern Stutsman and northern LaMoure Counties. This storm produced a tornado near Adrian and another north of Verona. During this time, the line of storms to the west continued to strengthen, producing a wide swath of 80 to 100 mph wind gusts as it moved through south central North Dakota and across the James River Valley during the mid-evening into the nighttime hours. The derecho caused extensive tree and structure damage along its path, with significant damage to grain storage equipment and power transmission poles. The highest measured wind gust associated with the derecho was 101 mph at a North Dakota Agricultural Weather Network (NDAWN) station 5 miles northwest of Linton. There were also several tornadoes produced by the intense line of storms, including two tornadoes rated as EF-1 (north of Interstate 94 between Crystal Springs and Medina near the Kidder/Stutsman County Line, and to the southwest of Grace City in Foster County), and one tornado rated as EF-2 (north of Sweet Briar Lake in Morton County).  The derecho resulted in one injury which occurred in a housing development to the south of Lincoln in Burleigh County as a male was outdoors and was struck by flying debris. Also, one indirect fatality occurred near Courtenay in Stutsman County where a 76-year-old male died in his sleep from his breathing device not operating properly due to the power outage caused by the storm.",A large tree was uprooted.
ND-EO-2025-05,2025-05,Armstrong,Declares Statewide Disaster for Tornado Damage (Enderlin severe storms),2025-06-21,https://ndresponse.gov/news/armstrong-declares-disaster-tornado-damage-extends-sympathy-victims-families,1277263,202944,2025-06-20 21:55:00,2025-06-20 22:05:00,C,county/county-equivalent,93,STUTSMAN,Thunderstorm Wind,78.0,EG,0,0,1.00M,0.00K,Broadcast Media,"An outbreak of severe thunderstorms brought extreme winds, very large hail, and multiple tornadoes across much of southern North Dakota from the late afternoon into the nighttime hours. A low-pressure system in southeastern Montana and a warm front stretching eastward across southern North Dakota provided a focus for the severe thunderstorms. Several environmental parameters were in place for a significant outbreak, most notable was the amount of deep-layer wind shear. The lowest layer of the atmosphere (up to 1 mile above the surface) also contained strong wind shear, which was one of the key ingredients that resulted in the higher risk for strong tornadoes. This event has been classified as a derecho, a term that is reserved for the most intense, widespread, and long-lasting lines of severe thunderstorms. By definition, a derecho is a widespread severe windstorm characterized by a family of destructive downbursts containing multiple 75+ mph gusts associated with the system.|Thunderstorms initially developed in eastern Montana in the late afternoon and moved into southwest North Dakota. Severe wind gusts around 60 mph were reported in far southwest North Dakota from Dickinson to Bowman during the early evening. Thereafter, storms grew into a pronounced line as they moved east and began accelerating. Shortly thereafter, extremely strong wind gusts started occurring, including a measured 94 mph gust to the northwest of Elgin in Grant County, and estimated 95 mph wind gusts in Hettinger County where a farmstead was severely damaged. Meanwhile, a supercell thunderstorm developed just south of Jamestown, and produced three-inch diameter hail as it moved northward into the city. This storm then slowly moved to the east-northeast and produced a brief tornado between Jamestown and Spiritwood. Shortly thereafter, a larger tornado formed near Spiritwood and moved to the east-northeast into Barnes County where EF-3 damage occurred, before tracking back into Stutsman County while it was dissipating. Specific details on the damage with this event can be found in the National Weather Service-Grand Forks Storm Data entry. Another supercell thunderstorm then formed south of the initial storm, moving southeast through southern Stutsman and northern LaMoure Counties. This storm produced a tornado near Adrian and another north of Verona. During this time, the line of storms to the west continued to strengthen, producing a wide swath of 80 to 100 mph wind gusts as it moved through south central North Dakota and across the James River Valley during the mid-evening into the nighttime hours. The derecho caused extensive tree and structure damage along its path, with significant damage to grain storage equipment and power transmission poles. The highest measured wind gust associated with the derecho was 101 mph at a North Dakota Agricultural Weather Network (NDAWN) station 5 miles northwest of Linton. There were also several tornadoes produced by the intense line of storms, including two tornadoes rated as EF-1 (north of Interstate 94 between Crystal Springs and Medina near the Kidder/Stutsman County Line, and to the southwest of Grace City in Foster County), and one tornado rated as EF-2 (north of Sweet Briar Lake in Morton County).  The derecho resulted in one injury which occurred in a housing development to the south of Lincoln in Burleigh County as a male was outdoors and was struck by flying debris. Also, one indirect fatality occurred near Courtenay in Stutsman County where a 76-year-old male died in his sleep from his breathing device not operating properly due to the power outage caused by the storm.","The Jamestown area was struck by the derecho during the late night hours, with estimated winds around 90 mph. Many trees throughout the city were blown over, causing additional damage to areas that were struck by very large hail earlier in the evening. Lakeside campground to the north of the city had to be closed for an extended period of time due to widespread tree damage and broken water lines."
ND-EO-2025-05,2025-05,Armstrong,Declares Statewide Disaster for Tornado Damage (Enderlin severe storms),2025-06-21,https://ndresponse.gov/news/armstrong-declares-disaster-tornado-damage-extends-sympathy-victims-families,1277262,202944,2025-06-20 22:00:00,2025-06-20 22:05:00,C,county/county-equivalent,93,STUTSMAN,Thunderstorm Wind,68.0,EG,0,0,500.00K,0.00K,Broadcast Media,"An outbreak of severe thunderstorms brought extreme winds, very large hail, and multiple tornadoes across much of southern North Dakota from the late afternoon into the nighttime hours. A low-pressure system in southeastern Montana and a warm front stretching eastward across southern North Dakota provided a focus for the severe thunderstorms. Several environmental parameters were in place for a significant outbreak, most notable was the amount of deep-layer wind shear. The lowest layer of the atmosphere (up to 1 mile above the surface) also contained strong wind shear, which was one of the key ingredients that resulted in the higher risk for strong tornadoes. This event has been classified as a derecho, a term that is reserved for the most intense, widespread, and long-lasting lines of severe thunderstorms. By definition, a derecho is a widespread severe windstorm characterized by a family of destructive downbursts containing multiple 75+ mph gusts associated with the system.|Thunderstorms initially developed in eastern Montana in the late afternoon and moved into southwest North Dakota. Severe wind gusts around 60 mph were reported in far southwest North Dakota from Dickinson to Bowman during the early evening. Thereafter, storms grew into a pronounced line as they moved east and began accelerating. Shortly thereafter, extremely strong wind gusts started occurring, including a measured 94 mph gust to the northwest of Elgin in Grant County, and estimated 95 mph wind gusts in Hettinger County where a farmstead was severely damaged. Meanwhile, a supercell thunderstorm developed just south of Jamestown, and produced three-inch diameter hail as it moved northward into the city. This storm then slowly moved to the east-northeast and produced a brief tornado between Jamestown and Spiritwood. Shortly thereafter, a larger tornado formed near Spiritwood and moved to the east-northeast into Barnes County where EF-3 damage occurred, before tracking back into Stutsman County while it was dissipating. Specific details on the damage with this event can be found in the National Weather Service-Grand Forks Storm Data entry. Another supercell thunderstorm then formed south of the initial storm, moving southeast through southern Stutsman and northern LaMoure Counties. This storm produced a tornado near Adrian and another north of Verona. During this time, the line of storms to the west continued to strengthen, producing a wide swath of 80 to 100 mph wind gusts as it moved through south central North Dakota and across the James River Valley during the mid-evening into the nighttime hours. The derecho caused extensive tree and structure damage along its path, with significant damage to grain storage equipment and power transmission poles. The highest measured wind gust associated with the derecho was 101 mph at a North Dakota Agricultural Weather Network (NDAWN) station 5 miles northwest of Linton. There were also several tornadoes produced by the intense line of storms, including two tornadoes rated as EF-1 (north of Interstate 94 between Crystal Springs and Medina near the Kidder/Stutsman County Line, and to the southwest of Grace City in Foster County), and one tornado rated as EF-2 (north of Sweet Briar Lake in Morton County).  The derecho resulted in one injury which occurred in a housing development to the south of Lincoln in Burleigh County as a male was outdoors and was struck by flying debris. Also, one indirect fatality occurred near Courtenay in Stutsman County where a 76-year-old male died in his sleep from his breathing device not operating properly due to the power outage caused by the storm.","Multiple power poles were broken and power lines were down, resulting in an extended power outage.  One indirect death occurred near Courtenay. A 76-year-old man died when the power to his home was cut off during the storm, causing his breathing machine to fail while he slept."
ND-EO-2025-05,2025-05,Armstrong,Declares Statewide Disaster for Tornado Damage (Enderlin severe storms),2025-06-21,https://ndresponse.gov/news/armstrong-declares-disaster-tornado-damage-extends-sympathy-victims-families,1277252,202944,2025-06-20 22:00:00,2025-06-20 22:05:00,C,county/county-equivalent,93,STUTSMAN,Thunderstorm Wind,78.0,EG,0,0,300.00K,0.00K,Public,"An outbreak of severe thunderstorms brought extreme winds, very large hail, and multiple tornadoes across much of southern North Dakota from the late afternoon into the nighttime hours. A low-pressure system in southeastern Montana and a warm front stretching eastward across southern North Dakota provided a focus for the severe thunderstorms. Several environmental parameters were in place for a significant outbreak, most notable was the amount of deep-layer wind shear. The lowest layer of the atmosphere (up to 1 mile above the surface) also contained strong wind shear, which was one of the key ingredients that resulted in the higher risk for strong tornadoes. This event has been classified as a derecho, a term that is reserved for the most intense, widespread, and long-lasting lines of severe thunderstorms. By definition, a derecho is a widespread severe windstorm characterized by a family of destructive downbursts containing multiple 75+ mph gusts associated with the system.|Thunderstorms initially developed in eastern Montana in the late afternoon and moved into southwest North Dakota. Severe wind gusts around 60 mph were reported in far southwest North Dakota from Dickinson to Bowman during the early evening. Thereafter, storms grew into a pronounced line as they moved east and began accelerating. Shortly thereafter, extremely strong wind gusts started occurring, including a measured 94 mph gust to the northwest of Elgin in Grant County, and estimated 95 mph wind gusts in Hettinger County where a farmstead was severely damaged. Meanwhile, a supercell thunderstorm developed just south of Jamestown, and produced three-inch diameter hail as it moved northward into the city. This storm then slowly moved to the east-northeast and produced a brief tornado between Jamestown and Spiritwood. Shortly thereafter, a larger tornado formed near Spiritwood and moved to the east-northeast into Barnes County where EF-3 damage occurred, before tracking back into Stutsman County while it was dissipating. Specific details on the damage with this event can be found in the National Weather Service-Grand Forks Storm Data entry. Another supercell thunderstorm then formed south of the initial storm, moving southeast through southern Stutsman and northern LaMoure Counties. This storm produced a tornado near Adrian and another north of Verona. During this time, the line of storms to the west continued to strengthen, producing a wide swath of 80 to 100 mph wind gusts as it moved through south central North Dakota and across the James River Valley during the mid-evening into the nighttime hours. The derecho caused extensive tree and structure damage along its path, with significant damage to grain storage equipment and power transmission poles. The highest measured wind gust associated with the derecho was 101 mph at a North Dakota Agricultural Weather Network (NDAWN) station 5 miles northwest of Linton. There were also several tornadoes produced by the intense line of storms, including two tornadoes rated as EF-1 (north of Interstate 94 between Crystal Springs and Medina near the Kidder/Stutsman County Line, and to the southwest of Grace City in Foster County), and one tornado rated as EF-2 (north of Sweet Briar Lake in Morton County).  The derecho resulted in one injury which occurred in a housing development to the south of Lincoln in Burleigh County as a male was outdoors and was struck by flying debris. Also, one indirect fatality occurred near Courtenay in Stutsman County where a 76-year-old male died in his sleep from his breathing device not operating properly due to the power outage caused by the storm.","Multiple large grain bins were either severely damaged or blown off their pads.  This location was struck again with another storm on August 8, 2025, causing much more additional damage."
ND-EO-2025-05,2025-05,Armstrong,Declares Statewide Disaster for Tornado Damage (Enderlin severe storms),2025-06-21,https://ndresponse.gov/news/armstrong-declares-disaster-tornado-damage-extends-sympathy-victims-families,1275206,202944,2025-06-20 22:25:00,2025-06-20 22:28:00,C,county/county-equivalent,93,STUTSMAN,Thunderstorm Wind,82.0,MG,0,0,0.00K,0.00K,Mesonet,"An outbreak of severe thunderstorms brought extreme winds, very large hail, and multiple tornadoes across much of southern North Dakota from the late afternoon into the nighttime hours. A low-pressure system in southeastern Montana and a warm front stretching eastward across southern North Dakota provided a focus for the severe thunderstorms. Several environmental parameters were in place for a significant outbreak, most notable was the amount of deep-layer wind shear. The lowest layer of the atmosphere (up to 1 mile above the surface) also contained strong wind shear, which was one of the key ingredients that resulted in the higher risk for strong tornadoes. This event has been classified as a derecho, a term that is reserved for the most intense, widespread, and long-lasting lines of severe thunderstorms. By definition, a derecho is a widespread severe windstorm characterized by a family of destructive downbursts containing multiple 75+ mph gusts associated with the system.|Thunderstorms initially developed in eastern Montana in the late afternoon and moved into southwest North Dakota. Severe wind gusts around 60 mph were reported in far southwest North Dakota from Dickinson to Bowman during the early evening. Thereafter, storms grew into a pronounced line as they moved east and began accelerating. Shortly thereafter, extremely strong wind gusts started occurring, including a measured 94 mph gust to the northwest of Elgin in Grant County, and estimated 95 mph wind gusts in Hettinger County where a farmstead was severely damaged. Meanwhile, a supercell thunderstorm developed just south of Jamestown, and produced three-inch diameter hail as it moved northward into the city. This storm then slowly moved to the east-northeast and produced a brief tornado between Jamestown and Spiritwood. Shortly thereafter, a larger tornado formed near Spiritwood and moved to the east-northeast into Barnes County where EF-3 damage occurred, before tracking back into Stutsman County while it was dissipating. Specific details on the damage with this event can be found in the National Weather Service-Grand Forks Storm Data entry. Another supercell thunderstorm then formed south of the initial storm, moving southeast through southern Stutsman and northern LaMoure Counties. This storm produced a tornado near Adrian and another north of Verona. During this time, the line of storms to the west continued to strengthen, producing a wide swath of 80 to 100 mph wind gusts as it moved through south central North Dakota and across the James River Valley during the mid-evening into the nighttime hours. The derecho caused extensive tree and structure damage along its path, with significant damage to grain storage equipment and power transmission poles. The highest measured wind gust associated with the derecho was 101 mph at a North Dakota Agricultural Weather Network (NDAWN) station 5 miles northwest of Linton. There were also several tornadoes produced by the intense line of storms, including two tornadoes rated as EF-1 (north of Interstate 94 between Crystal Springs and Medina near the Kidder/Stutsman County Line, and to the southwest of Grace City in Foster County), and one tornado rated as EF-2 (north of Sweet Briar Lake in Morton County).  The derecho resulted in one injury which occurred in a housing development to the south of Lincoln in Burleigh County as a male was outdoors and was struck by flying debris. Also, one indirect fatality occurred near Courtenay in Stutsman County where a 76-year-old male died in his sleep from his breathing device not operating properly due to the power outage caused by the storm.",
ND-EO-2025-05,2025-05,Armstrong,Declares Statewide Disaster for Tornado Damage (Enderlin severe storms),2025-06-21,https://ndresponse.gov/news/armstrong-declares-disaster-tornado-damage-extends-sympathy-victims-families,1275236,202944,2025-06-20 22:45:00,2025-06-20 22:48:00,C,county/county-equivalent,93,STUTSMAN,Thunderstorm Wind,56.0,MG,0,0,0.00K,0.00K,Mesonet,"An outbreak of severe thunderstorms brought extreme winds, very large hail, and multiple tornadoes across much of southern North Dakota from the late afternoon into the nighttime hours. A low-pressure system in southeastern Montana and a warm front stretching eastward across southern North Dakota provided a focus for the severe thunderstorms. Several environmental parameters were in place for a significant outbreak, most notable was the amount of deep-layer wind shear. The lowest layer of the atmosphere (up to 1 mile above the surface) also contained strong wind shear, which was one of the key ingredients that resulted in the higher risk for strong tornadoes. This event has been classified as a derecho, a term that is reserved for the most intense, widespread, and long-lasting lines of severe thunderstorms. By definition, a derecho is a widespread severe windstorm characterized by a family of destructive downbursts containing multiple 75+ mph gusts associated with the system.|Thunderstorms initially developed in eastern Montana in the late afternoon and moved into southwest North Dakota. Severe wind gusts around 60 mph were reported in far southwest North Dakota from Dickinson to Bowman during the early evening. Thereafter, storms grew into a pronounced line as they moved east and began accelerating. Shortly thereafter, extremely strong wind gusts started occurring, including a measured 94 mph gust to the northwest of Elgin in Grant County, and estimated 95 mph wind gusts in Hettinger County where a farmstead was severely damaged. Meanwhile, a supercell thunderstorm developed just south of Jamestown, and produced three-inch diameter hail as it moved northward into the city. This storm then slowly moved to the east-northeast and produced a brief tornado between Jamestown and Spiritwood. Shortly thereafter, a larger tornado formed near Spiritwood and moved to the east-northeast into Barnes County where EF-3 damage occurred, before tracking back into Stutsman County while it was dissipating. Specific details on the damage with this event can be found in the National Weather Service-Grand Forks Storm Data entry. Another supercell thunderstorm then formed south of the initial storm, moving southeast through southern Stutsman and northern LaMoure Counties. This storm produced a tornado near Adrian and another north of Verona. During this time, the line of storms to the west continued to strengthen, producing a wide swath of 80 to 100 mph wind gusts as it moved through south central North Dakota and across the James River Valley during the mid-evening into the nighttime hours. The derecho caused extensive tree and structure damage along its path, with significant damage to grain storage equipment and power transmission poles. The highest measured wind gust associated with the derecho was 101 mph at a North Dakota Agricultural Weather Network (NDAWN) station 5 miles northwest of Linton. There were also several tornadoes produced by the intense line of storms, including two tornadoes rated as EF-1 (north of Interstate 94 between Crystal Springs and Medina near the Kidder/Stutsman County Line, and to the southwest of Grace City in Foster County), and one tornado rated as EF-2 (north of Sweet Briar Lake in Morton County).  The derecho resulted in one injury which occurred in a housing development to the south of Lincoln in Burleigh County as a male was outdoors and was struck by flying debris. Also, one indirect fatality occurred near Courtenay in Stutsman County where a 76-year-old male died in his sleep from his breathing device not operating properly due to the power outage caused by the storm.",
ND-EO-2025-05,2025-05,Armstrong,Declares Statewide Disaster for Tornado Damage (Enderlin severe storms),2025-06-21,https://ndresponse.gov/news/armstrong-declares-disaster-tornado-damage-extends-sympathy-victims-families,1275238,202944,2025-06-20 22:48:00,2025-06-20 22:52:00,C,county/county-equivalent,93,STUTSMAN,Thunderstorm Wind,63.0,MG,0,0,0.00K,0.00K,Mesonet,"An outbreak of severe thunderstorms brought extreme winds, very large hail, and multiple tornadoes across much of southern North Dakota from the late afternoon into the nighttime hours. A low-pressure system in southeastern Montana and a warm front stretching eastward across southern North Dakota provided a focus for the severe thunderstorms. Several environmental parameters were in place for a significant outbreak, most notable was the amount of deep-layer wind shear. The lowest layer of the atmosphere (up to 1 mile above the surface) also contained strong wind shear, which was one of the key ingredients that resulted in the higher risk for strong tornadoes. This event has been classified as a derecho, a term that is reserved for the most intense, widespread, and long-lasting lines of severe thunderstorms. By definition, a derecho is a widespread severe windstorm characterized by a family of destructive downbursts containing multiple 75+ mph gusts associated with the system.|Thunderstorms initially developed in eastern Montana in the late afternoon and moved into southwest North Dakota. Severe wind gusts around 60 mph were reported in far southwest North Dakota from Dickinson to Bowman during the early evening. Thereafter, storms grew into a pronounced line as they moved east and began accelerating. Shortly thereafter, extremely strong wind gusts started occurring, including a measured 94 mph gust to the northwest of Elgin in Grant County, and estimated 95 mph wind gusts in Hettinger County where a farmstead was severely damaged. Meanwhile, a supercell thunderstorm developed just south of Jamestown, and produced three-inch diameter hail as it moved northward into the city. This storm then slowly moved to the east-northeast and produced a brief tornado between Jamestown and Spiritwood. Shortly thereafter, a larger tornado formed near Spiritwood and moved to the east-northeast into Barnes County where EF-3 damage occurred, before tracking back into Stutsman County while it was dissipating. Specific details on the damage with this event can be found in the National Weather Service-Grand Forks Storm Data entry. Another supercell thunderstorm then formed south of the initial storm, moving southeast through southern Stutsman and northern LaMoure Counties. This storm produced a tornado near Adrian and another north of Verona. During this time, the line of storms to the west continued to strengthen, producing a wide swath of 80 to 100 mph wind gusts as it moved through south central North Dakota and across the James River Valley during the mid-evening into the nighttime hours. The derecho caused extensive tree and structure damage along its path, with significant damage to grain storage equipment and power transmission poles. The highest measured wind gust associated with the derecho was 101 mph at a North Dakota Agricultural Weather Network (NDAWN) station 5 miles northwest of Linton. There were also several tornadoes produced by the intense line of storms, including two tornadoes rated as EF-1 (north of Interstate 94 between Crystal Springs and Medina near the Kidder/Stutsman County Line, and to the southwest of Grace City in Foster County), and one tornado rated as EF-2 (north of Sweet Briar Lake in Morton County).  The derecho resulted in one injury which occurred in a housing development to the south of Lincoln in Burleigh County as a male was outdoors and was struck by flying debris. Also, one indirect fatality occurred near Courtenay in Stutsman County where a 76-year-old male died in his sleep from his breathing device not operating properly due to the power outage caused by the storm.",
ND-EO-2025-05,2025-05,Armstrong,Declares Statewide Disaster for Tornado Damage (Enderlin severe storms),2025-06-21,https://ndresponse.gov/news/armstrong-declares-disaster-tornado-damage-extends-sympathy-victims-families,1275240,202944,2025-06-20 23:05:00,2025-06-20 23:08:00,C,county/county-equivalent,93,STUTSMAN,Thunderstorm Wind,56.0,MG,0,0,0.00K,0.00K,Mesonet,"An outbreak of severe thunderstorms brought extreme winds, very large hail, and multiple tornadoes across much of southern North Dakota from the late afternoon into the nighttime hours. A low-pressure system in southeastern Montana and a warm front stretching eastward across southern North Dakota provided a focus for the severe thunderstorms. Several environmental parameters were in place for a significant outbreak, most notable was the amount of deep-layer wind shear. The lowest layer of the atmosphere (up to 1 mile above the surface) also contained strong wind shear, which was one of the key ingredients that resulted in the higher risk for strong tornadoes. This event has been classified as a derecho, a term that is reserved for the most intense, widespread, and long-lasting lines of severe thunderstorms. By definition, a derecho is a widespread severe windstorm characterized by a family of destructive downbursts containing multiple 75+ mph gusts associated with the system.|Thunderstorms initially developed in eastern Montana in the late afternoon and moved into southwest North Dakota. Severe wind gusts around 60 mph were reported in far southwest North Dakota from Dickinson to Bowman during the early evening. Thereafter, storms grew into a pronounced line as they moved east and began accelerating. Shortly thereafter, extremely strong wind gusts started occurring, including a measured 94 mph gust to the northwest of Elgin in Grant County, and estimated 95 mph wind gusts in Hettinger County where a farmstead was severely damaged. Meanwhile, a supercell thunderstorm developed just south of Jamestown, and produced three-inch diameter hail as it moved northward into the city. This storm then slowly moved to the east-northeast and produced a brief tornado between Jamestown and Spiritwood. Shortly thereafter, a larger tornado formed near Spiritwood and moved to the east-northeast into Barnes County where EF-3 damage occurred, before tracking back into Stutsman County while it was dissipating. Specific details on the damage with this event can be found in the National Weather Service-Grand Forks Storm Data entry. Another supercell thunderstorm then formed south of the initial storm, moving southeast through southern Stutsman and northern LaMoure Counties. This storm produced a tornado near Adrian and another north of Verona. During this time, the line of storms to the west continued to strengthen, producing a wide swath of 80 to 100 mph wind gusts as it moved through south central North Dakota and across the James River Valley during the mid-evening into the nighttime hours. The derecho caused extensive tree and structure damage along its path, with significant damage to grain storage equipment and power transmission poles. The highest measured wind gust associated with the derecho was 101 mph at a North Dakota Agricultural Weather Network (NDAWN) station 5 miles northwest of Linton. There were also several tornadoes produced by the intense line of storms, including two tornadoes rated as EF-1 (north of Interstate 94 between Crystal Springs and Medina near the Kidder/Stutsman County Line, and to the southwest of Grace City in Foster County), and one tornado rated as EF-2 (north of Sweet Briar Lake in Morton County).  The derecho resulted in one injury which occurred in a housing development to the south of Lincoln in Burleigh County as a male was outdoors and was struck by flying debris. Also, one indirect fatality occurred near Courtenay in Stutsman County where a 76-year-old male died in his sleep from his breathing device not operating properly due to the power outage caused by the storm.",
ND-EO-2025-05,2025-05,Armstrong,Declares Statewide Disaster for Tornado Damage (Enderlin severe storms),2025-06-21,https://ndresponse.gov/news/armstrong-declares-disaster-tornado-damage-extends-sympathy-victims-families,1275242,202944,2025-06-20 23:21:00,2025-06-20 23:24:00,C,county/county-equivalent,93,STUTSMAN,Thunderstorm Wind,77.0,MG,0,0,0.00K,0.00K,Mesonet,"An outbreak of severe thunderstorms brought extreme winds, very large hail, and multiple tornadoes across much of southern North Dakota from the late afternoon into the nighttime hours. A low-pressure system in southeastern Montana and a warm front stretching eastward across southern North Dakota provided a focus for the severe thunderstorms. Several environmental parameters were in place for a significant outbreak, most notable was the amount of deep-layer wind shear. The lowest layer of the atmosphere (up to 1 mile above the surface) also contained strong wind shear, which was one of the key ingredients that resulted in the higher risk for strong tornadoes. This event has been classified as a derecho, a term that is reserved for the most intense, widespread, and long-lasting lines of severe thunderstorms. By definition, a derecho is a widespread severe windstorm characterized by a family of destructive downbursts containing multiple 75+ mph gusts associated with the system.|Thunderstorms initially developed in eastern Montana in the late afternoon and moved into southwest North Dakota. Severe wind gusts around 60 mph were reported in far southwest North Dakota from Dickinson to Bowman during the early evening. Thereafter, storms grew into a pronounced line as they moved east and began accelerating. Shortly thereafter, extremely strong wind gusts started occurring, including a measured 94 mph gust to the northwest of Elgin in Grant County, and estimated 95 mph wind gusts in Hettinger County where a farmstead was severely damaged. Meanwhile, a supercell thunderstorm developed just south of Jamestown, and produced three-inch diameter hail as it moved northward into the city. This storm then slowly moved to the east-northeast and produced a brief tornado between Jamestown and Spiritwood. Shortly thereafter, a larger tornado formed near Spiritwood and moved to the east-northeast into Barnes County where EF-3 damage occurred, before tracking back into Stutsman County while it was dissipating. Specific details on the damage with this event can be found in the National Weather Service-Grand Forks Storm Data entry. Another supercell thunderstorm then formed south of the initial storm, moving southeast through southern Stutsman and northern LaMoure Counties. This storm produced a tornado near Adrian and another north of Verona. During this time, the line of storms to the west continued to strengthen, producing a wide swath of 80 to 100 mph wind gusts as it moved through south central North Dakota and across the James River Valley during the mid-evening into the nighttime hours. The derecho caused extensive tree and structure damage along its path, with significant damage to grain storage equipment and power transmission poles. The highest measured wind gust associated with the derecho was 101 mph at a North Dakota Agricultural Weather Network (NDAWN) station 5 miles northwest of Linton. There were also several tornadoes produced by the intense line of storms, including two tornadoes rated as EF-1 (north of Interstate 94 between Crystal Springs and Medina near the Kidder/Stutsman County Line, and to the southwest of Grace City in Foster County), and one tornado rated as EF-2 (north of Sweet Briar Lake in Morton County).  The derecho resulted in one injury which occurred in a housing development to the south of Lincoln in Burleigh County as a male was outdoors and was struck by flying debris. Also, one indirect fatality occurred near Courtenay in Stutsman County where a 76-year-old male died in his sleep from his breathing device not operating properly due to the power outage caused by the storm.",
ND-EO-2025-05,2025-05,Armstrong,Declares Statewide Disaster for Tornado Damage (Enderlin severe storms),2025-06-21,https://ndresponse.gov/news/armstrong-declares-disaster-tornado-damage-extends-sympathy-victims-families,1275243,202944,2025-06-20 23:25:00,2025-06-20 23:28:00,C,county/county-equivalent,93,STUTSMAN,Thunderstorm Wind,70.0,MG,0,0,0.00K,0.00K,Mesonet,"An outbreak of severe thunderstorms brought extreme winds, very large hail, and multiple tornadoes across much of southern North Dakota from the late afternoon into the nighttime hours. A low-pressure system in southeastern Montana and a warm front stretching eastward across southern North Dakota provided a focus for the severe thunderstorms. Several environmental parameters were in place for a significant outbreak, most notable was the amount of deep-layer wind shear. The lowest layer of the atmosphere (up to 1 mile above the surface) also contained strong wind shear, which was one of the key ingredients that resulted in the higher risk for strong tornadoes. This event has been classified as a derecho, a term that is reserved for the most intense, widespread, and long-lasting lines of severe thunderstorms. By definition, a derecho is a widespread severe windstorm characterized by a family of destructive downbursts containing multiple 75+ mph gusts associated with the system.|Thunderstorms initially developed in eastern Montana in the late afternoon and moved into southwest North Dakota. Severe wind gusts around 60 mph were reported in far southwest North Dakota from Dickinson to Bowman during the early evening. Thereafter, storms grew into a pronounced line as they moved east and began accelerating. Shortly thereafter, extremely strong wind gusts started occurring, including a measured 94 mph gust to the northwest of Elgin in Grant County, and estimated 95 mph wind gusts in Hettinger County where a farmstead was severely damaged. Meanwhile, a supercell thunderstorm developed just south of Jamestown, and produced three-inch diameter hail as it moved northward into the city. This storm then slowly moved to the east-northeast and produced a brief tornado between Jamestown and Spiritwood. Shortly thereafter, a larger tornado formed near Spiritwood and moved to the east-northeast into Barnes County where EF-3 damage occurred, before tracking back into Stutsman County while it was dissipating. Specific details on the damage with this event can be found in the National Weather Service-Grand Forks Storm Data entry. Another supercell thunderstorm then formed south of the initial storm, moving southeast through southern Stutsman and northern LaMoure Counties. This storm produced a tornado near Adrian and another north of Verona. During this time, the line of storms to the west continued to strengthen, producing a wide swath of 80 to 100 mph wind gusts as it moved through south central North Dakota and across the James River Valley during the mid-evening into the nighttime hours. The derecho caused extensive tree and structure damage along its path, with significant damage to grain storage equipment and power transmission poles. The highest measured wind gust associated with the derecho was 101 mph at a North Dakota Agricultural Weather Network (NDAWN) station 5 miles northwest of Linton. There were also several tornadoes produced by the intense line of storms, including two tornadoes rated as EF-1 (north of Interstate 94 between Crystal Springs and Medina near the Kidder/Stutsman County Line, and to the southwest of Grace City in Foster County), and one tornado rated as EF-2 (north of Sweet Briar Lake in Morton County).  The derecho resulted in one injury which occurred in a housing development to the south of Lincoln in Burleigh County as a male was outdoors and was struck by flying debris. Also, one indirect fatality occurred near Courtenay in Stutsman County where a 76-year-old male died in his sleep from his breathing device not operating properly due to the power outage caused by the storm.",
ND-EO-2025-05,2025-05,Armstrong,Declares Statewide Disaster for Tornado Damage (Enderlin severe storms),2025-06-21,https://ndresponse.gov/news/armstrong-declares-disaster-tornado-damage-extends-sympathy-victims-families,1275245,202944,2025-06-20 23:34:00,2025-06-20 23:38:00,C,county/county-equivalent,93,STUTSMAN,Thunderstorm Wind,79.0,MG,0,0,0.00K,0.00K,Mesonet,"An outbreak of severe thunderstorms brought extreme winds, very large hail, and multiple tornadoes across much of southern North Dakota from the late afternoon into the nighttime hours. A low-pressure system in southeastern Montana and a warm front stretching eastward across southern North Dakota provided a focus for the severe thunderstorms. Several environmental parameters were in place for a significant outbreak, most notable was the amount of deep-layer wind shear. The lowest layer of the atmosphere (up to 1 mile above the surface) also contained strong wind shear, which was one of the key ingredients that resulted in the higher risk for strong tornadoes. This event has been classified as a derecho, a term that is reserved for the most intense, widespread, and long-lasting lines of severe thunderstorms. By definition, a derecho is a widespread severe windstorm characterized by a family of destructive downbursts containing multiple 75+ mph gusts associated with the system.|Thunderstorms initially developed in eastern Montana in the late afternoon and moved into southwest North Dakota. Severe wind gusts around 60 mph were reported in far southwest North Dakota from Dickinson to Bowman during the early evening. Thereafter, storms grew into a pronounced line as they moved east and began accelerating. Shortly thereafter, extremely strong wind gusts started occurring, including a measured 94 mph gust to the northwest of Elgin in Grant County, and estimated 95 mph wind gusts in Hettinger County where a farmstead was severely damaged. Meanwhile, a supercell thunderstorm developed just south of Jamestown, and produced three-inch diameter hail as it moved northward into the city. This storm then slowly moved to the east-northeast and produced a brief tornado between Jamestown and Spiritwood. Shortly thereafter, a larger tornado formed near Spiritwood and moved to the east-northeast into Barnes County where EF-3 damage occurred, before tracking back into Stutsman County while it was dissipating. Specific details on the damage with this event can be found in the National Weather Service-Grand Forks Storm Data entry. Another supercell thunderstorm then formed south of the initial storm, moving southeast through southern Stutsman and northern LaMoure Counties. This storm produced a tornado near Adrian and another north of Verona. During this time, the line of storms to the west continued to strengthen, producing a wide swath of 80 to 100 mph wind gusts as it moved through south central North Dakota and across the James River Valley during the mid-evening into the nighttime hours. The derecho caused extensive tree and structure damage along its path, with significant damage to grain storage equipment and power transmission poles. The highest measured wind gust associated with the derecho was 101 mph at a North Dakota Agricultural Weather Network (NDAWN) station 5 miles northwest of Linton. There were also several tornadoes produced by the intense line of storms, including two tornadoes rated as EF-1 (north of Interstate 94 between Crystal Springs and Medina near the Kidder/Stutsman County Line, and to the southwest of Grace City in Foster County), and one tornado rated as EF-2 (north of Sweet Briar Lake in Morton County).  The derecho resulted in one injury which occurred in a housing development to the south of Lincoln in Burleigh County as a male was outdoors and was struck by flying debris. Also, one indirect fatality occurred near Courtenay in Stutsman County where a 76-year-old male died in his sleep from his breathing device not operating properly due to the power outage caused by the storm.",
ND-EO-2025-05,2025-05,Armstrong,Declares Statewide Disaster for Tornado Damage (Enderlin severe storms),2025-06-21,https://ndresponse.gov/news/armstrong-declares-disaster-tornado-damage-extends-sympathy-victims-families,1275246,202944,2025-06-21 00:04:00,2025-06-21 00:07:00,C,county/county-equivalent,93,STUTSMAN,Thunderstorm Wind,58.0,MG,0,0,0.00K,0.00K,Mesonet,"An outbreak of severe thunderstorms brought extreme winds, very large hail, and multiple tornadoes across much of southern North Dakota from the late afternoon into the nighttime hours. A low-pressure system in southeastern Montana and a warm front stretching eastward across southern North Dakota provided a focus for the severe thunderstorms. Several environmental parameters were in place for a significant outbreak, most notable was the amount of deep-layer wind shear. The lowest layer of the atmosphere (up to 1 mile above the surface) also contained strong wind shear, which was one of the key ingredients that resulted in the higher risk for strong tornadoes. This event has been classified as a derecho, a term that is reserved for the most intense, widespread, and long-lasting lines of severe thunderstorms. By definition, a derecho is a widespread severe windstorm characterized by a family of destructive downbursts containing multiple 75+ mph gusts associated with the system.|Thunderstorms initially developed in eastern Montana in the late afternoon and moved into southwest North Dakota. Severe wind gusts around 60 mph were reported in far southwest North Dakota from Dickinson to Bowman during the early evening. Thereafter, storms grew into a pronounced line as they moved east and began accelerating. Shortly thereafter, extremely strong wind gusts started occurring, including a measured 94 mph gust to the northwest of Elgin in Grant County, and estimated 95 mph wind gusts in Hettinger County where a farmstead was severely damaged. Meanwhile, a supercell thunderstorm developed just south of Jamestown, and produced three-inch diameter hail as it moved northward into the city. This storm then slowly moved to the east-northeast and produced a brief tornado between Jamestown and Spiritwood. Shortly thereafter, a larger tornado formed near Spiritwood and moved to the east-northeast into Barnes County where EF-3 damage occurred, before tracking back into Stutsman County while it was dissipating. Specific details on the damage with this event can be found in the National Weather Service-Grand Forks Storm Data entry. Another supercell thunderstorm then formed south of the initial storm, moving southeast through southern Stutsman and northern LaMoure Counties. This storm produced a tornado near Adrian and another north of Verona. During this time, the line of storms to the west continued to strengthen, producing a wide swath of 80 to 100 mph wind gusts as it moved through south central North Dakota and across the James River Valley during the mid-evening into the nighttime hours. The derecho caused extensive tree and structure damage along its path, with significant damage to grain storage equipment and power transmission poles. The highest measured wind gust associated with the derecho was 101 mph at a North Dakota Agricultural Weather Network (NDAWN) station 5 miles northwest of Linton. There were also several tornadoes produced by the intense line of storms, including two tornadoes rated as EF-1 (north of Interstate 94 between Crystal Springs and Medina near the Kidder/Stutsman County Line, and to the southwest of Grace City in Foster County), and one tornado rated as EF-2 (north of Sweet Briar Lake in Morton County).  The derecho resulted in one injury which occurred in a housing development to the south of Lincoln in Burleigh County as a male was outdoors and was struck by flying debris. Also, one indirect fatality occurred near Courtenay in Stutsman County where a 76-year-old male died in his sleep from his breathing device not operating properly due to the power outage caused by the storm.",
ND-EO-2025-05,2025-05,Armstrong,Declares Statewide Disaster for Tornado Damage (Enderlin severe storms),2025-06-21,https://ndresponse.gov/news/armstrong-declares-disaster-tornado-damage-extends-sympathy-victims-families,1278266,203614,2025-06-21 00:20:00,2025-06-21 00:20:00,C,county/county-equivalent,97,TRAILL,Thunderstorm Wind,52.0,MG,0,0,,,Mesonet,"During the evening of Friday, June 20th into the early morning hours of June 21st, much of the region was affected by severe weather. Supercell thunderstorms developed across southeast North Dakota ahead of an approaching convective complex, producing multiple strong, destructive, and fatal tornadoes. This was followed by a powerful line of severe thunderstorms categorized as a derecho, which tracked across much of the region resulting in widespread straight line wind damage. After the derecho passed through the region, there was a period of prolonged destructive winds that affected portions of central and east central North Dakota, as well as adjacent portions of Minnesota. This was a unique event due to the combination of the violent tornadoes ahead of the derecho, and the long duration of significant winds that followed the derecho. Based on estimates provided by North Dakota Agriculture Commissioner Doug Goehring, the state lost anywhere from 50 to 80 million bushels of grain storage capacity from these storms.",Mesonet observations confirmed a 60 mph wind gust 1 mile west of Mayville. Mesonet station DVI06914 Mayville ND 1 W.
ND-EO-2025-05,2025-05,Armstrong,Declares Statewide Disaster for Tornado Damage (Enderlin severe storms),2025-06-21,https://ndresponse.gov/news/armstrong-declares-disaster-tornado-damage-extends-sympathy-victims-families,1278269,203614,2025-06-21 00:30:00,2025-06-21 00:30:00,C,county/county-equivalent,97,TRAILL,Thunderstorm Wind,57.0,MG,0,0,,,Mesonet,"During the evening of Friday, June 20th into the early morning hours of June 21st, much of the region was affected by severe weather. Supercell thunderstorms developed across southeast North Dakota ahead of an approaching convective complex, producing multiple strong, destructive, and fatal tornadoes. This was followed by a powerful line of severe thunderstorms categorized as a derecho, which tracked across much of the region resulting in widespread straight line wind damage. After the derecho passed through the region, there was a period of prolonged destructive winds that affected portions of central and east central North Dakota, as well as adjacent portions of Minnesota. This was a unique event due to the combination of the violent tornadoes ahead of the derecho, and the long duration of significant winds that followed the derecho. Based on estimates provided by North Dakota Agriculture Commissioner Doug Goehring, the state lost anywhere from 50 to 80 million bushels of grain storage capacity from these storms.",NDAWN station 3 E Mayville confirmed a 66 mph wind gust. Mesonet station 325679 Mayville ND NDAWN.
ND-EO-2025-05,2025-05,Armstrong,Declares Statewide Disaster for Tornado Damage (Enderlin severe storms),2025-06-21,https://ndresponse.gov/news/armstrong-declares-disaster-tornado-damage-extends-sympathy-victims-families,1278265,203614,2025-06-21 00:35:00,2025-06-21 00:35:00,C,county/county-equivalent,97,TRAILL,Thunderstorm Wind,64.0,MG,0,0,,,Mesonet,"During the evening of Friday, June 20th into the early morning hours of June 21st, much of the region was affected by severe weather. Supercell thunderstorms developed across southeast North Dakota ahead of an approaching convective complex, producing multiple strong, destructive, and fatal tornadoes. This was followed by a powerful line of severe thunderstorms categorized as a derecho, which tracked across much of the region resulting in widespread straight line wind damage. After the derecho passed through the region, there was a period of prolonged destructive winds that affected portions of central and east central North Dakota, as well as adjacent portions of Minnesota. This was a unique event due to the combination of the violent tornadoes ahead of the derecho, and the long duration of significant winds that followed the derecho. Based on estimates provided by North Dakota Agriculture Commissioner Doug Goehring, the state lost anywhere from 50 to 80 million bushels of grain storage capacity from these storms.",Mesonet observations confirmed a 74 mph wind gust 2 miles SE of Blanchard. Mesonet station DVI12057 Blanchard ND.
ND-EO-2025-05,2025-05,Armstrong,Declares Statewide Disaster for Tornado Damage (Enderlin severe storms),2025-06-21,https://ndresponse.gov/news/armstrong-declares-disaster-tornado-damage-extends-sympathy-victims-families,1278263,203614,2025-06-21 00:50:00,2025-06-21 00:50:00,C,county/county-equivalent,97,TRAILL,Thunderstorm Wind,68.0,MG,0,0,,,Mesonet,"During the evening of Friday, June 20th into the early morning hours of June 21st, much of the region was affected by severe weather. Supercell thunderstorms developed across southeast North Dakota ahead of an approaching convective complex, producing multiple strong, destructive, and fatal tornadoes. This was followed by a powerful line of severe thunderstorms categorized as a derecho, which tracked across much of the region resulting in widespread straight line wind damage. After the derecho passed through the region, there was a period of prolonged destructive winds that affected portions of central and east central North Dakota, as well as adjacent portions of Minnesota. This was a unique event due to the combination of the violent tornadoes ahead of the derecho, and the long duration of significant winds that followed the derecho. Based on estimates provided by North Dakota Agriculture Commissioner Doug Goehring, the state lost anywhere from 50 to 80 million bushels of grain storage capacity from these storms.",NDAWN site reported a 78 mph wind gust 5 ENE Kelso. Mesonet station 324209 Hillsboro ND NDAWN.
ND-EO-2025-05,2025-05,Armstrong,Declares Statewide Disaster for Tornado Damage (Enderlin severe storms),2025-06-21,https://ndresponse.gov/news/armstrong-declares-disaster-tornado-damage-extends-sympathy-victims-families,1275158,202944,2025-06-20 21:26:00,2025-06-20 21:29:00,C,county/county-equivalent,103,WELLS,Thunderstorm Wind,74.0,EG,0,0,150.00K,0.00K,Public,"An outbreak of severe thunderstorms brought extreme winds, very large hail, and multiple tornadoes across much of southern North Dakota from the late afternoon into the nighttime hours. A low-pressure system in southeastern Montana and a warm front stretching eastward across southern North Dakota provided a focus for the severe thunderstorms. Several environmental parameters were in place for a significant outbreak, most notable was the amount of deep-layer wind shear. The lowest layer of the atmosphere (up to 1 mile above the surface) also contained strong wind shear, which was one of the key ingredients that resulted in the higher risk for strong tornadoes. This event has been classified as a derecho, a term that is reserved for the most intense, widespread, and long-lasting lines of severe thunderstorms. By definition, a derecho is a widespread severe windstorm characterized by a family of destructive downbursts containing multiple 75+ mph gusts associated with the system.|Thunderstorms initially developed in eastern Montana in the late afternoon and moved into southwest North Dakota. Severe wind gusts around 60 mph were reported in far southwest North Dakota from Dickinson to Bowman during the early evening. Thereafter, storms grew into a pronounced line as they moved east and began accelerating. Shortly thereafter, extremely strong wind gusts started occurring, including a measured 94 mph gust to the northwest of Elgin in Grant County, and estimated 95 mph wind gusts in Hettinger County where a farmstead was severely damaged. Meanwhile, a supercell thunderstorm developed just south of Jamestown, and produced three-inch diameter hail as it moved northward into the city. This storm then slowly moved to the east-northeast and produced a brief tornado between Jamestown and Spiritwood. Shortly thereafter, a larger tornado formed near Spiritwood and moved to the east-northeast into Barnes County where EF-3 damage occurred, before tracking back into Stutsman County while it was dissipating. Specific details on the damage with this event can be found in the National Weather Service-Grand Forks Storm Data entry. Another supercell thunderstorm then formed south of the initial storm, moving southeast through southern Stutsman and northern LaMoure Counties. This storm produced a tornado near Adrian and another north of Verona. During this time, the line of storms to the west continued to strengthen, producing a wide swath of 80 to 100 mph wind gusts as it moved through south central North Dakota and across the James River Valley during the mid-evening into the nighttime hours. The derecho caused extensive tree and structure damage along its path, with significant damage to grain storage equipment and power transmission poles. The highest measured wind gust associated with the derecho was 101 mph at a North Dakota Agricultural Weather Network (NDAWN) station 5 miles northwest of Linton. There were also several tornadoes produced by the intense line of storms, including two tornadoes rated as EF-1 (north of Interstate 94 between Crystal Springs and Medina near the Kidder/Stutsman County Line, and to the southwest of Grace City in Foster County), and one tornado rated as EF-2 (north of Sweet Briar Lake in Morton County).  The derecho resulted in one injury which occurred in a housing development to the south of Lincoln in Burleigh County as a male was outdoors and was struck by flying debris. Also, one indirect fatality occurred near Courtenay in Stutsman County where a 76-year-old male died in his sleep from his breathing device not operating properly due to the power outage caused by the storm.",Multiple grain bins were damaged. Shingles and paneling were blown off another building.
ND-EO-2025-05,2025-05,Armstrong,Declares Statewide Disaster for Tornado Damage (Enderlin severe storms),2025-06-21,https://ndresponse.gov/news/armstrong-declares-disaster-tornado-damage-extends-sympathy-victims-families,1275159,202944,2025-06-20 21:30:00,2025-06-20 21:33:00,C,county/county-equivalent,103,WELLS,Thunderstorm Wind,72.0,MG,0,0,0.00K,0.00K,Public,"An outbreak of severe thunderstorms brought extreme winds, very large hail, and multiple tornadoes across much of southern North Dakota from the late afternoon into the nighttime hours. A low-pressure system in southeastern Montana and a warm front stretching eastward across southern North Dakota provided a focus for the severe thunderstorms. Several environmental parameters were in place for a significant outbreak, most notable was the amount of deep-layer wind shear. The lowest layer of the atmosphere (up to 1 mile above the surface) also contained strong wind shear, which was one of the key ingredients that resulted in the higher risk for strong tornadoes. This event has been classified as a derecho, a term that is reserved for the most intense, widespread, and long-lasting lines of severe thunderstorms. By definition, a derecho is a widespread severe windstorm characterized by a family of destructive downbursts containing multiple 75+ mph gusts associated with the system.|Thunderstorms initially developed in eastern Montana in the late afternoon and moved into southwest North Dakota. Severe wind gusts around 60 mph were reported in far southwest North Dakota from Dickinson to Bowman during the early evening. Thereafter, storms grew into a pronounced line as they moved east and began accelerating. Shortly thereafter, extremely strong wind gusts started occurring, including a measured 94 mph gust to the northwest of Elgin in Grant County, and estimated 95 mph wind gusts in Hettinger County where a farmstead was severely damaged. Meanwhile, a supercell thunderstorm developed just south of Jamestown, and produced three-inch diameter hail as it moved northward into the city. This storm then slowly moved to the east-northeast and produced a brief tornado between Jamestown and Spiritwood. Shortly thereafter, a larger tornado formed near Spiritwood and moved to the east-northeast into Barnes County where EF-3 damage occurred, before tracking back into Stutsman County while it was dissipating. Specific details on the damage with this event can be found in the National Weather Service-Grand Forks Storm Data entry. Another supercell thunderstorm then formed south of the initial storm, moving southeast through southern Stutsman and northern LaMoure Counties. This storm produced a tornado near Adrian and another north of Verona. During this time, the line of storms to the west continued to strengthen, producing a wide swath of 80 to 100 mph wind gusts as it moved through south central North Dakota and across the James River Valley during the mid-evening into the nighttime hours. The derecho caused extensive tree and structure damage along its path, with significant damage to grain storage equipment and power transmission poles. The highest measured wind gust associated with the derecho was 101 mph at a North Dakota Agricultural Weather Network (NDAWN) station 5 miles northwest of Linton. There were also several tornadoes produced by the intense line of storms, including two tornadoes rated as EF-1 (north of Interstate 94 between Crystal Springs and Medina near the Kidder/Stutsman County Line, and to the southwest of Grace City in Foster County), and one tornado rated as EF-2 (north of Sweet Briar Lake in Morton County).  The derecho resulted in one injury which occurred in a housing development to the south of Lincoln in Burleigh County as a male was outdoors and was struck by flying debris. Also, one indirect fatality occurred near Courtenay in Stutsman County where a 76-year-old male died in his sleep from his breathing device not operating properly due to the power outage caused by the storm.",
ND-EO-2025-05,2025-05,Armstrong,Declares Statewide Disaster for Tornado Damage (Enderlin severe storms),2025-06-21,https://ndresponse.gov/news/armstrong-declares-disaster-tornado-damage-extends-sympathy-victims-families,1275195,202944,2025-06-20 22:20:00,2025-06-20 22:24:00,C,county/county-equivalent,103,WELLS,Thunderstorm Wind,50.0,MG,0,0,0.00K,0.00K,Mesonet,"An outbreak of severe thunderstorms brought extreme winds, very large hail, and multiple tornadoes across much of southern North Dakota from the late afternoon into the nighttime hours. A low-pressure system in southeastern Montana and a warm front stretching eastward across southern North Dakota provided a focus for the severe thunderstorms. Several environmental parameters were in place for a significant outbreak, most notable was the amount of deep-layer wind shear. The lowest layer of the atmosphere (up to 1 mile above the surface) also contained strong wind shear, which was one of the key ingredients that resulted in the higher risk for strong tornadoes. This event has been classified as a derecho, a term that is reserved for the most intense, widespread, and long-lasting lines of severe thunderstorms. By definition, a derecho is a widespread severe windstorm characterized by a family of destructive downbursts containing multiple 75+ mph gusts associated with the system.|Thunderstorms initially developed in eastern Montana in the late afternoon and moved into southwest North Dakota. Severe wind gusts around 60 mph were reported in far southwest North Dakota from Dickinson to Bowman during the early evening. Thereafter, storms grew into a pronounced line as they moved east and began accelerating. Shortly thereafter, extremely strong wind gusts started occurring, including a measured 94 mph gust to the northwest of Elgin in Grant County, and estimated 95 mph wind gusts in Hettinger County where a farmstead was severely damaged. Meanwhile, a supercell thunderstorm developed just south of Jamestown, and produced three-inch diameter hail as it moved northward into the city. This storm then slowly moved to the east-northeast and produced a brief tornado between Jamestown and Spiritwood. Shortly thereafter, a larger tornado formed near Spiritwood and moved to the east-northeast into Barnes County where EF-3 damage occurred, before tracking back into Stutsman County while it was dissipating. Specific details on the damage with this event can be found in the National Weather Service-Grand Forks Storm Data entry. Another supercell thunderstorm then formed south of the initial storm, moving southeast through southern Stutsman and northern LaMoure Counties. This storm produced a tornado near Adrian and another north of Verona. During this time, the line of storms to the west continued to strengthen, producing a wide swath of 80 to 100 mph wind gusts as it moved through south central North Dakota and across the James River Valley during the mid-evening into the nighttime hours. The derecho caused extensive tree and structure damage along its path, with significant damage to grain storage equipment and power transmission poles. The highest measured wind gust associated with the derecho was 101 mph at a North Dakota Agricultural Weather Network (NDAWN) station 5 miles northwest of Linton. There were also several tornadoes produced by the intense line of storms, including two tornadoes rated as EF-1 (north of Interstate 94 between Crystal Springs and Medina near the Kidder/Stutsman County Line, and to the southwest of Grace City in Foster County), and one tornado rated as EF-2 (north of Sweet Briar Lake in Morton County).  The derecho resulted in one injury which occurred in a housing development to the south of Lincoln in Burleigh County as a male was outdoors and was struck by flying debris. Also, one indirect fatality occurred near Courtenay in Stutsman County where a 76-year-old male died in his sleep from his breathing device not operating properly due to the power outage caused by the storm.",
ND-EO-2025-05,2025-05,Armstrong,Declares Statewide Disaster for Tornado Damage (Enderlin severe storms),2025-06-21,https://ndresponse.gov/news/armstrong-declares-disaster-tornado-damage-extends-sympathy-victims-families,1275227,202944,2025-06-20 22:30:00,2025-06-20 22:34:00,C,county/county-equivalent,103,WELLS,Thunderstorm Wind,78.0,EG,0,0,75.00K,0.00K,Public,"An outbreak of severe thunderstorms brought extreme winds, very large hail, and multiple tornadoes across much of southern North Dakota from the late afternoon into the nighttime hours. A low-pressure system in southeastern Montana and a warm front stretching eastward across southern North Dakota provided a focus for the severe thunderstorms. Several environmental parameters were in place for a significant outbreak, most notable was the amount of deep-layer wind shear. The lowest layer of the atmosphere (up to 1 mile above the surface) also contained strong wind shear, which was one of the key ingredients that resulted in the higher risk for strong tornadoes. This event has been classified as a derecho, a term that is reserved for the most intense, widespread, and long-lasting lines of severe thunderstorms. By definition, a derecho is a widespread severe windstorm characterized by a family of destructive downbursts containing multiple 75+ mph gusts associated with the system.|Thunderstorms initially developed in eastern Montana in the late afternoon and moved into southwest North Dakota. Severe wind gusts around 60 mph were reported in far southwest North Dakota from Dickinson to Bowman during the early evening. Thereafter, storms grew into a pronounced line as they moved east and began accelerating. Shortly thereafter, extremely strong wind gusts started occurring, including a measured 94 mph gust to the northwest of Elgin in Grant County, and estimated 95 mph wind gusts in Hettinger County where a farmstead was severely damaged. Meanwhile, a supercell thunderstorm developed just south of Jamestown, and produced three-inch diameter hail as it moved northward into the city. This storm then slowly moved to the east-northeast and produced a brief tornado between Jamestown and Spiritwood. Shortly thereafter, a larger tornado formed near Spiritwood and moved to the east-northeast into Barnes County where EF-3 damage occurred, before tracking back into Stutsman County while it was dissipating. Specific details on the damage with this event can be found in the National Weather Service-Grand Forks Storm Data entry. Another supercell thunderstorm then formed south of the initial storm, moving southeast through southern Stutsman and northern LaMoure Counties. This storm produced a tornado near Adrian and another north of Verona. During this time, the line of storms to the west continued to strengthen, producing a wide swath of 80 to 100 mph wind gusts as it moved through south central North Dakota and across the James River Valley during the mid-evening into the nighttime hours. The derecho caused extensive tree and structure damage along its path, with significant damage to grain storage equipment and power transmission poles. The highest measured wind gust associated with the derecho was 101 mph at a North Dakota Agricultural Weather Network (NDAWN) station 5 miles northwest of Linton. There were also several tornadoes produced by the intense line of storms, including two tornadoes rated as EF-1 (north of Interstate 94 between Crystal Springs and Medina near the Kidder/Stutsman County Line, and to the southwest of Grace City in Foster County), and one tornado rated as EF-2 (north of Sweet Briar Lake in Morton County).  The derecho resulted in one injury which occurred in a housing development to the south of Lincoln in Burleigh County as a male was outdoors and was struck by flying debris. Also, one indirect fatality occurred near Courtenay in Stutsman County where a 76-year-old male died in his sleep from his breathing device not operating properly due to the power outage caused by the storm.",Numerous trees near the house and in a nearby shelter belt uprooted or snapped. Small shed demolished. Roof partially torn off of a small horse shed.
ND-EO-2025-05,2025-05,Armstrong,Declares Statewide Disaster for Tornado Damage (Enderlin severe storms),2025-06-21,https://ndresponse.gov/news/armstrong-declares-disaster-tornado-damage-extends-sympathy-victims-families,1275239,202944,2025-06-20 22:56:00,2025-06-20 22:59:00,C,county/county-equivalent,103,WELLS,Thunderstorm Wind,70.0,MG,0,0,0.00K,0.00K,Mesonet,"An outbreak of severe thunderstorms brought extreme winds, very large hail, and multiple tornadoes across much of southern North Dakota from the late afternoon into the nighttime hours. A low-pressure system in southeastern Montana and a warm front stretching eastward across southern North Dakota provided a focus for the severe thunderstorms. Several environmental parameters were in place for a significant outbreak, most notable was the amount of deep-layer wind shear. The lowest layer of the atmosphere (up to 1 mile above the surface) also contained strong wind shear, which was one of the key ingredients that resulted in the higher risk for strong tornadoes. This event has been classified as a derecho, a term that is reserved for the most intense, widespread, and long-lasting lines of severe thunderstorms. By definition, a derecho is a widespread severe windstorm characterized by a family of destructive downbursts containing multiple 75+ mph gusts associated with the system.|Thunderstorms initially developed in eastern Montana in the late afternoon and moved into southwest North Dakota. Severe wind gusts around 60 mph were reported in far southwest North Dakota from Dickinson to Bowman during the early evening. Thereafter, storms grew into a pronounced line as they moved east and began accelerating. Shortly thereafter, extremely strong wind gusts started occurring, including a measured 94 mph gust to the northwest of Elgin in Grant County, and estimated 95 mph wind gusts in Hettinger County where a farmstead was severely damaged. Meanwhile, a supercell thunderstorm developed just south of Jamestown, and produced three-inch diameter hail as it moved northward into the city. This storm then slowly moved to the east-northeast and produced a brief tornado between Jamestown and Spiritwood. Shortly thereafter, a larger tornado formed near Spiritwood and moved to the east-northeast into Barnes County where EF-3 damage occurred, before tracking back into Stutsman County while it was dissipating. Specific details on the damage with this event can be found in the National Weather Service-Grand Forks Storm Data entry. Another supercell thunderstorm then formed south of the initial storm, moving southeast through southern Stutsman and northern LaMoure Counties. This storm produced a tornado near Adrian and another north of Verona. During this time, the line of storms to the west continued to strengthen, producing a wide swath of 80 to 100 mph wind gusts as it moved through south central North Dakota and across the James River Valley during the mid-evening into the nighttime hours. The derecho caused extensive tree and structure damage along its path, with significant damage to grain storage equipment and power transmission poles. The highest measured wind gust associated with the derecho was 101 mph at a North Dakota Agricultural Weather Network (NDAWN) station 5 miles northwest of Linton. There were also several tornadoes produced by the intense line of storms, including two tornadoes rated as EF-1 (north of Interstate 94 between Crystal Springs and Medina near the Kidder/Stutsman County Line, and to the southwest of Grace City in Foster County), and one tornado rated as EF-2 (north of Sweet Briar Lake in Morton County).  The derecho resulted in one injury which occurred in a housing development to the south of Lincoln in Burleigh County as a male was outdoors and was struck by flying debris. Also, one indirect fatality occurred near Courtenay in Stutsman County where a 76-year-old male died in his sleep from his breathing device not operating properly due to the power outage caused by the storm.",
ND-EO-2025-05,2025-05,Armstrong,Declares Statewide Disaster for Tornado Damage (Enderlin severe storms),2025-06-21,https://ndresponse.gov/news/armstrong-declares-disaster-tornado-damage-extends-sympathy-victims-families,1263433,202938,2025-06-18 16:15:00,2025-06-18 16:17:00,C,county/county-equivalent,105,WILLIAMS,Hail,0.88,,0,0,0.00K,0.00K,Public,"A surface low pressure system situated over northeast Montana along with a boundary situated over central North Dakota served as the focus for thunderstorm development. A severe thunderstorm developed over northeast Montana and moved into far northwest North Dakota, producing one-inch diameter hail in Williams County. Additional thunderstorms developed over parts of western and central North Dakota, with sub-severe hail reported over south central North Dakota.",
ND-EO-2025-05,2025-05,Armstrong,Declares Statewide Disaster for Tornado Damage (Enderlin severe storms),2025-06-21,https://ndresponse.gov/news/armstrong-declares-disaster-tornado-damage-extends-sympathy-victims-families,1263434,202938,2025-06-18 16:25:00,2025-06-18 16:27:00,C,county/county-equivalent,105,WILLIAMS,Hail,1.0,,0,0,0.00K,0.00K,Public,"A surface low pressure system situated over northeast Montana along with a boundary situated over central North Dakota served as the focus for thunderstorm development. A severe thunderstorm developed over northeast Montana and moved into far northwest North Dakota, producing one-inch diameter hail in Williams County. Additional thunderstorms developed over parts of western and central North Dakota, with sub-severe hail reported over south central North Dakota.",
ND-EO-2025-05,2025-05,Armstrong,Declares Statewide Disaster for Tornado Damage (Enderlin severe storms),2025-06-21,https://ndresponse.gov/news/armstrong-declares-disaster-tornado-damage-extends-sympathy-victims-families,1263436,202938,2025-06-18 17:00:00,2025-06-18 17:03:00,C,county/county-equivalent,105,WILLIAMS,Hail,1.0,,0,0,0.00K,0.00K,Public,"A surface low pressure system situated over northeast Montana along with a boundary situated over central North Dakota served as the focus for thunderstorm development. A severe thunderstorm developed over northeast Montana and moved into far northwest North Dakota, producing one-inch diameter hail in Williams County. Additional thunderstorms developed over parts of western and central North Dakota, with sub-severe hail reported over south central North Dakota.",
