declaration_id,eo_number,governor,event_description,date_signed,archive_record_url,CZ_TYPE,area_type,CZ_FIPS,CZ_NAME,deaths_direct,injuries_direct,damage_property_usd,damage_crops_usd,event_types,event_count,total_damage_usd
MO-EO-00-05,00-05,Mel Carnahan,Gov. Mel Carnahan declares a State of Emergency in the South Central Region of Missouri in response to wildfires and directs the Missouri State Emergency Operations Plan be activated. (Mar. 10),2000-03-10,https://www.sos.mo.gov/library/reference/orders/2000/eo00_005,C,county/county-equivalent,59,DALLAS,0,1,30000.0,0.0,Wildfire,1,30000.0
MO-EO-00-05,00-05,Mel Carnahan,Gov. Mel Carnahan declares a State of Emergency in the South Central Region of Missouri in response to wildfires and directs the Missouri State Emergency Operations Plan be activated. (Mar. 10),2000-03-10,https://www.sos.mo.gov/library/reference/orders/2000/eo00_005,C,county/county-equivalent,29,CAMDEN,0,0,850000.0,0.0,Wildfire,1,850000.0
MO-EO-00-05,00-05,Mel Carnahan,Gov. Mel Carnahan declares a State of Emergency in the South Central Region of Missouri in response to wildfires and directs the Missouri State Emergency Operations Plan be activated. (Mar. 10),2000-03-10,https://www.sos.mo.gov/library/reference/orders/2000/eo00_005,C,county/county-equivalent,105,LACLEDE,0,0,350000.0,0.0,Wildfire,1,350000.0
MO-EO-00-05,00-05,Mel Carnahan,Gov. Mel Carnahan declares a State of Emergency in the South Central Region of Missouri in response to wildfires and directs the Missouri State Emergency Operations Plan be activated. (Mar. 10),2000-03-10,https://www.sos.mo.gov/library/reference/orders/2000/eo00_005,Z,NWS forecast zone,45,PETTIS,0,0,200000.0,0.0,High Wind,1,200000.0
MO-EO-00-05,00-05,Mel Carnahan,Gov. Mel Carnahan declares a State of Emergency in the South Central Region of Missouri in response to wildfires and directs the Missouri State Emergency Operations Plan be activated. (Mar. 10),2000-03-10,https://www.sos.mo.gov/library/reference/orders/2000/eo00_005,Z,NWS forecast zone,37,JACKSON,0,0,50000.0,0.0,High Wind,1,50000.0
MO-EO-00-05,00-05,Mel Carnahan,Gov. Mel Carnahan declares a State of Emergency in the South Central Region of Missouri in response to wildfires and directs the Missouri State Emergency Operations Plan be activated. (Mar. 10),2000-03-10,https://www.sos.mo.gov/library/reference/orders/2000/eo00_005,C,county/county-equivalent,15,BENTON,0,0,20000.0,0.0,Wildfire,1,20000.0
MO-EO-00-05,00-05,Mel Carnahan,Gov. Mel Carnahan declares a State of Emergency in the South Central Region of Missouri in response to wildfires and directs the Missouri State Emergency Operations Plan be activated. (Mar. 10),2000-03-10,https://www.sos.mo.gov/library/reference/orders/2000/eo00_005,C,county/county-equivalent,85,HICKORY,0,0,20000.0,0.0,Wildfire,1,20000.0
MO-EO-00-05,00-05,Mel Carnahan,Gov. Mel Carnahan declares a State of Emergency in the South Central Region of Missouri in response to wildfires and directs the Missouri State Emergency Operations Plan be activated. (Mar. 10),2000-03-10,https://www.sos.mo.gov/library/reference/orders/2000/eo00_005,C,county/county-equivalent,131,MILLER,0,0,20000.0,0.0,Wildfire,1,20000.0
MO-EO-00-05,00-05,Mel Carnahan,Gov. Mel Carnahan declares a State of Emergency in the South Central Region of Missouri in response to wildfires and directs the Missouri State Emergency Operations Plan be activated. (Mar. 10),2000-03-10,https://www.sos.mo.gov/library/reference/orders/2000/eo00_005,C,county/county-equivalent,141,MORGAN,0,0,20000.0,0.0,Wildfire,1,20000.0
MO-EO-00-05,00-05,Mel Carnahan,Gov. Mel Carnahan declares a State of Emergency in the South Central Region of Missouri in response to wildfires and directs the Missouri State Emergency Operations Plan be activated. (Mar. 10),2000-03-10,https://www.sos.mo.gov/library/reference/orders/2000/eo00_005,C,county/county-equivalent,185,ST. CLAIR,0,0,20000.0,0.0,Wildfire,1,20000.0
MO-EO-00-05,00-05,Mel Carnahan,Gov. Mel Carnahan declares a State of Emergency in the South Central Region of Missouri in response to wildfires and directs the Missouri State Emergency Operations Plan be activated. (Mar. 10),2000-03-10,https://www.sos.mo.gov/library/reference/orders/2000/eo00_005,Z,NWS forecast zone,43,CASS,0,0,20000.0,0.0,High Wind,1,20000.0
MO-EO-00-05,00-05,Mel Carnahan,Gov. Mel Carnahan declares a State of Emergency in the South Central Region of Missouri in response to wildfires and directs the Missouri State Emergency Operations Plan be activated. (Mar. 10),2000-03-10,https://www.sos.mo.gov/library/reference/orders/2000/eo00_005,C,county/county-equivalent,161,PHELPS,0,0,10000.0,0.0,Wildfire,1,10000.0
MO-EO-00-05,00-05,Mel Carnahan,Gov. Mel Carnahan declares a State of Emergency in the South Central Region of Missouri in response to wildfires and directs the Missouri State Emergency Operations Plan be activated. (Mar. 10),2000-03-10,https://www.sos.mo.gov/library/reference/orders/2000/eo00_005,Z,NWS forecast zone,17,ADAIR,0,0,0.0,0.0,High Wind,1,0.0
MO-EO-00-05,00-05,Mel Carnahan,Gov. Mel Carnahan declares a State of Emergency in the South Central Region of Missouri in response to wildfires and directs the Missouri State Emergency Operations Plan be activated. (Mar. 10),2000-03-10,https://www.sos.mo.gov/library/reference/orders/2000/eo00_005,Z,NWS forecast zone,28,PLATTE,0,0,0.0,0.0,High Wind,1,0.0
MO-EO-00-12,00-12,Mel Carnahan,Gov. Mel Carnahan declares a State of Emergency in Jefferson and Franklin counties due to flooding and directs the Missouri State Emergency Operations Plan be activated. The Adjutant General is ordered and directed to call into active service any state militia deemed necessary to support civilian authorities. (May 8),2000-05-08,https://www.sos.mo.gov/library/reference/orders/2000/eo00_012,C,county/county-equivalent,71,FRANKLIN,2,0,100000000.0,0.0,Flash Flood,1,100000000.0
MO-EO-00-12,00-12,Mel Carnahan,Gov. Mel Carnahan declares a State of Emergency in Jefferson and Franklin counties due to flooding and directs the Missouri State Emergency Operations Plan be activated. The Adjutant General is ordered and directed to call into active service any state militia deemed necessary to support civilian authorities. (May 8),2000-05-08,https://www.sos.mo.gov/library/reference/orders/2000/eo00_012,C,county/county-equivalent,99,JEFFERSON,0,0,500000.0,0.0,Flash Flood,1,500000.0
MO-EO-00-12,00-12,Mel Carnahan,Gov. Mel Carnahan declares a State of Emergency in Jefferson and Franklin counties due to flooding and directs the Missouri State Emergency Operations Plan be activated. The Adjutant General is ordered and directed to call into active service any state militia deemed necessary to support civilian authorities. (May 8),2000-05-08,https://www.sos.mo.gov/library/reference/orders/2000/eo00_012,C,county/county-equivalent,73,GASCONADE,0,0,0.0,0.0,Flash Flood,1,0.0
MO-EO-00-12,00-12,Mel Carnahan,Gov. Mel Carnahan declares a State of Emergency in Jefferson and Franklin counties due to flooding and directs the Missouri State Emergency Operations Plan be activated. The Adjutant General is ordered and directed to call into active service any state militia deemed necessary to support civilian authorities. (May 8),2000-05-08,https://www.sos.mo.gov/library/reference/orders/2000/eo00_012,C,county/county-equivalent,97,JASPER,0,0,0.0,0.0,Flash Flood,1,0.0
MO-EO-00-12,00-12,Mel Carnahan,Gov. Mel Carnahan declares a State of Emergency in Jefferson and Franklin counties due to flooding and directs the Missouri State Emergency Operations Plan be activated. The Adjutant General is ordered and directed to call into active service any state militia deemed necessary to support civilian authorities. (May 8),2000-05-08,https://www.sos.mo.gov/library/reference/orders/2000/eo00_012,C,county/county-equivalent,145,NEWTON,0,0,0.0,0.0,Flash Flood,1,0.0
MO-EO-00-12,00-12,Mel Carnahan,Gov. Mel Carnahan declares a State of Emergency in Jefferson and Franklin counties due to flooding and directs the Missouri State Emergency Operations Plan be activated. The Adjutant General is ordered and directed to call into active service any state militia deemed necessary to support civilian authorities. (May 8),2000-05-08,https://www.sos.mo.gov/library/reference/orders/2000/eo00_012,C,county/county-equivalent,183,ST. CHARLES,0,0,0.0,0.0,Flash Flood,1,0.0
MO-EO-00-12,00-12,Mel Carnahan,Gov. Mel Carnahan declares a State of Emergency in Jefferson and Franklin counties due to flooding and directs the Missouri State Emergency Operations Plan be activated. The Adjutant General is ordered and directed to call into active service any state militia deemed necessary to support civilian authorities. (May 8),2000-05-08,https://www.sos.mo.gov/library/reference/orders/2000/eo00_012,C,county/county-equivalent,189,ST. LOUIS,0,0,0.0,0.0,Flash Flood,1,0.0
MO-EO-02-02,02-02,Bob Holden,Gov. Bob Holden declares a State of Emergency due to severe winter weather and directs the Missouri State Emergency Operations Plan be activated. (Jan. 31),2002-01-31,https://www.sos.mo.gov/library/reference/orders/2002/eo02_002,Z,NWS forecast zone,37,JACKSON,0,0,15000000.0,0.0,Ice Storm,1,15000000.0
MO-EO-02-02,02-02,Bob Holden,Gov. Bob Holden declares a State of Emergency due to severe winter weather and directs the Missouri State Emergency Operations Plan be activated. (Jan. 31),2002-01-31,https://www.sos.mo.gov/library/reference/orders/2002/eo02_002,Z,NWS forecast zone,43,CASS,0,0,6700000.0,0.0,Ice Storm,1,6700000.0
MO-EO-02-02,02-02,Bob Holden,Gov. Bob Holden declares a State of Emergency due to severe winter weather and directs the Missouri State Emergency Operations Plan be activated. (Jan. 31),2002-01-31,https://www.sos.mo.gov/library/reference/orders/2002/eo02_002,Z,NWS forecast zone,28,PLATTE,0,0,5000000.0,0.0,Ice Storm,1,5000000.0
MO-EO-02-02,02-02,Bob Holden,Gov. Bob Holden declares a State of Emergency due to severe winter weather and directs the Missouri State Emergency Operations Plan be activated. (Jan. 31),2002-01-31,https://www.sos.mo.gov/library/reference/orders/2002/eo02_002,Z,NWS forecast zone,40,HOWARD,0,0,1000000.0,0.0,Ice Storm,1,1000000.0
MO-EO-02-02,02-02,Bob Holden,Gov. Bob Holden declares a State of Emergency due to severe winter weather and directs the Missouri State Emergency Operations Plan be activated. (Jan. 31),2002-01-31,https://www.sos.mo.gov/library/reference/orders/2002/eo02_002,Z,NWS forecast zone,46,COOPER,0,0,1000000.0,0.0,Ice Storm,1,1000000.0
MO-EO-02-02,02-02,Bob Holden,Gov. Bob Holden declares a State of Emergency due to severe winter weather and directs the Missouri State Emergency Operations Plan be activated. (Jan. 31),2002-01-31,https://www.sos.mo.gov/library/reference/orders/2002/eo02_002,Z,NWS forecast zone,53,BATES,0,0,580000.0,0.0,Ice Storm,1,580000.0
MO-EO-02-02,02-02,Bob Holden,Gov. Bob Holden declares a State of Emergency due to severe winter weather and directs the Missouri State Emergency Operations Plan be activated. (Jan. 31),2002-01-31,https://www.sos.mo.gov/library/reference/orders/2002/eo02_002,Z,NWS forecast zone,33,RANDOLPH,0,0,500000.0,0.0,Ice Storm,1,500000.0
MO-EO-02-02,02-02,Bob Holden,Gov. Bob Holden declares a State of Emergency due to severe winter weather and directs the Missouri State Emergency Operations Plan be activated. (Jan. 31),2002-01-31,https://www.sos.mo.gov/library/reference/orders/2002/eo02_002,Z,NWS forecast zone,39,SALINE,0,0,400000.0,0.0,Ice Storm,1,400000.0
MO-EO-02-02,02-02,Bob Holden,Gov. Bob Holden declares a State of Emergency due to severe winter weather and directs the Missouri State Emergency Operations Plan be activated. (Jan. 31),2002-01-31,https://www.sos.mo.gov/library/reference/orders/2002/eo02_002,Z,NWS forecast zone,30,RAY,0,0,300000.0,0.0,Ice Storm,1,300000.0
MO-EO-02-02,02-02,Bob Holden,Gov. Bob Holden declares a State of Emergency due to severe winter weather and directs the Missouri State Emergency Operations Plan be activated. (Jan. 31),2002-01-31,https://www.sos.mo.gov/library/reference/orders/2002/eo02_002,Z,NWS forecast zone,38,LAFAYETTE,0,0,300000.0,0.0,Ice Storm,1,300000.0
MO-EO-02-02,02-02,Bob Holden,Gov. Bob Holden declares a State of Emergency due to severe winter weather and directs the Missouri State Emergency Operations Plan be activated. (Jan. 31),2002-01-31,https://www.sos.mo.gov/library/reference/orders/2002/eo02_002,Z,NWS forecast zone,31,CARROLL,0,0,250000.0,0.0,Ice Storm,1,250000.0
MO-EO-02-02,02-02,Bob Holden,Gov. Bob Holden declares a State of Emergency due to severe winter weather and directs the Missouri State Emergency Operations Plan be activated. (Jan. 31),2002-01-31,https://www.sos.mo.gov/library/reference/orders/2002/eo02_002,Z,NWS forecast zone,21,CLINTON,0,0,200000.0,0.0,Winter Storm,1,200000.0
MO-EO-02-02,02-02,Bob Holden,Gov. Bob Holden declares a State of Emergency due to severe winter weather and directs the Missouri State Emergency Operations Plan be activated. (Jan. 31),2002-01-31,https://www.sos.mo.gov/library/reference/orders/2002/eo02_002,Z,NWS forecast zone,22,CALDWELL,0,0,200000.0,0.0,Winter Storm,1,200000.0
MO-EO-02-02,02-02,Bob Holden,Gov. Bob Holden declares a State of Emergency due to severe winter weather and directs the Missouri State Emergency Operations Plan be activated. (Jan. 31),2002-01-31,https://www.sos.mo.gov/library/reference/orders/2002/eo02_002,Z,NWS forecast zone,25,MACON,0,0,200000.0,0.0,Ice Storm,1,200000.0
MO-EO-02-02,02-02,Bob Holden,Gov. Bob Holden declares a State of Emergency due to severe winter weather and directs the Missouri State Emergency Operations Plan be activated. (Jan. 31),2002-01-31,https://www.sos.mo.gov/library/reference/orders/2002/eo02_002,Z,NWS forecast zone,32,CHARITON,0,0,200000.0,0.0,Ice Storm,1,200000.0
MO-EO-02-02,02-02,Bob Holden,Gov. Bob Holden declares a State of Emergency due to severe winter weather and directs the Missouri State Emergency Operations Plan be activated. (Jan. 31),2002-01-31,https://www.sos.mo.gov/library/reference/orders/2002/eo02_002,Z,NWS forecast zone,44,JOHNSON,0,0,200000.0,0.0,Ice Storm,1,200000.0
MO-EO-02-02,02-02,Bob Holden,Gov. Bob Holden declares a State of Emergency due to severe winter weather and directs the Missouri State Emergency Operations Plan be activated. (Jan. 31),2002-01-31,https://www.sos.mo.gov/library/reference/orders/2002/eo02_002,Z,NWS forecast zone,54,HENRY,0,0,200000.0,0.0,Ice Storm,1,200000.0
MO-EO-02-02,02-02,Bob Holden,Gov. Bob Holden declares a State of Emergency due to severe winter weather and directs the Missouri State Emergency Operations Plan be activated. (Jan. 31),2002-01-31,https://www.sos.mo.gov/library/reference/orders/2002/eo02_002,Z,NWS forecast zone,66,VERNON,0,0,200000.0,0.0,Ice Storm,1,200000.0
MO-EO-02-02,02-02,Bob Holden,Gov. Bob Holden declares a State of Emergency due to severe winter weather and directs the Missouri State Emergency Operations Plan be activated. (Jan. 31),2002-01-31,https://www.sos.mo.gov/library/reference/orders/2002/eo02_002,Z,NWS forecast zone,67,ST. CLAIR,0,0,200000.0,0.0,Ice Storm,1,200000.0
MO-EO-02-02,02-02,Bob Holden,Gov. Bob Holden declares a State of Emergency due to severe winter weather and directs the Missouri State Emergency Operations Plan be activated. (Jan. 31),2002-01-31,https://www.sos.mo.gov/library/reference/orders/2002/eo02_002,Z,NWS forecast zone,23,LIVINGSTON,0,0,100000.0,0.0,Winter Storm,1,100000.0
MO-EO-02-02,02-02,Bob Holden,Gov. Bob Holden declares a State of Emergency due to severe winter weather and directs the Missouri State Emergency Operations Plan be activated. (Jan. 31),2002-01-31,https://www.sos.mo.gov/library/reference/orders/2002/eo02_002,Z,NWS forecast zone,24,LINN,0,0,100000.0,0.0,Winter Storm,1,100000.0
MO-EO-02-02,02-02,Bob Holden,Gov. Bob Holden declares a State of Emergency due to severe winter weather and directs the Missouri State Emergency Operations Plan be activated. (Jan. 31),2002-01-31,https://www.sos.mo.gov/library/reference/orders/2002/eo02_002,Z,NWS forecast zone,45,PETTIS,0,0,100000.0,0.0,Ice Storm,1,100000.0
MO-EO-02-02,02-02,Bob Holden,Gov. Bob Holden declares a State of Emergency due to severe winter weather and directs the Missouri State Emergency Operations Plan be activated. (Jan. 31),2002-01-31,https://www.sos.mo.gov/library/reference/orders/2002/eo02_002,Z,NWS forecast zone,56,MORGAN,0,0,50000.0,0.0,Ice Storm,1,50000.0
MO-EO-02-02,02-02,Bob Holden,Gov. Bob Holden declares a State of Emergency due to severe winter weather and directs the Missouri State Emergency Operations Plan be activated. (Jan. 31),2002-01-31,https://www.sos.mo.gov/library/reference/orders/2002/eo02_002,Z,NWS forecast zone,55,BENTON,0,0,25000.0,0.0,Ice Storm,1,25000.0
MO-EO-02-02,02-02,Bob Holden,Gov. Bob Holden declares a State of Emergency due to severe winter weather and directs the Missouri State Emergency Operations Plan be activated. (Jan. 31),2002-01-31,https://www.sos.mo.gov/library/reference/orders/2002/eo02_002,Z,NWS forecast zone,29,CLAY,0,0,22000.0,0.0,Ice Storm,1,22000.0
MO-EO-02-02,02-02,Bob Holden,Gov. Bob Holden declares a State of Emergency due to severe winter weather and directs the Missouri State Emergency Operations Plan be activated. (Jan. 31),2002-01-31,https://www.sos.mo.gov/library/reference/orders/2002/eo02_002,Z,NWS forecast zone,1,ATCHISON,0,0,0.0,0.0,Heavy Snow,1,0.0
MO-EO-02-02,02-02,Bob Holden,Gov. Bob Holden declares a State of Emergency due to severe winter weather and directs the Missouri State Emergency Operations Plan be activated. (Jan. 31),2002-01-31,https://www.sos.mo.gov/library/reference/orders/2002/eo02_002,Z,NWS forecast zone,2,NODAWAY,0,0,0.0,0.0,Heavy Snow,1,0.0
MO-EO-02-02,02-02,Bob Holden,Gov. Bob Holden declares a State of Emergency due to severe winter weather and directs the Missouri State Emergency Operations Plan be activated. (Jan. 31),2002-01-31,https://www.sos.mo.gov/library/reference/orders/2002/eo02_002,Z,NWS forecast zone,3,WORTH,0,0,0.0,0.0,Heavy Snow,1,0.0
MO-EO-02-02,02-02,Bob Holden,Gov. Bob Holden declares a State of Emergency due to severe winter weather and directs the Missouri State Emergency Operations Plan be activated. (Jan. 31),2002-01-31,https://www.sos.mo.gov/library/reference/orders/2002/eo02_002,Z,NWS forecast zone,4,GENTRY,0,0,0.0,0.0,Heavy Snow,1,0.0
MO-EO-02-02,02-02,Bob Holden,Gov. Bob Holden declares a State of Emergency due to severe winter weather and directs the Missouri State Emergency Operations Plan be activated. (Jan. 31),2002-01-31,https://www.sos.mo.gov/library/reference/orders/2002/eo02_002,Z,NWS forecast zone,5,HARRISON,0,0,0.0,0.0,Heavy Snow,1,0.0
MO-EO-02-02,02-02,Bob Holden,Gov. Bob Holden declares a State of Emergency due to severe winter weather and directs the Missouri State Emergency Operations Plan be activated. (Jan. 31),2002-01-31,https://www.sos.mo.gov/library/reference/orders/2002/eo02_002,Z,NWS forecast zone,6,MERCER,0,0,0.0,0.0,Heavy Snow,1,0.0
MO-EO-02-02,02-02,Bob Holden,Gov. Bob Holden declares a State of Emergency due to severe winter weather and directs the Missouri State Emergency Operations Plan be activated. (Jan. 31),2002-01-31,https://www.sos.mo.gov/library/reference/orders/2002/eo02_002,Z,NWS forecast zone,7,PUTNAM,0,0,0.0,0.0,Heavy Snow,1,0.0
MO-EO-02-02,02-02,Bob Holden,Gov. Bob Holden declares a State of Emergency due to severe winter weather and directs the Missouri State Emergency Operations Plan be activated. (Jan. 31),2002-01-31,https://www.sos.mo.gov/library/reference/orders/2002/eo02_002,Z,NWS forecast zone,8,SCHUYLER,0,0,0.0,0.0,Heavy Snow,1,0.0
MO-EO-02-02,02-02,Bob Holden,Gov. Bob Holden declares a State of Emergency due to severe winter weather and directs the Missouri State Emergency Operations Plan be activated. (Jan. 31),2002-01-31,https://www.sos.mo.gov/library/reference/orders/2002/eo02_002,Z,NWS forecast zone,9,SCOTLAND,0,0,0.0,0.0,Winter Storm,1,0.0
MO-EO-02-02,02-02,Bob Holden,Gov. Bob Holden declares a State of Emergency due to severe winter weather and directs the Missouri State Emergency Operations Plan be activated. (Jan. 31),2002-01-31,https://www.sos.mo.gov/library/reference/orders/2002/eo02_002,Z,NWS forecast zone,10,CLARK,0,0,0.0,0.0,Winter Storm,1,0.0
MO-EO-02-02,02-02,Bob Holden,Gov. Bob Holden declares a State of Emergency due to severe winter weather and directs the Missouri State Emergency Operations Plan be activated. (Jan. 31),2002-01-31,https://www.sos.mo.gov/library/reference/orders/2002/eo02_002,Z,NWS forecast zone,11,HOLT,0,0,0.0,0.0,Heavy Snow,1,0.0
MO-EO-02-02,02-02,Bob Holden,Gov. Bob Holden declares a State of Emergency due to severe winter weather and directs the Missouri State Emergency Operations Plan be activated. (Jan. 31),2002-01-31,https://www.sos.mo.gov/library/reference/orders/2002/eo02_002,Z,NWS forecast zone,12,ANDREW,0,0,0.0,0.0,Heavy Snow,1,0.0
MO-EO-02-02,02-02,Bob Holden,Gov. Bob Holden declares a State of Emergency due to severe winter weather and directs the Missouri State Emergency Operations Plan be activated. (Jan. 31),2002-01-31,https://www.sos.mo.gov/library/reference/orders/2002/eo02_002,Z,NWS forecast zone,13,DE KALB,0,0,0.0,0.0,Heavy Snow,1,0.0
MO-EO-02-02,02-02,Bob Holden,Gov. Bob Holden declares a State of Emergency due to severe winter weather and directs the Missouri State Emergency Operations Plan be activated. (Jan. 31),2002-01-31,https://www.sos.mo.gov/library/reference/orders/2002/eo02_002,Z,NWS forecast zone,14,DAVIESS,0,0,0.0,0.0,Heavy Snow,1,0.0
MO-EO-02-02,02-02,Bob Holden,Gov. Bob Holden declares a State of Emergency due to severe winter weather and directs the Missouri State Emergency Operations Plan be activated. (Jan. 31),2002-01-31,https://www.sos.mo.gov/library/reference/orders/2002/eo02_002,Z,NWS forecast zone,15,GRUNDY,0,0,0.0,0.0,Heavy Snow,1,0.0
MO-EO-02-02,02-02,Bob Holden,Gov. Bob Holden declares a State of Emergency due to severe winter weather and directs the Missouri State Emergency Operations Plan be activated. (Jan. 31),2002-01-31,https://www.sos.mo.gov/library/reference/orders/2002/eo02_002,Z,NWS forecast zone,16,SULLIVAN,0,0,0.0,0.0,Heavy Snow,1,0.0
MO-EO-02-02,02-02,Bob Holden,Gov. Bob Holden declares a State of Emergency due to severe winter weather and directs the Missouri State Emergency Operations Plan be activated. (Jan. 31),2002-01-31,https://www.sos.mo.gov/library/reference/orders/2002/eo02_002,Z,NWS forecast zone,17,ADAIR,0,0,0.0,0.0,Heavy Snow,1,0.0
MO-EO-02-02,02-02,Bob Holden,Gov. Bob Holden declares a State of Emergency due to severe winter weather and directs the Missouri State Emergency Operations Plan be activated. (Jan. 31),2002-01-31,https://www.sos.mo.gov/library/reference/orders/2002/eo02_002,Z,NWS forecast zone,18,KNOX,0,0,0.0,0.0,Ice Storm,1,0.0
MO-EO-02-02,02-02,Bob Holden,Gov. Bob Holden declares a State of Emergency due to severe winter weather and directs the Missouri State Emergency Operations Plan be activated. (Jan. 31),2002-01-31,https://www.sos.mo.gov/library/reference/orders/2002/eo02_002,Z,NWS forecast zone,19,LEWIS,0,0,0.0,0.0,Ice Storm,1,0.0
MO-EO-02-02,02-02,Bob Holden,Gov. Bob Holden declares a State of Emergency due to severe winter weather and directs the Missouri State Emergency Operations Plan be activated. (Jan. 31),2002-01-31,https://www.sos.mo.gov/library/reference/orders/2002/eo02_002,Z,NWS forecast zone,20,BUCHANAN,0,0,0.0,0.0,Heavy Snow,1,0.0
MO-EO-02-02,02-02,Bob Holden,Gov. Bob Holden declares a State of Emergency due to severe winter weather and directs the Missouri State Emergency Operations Plan be activated. (Jan. 31),2002-01-31,https://www.sos.mo.gov/library/reference/orders/2002/eo02_002,Z,NWS forecast zone,26,SHELBY,0,0,0.0,0.0,Ice Storm,1,0.0
MO-EO-02-02,02-02,Bob Holden,Gov. Bob Holden declares a State of Emergency due to severe winter weather and directs the Missouri State Emergency Operations Plan be activated. (Jan. 31),2002-01-31,https://www.sos.mo.gov/library/reference/orders/2002/eo02_002,Z,NWS forecast zone,27,MARION,0,0,0.0,0.0,Ice Storm,1,0.0
MO-EO-02-02,02-02,Bob Holden,Gov. Bob Holden declares a State of Emergency due to severe winter weather and directs the Missouri State Emergency Operations Plan be activated. (Jan. 31),2002-01-31,https://www.sos.mo.gov/library/reference/orders/2002/eo02_002,Z,NWS forecast zone,34,MONROE,0,0,0.0,0.0,Ice Storm,1,0.0
MO-EO-02-02,02-02,Bob Holden,Gov. Bob Holden declares a State of Emergency due to severe winter weather and directs the Missouri State Emergency Operations Plan be activated. (Jan. 31),2002-01-31,https://www.sos.mo.gov/library/reference/orders/2002/eo02_002,Z,NWS forecast zone,35,RALLS,0,0,0.0,0.0,Ice Storm,1,0.0
MO-EO-02-02,02-02,Bob Holden,Gov. Bob Holden declares a State of Emergency due to severe winter weather and directs the Missouri State Emergency Operations Plan be activated. (Jan. 31),2002-01-31,https://www.sos.mo.gov/library/reference/orders/2002/eo02_002,Z,NWS forecast zone,41,BOONE,0,0,0.0,0.0,Ice Storm,1,0.0
MO-EO-02-02,02-02,Bob Holden,Gov. Bob Holden declares a State of Emergency due to severe winter weather and directs the Missouri State Emergency Operations Plan be activated. (Jan. 31),2002-01-31,https://www.sos.mo.gov/library/reference/orders/2002/eo02_002,Z,NWS forecast zone,42,AUDRAIN,0,0,0.0,0.0,Ice Storm,1,0.0
MO-EO-02-02,02-02,Bob Holden,Gov. Bob Holden declares a State of Emergency due to severe winter weather and directs the Missouri State Emergency Operations Plan be activated. (Jan. 31),2002-01-31,https://www.sos.mo.gov/library/reference/orders/2002/eo02_002,Z,NWS forecast zone,47,MONITEAU,0,0,0.0,0.0,Ice Storm,1,0.0
MO-EO-02-09,02-09,Bob Holden,Gov. Bob Holden declares a State of Emergency in Pulaski and Phelps Counties due to flooding and directs the Missouri State Emergency Operation Plan be activated. (Apr. 23),2002-04-23,https://www.sos.mo.gov/library/reference/orders/2002/eo02_009,C,county/county-equivalent,67,DOUGLAS,0,0,0.0,0.0,Flash Flood,1,0.0
MO-EO-02-09,02-09,Bob Holden,Gov. Bob Holden declares a State of Emergency in Pulaski and Phelps Counties due to flooding and directs the Missouri State Emergency Operation Plan be activated. (Apr. 23),2002-04-23,https://www.sos.mo.gov/library/reference/orders/2002/eo02_009,C,county/county-equivalent,223,WAYNE,0,0,0.0,0.0,Flash Flood,1,0.0
MO-EO-02-09,02-09,Bob Holden,Gov. Bob Holden declares a State of Emergency in Pulaski and Phelps Counties due to flooding and directs the Missouri State Emergency Operation Plan be activated. (Apr. 23),2002-04-23,https://www.sos.mo.gov/library/reference/orders/2002/eo02_009,Z,NWS forecast zone,31,CARROLL,0,0,0.0,0.0,Flood,1,0.0
MO-EO-02-09,02-09,Bob Holden,Gov. Bob Holden declares a State of Emergency in Pulaski and Phelps Counties due to flooding and directs the Missouri State Emergency Operation Plan be activated. (Apr. 23),2002-04-23,https://www.sos.mo.gov/library/reference/orders/2002/eo02_009,Z,NWS forecast zone,40,HOWARD,0,0,0.0,0.0,Flood,1,0.0
MO-EO-02-13,02-13,Bob Holden,"Gov. Bob Holden declares a State of Emergency as a result of the severe weather beginning May 6, 2002, and directs the Missouri State Emergency Management Operations Plan be activated. (May 16)",2002-05-16,https://www.sos.mo.gov/library/reference/orders/2002/eo02_013,C,county/county-equivalent,35,CARTER,0,0,25000.0,0.0,Flash Flood,1,25000.0
MO-EO-02-13,02-13,Bob Holden,"Gov. Bob Holden declares a State of Emergency as a result of the severe weather beginning May 6, 2002, and directs the Missouri State Emergency Management Operations Plan be activated. (May 16)",2002-05-16,https://www.sos.mo.gov/library/reference/orders/2002/eo02_013,C,county/county-equivalent,31,CAPE GIRARDEAU,0,0,15000.0,0.0,Flash Flood,1,15000.0
MO-EO-02-13,02-13,Bob Holden,"Gov. Bob Holden declares a State of Emergency as a result of the severe weather beginning May 6, 2002, and directs the Missouri State Emergency Management Operations Plan be activated. (May 16)",2002-05-16,https://www.sos.mo.gov/library/reference/orders/2002/eo02_013,C,county/county-equivalent,207,STODDARD,0,0,10000.0,0.0,"Flash Flood, Hail",4,10000.0
MO-EO-02-13,02-13,Bob Holden,"Gov. Bob Holden declares a State of Emergency as a result of the severe weather beginning May 6, 2002, and directs the Missouri State Emergency Management Operations Plan be activated. (May 16)",2002-05-16,https://www.sos.mo.gov/library/reference/orders/2002/eo02_013,C,county/county-equivalent,69,DUNKLIN,0,0,6000.0,0.0,"Flash Flood, Thunderstorm Wind",2,6000.0
MO-EO-02-13,02-13,Bob Holden,"Gov. Bob Holden declares a State of Emergency as a result of the severe weather beginning May 6, 2002, and directs the Missouri State Emergency Management Operations Plan be activated. (May 16)",2002-05-16,https://www.sos.mo.gov/library/reference/orders/2002/eo02_013,C,county/county-equivalent,201,SCOTT,0,0,5000.0,0.0,Flash Flood,2,5000.0
MO-EO-02-13,02-13,Bob Holden,"Gov. Bob Holden declares a State of Emergency as a result of the severe weather beginning May 6, 2002, and directs the Missouri State Emergency Management Operations Plan be activated. (May 16)",2002-05-16,https://www.sos.mo.gov/library/reference/orders/2002/eo02_013,C,county/county-equivalent,133,MISSISSIPPI,0,0,4000.0,0.0,Flash Flood,2,4000.0
MO-EO-02-13,02-13,Bob Holden,"Gov. Bob Holden declares a State of Emergency as a result of the severe weather beginning May 6, 2002, and directs the Missouri State Emergency Management Operations Plan be activated. (May 16)",2002-05-16,https://www.sos.mo.gov/library/reference/orders/2002/eo02_013,C,county/county-equivalent,155,PEMISCOT,0,0,1000.0,0.0,Flash Flood,1,1000.0
MO-EO-02-13,02-13,Bob Holden,"Gov. Bob Holden declares a State of Emergency as a result of the severe weather beginning May 6, 2002, and directs the Missouri State Emergency Management Operations Plan be activated. (May 16)",2002-05-16,https://www.sos.mo.gov/library/reference/orders/2002/eo02_013,C,county/county-equivalent,9,BARRY,0,0,0.0,0.0,Flash Flood,1,0.0
MO-EO-02-13,02-13,Bob Holden,"Gov. Bob Holden declares a State of Emergency as a result of the severe weather beginning May 6, 2002, and directs the Missouri State Emergency Management Operations Plan be activated. (May 16)",2002-05-16,https://www.sos.mo.gov/library/reference/orders/2002/eo02_013,C,county/county-equivalent,17,BOLLINGER,0,0,0.0,0.0,Flash Flood,1,0.0
MO-EO-02-13,02-13,Bob Holden,"Gov. Bob Holden declares a State of Emergency as a result of the severe weather beginning May 6, 2002, and directs the Missouri State Emergency Management Operations Plan be activated. (May 16)",2002-05-16,https://www.sos.mo.gov/library/reference/orders/2002/eo02_013,C,county/county-equivalent,23,BUTLER,0,0,0.0,0.0,Flash Flood,1,0.0
MO-EO-02-13,02-13,Bob Holden,"Gov. Bob Holden declares a State of Emergency as a result of the severe weather beginning May 6, 2002, and directs the Missouri State Emergency Management Operations Plan be activated. (May 16)",2002-05-16,https://www.sos.mo.gov/library/reference/orders/2002/eo02_013,C,county/county-equivalent,43,CHRISTIAN,0,0,0.0,0.0,Flash Flood,1,0.0
MO-EO-02-13,02-13,Bob Holden,"Gov. Bob Holden declares a State of Emergency as a result of the severe weather beginning May 6, 2002, and directs the Missouri State Emergency Management Operations Plan be activated. (May 16)",2002-05-16,https://www.sos.mo.gov/library/reference/orders/2002/eo02_013,C,county/county-equivalent,65,DENT,0,0,0.0,0.0,Flash Flood,1,0.0
MO-EO-02-13,02-13,Bob Holden,"Gov. Bob Holden declares a State of Emergency as a result of the severe weather beginning May 6, 2002, and directs the Missouri State Emergency Management Operations Plan be activated. (May 16)",2002-05-16,https://www.sos.mo.gov/library/reference/orders/2002/eo02_013,C,county/county-equivalent,67,DOUGLAS,0,0,0.0,0.0,Flash Flood,1,0.0
MO-EO-02-13,02-13,Bob Holden,"Gov. Bob Holden declares a State of Emergency as a result of the severe weather beginning May 6, 2002, and directs the Missouri State Emergency Management Operations Plan be activated. (May 16)",2002-05-16,https://www.sos.mo.gov/library/reference/orders/2002/eo02_013,C,county/county-equivalent,71,FRANKLIN,0,0,0.0,0.0,Thunderstorm Wind,1,0.0
MO-EO-02-13,02-13,Bob Holden,"Gov. Bob Holden declares a State of Emergency as a result of the severe weather beginning May 6, 2002, and directs the Missouri State Emergency Management Operations Plan be activated. (May 16)",2002-05-16,https://www.sos.mo.gov/library/reference/orders/2002/eo02_013,C,county/county-equivalent,91,HOWELL,0,0,0.0,0.0,Flash Flood,1,0.0
MO-EO-02-13,02-13,Bob Holden,"Gov. Bob Holden declares a State of Emergency as a result of the severe weather beginning May 6, 2002, and directs the Missouri State Emergency Management Operations Plan be activated. (May 16)",2002-05-16,https://www.sos.mo.gov/library/reference/orders/2002/eo02_013,C,county/county-equivalent,97,JASPER,0,0,0.0,0.0,Flash Flood,1,0.0
MO-EO-02-13,02-13,Bob Holden,"Gov. Bob Holden declares a State of Emergency as a result of the severe weather beginning May 6, 2002, and directs the Missouri State Emergency Management Operations Plan be activated. (May 16)",2002-05-16,https://www.sos.mo.gov/library/reference/orders/2002/eo02_013,C,county/county-equivalent,119,MCDONALD,0,0,0.0,0.0,Flash Flood,1,0.0
MO-EO-02-13,02-13,Bob Holden,"Gov. Bob Holden declares a State of Emergency as a result of the severe weather beginning May 6, 2002, and directs the Missouri State Emergency Management Operations Plan be activated. (May 16)",2002-05-16,https://www.sos.mo.gov/library/reference/orders/2002/eo02_013,C,county/county-equivalent,145,NEWTON,0,0,0.0,0.0,Flash Flood,1,0.0
MO-EO-02-13,02-13,Bob Holden,"Gov. Bob Holden declares a State of Emergency as a result of the severe weather beginning May 6, 2002, and directs the Missouri State Emergency Management Operations Plan be activated. (May 16)",2002-05-16,https://www.sos.mo.gov/library/reference/orders/2002/eo02_013,C,county/county-equivalent,149,OREGON,0,0,0.0,0.0,Flash Flood,1,0.0
MO-EO-02-13,02-13,Bob Holden,"Gov. Bob Holden declares a State of Emergency as a result of the severe weather beginning May 6, 2002, and directs the Missouri State Emergency Management Operations Plan be activated. (May 16)",2002-05-16,https://www.sos.mo.gov/library/reference/orders/2002/eo02_013,C,county/county-equivalent,161,PHELPS,0,0,0.0,0.0,Flash Flood,1,0.0
MO-EO-02-13,02-13,Bob Holden,"Gov. Bob Holden declares a State of Emergency as a result of the severe weather beginning May 6, 2002, and directs the Missouri State Emergency Management Operations Plan be activated. (May 16)",2002-05-16,https://www.sos.mo.gov/library/reference/orders/2002/eo02_013,C,county/county-equivalent,203,SHANNON,0,0,0.0,0.0,Flash Flood,1,0.0
MO-EO-02-13,02-13,Bob Holden,"Gov. Bob Holden declares a State of Emergency as a result of the severe weather beginning May 6, 2002, and directs the Missouri State Emergency Management Operations Plan be activated. (May 16)",2002-05-16,https://www.sos.mo.gov/library/reference/orders/2002/eo02_013,C,county/county-equivalent,215,TEXAS,0,0,0.0,0.0,Flash Flood,1,0.0
MO-EO-02-13,02-13,Bob Holden,"Gov. Bob Holden declares a State of Emergency as a result of the severe weather beginning May 6, 2002, and directs the Missouri State Emergency Management Operations Plan be activated. (May 16)",2002-05-16,https://www.sos.mo.gov/library/reference/orders/2002/eo02_013,C,county/county-equivalent,223,WAYNE,0,0,0.0,0.0,Flash Flood,1,0.0
MO-EO-02-13,02-13,Bob Holden,"Gov. Bob Holden declares a State of Emergency as a result of the severe weather beginning May 6, 2002, and directs the Missouri State Emergency Management Operations Plan be activated. (May 16)",2002-05-16,https://www.sos.mo.gov/library/reference/orders/2002/eo02_013,C,county/county-equivalent,225,WEBSTER,0,0,0.0,0.0,Flash Flood,1,0.0
MO-EO-03-12,03-12,Bob Holden,"Gov. Bob Holden declares a State of Emergency due to severe weather beginning on May 4, 2003, and directs the Missouri State Emergency Operations Plan be activated. (May 5)",2003-05-05,https://www.sos.mo.gov/library/reference/orders/2003/eo03_012,C,county/county-equivalent,109,LAWRENCE,5,33,27500000.0,0.0,"Hail, Thunderstorm Wind, Tornado",8,27500000.0
MO-EO-03-12,03-12,Bob Holden,"Gov. Bob Holden declares a State of Emergency due to severe weather beginning on May 4, 2003, and directs the Missouri State Emergency Operations Plan be activated. (May 5)",2003-05-05,https://www.sos.mo.gov/library/reference/orders/2003/eo03_012,C,county/county-equivalent,29,CAMDEN,4,27,5010000.0,1000000.0,"Flash Flood, Hail, Tornado",12,6010000.0
MO-EO-03-12,03-12,Bob Holden,"Gov. Bob Holden declares a State of Emergency due to severe weather beginning on May 4, 2003, and directs the Missouri State Emergency Operations Plan be activated. (May 5)",2003-05-05,https://www.sos.mo.gov/library/reference/orders/2003/eo03_012,C,county/county-equivalent,39,CEDAR,3,37,40000000.0,3000000.0,"Hail, Tornado",5,43000000.0
MO-EO-03-12,03-12,Bob Holden,"Gov. Bob Holden declares a State of Emergency due to severe weather beginning on May 4, 2003, and directs the Missouri State Emergency Operations Plan be activated. (May 5)",2003-05-05,https://www.sos.mo.gov/library/reference/orders/2003/eo03_012,C,county/county-equivalent,97,JASPER,2,15,21200000.0,0.0,"Hail, Tornado",12,21200000.0
MO-EO-03-12,03-12,Bob Holden,"Gov. Bob Holden declares a State of Emergency due to severe weather beginning on May 4, 2003, and directs the Missouri State Emergency Operations Plan be activated. (May 5)",2003-05-05,https://www.sos.mo.gov/library/reference/orders/2003/eo03_012,C,county/county-equivalent,59,DALLAS,2,10,3800000.0,0.0,Tornado,3,3800000.0
MO-EO-03-12,03-12,Bob Holden,"Gov. Bob Holden declares a State of Emergency due to severe weather beginning on May 4, 2003, and directs the Missouri State Emergency Operations Plan be activated. (May 5)",2003-05-05,https://www.sos.mo.gov/library/reference/orders/2003/eo03_012,C,county/county-equivalent,77,GREENE,1,12,14700000.0,0.0,"Hail, Thunderstorm Wind, Tornado",19,14700000.0
MO-EO-03-12,03-12,Bob Holden,"Gov. Bob Holden declares a State of Emergency due to severe weather beginning on May 4, 2003, and directs the Missouri State Emergency Operations Plan be activated. (May 5)",2003-05-05,https://www.sos.mo.gov/library/reference/orders/2003/eo03_012,C,county/county-equivalent,11,BARTON,1,10,18000000.0,2000000.0,"Hail, Tornado",10,20000000.0
MO-EO-03-12,03-12,Bob Holden,"Gov. Bob Holden declares a State of Emergency due to severe weather beginning on May 4, 2003, and directs the Missouri State Emergency Operations Plan be activated. (May 5)",2003-05-05,https://www.sos.mo.gov/library/reference/orders/2003/eo03_012,C,county/county-equivalent,43,CHRISTIAN,1,3,5100000.0,0.0,"Hail, Thunderstorm Wind, Tornado",3,5100000.0
MO-EO-03-12,03-12,Bob Holden,"Gov. Bob Holden declares a State of Emergency due to severe weather beginning on May 4, 2003, and directs the Missouri State Emergency Operations Plan be activated. (May 5)",2003-05-05,https://www.sos.mo.gov/library/reference/orders/2003/eo03_012,C,county/county-equivalent,99,JEFFERSON,1,0,0.0,0.0,"Flash Flood, Hail, Thunderstorm Wind, Tornado",13,0.0
MO-EO-03-12,03-12,Bob Holden,"Gov. Bob Holden declares a State of Emergency due to severe weather beginning on May 4, 2003, and directs the Missouri State Emergency Operations Plan be activated. (May 5)",2003-05-05,https://www.sos.mo.gov/library/reference/orders/2003/eo03_012,C,county/county-equivalent,47,CLAY,0,13,91050000.0,0.0,"Hail, Tornado",10,91050000.0
MO-EO-03-12,03-12,Bob Holden,"Gov. Bob Holden declares a State of Emergency due to severe weather beginning on May 4, 2003, and directs the Missouri State Emergency Operations Plan be activated. (May 5)",2003-05-05,https://www.sos.mo.gov/library/reference/orders/2003/eo03_012,C,county/county-equivalent,31,CAPE GIRARDEAU,0,2,12000000.0,0.0,"Flash Flood, Hail, Heavy Rain, Tornado",7,12000000.0
MO-EO-03-12,03-12,Bob Holden,"Gov. Bob Holden declares a State of Emergency due to severe weather beginning on May 4, 2003, and directs the Missouri State Emergency Operations Plan be activated. (May 5)",2003-05-05,https://www.sos.mo.gov/library/reference/orders/2003/eo03_012,C,county/county-equivalent,159,PETTIS,0,2,7000.0,0.0,"Hail, Thunderstorm Wind, Tornado",9,7000.0
MO-EO-03-12,03-12,Bob Holden,"Gov. Bob Holden declares a State of Emergency due to severe weather beginning on May 4, 2003, and directs the Missouri State Emergency Operations Plan be activated. (May 5)",2003-05-05,https://www.sos.mo.gov/library/reference/orders/2003/eo03_012,C,county/county-equivalent,19,BOONE,0,1,0.0,0.0,"Hail, Thunderstorm Wind",10,0.0
MO-EO-03-12,03-12,Bob Holden,"Gov. Bob Holden declares a State of Emergency due to severe weather beginning on May 4, 2003, and directs the Missouri State Emergency Operations Plan be activated. (May 5)",2003-05-05,https://www.sos.mo.gov/library/reference/orders/2003/eo03_012,C,county/county-equivalent,165,PLATTE,0,0,33950000.0,0.0,"Hail, Tornado",7,33950000.0
MO-EO-03-12,03-12,Bob Holden,"Gov. Bob Holden declares a State of Emergency due to severe weather beginning on May 4, 2003, and directs the Missouri State Emergency Operations Plan be activated. (May 5)",2003-05-05,https://www.sos.mo.gov/library/reference/orders/2003/eo03_012,C,county/county-equivalent,13,BATES,0,0,6780000.0,0.0,Hail,12,6780000.0
MO-EO-03-12,03-12,Bob Holden,"Gov. Bob Holden declares a State of Emergency due to severe weather beginning on May 4, 2003, and directs the Missouri State Emergency Operations Plan be activated. (May 5)",2003-05-05,https://www.sos.mo.gov/library/reference/orders/2003/eo03_012,C,county/county-equivalent,167,POLK,0,0,3700000.0,1000000.0,"Hail, Thunderstorm Wind, Tornado",7,4700000.0
MO-EO-03-12,03-12,Bob Holden,"Gov. Bob Holden declares a State of Emergency due to severe weather beginning on May 4, 2003, and directs the Missouri State Emergency Operations Plan be activated. (May 5)",2003-05-05,https://www.sos.mo.gov/library/reference/orders/2003/eo03_012,C,county/county-equivalent,199,SCOTLAND,0,0,3500000.0,0.0,Hail,5,3500000.0
MO-EO-03-12,03-12,Bob Holden,"Gov. Bob Holden declares a State of Emergency due to severe weather beginning on May 4, 2003, and directs the Missouri State Emergency Operations Plan be activated. (May 5)",2003-05-05,https://www.sos.mo.gov/library/reference/orders/2003/eo03_012,C,county/county-equivalent,45,CLARK,0,0,2150000.0,0.0,Hail,3,2150000.0
MO-EO-03-12,03-12,Bob Holden,"Gov. Bob Holden declares a State of Emergency due to severe weather beginning on May 4, 2003, and directs the Missouri State Emergency Operations Plan be activated. (May 5)",2003-05-05,https://www.sos.mo.gov/library/reference/orders/2003/eo03_012,C,county/county-equivalent,145,NEWTON,0,0,500000.0,0.0,"Hail, Tornado",9,500000.0
MO-EO-03-12,03-12,Bob Holden,"Gov. Bob Holden declares a State of Emergency due to severe weather beginning on May 4, 2003, and directs the Missouri State Emergency Operations Plan be activated. (May 5)",2003-05-05,https://www.sos.mo.gov/library/reference/orders/2003/eo03_012,C,county/county-equivalent,169,PULASKI,0,0,500000.0,0.0,"Hail, Thunderstorm Wind, Tornado",15,500000.0
MO-EO-03-12,03-12,Bob Holden,"Gov. Bob Holden declares a State of Emergency due to severe weather beginning on May 4, 2003, and directs the Missouri State Emergency Operations Plan be activated. (May 5)",2003-05-05,https://www.sos.mo.gov/library/reference/orders/2003/eo03_012,C,county/county-equivalent,37,CASS,0,0,200000.0,0.0,"Hail, Thunderstorm Wind, Tornado",18,200000.0
MO-EO-03-12,03-12,Bob Holden,"Gov. Bob Holden declares a State of Emergency due to severe weather beginning on May 4, 2003, and directs the Missouri State Emergency Operations Plan be activated. (May 5)",2003-05-05,https://www.sos.mo.gov/library/reference/orders/2003/eo03_012,C,county/county-equivalent,201,SCOTT,0,0,75000.0,0.0,"Flash Flood, Hail, Tornado",4,75000.0
MO-EO-03-12,03-12,Bob Holden,"Gov. Bob Holden declares a State of Emergency due to severe weather beginning on May 4, 2003, and directs the Missouri State Emergency Operations Plan be activated. (May 5)",2003-05-05,https://www.sos.mo.gov/library/reference/orders/2003/eo03_012,C,county/county-equivalent,187,ST. FRANCOIS,0,0,50000.0,0.0,"Hail, Thunderstorm Wind",4,50000.0
MO-EO-03-12,03-12,Bob Holden,"Gov. Bob Holden declares a State of Emergency due to severe weather beginning on May 4, 2003, and directs the Missouri State Emergency Operations Plan be activated. (May 5)",2003-05-05,https://www.sos.mo.gov/library/reference/orders/2003/eo03_012,C,county/county-equivalent,17,BOLLINGER,0,0,40000.0,0.0,"Flash Flood, Hail, Heavy Rain, Tornado",7,40000.0
MO-EO-03-12,03-12,Bob Holden,"Gov. Bob Holden declares a State of Emergency due to severe weather beginning on May 4, 2003, and directs the Missouri State Emergency Operations Plan be activated. (May 5)",2003-05-05,https://www.sos.mo.gov/library/reference/orders/2003/eo03_012,C,county/county-equivalent,101,JOHNSON,0,0,36000.0,0.0,"Hail, Thunderstorm Wind, Tornado",21,36000.0
MO-EO-03-12,03-12,Bob Holden,"Gov. Bob Holden declares a State of Emergency due to severe weather beginning on May 4, 2003, and directs the Missouri State Emergency Operations Plan be activated. (May 5)",2003-05-05,https://www.sos.mo.gov/library/reference/orders/2003/eo03_012,C,county/county-equivalent,155,PEMISCOT,0,0,32120.0,0.0,"Flash Flood, Hail, Thunderstorm Wind, Tornado",6,32120.0
MO-EO-03-12,03-12,Bob Holden,"Gov. Bob Holden declares a State of Emergency due to severe weather beginning on May 4, 2003, and directs the Missouri State Emergency Operations Plan be activated. (May 5)",2003-05-05,https://www.sos.mo.gov/library/reference/orders/2003/eo03_012,C,county/county-equivalent,73,GASCONADE,0,0,20000.0,0.0,"Hail, Thunderstorm Wind",3,20000.0
MO-EO-03-12,03-12,Bob Holden,"Gov. Bob Holden declares a State of Emergency due to severe weather beginning on May 4, 2003, and directs the Missouri State Emergency Operations Plan be activated. (May 5)",2003-05-05,https://www.sos.mo.gov/library/reference/orders/2003/eo03_012,C,county/county-equivalent,69,DUNKLIN,0,0,14020.0,0.0,"Flash Flood, Hail, Thunderstorm Wind, Tornado",8,14020.0
MO-EO-03-12,03-12,Bob Holden,"Gov. Bob Holden declares a State of Emergency due to severe weather beginning on May 4, 2003, and directs the Missouri State Emergency Operations Plan be activated. (May 5)",2003-05-05,https://www.sos.mo.gov/library/reference/orders/2003/eo03_012,C,county/county-equivalent,57,DADE,0,0,10000.0,0.0,"Hail, Thunderstorm Wind, Tornado",4,10000.0
MO-EO-03-12,03-12,Bob Holden,"Gov. Bob Holden declares a State of Emergency due to severe weather beginning on May 4, 2003, and directs the Missouri State Emergency Operations Plan be activated. (May 5)",2003-05-05,https://www.sos.mo.gov/library/reference/orders/2003/eo03_012,C,county/county-equivalent,3,ANDREW,0,0,0.0,0.0,Hail,2,0.0
MO-EO-03-12,03-12,Bob Holden,"Gov. Bob Holden declares a State of Emergency due to severe weather beginning on May 4, 2003, and directs the Missouri State Emergency Operations Plan be activated. (May 5)",2003-05-05,https://www.sos.mo.gov/library/reference/orders/2003/eo03_012,C,county/county-equivalent,5,ATCHISON,0,0,0.0,0.0,Hail,2,0.0
MO-EO-03-12,03-12,Bob Holden,"Gov. Bob Holden declares a State of Emergency due to severe weather beginning on May 4, 2003, and directs the Missouri State Emergency Operations Plan be activated. (May 5)",2003-05-05,https://www.sos.mo.gov/library/reference/orders/2003/eo03_012,C,county/county-equivalent,7,AUDRAIN,0,0,0.0,0.0,"Flash Flood, Hail, Thunderstorm Wind",4,0.0
MO-EO-03-12,03-12,Bob Holden,"Gov. Bob Holden declares a State of Emergency due to severe weather beginning on May 4, 2003, and directs the Missouri State Emergency Operations Plan be activated. (May 5)",2003-05-05,https://www.sos.mo.gov/library/reference/orders/2003/eo03_012,C,county/county-equivalent,9,BARRY,0,0,0.0,0.0,"Hail, Thunderstorm Wind",4,0.0
MO-EO-03-12,03-12,Bob Holden,"Gov. Bob Holden declares a State of Emergency due to severe weather beginning on May 4, 2003, and directs the Missouri State Emergency Operations Plan be activated. (May 5)",2003-05-05,https://www.sos.mo.gov/library/reference/orders/2003/eo03_012,C,county/county-equivalent,15,BENTON,0,0,0.0,0.0,"Hail, Tornado",6,0.0
MO-EO-03-12,03-12,Bob Holden,"Gov. Bob Holden declares a State of Emergency due to severe weather beginning on May 4, 2003, and directs the Missouri State Emergency Operations Plan be activated. (May 5)",2003-05-05,https://www.sos.mo.gov/library/reference/orders/2003/eo03_012,C,county/county-equivalent,21,BUCHANAN,0,0,0.0,0.0,Hail,3,0.0
MO-EO-03-12,03-12,Bob Holden,"Gov. Bob Holden declares a State of Emergency due to severe weather beginning on May 4, 2003, and directs the Missouri State Emergency Operations Plan be activated. (May 5)",2003-05-05,https://www.sos.mo.gov/library/reference/orders/2003/eo03_012,C,county/county-equivalent,23,BUTLER,0,0,0.0,0.0,Hail,2,0.0
MO-EO-03-12,03-12,Bob Holden,"Gov. Bob Holden declares a State of Emergency due to severe weather beginning on May 4, 2003, and directs the Missouri State Emergency Operations Plan be activated. (May 5)",2003-05-05,https://www.sos.mo.gov/library/reference/orders/2003/eo03_012,C,county/county-equivalent,25,CALDWELL,0,0,0.0,0.0,Hail,2,0.0
MO-EO-03-12,03-12,Bob Holden,"Gov. Bob Holden declares a State of Emergency due to severe weather beginning on May 4, 2003, and directs the Missouri State Emergency Operations Plan be activated. (May 5)",2003-05-05,https://www.sos.mo.gov/library/reference/orders/2003/eo03_012,C,county/county-equivalent,27,CALLAWAY,0,0,0.0,0.0,"Hail, Thunderstorm Wind",3,0.0
MO-EO-03-12,03-12,Bob Holden,"Gov. Bob Holden declares a State of Emergency due to severe weather beginning on May 4, 2003, and directs the Missouri State Emergency Operations Plan be activated. (May 5)",2003-05-05,https://www.sos.mo.gov/library/reference/orders/2003/eo03_012,C,county/county-equivalent,33,CARROLL,0,0,0.0,0.0,Hail,2,0.0
MO-EO-03-12,03-12,Bob Holden,"Gov. Bob Holden declares a State of Emergency due to severe weather beginning on May 4, 2003, and directs the Missouri State Emergency Operations Plan be activated. (May 5)",2003-05-05,https://www.sos.mo.gov/library/reference/orders/2003/eo03_012,C,county/county-equivalent,41,CHARITON,0,0,0.0,0.0,Hail,2,0.0
MO-EO-03-12,03-12,Bob Holden,"Gov. Bob Holden declares a State of Emergency due to severe weather beginning on May 4, 2003, and directs the Missouri State Emergency Operations Plan be activated. (May 5)",2003-05-05,https://www.sos.mo.gov/library/reference/orders/2003/eo03_012,C,county/county-equivalent,49,CLINTON,0,0,0.0,0.0,Hail,1,0.0
MO-EO-03-12,03-12,Bob Holden,"Gov. Bob Holden declares a State of Emergency due to severe weather beginning on May 4, 2003, and directs the Missouri State Emergency Operations Plan be activated. (May 5)",2003-05-05,https://www.sos.mo.gov/library/reference/orders/2003/eo03_012,C,county/county-equivalent,51,COLE,0,0,0.0,0.0,"Hail, Thunderstorm Wind",11,0.0
MO-EO-03-12,03-12,Bob Holden,"Gov. Bob Holden declares a State of Emergency due to severe weather beginning on May 4, 2003, and directs the Missouri State Emergency Operations Plan be activated. (May 5)",2003-05-05,https://www.sos.mo.gov/library/reference/orders/2003/eo03_012,C,county/county-equivalent,53,COOPER,0,0,0.0,0.0,"Hail, Thunderstorm Wind",2,0.0
MO-EO-03-12,03-12,Bob Holden,"Gov. Bob Holden declares a State of Emergency due to severe weather beginning on May 4, 2003, and directs the Missouri State Emergency Operations Plan be activated. (May 5)",2003-05-05,https://www.sos.mo.gov/library/reference/orders/2003/eo03_012,C,county/county-equivalent,55,CRAWFORD,0,0,0.0,0.0,"Hail, Thunderstorm Wind",5,0.0
MO-EO-03-12,03-12,Bob Holden,"Gov. Bob Holden declares a State of Emergency due to severe weather beginning on May 4, 2003, and directs the Missouri State Emergency Operations Plan be activated. (May 5)",2003-05-05,https://www.sos.mo.gov/library/reference/orders/2003/eo03_012,C,county/county-equivalent,61,DAVIESS,0,0,0.0,0.0,Hail,4,0.0
MO-EO-03-12,03-12,Bob Holden,"Gov. Bob Holden declares a State of Emergency due to severe weather beginning on May 4, 2003, and directs the Missouri State Emergency Operations Plan be activated. (May 5)",2003-05-05,https://www.sos.mo.gov/library/reference/orders/2003/eo03_012,C,county/county-equivalent,63,DE KALB,0,0,0.0,0.0,Hail,1,0.0
MO-EO-03-12,03-12,Bob Holden,"Gov. Bob Holden declares a State of Emergency due to severe weather beginning on May 4, 2003, and directs the Missouri State Emergency Operations Plan be activated. (May 5)",2003-05-05,https://www.sos.mo.gov/library/reference/orders/2003/eo03_012,C,county/county-equivalent,65,DENT,0,0,0.0,0.0,"Hail, Thunderstorm Wind, Tornado",6,0.0
MO-EO-03-12,03-12,Bob Holden,"Gov. Bob Holden declares a State of Emergency due to severe weather beginning on May 4, 2003, and directs the Missouri State Emergency Operations Plan be activated. (May 5)",2003-05-05,https://www.sos.mo.gov/library/reference/orders/2003/eo03_012,C,county/county-equivalent,71,FRANKLIN,0,0,0.0,0.0,"Hail, Thunderstorm Wind, Tornado",12,0.0
MO-EO-03-12,03-12,Bob Holden,"Gov. Bob Holden declares a State of Emergency due to severe weather beginning on May 4, 2003, and directs the Missouri State Emergency Operations Plan be activated. (May 5)",2003-05-05,https://www.sos.mo.gov/library/reference/orders/2003/eo03_012,C,county/county-equivalent,75,GENTRY,0,0,0.0,0.0,Hail,1,0.0
MO-EO-03-12,03-12,Bob Holden,"Gov. Bob Holden declares a State of Emergency due to severe weather beginning on May 4, 2003, and directs the Missouri State Emergency Operations Plan be activated. (May 5)",2003-05-05,https://www.sos.mo.gov/library/reference/orders/2003/eo03_012,C,county/county-equivalent,79,GRUNDY,0,0,0.0,0.0,Hail,4,0.0
MO-EO-03-12,03-12,Bob Holden,"Gov. Bob Holden declares a State of Emergency due to severe weather beginning on May 4, 2003, and directs the Missouri State Emergency Operations Plan be activated. (May 5)",2003-05-05,https://www.sos.mo.gov/library/reference/orders/2003/eo03_012,C,county/county-equivalent,81,HARRISON,0,0,0.0,0.0,Hail,1,0.0
MO-EO-03-12,03-12,Bob Holden,"Gov. Bob Holden declares a State of Emergency due to severe weather beginning on May 4, 2003, and directs the Missouri State Emergency Operations Plan be activated. (May 5)",2003-05-05,https://www.sos.mo.gov/library/reference/orders/2003/eo03_012,C,county/county-equivalent,83,HENRY,0,0,0.0,0.0,"Hail, Tornado",6,0.0
MO-EO-03-12,03-12,Bob Holden,"Gov. Bob Holden declares a State of Emergency due to severe weather beginning on May 4, 2003, and directs the Missouri State Emergency Operations Plan be activated. (May 5)",2003-05-05,https://www.sos.mo.gov/library/reference/orders/2003/eo03_012,C,county/county-equivalent,85,HICKORY,0,0,0.0,0.0,"Hail, Thunderstorm Wind, Tornado",10,0.0
MO-EO-03-12,03-12,Bob Holden,"Gov. Bob Holden declares a State of Emergency due to severe weather beginning on May 4, 2003, and directs the Missouri State Emergency Operations Plan be activated. (May 5)",2003-05-05,https://www.sos.mo.gov/library/reference/orders/2003/eo03_012,C,county/county-equivalent,89,HOWARD,0,0,0.0,0.0,Hail,2,0.0
MO-EO-03-12,03-12,Bob Holden,"Gov. Bob Holden declares a State of Emergency due to severe weather beginning on May 4, 2003, and directs the Missouri State Emergency Operations Plan be activated. (May 5)",2003-05-05,https://www.sos.mo.gov/library/reference/orders/2003/eo03_012,C,county/county-equivalent,91,HOWELL,0,0,0.0,0.0,"Hail, Thunderstorm Wind",3,0.0
MO-EO-03-12,03-12,Bob Holden,"Gov. Bob Holden declares a State of Emergency due to severe weather beginning on May 4, 2003, and directs the Missouri State Emergency Operations Plan be activated. (May 5)",2003-05-05,https://www.sos.mo.gov/library/reference/orders/2003/eo03_012,C,county/county-equivalent,93,IRON,0,0,0.0,0.0,"Hail, Thunderstorm Wind",2,0.0
MO-EO-03-12,03-12,Bob Holden,"Gov. Bob Holden declares a State of Emergency due to severe weather beginning on May 4, 2003, and directs the Missouri State Emergency Operations Plan be activated. (May 5)",2003-05-05,https://www.sos.mo.gov/library/reference/orders/2003/eo03_012,C,county/county-equivalent,95,JACKSON,0,0,0.0,0.0,Hail,14,0.0
MO-EO-03-12,03-12,Bob Holden,"Gov. Bob Holden declares a State of Emergency due to severe weather beginning on May 4, 2003, and directs the Missouri State Emergency Operations Plan be activated. (May 5)",2003-05-05,https://www.sos.mo.gov/library/reference/orders/2003/eo03_012,C,county/county-equivalent,103,KNOX,0,0,0.0,0.0,Hail,1,0.0
MO-EO-03-12,03-12,Bob Holden,"Gov. Bob Holden declares a State of Emergency due to severe weather beginning on May 4, 2003, and directs the Missouri State Emergency Operations Plan be activated. (May 5)",2003-05-05,https://www.sos.mo.gov/library/reference/orders/2003/eo03_012,C,county/county-equivalent,105,LACLEDE,0,0,0.0,0.0,"Hail, Thunderstorm Wind, Tornado",4,0.0
MO-EO-03-12,03-12,Bob Holden,"Gov. Bob Holden declares a State of Emergency due to severe weather beginning on May 4, 2003, and directs the Missouri State Emergency Operations Plan be activated. (May 5)",2003-05-05,https://www.sos.mo.gov/library/reference/orders/2003/eo03_012,C,county/county-equivalent,107,LAFAYETTE,0,0,0.0,0.0,"Hail, Thunderstorm Wind",5,0.0
MO-EO-03-12,03-12,Bob Holden,"Gov. Bob Holden declares a State of Emergency due to severe weather beginning on May 4, 2003, and directs the Missouri State Emergency Operations Plan be activated. (May 5)",2003-05-05,https://www.sos.mo.gov/library/reference/orders/2003/eo03_012,C,county/county-equivalent,111,LEWIS,0,0,0.0,0.0,Thunderstorm Wind,1,0.0
MO-EO-03-12,03-12,Bob Holden,"Gov. Bob Holden declares a State of Emergency due to severe weather beginning on May 4, 2003, and directs the Missouri State Emergency Operations Plan be activated. (May 5)",2003-05-05,https://www.sos.mo.gov/library/reference/orders/2003/eo03_012,C,county/county-equivalent,113,LINCOLN,0,0,0.0,0.0,Hail,1,0.0
MO-EO-03-12,03-12,Bob Holden,"Gov. Bob Holden declares a State of Emergency due to severe weather beginning on May 4, 2003, and directs the Missouri State Emergency Operations Plan be activated. (May 5)",2003-05-05,https://www.sos.mo.gov/library/reference/orders/2003/eo03_012,C,county/county-equivalent,115,LINN,0,0,0.0,0.0,Hail,1,0.0
MO-EO-03-12,03-12,Bob Holden,"Gov. Bob Holden declares a State of Emergency due to severe weather beginning on May 4, 2003, and directs the Missouri State Emergency Operations Plan be activated. (May 5)",2003-05-05,https://www.sos.mo.gov/library/reference/orders/2003/eo03_012,C,county/county-equivalent,119,MCDONALD,0,0,0.0,0.0,"Hail, Thunderstorm Wind",3,0.0
MO-EO-03-12,03-12,Bob Holden,"Gov. Bob Holden declares a State of Emergency due to severe weather beginning on May 4, 2003, and directs the Missouri State Emergency Operations Plan be activated. (May 5)",2003-05-05,https://www.sos.mo.gov/library/reference/orders/2003/eo03_012,C,county/county-equivalent,121,MACON,0,0,0.0,0.0,Hail,1,0.0
MO-EO-03-12,03-12,Bob Holden,"Gov. Bob Holden declares a State of Emergency due to severe weather beginning on May 4, 2003, and directs the Missouri State Emergency Operations Plan be activated. (May 5)",2003-05-05,https://www.sos.mo.gov/library/reference/orders/2003/eo03_012,C,county/county-equivalent,125,MARIES,0,0,0.0,0.0,"Hail, Tornado",2,0.0
MO-EO-03-12,03-12,Bob Holden,"Gov. Bob Holden declares a State of Emergency due to severe weather beginning on May 4, 2003, and directs the Missouri State Emergency Operations Plan be activated. (May 5)",2003-05-05,https://www.sos.mo.gov/library/reference/orders/2003/eo03_012,C,county/county-equivalent,127,MARION,0,0,0.0,0.0,Hail,2,0.0
MO-EO-03-12,03-12,Bob Holden,"Gov. Bob Holden declares a State of Emergency due to severe weather beginning on May 4, 2003, and directs the Missouri State Emergency Operations Plan be activated. (May 5)",2003-05-05,https://www.sos.mo.gov/library/reference/orders/2003/eo03_012,C,county/county-equivalent,129,MERCER,0,0,0.0,0.0,Hail,1,0.0
MO-EO-03-12,03-12,Bob Holden,"Gov. Bob Holden declares a State of Emergency due to severe weather beginning on May 4, 2003, and directs the Missouri State Emergency Operations Plan be activated. (May 5)",2003-05-05,https://www.sos.mo.gov/library/reference/orders/2003/eo03_012,C,county/county-equivalent,131,MILLER,0,0,0.0,0.0,"Hail, Tornado",9,0.0
MO-EO-03-12,03-12,Bob Holden,"Gov. Bob Holden declares a State of Emergency due to severe weather beginning on May 4, 2003, and directs the Missouri State Emergency Operations Plan be activated. (May 5)",2003-05-05,https://www.sos.mo.gov/library/reference/orders/2003/eo03_012,C,county/county-equivalent,133,MISSISSIPPI,0,0,0.0,0.0,"Hail, Tornado",2,0.0
MO-EO-03-12,03-12,Bob Holden,"Gov. Bob Holden declares a State of Emergency due to severe weather beginning on May 4, 2003, and directs the Missouri State Emergency Operations Plan be activated. (May 5)",2003-05-05,https://www.sos.mo.gov/library/reference/orders/2003/eo03_012,C,county/county-equivalent,135,MONITEAU,0,0,0.0,0.0,"Hail, Thunderstorm Wind",9,0.0
MO-EO-03-12,03-12,Bob Holden,"Gov. Bob Holden declares a State of Emergency due to severe weather beginning on May 4, 2003, and directs the Missouri State Emergency Operations Plan be activated. (May 5)",2003-05-05,https://www.sos.mo.gov/library/reference/orders/2003/eo03_012,C,county/county-equivalent,141,MORGAN,0,0,0.0,0.0,"Hail, Thunderstorm Wind, Tornado",21,0.0
MO-EO-03-12,03-12,Bob Holden,"Gov. Bob Holden declares a State of Emergency due to severe weather beginning on May 4, 2003, and directs the Missouri State Emergency Operations Plan be activated. (May 5)",2003-05-05,https://www.sos.mo.gov/library/reference/orders/2003/eo03_012,C,county/county-equivalent,147,NODAWAY,0,0,0.0,0.0,Hail,7,0.0
MO-EO-03-12,03-12,Bob Holden,"Gov. Bob Holden declares a State of Emergency due to severe weather beginning on May 4, 2003, and directs the Missouri State Emergency Operations Plan be activated. (May 5)",2003-05-05,https://www.sos.mo.gov/library/reference/orders/2003/eo03_012,C,county/county-equivalent,149,OREGON,0,0,0.0,0.0,"Hail, Thunderstorm Wind",3,0.0
MO-EO-03-12,03-12,Bob Holden,"Gov. Bob Holden declares a State of Emergency due to severe weather beginning on May 4, 2003, and directs the Missouri State Emergency Operations Plan be activated. (May 5)",2003-05-05,https://www.sos.mo.gov/library/reference/orders/2003/eo03_012,C,county/county-equivalent,151,OSAGE,0,0,0.0,0.0,"Hail, Thunderstorm Wind",7,0.0
MO-EO-03-12,03-12,Bob Holden,"Gov. Bob Holden declares a State of Emergency due to severe weather beginning on May 4, 2003, and directs the Missouri State Emergency Operations Plan be activated. (May 5)",2003-05-05,https://www.sos.mo.gov/library/reference/orders/2003/eo03_012,C,county/county-equivalent,153,OZARK,0,0,0.0,0.0,"Hail, Thunderstorm Wind, Tornado",8,0.0
MO-EO-03-12,03-12,Bob Holden,"Gov. Bob Holden declares a State of Emergency due to severe weather beginning on May 4, 2003, and directs the Missouri State Emergency Operations Plan be activated. (May 5)",2003-05-05,https://www.sos.mo.gov/library/reference/orders/2003/eo03_012,C,county/county-equivalent,157,PERRY,0,0,0.0,0.0,"Flash Flood, Hail, Heavy Rain, Thunderstorm Wind",6,0.0
MO-EO-03-12,03-12,Bob Holden,"Gov. Bob Holden declares a State of Emergency due to severe weather beginning on May 4, 2003, and directs the Missouri State Emergency Operations Plan be activated. (May 5)",2003-05-05,https://www.sos.mo.gov/library/reference/orders/2003/eo03_012,C,county/county-equivalent,161,PHELPS,0,0,0.0,0.0,"Hail, Tornado",7,0.0
MO-EO-03-12,03-12,Bob Holden,"Gov. Bob Holden declares a State of Emergency due to severe weather beginning on May 4, 2003, and directs the Missouri State Emergency Operations Plan be activated. (May 5)",2003-05-05,https://www.sos.mo.gov/library/reference/orders/2003/eo03_012,C,county/county-equivalent,163,PIKE,0,0,0.0,0.0,Hail,2,0.0
MO-EO-03-12,03-12,Bob Holden,"Gov. Bob Holden declares a State of Emergency due to severe weather beginning on May 4, 2003, and directs the Missouri State Emergency Operations Plan be activated. (May 5)",2003-05-05,https://www.sos.mo.gov/library/reference/orders/2003/eo03_012,C,county/county-equivalent,175,RANDOLPH,0,0,0.0,0.0,Hail,1,0.0
MO-EO-03-12,03-12,Bob Holden,"Gov. Bob Holden declares a State of Emergency due to severe weather beginning on May 4, 2003, and directs the Missouri State Emergency Operations Plan be activated. (May 5)",2003-05-05,https://www.sos.mo.gov/library/reference/orders/2003/eo03_012,C,county/county-equivalent,177,RAY,0,0,0.0,0.0,"Hail, Thunderstorm Wind",9,0.0
MO-EO-03-12,03-12,Bob Holden,"Gov. Bob Holden declares a State of Emergency due to severe weather beginning on May 4, 2003, and directs the Missouri State Emergency Operations Plan be activated. (May 5)",2003-05-05,https://www.sos.mo.gov/library/reference/orders/2003/eo03_012,C,county/county-equivalent,181,RIPLEY,0,0,0.0,0.0,"Hail, Thunderstorm Wind",2,0.0
MO-EO-03-12,03-12,Bob Holden,"Gov. Bob Holden declares a State of Emergency due to severe weather beginning on May 4, 2003, and directs the Missouri State Emergency Operations Plan be activated. (May 5)",2003-05-05,https://www.sos.mo.gov/library/reference/orders/2003/eo03_012,C,county/county-equivalent,185,ST. CLAIR,0,0,0.0,0.0,"Hail, Thunderstorm Wind, Tornado",16,0.0
MO-EO-03-12,03-12,Bob Holden,"Gov. Bob Holden declares a State of Emergency due to severe weather beginning on May 4, 2003, and directs the Missouri State Emergency Operations Plan be activated. (May 5)",2003-05-05,https://www.sos.mo.gov/library/reference/orders/2003/eo03_012,C,county/county-equivalent,186,STE. GENEVIEVE,0,0,0.0,0.0,"Hail, Thunderstorm Wind",3,0.0
MO-EO-03-12,03-12,Bob Holden,"Gov. Bob Holden declares a State of Emergency due to severe weather beginning on May 4, 2003, and directs the Missouri State Emergency Operations Plan be activated. (May 5)",2003-05-05,https://www.sos.mo.gov/library/reference/orders/2003/eo03_012,C,county/county-equivalent,195,SALINE,0,0,0.0,0.0,"Hail, Thunderstorm Wind",7,0.0
MO-EO-03-12,03-12,Bob Holden,"Gov. Bob Holden declares a State of Emergency due to severe weather beginning on May 4, 2003, and directs the Missouri State Emergency Operations Plan be activated. (May 5)",2003-05-05,https://www.sos.mo.gov/library/reference/orders/2003/eo03_012,C,county/county-equivalent,207,STODDARD,0,0,0.0,0.0,Thunderstorm Wind,1,0.0
MO-EO-03-12,03-12,Bob Holden,"Gov. Bob Holden declares a State of Emergency due to severe weather beginning on May 4, 2003, and directs the Missouri State Emergency Operations Plan be activated. (May 5)",2003-05-05,https://www.sos.mo.gov/library/reference/orders/2003/eo03_012,C,county/county-equivalent,211,SULLIVAN,0,0,0.0,0.0,Hail,2,0.0
MO-EO-03-12,03-12,Bob Holden,"Gov. Bob Holden declares a State of Emergency due to severe weather beginning on May 4, 2003, and directs the Missouri State Emergency Operations Plan be activated. (May 5)",2003-05-05,https://www.sos.mo.gov/library/reference/orders/2003/eo03_012,C,county/county-equivalent,213,TANEY,0,0,0.0,0.0,Hail,1,0.0
MO-EO-03-12,03-12,Bob Holden,"Gov. Bob Holden declares a State of Emergency due to severe weather beginning on May 4, 2003, and directs the Missouri State Emergency Operations Plan be activated. (May 5)",2003-05-05,https://www.sos.mo.gov/library/reference/orders/2003/eo03_012,C,county/county-equivalent,217,VERNON,0,0,0.0,0.0,"Hail, Tornado",14,0.0
MO-EO-03-12,03-12,Bob Holden,"Gov. Bob Holden declares a State of Emergency due to severe weather beginning on May 4, 2003, and directs the Missouri State Emergency Operations Plan be activated. (May 5)",2003-05-05,https://www.sos.mo.gov/library/reference/orders/2003/eo03_012,C,county/county-equivalent,221,WASHINGTON,0,0,0.0,0.0,"Hail, Thunderstorm Wind",5,0.0
MO-EO-03-12,03-12,Bob Holden,"Gov. Bob Holden declares a State of Emergency due to severe weather beginning on May 4, 2003, and directs the Missouri State Emergency Operations Plan be activated. (May 5)",2003-05-05,https://www.sos.mo.gov/library/reference/orders/2003/eo03_012,C,county/county-equivalent,223,WAYNE,0,0,0.0,0.0,"Hail, Thunderstorm Wind",2,0.0
MO-EO-03-12,03-12,Bob Holden,"Gov. Bob Holden declares a State of Emergency due to severe weather beginning on May 4, 2003, and directs the Missouri State Emergency Operations Plan be activated. (May 5)",2003-05-05,https://www.sos.mo.gov/library/reference/orders/2003/eo03_012,C,county/county-equivalent,225,WEBSTER,0,0,0.0,0.0,"Hail, Thunderstorm Wind, Tornado",4,0.0
MO-EO-03-12,03-12,Bob Holden,"Gov. Bob Holden declares a State of Emergency due to severe weather beginning on May 4, 2003, and directs the Missouri State Emergency Operations Plan be activated. (May 5)",2003-05-05,https://www.sos.mo.gov/library/reference/orders/2003/eo03_012,C,county/county-equivalent,229,WRIGHT,0,0,0.0,0.0,Hail,1,0.0
MO-EO-06-12,06-12,Matt Blunt,"Gov. Matt Blunt declares a State of Emergency and directs the Missouri State Emergency Operations Plan be activated in response to the severe weather that began on March 11, 2006. (Mar. 13)",2006-03-13,https://www.sos.mo.gov/library/reference/orders/2006/eo06_012,C,county/county-equivalent,175,RANDOLPH,4,26,5000000.0,0.0,Tornado,2,5000000.0
MO-EO-06-12,06-12,Matt Blunt,"Gov. Matt Blunt declares a State of Emergency and directs the Missouri State Emergency Operations Plan be activated in response to the severe weather that began on March 11, 2006. (Mar. 13)",2006-03-13,https://www.sos.mo.gov/library/reference/orders/2006/eo06_012,C,county/county-equivalent,157,PERRY,2,10,1000000.0,0.0,Tornado,1,1000000.0
MO-EO-06-12,06-12,Matt Blunt,"Gov. Matt Blunt declares a State of Emergency and directs the Missouri State Emergency Operations Plan be activated in response to the severe weather that began on March 11, 2006. (Mar. 13)",2006-03-13,https://www.sos.mo.gov/library/reference/orders/2006/eo06_012,C,county/county-equivalent,83,HENRY,1,13,500000.0,0.0,"Hail, Thunderstorm Wind, Tornado",8,500000.0
MO-EO-06-12,06-12,Matt Blunt,"Gov. Matt Blunt declares a State of Emergency and directs the Missouri State Emergency Operations Plan be activated in response to the severe weather that began on March 11, 2006. (Mar. 13)",2006-03-13,https://www.sos.mo.gov/library/reference/orders/2006/eo06_012,C,county/county-equivalent,159,PETTIS,1,6,4500000.0,0.0,"Hail, Tornado",10,4500000.0
MO-EO-06-12,06-12,Matt Blunt,"Gov. Matt Blunt declares a State of Emergency and directs the Missouri State Emergency Operations Plan be activated in response to the severe weather that began on March 11, 2006. (Mar. 13)",2006-03-13,https://www.sos.mo.gov/library/reference/orders/2006/eo06_012,C,county/county-equivalent,39,CEDAR,1,5,800000.0,0.0,Tornado,2,800000.0
MO-EO-06-12,06-12,Matt Blunt,"Gov. Matt Blunt declares a State of Emergency and directs the Missouri State Emergency Operations Plan be activated in response to the severe weather that began on March 11, 2006. (Mar. 13)",2006-03-13,https://www.sos.mo.gov/library/reference/orders/2006/eo06_012,C,county/county-equivalent,109,LAWRENCE,1,1,5000000.0,0.0,"Hail, Tornado",2,5000000.0
MO-EO-06-12,06-12,Matt Blunt,"Gov. Matt Blunt declares a State of Emergency and directs the Missouri State Emergency Operations Plan be activated in response to the severe weather that began on March 11, 2006. (Mar. 13)",2006-03-13,https://www.sos.mo.gov/library/reference/orders/2006/eo06_012,C,county/county-equivalent,85,HICKORY,0,19,1000000.0,0.0,Tornado,2,1000000.0
MO-EO-06-12,06-12,Matt Blunt,"Gov. Matt Blunt declares a State of Emergency and directs the Missouri State Emergency Operations Plan be activated in response to the severe weather that began on March 11, 2006. (Mar. 13)",2006-03-13,https://www.sos.mo.gov/library/reference/orders/2006/eo06_012,C,county/county-equivalent,225,WEBSTER,0,13,700000.0,0.0,"Hail, Tornado",5,700000.0
MO-EO-06-12,06-12,Matt Blunt,"Gov. Matt Blunt declares a State of Emergency and directs the Missouri State Emergency Operations Plan be activated in response to the severe weather that began on March 11, 2006. (Mar. 13)",2006-03-13,https://www.sos.mo.gov/library/reference/orders/2006/eo06_012,C,county/county-equivalent,195,SALINE,0,6,3152000.0,0.0,"Hail, Thunderstorm Wind, Tornado",7,3152000.0
MO-EO-06-12,06-12,Matt Blunt,"Gov. Matt Blunt declares a State of Emergency and directs the Missouri State Emergency Operations Plan be activated in response to the severe weather that began on March 11, 2006. (Mar. 13)",2006-03-13,https://www.sos.mo.gov/library/reference/orders/2006/eo06_012,C,county/county-equivalent,113,LINCOLN,0,6,2500000.0,0.0,"Hail, Tornado",4,2500000.0
MO-EO-06-12,06-12,Matt Blunt,"Gov. Matt Blunt declares a State of Emergency and directs the Missouri State Emergency Operations Plan be activated in response to the severe weather that began on March 11, 2006. (Mar. 13)",2006-03-13,https://www.sos.mo.gov/library/reference/orders/2006/eo06_012,C,county/county-equivalent,141,MORGAN,0,5,870000.0,0.0,"Hail, Thunderstorm Wind, Tornado",7,870000.0
MO-EO-06-12,06-12,Matt Blunt,"Gov. Matt Blunt declares a State of Emergency and directs the Missouri State Emergency Operations Plan be activated in response to the severe weather that began on March 11, 2006. (Mar. 13)",2006-03-13,https://www.sos.mo.gov/library/reference/orders/2006/eo06_012,C,county/county-equivalent,101,JOHNSON,0,4,2040000.0,0.0,"Hail, Thunderstorm Wind, Tornado",14,2040000.0
MO-EO-06-12,06-12,Matt Blunt,"Gov. Matt Blunt declares a State of Emergency and directs the Missouri State Emergency Operations Plan be activated in response to the severe weather that began on March 11, 2006. (Mar. 13)",2006-03-13,https://www.sos.mo.gov/library/reference/orders/2006/eo06_012,C,county/county-equivalent,77,GREENE,0,4,650000.0,0.0,"Hail, Tornado",17,650000.0
MO-EO-06-12,06-12,Matt Blunt,"Gov. Matt Blunt declares a State of Emergency and directs the Missouri State Emergency Operations Plan be activated in response to the severe weather that began on March 11, 2006. (Mar. 13)",2006-03-13,https://www.sos.mo.gov/library/reference/orders/2006/eo06_012,C,county/county-equivalent,43,CHRISTIAN,0,3,50000000.0,0.0,"Hail, Tornado",3,50000000.0
MO-EO-06-12,06-12,Matt Blunt,"Gov. Matt Blunt declares a State of Emergency and directs the Missouri State Emergency Operations Plan be activated in response to the severe weather that began on March 11, 2006. (Mar. 13)",2006-03-13,https://www.sos.mo.gov/library/reference/orders/2006/eo06_012,C,county/county-equivalent,217,VERNON,0,2,700000.0,0.0,Tornado,1,700000.0
MO-EO-06-12,06-12,Matt Blunt,"Gov. Matt Blunt declares a State of Emergency and directs the Missouri State Emergency Operations Plan be activated in response to the severe weather that began on March 11, 2006. (Mar. 13)",2006-03-13,https://www.sos.mo.gov/library/reference/orders/2006/eo06_012,C,county/county-equivalent,27,CALLAWAY,0,2,0.0,0.0,"Hail, Thunderstorm Wind, Tornado",12,0.0
MO-EO-06-12,06-12,Matt Blunt,"Gov. Matt Blunt declares a State of Emergency and directs the Missouri State Emergency Operations Plan be activated in response to the severe weather that began on March 11, 2006. (Mar. 13)",2006-03-13,https://www.sos.mo.gov/library/reference/orders/2006/eo06_012,C,county/county-equivalent,186,STE. GENEVIEVE,0,2,0.0,0.0,"Hail, Thunderstorm Wind, Tornado",4,0.0
MO-EO-06-12,06-12,Matt Blunt,"Gov. Matt Blunt declares a State of Emergency and directs the Missouri State Emergency Operations Plan be activated in response to the severe weather that began on March 11, 2006. (Mar. 13)",2006-03-13,https://www.sos.mo.gov/library/reference/orders/2006/eo06_012,C,county/county-equivalent,139,MONTGOMERY,0,1,1000000.0,0.0,"Hail, Tornado",5,1000000.0
MO-EO-06-12,06-12,Matt Blunt,"Gov. Matt Blunt declares a State of Emergency and directs the Missouri State Emergency Operations Plan be activated in response to the severe weather that began on March 11, 2006. (Mar. 13)",2006-03-13,https://www.sos.mo.gov/library/reference/orders/2006/eo06_012,C,county/county-equivalent,145,NEWTON,0,1,210000.0,0.0,"Hail, Tornado",8,210000.0
MO-EO-06-12,06-12,Matt Blunt,"Gov. Matt Blunt declares a State of Emergency and directs the Missouri State Emergency Operations Plan be activated in response to the severe weather that began on March 11, 2006. (Mar. 13)",2006-03-13,https://www.sos.mo.gov/library/reference/orders/2006/eo06_012,C,county/county-equivalent,95,JACKSON,0,0,1986000.0,0.0,"Hail, Thunderstorm Wind, Tornado",29,1986000.0
MO-EO-06-12,06-12,Matt Blunt,"Gov. Matt Blunt declares a State of Emergency and directs the Missouri State Emergency Operations Plan be activated in response to the severe weather that began on March 11, 2006. (Mar. 13)",2006-03-13,https://www.sos.mo.gov/library/reference/orders/2006/eo06_012,C,county/county-equivalent,47,CLAY,0,0,1930000.0,0.0,"Hail, Thunderstorm Wind",27,1930000.0
MO-EO-06-12,06-12,Matt Blunt,"Gov. Matt Blunt declares a State of Emergency and directs the Missouri State Emergency Operations Plan be activated in response to the severe weather that began on March 11, 2006. (Mar. 13)",2006-03-13,https://www.sos.mo.gov/library/reference/orders/2006/eo06_012,C,county/county-equivalent,165,PLATTE,0,0,1300000.0,0.0,Hail,12,1300000.0
MO-EO-06-12,06-12,Matt Blunt,"Gov. Matt Blunt declares a State of Emergency and directs the Missouri State Emergency Operations Plan be activated in response to the severe weather that began on March 11, 2006. (Mar. 13)",2006-03-13,https://www.sos.mo.gov/library/reference/orders/2006/eo06_012,C,county/county-equivalent,13,BATES,0,0,505000.0,0.0,"Hail, Tornado",10,505000.0
MO-EO-06-12,06-12,Matt Blunt,"Gov. Matt Blunt declares a State of Emergency and directs the Missouri State Emergency Operations Plan be activated in response to the severe weather that began on March 11, 2006. (Mar. 13)",2006-03-13,https://www.sos.mo.gov/library/reference/orders/2006/eo06_012,C,county/county-equivalent,213,TANEY,0,0,500000.0,0.0,"Hail, Thunderstorm Wind, Tornado",14,500000.0
MO-EO-06-12,06-12,Matt Blunt,"Gov. Matt Blunt declares a State of Emergency and directs the Missouri State Emergency Operations Plan be activated in response to the severe weather that began on March 11, 2006. (Mar. 13)",2006-03-13,https://www.sos.mo.gov/library/reference/orders/2006/eo06_012,C,county/county-equivalent,89,HOWARD,0,0,455000.0,0.0,"Hail, Thunderstorm Wind, Tornado",4,455000.0
MO-EO-06-12,06-12,Matt Blunt,"Gov. Matt Blunt declares a State of Emergency and directs the Missouri State Emergency Operations Plan be activated in response to the severe weather that began on March 11, 2006. (Mar. 13)",2006-03-13,https://www.sos.mo.gov/library/reference/orders/2006/eo06_012,C,county/county-equivalent,229,WRIGHT,0,0,450000.0,0.0,"Hail, Tornado",8,450000.0
MO-EO-06-12,06-12,Matt Blunt,"Gov. Matt Blunt declares a State of Emergency and directs the Missouri State Emergency Operations Plan be activated in response to the severe weather that began on March 11, 2006. (Mar. 13)",2006-03-13,https://www.sos.mo.gov/library/reference/orders/2006/eo06_012,C,county/county-equivalent,177,RAY,0,0,401000.0,0.0,"Hail, Thunderstorm Wind, Tornado",3,401000.0
MO-EO-06-12,06-12,Matt Blunt,"Gov. Matt Blunt declares a State of Emergency and directs the Missouri State Emergency Operations Plan be activated in response to the severe weather that began on March 11, 2006. (Mar. 13)",2006-03-13,https://www.sos.mo.gov/library/reference/orders/2006/eo06_012,C,county/county-equivalent,107,LAFAYETTE,0,0,325000.0,0.0,Hail,4,325000.0
MO-EO-06-12,06-12,Matt Blunt,"Gov. Matt Blunt declares a State of Emergency and directs the Missouri State Emergency Operations Plan be activated in response to the severe weather that began on March 11, 2006. (Mar. 13)",2006-03-13,https://www.sos.mo.gov/library/reference/orders/2006/eo06_012,C,county/county-equivalent,33,CARROLL,0,0,251000.0,0.0,"Thunderstorm Wind, Tornado",2,251000.0
MO-EO-06-12,06-12,Matt Blunt,"Gov. Matt Blunt declares a State of Emergency and directs the Missouri State Emergency Operations Plan be activated in response to the severe weather that began on March 11, 2006. (Mar. 13)",2006-03-13,https://www.sos.mo.gov/library/reference/orders/2006/eo06_012,C,county/county-equivalent,171,PUTNAM,0,0,200000.0,0.0,Thunderstorm Wind,1,200000.0
MO-EO-06-12,06-12,Matt Blunt,"Gov. Matt Blunt declares a State of Emergency and directs the Missouri State Emergency Operations Plan be activated in response to the severe weather that began on March 11, 2006. (Mar. 13)",2006-03-13,https://www.sos.mo.gov/library/reference/orders/2006/eo06_012,C,county/county-equivalent,15,BENTON,0,0,150000.0,0.0,Tornado,2,150000.0
MO-EO-06-12,06-12,Matt Blunt,"Gov. Matt Blunt declares a State of Emergency and directs the Missouri State Emergency Operations Plan be activated in response to the severe weather that began on March 11, 2006. (Mar. 13)",2006-03-13,https://www.sos.mo.gov/library/reference/orders/2006/eo06_012,C,county/county-equivalent,185,ST. CLAIR,0,0,150000.0,0.0,"Thunderstorm Wind, Tornado",2,150000.0
MO-EO-06-12,06-12,Matt Blunt,"Gov. Matt Blunt declares a State of Emergency and directs the Missouri State Emergency Operations Plan be activated in response to the severe weather that began on March 11, 2006. (Mar. 13)",2006-03-13,https://www.sos.mo.gov/library/reference/orders/2006/eo06_012,C,county/county-equivalent,37,CASS,0,0,85000.0,0.0,"Hail, Thunderstorm Wind, Tornado",18,85000.0
MO-EO-06-12,06-12,Matt Blunt,"Gov. Matt Blunt declares a State of Emergency and directs the Missouri State Emergency Operations Plan be activated in response to the severe weather that began on March 11, 2006. (Mar. 13)",2006-03-13,https://www.sos.mo.gov/library/reference/orders/2006/eo06_012,C,county/county-equivalent,105,LACLEDE,0,0,80000.0,0.0,"Hail, Tornado",7,80000.0
MO-EO-06-12,06-12,Matt Blunt,"Gov. Matt Blunt declares a State of Emergency and directs the Missouri State Emergency Operations Plan be activated in response to the severe weather that began on March 11, 2006. (Mar. 13)",2006-03-13,https://www.sos.mo.gov/library/reference/orders/2006/eo06_012,C,county/county-equivalent,199,SCOTLAND,0,0,55000.0,0.0,"Hail, Thunderstorm Wind, Tornado",6,55000.0
MO-EO-06-12,06-12,Matt Blunt,"Gov. Matt Blunt declares a State of Emergency and directs the Missouri State Emergency Operations Plan be activated in response to the severe weather that began on March 11, 2006. (Mar. 13)",2006-03-13,https://www.sos.mo.gov/library/reference/orders/2006/eo06_012,C,county/county-equivalent,61,DAVIESS,0,0,54000.0,0.0,"Hail, Thunderstorm Wind",10,54000.0
MO-EO-06-12,06-12,Matt Blunt,"Gov. Matt Blunt declares a State of Emergency and directs the Missouri State Emergency Operations Plan be activated in response to the severe weather that began on March 11, 2006. (Mar. 13)",2006-03-13,https://www.sos.mo.gov/library/reference/orders/2006/eo06_012,C,county/county-equivalent,67,DOUGLAS,0,0,15000.0,0.0,"Hail, Tornado",9,15000.0
MO-EO-06-12,06-12,Matt Blunt,"Gov. Matt Blunt declares a State of Emergency and directs the Missouri State Emergency Operations Plan be activated in response to the severe weather that began on March 11, 2006. (Mar. 13)",2006-03-13,https://www.sos.mo.gov/library/reference/orders/2006/eo06_012,C,county/county-equivalent,223,WAYNE,0,0,10000.0,0.0,"Hail, Thunderstorm Wind",3,10000.0
MO-EO-06-12,06-12,Matt Blunt,"Gov. Matt Blunt declares a State of Emergency and directs the Missouri State Emergency Operations Plan be activated in response to the severe weather that began on March 11, 2006. (Mar. 13)",2006-03-13,https://www.sos.mo.gov/library/reference/orders/2006/eo06_012,C,county/county-equivalent,53,COOPER,0,0,5000.0,0.0,"Hail, Tornado",3,5000.0
MO-EO-06-12,06-12,Matt Blunt,"Gov. Matt Blunt declares a State of Emergency and directs the Missouri State Emergency Operations Plan be activated in response to the severe weather that began on March 11, 2006. (Mar. 13)",2006-03-13,https://www.sos.mo.gov/library/reference/orders/2006/eo06_012,C,county/county-equivalent,65,DENT,0,0,5000.0,0.0,"Hail, Thunderstorm Wind",3,5000.0
MO-EO-06-12,06-12,Matt Blunt,"Gov. Matt Blunt declares a State of Emergency and directs the Missouri State Emergency Operations Plan be activated in response to the severe weather that began on March 11, 2006. (Mar. 13)",2006-03-13,https://www.sos.mo.gov/library/reference/orders/2006/eo06_012,C,county/county-equivalent,45,CLARK,0,0,1500.0,0.0,"Hail, Thunderstorm Wind, Tornado",3,1500.0
MO-EO-06-12,06-12,Matt Blunt,"Gov. Matt Blunt declares a State of Emergency and directs the Missouri State Emergency Operations Plan be activated in response to the severe weather that began on March 11, 2006. (Mar. 13)",2006-03-13,https://www.sos.mo.gov/library/reference/orders/2006/eo06_012,C,county/county-equivalent,25,CALDWELL,0,0,1000.0,0.0,"Hail, Thunderstorm Wind",5,1000.0
MO-EO-06-12,06-12,Matt Blunt,"Gov. Matt Blunt declares a State of Emergency and directs the Missouri State Emergency Operations Plan be activated in response to the severe weather that began on March 11, 2006. (Mar. 13)",2006-03-13,https://www.sos.mo.gov/library/reference/orders/2006/eo06_012,C,county/county-equivalent,5,ATCHISON,0,0,0.0,0.0,Hail,1,0.0
MO-EO-06-12,06-12,Matt Blunt,"Gov. Matt Blunt declares a State of Emergency and directs the Missouri State Emergency Operations Plan be activated in response to the severe weather that began on March 11, 2006. (Mar. 13)",2006-03-13,https://www.sos.mo.gov/library/reference/orders/2006/eo06_012,C,county/county-equivalent,7,AUDRAIN,0,0,0.0,0.0,"Hail, Tornado",9,0.0
MO-EO-06-12,06-12,Matt Blunt,"Gov. Matt Blunt declares a State of Emergency and directs the Missouri State Emergency Operations Plan be activated in response to the severe weather that began on March 11, 2006. (Mar. 13)",2006-03-13,https://www.sos.mo.gov/library/reference/orders/2006/eo06_012,C,county/county-equivalent,9,BARRY,0,0,0.0,0.0,Hail,9,0.0
MO-EO-06-12,06-12,Matt Blunt,"Gov. Matt Blunt declares a State of Emergency and directs the Missouri State Emergency Operations Plan be activated in response to the severe weather that began on March 11, 2006. (Mar. 13)",2006-03-13,https://www.sos.mo.gov/library/reference/orders/2006/eo06_012,C,county/county-equivalent,11,BARTON,0,0,0.0,0.0,"Hail, Thunderstorm Wind, Tornado",4,0.0
MO-EO-06-12,06-12,Matt Blunt,"Gov. Matt Blunt declares a State of Emergency and directs the Missouri State Emergency Operations Plan be activated in response to the severe weather that began on March 11, 2006. (Mar. 13)",2006-03-13,https://www.sos.mo.gov/library/reference/orders/2006/eo06_012,C,county/county-equivalent,17,BOLLINGER,0,0,0.0,0.0,Thunderstorm Wind,1,0.0
MO-EO-06-12,06-12,Matt Blunt,"Gov. Matt Blunt declares a State of Emergency and directs the Missouri State Emergency Operations Plan be activated in response to the severe weather that began on March 11, 2006. (Mar. 13)",2006-03-13,https://www.sos.mo.gov/library/reference/orders/2006/eo06_012,C,county/county-equivalent,19,BOONE,0,0,0.0,0.0,"Hail, Thunderstorm Wind",25,0.0
MO-EO-06-12,06-12,Matt Blunt,"Gov. Matt Blunt declares a State of Emergency and directs the Missouri State Emergency Operations Plan be activated in response to the severe weather that began on March 11, 2006. (Mar. 13)",2006-03-13,https://www.sos.mo.gov/library/reference/orders/2006/eo06_012,C,county/county-equivalent,21,BUCHANAN,0,0,0.0,0.0,Hail,4,0.0
MO-EO-06-12,06-12,Matt Blunt,"Gov. Matt Blunt declares a State of Emergency and directs the Missouri State Emergency Operations Plan be activated in response to the severe weather that began on March 11, 2006. (Mar. 13)",2006-03-13,https://www.sos.mo.gov/library/reference/orders/2006/eo06_012,C,county/county-equivalent,29,CAMDEN,0,0,0.0,0.0,Hail,1,0.0
MO-EO-06-12,06-12,Matt Blunt,"Gov. Matt Blunt declares a State of Emergency and directs the Missouri State Emergency Operations Plan be activated in response to the severe weather that began on March 11, 2006. (Mar. 13)",2006-03-13,https://www.sos.mo.gov/library/reference/orders/2006/eo06_012,C,county/county-equivalent,31,CAPE GIRARDEAU,0,0,0.0,0.0,Hail,3,0.0
MO-EO-06-12,06-12,Matt Blunt,"Gov. Matt Blunt declares a State of Emergency and directs the Missouri State Emergency Operations Plan be activated in response to the severe weather that began on March 11, 2006. (Mar. 13)",2006-03-13,https://www.sos.mo.gov/library/reference/orders/2006/eo06_012,C,county/county-equivalent,35,CARTER,0,0,0.0,0.0,"Hail, Thunderstorm Wind",2,0.0
MO-EO-06-12,06-12,Matt Blunt,"Gov. Matt Blunt declares a State of Emergency and directs the Missouri State Emergency Operations Plan be activated in response to the severe weather that began on March 11, 2006. (Mar. 13)",2006-03-13,https://www.sos.mo.gov/library/reference/orders/2006/eo06_012,C,county/county-equivalent,49,CLINTON,0,0,0.0,0.0,Hail,4,0.0
MO-EO-06-12,06-12,Matt Blunt,"Gov. Matt Blunt declares a State of Emergency and directs the Missouri State Emergency Operations Plan be activated in response to the severe weather that began on March 11, 2006. (Mar. 13)",2006-03-13,https://www.sos.mo.gov/library/reference/orders/2006/eo06_012,C,county/county-equivalent,51,COLE,0,0,0.0,0.0,Hail,1,0.0
MO-EO-06-12,06-12,Matt Blunt,"Gov. Matt Blunt declares a State of Emergency and directs the Missouri State Emergency Operations Plan be activated in response to the severe weather that began on March 11, 2006. (Mar. 13)",2006-03-13,https://www.sos.mo.gov/library/reference/orders/2006/eo06_012,C,county/county-equivalent,55,CRAWFORD,0,0,0.0,0.0,"Flash Flood, Hail",11,0.0
MO-EO-06-12,06-12,Matt Blunt,"Gov. Matt Blunt declares a State of Emergency and directs the Missouri State Emergency Operations Plan be activated in response to the severe weather that began on March 11, 2006. (Mar. 13)",2006-03-13,https://www.sos.mo.gov/library/reference/orders/2006/eo06_012,C,county/county-equivalent,57,DADE,0,0,0.0,0.0,"Hail, Tornado",4,0.0
MO-EO-06-12,06-12,Matt Blunt,"Gov. Matt Blunt declares a State of Emergency and directs the Missouri State Emergency Operations Plan be activated in response to the severe weather that began on March 11, 2006. (Mar. 13)",2006-03-13,https://www.sos.mo.gov/library/reference/orders/2006/eo06_012,C,county/county-equivalent,59,DALLAS,0,0,0.0,0.0,"Hail, Thunderstorm Wind",4,0.0
MO-EO-06-12,06-12,Matt Blunt,"Gov. Matt Blunt declares a State of Emergency and directs the Missouri State Emergency Operations Plan be activated in response to the severe weather that began on March 11, 2006. (Mar. 13)",2006-03-13,https://www.sos.mo.gov/library/reference/orders/2006/eo06_012,C,county/county-equivalent,71,FRANKLIN,0,0,0.0,0.0,"Hail, Thunderstorm Wind",2,0.0
MO-EO-06-12,06-12,Matt Blunt,"Gov. Matt Blunt declares a State of Emergency and directs the Missouri State Emergency Operations Plan be activated in response to the severe weather that began on March 11, 2006. (Mar. 13)",2006-03-13,https://www.sos.mo.gov/library/reference/orders/2006/eo06_012,C,county/county-equivalent,75,GENTRY,0,0,0.0,0.0,Hail,1,0.0
MO-EO-06-12,06-12,Matt Blunt,"Gov. Matt Blunt declares a State of Emergency and directs the Missouri State Emergency Operations Plan be activated in response to the severe weather that began on March 11, 2006. (Mar. 13)",2006-03-13,https://www.sos.mo.gov/library/reference/orders/2006/eo06_012,C,county/county-equivalent,79,GRUNDY,0,0,0.0,0.0,Hail,3,0.0
MO-EO-06-12,06-12,Matt Blunt,"Gov. Matt Blunt declares a State of Emergency and directs the Missouri State Emergency Operations Plan be activated in response to the severe weather that began on March 11, 2006. (Mar. 13)",2006-03-13,https://www.sos.mo.gov/library/reference/orders/2006/eo06_012,C,county/county-equivalent,87,HOLT,0,0,0.0,0.0,Hail,1,0.0
MO-EO-06-12,06-12,Matt Blunt,"Gov. Matt Blunt declares a State of Emergency and directs the Missouri State Emergency Operations Plan be activated in response to the severe weather that began on March 11, 2006. (Mar. 13)",2006-03-13,https://www.sos.mo.gov/library/reference/orders/2006/eo06_012,C,county/county-equivalent,91,HOWELL,0,0,0.0,0.0,Hail,6,0.0
MO-EO-06-12,06-12,Matt Blunt,"Gov. Matt Blunt declares a State of Emergency and directs the Missouri State Emergency Operations Plan be activated in response to the severe weather that began on March 11, 2006. (Mar. 13)",2006-03-13,https://www.sos.mo.gov/library/reference/orders/2006/eo06_012,C,county/county-equivalent,93,IRON,0,0,0.0,0.0,"Hail, Tornado",2,0.0
MO-EO-06-12,06-12,Matt Blunt,"Gov. Matt Blunt declares a State of Emergency and directs the Missouri State Emergency Operations Plan be activated in response to the severe weather that began on March 11, 2006. (Mar. 13)",2006-03-13,https://www.sos.mo.gov/library/reference/orders/2006/eo06_012,C,county/county-equivalent,97,JASPER,0,0,0.0,0.0,"Hail, Thunderstorm Wind",3,0.0
MO-EO-06-12,06-12,Matt Blunt,"Gov. Matt Blunt declares a State of Emergency and directs the Missouri State Emergency Operations Plan be activated in response to the severe weather that began on March 11, 2006. (Mar. 13)",2006-03-13,https://www.sos.mo.gov/library/reference/orders/2006/eo06_012,C,county/county-equivalent,99,JEFFERSON,0,0,0.0,0.0,"Flash Flood, Hail, Tornado",6,0.0
MO-EO-06-12,06-12,Matt Blunt,"Gov. Matt Blunt declares a State of Emergency and directs the Missouri State Emergency Operations Plan be activated in response to the severe weather that began on March 11, 2006. (Mar. 13)",2006-03-13,https://www.sos.mo.gov/library/reference/orders/2006/eo06_012,C,county/county-equivalent,115,LINN,0,0,0.0,0.0,Hail,1,0.0
MO-EO-06-12,06-12,Matt Blunt,"Gov. Matt Blunt declares a State of Emergency and directs the Missouri State Emergency Operations Plan be activated in response to the severe weather that began on March 11, 2006. (Mar. 13)",2006-03-13,https://www.sos.mo.gov/library/reference/orders/2006/eo06_012,C,county/county-equivalent,117,LIVINGSTON,0,0,0.0,0.0,Hail,1,0.0
MO-EO-06-12,06-12,Matt Blunt,"Gov. Matt Blunt declares a State of Emergency and directs the Missouri State Emergency Operations Plan be activated in response to the severe weather that began on March 11, 2006. (Mar. 13)",2006-03-13,https://www.sos.mo.gov/library/reference/orders/2006/eo06_012,C,county/county-equivalent,119,MCDONALD,0,0,0.0,0.0,Hail,7,0.0
MO-EO-06-12,06-12,Matt Blunt,"Gov. Matt Blunt declares a State of Emergency and directs the Missouri State Emergency Operations Plan be activated in response to the severe weather that began on March 11, 2006. (Mar. 13)",2006-03-13,https://www.sos.mo.gov/library/reference/orders/2006/eo06_012,C,county/county-equivalent,121,MACON,0,0,0.0,0.0,Thunderstorm Wind,1,0.0
MO-EO-06-12,06-12,Matt Blunt,"Gov. Matt Blunt declares a State of Emergency and directs the Missouri State Emergency Operations Plan be activated in response to the severe weather that began on March 11, 2006. (Mar. 13)",2006-03-13,https://www.sos.mo.gov/library/reference/orders/2006/eo06_012,C,county/county-equivalent,123,MADISON,0,0,0.0,0.0,"Hail, Tornado",6,0.0
MO-EO-06-12,06-12,Matt Blunt,"Gov. Matt Blunt declares a State of Emergency and directs the Missouri State Emergency Operations Plan be activated in response to the severe weather that began on March 11, 2006. (Mar. 13)",2006-03-13,https://www.sos.mo.gov/library/reference/orders/2006/eo06_012,C,county/county-equivalent,127,MARION,0,0,0.0,0.0,Hail,5,0.0
MO-EO-06-12,06-12,Matt Blunt,"Gov. Matt Blunt declares a State of Emergency and directs the Missouri State Emergency Operations Plan be activated in response to the severe weather that began on March 11, 2006. (Mar. 13)",2006-03-13,https://www.sos.mo.gov/library/reference/orders/2006/eo06_012,C,county/county-equivalent,135,MONITEAU,0,0,0.0,0.0,"Hail, Thunderstorm Wind",3,0.0
MO-EO-06-12,06-12,Matt Blunt,"Gov. Matt Blunt declares a State of Emergency and directs the Missouri State Emergency Operations Plan be activated in response to the severe weather that began on March 11, 2006. (Mar. 13)",2006-03-13,https://www.sos.mo.gov/library/reference/orders/2006/eo06_012,C,county/county-equivalent,137,MONROE,0,0,0.0,0.0,"Hail, Thunderstorm Wind, Tornado",10,0.0
MO-EO-06-12,06-12,Matt Blunt,"Gov. Matt Blunt declares a State of Emergency and directs the Missouri State Emergency Operations Plan be activated in response to the severe weather that began on March 11, 2006. (Mar. 13)",2006-03-13,https://www.sos.mo.gov/library/reference/orders/2006/eo06_012,C,county/county-equivalent,147,NODAWAY,0,0,0.0,0.0,Hail,2,0.0
MO-EO-06-12,06-12,Matt Blunt,"Gov. Matt Blunt declares a State of Emergency and directs the Missouri State Emergency Operations Plan be activated in response to the severe weather that began on March 11, 2006. (Mar. 13)",2006-03-13,https://www.sos.mo.gov/library/reference/orders/2006/eo06_012,C,county/county-equivalent,149,OREGON,0,0,0.0,0.0,"Hail, Thunderstorm Wind",2,0.0
MO-EO-06-12,06-12,Matt Blunt,"Gov. Matt Blunt declares a State of Emergency and directs the Missouri State Emergency Operations Plan be activated in response to the severe weather that began on March 11, 2006. (Mar. 13)",2006-03-13,https://www.sos.mo.gov/library/reference/orders/2006/eo06_012,C,county/county-equivalent,151,OSAGE,0,0,0.0,0.0,Tornado,2,0.0
MO-EO-06-12,06-12,Matt Blunt,"Gov. Matt Blunt declares a State of Emergency and directs the Missouri State Emergency Operations Plan be activated in response to the severe weather that began on March 11, 2006. (Mar. 13)",2006-03-13,https://www.sos.mo.gov/library/reference/orders/2006/eo06_012,C,county/county-equivalent,153,OZARK,0,0,0.0,0.0,"Hail, Thunderstorm Wind",7,0.0
MO-EO-06-12,06-12,Matt Blunt,"Gov. Matt Blunt declares a State of Emergency and directs the Missouri State Emergency Operations Plan be activated in response to the severe weather that began on March 11, 2006. (Mar. 13)",2006-03-13,https://www.sos.mo.gov/library/reference/orders/2006/eo06_012,C,county/county-equivalent,161,PHELPS,0,0,0.0,0.0,"Hail, Thunderstorm Wind, Tornado",8,0.0
MO-EO-06-12,06-12,Matt Blunt,"Gov. Matt Blunt declares a State of Emergency and directs the Missouri State Emergency Operations Plan be activated in response to the severe weather that began on March 11, 2006. (Mar. 13)",2006-03-13,https://www.sos.mo.gov/library/reference/orders/2006/eo06_012,C,county/county-equivalent,163,PIKE,0,0,0.0,0.0,"Hail, Thunderstorm Wind, Tornado",9,0.0
MO-EO-06-12,06-12,Matt Blunt,"Gov. Matt Blunt declares a State of Emergency and directs the Missouri State Emergency Operations Plan be activated in response to the severe weather that began on March 11, 2006. (Mar. 13)",2006-03-13,https://www.sos.mo.gov/library/reference/orders/2006/eo06_012,C,county/county-equivalent,167,POLK,0,0,0.0,0.0,"Hail, Tornado",10,0.0
MO-EO-06-12,06-12,Matt Blunt,"Gov. Matt Blunt declares a State of Emergency and directs the Missouri State Emergency Operations Plan be activated in response to the severe weather that began on March 11, 2006. (Mar. 13)",2006-03-13,https://www.sos.mo.gov/library/reference/orders/2006/eo06_012,C,county/county-equivalent,169,PULASKI,0,0,0.0,0.0,Hail,1,0.0
MO-EO-06-12,06-12,Matt Blunt,"Gov. Matt Blunt declares a State of Emergency and directs the Missouri State Emergency Operations Plan be activated in response to the severe weather that began on March 11, 2006. (Mar. 13)",2006-03-13,https://www.sos.mo.gov/library/reference/orders/2006/eo06_012,C,county/county-equivalent,173,RALLS,0,0,0.0,0.0,"Hail, Tornado",6,0.0
MO-EO-06-12,06-12,Matt Blunt,"Gov. Matt Blunt declares a State of Emergency and directs the Missouri State Emergency Operations Plan be activated in response to the severe weather that began on March 11, 2006. (Mar. 13)",2006-03-13,https://www.sos.mo.gov/library/reference/orders/2006/eo06_012,C,county/county-equivalent,179,REYNOLDS,0,0,0.0,0.0,"Hail, Tornado",2,0.0
MO-EO-06-12,06-12,Matt Blunt,"Gov. Matt Blunt declares a State of Emergency and directs the Missouri State Emergency Operations Plan be activated in response to the severe weather that began on March 11, 2006. (Mar. 13)",2006-03-13,https://www.sos.mo.gov/library/reference/orders/2006/eo06_012,C,county/county-equivalent,183,ST. CHARLES,0,0,0.0,0.0,Hail,3,0.0
MO-EO-06-12,06-12,Matt Blunt,"Gov. Matt Blunt declares a State of Emergency and directs the Missouri State Emergency Operations Plan be activated in response to the severe weather that began on March 11, 2006. (Mar. 13)",2006-03-13,https://www.sos.mo.gov/library/reference/orders/2006/eo06_012,C,county/county-equivalent,187,ST. FRANCOIS,0,0,0.0,0.0,"Flash Flood, Hail, Tornado",4,0.0
MO-EO-06-12,06-12,Matt Blunt,"Gov. Matt Blunt declares a State of Emergency and directs the Missouri State Emergency Operations Plan be activated in response to the severe weather that began on March 11, 2006. (Mar. 13)",2006-03-13,https://www.sos.mo.gov/library/reference/orders/2006/eo06_012,C,county/county-equivalent,189,ST. LOUIS,0,0,0.0,0.0,Hail,6,0.0
MO-EO-06-12,06-12,Matt Blunt,"Gov. Matt Blunt declares a State of Emergency and directs the Missouri State Emergency Operations Plan be activated in response to the severe weather that began on March 11, 2006. (Mar. 13)",2006-03-13,https://www.sos.mo.gov/library/reference/orders/2006/eo06_012,C,county/county-equivalent,203,SHANNON,0,0,0.0,0.0,"Hail, Thunderstorm Wind",4,0.0
MO-EO-06-12,06-12,Matt Blunt,"Gov. Matt Blunt declares a State of Emergency and directs the Missouri State Emergency Operations Plan be activated in response to the severe weather that began on March 11, 2006. (Mar. 13)",2006-03-13,https://www.sos.mo.gov/library/reference/orders/2006/eo06_012,C,county/county-equivalent,205,SHELBY,0,0,0.0,0.0,Hail,1,0.0
MO-EO-06-12,06-12,Matt Blunt,"Gov. Matt Blunt declares a State of Emergency and directs the Missouri State Emergency Operations Plan be activated in response to the severe weather that began on March 11, 2006. (Mar. 13)",2006-03-13,https://www.sos.mo.gov/library/reference/orders/2006/eo06_012,C,county/county-equivalent,209,STONE,0,0,0.0,0.0,"Hail, Tornado",2,0.0
MO-EO-06-12,06-12,Matt Blunt,"Gov. Matt Blunt declares a State of Emergency and directs the Missouri State Emergency Operations Plan be activated in response to the severe weather that began on March 11, 2006. (Mar. 13)",2006-03-13,https://www.sos.mo.gov/library/reference/orders/2006/eo06_012,C,county/county-equivalent,215,TEXAS,0,0,0.0,0.0,"Hail, Thunderstorm Wind",6,0.0
MO-EO-06-12,06-12,Matt Blunt,"Gov. Matt Blunt declares a State of Emergency and directs the Missouri State Emergency Operations Plan be activated in response to the severe weather that began on March 11, 2006. (Mar. 13)",2006-03-13,https://www.sos.mo.gov/library/reference/orders/2006/eo06_012,C,county/county-equivalent,219,WARREN,0,0,0.0,0.0,Tornado,1,0.0
MO-EO-06-12,06-12,Matt Blunt,"Gov. Matt Blunt declares a State of Emergency and directs the Missouri State Emergency Operations Plan be activated in response to the severe weather that began on March 11, 2006. (Mar. 13)",2006-03-13,https://www.sos.mo.gov/library/reference/orders/2006/eo06_012,C,county/county-equivalent,221,WASHINGTON,0,0,0.0,0.0,"Flash Flood, Hail",10,0.0
MO-EO-06-12,06-12,Matt Blunt,"Gov. Matt Blunt declares a State of Emergency and directs the Missouri State Emergency Operations Plan be activated in response to the severe weather that began on March 11, 2006. (Mar. 13)",2006-03-13,https://www.sos.mo.gov/library/reference/orders/2006/eo06_012,C,county/county-equivalent,510,ST. LOUIS (C),0,0,0.0,0.0,Hail,1,0.0
MO-EO-06-14,06-14,Matt Blunt,"Gov. Matt Blunt declares a State of Emergency and directs the Missouri State Emergency Operations Plan be activated in response to severe weather that began on April 2, 2006. (Apr. 3)",2006-04-03,https://www.sos.mo.gov/library/reference/orders/2006/eo06_014,C,county/county-equivalent,155,PEMISCOT,2,130,60001000.0,0.0,"Hail, Tornado",2,60001000.0
MO-EO-06-14,06-14,Matt Blunt,"Gov. Matt Blunt declares a State of Emergency and directs the Missouri State Emergency Operations Plan be activated in response to severe weather that began on April 2, 2006. (Apr. 3)",2006-04-03,https://www.sos.mo.gov/library/reference/orders/2006/eo06_014,C,county/county-equivalent,207,STODDARD,1,1,400000.0,0.0,"Hail, Thunderstorm Wind",4,400000.0
MO-EO-06-14,06-14,Matt Blunt,"Gov. Matt Blunt declares a State of Emergency and directs the Missouri State Emergency Operations Plan be activated in response to severe weather that began on April 2, 2006. (Apr. 3)",2006-04-03,https://www.sos.mo.gov/library/reference/orders/2006/eo06_014,C,county/county-equivalent,189,ST. LOUIS,1,1,0.0,0.0,Thunderstorm Wind,12,0.0
MO-EO-06-14,06-14,Matt Blunt,"Gov. Matt Blunt declares a State of Emergency and directs the Missouri State Emergency Operations Plan be activated in response to severe weather that began on April 2, 2006. (Apr. 3)",2006-04-03,https://www.sos.mo.gov/library/reference/orders/2006/eo06_014,C,county/county-equivalent,69,DUNKLIN,0,0,1535000.0,0.0,"Hail, Thunderstorm Wind, Tornado",3,1535000.0
MO-EO-06-14,06-14,Matt Blunt,"Gov. Matt Blunt declares a State of Emergency and directs the Missouri State Emergency Operations Plan be activated in response to severe weather that began on April 2, 2006. (Apr. 3)",2006-04-03,https://www.sos.mo.gov/library/reference/orders/2006/eo06_014,C,county/county-equivalent,23,BUTLER,0,0,350000.0,0.0,Thunderstorm Wind,1,350000.0
MO-EO-06-14,06-14,Matt Blunt,"Gov. Matt Blunt declares a State of Emergency and directs the Missouri State Emergency Operations Plan be activated in response to severe weather that began on April 2, 2006. (Apr. 3)",2006-04-03,https://www.sos.mo.gov/library/reference/orders/2006/eo06_014,C,county/county-equivalent,31,CAPE GIRARDEAU,0,0,252000.0,0.0,"Hail, Thunderstorm Wind",3,252000.0
MO-EO-06-14,06-14,Matt Blunt,"Gov. Matt Blunt declares a State of Emergency and directs the Missouri State Emergency Operations Plan be activated in response to severe weather that began on April 2, 2006. (Apr. 3)",2006-04-03,https://www.sos.mo.gov/library/reference/orders/2006/eo06_014,C,county/county-equivalent,97,JASPER,0,0,100000.0,0.0,"Thunderstorm Wind, Tornado",3,100000.0
MO-EO-06-14,06-14,Matt Blunt,"Gov. Matt Blunt declares a State of Emergency and directs the Missouri State Emergency Operations Plan be activated in response to severe weather that began on April 2, 2006. (Apr. 3)",2006-04-03,https://www.sos.mo.gov/library/reference/orders/2006/eo06_014,C,county/county-equivalent,157,PERRY,0,0,80000.0,0.0,"Hail, Thunderstorm Wind",2,80000.0
MO-EO-06-14,06-14,Matt Blunt,"Gov. Matt Blunt declares a State of Emergency and directs the Missouri State Emergency Operations Plan be activated in response to severe weather that began on April 2, 2006. (Apr. 3)",2006-04-03,https://www.sos.mo.gov/library/reference/orders/2006/eo06_014,C,county/county-equivalent,101,JOHNSON,0,0,25000.0,0.0,Thunderstorm Wind,2,25000.0
MO-EO-06-14,06-14,Matt Blunt,"Gov. Matt Blunt declares a State of Emergency and directs the Missouri State Emergency Operations Plan be activated in response to severe weather that began on April 2, 2006. (Apr. 3)",2006-04-03,https://www.sos.mo.gov/library/reference/orders/2006/eo06_014,C,county/county-equivalent,45,CLARK,0,0,23500.0,0.0,"Hail, Thunderstorm Wind",4,23500.0
MO-EO-06-14,06-14,Matt Blunt,"Gov. Matt Blunt declares a State of Emergency and directs the Missouri State Emergency Operations Plan be activated in response to severe weather that began on April 2, 2006. (Apr. 3)",2006-04-03,https://www.sos.mo.gov/library/reference/orders/2006/eo06_014,C,county/county-equivalent,201,SCOTT,0,0,20000.0,0.0,"Hail, Tornado",2,20000.0
MO-EO-06-14,06-14,Matt Blunt,"Gov. Matt Blunt declares a State of Emergency and directs the Missouri State Emergency Operations Plan be activated in response to severe weather that began on April 2, 2006. (Apr. 3)",2006-04-03,https://www.sos.mo.gov/library/reference/orders/2006/eo06_014,C,county/county-equivalent,91,HOWELL,0,0,15000.0,0.0,"Hail, Thunderstorm Wind",6,15000.0
MO-EO-06-14,06-14,Matt Blunt,"Gov. Matt Blunt declares a State of Emergency and directs the Missouri State Emergency Operations Plan be activated in response to severe weather that began on April 2, 2006. (Apr. 3)",2006-04-03,https://www.sos.mo.gov/library/reference/orders/2006/eo06_014,C,county/county-equivalent,131,MILLER,0,0,5000.0,0.0,Thunderstorm Wind,2,5000.0
MO-EO-06-14,06-14,Matt Blunt,"Gov. Matt Blunt declares a State of Emergency and directs the Missouri State Emergency Operations Plan be activated in response to severe weather that began on April 2, 2006. (Apr. 3)",2006-04-03,https://www.sos.mo.gov/library/reference/orders/2006/eo06_014,C,county/county-equivalent,203,SHANNON,0,0,5000.0,0.0,"Hail, Thunderstorm Wind",5,5000.0
MO-EO-06-14,06-14,Matt Blunt,"Gov. Matt Blunt declares a State of Emergency and directs the Missouri State Emergency Operations Plan be activated in response to severe weather that began on April 2, 2006. (Apr. 3)",2006-04-03,https://www.sos.mo.gov/library/reference/orders/2006/eo06_014,C,county/county-equivalent,223,WAYNE,0,0,4000.0,0.0,"Hail, Thunderstorm Wind",3,4000.0
MO-EO-06-14,06-14,Matt Blunt,"Gov. Matt Blunt declares a State of Emergency and directs the Missouri State Emergency Operations Plan be activated in response to severe weather that began on April 2, 2006. (Apr. 3)",2006-04-03,https://www.sos.mo.gov/library/reference/orders/2006/eo06_014,C,county/county-equivalent,199,SCOTLAND,0,0,2500.0,0.0,Hail,2,2500.0
MO-EO-06-14,06-14,Matt Blunt,"Gov. Matt Blunt declares a State of Emergency and directs the Missouri State Emergency Operations Plan be activated in response to severe weather that began on April 2, 2006. (Apr. 3)",2006-04-03,https://www.sos.mo.gov/library/reference/orders/2006/eo06_014,C,county/county-equivalent,65,DENT,0,0,1000.0,0.0,Thunderstorm Wind,3,1000.0
MO-EO-06-14,06-14,Matt Blunt,"Gov. Matt Blunt declares a State of Emergency and directs the Missouri State Emergency Operations Plan be activated in response to severe weather that began on April 2, 2006. (Apr. 3)",2006-04-03,https://www.sos.mo.gov/library/reference/orders/2006/eo06_014,C,county/county-equivalent,7,AUDRAIN,0,0,0.0,0.0,Hail,1,0.0
MO-EO-06-14,06-14,Matt Blunt,"Gov. Matt Blunt declares a State of Emergency and directs the Missouri State Emergency Operations Plan be activated in response to severe weather that began on April 2, 2006. (Apr. 3)",2006-04-03,https://www.sos.mo.gov/library/reference/orders/2006/eo06_014,C,county/county-equivalent,9,BARRY,0,0,0.0,0.0,"Hail, Thunderstorm Wind",2,0.0
MO-EO-06-14,06-14,Matt Blunt,"Gov. Matt Blunt declares a State of Emergency and directs the Missouri State Emergency Operations Plan be activated in response to severe weather that began on April 2, 2006. (Apr. 3)",2006-04-03,https://www.sos.mo.gov/library/reference/orders/2006/eo06_014,C,county/county-equivalent,11,BARTON,0,0,0.0,0.0,Thunderstorm Wind,2,0.0
MO-EO-06-14,06-14,Matt Blunt,"Gov. Matt Blunt declares a State of Emergency and directs the Missouri State Emergency Operations Plan be activated in response to severe weather that began on April 2, 2006. (Apr. 3)",2006-04-03,https://www.sos.mo.gov/library/reference/orders/2006/eo06_014,C,county/county-equivalent,15,BENTON,0,0,0.0,0.0,Hail,1,0.0
MO-EO-06-14,06-14,Matt Blunt,"Gov. Matt Blunt declares a State of Emergency and directs the Missouri State Emergency Operations Plan be activated in response to severe weather that began on April 2, 2006. (Apr. 3)",2006-04-03,https://www.sos.mo.gov/library/reference/orders/2006/eo06_014,C,county/county-equivalent,17,BOLLINGER,0,0,0.0,0.0,"Hail, Thunderstorm Wind",2,0.0
MO-EO-06-14,06-14,Matt Blunt,"Gov. Matt Blunt declares a State of Emergency and directs the Missouri State Emergency Operations Plan be activated in response to severe weather that began on April 2, 2006. (Apr. 3)",2006-04-03,https://www.sos.mo.gov/library/reference/orders/2006/eo06_014,C,county/county-equivalent,19,BOONE,0,0,0.0,0.0,Hail,1,0.0
MO-EO-06-14,06-14,Matt Blunt,"Gov. Matt Blunt declares a State of Emergency and directs the Missouri State Emergency Operations Plan be activated in response to severe weather that began on April 2, 2006. (Apr. 3)",2006-04-03,https://www.sos.mo.gov/library/reference/orders/2006/eo06_014,C,county/county-equivalent,27,CALLAWAY,0,0,0.0,0.0,Hail,5,0.0
MO-EO-06-14,06-14,Matt Blunt,"Gov. Matt Blunt declares a State of Emergency and directs the Missouri State Emergency Operations Plan be activated in response to severe weather that began on April 2, 2006. (Apr. 3)",2006-04-03,https://www.sos.mo.gov/library/reference/orders/2006/eo06_014,C,county/county-equivalent,35,CARTER,0,0,0.0,0.0,Hail,2,0.0
MO-EO-06-14,06-14,Matt Blunt,"Gov. Matt Blunt declares a State of Emergency and directs the Missouri State Emergency Operations Plan be activated in response to severe weather that began on April 2, 2006. (Apr. 3)",2006-04-03,https://www.sos.mo.gov/library/reference/orders/2006/eo06_014,C,county/county-equivalent,43,CHRISTIAN,0,0,0.0,0.0,"Hail, Thunderstorm Wind",12,0.0
MO-EO-06-14,06-14,Matt Blunt,"Gov. Matt Blunt declares a State of Emergency and directs the Missouri State Emergency Operations Plan be activated in response to severe weather that began on April 2, 2006. (Apr. 3)",2006-04-03,https://www.sos.mo.gov/library/reference/orders/2006/eo06_014,C,county/county-equivalent,53,COOPER,0,0,0.0,0.0,Hail,4,0.0
MO-EO-06-14,06-14,Matt Blunt,"Gov. Matt Blunt declares a State of Emergency and directs the Missouri State Emergency Operations Plan be activated in response to severe weather that began on April 2, 2006. (Apr. 3)",2006-04-03,https://www.sos.mo.gov/library/reference/orders/2006/eo06_014,C,county/county-equivalent,55,CRAWFORD,0,0,0.0,0.0,Hail,4,0.0
MO-EO-06-14,06-14,Matt Blunt,"Gov. Matt Blunt declares a State of Emergency and directs the Missouri State Emergency Operations Plan be activated in response to severe weather that began on April 2, 2006. (Apr. 3)",2006-04-03,https://www.sos.mo.gov/library/reference/orders/2006/eo06_014,C,county/county-equivalent,57,DADE,0,0,0.0,0.0,Thunderstorm Wind,1,0.0
MO-EO-06-14,06-14,Matt Blunt,"Gov. Matt Blunt declares a State of Emergency and directs the Missouri State Emergency Operations Plan be activated in response to severe weather that began on April 2, 2006. (Apr. 3)",2006-04-03,https://www.sos.mo.gov/library/reference/orders/2006/eo06_014,C,county/county-equivalent,67,DOUGLAS,0,0,0.0,0.0,Hail,7,0.0
MO-EO-06-14,06-14,Matt Blunt,"Gov. Matt Blunt declares a State of Emergency and directs the Missouri State Emergency Operations Plan be activated in response to severe weather that began on April 2, 2006. (Apr. 3)",2006-04-03,https://www.sos.mo.gov/library/reference/orders/2006/eo06_014,C,county/county-equivalent,71,FRANKLIN,0,0,0.0,0.0,"Hail, Thunderstorm Wind",7,0.0
MO-EO-06-14,06-14,Matt Blunt,"Gov. Matt Blunt declares a State of Emergency and directs the Missouri State Emergency Operations Plan be activated in response to severe weather that began on April 2, 2006. (Apr. 3)",2006-04-03,https://www.sos.mo.gov/library/reference/orders/2006/eo06_014,C,county/county-equivalent,73,GASCONADE,0,0,0.0,0.0,Hail,5,0.0
MO-EO-06-14,06-14,Matt Blunt,"Gov. Matt Blunt declares a State of Emergency and directs the Missouri State Emergency Operations Plan be activated in response to severe weather that began on April 2, 2006. (Apr. 3)",2006-04-03,https://www.sos.mo.gov/library/reference/orders/2006/eo06_014,C,county/county-equivalent,77,GREENE,0,0,0.0,0.0,Hail,1,0.0
MO-EO-06-14,06-14,Matt Blunt,"Gov. Matt Blunt declares a State of Emergency and directs the Missouri State Emergency Operations Plan be activated in response to severe weather that began on April 2, 2006. (Apr. 3)",2006-04-03,https://www.sos.mo.gov/library/reference/orders/2006/eo06_014,C,county/county-equivalent,85,HICKORY,0,0,0.0,0.0,Thunderstorm Wind,1,0.0
MO-EO-06-14,06-14,Matt Blunt,"Gov. Matt Blunt declares a State of Emergency and directs the Missouri State Emergency Operations Plan be activated in response to severe weather that began on April 2, 2006. (Apr. 3)",2006-04-03,https://www.sos.mo.gov/library/reference/orders/2006/eo06_014,C,county/county-equivalent,93,IRON,0,0,0.0,0.0,"Hail, Thunderstorm Wind",2,0.0
MO-EO-06-14,06-14,Matt Blunt,"Gov. Matt Blunt declares a State of Emergency and directs the Missouri State Emergency Operations Plan be activated in response to severe weather that began on April 2, 2006. (Apr. 3)",2006-04-03,https://www.sos.mo.gov/library/reference/orders/2006/eo06_014,C,county/county-equivalent,99,JEFFERSON,0,0,0.0,0.0,"Hail, Thunderstorm Wind",5,0.0
MO-EO-06-14,06-14,Matt Blunt,"Gov. Matt Blunt declares a State of Emergency and directs the Missouri State Emergency Operations Plan be activated in response to severe weather that began on April 2, 2006. (Apr. 3)",2006-04-03,https://www.sos.mo.gov/library/reference/orders/2006/eo06_014,C,county/county-equivalent,105,LACLEDE,0,0,0.0,0.0,"Hail, Thunderstorm Wind",9,0.0
MO-EO-06-14,06-14,Matt Blunt,"Gov. Matt Blunt declares a State of Emergency and directs the Missouri State Emergency Operations Plan be activated in response to severe weather that began on April 2, 2006. (Apr. 3)",2006-04-03,https://www.sos.mo.gov/library/reference/orders/2006/eo06_014,C,county/county-equivalent,107,LAFAYETTE,0,0,0.0,0.0,Thunderstorm Wind,1,0.0
MO-EO-06-14,06-14,Matt Blunt,"Gov. Matt Blunt declares a State of Emergency and directs the Missouri State Emergency Operations Plan be activated in response to severe weather that began on April 2, 2006. (Apr. 3)",2006-04-03,https://www.sos.mo.gov/library/reference/orders/2006/eo06_014,C,county/county-equivalent,109,LAWRENCE,0,0,0.0,0.0,Thunderstorm Wind,1,0.0
MO-EO-06-14,06-14,Matt Blunt,"Gov. Matt Blunt declares a State of Emergency and directs the Missouri State Emergency Operations Plan be activated in response to severe weather that began on April 2, 2006. (Apr. 3)",2006-04-03,https://www.sos.mo.gov/library/reference/orders/2006/eo06_014,C,county/county-equivalent,111,LEWIS,0,0,0.0,0.0,Hail,1,0.0
MO-EO-06-14,06-14,Matt Blunt,"Gov. Matt Blunt declares a State of Emergency and directs the Missouri State Emergency Operations Plan be activated in response to severe weather that began on April 2, 2006. (Apr. 3)",2006-04-03,https://www.sos.mo.gov/library/reference/orders/2006/eo06_014,C,county/county-equivalent,113,LINCOLN,0,0,0.0,0.0,Thunderstorm Wind,1,0.0
MO-EO-06-14,06-14,Matt Blunt,"Gov. Matt Blunt declares a State of Emergency and directs the Missouri State Emergency Operations Plan be activated in response to severe weather that began on April 2, 2006. (Apr. 3)",2006-04-03,https://www.sos.mo.gov/library/reference/orders/2006/eo06_014,C,county/county-equivalent,115,LINN,0,0,0.0,0.0,Hail,1,0.0
MO-EO-06-14,06-14,Matt Blunt,"Gov. Matt Blunt declares a State of Emergency and directs the Missouri State Emergency Operations Plan be activated in response to severe weather that began on April 2, 2006. (Apr. 3)",2006-04-03,https://www.sos.mo.gov/library/reference/orders/2006/eo06_014,C,county/county-equivalent,121,MACON,0,0,0.0,0.0,"Hail, Thunderstorm Wind",3,0.0
MO-EO-06-14,06-14,Matt Blunt,"Gov. Matt Blunt declares a State of Emergency and directs the Missouri State Emergency Operations Plan be activated in response to severe weather that began on April 2, 2006. (Apr. 3)",2006-04-03,https://www.sos.mo.gov/library/reference/orders/2006/eo06_014,C,county/county-equivalent,123,MADISON,0,0,0.0,0.0,Hail,2,0.0
MO-EO-06-14,06-14,Matt Blunt,"Gov. Matt Blunt declares a State of Emergency and directs the Missouri State Emergency Operations Plan be activated in response to severe weather that began on April 2, 2006. (Apr. 3)",2006-04-03,https://www.sos.mo.gov/library/reference/orders/2006/eo06_014,C,county/county-equivalent,125,MARIES,0,0,0.0,0.0,"Hail, Thunderstorm Wind",3,0.0
MO-EO-06-14,06-14,Matt Blunt,"Gov. Matt Blunt declares a State of Emergency and directs the Missouri State Emergency Operations Plan be activated in response to severe weather that began on April 2, 2006. (Apr. 3)",2006-04-03,https://www.sos.mo.gov/library/reference/orders/2006/eo06_014,C,county/county-equivalent,127,MARION,0,0,0.0,0.0,"Hail, Thunderstorm Wind",6,0.0
MO-EO-06-14,06-14,Matt Blunt,"Gov. Matt Blunt declares a State of Emergency and directs the Missouri State Emergency Operations Plan be activated in response to severe weather that began on April 2, 2006. (Apr. 3)",2006-04-03,https://www.sos.mo.gov/library/reference/orders/2006/eo06_014,C,county/county-equivalent,135,MONITEAU,0,0,0.0,0.0,"Hail, Thunderstorm Wind",3,0.0
MO-EO-06-14,06-14,Matt Blunt,"Gov. Matt Blunt declares a State of Emergency and directs the Missouri State Emergency Operations Plan be activated in response to severe weather that began on April 2, 2006. (Apr. 3)",2006-04-03,https://www.sos.mo.gov/library/reference/orders/2006/eo06_014,C,county/county-equivalent,139,MONTGOMERY,0,0,0.0,0.0,Hail,4,0.0
MO-EO-06-14,06-14,Matt Blunt,"Gov. Matt Blunt declares a State of Emergency and directs the Missouri State Emergency Operations Plan be activated in response to severe weather that began on April 2, 2006. (Apr. 3)",2006-04-03,https://www.sos.mo.gov/library/reference/orders/2006/eo06_014,C,county/county-equivalent,141,MORGAN,0,0,0.0,0.0,Hail,1,0.0
MO-EO-06-14,06-14,Matt Blunt,"Gov. Matt Blunt declares a State of Emergency and directs the Missouri State Emergency Operations Plan be activated in response to severe weather that began on April 2, 2006. (Apr. 3)",2006-04-03,https://www.sos.mo.gov/library/reference/orders/2006/eo06_014,C,county/county-equivalent,143,NEW MADRID,0,0,0.0,0.0,Hail,2,0.0
MO-EO-06-14,06-14,Matt Blunt,"Gov. Matt Blunt declares a State of Emergency and directs the Missouri State Emergency Operations Plan be activated in response to severe weather that began on April 2, 2006. (Apr. 3)",2006-04-03,https://www.sos.mo.gov/library/reference/orders/2006/eo06_014,C,county/county-equivalent,145,NEWTON,0,0,0.0,0.0,"Hail, Thunderstorm Wind",3,0.0
MO-EO-06-14,06-14,Matt Blunt,"Gov. Matt Blunt declares a State of Emergency and directs the Missouri State Emergency Operations Plan be activated in response to severe weather that began on April 2, 2006. (Apr. 3)",2006-04-03,https://www.sos.mo.gov/library/reference/orders/2006/eo06_014,C,county/county-equivalent,149,OREGON,0,0,0.0,0.0,Hail,3,0.0
MO-EO-06-14,06-14,Matt Blunt,"Gov. Matt Blunt declares a State of Emergency and directs the Missouri State Emergency Operations Plan be activated in response to severe weather that began on April 2, 2006. (Apr. 3)",2006-04-03,https://www.sos.mo.gov/library/reference/orders/2006/eo06_014,C,county/county-equivalent,151,OSAGE,0,0,0.0,0.0,Hail,3,0.0
MO-EO-06-14,06-14,Matt Blunt,"Gov. Matt Blunt declares a State of Emergency and directs the Missouri State Emergency Operations Plan be activated in response to severe weather that began on April 2, 2006. (Apr. 3)",2006-04-03,https://www.sos.mo.gov/library/reference/orders/2006/eo06_014,C,county/county-equivalent,161,PHELPS,0,0,0.0,0.0,"Hail, Thunderstorm Wind",2,0.0
MO-EO-06-14,06-14,Matt Blunt,"Gov. Matt Blunt declares a State of Emergency and directs the Missouri State Emergency Operations Plan be activated in response to severe weather that began on April 2, 2006. (Apr. 3)",2006-04-03,https://www.sos.mo.gov/library/reference/orders/2006/eo06_014,C,county/county-equivalent,167,POLK,0,0,0.0,0.0,Thunderstorm Wind,1,0.0
MO-EO-06-14,06-14,Matt Blunt,"Gov. Matt Blunt declares a State of Emergency and directs the Missouri State Emergency Operations Plan be activated in response to severe weather that began on April 2, 2006. (Apr. 3)",2006-04-03,https://www.sos.mo.gov/library/reference/orders/2006/eo06_014,C,county/county-equivalent,169,PULASKI,0,0,0.0,0.0,Hail,3,0.0
MO-EO-06-14,06-14,Matt Blunt,"Gov. Matt Blunt declares a State of Emergency and directs the Missouri State Emergency Operations Plan be activated in response to severe weather that began on April 2, 2006. (Apr. 3)",2006-04-03,https://www.sos.mo.gov/library/reference/orders/2006/eo06_014,C,county/county-equivalent,171,PUTNAM,0,0,0.0,0.0,Hail,1,0.0
MO-EO-06-14,06-14,Matt Blunt,"Gov. Matt Blunt declares a State of Emergency and directs the Missouri State Emergency Operations Plan be activated in response to severe weather that began on April 2, 2006. (Apr. 3)",2006-04-03,https://www.sos.mo.gov/library/reference/orders/2006/eo06_014,C,county/county-equivalent,173,RALLS,0,0,0.0,0.0,"Hail, Tornado",2,0.0
MO-EO-06-14,06-14,Matt Blunt,"Gov. Matt Blunt declares a State of Emergency and directs the Missouri State Emergency Operations Plan be activated in response to severe weather that began on April 2, 2006. (Apr. 3)",2006-04-03,https://www.sos.mo.gov/library/reference/orders/2006/eo06_014,C,county/county-equivalent,175,RANDOLPH,0,0,0.0,0.0,Hail,1,0.0
MO-EO-06-14,06-14,Matt Blunt,"Gov. Matt Blunt declares a State of Emergency and directs the Missouri State Emergency Operations Plan be activated in response to severe weather that began on April 2, 2006. (Apr. 3)",2006-04-03,https://www.sos.mo.gov/library/reference/orders/2006/eo06_014,C,county/county-equivalent,179,REYNOLDS,0,0,0.0,0.0,Hail,2,0.0
MO-EO-06-14,06-14,Matt Blunt,"Gov. Matt Blunt declares a State of Emergency and directs the Missouri State Emergency Operations Plan be activated in response to severe weather that began on April 2, 2006. (Apr. 3)",2006-04-03,https://www.sos.mo.gov/library/reference/orders/2006/eo06_014,C,county/county-equivalent,183,ST. CHARLES,0,0,0.0,0.0,"Hail, Thunderstorm Wind",8,0.0
MO-EO-06-14,06-14,Matt Blunt,"Gov. Matt Blunt declares a State of Emergency and directs the Missouri State Emergency Operations Plan be activated in response to severe weather that began on April 2, 2006. (Apr. 3)",2006-04-03,https://www.sos.mo.gov/library/reference/orders/2006/eo06_014,C,county/county-equivalent,185,ST. CLAIR,0,0,0.0,0.0,Hail,1,0.0
MO-EO-06-14,06-14,Matt Blunt,"Gov. Matt Blunt declares a State of Emergency and directs the Missouri State Emergency Operations Plan be activated in response to severe weather that began on April 2, 2006. (Apr. 3)",2006-04-03,https://www.sos.mo.gov/library/reference/orders/2006/eo06_014,C,county/county-equivalent,186,STE. GENEVIEVE,0,0,0.0,0.0,"Thunderstorm Wind, Tornado",3,0.0
MO-EO-06-14,06-14,Matt Blunt,"Gov. Matt Blunt declares a State of Emergency and directs the Missouri State Emergency Operations Plan be activated in response to severe weather that began on April 2, 2006. (Apr. 3)",2006-04-03,https://www.sos.mo.gov/library/reference/orders/2006/eo06_014,C,county/county-equivalent,187,ST. FRANCOIS,0,0,0.0,0.0,"Hail, Thunderstorm Wind, Tornado",3,0.0
MO-EO-06-14,06-14,Matt Blunt,"Gov. Matt Blunt declares a State of Emergency and directs the Missouri State Emergency Operations Plan be activated in response to severe weather that began on April 2, 2006. (Apr. 3)",2006-04-03,https://www.sos.mo.gov/library/reference/orders/2006/eo06_014,C,county/county-equivalent,205,SHELBY,0,0,0.0,0.0,Thunderstorm Wind,1,0.0
MO-EO-06-14,06-14,Matt Blunt,"Gov. Matt Blunt declares a State of Emergency and directs the Missouri State Emergency Operations Plan be activated in response to severe weather that began on April 2, 2006. (Apr. 3)",2006-04-03,https://www.sos.mo.gov/library/reference/orders/2006/eo06_014,C,county/county-equivalent,209,STONE,0,0,0.0,0.0,Hail,4,0.0
MO-EO-06-14,06-14,Matt Blunt,"Gov. Matt Blunt declares a State of Emergency and directs the Missouri State Emergency Operations Plan be activated in response to severe weather that began on April 2, 2006. (Apr. 3)",2006-04-03,https://www.sos.mo.gov/library/reference/orders/2006/eo06_014,C,county/county-equivalent,213,TANEY,0,0,0.0,0.0,Hail,1,0.0
MO-EO-06-14,06-14,Matt Blunt,"Gov. Matt Blunt declares a State of Emergency and directs the Missouri State Emergency Operations Plan be activated in response to severe weather that began on April 2, 2006. (Apr. 3)",2006-04-03,https://www.sos.mo.gov/library/reference/orders/2006/eo06_014,C,county/county-equivalent,215,TEXAS,0,0,0.0,0.0,Hail,1,0.0
MO-EO-06-14,06-14,Matt Blunt,"Gov. Matt Blunt declares a State of Emergency and directs the Missouri State Emergency Operations Plan be activated in response to severe weather that began on April 2, 2006. (Apr. 3)",2006-04-03,https://www.sos.mo.gov/library/reference/orders/2006/eo06_014,C,county/county-equivalent,219,WARREN,0,0,0.0,0.0,"Hail, Thunderstorm Wind",2,0.0
MO-EO-06-14,06-14,Matt Blunt,"Gov. Matt Blunt declares a State of Emergency and directs the Missouri State Emergency Operations Plan be activated in response to severe weather that began on April 2, 2006. (Apr. 3)",2006-04-03,https://www.sos.mo.gov/library/reference/orders/2006/eo06_014,C,county/county-equivalent,221,WASHINGTON,0,0,0.0,0.0,"Hail, Thunderstorm Wind",8,0.0
MO-EO-06-14,06-14,Matt Blunt,"Gov. Matt Blunt declares a State of Emergency and directs the Missouri State Emergency Operations Plan be activated in response to severe weather that began on April 2, 2006. (Apr. 3)",2006-04-03,https://www.sos.mo.gov/library/reference/orders/2006/eo06_014,C,county/county-equivalent,225,WEBSTER,0,0,0.0,0.0,Hail,6,0.0
MO-EO-06-14,06-14,Matt Blunt,"Gov. Matt Blunt declares a State of Emergency and directs the Missouri State Emergency Operations Plan be activated in response to severe weather that began on April 2, 2006. (Apr. 3)",2006-04-03,https://www.sos.mo.gov/library/reference/orders/2006/eo06_014,C,county/county-equivalent,229,WRIGHT,0,0,0.0,0.0,Hail,7,0.0
MO-EO-06-14,06-14,Matt Blunt,"Gov. Matt Blunt declares a State of Emergency and directs the Missouri State Emergency Operations Plan be activated in response to severe weather that began on April 2, 2006. (Apr. 3)",2006-04-03,https://www.sos.mo.gov/library/reference/orders/2006/eo06_014,C,county/county-equivalent,510,ST. LOUIS (C),0,0,0.0,0.0,Thunderstorm Wind,2,0.0
MO-EO-06-16,06-16,Matt Blunt,"Gov. Matt Blunt declares a State of Emergency and directs the Missouri State Emergency Operations Plan be activated in response to severe weather that began March 29, 2006. (Apr. 3)",2006-04-03,https://www.sos.mo.gov/library/reference/orders/2006/eo06_016,C,county/county-equivalent,155,PEMISCOT,2,130,60001000.0,0.0,"Hail, Tornado",2,60001000.0
MO-EO-06-16,06-16,Matt Blunt,"Gov. Matt Blunt declares a State of Emergency and directs the Missouri State Emergency Operations Plan be activated in response to severe weather that began March 29, 2006. (Apr. 3)",2006-04-03,https://www.sos.mo.gov/library/reference/orders/2006/eo06_016,C,county/county-equivalent,207,STODDARD,1,1,400000.0,0.0,"Hail, Thunderstorm Wind",4,400000.0
MO-EO-06-16,06-16,Matt Blunt,"Gov. Matt Blunt declares a State of Emergency and directs the Missouri State Emergency Operations Plan be activated in response to severe weather that began March 29, 2006. (Apr. 3)",2006-04-03,https://www.sos.mo.gov/library/reference/orders/2006/eo06_016,C,county/county-equivalent,189,ST. LOUIS,1,1,0.0,0.0,Thunderstorm Wind,12,0.0
MO-EO-06-16,06-16,Matt Blunt,"Gov. Matt Blunt declares a State of Emergency and directs the Missouri State Emergency Operations Plan be activated in response to severe weather that began March 29, 2006. (Apr. 3)",2006-04-03,https://www.sos.mo.gov/library/reference/orders/2006/eo06_016,C,county/county-equivalent,69,DUNKLIN,0,0,1535000.0,0.0,"Hail, Thunderstorm Wind, Tornado",3,1535000.0
MO-EO-06-16,06-16,Matt Blunt,"Gov. Matt Blunt declares a State of Emergency and directs the Missouri State Emergency Operations Plan be activated in response to severe weather that began March 29, 2006. (Apr. 3)",2006-04-03,https://www.sos.mo.gov/library/reference/orders/2006/eo06_016,C,county/county-equivalent,23,BUTLER,0,0,350000.0,0.0,Thunderstorm Wind,1,350000.0
MO-EO-06-16,06-16,Matt Blunt,"Gov. Matt Blunt declares a State of Emergency and directs the Missouri State Emergency Operations Plan be activated in response to severe weather that began March 29, 2006. (Apr. 3)",2006-04-03,https://www.sos.mo.gov/library/reference/orders/2006/eo06_016,C,county/county-equivalent,31,CAPE GIRARDEAU,0,0,252000.0,0.0,"Hail, Thunderstorm Wind",3,252000.0
MO-EO-06-16,06-16,Matt Blunt,"Gov. Matt Blunt declares a State of Emergency and directs the Missouri State Emergency Operations Plan be activated in response to severe weather that began March 29, 2006. (Apr. 3)",2006-04-03,https://www.sos.mo.gov/library/reference/orders/2006/eo06_016,C,county/county-equivalent,97,JASPER,0,0,100000.0,0.0,"Thunderstorm Wind, Tornado",3,100000.0
MO-EO-06-16,06-16,Matt Blunt,"Gov. Matt Blunt declares a State of Emergency and directs the Missouri State Emergency Operations Plan be activated in response to severe weather that began March 29, 2006. (Apr. 3)",2006-04-03,https://www.sos.mo.gov/library/reference/orders/2006/eo06_016,C,county/county-equivalent,157,PERRY,0,0,80000.0,0.0,"Hail, Thunderstorm Wind",2,80000.0
MO-EO-06-16,06-16,Matt Blunt,"Gov. Matt Blunt declares a State of Emergency and directs the Missouri State Emergency Operations Plan be activated in response to severe weather that began March 29, 2006. (Apr. 3)",2006-04-03,https://www.sos.mo.gov/library/reference/orders/2006/eo06_016,C,county/county-equivalent,101,JOHNSON,0,0,25000.0,0.0,Thunderstorm Wind,2,25000.0
MO-EO-06-16,06-16,Matt Blunt,"Gov. Matt Blunt declares a State of Emergency and directs the Missouri State Emergency Operations Plan be activated in response to severe weather that began March 29, 2006. (Apr. 3)",2006-04-03,https://www.sos.mo.gov/library/reference/orders/2006/eo06_016,C,county/county-equivalent,45,CLARK,0,0,23500.0,0.0,"Hail, Thunderstorm Wind",4,23500.0
MO-EO-06-16,06-16,Matt Blunt,"Gov. Matt Blunt declares a State of Emergency and directs the Missouri State Emergency Operations Plan be activated in response to severe weather that began March 29, 2006. (Apr. 3)",2006-04-03,https://www.sos.mo.gov/library/reference/orders/2006/eo06_016,C,county/county-equivalent,201,SCOTT,0,0,20000.0,0.0,"Hail, Tornado",2,20000.0
MO-EO-06-16,06-16,Matt Blunt,"Gov. Matt Blunt declares a State of Emergency and directs the Missouri State Emergency Operations Plan be activated in response to severe weather that began March 29, 2006. (Apr. 3)",2006-04-03,https://www.sos.mo.gov/library/reference/orders/2006/eo06_016,C,county/county-equivalent,91,HOWELL,0,0,15000.0,0.0,"Hail, Thunderstorm Wind",6,15000.0
MO-EO-06-16,06-16,Matt Blunt,"Gov. Matt Blunt declares a State of Emergency and directs the Missouri State Emergency Operations Plan be activated in response to severe weather that began March 29, 2006. (Apr. 3)",2006-04-03,https://www.sos.mo.gov/library/reference/orders/2006/eo06_016,C,county/county-equivalent,131,MILLER,0,0,5000.0,0.0,Thunderstorm Wind,2,5000.0
MO-EO-06-16,06-16,Matt Blunt,"Gov. Matt Blunt declares a State of Emergency and directs the Missouri State Emergency Operations Plan be activated in response to severe weather that began March 29, 2006. (Apr. 3)",2006-04-03,https://www.sos.mo.gov/library/reference/orders/2006/eo06_016,C,county/county-equivalent,203,SHANNON,0,0,5000.0,0.0,"Hail, Thunderstorm Wind",5,5000.0
MO-EO-06-16,06-16,Matt Blunt,"Gov. Matt Blunt declares a State of Emergency and directs the Missouri State Emergency Operations Plan be activated in response to severe weather that began March 29, 2006. (Apr. 3)",2006-04-03,https://www.sos.mo.gov/library/reference/orders/2006/eo06_016,C,county/county-equivalent,223,WAYNE,0,0,4000.0,0.0,"Hail, Thunderstorm Wind",3,4000.0
MO-EO-06-16,06-16,Matt Blunt,"Gov. Matt Blunt declares a State of Emergency and directs the Missouri State Emergency Operations Plan be activated in response to severe weather that began March 29, 2006. (Apr. 3)",2006-04-03,https://www.sos.mo.gov/library/reference/orders/2006/eo06_016,C,county/county-equivalent,199,SCOTLAND,0,0,2500.0,0.0,Hail,2,2500.0
MO-EO-06-16,06-16,Matt Blunt,"Gov. Matt Blunt declares a State of Emergency and directs the Missouri State Emergency Operations Plan be activated in response to severe weather that began March 29, 2006. (Apr. 3)",2006-04-03,https://www.sos.mo.gov/library/reference/orders/2006/eo06_016,C,county/county-equivalent,65,DENT,0,0,1000.0,0.0,Thunderstorm Wind,3,1000.0
MO-EO-06-16,06-16,Matt Blunt,"Gov. Matt Blunt declares a State of Emergency and directs the Missouri State Emergency Operations Plan be activated in response to severe weather that began March 29, 2006. (Apr. 3)",2006-04-03,https://www.sos.mo.gov/library/reference/orders/2006/eo06_016,C,county/county-equivalent,7,AUDRAIN,0,0,0.0,0.0,Hail,1,0.0
MO-EO-06-16,06-16,Matt Blunt,"Gov. Matt Blunt declares a State of Emergency and directs the Missouri State Emergency Operations Plan be activated in response to severe weather that began March 29, 2006. (Apr. 3)",2006-04-03,https://www.sos.mo.gov/library/reference/orders/2006/eo06_016,C,county/county-equivalent,9,BARRY,0,0,0.0,0.0,"Hail, Thunderstorm Wind",2,0.0
MO-EO-06-16,06-16,Matt Blunt,"Gov. Matt Blunt declares a State of Emergency and directs the Missouri State Emergency Operations Plan be activated in response to severe weather that began March 29, 2006. (Apr. 3)",2006-04-03,https://www.sos.mo.gov/library/reference/orders/2006/eo06_016,C,county/county-equivalent,11,BARTON,0,0,0.0,0.0,Thunderstorm Wind,2,0.0
MO-EO-06-16,06-16,Matt Blunt,"Gov. Matt Blunt declares a State of Emergency and directs the Missouri State Emergency Operations Plan be activated in response to severe weather that began March 29, 2006. (Apr. 3)",2006-04-03,https://www.sos.mo.gov/library/reference/orders/2006/eo06_016,C,county/county-equivalent,15,BENTON,0,0,0.0,0.0,Hail,1,0.0
MO-EO-06-16,06-16,Matt Blunt,"Gov. Matt Blunt declares a State of Emergency and directs the Missouri State Emergency Operations Plan be activated in response to severe weather that began March 29, 2006. (Apr. 3)",2006-04-03,https://www.sos.mo.gov/library/reference/orders/2006/eo06_016,C,county/county-equivalent,17,BOLLINGER,0,0,0.0,0.0,"Hail, Thunderstorm Wind",2,0.0
MO-EO-06-16,06-16,Matt Blunt,"Gov. Matt Blunt declares a State of Emergency and directs the Missouri State Emergency Operations Plan be activated in response to severe weather that began March 29, 2006. (Apr. 3)",2006-04-03,https://www.sos.mo.gov/library/reference/orders/2006/eo06_016,C,county/county-equivalent,19,BOONE,0,0,0.0,0.0,Hail,1,0.0
MO-EO-06-16,06-16,Matt Blunt,"Gov. Matt Blunt declares a State of Emergency and directs the Missouri State Emergency Operations Plan be activated in response to severe weather that began March 29, 2006. (Apr. 3)",2006-04-03,https://www.sos.mo.gov/library/reference/orders/2006/eo06_016,C,county/county-equivalent,27,CALLAWAY,0,0,0.0,0.0,Hail,5,0.0
MO-EO-06-16,06-16,Matt Blunt,"Gov. Matt Blunt declares a State of Emergency and directs the Missouri State Emergency Operations Plan be activated in response to severe weather that began March 29, 2006. (Apr. 3)",2006-04-03,https://www.sos.mo.gov/library/reference/orders/2006/eo06_016,C,county/county-equivalent,35,CARTER,0,0,0.0,0.0,Hail,2,0.0
MO-EO-06-16,06-16,Matt Blunt,"Gov. Matt Blunt declares a State of Emergency and directs the Missouri State Emergency Operations Plan be activated in response to severe weather that began March 29, 2006. (Apr. 3)",2006-04-03,https://www.sos.mo.gov/library/reference/orders/2006/eo06_016,C,county/county-equivalent,43,CHRISTIAN,0,0,0.0,0.0,"Hail, Thunderstorm Wind",12,0.0
MO-EO-06-16,06-16,Matt Blunt,"Gov. Matt Blunt declares a State of Emergency and directs the Missouri State Emergency Operations Plan be activated in response to severe weather that began March 29, 2006. (Apr. 3)",2006-04-03,https://www.sos.mo.gov/library/reference/orders/2006/eo06_016,C,county/county-equivalent,53,COOPER,0,0,0.0,0.0,Hail,4,0.0
MO-EO-06-16,06-16,Matt Blunt,"Gov. Matt Blunt declares a State of Emergency and directs the Missouri State Emergency Operations Plan be activated in response to severe weather that began March 29, 2006. (Apr. 3)",2006-04-03,https://www.sos.mo.gov/library/reference/orders/2006/eo06_016,C,county/county-equivalent,55,CRAWFORD,0,0,0.0,0.0,Hail,4,0.0
MO-EO-06-16,06-16,Matt Blunt,"Gov. Matt Blunt declares a State of Emergency and directs the Missouri State Emergency Operations Plan be activated in response to severe weather that began March 29, 2006. (Apr. 3)",2006-04-03,https://www.sos.mo.gov/library/reference/orders/2006/eo06_016,C,county/county-equivalent,57,DADE,0,0,0.0,0.0,Thunderstorm Wind,1,0.0
MO-EO-06-16,06-16,Matt Blunt,"Gov. Matt Blunt declares a State of Emergency and directs the Missouri State Emergency Operations Plan be activated in response to severe weather that began March 29, 2006. (Apr. 3)",2006-04-03,https://www.sos.mo.gov/library/reference/orders/2006/eo06_016,C,county/county-equivalent,67,DOUGLAS,0,0,0.0,0.0,Hail,7,0.0
MO-EO-06-16,06-16,Matt Blunt,"Gov. Matt Blunt declares a State of Emergency and directs the Missouri State Emergency Operations Plan be activated in response to severe weather that began March 29, 2006. (Apr. 3)",2006-04-03,https://www.sos.mo.gov/library/reference/orders/2006/eo06_016,C,county/county-equivalent,71,FRANKLIN,0,0,0.0,0.0,"Hail, Thunderstorm Wind",7,0.0
MO-EO-06-16,06-16,Matt Blunt,"Gov. Matt Blunt declares a State of Emergency and directs the Missouri State Emergency Operations Plan be activated in response to severe weather that began March 29, 2006. (Apr. 3)",2006-04-03,https://www.sos.mo.gov/library/reference/orders/2006/eo06_016,C,county/county-equivalent,73,GASCONADE,0,0,0.0,0.0,Hail,5,0.0
MO-EO-06-16,06-16,Matt Blunt,"Gov. Matt Blunt declares a State of Emergency and directs the Missouri State Emergency Operations Plan be activated in response to severe weather that began March 29, 2006. (Apr. 3)",2006-04-03,https://www.sos.mo.gov/library/reference/orders/2006/eo06_016,C,county/county-equivalent,77,GREENE,0,0,0.0,0.0,Hail,1,0.0
MO-EO-06-16,06-16,Matt Blunt,"Gov. Matt Blunt declares a State of Emergency and directs the Missouri State Emergency Operations Plan be activated in response to severe weather that began March 29, 2006. (Apr. 3)",2006-04-03,https://www.sos.mo.gov/library/reference/orders/2006/eo06_016,C,county/county-equivalent,85,HICKORY,0,0,0.0,0.0,Thunderstorm Wind,1,0.0
MO-EO-06-16,06-16,Matt Blunt,"Gov. Matt Blunt declares a State of Emergency and directs the Missouri State Emergency Operations Plan be activated in response to severe weather that began March 29, 2006. (Apr. 3)",2006-04-03,https://www.sos.mo.gov/library/reference/orders/2006/eo06_016,C,county/county-equivalent,93,IRON,0,0,0.0,0.0,"Hail, Thunderstorm Wind",2,0.0
MO-EO-06-16,06-16,Matt Blunt,"Gov. Matt Blunt declares a State of Emergency and directs the Missouri State Emergency Operations Plan be activated in response to severe weather that began March 29, 2006. (Apr. 3)",2006-04-03,https://www.sos.mo.gov/library/reference/orders/2006/eo06_016,C,county/county-equivalent,99,JEFFERSON,0,0,0.0,0.0,"Hail, Thunderstorm Wind",5,0.0
MO-EO-06-16,06-16,Matt Blunt,"Gov. Matt Blunt declares a State of Emergency and directs the Missouri State Emergency Operations Plan be activated in response to severe weather that began March 29, 2006. (Apr. 3)",2006-04-03,https://www.sos.mo.gov/library/reference/orders/2006/eo06_016,C,county/county-equivalent,105,LACLEDE,0,0,0.0,0.0,"Hail, Thunderstorm Wind",9,0.0
MO-EO-06-16,06-16,Matt Blunt,"Gov. Matt Blunt declares a State of Emergency and directs the Missouri State Emergency Operations Plan be activated in response to severe weather that began March 29, 2006. (Apr. 3)",2006-04-03,https://www.sos.mo.gov/library/reference/orders/2006/eo06_016,C,county/county-equivalent,107,LAFAYETTE,0,0,0.0,0.0,Thunderstorm Wind,1,0.0
MO-EO-06-16,06-16,Matt Blunt,"Gov. Matt Blunt declares a State of Emergency and directs the Missouri State Emergency Operations Plan be activated in response to severe weather that began March 29, 2006. (Apr. 3)",2006-04-03,https://www.sos.mo.gov/library/reference/orders/2006/eo06_016,C,county/county-equivalent,109,LAWRENCE,0,0,0.0,0.0,Thunderstorm Wind,1,0.0
MO-EO-06-16,06-16,Matt Blunt,"Gov. Matt Blunt declares a State of Emergency and directs the Missouri State Emergency Operations Plan be activated in response to severe weather that began March 29, 2006. (Apr. 3)",2006-04-03,https://www.sos.mo.gov/library/reference/orders/2006/eo06_016,C,county/county-equivalent,111,LEWIS,0,0,0.0,0.0,Hail,1,0.0
MO-EO-06-16,06-16,Matt Blunt,"Gov. Matt Blunt declares a State of Emergency and directs the Missouri State Emergency Operations Plan be activated in response to severe weather that began March 29, 2006. (Apr. 3)",2006-04-03,https://www.sos.mo.gov/library/reference/orders/2006/eo06_016,C,county/county-equivalent,113,LINCOLN,0,0,0.0,0.0,Thunderstorm Wind,1,0.0
MO-EO-06-16,06-16,Matt Blunt,"Gov. Matt Blunt declares a State of Emergency and directs the Missouri State Emergency Operations Plan be activated in response to severe weather that began March 29, 2006. (Apr. 3)",2006-04-03,https://www.sos.mo.gov/library/reference/orders/2006/eo06_016,C,county/county-equivalent,115,LINN,0,0,0.0,0.0,Hail,1,0.0
MO-EO-06-16,06-16,Matt Blunt,"Gov. Matt Blunt declares a State of Emergency and directs the Missouri State Emergency Operations Plan be activated in response to severe weather that began March 29, 2006. (Apr. 3)",2006-04-03,https://www.sos.mo.gov/library/reference/orders/2006/eo06_016,C,county/county-equivalent,121,MACON,0,0,0.0,0.0,"Hail, Thunderstorm Wind",3,0.0
MO-EO-06-16,06-16,Matt Blunt,"Gov. Matt Blunt declares a State of Emergency and directs the Missouri State Emergency Operations Plan be activated in response to severe weather that began March 29, 2006. (Apr. 3)",2006-04-03,https://www.sos.mo.gov/library/reference/orders/2006/eo06_016,C,county/county-equivalent,123,MADISON,0,0,0.0,0.0,Hail,2,0.0
MO-EO-06-16,06-16,Matt Blunt,"Gov. Matt Blunt declares a State of Emergency and directs the Missouri State Emergency Operations Plan be activated in response to severe weather that began March 29, 2006. (Apr. 3)",2006-04-03,https://www.sos.mo.gov/library/reference/orders/2006/eo06_016,C,county/county-equivalent,125,MARIES,0,0,0.0,0.0,"Hail, Thunderstorm Wind",3,0.0
MO-EO-06-16,06-16,Matt Blunt,"Gov. Matt Blunt declares a State of Emergency and directs the Missouri State Emergency Operations Plan be activated in response to severe weather that began March 29, 2006. (Apr. 3)",2006-04-03,https://www.sos.mo.gov/library/reference/orders/2006/eo06_016,C,county/county-equivalent,127,MARION,0,0,0.0,0.0,"Hail, Thunderstorm Wind",6,0.0
MO-EO-06-16,06-16,Matt Blunt,"Gov. Matt Blunt declares a State of Emergency and directs the Missouri State Emergency Operations Plan be activated in response to severe weather that began March 29, 2006. (Apr. 3)",2006-04-03,https://www.sos.mo.gov/library/reference/orders/2006/eo06_016,C,county/county-equivalent,135,MONITEAU,0,0,0.0,0.0,"Hail, Thunderstorm Wind",3,0.0
MO-EO-06-16,06-16,Matt Blunt,"Gov. Matt Blunt declares a State of Emergency and directs the Missouri State Emergency Operations Plan be activated in response to severe weather that began March 29, 2006. (Apr. 3)",2006-04-03,https://www.sos.mo.gov/library/reference/orders/2006/eo06_016,C,county/county-equivalent,139,MONTGOMERY,0,0,0.0,0.0,Hail,4,0.0
MO-EO-06-16,06-16,Matt Blunt,"Gov. Matt Blunt declares a State of Emergency and directs the Missouri State Emergency Operations Plan be activated in response to severe weather that began March 29, 2006. (Apr. 3)",2006-04-03,https://www.sos.mo.gov/library/reference/orders/2006/eo06_016,C,county/county-equivalent,141,MORGAN,0,0,0.0,0.0,Hail,1,0.0
MO-EO-06-16,06-16,Matt Blunt,"Gov. Matt Blunt declares a State of Emergency and directs the Missouri State Emergency Operations Plan be activated in response to severe weather that began March 29, 2006. (Apr. 3)",2006-04-03,https://www.sos.mo.gov/library/reference/orders/2006/eo06_016,C,county/county-equivalent,143,NEW MADRID,0,0,0.0,0.0,Hail,2,0.0
MO-EO-06-16,06-16,Matt Blunt,"Gov. Matt Blunt declares a State of Emergency and directs the Missouri State Emergency Operations Plan be activated in response to severe weather that began March 29, 2006. (Apr. 3)",2006-04-03,https://www.sos.mo.gov/library/reference/orders/2006/eo06_016,C,county/county-equivalent,145,NEWTON,0,0,0.0,0.0,"Hail, Thunderstorm Wind",3,0.0
MO-EO-06-16,06-16,Matt Blunt,"Gov. Matt Blunt declares a State of Emergency and directs the Missouri State Emergency Operations Plan be activated in response to severe weather that began March 29, 2006. (Apr. 3)",2006-04-03,https://www.sos.mo.gov/library/reference/orders/2006/eo06_016,C,county/county-equivalent,149,OREGON,0,0,0.0,0.0,Hail,3,0.0
MO-EO-06-16,06-16,Matt Blunt,"Gov. Matt Blunt declares a State of Emergency and directs the Missouri State Emergency Operations Plan be activated in response to severe weather that began March 29, 2006. (Apr. 3)",2006-04-03,https://www.sos.mo.gov/library/reference/orders/2006/eo06_016,C,county/county-equivalent,151,OSAGE,0,0,0.0,0.0,Hail,3,0.0
MO-EO-06-16,06-16,Matt Blunt,"Gov. Matt Blunt declares a State of Emergency and directs the Missouri State Emergency Operations Plan be activated in response to severe weather that began March 29, 2006. (Apr. 3)",2006-04-03,https://www.sos.mo.gov/library/reference/orders/2006/eo06_016,C,county/county-equivalent,161,PHELPS,0,0,0.0,0.0,"Hail, Thunderstorm Wind",2,0.0
MO-EO-06-16,06-16,Matt Blunt,"Gov. Matt Blunt declares a State of Emergency and directs the Missouri State Emergency Operations Plan be activated in response to severe weather that began March 29, 2006. (Apr. 3)",2006-04-03,https://www.sos.mo.gov/library/reference/orders/2006/eo06_016,C,county/county-equivalent,167,POLK,0,0,0.0,0.0,Thunderstorm Wind,1,0.0
MO-EO-06-16,06-16,Matt Blunt,"Gov. Matt Blunt declares a State of Emergency and directs the Missouri State Emergency Operations Plan be activated in response to severe weather that began March 29, 2006. (Apr. 3)",2006-04-03,https://www.sos.mo.gov/library/reference/orders/2006/eo06_016,C,county/county-equivalent,169,PULASKI,0,0,0.0,0.0,Hail,3,0.0
MO-EO-06-16,06-16,Matt Blunt,"Gov. Matt Blunt declares a State of Emergency and directs the Missouri State Emergency Operations Plan be activated in response to severe weather that began March 29, 2006. (Apr. 3)",2006-04-03,https://www.sos.mo.gov/library/reference/orders/2006/eo06_016,C,county/county-equivalent,171,PUTNAM,0,0,0.0,0.0,Hail,1,0.0
MO-EO-06-16,06-16,Matt Blunt,"Gov. Matt Blunt declares a State of Emergency and directs the Missouri State Emergency Operations Plan be activated in response to severe weather that began March 29, 2006. (Apr. 3)",2006-04-03,https://www.sos.mo.gov/library/reference/orders/2006/eo06_016,C,county/county-equivalent,173,RALLS,0,0,0.0,0.0,"Hail, Tornado",2,0.0
MO-EO-06-16,06-16,Matt Blunt,"Gov. Matt Blunt declares a State of Emergency and directs the Missouri State Emergency Operations Plan be activated in response to severe weather that began March 29, 2006. (Apr. 3)",2006-04-03,https://www.sos.mo.gov/library/reference/orders/2006/eo06_016,C,county/county-equivalent,175,RANDOLPH,0,0,0.0,0.0,Hail,1,0.0
MO-EO-06-16,06-16,Matt Blunt,"Gov. Matt Blunt declares a State of Emergency and directs the Missouri State Emergency Operations Plan be activated in response to severe weather that began March 29, 2006. (Apr. 3)",2006-04-03,https://www.sos.mo.gov/library/reference/orders/2006/eo06_016,C,county/county-equivalent,179,REYNOLDS,0,0,0.0,0.0,Hail,2,0.0
MO-EO-06-16,06-16,Matt Blunt,"Gov. Matt Blunt declares a State of Emergency and directs the Missouri State Emergency Operations Plan be activated in response to severe weather that began March 29, 2006. (Apr. 3)",2006-04-03,https://www.sos.mo.gov/library/reference/orders/2006/eo06_016,C,county/county-equivalent,183,ST. CHARLES,0,0,0.0,0.0,"Hail, Thunderstorm Wind",8,0.0
MO-EO-06-16,06-16,Matt Blunt,"Gov. Matt Blunt declares a State of Emergency and directs the Missouri State Emergency Operations Plan be activated in response to severe weather that began March 29, 2006. (Apr. 3)",2006-04-03,https://www.sos.mo.gov/library/reference/orders/2006/eo06_016,C,county/county-equivalent,185,ST. CLAIR,0,0,0.0,0.0,Hail,1,0.0
MO-EO-06-16,06-16,Matt Blunt,"Gov. Matt Blunt declares a State of Emergency and directs the Missouri State Emergency Operations Plan be activated in response to severe weather that began March 29, 2006. (Apr. 3)",2006-04-03,https://www.sos.mo.gov/library/reference/orders/2006/eo06_016,C,county/county-equivalent,186,STE. GENEVIEVE,0,0,0.0,0.0,"Thunderstorm Wind, Tornado",3,0.0
MO-EO-06-16,06-16,Matt Blunt,"Gov. Matt Blunt declares a State of Emergency and directs the Missouri State Emergency Operations Plan be activated in response to severe weather that began March 29, 2006. (Apr. 3)",2006-04-03,https://www.sos.mo.gov/library/reference/orders/2006/eo06_016,C,county/county-equivalent,187,ST. FRANCOIS,0,0,0.0,0.0,"Hail, Thunderstorm Wind, Tornado",3,0.0
MO-EO-06-16,06-16,Matt Blunt,"Gov. Matt Blunt declares a State of Emergency and directs the Missouri State Emergency Operations Plan be activated in response to severe weather that began March 29, 2006. (Apr. 3)",2006-04-03,https://www.sos.mo.gov/library/reference/orders/2006/eo06_016,C,county/county-equivalent,205,SHELBY,0,0,0.0,0.0,Thunderstorm Wind,1,0.0
MO-EO-06-16,06-16,Matt Blunt,"Gov. Matt Blunt declares a State of Emergency and directs the Missouri State Emergency Operations Plan be activated in response to severe weather that began March 29, 2006. (Apr. 3)",2006-04-03,https://www.sos.mo.gov/library/reference/orders/2006/eo06_016,C,county/county-equivalent,209,STONE,0,0,0.0,0.0,Hail,4,0.0
MO-EO-06-16,06-16,Matt Blunt,"Gov. Matt Blunt declares a State of Emergency and directs the Missouri State Emergency Operations Plan be activated in response to severe weather that began March 29, 2006. (Apr. 3)",2006-04-03,https://www.sos.mo.gov/library/reference/orders/2006/eo06_016,C,county/county-equivalent,213,TANEY,0,0,0.0,0.0,Hail,1,0.0
MO-EO-06-16,06-16,Matt Blunt,"Gov. Matt Blunt declares a State of Emergency and directs the Missouri State Emergency Operations Plan be activated in response to severe weather that began March 29, 2006. (Apr. 3)",2006-04-03,https://www.sos.mo.gov/library/reference/orders/2006/eo06_016,C,county/county-equivalent,215,TEXAS,0,0,0.0,0.0,Hail,1,0.0
MO-EO-06-16,06-16,Matt Blunt,"Gov. Matt Blunt declares a State of Emergency and directs the Missouri State Emergency Operations Plan be activated in response to severe weather that began March 29, 2006. (Apr. 3)",2006-04-03,https://www.sos.mo.gov/library/reference/orders/2006/eo06_016,C,county/county-equivalent,219,WARREN,0,0,0.0,0.0,"Hail, Thunderstorm Wind",2,0.0
MO-EO-06-16,06-16,Matt Blunt,"Gov. Matt Blunt declares a State of Emergency and directs the Missouri State Emergency Operations Plan be activated in response to severe weather that began March 29, 2006. (Apr. 3)",2006-04-03,https://www.sos.mo.gov/library/reference/orders/2006/eo06_016,C,county/county-equivalent,221,WASHINGTON,0,0,0.0,0.0,"Hail, Thunderstorm Wind",8,0.0
MO-EO-06-16,06-16,Matt Blunt,"Gov. Matt Blunt declares a State of Emergency and directs the Missouri State Emergency Operations Plan be activated in response to severe weather that began March 29, 2006. (Apr. 3)",2006-04-03,https://www.sos.mo.gov/library/reference/orders/2006/eo06_016,C,county/county-equivalent,225,WEBSTER,0,0,0.0,0.0,Hail,6,0.0
MO-EO-06-16,06-16,Matt Blunt,"Gov. Matt Blunt declares a State of Emergency and directs the Missouri State Emergency Operations Plan be activated in response to severe weather that began March 29, 2006. (Apr. 3)",2006-04-03,https://www.sos.mo.gov/library/reference/orders/2006/eo06_016,C,county/county-equivalent,229,WRIGHT,0,0,0.0,0.0,Hail,7,0.0
MO-EO-06-16,06-16,Matt Blunt,"Gov. Matt Blunt declares a State of Emergency and directs the Missouri State Emergency Operations Plan be activated in response to severe weather that began March 29, 2006. (Apr. 3)",2006-04-03,https://www.sos.mo.gov/library/reference/orders/2006/eo06_016,C,county/county-equivalent,510,ST. LOUIS (C),0,0,0.0,0.0,Thunderstorm Wind,2,0.0
MO-EO-06-17,06-17,Matt Blunt,"Gov. Matt Blunt declares a State of Emergency and directs the Missouri State Emergency Operations Plan be activated in response to severe weather that began on March 8, 2006. (Apr. 3)",2006-04-03,https://www.sos.mo.gov/library/reference/orders/2006/eo06_017,C,county/county-equivalent,155,PEMISCOT,2,130,60001000.0,0.0,"Hail, Tornado",2,60001000.0
MO-EO-06-17,06-17,Matt Blunt,"Gov. Matt Blunt declares a State of Emergency and directs the Missouri State Emergency Operations Plan be activated in response to severe weather that began on March 8, 2006. (Apr. 3)",2006-04-03,https://www.sos.mo.gov/library/reference/orders/2006/eo06_017,C,county/county-equivalent,207,STODDARD,1,1,400000.0,0.0,"Hail, Thunderstorm Wind",4,400000.0
MO-EO-06-17,06-17,Matt Blunt,"Gov. Matt Blunt declares a State of Emergency and directs the Missouri State Emergency Operations Plan be activated in response to severe weather that began on March 8, 2006. (Apr. 3)",2006-04-03,https://www.sos.mo.gov/library/reference/orders/2006/eo06_017,C,county/county-equivalent,189,ST. LOUIS,1,1,0.0,0.0,Thunderstorm Wind,12,0.0
MO-EO-06-17,06-17,Matt Blunt,"Gov. Matt Blunt declares a State of Emergency and directs the Missouri State Emergency Operations Plan be activated in response to severe weather that began on March 8, 2006. (Apr. 3)",2006-04-03,https://www.sos.mo.gov/library/reference/orders/2006/eo06_017,C,county/county-equivalent,69,DUNKLIN,0,0,1535000.0,0.0,"Hail, Thunderstorm Wind, Tornado",3,1535000.0
MO-EO-06-17,06-17,Matt Blunt,"Gov. Matt Blunt declares a State of Emergency and directs the Missouri State Emergency Operations Plan be activated in response to severe weather that began on March 8, 2006. (Apr. 3)",2006-04-03,https://www.sos.mo.gov/library/reference/orders/2006/eo06_017,C,county/county-equivalent,23,BUTLER,0,0,350000.0,0.0,Thunderstorm Wind,1,350000.0
MO-EO-06-17,06-17,Matt Blunt,"Gov. Matt Blunt declares a State of Emergency and directs the Missouri State Emergency Operations Plan be activated in response to severe weather that began on March 8, 2006. (Apr. 3)",2006-04-03,https://www.sos.mo.gov/library/reference/orders/2006/eo06_017,C,county/county-equivalent,31,CAPE GIRARDEAU,0,0,252000.0,0.0,"Hail, Thunderstorm Wind",3,252000.0
MO-EO-06-17,06-17,Matt Blunt,"Gov. Matt Blunt declares a State of Emergency and directs the Missouri State Emergency Operations Plan be activated in response to severe weather that began on March 8, 2006. (Apr. 3)",2006-04-03,https://www.sos.mo.gov/library/reference/orders/2006/eo06_017,C,county/county-equivalent,97,JASPER,0,0,100000.0,0.0,"Thunderstorm Wind, Tornado",3,100000.0
MO-EO-06-17,06-17,Matt Blunt,"Gov. Matt Blunt declares a State of Emergency and directs the Missouri State Emergency Operations Plan be activated in response to severe weather that began on March 8, 2006. (Apr. 3)",2006-04-03,https://www.sos.mo.gov/library/reference/orders/2006/eo06_017,C,county/county-equivalent,157,PERRY,0,0,80000.0,0.0,"Hail, Thunderstorm Wind",2,80000.0
MO-EO-06-17,06-17,Matt Blunt,"Gov. Matt Blunt declares a State of Emergency and directs the Missouri State Emergency Operations Plan be activated in response to severe weather that began on March 8, 2006. (Apr. 3)",2006-04-03,https://www.sos.mo.gov/library/reference/orders/2006/eo06_017,C,county/county-equivalent,101,JOHNSON,0,0,25000.0,0.0,Thunderstorm Wind,2,25000.0
MO-EO-06-17,06-17,Matt Blunt,"Gov. Matt Blunt declares a State of Emergency and directs the Missouri State Emergency Operations Plan be activated in response to severe weather that began on March 8, 2006. (Apr. 3)",2006-04-03,https://www.sos.mo.gov/library/reference/orders/2006/eo06_017,C,county/county-equivalent,45,CLARK,0,0,23500.0,0.0,"Hail, Thunderstorm Wind",4,23500.0
MO-EO-06-17,06-17,Matt Blunt,"Gov. Matt Blunt declares a State of Emergency and directs the Missouri State Emergency Operations Plan be activated in response to severe weather that began on March 8, 2006. (Apr. 3)",2006-04-03,https://www.sos.mo.gov/library/reference/orders/2006/eo06_017,C,county/county-equivalent,201,SCOTT,0,0,20000.0,0.0,"Hail, Tornado",2,20000.0
MO-EO-06-17,06-17,Matt Blunt,"Gov. Matt Blunt declares a State of Emergency and directs the Missouri State Emergency Operations Plan be activated in response to severe weather that began on March 8, 2006. (Apr. 3)",2006-04-03,https://www.sos.mo.gov/library/reference/orders/2006/eo06_017,C,county/county-equivalent,91,HOWELL,0,0,15000.0,0.0,"Hail, Thunderstorm Wind",6,15000.0
MO-EO-06-17,06-17,Matt Blunt,"Gov. Matt Blunt declares a State of Emergency and directs the Missouri State Emergency Operations Plan be activated in response to severe weather that began on March 8, 2006. (Apr. 3)",2006-04-03,https://www.sos.mo.gov/library/reference/orders/2006/eo06_017,C,county/county-equivalent,131,MILLER,0,0,5000.0,0.0,Thunderstorm Wind,2,5000.0
MO-EO-06-17,06-17,Matt Blunt,"Gov. Matt Blunt declares a State of Emergency and directs the Missouri State Emergency Operations Plan be activated in response to severe weather that began on March 8, 2006. (Apr. 3)",2006-04-03,https://www.sos.mo.gov/library/reference/orders/2006/eo06_017,C,county/county-equivalent,203,SHANNON,0,0,5000.0,0.0,"Hail, Thunderstorm Wind",5,5000.0
MO-EO-06-17,06-17,Matt Blunt,"Gov. Matt Blunt declares a State of Emergency and directs the Missouri State Emergency Operations Plan be activated in response to severe weather that began on March 8, 2006. (Apr. 3)",2006-04-03,https://www.sos.mo.gov/library/reference/orders/2006/eo06_017,C,county/county-equivalent,223,WAYNE,0,0,4000.0,0.0,"Hail, Thunderstorm Wind",3,4000.0
MO-EO-06-17,06-17,Matt Blunt,"Gov. Matt Blunt declares a State of Emergency and directs the Missouri State Emergency Operations Plan be activated in response to severe weather that began on March 8, 2006. (Apr. 3)",2006-04-03,https://www.sos.mo.gov/library/reference/orders/2006/eo06_017,C,county/county-equivalent,199,SCOTLAND,0,0,2500.0,0.0,Hail,2,2500.0
MO-EO-06-17,06-17,Matt Blunt,"Gov. Matt Blunt declares a State of Emergency and directs the Missouri State Emergency Operations Plan be activated in response to severe weather that began on March 8, 2006. (Apr. 3)",2006-04-03,https://www.sos.mo.gov/library/reference/orders/2006/eo06_017,C,county/county-equivalent,65,DENT,0,0,1000.0,0.0,Thunderstorm Wind,3,1000.0
MO-EO-06-17,06-17,Matt Blunt,"Gov. Matt Blunt declares a State of Emergency and directs the Missouri State Emergency Operations Plan be activated in response to severe weather that began on March 8, 2006. (Apr. 3)",2006-04-03,https://www.sos.mo.gov/library/reference/orders/2006/eo06_017,C,county/county-equivalent,7,AUDRAIN,0,0,0.0,0.0,Hail,1,0.0
MO-EO-06-17,06-17,Matt Blunt,"Gov. Matt Blunt declares a State of Emergency and directs the Missouri State Emergency Operations Plan be activated in response to severe weather that began on March 8, 2006. (Apr. 3)",2006-04-03,https://www.sos.mo.gov/library/reference/orders/2006/eo06_017,C,county/county-equivalent,9,BARRY,0,0,0.0,0.0,"Hail, Thunderstorm Wind",2,0.0
MO-EO-06-17,06-17,Matt Blunt,"Gov. Matt Blunt declares a State of Emergency and directs the Missouri State Emergency Operations Plan be activated in response to severe weather that began on March 8, 2006. (Apr. 3)",2006-04-03,https://www.sos.mo.gov/library/reference/orders/2006/eo06_017,C,county/county-equivalent,11,BARTON,0,0,0.0,0.0,Thunderstorm Wind,2,0.0
MO-EO-06-17,06-17,Matt Blunt,"Gov. Matt Blunt declares a State of Emergency and directs the Missouri State Emergency Operations Plan be activated in response to severe weather that began on March 8, 2006. (Apr. 3)",2006-04-03,https://www.sos.mo.gov/library/reference/orders/2006/eo06_017,C,county/county-equivalent,15,BENTON,0,0,0.0,0.0,Hail,1,0.0
MO-EO-06-17,06-17,Matt Blunt,"Gov. Matt Blunt declares a State of Emergency and directs the Missouri State Emergency Operations Plan be activated in response to severe weather that began on March 8, 2006. (Apr. 3)",2006-04-03,https://www.sos.mo.gov/library/reference/orders/2006/eo06_017,C,county/county-equivalent,17,BOLLINGER,0,0,0.0,0.0,"Hail, Thunderstorm Wind",2,0.0
MO-EO-06-17,06-17,Matt Blunt,"Gov. Matt Blunt declares a State of Emergency and directs the Missouri State Emergency Operations Plan be activated in response to severe weather that began on March 8, 2006. (Apr. 3)",2006-04-03,https://www.sos.mo.gov/library/reference/orders/2006/eo06_017,C,county/county-equivalent,19,BOONE,0,0,0.0,0.0,Hail,1,0.0
MO-EO-06-17,06-17,Matt Blunt,"Gov. Matt Blunt declares a State of Emergency and directs the Missouri State Emergency Operations Plan be activated in response to severe weather that began on March 8, 2006. (Apr. 3)",2006-04-03,https://www.sos.mo.gov/library/reference/orders/2006/eo06_017,C,county/county-equivalent,27,CALLAWAY,0,0,0.0,0.0,Hail,5,0.0
MO-EO-06-17,06-17,Matt Blunt,"Gov. Matt Blunt declares a State of Emergency and directs the Missouri State Emergency Operations Plan be activated in response to severe weather that began on March 8, 2006. (Apr. 3)",2006-04-03,https://www.sos.mo.gov/library/reference/orders/2006/eo06_017,C,county/county-equivalent,35,CARTER,0,0,0.0,0.0,Hail,2,0.0
MO-EO-06-17,06-17,Matt Blunt,"Gov. Matt Blunt declares a State of Emergency and directs the Missouri State Emergency Operations Plan be activated in response to severe weather that began on March 8, 2006. (Apr. 3)",2006-04-03,https://www.sos.mo.gov/library/reference/orders/2006/eo06_017,C,county/county-equivalent,43,CHRISTIAN,0,0,0.0,0.0,"Hail, Thunderstorm Wind",12,0.0
MO-EO-06-17,06-17,Matt Blunt,"Gov. Matt Blunt declares a State of Emergency and directs the Missouri State Emergency Operations Plan be activated in response to severe weather that began on March 8, 2006. (Apr. 3)",2006-04-03,https://www.sos.mo.gov/library/reference/orders/2006/eo06_017,C,county/county-equivalent,53,COOPER,0,0,0.0,0.0,Hail,4,0.0
MO-EO-06-17,06-17,Matt Blunt,"Gov. Matt Blunt declares a State of Emergency and directs the Missouri State Emergency Operations Plan be activated in response to severe weather that began on March 8, 2006. (Apr. 3)",2006-04-03,https://www.sos.mo.gov/library/reference/orders/2006/eo06_017,C,county/county-equivalent,55,CRAWFORD,0,0,0.0,0.0,Hail,4,0.0
MO-EO-06-17,06-17,Matt Blunt,"Gov. Matt Blunt declares a State of Emergency and directs the Missouri State Emergency Operations Plan be activated in response to severe weather that began on March 8, 2006. (Apr. 3)",2006-04-03,https://www.sos.mo.gov/library/reference/orders/2006/eo06_017,C,county/county-equivalent,57,DADE,0,0,0.0,0.0,Thunderstorm Wind,1,0.0
MO-EO-06-17,06-17,Matt Blunt,"Gov. Matt Blunt declares a State of Emergency and directs the Missouri State Emergency Operations Plan be activated in response to severe weather that began on March 8, 2006. (Apr. 3)",2006-04-03,https://www.sos.mo.gov/library/reference/orders/2006/eo06_017,C,county/county-equivalent,67,DOUGLAS,0,0,0.0,0.0,Hail,7,0.0
MO-EO-06-17,06-17,Matt Blunt,"Gov. Matt Blunt declares a State of Emergency and directs the Missouri State Emergency Operations Plan be activated in response to severe weather that began on March 8, 2006. (Apr. 3)",2006-04-03,https://www.sos.mo.gov/library/reference/orders/2006/eo06_017,C,county/county-equivalent,71,FRANKLIN,0,0,0.0,0.0,"Hail, Thunderstorm Wind",7,0.0
MO-EO-06-17,06-17,Matt Blunt,"Gov. Matt Blunt declares a State of Emergency and directs the Missouri State Emergency Operations Plan be activated in response to severe weather that began on March 8, 2006. (Apr. 3)",2006-04-03,https://www.sos.mo.gov/library/reference/orders/2006/eo06_017,C,county/county-equivalent,73,GASCONADE,0,0,0.0,0.0,Hail,5,0.0
MO-EO-06-17,06-17,Matt Blunt,"Gov. Matt Blunt declares a State of Emergency and directs the Missouri State Emergency Operations Plan be activated in response to severe weather that began on March 8, 2006. (Apr. 3)",2006-04-03,https://www.sos.mo.gov/library/reference/orders/2006/eo06_017,C,county/county-equivalent,77,GREENE,0,0,0.0,0.0,Hail,1,0.0
MO-EO-06-17,06-17,Matt Blunt,"Gov. Matt Blunt declares a State of Emergency and directs the Missouri State Emergency Operations Plan be activated in response to severe weather that began on March 8, 2006. (Apr. 3)",2006-04-03,https://www.sos.mo.gov/library/reference/orders/2006/eo06_017,C,county/county-equivalent,85,HICKORY,0,0,0.0,0.0,Thunderstorm Wind,1,0.0
MO-EO-06-17,06-17,Matt Blunt,"Gov. Matt Blunt declares a State of Emergency and directs the Missouri State Emergency Operations Plan be activated in response to severe weather that began on March 8, 2006. (Apr. 3)",2006-04-03,https://www.sos.mo.gov/library/reference/orders/2006/eo06_017,C,county/county-equivalent,93,IRON,0,0,0.0,0.0,"Hail, Thunderstorm Wind",2,0.0
MO-EO-06-17,06-17,Matt Blunt,"Gov. Matt Blunt declares a State of Emergency and directs the Missouri State Emergency Operations Plan be activated in response to severe weather that began on March 8, 2006. (Apr. 3)",2006-04-03,https://www.sos.mo.gov/library/reference/orders/2006/eo06_017,C,county/county-equivalent,99,JEFFERSON,0,0,0.0,0.0,"Hail, Thunderstorm Wind",5,0.0
MO-EO-06-17,06-17,Matt Blunt,"Gov. Matt Blunt declares a State of Emergency and directs the Missouri State Emergency Operations Plan be activated in response to severe weather that began on March 8, 2006. (Apr. 3)",2006-04-03,https://www.sos.mo.gov/library/reference/orders/2006/eo06_017,C,county/county-equivalent,105,LACLEDE,0,0,0.0,0.0,"Hail, Thunderstorm Wind",9,0.0
MO-EO-06-17,06-17,Matt Blunt,"Gov. Matt Blunt declares a State of Emergency and directs the Missouri State Emergency Operations Plan be activated in response to severe weather that began on March 8, 2006. (Apr. 3)",2006-04-03,https://www.sos.mo.gov/library/reference/orders/2006/eo06_017,C,county/county-equivalent,107,LAFAYETTE,0,0,0.0,0.0,Thunderstorm Wind,1,0.0
MO-EO-06-17,06-17,Matt Blunt,"Gov. Matt Blunt declares a State of Emergency and directs the Missouri State Emergency Operations Plan be activated in response to severe weather that began on March 8, 2006. (Apr. 3)",2006-04-03,https://www.sos.mo.gov/library/reference/orders/2006/eo06_017,C,county/county-equivalent,109,LAWRENCE,0,0,0.0,0.0,Thunderstorm Wind,1,0.0
MO-EO-06-17,06-17,Matt Blunt,"Gov. Matt Blunt declares a State of Emergency and directs the Missouri State Emergency Operations Plan be activated in response to severe weather that began on March 8, 2006. (Apr. 3)",2006-04-03,https://www.sos.mo.gov/library/reference/orders/2006/eo06_017,C,county/county-equivalent,111,LEWIS,0,0,0.0,0.0,Hail,1,0.0
MO-EO-06-17,06-17,Matt Blunt,"Gov. Matt Blunt declares a State of Emergency and directs the Missouri State Emergency Operations Plan be activated in response to severe weather that began on March 8, 2006. (Apr. 3)",2006-04-03,https://www.sos.mo.gov/library/reference/orders/2006/eo06_017,C,county/county-equivalent,113,LINCOLN,0,0,0.0,0.0,Thunderstorm Wind,1,0.0
MO-EO-06-17,06-17,Matt Blunt,"Gov. Matt Blunt declares a State of Emergency and directs the Missouri State Emergency Operations Plan be activated in response to severe weather that began on March 8, 2006. (Apr. 3)",2006-04-03,https://www.sos.mo.gov/library/reference/orders/2006/eo06_017,C,county/county-equivalent,115,LINN,0,0,0.0,0.0,Hail,1,0.0
MO-EO-06-17,06-17,Matt Blunt,"Gov. Matt Blunt declares a State of Emergency and directs the Missouri State Emergency Operations Plan be activated in response to severe weather that began on March 8, 2006. (Apr. 3)",2006-04-03,https://www.sos.mo.gov/library/reference/orders/2006/eo06_017,C,county/county-equivalent,121,MACON,0,0,0.0,0.0,"Hail, Thunderstorm Wind",3,0.0
MO-EO-06-17,06-17,Matt Blunt,"Gov. Matt Blunt declares a State of Emergency and directs the Missouri State Emergency Operations Plan be activated in response to severe weather that began on March 8, 2006. (Apr. 3)",2006-04-03,https://www.sos.mo.gov/library/reference/orders/2006/eo06_017,C,county/county-equivalent,123,MADISON,0,0,0.0,0.0,Hail,2,0.0
MO-EO-06-17,06-17,Matt Blunt,"Gov. Matt Blunt declares a State of Emergency and directs the Missouri State Emergency Operations Plan be activated in response to severe weather that began on March 8, 2006. (Apr. 3)",2006-04-03,https://www.sos.mo.gov/library/reference/orders/2006/eo06_017,C,county/county-equivalent,125,MARIES,0,0,0.0,0.0,"Hail, Thunderstorm Wind",3,0.0
MO-EO-06-17,06-17,Matt Blunt,"Gov. Matt Blunt declares a State of Emergency and directs the Missouri State Emergency Operations Plan be activated in response to severe weather that began on March 8, 2006. (Apr. 3)",2006-04-03,https://www.sos.mo.gov/library/reference/orders/2006/eo06_017,C,county/county-equivalent,127,MARION,0,0,0.0,0.0,"Hail, Thunderstorm Wind",6,0.0
MO-EO-06-17,06-17,Matt Blunt,"Gov. Matt Blunt declares a State of Emergency and directs the Missouri State Emergency Operations Plan be activated in response to severe weather that began on March 8, 2006. (Apr. 3)",2006-04-03,https://www.sos.mo.gov/library/reference/orders/2006/eo06_017,C,county/county-equivalent,135,MONITEAU,0,0,0.0,0.0,"Hail, Thunderstorm Wind",3,0.0
MO-EO-06-17,06-17,Matt Blunt,"Gov. Matt Blunt declares a State of Emergency and directs the Missouri State Emergency Operations Plan be activated in response to severe weather that began on March 8, 2006. (Apr. 3)",2006-04-03,https://www.sos.mo.gov/library/reference/orders/2006/eo06_017,C,county/county-equivalent,139,MONTGOMERY,0,0,0.0,0.0,Hail,4,0.0
MO-EO-06-17,06-17,Matt Blunt,"Gov. Matt Blunt declares a State of Emergency and directs the Missouri State Emergency Operations Plan be activated in response to severe weather that began on March 8, 2006. (Apr. 3)",2006-04-03,https://www.sos.mo.gov/library/reference/orders/2006/eo06_017,C,county/county-equivalent,141,MORGAN,0,0,0.0,0.0,Hail,1,0.0
MO-EO-06-17,06-17,Matt Blunt,"Gov. Matt Blunt declares a State of Emergency and directs the Missouri State Emergency Operations Plan be activated in response to severe weather that began on March 8, 2006. (Apr. 3)",2006-04-03,https://www.sos.mo.gov/library/reference/orders/2006/eo06_017,C,county/county-equivalent,143,NEW MADRID,0,0,0.0,0.0,Hail,2,0.0
MO-EO-06-17,06-17,Matt Blunt,"Gov. Matt Blunt declares a State of Emergency and directs the Missouri State Emergency Operations Plan be activated in response to severe weather that began on March 8, 2006. (Apr. 3)",2006-04-03,https://www.sos.mo.gov/library/reference/orders/2006/eo06_017,C,county/county-equivalent,145,NEWTON,0,0,0.0,0.0,"Hail, Thunderstorm Wind",3,0.0
MO-EO-06-17,06-17,Matt Blunt,"Gov. Matt Blunt declares a State of Emergency and directs the Missouri State Emergency Operations Plan be activated in response to severe weather that began on March 8, 2006. (Apr. 3)",2006-04-03,https://www.sos.mo.gov/library/reference/orders/2006/eo06_017,C,county/county-equivalent,149,OREGON,0,0,0.0,0.0,Hail,3,0.0
MO-EO-06-17,06-17,Matt Blunt,"Gov. Matt Blunt declares a State of Emergency and directs the Missouri State Emergency Operations Plan be activated in response to severe weather that began on March 8, 2006. (Apr. 3)",2006-04-03,https://www.sos.mo.gov/library/reference/orders/2006/eo06_017,C,county/county-equivalent,151,OSAGE,0,0,0.0,0.0,Hail,3,0.0
MO-EO-06-17,06-17,Matt Blunt,"Gov. Matt Blunt declares a State of Emergency and directs the Missouri State Emergency Operations Plan be activated in response to severe weather that began on March 8, 2006. (Apr. 3)",2006-04-03,https://www.sos.mo.gov/library/reference/orders/2006/eo06_017,C,county/county-equivalent,161,PHELPS,0,0,0.0,0.0,"Hail, Thunderstorm Wind",2,0.0
MO-EO-06-17,06-17,Matt Blunt,"Gov. Matt Blunt declares a State of Emergency and directs the Missouri State Emergency Operations Plan be activated in response to severe weather that began on March 8, 2006. (Apr. 3)",2006-04-03,https://www.sos.mo.gov/library/reference/orders/2006/eo06_017,C,county/county-equivalent,167,POLK,0,0,0.0,0.0,Thunderstorm Wind,1,0.0
MO-EO-06-17,06-17,Matt Blunt,"Gov. Matt Blunt declares a State of Emergency and directs the Missouri State Emergency Operations Plan be activated in response to severe weather that began on March 8, 2006. (Apr. 3)",2006-04-03,https://www.sos.mo.gov/library/reference/orders/2006/eo06_017,C,county/county-equivalent,169,PULASKI,0,0,0.0,0.0,Hail,3,0.0
MO-EO-06-17,06-17,Matt Blunt,"Gov. Matt Blunt declares a State of Emergency and directs the Missouri State Emergency Operations Plan be activated in response to severe weather that began on March 8, 2006. (Apr. 3)",2006-04-03,https://www.sos.mo.gov/library/reference/orders/2006/eo06_017,C,county/county-equivalent,171,PUTNAM,0,0,0.0,0.0,Hail,1,0.0
MO-EO-06-17,06-17,Matt Blunt,"Gov. Matt Blunt declares a State of Emergency and directs the Missouri State Emergency Operations Plan be activated in response to severe weather that began on March 8, 2006. (Apr. 3)",2006-04-03,https://www.sos.mo.gov/library/reference/orders/2006/eo06_017,C,county/county-equivalent,173,RALLS,0,0,0.0,0.0,"Hail, Tornado",2,0.0
MO-EO-06-17,06-17,Matt Blunt,"Gov. Matt Blunt declares a State of Emergency and directs the Missouri State Emergency Operations Plan be activated in response to severe weather that began on March 8, 2006. (Apr. 3)",2006-04-03,https://www.sos.mo.gov/library/reference/orders/2006/eo06_017,C,county/county-equivalent,175,RANDOLPH,0,0,0.0,0.0,Hail,1,0.0
MO-EO-06-17,06-17,Matt Blunt,"Gov. Matt Blunt declares a State of Emergency and directs the Missouri State Emergency Operations Plan be activated in response to severe weather that began on March 8, 2006. (Apr. 3)",2006-04-03,https://www.sos.mo.gov/library/reference/orders/2006/eo06_017,C,county/county-equivalent,179,REYNOLDS,0,0,0.0,0.0,Hail,2,0.0
MO-EO-06-17,06-17,Matt Blunt,"Gov. Matt Blunt declares a State of Emergency and directs the Missouri State Emergency Operations Plan be activated in response to severe weather that began on March 8, 2006. (Apr. 3)",2006-04-03,https://www.sos.mo.gov/library/reference/orders/2006/eo06_017,C,county/county-equivalent,183,ST. CHARLES,0,0,0.0,0.0,"Hail, Thunderstorm Wind",8,0.0
MO-EO-06-17,06-17,Matt Blunt,"Gov. Matt Blunt declares a State of Emergency and directs the Missouri State Emergency Operations Plan be activated in response to severe weather that began on March 8, 2006. (Apr. 3)",2006-04-03,https://www.sos.mo.gov/library/reference/orders/2006/eo06_017,C,county/county-equivalent,185,ST. CLAIR,0,0,0.0,0.0,Hail,1,0.0
MO-EO-06-17,06-17,Matt Blunt,"Gov. Matt Blunt declares a State of Emergency and directs the Missouri State Emergency Operations Plan be activated in response to severe weather that began on March 8, 2006. (Apr. 3)",2006-04-03,https://www.sos.mo.gov/library/reference/orders/2006/eo06_017,C,county/county-equivalent,186,STE. GENEVIEVE,0,0,0.0,0.0,"Thunderstorm Wind, Tornado",3,0.0
MO-EO-06-17,06-17,Matt Blunt,"Gov. Matt Blunt declares a State of Emergency and directs the Missouri State Emergency Operations Plan be activated in response to severe weather that began on March 8, 2006. (Apr. 3)",2006-04-03,https://www.sos.mo.gov/library/reference/orders/2006/eo06_017,C,county/county-equivalent,187,ST. FRANCOIS,0,0,0.0,0.0,"Hail, Thunderstorm Wind, Tornado",3,0.0
MO-EO-06-17,06-17,Matt Blunt,"Gov. Matt Blunt declares a State of Emergency and directs the Missouri State Emergency Operations Plan be activated in response to severe weather that began on March 8, 2006. (Apr. 3)",2006-04-03,https://www.sos.mo.gov/library/reference/orders/2006/eo06_017,C,county/county-equivalent,205,SHELBY,0,0,0.0,0.0,Thunderstorm Wind,1,0.0
MO-EO-06-17,06-17,Matt Blunt,"Gov. Matt Blunt declares a State of Emergency and directs the Missouri State Emergency Operations Plan be activated in response to severe weather that began on March 8, 2006. (Apr. 3)",2006-04-03,https://www.sos.mo.gov/library/reference/orders/2006/eo06_017,C,county/county-equivalent,209,STONE,0,0,0.0,0.0,Hail,4,0.0
MO-EO-06-17,06-17,Matt Blunt,"Gov. Matt Blunt declares a State of Emergency and directs the Missouri State Emergency Operations Plan be activated in response to severe weather that began on March 8, 2006. (Apr. 3)",2006-04-03,https://www.sos.mo.gov/library/reference/orders/2006/eo06_017,C,county/county-equivalent,213,TANEY,0,0,0.0,0.0,Hail,1,0.0
MO-EO-06-17,06-17,Matt Blunt,"Gov. Matt Blunt declares a State of Emergency and directs the Missouri State Emergency Operations Plan be activated in response to severe weather that began on March 8, 2006. (Apr. 3)",2006-04-03,https://www.sos.mo.gov/library/reference/orders/2006/eo06_017,C,county/county-equivalent,215,TEXAS,0,0,0.0,0.0,Hail,1,0.0
MO-EO-06-17,06-17,Matt Blunt,"Gov. Matt Blunt declares a State of Emergency and directs the Missouri State Emergency Operations Plan be activated in response to severe weather that began on March 8, 2006. (Apr. 3)",2006-04-03,https://www.sos.mo.gov/library/reference/orders/2006/eo06_017,C,county/county-equivalent,219,WARREN,0,0,0.0,0.0,"Hail, Thunderstorm Wind",2,0.0
MO-EO-06-17,06-17,Matt Blunt,"Gov. Matt Blunt declares a State of Emergency and directs the Missouri State Emergency Operations Plan be activated in response to severe weather that began on March 8, 2006. (Apr. 3)",2006-04-03,https://www.sos.mo.gov/library/reference/orders/2006/eo06_017,C,county/county-equivalent,221,WASHINGTON,0,0,0.0,0.0,"Hail, Thunderstorm Wind",8,0.0
MO-EO-06-17,06-17,Matt Blunt,"Gov. Matt Blunt declares a State of Emergency and directs the Missouri State Emergency Operations Plan be activated in response to severe weather that began on March 8, 2006. (Apr. 3)",2006-04-03,https://www.sos.mo.gov/library/reference/orders/2006/eo06_017,C,county/county-equivalent,225,WEBSTER,0,0,0.0,0.0,Hail,6,0.0
MO-EO-06-17,06-17,Matt Blunt,"Gov. Matt Blunt declares a State of Emergency and directs the Missouri State Emergency Operations Plan be activated in response to severe weather that began on March 8, 2006. (Apr. 3)",2006-04-03,https://www.sos.mo.gov/library/reference/orders/2006/eo06_017,C,county/county-equivalent,229,WRIGHT,0,0,0.0,0.0,Hail,7,0.0
MO-EO-06-17,06-17,Matt Blunt,"Gov. Matt Blunt declares a State of Emergency and directs the Missouri State Emergency Operations Plan be activated in response to severe weather that began on March 8, 2006. (Apr. 3)",2006-04-03,https://www.sos.mo.gov/library/reference/orders/2006/eo06_017,C,county/county-equivalent,510,ST. LOUIS (C),0,0,0.0,0.0,Thunderstorm Wind,2,0.0
MO-EO-06-25,06-25,Matt Blunt,"Gov. Matt Blunt declares a State of Emergency and directs the Missouri State Emergency Operations Plan be activated in response to severe weather that began on July 19, 2006. (July 20)",2006-07-20,https://www.sos.mo.gov/library/reference/orders/2006/eo06_025,C,county/county-equivalent,510,ST. LOUIS (C),0,32,259000.0,0.0,Thunderstorm Wind,7,259000.0
MO-EO-06-25,06-25,Matt Blunt,"Gov. Matt Blunt declares a State of Emergency and directs the Missouri State Emergency Operations Plan be activated in response to severe weather that began on July 19, 2006. (July 20)",2006-07-20,https://www.sos.mo.gov/library/reference/orders/2006/eo06_025,C,county/county-equivalent,99,JEFFERSON,0,2,0.0,0.0,Thunderstorm Wind,3,0.0
MO-EO-06-25,06-25,Matt Blunt,"Gov. Matt Blunt declares a State of Emergency and directs the Missouri State Emergency Operations Plan be activated in response to severe weather that began on July 19, 2006. (July 20)",2006-07-20,https://www.sos.mo.gov/library/reference/orders/2006/eo06_025,C,county/county-equivalent,71,FRANKLIN,0,1,0.0,0.0,Thunderstorm Wind,4,0.0
MO-EO-06-25,06-25,Matt Blunt,"Gov. Matt Blunt declares a State of Emergency and directs the Missouri State Emergency Operations Plan be activated in response to severe weather that began on July 19, 2006. (July 20)",2006-07-20,https://www.sos.mo.gov/library/reference/orders/2006/eo06_025,C,county/county-equivalent,157,PERRY,0,0,45000.0,0.0,"Thunderstorm Wind, Tornado",2,45000.0
MO-EO-06-25,06-25,Matt Blunt,"Gov. Matt Blunt declares a State of Emergency and directs the Missouri State Emergency Operations Plan be activated in response to severe weather that began on July 19, 2006. (July 20)",2006-07-20,https://www.sos.mo.gov/library/reference/orders/2006/eo06_025,C,county/county-equivalent,149,OREGON,0,0,20000.0,0.0,Thunderstorm Wind,1,20000.0
MO-EO-06-25,06-25,Matt Blunt,"Gov. Matt Blunt declares a State of Emergency and directs the Missouri State Emergency Operations Plan be activated in response to severe weather that began on July 19, 2006. (July 20)",2006-07-20,https://www.sos.mo.gov/library/reference/orders/2006/eo06_025,C,county/county-equivalent,197,SCHUYLER,0,0,15000.0,0.0,"Hail, Tornado",3,15000.0
MO-EO-06-25,06-25,Matt Blunt,"Gov. Matt Blunt declares a State of Emergency and directs the Missouri State Emergency Operations Plan be activated in response to severe weather that began on July 19, 2006. (July 20)",2006-07-20,https://www.sos.mo.gov/library/reference/orders/2006/eo06_025,C,county/county-equivalent,91,HOWELL,0,0,10000.0,0.0,"Flash Flood, Hail, Thunderstorm Wind",6,10000.0
MO-EO-06-25,06-25,Matt Blunt,"Gov. Matt Blunt declares a State of Emergency and directs the Missouri State Emergency Operations Plan be activated in response to severe weather that began on July 19, 2006. (July 20)",2006-07-20,https://www.sos.mo.gov/library/reference/orders/2006/eo06_025,C,county/county-equivalent,153,OZARK,0,0,10000.0,0.0,Thunderstorm Wind,2,10000.0
MO-EO-06-25,06-25,Matt Blunt,"Gov. Matt Blunt declares a State of Emergency and directs the Missouri State Emergency Operations Plan be activated in response to severe weather that began on July 19, 2006. (July 20)",2006-07-20,https://www.sos.mo.gov/library/reference/orders/2006/eo06_025,C,county/county-equivalent,67,DOUGLAS,0,0,5000.0,0.0,Thunderstorm Wind,2,5000.0
MO-EO-06-25,06-25,Matt Blunt,"Gov. Matt Blunt declares a State of Emergency and directs the Missouri State Emergency Operations Plan be activated in response to severe weather that began on July 19, 2006. (July 20)",2006-07-20,https://www.sos.mo.gov/library/reference/orders/2006/eo06_025,C,county/county-equivalent,105,LACLEDE,0,0,5000.0,0.0,Thunderstorm Wind,1,5000.0
MO-EO-06-25,06-25,Matt Blunt,"Gov. Matt Blunt declares a State of Emergency and directs the Missouri State Emergency Operations Plan be activated in response to severe weather that began on July 19, 2006. (July 20)",2006-07-20,https://www.sos.mo.gov/library/reference/orders/2006/eo06_025,C,county/county-equivalent,31,CAPE GIRARDEAU,0,0,2000.0,0.0,Thunderstorm Wind,1,2000.0
MO-EO-06-25,06-25,Matt Blunt,"Gov. Matt Blunt declares a State of Emergency and directs the Missouri State Emergency Operations Plan be activated in response to severe weather that began on July 19, 2006. (July 20)",2006-07-20,https://www.sos.mo.gov/library/reference/orders/2006/eo06_025,C,county/county-equivalent,77,GREENE,0,0,1000.0,0.0,Thunderstorm Wind,1,1000.0
MO-EO-06-25,06-25,Matt Blunt,"Gov. Matt Blunt declares a State of Emergency and directs the Missouri State Emergency Operations Plan be activated in response to severe weather that began on July 19, 2006. (July 20)",2006-07-20,https://www.sos.mo.gov/library/reference/orders/2006/eo06_025,C,county/county-equivalent,199,SCOTLAND,0,0,1000.0,0.0,Thunderstorm Wind,1,1000.0
MO-EO-06-25,06-25,Matt Blunt,"Gov. Matt Blunt declares a State of Emergency and directs the Missouri State Emergency Operations Plan be activated in response to severe weather that began on July 19, 2006. (July 20)",2006-07-20,https://www.sos.mo.gov/library/reference/orders/2006/eo06_025,C,county/county-equivalent,1,ADAIR,0,0,0.0,0.0,Hail,2,0.0
MO-EO-06-25,06-25,Matt Blunt,"Gov. Matt Blunt declares a State of Emergency and directs the Missouri State Emergency Operations Plan be activated in response to severe weather that began on July 19, 2006. (July 20)",2006-07-20,https://www.sos.mo.gov/library/reference/orders/2006/eo06_025,C,county/county-equivalent,7,AUDRAIN,0,0,0.0,0.0,Thunderstorm Wind,1,0.0
MO-EO-06-25,06-25,Matt Blunt,"Gov. Matt Blunt declares a State of Emergency and directs the Missouri State Emergency Operations Plan be activated in response to severe weather that began on July 19, 2006. (July 20)",2006-07-20,https://www.sos.mo.gov/library/reference/orders/2006/eo06_025,C,county/county-equivalent,17,BOLLINGER,0,0,0.0,0.0,Thunderstorm Wind,1,0.0
MO-EO-06-25,06-25,Matt Blunt,"Gov. Matt Blunt declares a State of Emergency and directs the Missouri State Emergency Operations Plan be activated in response to severe weather that began on July 19, 2006. (July 20)",2006-07-20,https://www.sos.mo.gov/library/reference/orders/2006/eo06_025,C,county/county-equivalent,19,BOONE,0,0,0.0,0.0,"Hail, Thunderstorm Wind",5,0.0
MO-EO-06-25,06-25,Matt Blunt,"Gov. Matt Blunt declares a State of Emergency and directs the Missouri State Emergency Operations Plan be activated in response to severe weather that began on July 19, 2006. (July 20)",2006-07-20,https://www.sos.mo.gov/library/reference/orders/2006/eo06_025,C,county/county-equivalent,27,CALLAWAY,0,0,0.0,0.0,Thunderstorm Wind,1,0.0
MO-EO-06-25,06-25,Matt Blunt,"Gov. Matt Blunt declares a State of Emergency and directs the Missouri State Emergency Operations Plan be activated in response to severe weather that began on July 19, 2006. (July 20)",2006-07-20,https://www.sos.mo.gov/library/reference/orders/2006/eo06_025,C,county/county-equivalent,41,CHARITON,0,0,0.0,0.0,Hail,2,0.0
MO-EO-06-25,06-25,Matt Blunt,"Gov. Matt Blunt declares a State of Emergency and directs the Missouri State Emergency Operations Plan be activated in response to severe weather that began on July 19, 2006. (July 20)",2006-07-20,https://www.sos.mo.gov/library/reference/orders/2006/eo06_025,C,county/county-equivalent,43,CHRISTIAN,0,0,0.0,0.0,Thunderstorm Wind,1,0.0
MO-EO-06-25,06-25,Matt Blunt,"Gov. Matt Blunt declares a State of Emergency and directs the Missouri State Emergency Operations Plan be activated in response to severe weather that began on July 19, 2006. (July 20)",2006-07-20,https://www.sos.mo.gov/library/reference/orders/2006/eo06_025,C,county/county-equivalent,55,CRAWFORD,0,0,0.0,0.0,Thunderstorm Wind,2,0.0
MO-EO-06-25,06-25,Matt Blunt,"Gov. Matt Blunt declares a State of Emergency and directs the Missouri State Emergency Operations Plan be activated in response to severe weather that began on July 19, 2006. (July 20)",2006-07-20,https://www.sos.mo.gov/library/reference/orders/2006/eo06_025,C,county/county-equivalent,65,DENT,0,0,0.0,0.0,Thunderstorm Wind,1,0.0
MO-EO-06-25,06-25,Matt Blunt,"Gov. Matt Blunt declares a State of Emergency and directs the Missouri State Emergency Operations Plan be activated in response to severe weather that began on July 19, 2006. (July 20)",2006-07-20,https://www.sos.mo.gov/library/reference/orders/2006/eo06_025,C,county/county-equivalent,73,GASCONADE,0,0,0.0,0.0,Hail,1,0.0
MO-EO-06-25,06-25,Matt Blunt,"Gov. Matt Blunt declares a State of Emergency and directs the Missouri State Emergency Operations Plan be activated in response to severe weather that began on July 19, 2006. (July 20)",2006-07-20,https://www.sos.mo.gov/library/reference/orders/2006/eo06_025,C,county/county-equivalent,93,IRON,0,0,0.0,0.0,"Hail, Thunderstorm Wind",5,0.0
MO-EO-06-25,06-25,Matt Blunt,"Gov. Matt Blunt declares a State of Emergency and directs the Missouri State Emergency Operations Plan be activated in response to severe weather that began on July 19, 2006. (July 20)",2006-07-20,https://www.sos.mo.gov/library/reference/orders/2006/eo06_025,C,county/county-equivalent,113,LINCOLN,0,0,0.0,0.0,Thunderstorm Wind,6,0.0
MO-EO-06-25,06-25,Matt Blunt,"Gov. Matt Blunt declares a State of Emergency and directs the Missouri State Emergency Operations Plan be activated in response to severe weather that began on July 19, 2006. (July 20)",2006-07-20,https://www.sos.mo.gov/library/reference/orders/2006/eo06_025,C,county/county-equivalent,115,LINN,0,0,0.0,0.0,Hail,2,0.0
MO-EO-06-25,06-25,Matt Blunt,"Gov. Matt Blunt declares a State of Emergency and directs the Missouri State Emergency Operations Plan be activated in response to severe weather that began on July 19, 2006. (July 20)",2006-07-20,https://www.sos.mo.gov/library/reference/orders/2006/eo06_025,C,county/county-equivalent,123,MADISON,0,0,0.0,0.0,"Hail, Thunderstorm Wind",3,0.0
MO-EO-06-25,06-25,Matt Blunt,"Gov. Matt Blunt declares a State of Emergency and directs the Missouri State Emergency Operations Plan be activated in response to severe weather that began on July 19, 2006. (July 20)",2006-07-20,https://www.sos.mo.gov/library/reference/orders/2006/eo06_025,C,county/county-equivalent,139,MONTGOMERY,0,0,0.0,0.0,"Hail, Thunderstorm Wind",2,0.0
MO-EO-06-25,06-25,Matt Blunt,"Gov. Matt Blunt declares a State of Emergency and directs the Missouri State Emergency Operations Plan be activated in response to severe weather that began on July 19, 2006. (July 20)",2006-07-20,https://www.sos.mo.gov/library/reference/orders/2006/eo06_025,C,county/county-equivalent,151,OSAGE,0,0,0.0,0.0,"Hail, Thunderstorm Wind",2,0.0
MO-EO-06-25,06-25,Matt Blunt,"Gov. Matt Blunt declares a State of Emergency and directs the Missouri State Emergency Operations Plan be activated in response to severe weather that began on July 19, 2006. (July 20)",2006-07-20,https://www.sos.mo.gov/library/reference/orders/2006/eo06_025,C,county/county-equivalent,161,PHELPS,0,0,0.0,0.0,Hail,3,0.0
MO-EO-06-25,06-25,Matt Blunt,"Gov. Matt Blunt declares a State of Emergency and directs the Missouri State Emergency Operations Plan be activated in response to severe weather that began on July 19, 2006. (July 20)",2006-07-20,https://www.sos.mo.gov/library/reference/orders/2006/eo06_025,C,county/county-equivalent,179,REYNOLDS,0,0,0.0,0.0,Thunderstorm Wind,3,0.0
MO-EO-06-25,06-25,Matt Blunt,"Gov. Matt Blunt declares a State of Emergency and directs the Missouri State Emergency Operations Plan be activated in response to severe weather that began on July 19, 2006. (July 20)",2006-07-20,https://www.sos.mo.gov/library/reference/orders/2006/eo06_025,C,county/county-equivalent,183,ST. CHARLES,0,0,0.0,0.0,"Hail, Thunderstorm Wind",13,0.0
MO-EO-06-25,06-25,Matt Blunt,"Gov. Matt Blunt declares a State of Emergency and directs the Missouri State Emergency Operations Plan be activated in response to severe weather that began on July 19, 2006. (July 20)",2006-07-20,https://www.sos.mo.gov/library/reference/orders/2006/eo06_025,C,county/county-equivalent,186,STE. GENEVIEVE,0,0,0.0,0.0,"Hail, Thunderstorm Wind",2,0.0
MO-EO-06-25,06-25,Matt Blunt,"Gov. Matt Blunt declares a State of Emergency and directs the Missouri State Emergency Operations Plan be activated in response to severe weather that began on July 19, 2006. (July 20)",2006-07-20,https://www.sos.mo.gov/library/reference/orders/2006/eo06_025,C,county/county-equivalent,187,ST. FRANCOIS,0,0,0.0,0.0,"Hail, Thunderstorm Wind",4,0.0
MO-EO-06-25,06-25,Matt Blunt,"Gov. Matt Blunt declares a State of Emergency and directs the Missouri State Emergency Operations Plan be activated in response to severe weather that began on July 19, 2006. (July 20)",2006-07-20,https://www.sos.mo.gov/library/reference/orders/2006/eo06_025,C,county/county-equivalent,189,ST. LOUIS,0,0,0.0,0.0,Thunderstorm Wind,37,0.0
MO-EO-06-25,06-25,Matt Blunt,"Gov. Matt Blunt declares a State of Emergency and directs the Missouri State Emergency Operations Plan be activated in response to severe weather that began on July 19, 2006. (July 20)",2006-07-20,https://www.sos.mo.gov/library/reference/orders/2006/eo06_025,C,county/county-equivalent,203,SHANNON,0,0,0.0,0.0,"Hail, Thunderstorm Wind, Tornado",6,0.0
MO-EO-06-25,06-25,Matt Blunt,"Gov. Matt Blunt declares a State of Emergency and directs the Missouri State Emergency Operations Plan be activated in response to severe weather that began on July 19, 2006. (July 20)",2006-07-20,https://www.sos.mo.gov/library/reference/orders/2006/eo06_025,C,county/county-equivalent,209,STONE,0,0,0.0,0.0,Thunderstorm Wind,1,0.0
MO-EO-06-25,06-25,Matt Blunt,"Gov. Matt Blunt declares a State of Emergency and directs the Missouri State Emergency Operations Plan be activated in response to severe weather that began on July 19, 2006. (July 20)",2006-07-20,https://www.sos.mo.gov/library/reference/orders/2006/eo06_025,C,county/county-equivalent,215,TEXAS,0,0,0.0,0.0,"Hail, Thunderstorm Wind",2,0.0
MO-EO-06-25,06-25,Matt Blunt,"Gov. Matt Blunt declares a State of Emergency and directs the Missouri State Emergency Operations Plan be activated in response to severe weather that began on July 19, 2006. (July 20)",2006-07-20,https://www.sos.mo.gov/library/reference/orders/2006/eo06_025,C,county/county-equivalent,219,WARREN,0,0,0.0,0.0,Thunderstorm Wind,2,0.0
MO-EO-06-25,06-25,Matt Blunt,"Gov. Matt Blunt declares a State of Emergency and directs the Missouri State Emergency Operations Plan be activated in response to severe weather that began on July 19, 2006. (July 20)",2006-07-20,https://www.sos.mo.gov/library/reference/orders/2006/eo06_025,C,county/county-equivalent,221,WASHINGTON,0,0,0.0,0.0,"Hail, Thunderstorm Wind",6,0.0
MO-EO-06-25,06-25,Matt Blunt,"Gov. Matt Blunt declares a State of Emergency and directs the Missouri State Emergency Operations Plan be activated in response to severe weather that began on July 19, 2006. (July 20)",2006-07-20,https://www.sos.mo.gov/library/reference/orders/2006/eo06_025,C,county/county-equivalent,229,WRIGHT,0,0,0.0,0.0,Thunderstorm Wind,1,0.0
MO-EO-06-31,06-31,Matt Blunt,"Gov. Matt Blunt declares a State of Emergency and directs the Missouri State Emergency Operations Plan be activated in response to severe storms that began September 22, 2006. (Sep. 23)",2006-09-23,https://www.sos.mo.gov/library/reference/orders/2006/eo06_031,C,county/county-equivalent,157,PERRY,0,5,7150000.0,0.0,"Hail, Tornado",3,7150000.0
MO-EO-06-31,06-31,Matt Blunt,"Gov. Matt Blunt declares a State of Emergency and directs the Missouri State Emergency Operations Plan be activated in response to severe storms that began September 22, 2006. (Sep. 23)",2006-09-23,https://www.sos.mo.gov/library/reference/orders/2006/eo06_031,C,county/county-equivalent,161,PHELPS,0,2,1500000.0,0.0,"Hail, Thunderstorm Wind, Tornado",5,1500000.0
MO-EO-06-31,06-31,Matt Blunt,"Gov. Matt Blunt declares a State of Emergency and directs the Missouri State Emergency Operations Plan be activated in response to severe storms that began September 22, 2006. (Sep. 23)",2006-09-23,https://www.sos.mo.gov/library/reference/orders/2006/eo06_031,C,county/county-equivalent,123,MADISON,0,1,0.0,0.0,"Thunderstorm Wind, Tornado",2,0.0
MO-EO-06-31,06-31,Matt Blunt,"Gov. Matt Blunt declares a State of Emergency and directs the Missouri State Emergency Operations Plan be activated in response to severe storms that began September 22, 2006. (Sep. 23)",2006-09-23,https://www.sos.mo.gov/library/reference/orders/2006/eo06_031,C,county/county-equivalent,133,MISSISSIPPI,0,0,40000.0,5500000.0,"Flash Flood, Thunderstorm Wind",2,5540000.0
MO-EO-06-31,06-31,Matt Blunt,"Gov. Matt Blunt declares a State of Emergency and directs the Missouri State Emergency Operations Plan be activated in response to severe storms that began September 22, 2006. (Sep. 23)",2006-09-23,https://www.sos.mo.gov/library/reference/orders/2006/eo06_031,C,county/county-equivalent,23,BUTLER,0,0,254000.0,0.0,"Flash Flood, Hail, Tornado",3,254000.0
MO-EO-06-31,06-31,Matt Blunt,"Gov. Matt Blunt declares a State of Emergency and directs the Missouri State Emergency Operations Plan be activated in response to severe storms that began September 22, 2006. (Sep. 23)",2006-09-23,https://www.sos.mo.gov/library/reference/orders/2006/eo06_031,C,county/county-equivalent,69,DUNKLIN,0,0,46010.0,200000.0,"Flash Flood, Heavy Rain, Thunderstorm Wind",5,246010.0
MO-EO-06-31,06-31,Matt Blunt,"Gov. Matt Blunt declares a State of Emergency and directs the Missouri State Emergency Operations Plan be activated in response to severe storms that began September 22, 2006. (Sep. 23)",2006-09-23,https://www.sos.mo.gov/library/reference/orders/2006/eo06_031,C,county/county-equivalent,181,RIPLEY,0,0,110000.0,0.0,Flash Flood,1,110000.0
MO-EO-06-31,06-31,Matt Blunt,"Gov. Matt Blunt declares a State of Emergency and directs the Missouri State Emergency Operations Plan be activated in response to severe storms that began September 22, 2006. (Sep. 23)",2006-09-23,https://www.sos.mo.gov/library/reference/orders/2006/eo06_031,C,county/county-equivalent,91,HOWELL,0,0,100000.0,0.0,"Flash Flood, Thunderstorm Wind",4,100000.0
MO-EO-06-31,06-31,Matt Blunt,"Gov. Matt Blunt declares a State of Emergency and directs the Missouri State Emergency Operations Plan be activated in response to severe storms that began September 22, 2006. (Sep. 23)",2006-09-23,https://www.sos.mo.gov/library/reference/orders/2006/eo06_031,C,county/county-equivalent,143,NEW MADRID,0,0,65000.0,0.0,"Flash Flood, Thunderstorm Wind",2,65000.0
MO-EO-06-31,06-31,Matt Blunt,"Gov. Matt Blunt declares a State of Emergency and directs the Missouri State Emergency Operations Plan be activated in response to severe storms that began September 22, 2006. (Sep. 23)",2006-09-23,https://www.sos.mo.gov/library/reference/orders/2006/eo06_031,C,county/county-equivalent,155,PEMISCOT,0,0,15000.0,50000.0,Flash Flood,1,65000.0
MO-EO-06-31,06-31,Matt Blunt,"Gov. Matt Blunt declares a State of Emergency and directs the Missouri State Emergency Operations Plan be activated in response to severe storms that began September 22, 2006. (Sep. 23)",2006-09-23,https://www.sos.mo.gov/library/reference/orders/2006/eo06_031,C,county/county-equivalent,67,DOUGLAS,0,0,61500.0,0.0,"Hail, Thunderstorm Wind",13,61500.0
MO-EO-06-31,06-31,Matt Blunt,"Gov. Matt Blunt declares a State of Emergency and directs the Missouri State Emergency Operations Plan be activated in response to severe storms that began September 22, 2006. (Sep. 23)",2006-09-23,https://www.sos.mo.gov/library/reference/orders/2006/eo06_031,C,county/county-equivalent,229,WRIGHT,0,0,2000.0,0.0,Hail,3,2000.0
MO-EO-06-31,06-31,Matt Blunt,"Gov. Matt Blunt declares a State of Emergency and directs the Missouri State Emergency Operations Plan be activated in response to severe storms that began September 22, 2006. (Sep. 23)",2006-09-23,https://www.sos.mo.gov/library/reference/orders/2006/eo06_031,C,county/county-equivalent,29,CAMDEN,0,0,0.0,0.0,"Hail, Thunderstorm Wind",3,0.0
MO-EO-06-31,06-31,Matt Blunt,"Gov. Matt Blunt declares a State of Emergency and directs the Missouri State Emergency Operations Plan be activated in response to severe storms that began September 22, 2006. (Sep. 23)",2006-09-23,https://www.sos.mo.gov/library/reference/orders/2006/eo06_031,C,county/county-equivalent,55,CRAWFORD,0,0,0.0,0.0,"Hail, Tornado",6,0.0
MO-EO-06-31,06-31,Matt Blunt,"Gov. Matt Blunt declares a State of Emergency and directs the Missouri State Emergency Operations Plan be activated in response to severe storms that began September 22, 2006. (Sep. 23)",2006-09-23,https://www.sos.mo.gov/library/reference/orders/2006/eo06_031,C,county/county-equivalent,71,FRANKLIN,0,0,0.0,0.0,Hail,2,0.0
MO-EO-06-31,06-31,Matt Blunt,"Gov. Matt Blunt declares a State of Emergency and directs the Missouri State Emergency Operations Plan be activated in response to severe storms that began September 22, 2006. (Sep. 23)",2006-09-23,https://www.sos.mo.gov/library/reference/orders/2006/eo06_031,C,county/county-equivalent,93,IRON,0,0,0.0,0.0,"Hail, Tornado",4,0.0
MO-EO-06-31,06-31,Matt Blunt,"Gov. Matt Blunt declares a State of Emergency and directs the Missouri State Emergency Operations Plan be activated in response to severe storms that began September 22, 2006. (Sep. 23)",2006-09-23,https://www.sos.mo.gov/library/reference/orders/2006/eo06_031,C,county/county-equivalent,99,JEFFERSON,0,0,0.0,0.0,"Hail, Tornado",4,0.0
MO-EO-06-31,06-31,Matt Blunt,"Gov. Matt Blunt declares a State of Emergency and directs the Missouri State Emergency Operations Plan be activated in response to severe storms that began September 22, 2006. (Sep. 23)",2006-09-23,https://www.sos.mo.gov/library/reference/orders/2006/eo06_031,C,county/county-equivalent,105,LACLEDE,0,0,0.0,0.0,Hail,1,0.0
MO-EO-06-31,06-31,Matt Blunt,"Gov. Matt Blunt declares a State of Emergency and directs the Missouri State Emergency Operations Plan be activated in response to severe storms that began September 22, 2006. (Sep. 23)",2006-09-23,https://www.sos.mo.gov/library/reference/orders/2006/eo06_031,C,county/county-equivalent,119,MCDONALD,0,0,0.0,0.0,Hail,2,0.0
MO-EO-06-31,06-31,Matt Blunt,"Gov. Matt Blunt declares a State of Emergency and directs the Missouri State Emergency Operations Plan be activated in response to severe storms that began September 22, 2006. (Sep. 23)",2006-09-23,https://www.sos.mo.gov/library/reference/orders/2006/eo06_031,C,county/county-equivalent,125,MARIES,0,0,0.0,0.0,Hail,1,0.0
MO-EO-06-31,06-31,Matt Blunt,"Gov. Matt Blunt declares a State of Emergency and directs the Missouri State Emergency Operations Plan be activated in response to severe storms that began September 22, 2006. (Sep. 23)",2006-09-23,https://www.sos.mo.gov/library/reference/orders/2006/eo06_031,C,county/county-equivalent,149,OREGON,0,0,0.0,0.0,"Flash Flood, Hail, Thunderstorm Wind",7,0.0
MO-EO-06-31,06-31,Matt Blunt,"Gov. Matt Blunt declares a State of Emergency and directs the Missouri State Emergency Operations Plan be activated in response to severe storms that began September 22, 2006. (Sep. 23)",2006-09-23,https://www.sos.mo.gov/library/reference/orders/2006/eo06_031,C,county/county-equivalent,153,OZARK,0,0,0.0,0.0,"Hail, Thunderstorm Wind",4,0.0
MO-EO-06-31,06-31,Matt Blunt,"Gov. Matt Blunt declares a State of Emergency and directs the Missouri State Emergency Operations Plan be activated in response to severe storms that began September 22, 2006. (Sep. 23)",2006-09-23,https://www.sos.mo.gov/library/reference/orders/2006/eo06_031,C,county/county-equivalent,169,PULASKI,0,0,0.0,0.0,Hail,1,0.0
MO-EO-06-31,06-31,Matt Blunt,"Gov. Matt Blunt declares a State of Emergency and directs the Missouri State Emergency Operations Plan be activated in response to severe storms that began September 22, 2006. (Sep. 23)",2006-09-23,https://www.sos.mo.gov/library/reference/orders/2006/eo06_031,C,county/county-equivalent,179,REYNOLDS,0,0,0.0,0.0,"Hail, Tornado",3,0.0
MO-EO-06-31,06-31,Matt Blunt,"Gov. Matt Blunt declares a State of Emergency and directs the Missouri State Emergency Operations Plan be activated in response to severe storms that began September 22, 2006. (Sep. 23)",2006-09-23,https://www.sos.mo.gov/library/reference/orders/2006/eo06_031,C,county/county-equivalent,187,ST. FRANCOIS,0,0,0.0,0.0,"Hail, Tornado",3,0.0
MO-EO-06-31,06-31,Matt Blunt,"Gov. Matt Blunt declares a State of Emergency and directs the Missouri State Emergency Operations Plan be activated in response to severe storms that began September 22, 2006. (Sep. 23)",2006-09-23,https://www.sos.mo.gov/library/reference/orders/2006/eo06_031,C,county/county-equivalent,203,SHANNON,0,0,0.0,0.0,Thunderstorm Wind,2,0.0
MO-EO-06-31,06-31,Matt Blunt,"Gov. Matt Blunt declares a State of Emergency and directs the Missouri State Emergency Operations Plan be activated in response to severe storms that began September 22, 2006. (Sep. 23)",2006-09-23,https://www.sos.mo.gov/library/reference/orders/2006/eo06_031,C,county/county-equivalent,213,TANEY,0,0,0.0,0.0,Thunderstorm Wind,2,0.0
MO-EO-06-31,06-31,Matt Blunt,"Gov. Matt Blunt declares a State of Emergency and directs the Missouri State Emergency Operations Plan be activated in response to severe storms that began September 22, 2006. (Sep. 23)",2006-09-23,https://www.sos.mo.gov/library/reference/orders/2006/eo06_031,C,county/county-equivalent,215,TEXAS,0,0,0.0,0.0,Hail,3,0.0
MO-EO-06-31,06-31,Matt Blunt,"Gov. Matt Blunt declares a State of Emergency and directs the Missouri State Emergency Operations Plan be activated in response to severe storms that began September 22, 2006. (Sep. 23)",2006-09-23,https://www.sos.mo.gov/library/reference/orders/2006/eo06_031,C,county/county-equivalent,221,WASHINGTON,0,0,0.0,0.0,"Hail, Thunderstorm Wind, Tornado",5,0.0
MO-EO-06-46,06-46,Matt Blunt,"Gov. Matt Blunt declares a State of Emergency and directs the Missouri State Emergency Operations Plan be activated in response to severe storms that began November 30, 2006. (Dec. 1)",2006-12-01,https://www.sos.mo.gov/library/reference/orders/2006/eo06_046,C,county/county-equivalent,41,CHARITON,0,0,0.0,0.0,Hail,1,0.0
MO-EO-07-02,07-02,Matt Blunt,"Gov. Matt Blunt declares a State of Emergency and directs the Missouri State Emergency Operations Plan be activated in response to severe weather that began on January 12, 2007. (Jan. 12)",2007-01-12,https://www.sos.mo.gov/library/reference/orders/2007/eo07_002,C,county/county-equivalent,133,MISSISSIPPI,0,0,50000.0,0.0,Flash Flood,1,50000.0
MO-EO-07-02,07-02,Matt Blunt,"Gov. Matt Blunt declares a State of Emergency and directs the Missouri State Emergency Operations Plan be activated in response to severe weather that began on January 12, 2007. (Jan. 12)",2007-01-12,https://www.sos.mo.gov/library/reference/orders/2007/eo07_002,C,county/county-equivalent,23,BUTLER,0,0,0.0,0.0,Flash Flood,1,0.0
MO-EO-07-02,07-02,Matt Blunt,"Gov. Matt Blunt declares a State of Emergency and directs the Missouri State Emergency Operations Plan be activated in response to severe weather that began on January 12, 2007. (Jan. 12)",2007-01-12,https://www.sos.mo.gov/library/reference/orders/2007/eo07_002,C,county/county-equivalent,143,NEW MADRID,0,0,0.0,0.0,Flash Flood,1,0.0
MO-EO-07-02,07-02,Matt Blunt,"Gov. Matt Blunt declares a State of Emergency and directs the Missouri State Emergency Operations Plan be activated in response to severe weather that began on January 12, 2007. (Jan. 12)",2007-01-12,https://www.sos.mo.gov/library/reference/orders/2007/eo07_002,C,county/county-equivalent,181,RIPLEY,0,0,0.0,0.0,Flash Flood,2,0.0
MO-EO-07-02,07-02,Matt Blunt,"Gov. Matt Blunt declares a State of Emergency and directs the Missouri State Emergency Operations Plan be activated in response to severe weather that began on January 12, 2007. (Jan. 12)",2007-01-12,https://www.sos.mo.gov/library/reference/orders/2007/eo07_002,C,county/county-equivalent,207,STODDARD,0,0,0.0,0.0,Flash Flood,1,0.0
MO-EO-07-02,07-02,Matt Blunt,"Gov. Matt Blunt declares a State of Emergency and directs the Missouri State Emergency Operations Plan be activated in response to severe weather that began on January 12, 2007. (Jan. 12)",2007-01-12,https://www.sos.mo.gov/library/reference/orders/2007/eo07_002,C,county/county-equivalent,223,WAYNE,0,0,0.0,0.0,Flash Flood,1,0.0
MO-EO-07-18,07-18,Matt Blunt,"Gov. Matt Blunt declares a State of Emergency and directs the Missouri State Emergency Operations Plan be activated in response to severe weather that began on May 5, 2007. (May 7)",2007-05-07,https://www.sos.mo.gov/library/reference/orders/2007/eo07_018,C,county/county-equivalent,95,JACKSON,0,0,237000.0,0.0,"Flash Flood, Hail, Heavy Rain",14,237000.0
MO-EO-07-18,07-18,Matt Blunt,"Gov. Matt Blunt declares a State of Emergency and directs the Missouri State Emergency Operations Plan be activated in response to severe weather that began on May 5, 2007. (May 7)",2007-05-07,https://www.sos.mo.gov/library/reference/orders/2007/eo07_018,C,county/county-equivalent,19,BOONE,0,0,45000.0,0.0,"Flash Flood, Hail, Thunderstorm Wind",6,45000.0
MO-EO-07-18,07-18,Matt Blunt,"Gov. Matt Blunt declares a State of Emergency and directs the Missouri State Emergency Operations Plan be activated in response to severe weather that began on May 5, 2007. (May 7)",2007-05-07,https://www.sos.mo.gov/library/reference/orders/2007/eo07_018,C,county/county-equivalent,47,CLAY,0,0,10000.0,0.0,Heavy Rain,1,10000.0
MO-EO-07-18,07-18,Matt Blunt,"Gov. Matt Blunt declares a State of Emergency and directs the Missouri State Emergency Operations Plan be activated in response to severe weather that began on May 5, 2007. (May 7)",2007-05-07,https://www.sos.mo.gov/library/reference/orders/2007/eo07_018,C,county/county-equivalent,185,ST. CLAIR,0,0,10000.0,0.0,Thunderstorm Wind,2,10000.0
MO-EO-07-18,07-18,Matt Blunt,"Gov. Matt Blunt declares a State of Emergency and directs the Missouri State Emergency Operations Plan be activated in response to severe weather that began on May 5, 2007. (May 7)",2007-05-07,https://www.sos.mo.gov/library/reference/orders/2007/eo07_018,C,county/county-equivalent,217,VERNON,0,0,8000.0,0.0,"Flash Flood, Hail, Thunderstorm Wind",9,8000.0
MO-EO-07-18,07-18,Matt Blunt,"Gov. Matt Blunt declares a State of Emergency and directs the Missouri State Emergency Operations Plan be activated in response to severe weather that began on May 5, 2007. (May 7)",2007-05-07,https://www.sos.mo.gov/library/reference/orders/2007/eo07_018,C,county/county-equivalent,135,MONITEAU,0,0,5000.0,0.0,"Flash Flood, Hail, Thunderstorm Wind",6,5000.0
MO-EO-07-18,07-18,Matt Blunt,"Gov. Matt Blunt declares a State of Emergency and directs the Missouri State Emergency Operations Plan be activated in response to severe weather that began on May 5, 2007. (May 7)",2007-05-07,https://www.sos.mo.gov/library/reference/orders/2007/eo07_018,C,county/county-equivalent,3,ANDREW,0,0,0.0,0.0,"Flash Flood, Hail",2,0.0
MO-EO-07-18,07-18,Matt Blunt,"Gov. Matt Blunt declares a State of Emergency and directs the Missouri State Emergency Operations Plan be activated in response to severe weather that began on May 5, 2007. (May 7)",2007-05-07,https://www.sos.mo.gov/library/reference/orders/2007/eo07_018,C,county/county-equivalent,5,ATCHISON,0,0,0.0,0.0,Hail,1,0.0
MO-EO-07-18,07-18,Matt Blunt,"Gov. Matt Blunt declares a State of Emergency and directs the Missouri State Emergency Operations Plan be activated in response to severe weather that began on May 5, 2007. (May 7)",2007-05-07,https://www.sos.mo.gov/library/reference/orders/2007/eo07_018,C,county/county-equivalent,11,BARTON,0,0,0.0,0.0,"Flash Flood, Hail",3,0.0
MO-EO-07-18,07-18,Matt Blunt,"Gov. Matt Blunt declares a State of Emergency and directs the Missouri State Emergency Operations Plan be activated in response to severe weather that began on May 5, 2007. (May 7)",2007-05-07,https://www.sos.mo.gov/library/reference/orders/2007/eo07_018,C,county/county-equivalent,13,BATES,0,0,0.0,0.0,Flash Flood,2,0.0
MO-EO-07-18,07-18,Matt Blunt,"Gov. Matt Blunt declares a State of Emergency and directs the Missouri State Emergency Operations Plan be activated in response to severe weather that began on May 5, 2007. (May 7)",2007-05-07,https://www.sos.mo.gov/library/reference/orders/2007/eo07_018,C,county/county-equivalent,15,BENTON,0,0,0.0,0.0,Hail,1,0.0
MO-EO-07-18,07-18,Matt Blunt,"Gov. Matt Blunt declares a State of Emergency and directs the Missouri State Emergency Operations Plan be activated in response to severe weather that began on May 5, 2007. (May 7)",2007-05-07,https://www.sos.mo.gov/library/reference/orders/2007/eo07_018,C,county/county-equivalent,17,BOLLINGER,0,0,0.0,0.0,Heavy Rain,1,0.0
MO-EO-07-18,07-18,Matt Blunt,"Gov. Matt Blunt declares a State of Emergency and directs the Missouri State Emergency Operations Plan be activated in response to severe weather that began on May 5, 2007. (May 7)",2007-05-07,https://www.sos.mo.gov/library/reference/orders/2007/eo07_018,C,county/county-equivalent,23,BUTLER,0,0,0.0,0.0,Hail,1,0.0
MO-EO-07-18,07-18,Matt Blunt,"Gov. Matt Blunt declares a State of Emergency and directs the Missouri State Emergency Operations Plan be activated in response to severe weather that began on May 5, 2007. (May 7)",2007-05-07,https://www.sos.mo.gov/library/reference/orders/2007/eo07_018,C,county/county-equivalent,29,CAMDEN,0,0,0.0,0.0,Flash Flood,1,0.0
MO-EO-07-18,07-18,Matt Blunt,"Gov. Matt Blunt declares a State of Emergency and directs the Missouri State Emergency Operations Plan be activated in response to severe weather that began on May 5, 2007. (May 7)",2007-05-07,https://www.sos.mo.gov/library/reference/orders/2007/eo07_018,C,county/county-equivalent,37,CASS,0,0,0.0,0.0,"Flash Flood, Hail",3,0.0
MO-EO-07-18,07-18,Matt Blunt,"Gov. Matt Blunt declares a State of Emergency and directs the Missouri State Emergency Operations Plan be activated in response to severe weather that began on May 5, 2007. (May 7)",2007-05-07,https://www.sos.mo.gov/library/reference/orders/2007/eo07_018,C,county/county-equivalent,39,CEDAR,0,0,0.0,0.0,Thunderstorm Wind,1,0.0
MO-EO-07-18,07-18,Matt Blunt,"Gov. Matt Blunt declares a State of Emergency and directs the Missouri State Emergency Operations Plan be activated in response to severe weather that began on May 5, 2007. (May 7)",2007-05-07,https://www.sos.mo.gov/library/reference/orders/2007/eo07_018,C,county/county-equivalent,57,DADE,0,0,0.0,0.0,Hail,1,0.0
MO-EO-07-18,07-18,Matt Blunt,"Gov. Matt Blunt declares a State of Emergency and directs the Missouri State Emergency Operations Plan be activated in response to severe weather that began on May 5, 2007. (May 7)",2007-05-07,https://www.sos.mo.gov/library/reference/orders/2007/eo07_018,C,county/county-equivalent,75,GENTRY,0,0,0.0,0.0,Hail,1,0.0
MO-EO-07-18,07-18,Matt Blunt,"Gov. Matt Blunt declares a State of Emergency and directs the Missouri State Emergency Operations Plan be activated in response to severe weather that began on May 5, 2007. (May 7)",2007-05-07,https://www.sos.mo.gov/library/reference/orders/2007/eo07_018,C,county/county-equivalent,77,GREENE,0,0,0.0,0.0,"Flash Flood, Hail",2,0.0
MO-EO-07-18,07-18,Matt Blunt,"Gov. Matt Blunt declares a State of Emergency and directs the Missouri State Emergency Operations Plan be activated in response to severe weather that began on May 5, 2007. (May 7)",2007-05-07,https://www.sos.mo.gov/library/reference/orders/2007/eo07_018,C,county/county-equivalent,79,GRUNDY,0,0,0.0,0.0,"Flash Flood, Hail",3,0.0
MO-EO-07-18,07-18,Matt Blunt,"Gov. Matt Blunt declares a State of Emergency and directs the Missouri State Emergency Operations Plan be activated in response to severe weather that began on May 5, 2007. (May 7)",2007-05-07,https://www.sos.mo.gov/library/reference/orders/2007/eo07_018,C,county/county-equivalent,83,HENRY,0,0,0.0,0.0,"Flash Flood, Hail, Heavy Rain",5,0.0
MO-EO-07-18,07-18,Matt Blunt,"Gov. Matt Blunt declares a State of Emergency and directs the Missouri State Emergency Operations Plan be activated in response to severe weather that began on May 5, 2007. (May 7)",2007-05-07,https://www.sos.mo.gov/library/reference/orders/2007/eo07_018,C,county/county-equivalent,85,HICKORY,0,0,0.0,0.0,Flash Flood,1,0.0
MO-EO-07-18,07-18,Matt Blunt,"Gov. Matt Blunt declares a State of Emergency and directs the Missouri State Emergency Operations Plan be activated in response to severe weather that began on May 5, 2007. (May 7)",2007-05-07,https://www.sos.mo.gov/library/reference/orders/2007/eo07_018,C,county/county-equivalent,87,HOLT,0,0,0.0,0.0,Flash Flood,1,0.0
MO-EO-07-18,07-18,Matt Blunt,"Gov. Matt Blunt declares a State of Emergency and directs the Missouri State Emergency Operations Plan be activated in response to severe weather that began on May 5, 2007. (May 7)",2007-05-07,https://www.sos.mo.gov/library/reference/orders/2007/eo07_018,C,county/county-equivalent,109,LAWRENCE,0,0,0.0,0.0,Flash Flood,1,0.0
MO-EO-07-18,07-18,Matt Blunt,"Gov. Matt Blunt declares a State of Emergency and directs the Missouri State Emergency Operations Plan be activated in response to severe weather that began on May 5, 2007. (May 7)",2007-05-07,https://www.sos.mo.gov/library/reference/orders/2007/eo07_018,C,county/county-equivalent,117,LIVINGSTON,0,0,0.0,0.0,Hail,2,0.0
MO-EO-07-18,07-18,Matt Blunt,"Gov. Matt Blunt declares a State of Emergency and directs the Missouri State Emergency Operations Plan be activated in response to severe weather that began on May 5, 2007. (May 7)",2007-05-07,https://www.sos.mo.gov/library/reference/orders/2007/eo07_018,C,county/county-equivalent,125,MARIES,0,0,0.0,0.0,Flash Flood,1,0.0
MO-EO-07-18,07-18,Matt Blunt,"Gov. Matt Blunt declares a State of Emergency and directs the Missouri State Emergency Operations Plan be activated in response to severe weather that began on May 5, 2007. (May 7)",2007-05-07,https://www.sos.mo.gov/library/reference/orders/2007/eo07_018,C,county/county-equivalent,131,MILLER,0,0,0.0,0.0,Flash Flood,1,0.0
MO-EO-07-18,07-18,Matt Blunt,"Gov. Matt Blunt declares a State of Emergency and directs the Missouri State Emergency Operations Plan be activated in response to severe weather that began on May 5, 2007. (May 7)",2007-05-07,https://www.sos.mo.gov/library/reference/orders/2007/eo07_018,C,county/county-equivalent,141,MORGAN,0,0,0.0,0.0,"Flash Flood, Hail",2,0.0
MO-EO-07-18,07-18,Matt Blunt,"Gov. Matt Blunt declares a State of Emergency and directs the Missouri State Emergency Operations Plan be activated in response to severe weather that began on May 5, 2007. (May 7)",2007-05-07,https://www.sos.mo.gov/library/reference/orders/2007/eo07_018,C,county/county-equivalent,145,NEWTON,0,0,0.0,0.0,Flash Flood,1,0.0
MO-EO-07-18,07-18,Matt Blunt,"Gov. Matt Blunt declares a State of Emergency and directs the Missouri State Emergency Operations Plan be activated in response to severe weather that began on May 5, 2007. (May 7)",2007-05-07,https://www.sos.mo.gov/library/reference/orders/2007/eo07_018,C,county/county-equivalent,147,NODAWAY,0,0,0.0,0.0,"Flash Flood, Hail, Thunderstorm Wind",5,0.0
MO-EO-07-18,07-18,Matt Blunt,"Gov. Matt Blunt declares a State of Emergency and directs the Missouri State Emergency Operations Plan be activated in response to severe weather that began on May 5, 2007. (May 7)",2007-05-07,https://www.sos.mo.gov/library/reference/orders/2007/eo07_018,C,county/county-equivalent,159,PETTIS,0,0,0.0,0.0,Hail,3,0.0
MO-EO-07-18,07-18,Matt Blunt,"Gov. Matt Blunt declares a State of Emergency and directs the Missouri State Emergency Operations Plan be activated in response to severe weather that began on May 5, 2007. (May 7)",2007-05-07,https://www.sos.mo.gov/library/reference/orders/2007/eo07_018,C,county/county-equivalent,161,PHELPS,0,0,0.0,0.0,Flash Flood,1,0.0
MO-EO-07-18,07-18,Matt Blunt,"Gov. Matt Blunt declares a State of Emergency and directs the Missouri State Emergency Operations Plan be activated in response to severe weather that began on May 5, 2007. (May 7)",2007-05-07,https://www.sos.mo.gov/library/reference/orders/2007/eo07_018,C,county/county-equivalent,167,POLK,0,0,0.0,0.0,Flash Flood,1,0.0
MO-EO-07-18,07-18,Matt Blunt,"Gov. Matt Blunt declares a State of Emergency and directs the Missouri State Emergency Operations Plan be activated in response to severe weather that began on May 5, 2007. (May 7)",2007-05-07,https://www.sos.mo.gov/library/reference/orders/2007/eo07_018,C,county/county-equivalent,169,PULASKI,0,0,0.0,0.0,Flash Flood,1,0.0
MO-EO-07-18,07-18,Matt Blunt,"Gov. Matt Blunt declares a State of Emergency and directs the Missouri State Emergency Operations Plan be activated in response to severe weather that began on May 5, 2007. (May 7)",2007-05-07,https://www.sos.mo.gov/library/reference/orders/2007/eo07_018,C,county/county-equivalent,177,RAY,0,0,0.0,0.0,Flash Flood,1,0.0
MO-EO-07-18,07-18,Matt Blunt,"Gov. Matt Blunt declares a State of Emergency and directs the Missouri State Emergency Operations Plan be activated in response to severe weather that began on May 5, 2007. (May 7)",2007-05-07,https://www.sos.mo.gov/library/reference/orders/2007/eo07_018,C,county/county-equivalent,183,ST. CHARLES,0,0,0.0,0.0,Flash Flood,1,0.0
MO-EO-07-18,07-18,Matt Blunt,"Gov. Matt Blunt declares a State of Emergency and directs the Missouri State Emergency Operations Plan be activated in response to severe weather that began on May 5, 2007. (May 7)",2007-05-07,https://www.sos.mo.gov/library/reference/orders/2007/eo07_018,C,county/county-equivalent,189,ST. LOUIS,0,0,0.0,0.0,Flash Flood,3,0.0
MO-EO-07-18,07-18,Matt Blunt,"Gov. Matt Blunt declares a State of Emergency and directs the Missouri State Emergency Operations Plan be activated in response to severe weather that began on May 5, 2007. (May 7)",2007-05-07,https://www.sos.mo.gov/library/reference/orders/2007/eo07_018,C,county/county-equivalent,209,STONE,0,0,0.0,0.0,Hail,1,0.0
MO-EO-07-18,07-18,Matt Blunt,"Gov. Matt Blunt declares a State of Emergency and directs the Missouri State Emergency Operations Plan be activated in response to severe weather that began on May 5, 2007. (May 7)",2007-05-07,https://www.sos.mo.gov/library/reference/orders/2007/eo07_018,C,county/county-equivalent,213,TANEY,0,0,0.0,0.0,Flash Flood,1,0.0
MO-EO-07-18,07-18,Matt Blunt,"Gov. Matt Blunt declares a State of Emergency and directs the Missouri State Emergency Operations Plan be activated in response to severe weather that began on May 5, 2007. (May 7)",2007-05-07,https://www.sos.mo.gov/library/reference/orders/2007/eo07_018,C,county/county-equivalent,225,WEBSTER,0,0,0.0,0.0,Flash Flood,1,0.0
MO-EO-07-22,07-22,Matt Blunt,"Gov. Matt Blunt declares a State of Emergency and directs the Missouri State Emergency Operations Plan be activated in response to severe weather that began on June 4, 2007. (July 3)",2007-07-03,https://www.sos.mo.gov/library/reference/orders/2007/eo07_022,C,county/county-equivalent,225,WEBSTER,0,3,0.0,0.0,"Flash Flood, Tornado",2,0.0
MO-EO-07-22,07-22,Matt Blunt,"Gov. Matt Blunt declares a State of Emergency and directs the Missouri State Emergency Operations Plan be activated in response to severe weather that began on June 4, 2007. (July 3)",2007-07-03,https://www.sos.mo.gov/library/reference/orders/2007/eo07_022,C,county/county-equivalent,47,CLAY,0,0,20000.0,0.0,Flash Flood,2,20000.0
MO-EO-07-22,07-22,Matt Blunt,"Gov. Matt Blunt declares a State of Emergency and directs the Missouri State Emergency Operations Plan be activated in response to severe weather that began on June 4, 2007. (July 3)",2007-07-03,https://www.sos.mo.gov/library/reference/orders/2007/eo07_022,C,county/county-equivalent,167,POLK,0,0,5000.0,0.0,"Flash Flood, Thunderstorm Wind, Tornado",4,5000.0
MO-EO-07-22,07-22,Matt Blunt,"Gov. Matt Blunt declares a State of Emergency and directs the Missouri State Emergency Operations Plan be activated in response to severe weather that began on June 4, 2007. (July 3)",2007-07-03,https://www.sos.mo.gov/library/reference/orders/2007/eo07_022,C,county/county-equivalent,133,MISSISSIPPI,0,0,4000.0,0.0,Thunderstorm Wind,1,4000.0
MO-EO-07-22,07-22,Matt Blunt,"Gov. Matt Blunt declares a State of Emergency and directs the Missouri State Emergency Operations Plan be activated in response to severe weather that began on June 4, 2007. (July 3)",2007-07-03,https://www.sos.mo.gov/library/reference/orders/2007/eo07_022,C,county/county-equivalent,43,CHRISTIAN,0,0,3000.0,0.0,"Flash Flood, Thunderstorm Wind, Tornado",3,3000.0
MO-EO-07-22,07-22,Matt Blunt,"Gov. Matt Blunt declares a State of Emergency and directs the Missouri State Emergency Operations Plan be activated in response to severe weather that began on June 4, 2007. (July 3)",2007-07-03,https://www.sos.mo.gov/library/reference/orders/2007/eo07_022,C,county/county-equivalent,11,BARTON,0,0,0.0,0.0,Flash Flood,1,0.0
MO-EO-07-22,07-22,Matt Blunt,"Gov. Matt Blunt declares a State of Emergency and directs the Missouri State Emergency Operations Plan be activated in response to severe weather that began on June 4, 2007. (July 3)",2007-07-03,https://www.sos.mo.gov/library/reference/orders/2007/eo07_022,C,county/county-equivalent,13,BATES,0,0,0.0,0.0,Flash Flood,3,0.0
MO-EO-07-22,07-22,Matt Blunt,"Gov. Matt Blunt declares a State of Emergency and directs the Missouri State Emergency Operations Plan be activated in response to severe weather that began on June 4, 2007. (July 3)",2007-07-03,https://www.sos.mo.gov/library/reference/orders/2007/eo07_022,C,county/county-equivalent,15,BENTON,0,0,0.0,0.0,Flash Flood,1,0.0
MO-EO-07-22,07-22,Matt Blunt,"Gov. Matt Blunt declares a State of Emergency and directs the Missouri State Emergency Operations Plan be activated in response to severe weather that began on June 4, 2007. (July 3)",2007-07-03,https://www.sos.mo.gov/library/reference/orders/2007/eo07_022,C,county/county-equivalent,37,CASS,0,0,0.0,0.0,Flash Flood,1,0.0
MO-EO-07-22,07-22,Matt Blunt,"Gov. Matt Blunt declares a State of Emergency and directs the Missouri State Emergency Operations Plan be activated in response to severe weather that began on June 4, 2007. (July 3)",2007-07-03,https://www.sos.mo.gov/library/reference/orders/2007/eo07_022,C,county/county-equivalent,57,DADE,0,0,0.0,0.0,Flash Flood,1,0.0
MO-EO-07-22,07-22,Matt Blunt,"Gov. Matt Blunt declares a State of Emergency and directs the Missouri State Emergency Operations Plan be activated in response to severe weather that began on June 4, 2007. (July 3)",2007-07-03,https://www.sos.mo.gov/library/reference/orders/2007/eo07_022,C,county/county-equivalent,77,GREENE,0,0,0.0,0.0,"Flash Flood, Thunderstorm Wind",2,0.0
MO-EO-07-22,07-22,Matt Blunt,"Gov. Matt Blunt declares a State of Emergency and directs the Missouri State Emergency Operations Plan be activated in response to severe weather that began on June 4, 2007. (July 3)",2007-07-03,https://www.sos.mo.gov/library/reference/orders/2007/eo07_022,C,county/county-equivalent,83,HENRY,0,0,0.0,0.0,Flash Flood,2,0.0
MO-EO-07-22,07-22,Matt Blunt,"Gov. Matt Blunt declares a State of Emergency and directs the Missouri State Emergency Operations Plan be activated in response to severe weather that began on June 4, 2007. (July 3)",2007-07-03,https://www.sos.mo.gov/library/reference/orders/2007/eo07_022,C,county/county-equivalent,91,HOWELL,0,0,0.0,0.0,Flash Flood,1,0.0
MO-EO-07-22,07-22,Matt Blunt,"Gov. Matt Blunt declares a State of Emergency and directs the Missouri State Emergency Operations Plan be activated in response to severe weather that began on June 4, 2007. (July 3)",2007-07-03,https://www.sos.mo.gov/library/reference/orders/2007/eo07_022,C,county/county-equivalent,95,JACKSON,0,0,0.0,0.0,Thunderstorm Wind,1,0.0
MO-EO-07-22,07-22,Matt Blunt,"Gov. Matt Blunt declares a State of Emergency and directs the Missouri State Emergency Operations Plan be activated in response to severe weather that began on June 4, 2007. (July 3)",2007-07-03,https://www.sos.mo.gov/library/reference/orders/2007/eo07_022,C,county/county-equivalent,109,LAWRENCE,0,0,0.0,0.0,Flash Flood,1,0.0
MO-EO-07-22,07-22,Matt Blunt,"Gov. Matt Blunt declares a State of Emergency and directs the Missouri State Emergency Operations Plan be activated in response to severe weather that began on June 4, 2007. (July 3)",2007-07-03,https://www.sos.mo.gov/library/reference/orders/2007/eo07_022,C,county/county-equivalent,131,MILLER,0,0,0.0,0.0,Flash Flood,1,0.0
MO-EO-07-22,07-22,Matt Blunt,"Gov. Matt Blunt declares a State of Emergency and directs the Missouri State Emergency Operations Plan be activated in response to severe weather that began on June 4, 2007. (July 3)",2007-07-03,https://www.sos.mo.gov/library/reference/orders/2007/eo07_022,C,county/county-equivalent,141,MORGAN,0,0,0.0,0.0,Flash Flood,1,0.0
MO-EO-07-22,07-22,Matt Blunt,"Gov. Matt Blunt declares a State of Emergency and directs the Missouri State Emergency Operations Plan be activated in response to severe weather that began on June 4, 2007. (July 3)",2007-07-03,https://www.sos.mo.gov/library/reference/orders/2007/eo07_022,C,county/county-equivalent,153,OZARK,0,0,0.0,0.0,Flash Flood,1,0.0
MO-EO-07-22,07-22,Matt Blunt,"Gov. Matt Blunt declares a State of Emergency and directs the Missouri State Emergency Operations Plan be activated in response to severe weather that began on June 4, 2007. (July 3)",2007-07-03,https://www.sos.mo.gov/library/reference/orders/2007/eo07_022,C,county/county-equivalent,177,RAY,0,0,0.0,0.0,Heavy Rain,1,0.0
MO-EO-07-22,07-22,Matt Blunt,"Gov. Matt Blunt declares a State of Emergency and directs the Missouri State Emergency Operations Plan be activated in response to severe weather that began on June 4, 2007. (July 3)",2007-07-03,https://www.sos.mo.gov/library/reference/orders/2007/eo07_022,C,county/county-equivalent,181,RIPLEY,0,0,0.0,0.0,Heavy Rain,1,0.0
MO-EO-07-22,07-22,Matt Blunt,"Gov. Matt Blunt declares a State of Emergency and directs the Missouri State Emergency Operations Plan be activated in response to severe weather that began on June 4, 2007. (July 3)",2007-07-03,https://www.sos.mo.gov/library/reference/orders/2007/eo07_022,C,county/county-equivalent,185,ST. CLAIR,0,0,0.0,0.0,Flash Flood,1,0.0
MO-EO-07-22,07-22,Matt Blunt,"Gov. Matt Blunt declares a State of Emergency and directs the Missouri State Emergency Operations Plan be activated in response to severe weather that began on June 4, 2007. (July 3)",2007-07-03,https://www.sos.mo.gov/library/reference/orders/2007/eo07_022,C,county/county-equivalent,209,STONE,0,0,0.0,0.0,Flash Flood,1,0.0
MO-EO-07-22,07-22,Matt Blunt,"Gov. Matt Blunt declares a State of Emergency and directs the Missouri State Emergency Operations Plan be activated in response to severe weather that began on June 4, 2007. (July 3)",2007-07-03,https://www.sos.mo.gov/library/reference/orders/2007/eo07_022,C,county/county-equivalent,213,TANEY,0,0,0.0,0.0,Flash Flood,2,0.0
MO-EO-07-22,07-22,Matt Blunt,"Gov. Matt Blunt declares a State of Emergency and directs the Missouri State Emergency Operations Plan be activated in response to severe weather that began on June 4, 2007. (July 3)",2007-07-03,https://www.sos.mo.gov/library/reference/orders/2007/eo07_022,C,county/county-equivalent,215,TEXAS,0,0,0.0,0.0,Flash Flood,1,0.0
MO-EO-07-22,07-22,Matt Blunt,"Gov. Matt Blunt declares a State of Emergency and directs the Missouri State Emergency Operations Plan be activated in response to severe weather that began on June 4, 2007. (July 3)",2007-07-03,https://www.sos.mo.gov/library/reference/orders/2007/eo07_022,C,county/county-equivalent,217,VERNON,0,0,0.0,0.0,Flash Flood,1,0.0
MO-EO-07-25,07-25,Matt Blunt,"Gov. Matt Blunt declares a State of Emergency and directs the Missouri State Emergency Operations Plan be activated in response to severe weather that began on August 19, 2007. (Aug. 24)",2007-08-24,https://www.sos.mo.gov/library/reference/orders/2007/eo07_025,C,county/county-equivalent,161,PHELPS,0,0,20000.0,0.0,"Hail, Thunderstorm Wind, Tornado",4,20000.0
MO-EO-07-25,07-25,Matt Blunt,"Gov. Matt Blunt declares a State of Emergency and directs the Missouri State Emergency Operations Plan be activated in response to severe weather that began on August 19, 2007. (Aug. 24)",2007-08-24,https://www.sos.mo.gov/library/reference/orders/2007/eo07_025,C,county/county-equivalent,199,SCOTLAND,0,0,15000.0,0.0,"Flash Flood, Thunderstorm Wind",3,15000.0
MO-EO-07-25,07-25,Matt Blunt,"Gov. Matt Blunt declares a State of Emergency and directs the Missouri State Emergency Operations Plan be activated in response to severe weather that began on August 19, 2007. (Aug. 24)",2007-08-24,https://www.sos.mo.gov/library/reference/orders/2007/eo07_025,C,county/county-equivalent,211,SULLIVAN,0,0,5000.0,0.0,Thunderstorm Wind,1,5000.0
MO-EO-07-25,07-25,Matt Blunt,"Gov. Matt Blunt declares a State of Emergency and directs the Missouri State Emergency Operations Plan be activated in response to severe weather that began on August 19, 2007. (Aug. 24)",2007-08-24,https://www.sos.mo.gov/library/reference/orders/2007/eo07_025,C,county/county-equivalent,81,HARRISON,0,0,3000.0,0.0,Thunderstorm Wind,1,3000.0
MO-EO-07-25,07-25,Matt Blunt,"Gov. Matt Blunt declares a State of Emergency and directs the Missouri State Emergency Operations Plan be activated in response to severe weather that began on August 19, 2007. (Aug. 24)",2007-08-24,https://www.sos.mo.gov/library/reference/orders/2007/eo07_025,C,county/county-equivalent,11,BARTON,0,0,0.0,0.0,Thunderstorm Wind,1,0.0
MO-EO-07-25,07-25,Matt Blunt,"Gov. Matt Blunt declares a State of Emergency and directs the Missouri State Emergency Operations Plan be activated in response to severe weather that began on August 19, 2007. (Aug. 24)",2007-08-24,https://www.sos.mo.gov/library/reference/orders/2007/eo07_025,C,county/county-equivalent,21,BUCHANAN,0,0,0.0,0.0,Flash Flood,1,0.0
MO-EO-07-25,07-25,Matt Blunt,"Gov. Matt Blunt declares a State of Emergency and directs the Missouri State Emergency Operations Plan be activated in response to severe weather that began on August 19, 2007. (Aug. 24)",2007-08-24,https://www.sos.mo.gov/library/reference/orders/2007/eo07_025,C,county/county-equivalent,39,CEDAR,0,0,0.0,0.0,Thunderstorm Wind,1,0.0
MO-EO-07-25,07-25,Matt Blunt,"Gov. Matt Blunt declares a State of Emergency and directs the Missouri State Emergency Operations Plan be activated in response to severe weather that began on August 19, 2007. (Aug. 24)",2007-08-24,https://www.sos.mo.gov/library/reference/orders/2007/eo07_025,C,county/county-equivalent,43,CHRISTIAN,0,0,0.0,0.0,Thunderstorm Wind,2,0.0
MO-EO-07-25,07-25,Matt Blunt,"Gov. Matt Blunt declares a State of Emergency and directs the Missouri State Emergency Operations Plan be activated in response to severe weather that began on August 19, 2007. (Aug. 24)",2007-08-24,https://www.sos.mo.gov/library/reference/orders/2007/eo07_025,C,county/county-equivalent,45,CLARK,0,0,0.0,0.0,"Flash Flood, Thunderstorm Wind",2,0.0
MO-EO-07-25,07-25,Matt Blunt,"Gov. Matt Blunt declares a State of Emergency and directs the Missouri State Emergency Operations Plan be activated in response to severe weather that began on August 19, 2007. (Aug. 24)",2007-08-24,https://www.sos.mo.gov/library/reference/orders/2007/eo07_025,C,county/county-equivalent,55,CRAWFORD,0,0,0.0,0.0,Thunderstorm Wind,1,0.0
MO-EO-07-25,07-25,Matt Blunt,"Gov. Matt Blunt declares a State of Emergency and directs the Missouri State Emergency Operations Plan be activated in response to severe weather that began on August 19, 2007. (Aug. 24)",2007-08-24,https://www.sos.mo.gov/library/reference/orders/2007/eo07_025,C,county/county-equivalent,65,DENT,0,0,0.0,0.0,Tornado,1,0.0
MO-EO-07-25,07-25,Matt Blunt,"Gov. Matt Blunt declares a State of Emergency and directs the Missouri State Emergency Operations Plan be activated in response to severe weather that began on August 19, 2007. (Aug. 24)",2007-08-24,https://www.sos.mo.gov/library/reference/orders/2007/eo07_025,C,county/county-equivalent,77,GREENE,0,0,0.0,0.0,"Flash Flood, Thunderstorm Wind",2,0.0
MO-EO-07-25,07-25,Matt Blunt,"Gov. Matt Blunt declares a State of Emergency and directs the Missouri State Emergency Operations Plan be activated in response to severe weather that began on August 19, 2007. (Aug. 24)",2007-08-24,https://www.sos.mo.gov/library/reference/orders/2007/eo07_025,C,county/county-equivalent,95,JACKSON,0,0,0.0,0.0,"Hail, Thunderstorm Wind",3,0.0
MO-EO-07-25,07-25,Matt Blunt,"Gov. Matt Blunt declares a State of Emergency and directs the Missouri State Emergency Operations Plan be activated in response to severe weather that began on August 19, 2007. (Aug. 24)",2007-08-24,https://www.sos.mo.gov/library/reference/orders/2007/eo07_025,C,county/county-equivalent,105,LACLEDE,0,0,0.0,0.0,Flash Flood,1,0.0
MO-EO-07-25,07-25,Matt Blunt,"Gov. Matt Blunt declares a State of Emergency and directs the Missouri State Emergency Operations Plan be activated in response to severe weather that began on August 19, 2007. (Aug. 24)",2007-08-24,https://www.sos.mo.gov/library/reference/orders/2007/eo07_025,C,county/county-equivalent,183,ST. CHARLES,0,0,0.0,0.0,Hail,2,0.0
MO-EO-07-25,07-25,Matt Blunt,"Gov. Matt Blunt declares a State of Emergency and directs the Missouri State Emergency Operations Plan be activated in response to severe weather that began on August 19, 2007. (Aug. 24)",2007-08-24,https://www.sos.mo.gov/library/reference/orders/2007/eo07_025,C,county/county-equivalent,189,ST. LOUIS,0,0,0.0,0.0,Thunderstorm Wind,6,0.0
MO-EO-07-25,07-25,Matt Blunt,"Gov. Matt Blunt declares a State of Emergency and directs the Missouri State Emergency Operations Plan be activated in response to severe weather that began on August 19, 2007. (Aug. 24)",2007-08-24,https://www.sos.mo.gov/library/reference/orders/2007/eo07_025,C,county/county-equivalent,197,SCHUYLER,0,0,0.0,0.0,Flash Flood,1,0.0
MO-EO-07-25,07-25,Matt Blunt,"Gov. Matt Blunt declares a State of Emergency and directs the Missouri State Emergency Operations Plan be activated in response to severe weather that began on August 19, 2007. (Aug. 24)",2007-08-24,https://www.sos.mo.gov/library/reference/orders/2007/eo07_025,C,county/county-equivalent,209,STONE,0,0,0.0,0.0,Flash Flood,1,0.0
MO-EO-07-25,07-25,Matt Blunt,"Gov. Matt Blunt declares a State of Emergency and directs the Missouri State Emergency Operations Plan be activated in response to severe weather that began on August 19, 2007. (Aug. 24)",2007-08-24,https://www.sos.mo.gov/library/reference/orders/2007/eo07_025,C,county/county-equivalent,215,TEXAS,0,0,0.0,0.0,Thunderstorm Wind,1,0.0
MO-EO-07-25,07-25,Matt Blunt,"Gov. Matt Blunt declares a State of Emergency and directs the Missouri State Emergency Operations Plan be activated in response to severe weather that began on August 19, 2007. (Aug. 24)",2007-08-24,https://www.sos.mo.gov/library/reference/orders/2007/eo07_025,C,county/county-equivalent,225,WEBSTER,0,0,0.0,0.0,Thunderstorm Wind,1,0.0
MO-EO-07-25,07-25,Matt Blunt,"Gov. Matt Blunt declares a State of Emergency and directs the Missouri State Emergency Operations Plan be activated in response to severe weather that began on August 19, 2007. (Aug. 24)",2007-08-24,https://www.sos.mo.gov/library/reference/orders/2007/eo07_025,C,county/county-equivalent,510,ST. LOUIS (C),0,0,0.0,0.0,Thunderstorm Wind,1,0.0
MO-EO-08-02,08-02,Matt Blunt,"Gov. Matt Blunt declares a State of Emergency and directs the Missouri State Emergency Operations Plan be activated in response to severe weather that began on January 7, 2008. (Jan. 11)",2008-01-11,https://www.sos.mo.gov/library/reference/orders/2008/eo08_002,C,county/county-equivalent,209,STONE,0,0,2015000.0,0.0,"Thunderstorm Wind, Tornado",3,2015000.0
MO-EO-08-02,08-02,Matt Blunt,"Gov. Matt Blunt declares a State of Emergency and directs the Missouri State Emergency Operations Plan be activated in response to severe weather that began on January 7, 2008. (Jan. 11)",2008-01-11,https://www.sos.mo.gov/library/reference/orders/2008/eo08_002,C,county/county-equivalent,225,WEBSTER,0,0,780000.0,0.0,"Thunderstorm Wind, Tornado",4,780000.0
MO-EO-08-02,08-02,Matt Blunt,"Gov. Matt Blunt declares a State of Emergency and directs the Missouri State Emergency Operations Plan be activated in response to severe weather that began on January 7, 2008. (Jan. 11)",2008-01-11,https://www.sos.mo.gov/library/reference/orders/2008/eo08_002,C,county/county-equivalent,43,CHRISTIAN,0,0,405000.0,0.0,"Thunderstorm Wind, Tornado",5,405000.0
MO-EO-08-02,08-02,Matt Blunt,"Gov. Matt Blunt declares a State of Emergency and directs the Missouri State Emergency Operations Plan be activated in response to severe weather that began on January 7, 2008. (Jan. 11)",2008-01-11,https://www.sos.mo.gov/library/reference/orders/2008/eo08_002,C,county/county-equivalent,9,BARRY,0,0,310000.0,0.0,"Thunderstorm Wind, Tornado",5,310000.0
MO-EO-08-02,08-02,Matt Blunt,"Gov. Matt Blunt declares a State of Emergency and directs the Missouri State Emergency Operations Plan be activated in response to severe weather that began on January 7, 2008. (Jan. 11)",2008-01-11,https://www.sos.mo.gov/library/reference/orders/2008/eo08_002,C,county/county-equivalent,207,STODDARD,0,0,255000.0,0.0,"Thunderstorm Wind, Tornado",2,255000.0
MO-EO-08-02,08-02,Matt Blunt,"Gov. Matt Blunt declares a State of Emergency and directs the Missouri State Emergency Operations Plan be activated in response to severe weather that began on January 7, 2008. (Jan. 11)",2008-01-11,https://www.sos.mo.gov/library/reference/orders/2008/eo08_002,C,county/county-equivalent,67,DOUGLAS,0,0,200000.0,0.0,"Hail, Thunderstorm Wind, Tornado",5,200000.0
MO-EO-08-02,08-02,Matt Blunt,"Gov. Matt Blunt declares a State of Emergency and directs the Missouri State Emergency Operations Plan be activated in response to severe weather that began on January 7, 2008. (Jan. 11)",2008-01-11,https://www.sos.mo.gov/library/reference/orders/2008/eo08_002,C,county/county-equivalent,215,TEXAS,0,0,145000.0,0.0,"Thunderstorm Wind, Tornado",4,145000.0
MO-EO-08-02,08-02,Matt Blunt,"Gov. Matt Blunt declares a State of Emergency and directs the Missouri State Emergency Operations Plan be activated in response to severe weather that began on January 7, 2008. (Jan. 11)",2008-01-11,https://www.sos.mo.gov/library/reference/orders/2008/eo08_002,C,county/county-equivalent,229,WRIGHT,0,0,100000.0,0.0,"Hail, Thunderstorm Wind, Tornado",5,100000.0
MO-EO-08-02,08-02,Matt Blunt,"Gov. Matt Blunt declares a State of Emergency and directs the Missouri State Emergency Operations Plan be activated in response to severe weather that began on January 7, 2008. (Jan. 11)",2008-01-11,https://www.sos.mo.gov/library/reference/orders/2008/eo08_002,C,county/county-equivalent,203,SHANNON,0,0,95000.0,0.0,"Thunderstorm Wind, Tornado",6,95000.0
MO-EO-08-02,08-02,Matt Blunt,"Gov. Matt Blunt declares a State of Emergency and directs the Missouri State Emergency Operations Plan be activated in response to severe weather that began on January 7, 2008. (Jan. 11)",2008-01-11,https://www.sos.mo.gov/library/reference/orders/2008/eo08_002,C,county/county-equivalent,213,TANEY,0,0,75000.0,0.0,"Thunderstorm Wind, Tornado",2,75000.0
MO-EO-08-02,08-02,Matt Blunt,"Gov. Matt Blunt declares a State of Emergency and directs the Missouri State Emergency Operations Plan be activated in response to severe weather that began on January 7, 2008. (Jan. 11)",2008-01-11,https://www.sos.mo.gov/library/reference/orders/2008/eo08_002,C,county/county-equivalent,77,GREENE,0,0,70000.0,0.0,"Hail, Thunderstorm Wind, Tornado",9,70000.0
MO-EO-08-02,08-02,Matt Blunt,"Gov. Matt Blunt declares a State of Emergency and directs the Missouri State Emergency Operations Plan be activated in response to severe weather that began on January 7, 2008. (Jan. 11)",2008-01-11,https://www.sos.mo.gov/library/reference/orders/2008/eo08_002,C,county/county-equivalent,69,DUNKLIN,0,0,50000.0,0.0,Thunderstorm Wind,1,50000.0
MO-EO-08-02,08-02,Matt Blunt,"Gov. Matt Blunt declares a State of Emergency and directs the Missouri State Emergency Operations Plan be activated in response to severe weather that began on January 7, 2008. (Jan. 11)",2008-01-11,https://www.sos.mo.gov/library/reference/orders/2008/eo08_002,C,county/county-equivalent,97,JASPER,0,0,30000.0,0.0,Thunderstorm Wind,2,30000.0
MO-EO-08-02,08-02,Matt Blunt,"Gov. Matt Blunt declares a State of Emergency and directs the Missouri State Emergency Operations Plan be activated in response to severe weather that began on January 7, 2008. (Jan. 11)",2008-01-11,https://www.sos.mo.gov/library/reference/orders/2008/eo08_002,C,county/county-equivalent,217,VERNON,0,0,20000.0,0.0,Thunderstorm Wind,1,20000.0
MO-EO-08-02,08-02,Matt Blunt,"Gov. Matt Blunt declares a State of Emergency and directs the Missouri State Emergency Operations Plan be activated in response to severe weather that began on January 7, 2008. (Jan. 11)",2008-01-11,https://www.sos.mo.gov/library/reference/orders/2008/eo08_002,C,county/county-equivalent,105,LACLEDE,0,0,10000.0,0.0,Thunderstorm Wind,1,10000.0
MO-EO-08-02,08-02,Matt Blunt,"Gov. Matt Blunt declares a State of Emergency and directs the Missouri State Emergency Operations Plan be activated in response to severe weather that began on January 7, 2008. (Jan. 11)",2008-01-11,https://www.sos.mo.gov/library/reference/orders/2008/eo08_002,C,county/county-equivalent,153,OZARK,0,0,10000.0,0.0,Thunderstorm Wind,1,10000.0
MO-EO-08-02,08-02,Matt Blunt,"Gov. Matt Blunt declares a State of Emergency and directs the Missouri State Emergency Operations Plan be activated in response to severe weather that began on January 7, 2008. (Jan. 11)",2008-01-11,https://www.sos.mo.gov/library/reference/orders/2008/eo08_002,C,county/county-equivalent,91,HOWELL,0,0,1000.0,0.0,Tornado,1,1000.0
MO-EO-08-02,08-02,Matt Blunt,"Gov. Matt Blunt declares a State of Emergency and directs the Missouri State Emergency Operations Plan be activated in response to severe weather that began on January 7, 2008. (Jan. 11)",2008-01-11,https://www.sos.mo.gov/library/reference/orders/2008/eo08_002,C,county/county-equivalent,149,OREGON,0,0,1000.0,0.0,Tornado,1,1000.0
MO-EO-08-02,08-02,Matt Blunt,"Gov. Matt Blunt declares a State of Emergency and directs the Missouri State Emergency Operations Plan be activated in response to severe weather that began on January 7, 2008. (Jan. 11)",2008-01-11,https://www.sos.mo.gov/library/reference/orders/2008/eo08_002,C,county/county-equivalent,55,CRAWFORD,0,0,0.0,0.0,Hail,3,0.0
MO-EO-08-02,08-02,Matt Blunt,"Gov. Matt Blunt declares a State of Emergency and directs the Missouri State Emergency Operations Plan be activated in response to severe weather that began on January 7, 2008. (Jan. 11)",2008-01-11,https://www.sos.mo.gov/library/reference/orders/2008/eo08_002,C,county/county-equivalent,71,FRANKLIN,0,0,0.0,0.0,Hail,1,0.0
MO-EO-08-02,08-02,Matt Blunt,"Gov. Matt Blunt declares a State of Emergency and directs the Missouri State Emergency Operations Plan be activated in response to severe weather that began on January 7, 2008. (Jan. 11)",2008-01-11,https://www.sos.mo.gov/library/reference/orders/2008/eo08_002,C,county/county-equivalent,83,HENRY,0,0,0.0,0.0,Hail,1,0.0
MO-EO-08-02,08-02,Matt Blunt,"Gov. Matt Blunt declares a State of Emergency and directs the Missouri State Emergency Operations Plan be activated in response to severe weather that began on January 7, 2008. (Jan. 11)",2008-01-11,https://www.sos.mo.gov/library/reference/orders/2008/eo08_002,C,county/county-equivalent,93,IRON,0,0,0.0,0.0,Thunderstorm Wind,1,0.0
MO-EO-08-02,08-02,Matt Blunt,"Gov. Matt Blunt declares a State of Emergency and directs the Missouri State Emergency Operations Plan be activated in response to severe weather that began on January 7, 2008. (Jan. 11)",2008-01-11,https://www.sos.mo.gov/library/reference/orders/2008/eo08_002,C,county/county-equivalent,151,OSAGE,0,0,0.0,0.0,Thunderstorm Wind,2,0.0
MO-EO-08-02,08-02,Matt Blunt,"Gov. Matt Blunt declares a State of Emergency and directs the Missouri State Emergency Operations Plan be activated in response to severe weather that began on January 7, 2008. (Jan. 11)",2008-01-11,https://www.sos.mo.gov/library/reference/orders/2008/eo08_002,C,county/county-equivalent,179,REYNOLDS,0,0,0.0,0.0,Thunderstorm Wind,3,0.0
MO-EO-08-07,08-07,Matt Blunt,"Gov. Matt Blunt declares a State of Emergency and directs the Missouri State Emergency Operations Plan be activated in response to severe winter weather that began on February 10, 2008. (Feb. 12)",2008-02-12,https://www.sos.mo.gov/library/reference/orders/2008/eo08_007,Z,NWS forecast zone,87,CAPE GIRARDEAU,0,0,3000000.0,0.0,Winter Storm,1,3000000.0
MO-EO-08-07,08-07,Matt Blunt,"Gov. Matt Blunt declares a State of Emergency and directs the Missouri State Emergency Operations Plan be activated in response to severe winter weather that began on February 10, 2008. (Feb. 12)",2008-02-12,https://www.sos.mo.gov/library/reference/orders/2008/eo08_007,Z,NWS forecast zone,86,BOLLINGER,0,0,2000000.0,0.0,Winter Storm,1,2000000.0
MO-EO-08-07,08-07,Matt Blunt,"Gov. Matt Blunt declares a State of Emergency and directs the Missouri State Emergency Operations Plan be activated in response to severe winter weather that began on February 10, 2008. (Feb. 12)",2008-02-12,https://www.sos.mo.gov/library/reference/orders/2008/eo08_007,Z,NWS forecast zone,100,WAYNE,0,0,1000000.0,0.0,Winter Storm,1,1000000.0
MO-EO-08-07,08-07,Matt Blunt,"Gov. Matt Blunt declares a State of Emergency and directs the Missouri State Emergency Operations Plan be activated in response to severe winter weather that began on February 10, 2008. (Feb. 12)",2008-02-12,https://www.sos.mo.gov/library/reference/orders/2008/eo08_007,Z,NWS forecast zone,107,CARTER,0,0,1000000.0,0.0,Winter Storm,1,1000000.0
MO-EO-08-07,08-07,Matt Blunt,"Gov. Matt Blunt declares a State of Emergency and directs the Missouri State Emergency Operations Plan be activated in response to severe winter weather that began on February 10, 2008. (Feb. 12)",2008-02-12,https://www.sos.mo.gov/library/reference/orders/2008/eo08_007,Z,NWS forecast zone,109,BUTLER,0,0,1000000.0,0.0,Winter Storm,1,1000000.0
MO-EO-08-07,08-07,Matt Blunt,"Gov. Matt Blunt declares a State of Emergency and directs the Missouri State Emergency Operations Plan be activated in response to severe winter weather that began on February 10, 2008. (Feb. 12)",2008-02-12,https://www.sos.mo.gov/library/reference/orders/2008/eo08_007,Z,NWS forecast zone,108,RIPLEY,0,0,500000.0,0.0,Winter Storm,1,500000.0
MO-EO-08-07,08-07,Matt Blunt,"Gov. Matt Blunt declares a State of Emergency and directs the Missouri State Emergency Operations Plan be activated in response to severe winter weather that began on February 10, 2008. (Feb. 12)",2008-02-12,https://www.sos.mo.gov/library/reference/orders/2008/eo08_007,Z,NWS forecast zone,110,STODDARD,0,0,500000.0,0.0,Winter Storm,1,500000.0
MO-EO-08-07,08-07,Matt Blunt,"Gov. Matt Blunt declares a State of Emergency and directs the Missouri State Emergency Operations Plan be activated in response to severe winter weather that began on February 10, 2008. (Feb. 12)",2008-02-12,https://www.sos.mo.gov/library/reference/orders/2008/eo08_007,Z,NWS forecast zone,41,BOONE,0,0,0.0,0.0,Winter Weather,1,0.0
MO-EO-08-07,08-07,Matt Blunt,"Gov. Matt Blunt declares a State of Emergency and directs the Missouri State Emergency Operations Plan be activated in response to severe winter weather that began on February 10, 2008. (Feb. 12)",2008-02-12,https://www.sos.mo.gov/library/reference/orders/2008/eo08_007,Z,NWS forecast zone,47,MONITEAU,0,0,0.0,0.0,Winter Weather,1,0.0
MO-EO-08-07,08-07,Matt Blunt,"Gov. Matt Blunt declares a State of Emergency and directs the Missouri State Emergency Operations Plan be activated in response to severe winter weather that began on February 10, 2008. (Feb. 12)",2008-02-12,https://www.sos.mo.gov/library/reference/orders/2008/eo08_007,Z,NWS forecast zone,48,COLE,0,0,0.0,0.0,Winter Weather,1,0.0
MO-EO-08-07,08-07,Matt Blunt,"Gov. Matt Blunt declares a State of Emergency and directs the Missouri State Emergency Operations Plan be activated in response to severe winter weather that began on February 10, 2008. (Feb. 12)",2008-02-12,https://www.sos.mo.gov/library/reference/orders/2008/eo08_007,Z,NWS forecast zone,49,OSAGE,0,0,0.0,0.0,Winter Weather,1,0.0
MO-EO-08-07,08-07,Matt Blunt,"Gov. Matt Blunt declares a State of Emergency and directs the Missouri State Emergency Operations Plan be activated in response to severe winter weather that began on February 10, 2008. (Feb. 12)",2008-02-12,https://www.sos.mo.gov/library/reference/orders/2008/eo08_007,Z,NWS forecast zone,51,MONTGOMERY,0,0,0.0,0.0,Winter Weather,1,0.0
MO-EO-08-07,08-07,Matt Blunt,"Gov. Matt Blunt declares a State of Emergency and directs the Missouri State Emergency Operations Plan be activated in response to severe winter weather that began on February 10, 2008. (Feb. 12)",2008-02-12,https://www.sos.mo.gov/library/reference/orders/2008/eo08_007,Z,NWS forecast zone,57,MILLER,0,0,0.0,0.0,Ice Storm,1,0.0
MO-EO-08-07,08-07,Matt Blunt,"Gov. Matt Blunt declares a State of Emergency and directs the Missouri State Emergency Operations Plan be activated in response to severe winter weather that began on February 10, 2008. (Feb. 12)",2008-02-12,https://www.sos.mo.gov/library/reference/orders/2008/eo08_007,Z,NWS forecast zone,58,MARIES,0,0,0.0,0.0,Ice Storm,1,0.0
MO-EO-08-07,08-07,Matt Blunt,"Gov. Matt Blunt declares a State of Emergency and directs the Missouri State Emergency Operations Plan be activated in response to severe winter weather that began on February 10, 2008. (Feb. 12)",2008-02-12,https://www.sos.mo.gov/library/reference/orders/2008/eo08_007,Z,NWS forecast zone,59,GASCONADE,0,0,0.0,0.0,Winter Weather,1,0.0
MO-EO-08-07,08-07,Matt Blunt,"Gov. Matt Blunt declares a State of Emergency and directs the Missouri State Emergency Operations Plan be activated in response to severe winter weather that began on February 10, 2008. (Feb. 12)",2008-02-12,https://www.sos.mo.gov/library/reference/orders/2008/eo08_007,Z,NWS forecast zone,60,WARREN,0,0,0.0,0.0,Winter Weather,1,0.0
MO-EO-08-07,08-07,Matt Blunt,"Gov. Matt Blunt declares a State of Emergency and directs the Missouri State Emergency Operations Plan be activated in response to severe winter weather that began on February 10, 2008. (Feb. 12)",2008-02-12,https://www.sos.mo.gov/library/reference/orders/2008/eo08_007,Z,NWS forecast zone,61,ST. CHARLES,0,0,0.0,0.0,Winter Weather,1,0.0
MO-EO-08-07,08-07,Matt Blunt,"Gov. Matt Blunt declares a State of Emergency and directs the Missouri State Emergency Operations Plan be activated in response to severe winter weather that began on February 10, 2008. (Feb. 12)",2008-02-12,https://www.sos.mo.gov/library/reference/orders/2008/eo08_007,Z,NWS forecast zone,62,FRANKLIN,0,0,0.0,0.0,Winter Weather,1,0.0
MO-EO-08-07,08-07,Matt Blunt,"Gov. Matt Blunt declares a State of Emergency and directs the Missouri State Emergency Operations Plan be activated in response to severe winter weather that began on February 10, 2008. (Feb. 12)",2008-02-12,https://www.sos.mo.gov/library/reference/orders/2008/eo08_007,Z,NWS forecast zone,63,ST. LOUIS,0,0,0.0,0.0,Winter Weather,1,0.0
MO-EO-08-07,08-07,Matt Blunt,"Gov. Matt Blunt declares a State of Emergency and directs the Missouri State Emergency Operations Plan be activated in response to severe winter weather that began on February 10, 2008. (Feb. 12)",2008-02-12,https://www.sos.mo.gov/library/reference/orders/2008/eo08_007,Z,NWS forecast zone,64,ST. LOUIS (C),0,0,0.0,0.0,Winter Weather,1,0.0
MO-EO-08-07,08-07,Matt Blunt,"Gov. Matt Blunt declares a State of Emergency and directs the Missouri State Emergency Operations Plan be activated in response to severe winter weather that began on February 10, 2008. (Feb. 12)",2008-02-12,https://www.sos.mo.gov/library/reference/orders/2008/eo08_007,Z,NWS forecast zone,65,JEFFERSON,0,0,0.0,0.0,Sleet,1,0.0
MO-EO-08-07,08-07,Matt Blunt,"Gov. Matt Blunt declares a State of Emergency and directs the Missouri State Emergency Operations Plan be activated in response to severe winter weather that began on February 10, 2008. (Feb. 12)",2008-02-12,https://www.sos.mo.gov/library/reference/orders/2008/eo08_007,Z,NWS forecast zone,66,VERNON,0,0,0.0,0.0,Ice Storm,1,0.0
MO-EO-08-07,08-07,Matt Blunt,"Gov. Matt Blunt declares a State of Emergency and directs the Missouri State Emergency Operations Plan be activated in response to severe winter weather that began on February 10, 2008. (Feb. 12)",2008-02-12,https://www.sos.mo.gov/library/reference/orders/2008/eo08_007,Z,NWS forecast zone,68,HICKORY,0,0,0.0,0.0,Ice Storm,1,0.0
MO-EO-08-07,08-07,Matt Blunt,"Gov. Matt Blunt declares a State of Emergency and directs the Missouri State Emergency Operations Plan be activated in response to severe winter weather that began on February 10, 2008. (Feb. 12)",2008-02-12,https://www.sos.mo.gov/library/reference/orders/2008/eo08_007,Z,NWS forecast zone,69,CAMDEN,0,0,0.0,0.0,Ice Storm,1,0.0
MO-EO-08-07,08-07,Matt Blunt,"Gov. Matt Blunt declares a State of Emergency and directs the Missouri State Emergency Operations Plan be activated in response to severe winter weather that began on February 10, 2008. (Feb. 12)",2008-02-12,https://www.sos.mo.gov/library/reference/orders/2008/eo08_007,Z,NWS forecast zone,70,PULASKI,0,0,0.0,0.0,Ice Storm,1,0.0
MO-EO-08-07,08-07,Matt Blunt,"Gov. Matt Blunt declares a State of Emergency and directs the Missouri State Emergency Operations Plan be activated in response to severe winter weather that began on February 10, 2008. (Feb. 12)",2008-02-12,https://www.sos.mo.gov/library/reference/orders/2008/eo08_007,Z,NWS forecast zone,71,PHELPS,0,0,0.0,0.0,Ice Storm,1,0.0
MO-EO-08-07,08-07,Matt Blunt,"Gov. Matt Blunt declares a State of Emergency and directs the Missouri State Emergency Operations Plan be activated in response to severe winter weather that began on February 10, 2008. (Feb. 12)",2008-02-12,https://www.sos.mo.gov/library/reference/orders/2008/eo08_007,Z,NWS forecast zone,72,CRAWFORD,0,0,0.0,0.0,Sleet,1,0.0
MO-EO-08-07,08-07,Matt Blunt,"Gov. Matt Blunt declares a State of Emergency and directs the Missouri State Emergency Operations Plan be activated in response to severe winter weather that began on February 10, 2008. (Feb. 12)",2008-02-12,https://www.sos.mo.gov/library/reference/orders/2008/eo08_007,Z,NWS forecast zone,74,ST. FRANCOIS,0,0,0.0,0.0,Sleet,1,0.0
MO-EO-08-07,08-07,Matt Blunt,"Gov. Matt Blunt declares a State of Emergency and directs the Missouri State Emergency Operations Plan be activated in response to severe winter weather that began on February 10, 2008. (Feb. 12)",2008-02-12,https://www.sos.mo.gov/library/reference/orders/2008/eo08_007,Z,NWS forecast zone,75,STE. GENEVIEVE,0,0,0.0,0.0,Sleet,1,0.0
MO-EO-08-07,08-07,Matt Blunt,"Gov. Matt Blunt declares a State of Emergency and directs the Missouri State Emergency Operations Plan be activated in response to severe winter weather that began on February 10, 2008. (Feb. 12)",2008-02-12,https://www.sos.mo.gov/library/reference/orders/2008/eo08_007,Z,NWS forecast zone,76,PERRY,0,0,0.0,0.0,Winter Storm,1,0.0
MO-EO-08-07,08-07,Matt Blunt,"Gov. Matt Blunt declares a State of Emergency and directs the Missouri State Emergency Operations Plan be activated in response to severe winter weather that began on February 10, 2008. (Feb. 12)",2008-02-12,https://www.sos.mo.gov/library/reference/orders/2008/eo08_007,Z,NWS forecast zone,78,CEDAR,0,0,0.0,0.0,Ice Storm,1,0.0
MO-EO-08-07,08-07,Matt Blunt,"Gov. Matt Blunt declares a State of Emergency and directs the Missouri State Emergency Operations Plan be activated in response to severe winter weather that began on February 10, 2008. (Feb. 12)",2008-02-12,https://www.sos.mo.gov/library/reference/orders/2008/eo08_007,Z,NWS forecast zone,79,POLK,0,0,0.0,0.0,Ice Storm,1,0.0
MO-EO-08-07,08-07,Matt Blunt,"Gov. Matt Blunt declares a State of Emergency and directs the Missouri State Emergency Operations Plan be activated in response to severe winter weather that began on February 10, 2008. (Feb. 12)",2008-02-12,https://www.sos.mo.gov/library/reference/orders/2008/eo08_007,Z,NWS forecast zone,80,DALLAS,0,0,0.0,0.0,Ice Storm,1,0.0
MO-EO-08-07,08-07,Matt Blunt,"Gov. Matt Blunt declares a State of Emergency and directs the Missouri State Emergency Operations Plan be activated in response to severe winter weather that began on February 10, 2008. (Feb. 12)",2008-02-12,https://www.sos.mo.gov/library/reference/orders/2008/eo08_007,Z,NWS forecast zone,81,LACLEDE,0,0,0.0,0.0,Ice Storm,1,0.0
MO-EO-08-07,08-07,Matt Blunt,"Gov. Matt Blunt declares a State of Emergency and directs the Missouri State Emergency Operations Plan be activated in response to severe winter weather that began on February 10, 2008. (Feb. 12)",2008-02-12,https://www.sos.mo.gov/library/reference/orders/2008/eo08_007,Z,NWS forecast zone,82,TEXAS,0,0,0.0,0.0,Ice Storm,1,0.0
MO-EO-08-07,08-07,Matt Blunt,"Gov. Matt Blunt declares a State of Emergency and directs the Missouri State Emergency Operations Plan be activated in response to severe winter weather that began on February 10, 2008. (Feb. 12)",2008-02-12,https://www.sos.mo.gov/library/reference/orders/2008/eo08_007,Z,NWS forecast zone,83,DENT,0,0,0.0,0.0,Ice Storm,1,0.0
MO-EO-08-07,08-07,Matt Blunt,"Gov. Matt Blunt declares a State of Emergency and directs the Missouri State Emergency Operations Plan be activated in response to severe winter weather that began on February 10, 2008. (Feb. 12)",2008-02-12,https://www.sos.mo.gov/library/reference/orders/2008/eo08_007,Z,NWS forecast zone,84,IRON,0,0,0.0,0.0,Sleet,1,0.0
MO-EO-08-07,08-07,Matt Blunt,"Gov. Matt Blunt declares a State of Emergency and directs the Missouri State Emergency Operations Plan be activated in response to severe winter weather that began on February 10, 2008. (Feb. 12)",2008-02-12,https://www.sos.mo.gov/library/reference/orders/2008/eo08_007,Z,NWS forecast zone,85,MADISON,0,0,0.0,0.0,Sleet,1,0.0
MO-EO-08-07,08-07,Matt Blunt,"Gov. Matt Blunt declares a State of Emergency and directs the Missouri State Emergency Operations Plan be activated in response to severe winter weather that began on February 10, 2008. (Feb. 12)",2008-02-12,https://www.sos.mo.gov/library/reference/orders/2008/eo08_007,Z,NWS forecast zone,88,JASPER,0,0,0.0,0.0,Ice Storm,1,0.0
MO-EO-08-07,08-07,Matt Blunt,"Gov. Matt Blunt declares a State of Emergency and directs the Missouri State Emergency Operations Plan be activated in response to severe winter weather that began on February 10, 2008. (Feb. 12)",2008-02-12,https://www.sos.mo.gov/library/reference/orders/2008/eo08_007,Z,NWS forecast zone,89,DADE,0,0,0.0,0.0,Ice Storm,1,0.0
MO-EO-08-07,08-07,Matt Blunt,"Gov. Matt Blunt declares a State of Emergency and directs the Missouri State Emergency Operations Plan be activated in response to severe winter weather that began on February 10, 2008. (Feb. 12)",2008-02-12,https://www.sos.mo.gov/library/reference/orders/2008/eo08_007,Z,NWS forecast zone,90,GREENE,0,0,0.0,0.0,Ice Storm,1,0.0
MO-EO-08-07,08-07,Matt Blunt,"Gov. Matt Blunt declares a State of Emergency and directs the Missouri State Emergency Operations Plan be activated in response to severe winter weather that began on February 10, 2008. (Feb. 12)",2008-02-12,https://www.sos.mo.gov/library/reference/orders/2008/eo08_007,Z,NWS forecast zone,91,WEBSTER,0,0,0.0,0.0,Ice Storm,1,0.0
MO-EO-08-07,08-07,Matt Blunt,"Gov. Matt Blunt declares a State of Emergency and directs the Missouri State Emergency Operations Plan be activated in response to severe winter weather that began on February 10, 2008. (Feb. 12)",2008-02-12,https://www.sos.mo.gov/library/reference/orders/2008/eo08_007,Z,NWS forecast zone,92,WRIGHT,0,0,0.0,0.0,Ice Storm,1,0.0
MO-EO-08-07,08-07,Matt Blunt,"Gov. Matt Blunt declares a State of Emergency and directs the Missouri State Emergency Operations Plan be activated in response to severe winter weather that began on February 10, 2008. (Feb. 12)",2008-02-12,https://www.sos.mo.gov/library/reference/orders/2008/eo08_007,Z,NWS forecast zone,93,NEWTON,0,0,0.0,0.0,Ice Storm,1,0.0
MO-EO-08-07,08-07,Matt Blunt,"Gov. Matt Blunt declares a State of Emergency and directs the Missouri State Emergency Operations Plan be activated in response to severe winter weather that began on February 10, 2008. (Feb. 12)",2008-02-12,https://www.sos.mo.gov/library/reference/orders/2008/eo08_007,Z,NWS forecast zone,94,LAWRENCE,0,0,0.0,0.0,Ice Storm,1,0.0
MO-EO-08-07,08-07,Matt Blunt,"Gov. Matt Blunt declares a State of Emergency and directs the Missouri State Emergency Operations Plan be activated in response to severe winter weather that began on February 10, 2008. (Feb. 12)",2008-02-12,https://www.sos.mo.gov/library/reference/orders/2008/eo08_007,Z,NWS forecast zone,95,CHRISTIAN,0,0,0.0,0.0,Ice Storm,1,0.0
MO-EO-08-07,08-07,Matt Blunt,"Gov. Matt Blunt declares a State of Emergency and directs the Missouri State Emergency Operations Plan be activated in response to severe winter weather that began on February 10, 2008. (Feb. 12)",2008-02-12,https://www.sos.mo.gov/library/reference/orders/2008/eo08_007,Z,NWS forecast zone,96,DOUGLAS,0,0,0.0,0.0,Ice Storm,1,0.0
MO-EO-08-07,08-07,Matt Blunt,"Gov. Matt Blunt declares a State of Emergency and directs the Missouri State Emergency Operations Plan be activated in response to severe winter weather that began on February 10, 2008. (Feb. 12)",2008-02-12,https://www.sos.mo.gov/library/reference/orders/2008/eo08_007,Z,NWS forecast zone,97,HOWELL,0,0,0.0,0.0,Ice Storm,1,0.0
MO-EO-08-07,08-07,Matt Blunt,"Gov. Matt Blunt declares a State of Emergency and directs the Missouri State Emergency Operations Plan be activated in response to severe winter weather that began on February 10, 2008. (Feb. 12)",2008-02-12,https://www.sos.mo.gov/library/reference/orders/2008/eo08_007,Z,NWS forecast zone,98,SHANNON,0,0,0.0,0.0,Ice Storm,1,0.0
MO-EO-08-07,08-07,Matt Blunt,"Gov. Matt Blunt declares a State of Emergency and directs the Missouri State Emergency Operations Plan be activated in response to severe winter weather that began on February 10, 2008. (Feb. 12)",2008-02-12,https://www.sos.mo.gov/library/reference/orders/2008/eo08_007,Z,NWS forecast zone,99,REYNOLDS,0,0,0.0,0.0,Sleet,1,0.0
MO-EO-08-07,08-07,Matt Blunt,"Gov. Matt Blunt declares a State of Emergency and directs the Missouri State Emergency Operations Plan be activated in response to severe winter weather that began on February 10, 2008. (Feb. 12)",2008-02-12,https://www.sos.mo.gov/library/reference/orders/2008/eo08_007,Z,NWS forecast zone,102,BARRY,0,0,0.0,0.0,Ice Storm,1,0.0
MO-EO-08-07,08-07,Matt Blunt,"Gov. Matt Blunt declares a State of Emergency and directs the Missouri State Emergency Operations Plan be activated in response to severe winter weather that began on February 10, 2008. (Feb. 12)",2008-02-12,https://www.sos.mo.gov/library/reference/orders/2008/eo08_007,Z,NWS forecast zone,103,STONE,0,0,0.0,0.0,Ice Storm,1,0.0
MO-EO-08-07,08-07,Matt Blunt,"Gov. Matt Blunt declares a State of Emergency and directs the Missouri State Emergency Operations Plan be activated in response to severe winter weather that began on February 10, 2008. (Feb. 12)",2008-02-12,https://www.sos.mo.gov/library/reference/orders/2008/eo08_007,Z,NWS forecast zone,104,TANEY,0,0,0.0,0.0,Ice Storm,1,0.0
MO-EO-08-07,08-07,Matt Blunt,"Gov. Matt Blunt declares a State of Emergency and directs the Missouri State Emergency Operations Plan be activated in response to severe winter weather that began on February 10, 2008. (Feb. 12)",2008-02-12,https://www.sos.mo.gov/library/reference/orders/2008/eo08_007,Z,NWS forecast zone,105,OZARK,0,0,0.0,0.0,Ice Storm,1,0.0
MO-EO-08-07,08-07,Matt Blunt,"Gov. Matt Blunt declares a State of Emergency and directs the Missouri State Emergency Operations Plan be activated in response to severe winter weather that began on February 10, 2008. (Feb. 12)",2008-02-12,https://www.sos.mo.gov/library/reference/orders/2008/eo08_007,Z,NWS forecast zone,111,SCOTT,0,0,0.0,0.0,Winter Storm,1,0.0
MO-EO-08-10,08-10,Matt Blunt,"Gov. Matt Blunt declares a State of Emergency and directs the Missouri State Emergency Operations Plan be activated in response to severe weather that began on March 17, 2008. (Mar. 18)",2008-03-18,https://www.sos.mo.gov/library/reference/orders/2008/eo08_010,C,county/county-equivalent,179,REYNOLDS,1,0,400000.0,0.0,Flash Flood,1,400000.0
MO-EO-08-10,08-10,Matt Blunt,"Gov. Matt Blunt declares a State of Emergency and directs the Missouri State Emergency Operations Plan be activated in response to severe weather that began on March 17, 2008. (Mar. 18)",2008-03-18,https://www.sos.mo.gov/library/reference/orders/2008/eo08_010,C,county/county-equivalent,109,LAWRENCE,1,0,100000.0,0.0,Flash Flood,1,100000.0
MO-EO-08-10,08-10,Matt Blunt,"Gov. Matt Blunt declares a State of Emergency and directs the Missouri State Emergency Operations Plan be activated in response to severe weather that began on March 17, 2008. (Mar. 18)",2008-03-18,https://www.sos.mo.gov/library/reference/orders/2008/eo08_010,C,county/county-equivalent,209,STONE,0,0,7000000.0,0.0,Flash Flood,1,7000000.0
MO-EO-08-10,08-10,Matt Blunt,"Gov. Matt Blunt declares a State of Emergency and directs the Missouri State Emergency Operations Plan be activated in response to severe weather that began on March 17, 2008. (Mar. 18)",2008-03-18,https://www.sos.mo.gov/library/reference/orders/2008/eo08_010,C,county/county-equivalent,43,CHRISTIAN,0,0,5000000.0,0.0,Flash Flood,1,5000000.0
MO-EO-08-10,08-10,Matt Blunt,"Gov. Matt Blunt declares a State of Emergency and directs the Missouri State Emergency Operations Plan be activated in response to severe weather that began on March 17, 2008. (Mar. 18)",2008-03-18,https://www.sos.mo.gov/library/reference/orders/2008/eo08_010,C,county/county-equivalent,213,TANEY,0,0,4000000.0,0.0,Flash Flood,1,4000000.0
MO-EO-08-10,08-10,Matt Blunt,"Gov. Matt Blunt declares a State of Emergency and directs the Missouri State Emergency Operations Plan be activated in response to severe weather that began on March 17, 2008. (Mar. 18)",2008-03-18,https://www.sos.mo.gov/library/reference/orders/2008/eo08_010,C,county/county-equivalent,225,WEBSTER,0,0,4000000.0,0.0,Flash Flood,1,4000000.0
MO-EO-08-10,08-10,Matt Blunt,"Gov. Matt Blunt declares a State of Emergency and directs the Missouri State Emergency Operations Plan be activated in response to severe weather that began on March 17, 2008. (Mar. 18)",2008-03-18,https://www.sos.mo.gov/library/reference/orders/2008/eo08_010,C,county/county-equivalent,145,NEWTON,0,0,2000000.0,0.0,Flash Flood,1,2000000.0
MO-EO-08-10,08-10,Matt Blunt,"Gov. Matt Blunt declares a State of Emergency and directs the Missouri State Emergency Operations Plan be activated in response to severe weather that began on March 17, 2008. (Mar. 18)",2008-03-18,https://www.sos.mo.gov/library/reference/orders/2008/eo08_010,C,county/county-equivalent,105,LACLEDE,0,0,1001500.0,0.0,"Flash Flood, Lightning",2,1001500.0
MO-EO-08-10,08-10,Matt Blunt,"Gov. Matt Blunt declares a State of Emergency and directs the Missouri State Emergency Operations Plan be activated in response to severe weather that began on March 17, 2008. (Mar. 18)",2008-03-18,https://www.sos.mo.gov/library/reference/orders/2008/eo08_010,C,county/county-equivalent,29,CAMDEN,0,0,1000000.0,0.0,Flash Flood,1,1000000.0
MO-EO-08-10,08-10,Matt Blunt,"Gov. Matt Blunt declares a State of Emergency and directs the Missouri State Emergency Operations Plan be activated in response to severe weather that began on March 17, 2008. (Mar. 18)",2008-03-18,https://www.sos.mo.gov/library/reference/orders/2008/eo08_010,C,county/county-equivalent,65,DENT,0,0,1000000.0,0.0,"Flash Flood, Hail",2,1000000.0
MO-EO-08-10,08-10,Matt Blunt,"Gov. Matt Blunt declares a State of Emergency and directs the Missouri State Emergency Operations Plan be activated in response to severe weather that began on March 17, 2008. (Mar. 18)",2008-03-18,https://www.sos.mo.gov/library/reference/orders/2008/eo08_010,C,county/county-equivalent,67,DOUGLAS,0,0,1000000.0,0.0,"Flash Flood, Hail",2,1000000.0
MO-EO-08-10,08-10,Matt Blunt,"Gov. Matt Blunt declares a State of Emergency and directs the Missouri State Emergency Operations Plan be activated in response to severe weather that began on March 17, 2008. (Mar. 18)",2008-03-18,https://www.sos.mo.gov/library/reference/orders/2008/eo08_010,C,county/county-equivalent,77,GREENE,0,0,1000000.0,0.0,Flash Flood,1,1000000.0
MO-EO-08-10,08-10,Matt Blunt,"Gov. Matt Blunt declares a State of Emergency and directs the Missouri State Emergency Operations Plan be activated in response to severe weather that began on March 17, 2008. (Mar. 18)",2008-03-18,https://www.sos.mo.gov/library/reference/orders/2008/eo08_010,C,county/county-equivalent,149,OREGON,0,0,1000000.0,0.0,Flash Flood,1,1000000.0
MO-EO-08-10,08-10,Matt Blunt,"Gov. Matt Blunt declares a State of Emergency and directs the Missouri State Emergency Operations Plan be activated in response to severe weather that began on March 17, 2008. (Mar. 18)",2008-03-18,https://www.sos.mo.gov/library/reference/orders/2008/eo08_010,C,county/county-equivalent,153,OZARK,0,0,1000000.0,0.0,Flash Flood,1,1000000.0
MO-EO-08-10,08-10,Matt Blunt,"Gov. Matt Blunt declares a State of Emergency and directs the Missouri State Emergency Operations Plan be activated in response to severe weather that began on March 17, 2008. (Mar. 18)",2008-03-18,https://www.sos.mo.gov/library/reference/orders/2008/eo08_010,C,county/county-equivalent,169,PULASKI,0,0,1000000.0,0.0,Flash Flood,1,1000000.0
MO-EO-08-10,08-10,Matt Blunt,"Gov. Matt Blunt declares a State of Emergency and directs the Missouri State Emergency Operations Plan be activated in response to severe weather that began on March 17, 2008. (Mar. 18)",2008-03-18,https://www.sos.mo.gov/library/reference/orders/2008/eo08_010,C,county/county-equivalent,215,TEXAS,0,0,1000000.0,0.0,"Flash Flood, Hail",2,1000000.0
MO-EO-08-10,08-10,Matt Blunt,"Gov. Matt Blunt declares a State of Emergency and directs the Missouri State Emergency Operations Plan be activated in response to severe weather that began on March 17, 2008. (Mar. 18)",2008-03-18,https://www.sos.mo.gov/library/reference/orders/2008/eo08_010,C,county/county-equivalent,229,WRIGHT,0,0,1000000.0,0.0,Flash Flood,1,1000000.0
MO-EO-08-10,08-10,Matt Blunt,"Gov. Matt Blunt declares a State of Emergency and directs the Missouri State Emergency Operations Plan be activated in response to severe weather that began on March 17, 2008. (Mar. 18)",2008-03-18,https://www.sos.mo.gov/library/reference/orders/2008/eo08_010,C,county/county-equivalent,119,MCDONALD,0,0,500000.0,0.0,Flash Flood,1,500000.0
MO-EO-08-10,08-10,Matt Blunt,"Gov. Matt Blunt declares a State of Emergency and directs the Missouri State Emergency Operations Plan be activated in response to severe weather that began on March 17, 2008. (Mar. 18)",2008-03-18,https://www.sos.mo.gov/library/reference/orders/2008/eo08_010,C,county/county-equivalent,9,BARRY,0,0,400000.0,0.0,Flash Flood,1,400000.0
MO-EO-08-10,08-10,Matt Blunt,"Gov. Matt Blunt declares a State of Emergency and directs the Missouri State Emergency Operations Plan be activated in response to severe weather that began on March 17, 2008. (Mar. 18)",2008-03-18,https://www.sos.mo.gov/library/reference/orders/2008/eo08_010,C,county/county-equivalent,131,MILLER,0,0,250000.0,0.0,Flash Flood,1,250000.0
MO-EO-08-10,08-10,Matt Blunt,"Gov. Matt Blunt declares a State of Emergency and directs the Missouri State Emergency Operations Plan be activated in response to severe weather that began on March 17, 2008. (Mar. 18)",2008-03-18,https://www.sos.mo.gov/library/reference/orders/2008/eo08_010,C,county/county-equivalent,93,IRON,0,0,200000.0,0.0,Flash Flood,1,200000.0
MO-EO-08-10,08-10,Matt Blunt,"Gov. Matt Blunt declares a State of Emergency and directs the Missouri State Emergency Operations Plan be activated in response to severe weather that began on March 17, 2008. (Mar. 18)",2008-03-18,https://www.sos.mo.gov/library/reference/orders/2008/eo08_010,C,county/county-equivalent,97,JASPER,0,0,200000.0,0.0,Flash Flood,1,200000.0
MO-EO-08-10,08-10,Matt Blunt,"Gov. Matt Blunt declares a State of Emergency and directs the Missouri State Emergency Operations Plan be activated in response to severe weather that began on March 17, 2008. (Mar. 18)",2008-03-18,https://www.sos.mo.gov/library/reference/orders/2008/eo08_010,C,county/county-equivalent,57,DADE,0,0,100000.0,0.0,Flash Flood,1,100000.0
MO-EO-08-10,08-10,Matt Blunt,"Gov. Matt Blunt declares a State of Emergency and directs the Missouri State Emergency Operations Plan be activated in response to severe weather that began on March 17, 2008. (Mar. 18)",2008-03-18,https://www.sos.mo.gov/library/reference/orders/2008/eo08_010,C,county/county-equivalent,167,POLK,0,0,100000.0,0.0,Flash Flood,1,100000.0
MO-EO-08-10,08-10,Matt Blunt,"Gov. Matt Blunt declares a State of Emergency and directs the Missouri State Emergency Operations Plan be activated in response to severe weather that began on March 17, 2008. (Mar. 18)",2008-03-18,https://www.sos.mo.gov/library/reference/orders/2008/eo08_010,C,county/county-equivalent,155,PEMISCOT,0,0,10000.0,0.0,Thunderstorm Wind,1,10000.0
MO-EO-08-10,08-10,Matt Blunt,"Gov. Matt Blunt declares a State of Emergency and directs the Missouri State Emergency Operations Plan be activated in response to severe weather that began on March 17, 2008. (Mar. 18)",2008-03-18,https://www.sos.mo.gov/library/reference/orders/2008/eo08_010,C,county/county-equivalent,161,PHELPS,0,0,3000.0,0.0,Flash Flood,1,3000.0
MO-EO-08-10,08-10,Matt Blunt,"Gov. Matt Blunt declares a State of Emergency and directs the Missouri State Emergency Operations Plan be activated in response to severe weather that began on March 17, 2008. (Mar. 18)",2008-03-18,https://www.sos.mo.gov/library/reference/orders/2008/eo08_010,C,county/county-equivalent,59,DALLAS,0,0,1000.0,0.0,Flash Flood,1,1000.0
MO-EO-08-10,08-10,Matt Blunt,"Gov. Matt Blunt declares a State of Emergency and directs the Missouri State Emergency Operations Plan be activated in response to severe weather that began on March 17, 2008. (Mar. 18)",2008-03-18,https://www.sos.mo.gov/library/reference/orders/2008/eo08_010,C,county/county-equivalent,91,HOWELL,0,0,1000.0,0.0,Flash Flood,1,1000.0
MO-EO-08-10,08-10,Matt Blunt,"Gov. Matt Blunt declares a State of Emergency and directs the Missouri State Emergency Operations Plan be activated in response to severe weather that began on March 17, 2008. (Mar. 18)",2008-03-18,https://www.sos.mo.gov/library/reference/orders/2008/eo08_010,C,county/county-equivalent,125,MARIES,0,0,1000.0,0.0,Flash Flood,1,1000.0
MO-EO-08-10,08-10,Matt Blunt,"Gov. Matt Blunt declares a State of Emergency and directs the Missouri State Emergency Operations Plan be activated in response to severe weather that began on March 17, 2008. (Mar. 18)",2008-03-18,https://www.sos.mo.gov/library/reference/orders/2008/eo08_010,C,county/county-equivalent,203,SHANNON,0,0,1000.0,0.0,Flash Flood,1,1000.0
MO-EO-08-10,08-10,Matt Blunt,"Gov. Matt Blunt declares a State of Emergency and directs the Missouri State Emergency Operations Plan be activated in response to severe weather that began on March 17, 2008. (Mar. 18)",2008-03-18,https://www.sos.mo.gov/library/reference/orders/2008/eo08_010,C,county/county-equivalent,11,BARTON,0,0,0.0,0.0,Flash Flood,1,0.0
MO-EO-08-10,08-10,Matt Blunt,"Gov. Matt Blunt declares a State of Emergency and directs the Missouri State Emergency Operations Plan be activated in response to severe weather that began on March 17, 2008. (Mar. 18)",2008-03-18,https://www.sos.mo.gov/library/reference/orders/2008/eo08_010,C,county/county-equivalent,15,BENTON,0,0,0.0,0.0,Flash Flood,1,0.0
MO-EO-08-10,08-10,Matt Blunt,"Gov. Matt Blunt declares a State of Emergency and directs the Missouri State Emergency Operations Plan be activated in response to severe weather that began on March 17, 2008. (Mar. 18)",2008-03-18,https://www.sos.mo.gov/library/reference/orders/2008/eo08_010,C,county/county-equivalent,19,BOONE,0,0,0.0,0.0,Flash Flood,1,0.0
MO-EO-08-10,08-10,Matt Blunt,"Gov. Matt Blunt declares a State of Emergency and directs the Missouri State Emergency Operations Plan be activated in response to severe weather that began on March 17, 2008. (Mar. 18)",2008-03-18,https://www.sos.mo.gov/library/reference/orders/2008/eo08_010,C,county/county-equivalent,23,BUTLER,0,0,0.0,0.0,Flash Flood,1,0.0
MO-EO-08-10,08-10,Matt Blunt,"Gov. Matt Blunt declares a State of Emergency and directs the Missouri State Emergency Operations Plan be activated in response to severe weather that began on March 17, 2008. (Mar. 18)",2008-03-18,https://www.sos.mo.gov/library/reference/orders/2008/eo08_010,C,county/county-equivalent,39,CEDAR,0,0,0.0,0.0,Flash Flood,1,0.0
MO-EO-08-10,08-10,Matt Blunt,"Gov. Matt Blunt declares a State of Emergency and directs the Missouri State Emergency Operations Plan be activated in response to severe weather that began on March 17, 2008. (Mar. 18)",2008-03-18,https://www.sos.mo.gov/library/reference/orders/2008/eo08_010,C,county/county-equivalent,55,CRAWFORD,0,0,0.0,0.0,"Flash Flood, Hail",2,0.0
MO-EO-08-10,08-10,Matt Blunt,"Gov. Matt Blunt declares a State of Emergency and directs the Missouri State Emergency Operations Plan be activated in response to severe weather that began on March 17, 2008. (Mar. 18)",2008-03-18,https://www.sos.mo.gov/library/reference/orders/2008/eo08_010,C,county/county-equivalent,85,HICKORY,0,0,0.0,0.0,Flash Flood,1,0.0
MO-EO-08-10,08-10,Matt Blunt,"Gov. Matt Blunt declares a State of Emergency and directs the Missouri State Emergency Operations Plan be activated in response to severe weather that began on March 17, 2008. (Mar. 18)",2008-03-18,https://www.sos.mo.gov/library/reference/orders/2008/eo08_010,C,county/county-equivalent,123,MADISON,0,0,0.0,0.0,Flash Flood,1,0.0
MO-EO-08-10,08-10,Matt Blunt,"Gov. Matt Blunt declares a State of Emergency and directs the Missouri State Emergency Operations Plan be activated in response to severe weather that began on March 17, 2008. (Mar. 18)",2008-03-18,https://www.sos.mo.gov/library/reference/orders/2008/eo08_010,C,county/county-equivalent,141,MORGAN,0,0,0.0,0.0,Flash Flood,1,0.0
MO-EO-08-10,08-10,Matt Blunt,"Gov. Matt Blunt declares a State of Emergency and directs the Missouri State Emergency Operations Plan be activated in response to severe weather that began on March 17, 2008. (Mar. 18)",2008-03-18,https://www.sos.mo.gov/library/reference/orders/2008/eo08_010,C,county/county-equivalent,185,ST. CLAIR,0,0,0.0,0.0,Flash Flood,1,0.0
MO-EO-08-10,08-10,Matt Blunt,"Gov. Matt Blunt declares a State of Emergency and directs the Missouri State Emergency Operations Plan be activated in response to severe weather that began on March 17, 2008. (Mar. 18)",2008-03-18,https://www.sos.mo.gov/library/reference/orders/2008/eo08_010,C,county/county-equivalent,186,STE. GENEVIEVE,0,0,0.0,0.0,Flash Flood,1,0.0
MO-EO-08-10,08-10,Matt Blunt,"Gov. Matt Blunt declares a State of Emergency and directs the Missouri State Emergency Operations Plan be activated in response to severe weather that began on March 17, 2008. (Mar. 18)",2008-03-18,https://www.sos.mo.gov/library/reference/orders/2008/eo08_010,C,county/county-equivalent,187,ST. FRANCOIS,0,0,0.0,0.0,"Flash Flood, Hail",2,0.0
MO-EO-08-10,08-10,Matt Blunt,"Gov. Matt Blunt declares a State of Emergency and directs the Missouri State Emergency Operations Plan be activated in response to severe weather that began on March 17, 2008. (Mar. 18)",2008-03-18,https://www.sos.mo.gov/library/reference/orders/2008/eo08_010,C,county/county-equivalent,189,ST. LOUIS,0,0,0.0,0.0,Hail,1,0.0
MO-EO-08-10,08-10,Matt Blunt,"Gov. Matt Blunt declares a State of Emergency and directs the Missouri State Emergency Operations Plan be activated in response to severe weather that began on March 17, 2008. (Mar. 18)",2008-03-18,https://www.sos.mo.gov/library/reference/orders/2008/eo08_010,C,county/county-equivalent,217,VERNON,0,0,0.0,0.0,Flash Flood,1,0.0
MO-EO-08-10,08-10,Matt Blunt,"Gov. Matt Blunt declares a State of Emergency and directs the Missouri State Emergency Operations Plan be activated in response to severe weather that began on March 17, 2008. (Mar. 18)",2008-03-18,https://www.sos.mo.gov/library/reference/orders/2008/eo08_010,C,county/county-equivalent,221,WASHINGTON,0,0,0.0,0.0,"Flash Flood, Hail",3,0.0
MO-EO-08-14,08-14,Matt Blunt,"Gov. Matt Blunt declares a State of Emergency and directs the Missouri State Emergency Operations Plan be activated in response to severe weather that began on March 31, 2008. (Apr. 1)",2008-04-01,https://www.sos.mo.gov/library/reference/orders/2008/eo08_014,C,county/county-equivalent,59,DALLAS,0,3,1000000.0,0.0,"Flash Flood, Tornado",2,1000000.0
MO-EO-08-14,08-14,Matt Blunt,"Gov. Matt Blunt declares a State of Emergency and directs the Missouri State Emergency Operations Plan be activated in response to severe weather that began on March 31, 2008. (Apr. 1)",2008-04-01,https://www.sos.mo.gov/library/reference/orders/2008/eo08_014,C,county/county-equivalent,145,NEWTON,0,3,150000.0,0.0,Tornado,2,150000.0
MO-EO-08-14,08-14,Matt Blunt,"Gov. Matt Blunt declares a State of Emergency and directs the Missouri State Emergency Operations Plan be activated in response to severe weather that began on March 31, 2008. (Apr. 1)",2008-04-01,https://www.sos.mo.gov/library/reference/orders/2008/eo08_014,C,county/county-equivalent,133,MISSISSIPPI,0,1,0.0,0.0,Lightning,1,0.0
MO-EO-08-14,08-14,Matt Blunt,"Gov. Matt Blunt declares a State of Emergency and directs the Missouri State Emergency Operations Plan be activated in response to severe weather that began on March 31, 2008. (Apr. 1)",2008-04-01,https://www.sos.mo.gov/library/reference/orders/2008/eo08_014,C,county/county-equivalent,213,TANEY,0,0,1000000.0,0.0,Flash Flood,1,1000000.0
MO-EO-08-14,08-14,Matt Blunt,"Gov. Matt Blunt declares a State of Emergency and directs the Missouri State Emergency Operations Plan be activated in response to severe weather that began on March 31, 2008. (Apr. 1)",2008-04-01,https://www.sos.mo.gov/library/reference/orders/2008/eo08_014,C,county/county-equivalent,105,LACLEDE,0,0,500000.0,0.0,"Flash Flood, Hail, Tornado",3,500000.0
MO-EO-08-14,08-14,Matt Blunt,"Gov. Matt Blunt declares a State of Emergency and directs the Missouri State Emergency Operations Plan be activated in response to severe weather that began on March 31, 2008. (Apr. 1)",2008-04-01,https://www.sos.mo.gov/library/reference/orders/2008/eo08_014,C,county/county-equivalent,39,CEDAR,0,0,35000.0,0.0,"Flash Flood, Thunderstorm Wind, Tornado",3,35000.0
MO-EO-08-14,08-14,Matt Blunt,"Gov. Matt Blunt declares a State of Emergency and directs the Missouri State Emergency Operations Plan be activated in response to severe weather that began on March 31, 2008. (Apr. 1)",2008-04-01,https://www.sos.mo.gov/library/reference/orders/2008/eo08_014,C,county/county-equivalent,85,HICKORY,0,0,30000.0,0.0,"Flash Flood, Thunderstorm Wind, Tornado",4,30000.0
MO-EO-08-14,08-14,Matt Blunt,"Gov. Matt Blunt declares a State of Emergency and directs the Missouri State Emergency Operations Plan be activated in response to severe weather that began on March 31, 2008. (Apr. 1)",2008-04-01,https://www.sos.mo.gov/library/reference/orders/2008/eo08_014,C,county/county-equivalent,155,PEMISCOT,0,0,30000.0,0.0,Thunderstorm Wind,2,30000.0
MO-EO-08-14,08-14,Matt Blunt,"Gov. Matt Blunt declares a State of Emergency and directs the Missouri State Emergency Operations Plan be activated in response to severe weather that began on March 31, 2008. (Apr. 1)",2008-04-01,https://www.sos.mo.gov/library/reference/orders/2008/eo08_014,C,county/county-equivalent,69,DUNKLIN,0,0,28000.0,0.0,"Flash Flood, Hail, Thunderstorm Wind",4,28000.0
MO-EO-08-14,08-14,Matt Blunt,"Gov. Matt Blunt declares a State of Emergency and directs the Missouri State Emergency Operations Plan be activated in response to severe weather that began on March 31, 2008. (Apr. 1)",2008-04-01,https://www.sos.mo.gov/library/reference/orders/2008/eo08_014,C,county/county-equivalent,167,POLK,0,0,25000.0,0.0,"Flash Flood, Hail, Thunderstorm Wind, Tornado",4,25000.0
MO-EO-08-14,08-14,Matt Blunt,"Gov. Matt Blunt declares a State of Emergency and directs the Missouri State Emergency Operations Plan be activated in response to severe weather that began on March 31, 2008. (Apr. 1)",2008-04-01,https://www.sos.mo.gov/library/reference/orders/2008/eo08_014,C,county/county-equivalent,109,LAWRENCE,0,0,20000.0,0.0,Tornado,1,20000.0
MO-EO-08-14,08-14,Matt Blunt,"Gov. Matt Blunt declares a State of Emergency and directs the Missouri State Emergency Operations Plan be activated in response to severe weather that began on March 31, 2008. (Apr. 1)",2008-04-01,https://www.sos.mo.gov/library/reference/orders/2008/eo08_014,C,county/county-equivalent,9,BARRY,0,0,15000.0,0.0,Thunderstorm Wind,2,15000.0
MO-EO-08-14,08-14,Matt Blunt,"Gov. Matt Blunt declares a State of Emergency and directs the Missouri State Emergency Operations Plan be activated in response to severe weather that began on March 31, 2008. (Apr. 1)",2008-04-01,https://www.sos.mo.gov/library/reference/orders/2008/eo08_014,C,county/county-equivalent,91,HOWELL,0,0,10000.0,0.0,"Flash Flood, Hail, Tornado",4,10000.0
MO-EO-08-14,08-14,Matt Blunt,"Gov. Matt Blunt declares a State of Emergency and directs the Missouri State Emergency Operations Plan be activated in response to severe weather that began on March 31, 2008. (Apr. 1)",2008-04-01,https://www.sos.mo.gov/library/reference/orders/2008/eo08_014,C,county/county-equivalent,207,STODDARD,0,0,10000.0,0.0,Flash Flood,1,10000.0
MO-EO-08-14,08-14,Matt Blunt,"Gov. Matt Blunt declares a State of Emergency and directs the Missouri State Emergency Operations Plan be activated in response to severe weather that began on March 31, 2008. (Apr. 1)",2008-04-01,https://www.sos.mo.gov/library/reference/orders/2008/eo08_014,C,county/county-equivalent,31,CAPE GIRARDEAU,0,0,1000.0,0.0,"Flash Flood, Hail, Thunderstorm Wind",3,1000.0
MO-EO-08-14,08-14,Matt Blunt,"Gov. Matt Blunt declares a State of Emergency and directs the Missouri State Emergency Operations Plan be activated in response to severe weather that began on March 31, 2008. (Apr. 1)",2008-04-01,https://www.sos.mo.gov/library/reference/orders/2008/eo08_014,C,county/county-equivalent,153,OZARK,0,0,1000.0,0.0,Tornado,1,1000.0
MO-EO-08-14,08-14,Matt Blunt,"Gov. Matt Blunt declares a State of Emergency and directs the Missouri State Emergency Operations Plan be activated in response to severe weather that began on March 31, 2008. (Apr. 1)",2008-04-01,https://www.sos.mo.gov/library/reference/orders/2008/eo08_014,C,county/county-equivalent,3,ANDREW,0,0,0.0,0.0,Hail,1,0.0
MO-EO-08-14,08-14,Matt Blunt,"Gov. Matt Blunt declares a State of Emergency and directs the Missouri State Emergency Operations Plan be activated in response to severe weather that began on March 31, 2008. (Apr. 1)",2008-04-01,https://www.sos.mo.gov/library/reference/orders/2008/eo08_014,C,county/county-equivalent,15,BENTON,0,0,0.0,0.0,Flash Flood,1,0.0
MO-EO-08-14,08-14,Matt Blunt,"Gov. Matt Blunt declares a State of Emergency and directs the Missouri State Emergency Operations Plan be activated in response to severe weather that began on March 31, 2008. (Apr. 1)",2008-04-01,https://www.sos.mo.gov/library/reference/orders/2008/eo08_014,C,county/county-equivalent,17,BOLLINGER,0,0,0.0,0.0,Flash Flood,1,0.0
MO-EO-08-14,08-14,Matt Blunt,"Gov. Matt Blunt declares a State of Emergency and directs the Missouri State Emergency Operations Plan be activated in response to severe weather that began on March 31, 2008. (Apr. 1)",2008-04-01,https://www.sos.mo.gov/library/reference/orders/2008/eo08_014,C,county/county-equivalent,19,BOONE,0,0,0.0,0.0,Hail,3,0.0
MO-EO-08-14,08-14,Matt Blunt,"Gov. Matt Blunt declares a State of Emergency and directs the Missouri State Emergency Operations Plan be activated in response to severe weather that began on March 31, 2008. (Apr. 1)",2008-04-01,https://www.sos.mo.gov/library/reference/orders/2008/eo08_014,C,county/county-equivalent,23,BUTLER,0,0,0.0,0.0,Flash Flood,1,0.0
MO-EO-08-14,08-14,Matt Blunt,"Gov. Matt Blunt declares a State of Emergency and directs the Missouri State Emergency Operations Plan be activated in response to severe weather that began on March 31, 2008. (Apr. 1)",2008-04-01,https://www.sos.mo.gov/library/reference/orders/2008/eo08_014,C,county/county-equivalent,29,CAMDEN,0,0,0.0,0.0,Flash Flood,1,0.0
MO-EO-08-14,08-14,Matt Blunt,"Gov. Matt Blunt declares a State of Emergency and directs the Missouri State Emergency Operations Plan be activated in response to severe weather that began on March 31, 2008. (Apr. 1)",2008-04-01,https://www.sos.mo.gov/library/reference/orders/2008/eo08_014,C,county/county-equivalent,43,CHRISTIAN,0,0,0.0,0.0,Flash Flood,1,0.0
MO-EO-08-14,08-14,Matt Blunt,"Gov. Matt Blunt declares a State of Emergency and directs the Missouri State Emergency Operations Plan be activated in response to severe weather that began on March 31, 2008. (Apr. 1)",2008-04-01,https://www.sos.mo.gov/library/reference/orders/2008/eo08_014,C,county/county-equivalent,53,COOPER,0,0,0.0,0.0,Hail,1,0.0
MO-EO-08-14,08-14,Matt Blunt,"Gov. Matt Blunt declares a State of Emergency and directs the Missouri State Emergency Operations Plan be activated in response to severe weather that began on March 31, 2008. (Apr. 1)",2008-04-01,https://www.sos.mo.gov/library/reference/orders/2008/eo08_014,C,county/county-equivalent,55,CRAWFORD,0,0,0.0,0.0,Flash Flood,1,0.0
MO-EO-08-14,08-14,Matt Blunt,"Gov. Matt Blunt declares a State of Emergency and directs the Missouri State Emergency Operations Plan be activated in response to severe weather that began on March 31, 2008. (Apr. 1)",2008-04-01,https://www.sos.mo.gov/library/reference/orders/2008/eo08_014,C,county/county-equivalent,65,DENT,0,0,0.0,0.0,Flash Flood,1,0.0
MO-EO-08-14,08-14,Matt Blunt,"Gov. Matt Blunt declares a State of Emergency and directs the Missouri State Emergency Operations Plan be activated in response to severe weather that began on March 31, 2008. (Apr. 1)",2008-04-01,https://www.sos.mo.gov/library/reference/orders/2008/eo08_014,C,county/county-equivalent,67,DOUGLAS,0,0,0.0,0.0,"Flash Flood, Hail",4,0.0
MO-EO-08-14,08-14,Matt Blunt,"Gov. Matt Blunt declares a State of Emergency and directs the Missouri State Emergency Operations Plan be activated in response to severe weather that began on March 31, 2008. (Apr. 1)",2008-04-01,https://www.sos.mo.gov/library/reference/orders/2008/eo08_014,C,county/county-equivalent,71,FRANKLIN,0,0,0.0,0.0,Flash Flood,1,0.0
MO-EO-08-14,08-14,Matt Blunt,"Gov. Matt Blunt declares a State of Emergency and directs the Missouri State Emergency Operations Plan be activated in response to severe weather that began on March 31, 2008. (Apr. 1)",2008-04-01,https://www.sos.mo.gov/library/reference/orders/2008/eo08_014,C,county/county-equivalent,73,GASCONADE,0,0,0.0,0.0,Flash Flood,1,0.0
MO-EO-08-14,08-14,Matt Blunt,"Gov. Matt Blunt declares a State of Emergency and directs the Missouri State Emergency Operations Plan be activated in response to severe weather that began on March 31, 2008. (Apr. 1)",2008-04-01,https://www.sos.mo.gov/library/reference/orders/2008/eo08_014,C,county/county-equivalent,77,GREENE,0,0,0.0,0.0,"Flash Flood, Thunderstorm Wind",3,0.0
MO-EO-08-14,08-14,Matt Blunt,"Gov. Matt Blunt declares a State of Emergency and directs the Missouri State Emergency Operations Plan be activated in response to severe weather that began on March 31, 2008. (Apr. 1)",2008-04-01,https://www.sos.mo.gov/library/reference/orders/2008/eo08_014,C,county/county-equivalent,97,JASPER,0,0,0.0,0.0,Hail,1,0.0
MO-EO-08-14,08-14,Matt Blunt,"Gov. Matt Blunt declares a State of Emergency and directs the Missouri State Emergency Operations Plan be activated in response to severe weather that began on March 31, 2008. (Apr. 1)",2008-04-01,https://www.sos.mo.gov/library/reference/orders/2008/eo08_014,C,county/county-equivalent,111,LEWIS,0,0,0.0,0.0,Hail,1,0.0
MO-EO-08-14,08-14,Matt Blunt,"Gov. Matt Blunt declares a State of Emergency and directs the Missouri State Emergency Operations Plan be activated in response to severe weather that began on March 31, 2008. (Apr. 1)",2008-04-01,https://www.sos.mo.gov/library/reference/orders/2008/eo08_014,C,county/county-equivalent,121,MACON,0,0,0.0,0.0,Hail,1,0.0
MO-EO-08-14,08-14,Matt Blunt,"Gov. Matt Blunt declares a State of Emergency and directs the Missouri State Emergency Operations Plan be activated in response to severe weather that began on March 31, 2008. (Apr. 1)",2008-04-01,https://www.sos.mo.gov/library/reference/orders/2008/eo08_014,C,county/county-equivalent,125,MARIES,0,0,0.0,0.0,Flash Flood,1,0.0
MO-EO-08-14,08-14,Matt Blunt,"Gov. Matt Blunt declares a State of Emergency and directs the Missouri State Emergency Operations Plan be activated in response to severe weather that began on March 31, 2008. (Apr. 1)",2008-04-01,https://www.sos.mo.gov/library/reference/orders/2008/eo08_014,C,county/county-equivalent,127,MARION,0,0,0.0,0.0,Hail,1,0.0
MO-EO-08-14,08-14,Matt Blunt,"Gov. Matt Blunt declares a State of Emergency and directs the Missouri State Emergency Operations Plan be activated in response to severe weather that began on March 31, 2008. (Apr. 1)",2008-04-01,https://www.sos.mo.gov/library/reference/orders/2008/eo08_014,C,county/county-equivalent,147,NODAWAY,0,0,0.0,0.0,Hail,1,0.0
MO-EO-08-14,08-14,Matt Blunt,"Gov. Matt Blunt declares a State of Emergency and directs the Missouri State Emergency Operations Plan be activated in response to severe weather that began on March 31, 2008. (Apr. 1)",2008-04-01,https://www.sos.mo.gov/library/reference/orders/2008/eo08_014,C,county/county-equivalent,149,OREGON,0,0,0.0,0.0,Flash Flood,1,0.0
MO-EO-08-14,08-14,Matt Blunt,"Gov. Matt Blunt declares a State of Emergency and directs the Missouri State Emergency Operations Plan be activated in response to severe weather that began on March 31, 2008. (Apr. 1)",2008-04-01,https://www.sos.mo.gov/library/reference/orders/2008/eo08_014,C,county/county-equivalent,151,OSAGE,0,0,0.0,0.0,Flash Flood,1,0.0
MO-EO-08-14,08-14,Matt Blunt,"Gov. Matt Blunt declares a State of Emergency and directs the Missouri State Emergency Operations Plan be activated in response to severe weather that began on March 31, 2008. (Apr. 1)",2008-04-01,https://www.sos.mo.gov/library/reference/orders/2008/eo08_014,C,county/county-equivalent,157,PERRY,0,0,0.0,0.0,Flash Flood,1,0.0
MO-EO-08-14,08-14,Matt Blunt,"Gov. Matt Blunt declares a State of Emergency and directs the Missouri State Emergency Operations Plan be activated in response to severe weather that began on March 31, 2008. (Apr. 1)",2008-04-01,https://www.sos.mo.gov/library/reference/orders/2008/eo08_014,C,county/county-equivalent,161,PHELPS,0,0,0.0,0.0,Flash Flood,1,0.0
MO-EO-08-14,08-14,Matt Blunt,"Gov. Matt Blunt declares a State of Emergency and directs the Missouri State Emergency Operations Plan be activated in response to severe weather that began on March 31, 2008. (Apr. 1)",2008-04-01,https://www.sos.mo.gov/library/reference/orders/2008/eo08_014,C,county/county-equivalent,169,PULASKI,0,0,0.0,0.0,Flash Flood,1,0.0
MO-EO-08-14,08-14,Matt Blunt,"Gov. Matt Blunt declares a State of Emergency and directs the Missouri State Emergency Operations Plan be activated in response to severe weather that began on March 31, 2008. (Apr. 1)",2008-04-01,https://www.sos.mo.gov/library/reference/orders/2008/eo08_014,C,county/county-equivalent,179,REYNOLDS,0,0,0.0,0.0,Hail,1,0.0
MO-EO-08-14,08-14,Matt Blunt,"Gov. Matt Blunt declares a State of Emergency and directs the Missouri State Emergency Operations Plan be activated in response to severe weather that began on March 31, 2008. (Apr. 1)",2008-04-01,https://www.sos.mo.gov/library/reference/orders/2008/eo08_014,C,county/county-equivalent,181,RIPLEY,0,0,0.0,0.0,"Flash Flood, Hail",2,0.0
MO-EO-08-14,08-14,Matt Blunt,"Gov. Matt Blunt declares a State of Emergency and directs the Missouri State Emergency Operations Plan be activated in response to severe weather that began on March 31, 2008. (Apr. 1)",2008-04-01,https://www.sos.mo.gov/library/reference/orders/2008/eo08_014,C,county/county-equivalent,183,ST. CHARLES,0,0,0.0,0.0,Flash Flood,1,0.0
MO-EO-08-14,08-14,Matt Blunt,"Gov. Matt Blunt declares a State of Emergency and directs the Missouri State Emergency Operations Plan be activated in response to severe weather that began on March 31, 2008. (Apr. 1)",2008-04-01,https://www.sos.mo.gov/library/reference/orders/2008/eo08_014,C,county/county-equivalent,201,SCOTT,0,0,0.0,0.0,Flash Flood,1,0.0
MO-EO-08-14,08-14,Matt Blunt,"Gov. Matt Blunt declares a State of Emergency and directs the Missouri State Emergency Operations Plan be activated in response to severe weather that began on March 31, 2008. (Apr. 1)",2008-04-01,https://www.sos.mo.gov/library/reference/orders/2008/eo08_014,C,county/county-equivalent,203,SHANNON,0,0,0.0,0.0,Thunderstorm Wind,1,0.0
MO-EO-08-14,08-14,Matt Blunt,"Gov. Matt Blunt declares a State of Emergency and directs the Missouri State Emergency Operations Plan be activated in response to severe weather that began on March 31, 2008. (Apr. 1)",2008-04-01,https://www.sos.mo.gov/library/reference/orders/2008/eo08_014,C,county/county-equivalent,217,VERNON,0,0,0.0,0.0,"Flash Flood, Tornado",2,0.0
MO-EO-08-14,08-14,Matt Blunt,"Gov. Matt Blunt declares a State of Emergency and directs the Missouri State Emergency Operations Plan be activated in response to severe weather that began on March 31, 2008. (Apr. 1)",2008-04-01,https://www.sos.mo.gov/library/reference/orders/2008/eo08_014,C,county/county-equivalent,219,WARREN,0,0,0.0,0.0,Flash Flood,1,0.0
MO-EO-08-14,08-14,Matt Blunt,"Gov. Matt Blunt declares a State of Emergency and directs the Missouri State Emergency Operations Plan be activated in response to severe weather that began on March 31, 2008. (Apr. 1)",2008-04-01,https://www.sos.mo.gov/library/reference/orders/2008/eo08_014,C,county/county-equivalent,223,WAYNE,0,0,0.0,0.0,"Flash Flood, Hail",2,0.0
MO-EO-08-14,08-14,Matt Blunt,"Gov. Matt Blunt declares a State of Emergency and directs the Missouri State Emergency Operations Plan be activated in response to severe weather that began on March 31, 2008. (Apr. 1)",2008-04-01,https://www.sos.mo.gov/library/reference/orders/2008/eo08_014,C,county/county-equivalent,225,WEBSTER,0,0,0.0,0.0,Flash Flood,1,0.0
MO-EO-08-14,08-14,Matt Blunt,"Gov. Matt Blunt declares a State of Emergency and directs the Missouri State Emergency Operations Plan be activated in response to severe weather that began on March 31, 2008. (Apr. 1)",2008-04-01,https://www.sos.mo.gov/library/reference/orders/2008/eo08_014,C,county/county-equivalent,229,WRIGHT,0,0,0.0,0.0,"Flash Flood, Hail",2,0.0
MO-EO-08-20,08-20,Matt Blunt,"Gov. Matt Blunt declares a State of Emergency and directs the Missouri State Emergency Operations Plan be activated in response to severe weather that began on June 1, 2008. (June 11)",2008-06-11,https://www.sos.mo.gov/library/reference/orders/2008/eo08_020,C,county/county-equivalent,199,SCOTLAND,0,0,150000.0,0.0,Lightning,1,150000.0
MO-EO-08-20,08-20,Matt Blunt,"Gov. Matt Blunt declares a State of Emergency and directs the Missouri State Emergency Operations Plan be activated in response to severe weather that began on June 1, 2008. (June 11)",2008-06-11,https://www.sos.mo.gov/library/reference/orders/2008/eo08_020,C,county/county-equivalent,35,CARTER,0,0,50000.0,0.0,Tornado,1,50000.0
MO-EO-08-20,08-20,Matt Blunt,"Gov. Matt Blunt declares a State of Emergency and directs the Missouri State Emergency Operations Plan be activated in response to severe weather that began on June 1, 2008. (June 11)",2008-06-11,https://www.sos.mo.gov/library/reference/orders/2008/eo08_020,C,county/county-equivalent,21,BUCHANAN,0,0,25000.0,0.0,Thunderstorm Wind,2,25000.0
MO-EO-08-20,08-20,Matt Blunt,"Gov. Matt Blunt declares a State of Emergency and directs the Missouri State Emergency Operations Plan be activated in response to severe weather that began on June 1, 2008. (June 11)",2008-06-11,https://www.sos.mo.gov/library/reference/orders/2008/eo08_020,C,county/county-equivalent,141,MORGAN,0,0,25000.0,0.0,Flash Flood,1,25000.0
MO-EO-08-20,08-20,Matt Blunt,"Gov. Matt Blunt declares a State of Emergency and directs the Missouri State Emergency Operations Plan be activated in response to severe weather that began on June 1, 2008. (June 11)",2008-06-11,https://www.sos.mo.gov/library/reference/orders/2008/eo08_020,C,county/county-equivalent,15,BENTON,0,0,20000.0,0.0,Thunderstorm Wind,2,20000.0
MO-EO-08-20,08-20,Matt Blunt,"Gov. Matt Blunt declares a State of Emergency and directs the Missouri State Emergency Operations Plan be activated in response to severe weather that began on June 1, 2008. (June 11)",2008-06-11,https://www.sos.mo.gov/library/reference/orders/2008/eo08_020,C,county/county-equivalent,19,BOONE,0,0,11000.0,0.0,"Flash Flood, Lightning",2,11000.0
MO-EO-08-20,08-20,Matt Blunt,"Gov. Matt Blunt declares a State of Emergency and directs the Missouri State Emergency Operations Plan be activated in response to severe weather that began on June 1, 2008. (June 11)",2008-06-11,https://www.sos.mo.gov/library/reference/orders/2008/eo08_020,C,county/county-equivalent,3,ANDREW,0,0,5000.0,0.0,Thunderstorm Wind,2,5000.0
MO-EO-08-20,08-20,Matt Blunt,"Gov. Matt Blunt declares a State of Emergency and directs the Missouri State Emergency Operations Plan be activated in response to severe weather that began on June 1, 2008. (June 11)",2008-06-11,https://www.sos.mo.gov/library/reference/orders/2008/eo08_020,C,county/county-equivalent,51,COLE,0,0,1000.0,0.0,Flash Flood,1,1000.0
MO-EO-08-20,08-20,Matt Blunt,"Gov. Matt Blunt declares a State of Emergency and directs the Missouri State Emergency Operations Plan be activated in response to severe weather that began on June 1, 2008. (June 11)",2008-06-11,https://www.sos.mo.gov/library/reference/orders/2008/eo08_020,C,county/county-equivalent,75,GENTRY,0,0,1000.0,0.0,"Hail, Thunderstorm Wind",2,1000.0
MO-EO-08-20,08-20,Matt Blunt,"Gov. Matt Blunt declares a State of Emergency and directs the Missouri State Emergency Operations Plan be activated in response to severe weather that began on June 1, 2008. (June 11)",2008-06-11,https://www.sos.mo.gov/library/reference/orders/2008/eo08_020,C,county/county-equivalent,137,MONROE,0,0,1000.0,0.0,Flash Flood,1,1000.0
MO-EO-08-20,08-20,Matt Blunt,"Gov. Matt Blunt declares a State of Emergency and directs the Missouri State Emergency Operations Plan be activated in response to severe weather that began on June 1, 2008. (June 11)",2008-06-11,https://www.sos.mo.gov/library/reference/orders/2008/eo08_020,C,county/county-equivalent,197,SCHUYLER,0,0,1000.0,0.0,"Hail, Thunderstorm Wind",3,1000.0
MO-EO-08-20,08-20,Matt Blunt,"Gov. Matt Blunt declares a State of Emergency and directs the Missouri State Emergency Operations Plan be activated in response to severe weather that began on June 1, 2008. (June 11)",2008-06-11,https://www.sos.mo.gov/library/reference/orders/2008/eo08_020,C,county/county-equivalent,79,GRUNDY,0,0,500.0,0.0,"Hail, Thunderstorm Wind",4,500.0
MO-EO-08-20,08-20,Matt Blunt,"Gov. Matt Blunt declares a State of Emergency and directs the Missouri State Emergency Operations Plan be activated in response to severe weather that began on June 1, 2008. (June 11)",2008-06-11,https://www.sos.mo.gov/library/reference/orders/2008/eo08_020,C,county/county-equivalent,83,HENRY,0,0,500.0,0.0,"Hail, Thunderstorm Wind",2,500.0
MO-EO-08-20,08-20,Matt Blunt,"Gov. Matt Blunt declares a State of Emergency and directs the Missouri State Emergency Operations Plan be activated in response to severe weather that began on June 1, 2008. (June 11)",2008-06-11,https://www.sos.mo.gov/library/reference/orders/2008/eo08_020,C,county/county-equivalent,5,ATCHISON,0,0,0.0,0.0,Flash Flood,1,0.0
MO-EO-08-20,08-20,Matt Blunt,"Gov. Matt Blunt declares a State of Emergency and directs the Missouri State Emergency Operations Plan be activated in response to severe weather that began on June 1, 2008. (June 11)",2008-06-11,https://www.sos.mo.gov/library/reference/orders/2008/eo08_020,C,county/county-equivalent,11,BARTON,0,0,0.0,0.0,"Flash Flood, Thunderstorm Wind",4,0.0
MO-EO-08-20,08-20,Matt Blunt,"Gov. Matt Blunt declares a State of Emergency and directs the Missouri State Emergency Operations Plan be activated in response to severe weather that began on June 1, 2008. (June 11)",2008-06-11,https://www.sos.mo.gov/library/reference/orders/2008/eo08_020,C,county/county-equivalent,37,CASS,0,0,0.0,0.0,"Hail, Thunderstorm Wind",5,0.0
MO-EO-08-20,08-20,Matt Blunt,"Gov. Matt Blunt declares a State of Emergency and directs the Missouri State Emergency Operations Plan be activated in response to severe weather that began on June 1, 2008. (June 11)",2008-06-11,https://www.sos.mo.gov/library/reference/orders/2008/eo08_020,C,county/county-equivalent,39,CEDAR,0,0,0.0,0.0,Flash Flood,1,0.0
MO-EO-08-20,08-20,Matt Blunt,"Gov. Matt Blunt declares a State of Emergency and directs the Missouri State Emergency Operations Plan be activated in response to severe weather that began on June 1, 2008. (June 11)",2008-06-11,https://www.sos.mo.gov/library/reference/orders/2008/eo08_020,C,county/county-equivalent,43,CHRISTIAN,0,0,0.0,0.0,Flash Flood,1,0.0
MO-EO-08-20,08-20,Matt Blunt,"Gov. Matt Blunt declares a State of Emergency and directs the Missouri State Emergency Operations Plan be activated in response to severe weather that began on June 1, 2008. (June 11)",2008-06-11,https://www.sos.mo.gov/library/reference/orders/2008/eo08_020,C,county/county-equivalent,47,CLAY,0,0,0.0,0.0,Hail,3,0.0
MO-EO-08-20,08-20,Matt Blunt,"Gov. Matt Blunt declares a State of Emergency and directs the Missouri State Emergency Operations Plan be activated in response to severe weather that began on June 1, 2008. (June 11)",2008-06-11,https://www.sos.mo.gov/library/reference/orders/2008/eo08_020,C,county/county-equivalent,59,DALLAS,0,0,0.0,0.0,Flash Flood,1,0.0
MO-EO-08-20,08-20,Matt Blunt,"Gov. Matt Blunt declares a State of Emergency and directs the Missouri State Emergency Operations Plan be activated in response to severe weather that began on June 1, 2008. (June 11)",2008-06-11,https://www.sos.mo.gov/library/reference/orders/2008/eo08_020,C,county/county-equivalent,77,GREENE,0,0,0.0,0.0,Flash Flood,1,0.0
MO-EO-08-20,08-20,Matt Blunt,"Gov. Matt Blunt declares a State of Emergency and directs the Missouri State Emergency Operations Plan be activated in response to severe weather that began on June 1, 2008. (June 11)",2008-06-11,https://www.sos.mo.gov/library/reference/orders/2008/eo08_020,C,county/county-equivalent,81,HARRISON,0,0,0.0,0.0,Thunderstorm Wind,1,0.0
MO-EO-08-20,08-20,Matt Blunt,"Gov. Matt Blunt declares a State of Emergency and directs the Missouri State Emergency Operations Plan be activated in response to severe weather that began on June 1, 2008. (June 11)",2008-06-11,https://www.sos.mo.gov/library/reference/orders/2008/eo08_020,C,county/county-equivalent,87,HOLT,0,0,0.0,0.0,Hail,1,0.0
MO-EO-08-20,08-20,Matt Blunt,"Gov. Matt Blunt declares a State of Emergency and directs the Missouri State Emergency Operations Plan be activated in response to severe weather that began on June 1, 2008. (June 11)",2008-06-11,https://www.sos.mo.gov/library/reference/orders/2008/eo08_020,C,county/county-equivalent,93,IRON,0,0,0.0,0.0,Thunderstorm Wind,1,0.0
MO-EO-08-20,08-20,Matt Blunt,"Gov. Matt Blunt declares a State of Emergency and directs the Missouri State Emergency Operations Plan be activated in response to severe weather that began on June 1, 2008. (June 11)",2008-06-11,https://www.sos.mo.gov/library/reference/orders/2008/eo08_020,C,county/county-equivalent,95,JACKSON,0,0,0.0,0.0,Hail,1,0.0
MO-EO-08-20,08-20,Matt Blunt,"Gov. Matt Blunt declares a State of Emergency and directs the Missouri State Emergency Operations Plan be activated in response to severe weather that began on June 1, 2008. (June 11)",2008-06-11,https://www.sos.mo.gov/library/reference/orders/2008/eo08_020,C,county/county-equivalent,97,JASPER,0,0,0.0,0.0,Flash Flood,2,0.0
MO-EO-08-20,08-20,Matt Blunt,"Gov. Matt Blunt declares a State of Emergency and directs the Missouri State Emergency Operations Plan be activated in response to severe weather that began on June 1, 2008. (June 11)",2008-06-11,https://www.sos.mo.gov/library/reference/orders/2008/eo08_020,C,county/county-equivalent,101,JOHNSON,0,0,0.0,0.0,Flash Flood,1,0.0
MO-EO-08-20,08-20,Matt Blunt,"Gov. Matt Blunt declares a State of Emergency and directs the Missouri State Emergency Operations Plan be activated in response to severe weather that began on June 1, 2008. (June 11)",2008-06-11,https://www.sos.mo.gov/library/reference/orders/2008/eo08_020,C,county/county-equivalent,103,KNOX,0,0,0.0,0.0,Hail,1,0.0
MO-EO-08-20,08-20,Matt Blunt,"Gov. Matt Blunt declares a State of Emergency and directs the Missouri State Emergency Operations Plan be activated in response to severe weather that began on June 1, 2008. (June 11)",2008-06-11,https://www.sos.mo.gov/library/reference/orders/2008/eo08_020,C,county/county-equivalent,107,LAFAYETTE,0,0,0.0,0.0,Thunderstorm Wind,1,0.0
MO-EO-08-20,08-20,Matt Blunt,"Gov. Matt Blunt declares a State of Emergency and directs the Missouri State Emergency Operations Plan be activated in response to severe weather that began on June 1, 2008. (June 11)",2008-06-11,https://www.sos.mo.gov/library/reference/orders/2008/eo08_020,C,county/county-equivalent,109,LAWRENCE,0,0,0.0,0.0,Flash Flood,1,0.0
MO-EO-08-20,08-20,Matt Blunt,"Gov. Matt Blunt declares a State of Emergency and directs the Missouri State Emergency Operations Plan be activated in response to severe weather that began on June 1, 2008. (June 11)",2008-06-11,https://www.sos.mo.gov/library/reference/orders/2008/eo08_020,C,county/county-equivalent,129,MERCER,0,0,0.0,0.0,Hail,3,0.0
MO-EO-08-20,08-20,Matt Blunt,"Gov. Matt Blunt declares a State of Emergency and directs the Missouri State Emergency Operations Plan be activated in response to severe weather that began on June 1, 2008. (June 11)",2008-06-11,https://www.sos.mo.gov/library/reference/orders/2008/eo08_020,C,county/county-equivalent,145,NEWTON,0,0,0.0,0.0,Flash Flood,1,0.0
MO-EO-08-20,08-20,Matt Blunt,"Gov. Matt Blunt declares a State of Emergency and directs the Missouri State Emergency Operations Plan be activated in response to severe weather that began on June 1, 2008. (June 11)",2008-06-11,https://www.sos.mo.gov/library/reference/orders/2008/eo08_020,C,county/county-equivalent,147,NODAWAY,0,0,0.0,0.0,Hail,2,0.0
MO-EO-08-20,08-20,Matt Blunt,"Gov. Matt Blunt declares a State of Emergency and directs the Missouri State Emergency Operations Plan be activated in response to severe weather that began on June 1, 2008. (June 11)",2008-06-11,https://www.sos.mo.gov/library/reference/orders/2008/eo08_020,C,county/county-equivalent,165,PLATTE,0,0,0.0,0.0,Hail,3,0.0
MO-EO-08-20,08-20,Matt Blunt,"Gov. Matt Blunt declares a State of Emergency and directs the Missouri State Emergency Operations Plan be activated in response to severe weather that began on June 1, 2008. (June 11)",2008-06-11,https://www.sos.mo.gov/library/reference/orders/2008/eo08_020,C,county/county-equivalent,167,POLK,0,0,0.0,0.0,Flash Flood,1,0.0
MO-EO-08-20,08-20,Matt Blunt,"Gov. Matt Blunt declares a State of Emergency and directs the Missouri State Emergency Operations Plan be activated in response to severe weather that began on June 1, 2008. (June 11)",2008-06-11,https://www.sos.mo.gov/library/reference/orders/2008/eo08_020,C,county/county-equivalent,171,PUTNAM,0,0,0.0,0.0,"Hail, Tornado",3,0.0
MO-EO-08-20,08-20,Matt Blunt,"Gov. Matt Blunt declares a State of Emergency and directs the Missouri State Emergency Operations Plan be activated in response to severe weather that began on June 1, 2008. (June 11)",2008-06-11,https://www.sos.mo.gov/library/reference/orders/2008/eo08_020,C,county/county-equivalent,185,ST. CLAIR,0,0,0.0,0.0,Flash Flood,1,0.0
MO-EO-08-20,08-20,Matt Blunt,"Gov. Matt Blunt declares a State of Emergency and directs the Missouri State Emergency Operations Plan be activated in response to severe weather that began on June 1, 2008. (June 11)",2008-06-11,https://www.sos.mo.gov/library/reference/orders/2008/eo08_020,C,county/county-equivalent,201,SCOTT,0,0,0.0,0.0,Thunderstorm Wind,1,0.0
MO-EO-08-20,08-20,Matt Blunt,"Gov. Matt Blunt declares a State of Emergency and directs the Missouri State Emergency Operations Plan be activated in response to severe weather that began on June 1, 2008. (June 11)",2008-06-11,https://www.sos.mo.gov/library/reference/orders/2008/eo08_020,C,county/county-equivalent,207,STODDARD,0,0,0.0,0.0,Hail,1,0.0
MO-EO-08-20,08-20,Matt Blunt,"Gov. Matt Blunt declares a State of Emergency and directs the Missouri State Emergency Operations Plan be activated in response to severe weather that began on June 1, 2008. (June 11)",2008-06-11,https://www.sos.mo.gov/library/reference/orders/2008/eo08_020,C,county/county-equivalent,211,SULLIVAN,0,0,0.0,0.0,Tornado,1,0.0
MO-EO-08-20,08-20,Matt Blunt,"Gov. Matt Blunt declares a State of Emergency and directs the Missouri State Emergency Operations Plan be activated in response to severe weather that began on June 1, 2008. (June 11)",2008-06-11,https://www.sos.mo.gov/library/reference/orders/2008/eo08_020,C,county/county-equivalent,217,VERNON,0,0,0.0,0.0,Thunderstorm Wind,1,0.0
MO-EO-08-20,08-20,Matt Blunt,"Gov. Matt Blunt declares a State of Emergency and directs the Missouri State Emergency Operations Plan be activated in response to severe weather that began on June 1, 2008. (June 11)",2008-06-11,https://www.sos.mo.gov/library/reference/orders/2008/eo08_020,C,county/county-equivalent,225,WEBSTER,0,0,0.0,0.0,Flash Flood,1,0.0
MO-EO-08-20,08-20,Matt Blunt,"Gov. Matt Blunt declares a State of Emergency and directs the Missouri State Emergency Operations Plan be activated in response to severe weather that began on June 1, 2008. (June 11)",2008-06-11,https://www.sos.mo.gov/library/reference/orders/2008/eo08_020,C,county/county-equivalent,227,WORTH,0,0,0.0,0.0,Hail,2,0.0
MO-EO-08-31,08-31,,"Lt. Gov. Peter Kinder, upon express delegation of Gov. Matt Blunt, declares a State of Emergency and directs the Missouri State Emergency Operations Plan to be activated due to severe weather that began on September 11, 2008. (Sep. 15)",2008-09-15,https://www.sos.mo.gov/library/reference/orders/2008/eo08_031,C,county/county-equivalent,189,ST. LOUIS,3,0,0.0,0.0,Flash Flood,1,0.0
MO-EO-08-31,08-31,,"Lt. Gov. Peter Kinder, upon express delegation of Gov. Matt Blunt, declares a State of Emergency and directs the Missouri State Emergency Operations Plan to be activated due to severe weather that began on September 11, 2008. (Sep. 15)",2008-09-15,https://www.sos.mo.gov/library/reference/orders/2008/eo08_031,C,county/county-equivalent,213,TANEY,0,0,100000.0,0.0,Flash Flood,1,100000.0
MO-EO-08-31,08-31,,"Lt. Gov. Peter Kinder, upon express delegation of Gov. Matt Blunt, declares a State of Emergency and directs the Missouri State Emergency Operations Plan to be activated due to severe weather that began on September 11, 2008. (Sep. 15)",2008-09-15,https://www.sos.mo.gov/library/reference/orders/2008/eo08_031,C,county/county-equivalent,199,SCOTLAND,0,0,50000.0,0.0,Flash Flood,1,50000.0
MO-EO-08-31,08-31,,"Lt. Gov. Peter Kinder, upon express delegation of Gov. Matt Blunt, declares a State of Emergency and directs the Missouri State Emergency Operations Plan to be activated due to severe weather that began on September 11, 2008. (Sep. 15)",2008-09-15,https://www.sos.mo.gov/library/reference/orders/2008/eo08_031,C,county/county-equivalent,215,TEXAS,0,0,50000.0,0.0,Flash Flood,1,50000.0
MO-EO-08-31,08-31,,"Lt. Gov. Peter Kinder, upon express delegation of Gov. Matt Blunt, declares a State of Emergency and directs the Missouri State Emergency Operations Plan to be activated due to severe weather that began on September 11, 2008. (Sep. 15)",2008-09-15,https://www.sos.mo.gov/library/reference/orders/2008/eo08_031,C,county/county-equivalent,95,JACKSON,0,0,6000.0,0.0,Tornado,1,6000.0
MO-EO-08-31,08-31,,"Lt. Gov. Peter Kinder, upon express delegation of Gov. Matt Blunt, declares a State of Emergency and directs the Missouri State Emergency Operations Plan to be activated due to severe weather that began on September 11, 2008. (Sep. 15)",2008-09-15,https://www.sos.mo.gov/library/reference/orders/2008/eo08_031,C,county/county-equivalent,159,PETTIS,0,0,5000.0,0.0,"Flash Flood, Tornado",2,5000.0
MO-EO-08-31,08-31,,"Lt. Gov. Peter Kinder, upon express delegation of Gov. Matt Blunt, declares a State of Emergency and directs the Missouri State Emergency Operations Plan to be activated due to severe weather that began on September 11, 2008. (Sep. 15)",2008-09-15,https://www.sos.mo.gov/library/reference/orders/2008/eo08_031,C,county/county-equivalent,177,RAY,0,0,1000.0,0.0,Flash Flood,1,1000.0
MO-EO-08-31,08-31,,"Lt. Gov. Peter Kinder, upon express delegation of Gov. Matt Blunt, declares a State of Emergency and directs the Missouri State Emergency Operations Plan to be activated due to severe weather that began on September 11, 2008. (Sep. 15)",2008-09-15,https://www.sos.mo.gov/library/reference/orders/2008/eo08_031,C,county/county-equivalent,211,SULLIVAN,0,0,1000.0,0.0,Flash Flood,1,1000.0
MO-EO-08-31,08-31,,"Lt. Gov. Peter Kinder, upon express delegation of Gov. Matt Blunt, declares a State of Emergency and directs the Missouri State Emergency Operations Plan to be activated due to severe weather that began on September 11, 2008. (Sep. 15)",2008-09-15,https://www.sos.mo.gov/library/reference/orders/2008/eo08_031,C,county/county-equivalent,7,AUDRAIN,0,0,0.0,0.0,Flash Flood,2,0.0
MO-EO-08-31,08-31,,"Lt. Gov. Peter Kinder, upon express delegation of Gov. Matt Blunt, declares a State of Emergency and directs the Missouri State Emergency Operations Plan to be activated due to severe weather that began on September 11, 2008. (Sep. 15)",2008-09-15,https://www.sos.mo.gov/library/reference/orders/2008/eo08_031,C,county/county-equivalent,9,BARRY,0,0,0.0,0.0,Flash Flood,1,0.0
MO-EO-08-31,08-31,,"Lt. Gov. Peter Kinder, upon express delegation of Gov. Matt Blunt, declares a State of Emergency and directs the Missouri State Emergency Operations Plan to be activated due to severe weather that began on September 11, 2008. (Sep. 15)",2008-09-15,https://www.sos.mo.gov/library/reference/orders/2008/eo08_031,C,county/county-equivalent,11,BARTON,0,0,0.0,0.0,Flash Flood,1,0.0
MO-EO-08-31,08-31,,"Lt. Gov. Peter Kinder, upon express delegation of Gov. Matt Blunt, declares a State of Emergency and directs the Missouri State Emergency Operations Plan to be activated due to severe weather that began on September 11, 2008. (Sep. 15)",2008-09-15,https://www.sos.mo.gov/library/reference/orders/2008/eo08_031,C,county/county-equivalent,15,BENTON,0,0,0.0,0.0,Flash Flood,1,0.0
MO-EO-08-31,08-31,,"Lt. Gov. Peter Kinder, upon express delegation of Gov. Matt Blunt, declares a State of Emergency and directs the Missouri State Emergency Operations Plan to be activated due to severe weather that began on September 11, 2008. (Sep. 15)",2008-09-15,https://www.sos.mo.gov/library/reference/orders/2008/eo08_031,C,county/county-equivalent,19,BOONE,0,0,0.0,0.0,Flash Flood,2,0.0
MO-EO-08-31,08-31,,"Lt. Gov. Peter Kinder, upon express delegation of Gov. Matt Blunt, declares a State of Emergency and directs the Missouri State Emergency Operations Plan to be activated due to severe weather that began on September 11, 2008. (Sep. 15)",2008-09-15,https://www.sos.mo.gov/library/reference/orders/2008/eo08_031,C,county/county-equivalent,27,CALLAWAY,0,0,0.0,0.0,Flash Flood,1,0.0
MO-EO-08-31,08-31,,"Lt. Gov. Peter Kinder, upon express delegation of Gov. Matt Blunt, declares a State of Emergency and directs the Missouri State Emergency Operations Plan to be activated due to severe weather that began on September 11, 2008. (Sep. 15)",2008-09-15,https://www.sos.mo.gov/library/reference/orders/2008/eo08_031,C,county/county-equivalent,43,CHRISTIAN,0,0,0.0,0.0,Flash Flood,1,0.0
MO-EO-08-31,08-31,,"Lt. Gov. Peter Kinder, upon express delegation of Gov. Matt Blunt, declares a State of Emergency and directs the Missouri State Emergency Operations Plan to be activated due to severe weather that began on September 11, 2008. (Sep. 15)",2008-09-15,https://www.sos.mo.gov/library/reference/orders/2008/eo08_031,C,county/county-equivalent,53,COOPER,0,0,0.0,0.0,Flash Flood,4,0.0
MO-EO-08-31,08-31,,"Lt. Gov. Peter Kinder, upon express delegation of Gov. Matt Blunt, declares a State of Emergency and directs the Missouri State Emergency Operations Plan to be activated due to severe weather that began on September 11, 2008. (Sep. 15)",2008-09-15,https://www.sos.mo.gov/library/reference/orders/2008/eo08_031,C,county/county-equivalent,59,DALLAS,0,0,0.0,0.0,Flash Flood,1,0.0
MO-EO-08-31,08-31,,"Lt. Gov. Peter Kinder, upon express delegation of Gov. Matt Blunt, declares a State of Emergency and directs the Missouri State Emergency Operations Plan to be activated due to severe weather that began on September 11, 2008. (Sep. 15)",2008-09-15,https://www.sos.mo.gov/library/reference/orders/2008/eo08_031,C,county/county-equivalent,65,DENT,0,0,0.0,0.0,Flash Flood,1,0.0
MO-EO-08-31,08-31,,"Lt. Gov. Peter Kinder, upon express delegation of Gov. Matt Blunt, declares a State of Emergency and directs the Missouri State Emergency Operations Plan to be activated due to severe weather that began on September 11, 2008. (Sep. 15)",2008-09-15,https://www.sos.mo.gov/library/reference/orders/2008/eo08_031,C,county/county-equivalent,67,DOUGLAS,0,0,0.0,0.0,Flash Flood,1,0.0
MO-EO-08-31,08-31,,"Lt. Gov. Peter Kinder, upon express delegation of Gov. Matt Blunt, declares a State of Emergency and directs the Missouri State Emergency Operations Plan to be activated due to severe weather that began on September 11, 2008. (Sep. 15)",2008-09-15,https://www.sos.mo.gov/library/reference/orders/2008/eo08_031,C,county/county-equivalent,77,GREENE,0,0,0.0,0.0,Flash Flood,1,0.0
MO-EO-08-31,08-31,,"Lt. Gov. Peter Kinder, upon express delegation of Gov. Matt Blunt, declares a State of Emergency and directs the Missouri State Emergency Operations Plan to be activated due to severe weather that began on September 11, 2008. (Sep. 15)",2008-09-15,https://www.sos.mo.gov/library/reference/orders/2008/eo08_031,C,county/county-equivalent,83,HENRY,0,0,0.0,0.0,Flash Flood,4,0.0
MO-EO-08-31,08-31,,"Lt. Gov. Peter Kinder, upon express delegation of Gov. Matt Blunt, declares a State of Emergency and directs the Missouri State Emergency Operations Plan to be activated due to severe weather that began on September 11, 2008. (Sep. 15)",2008-09-15,https://www.sos.mo.gov/library/reference/orders/2008/eo08_031,C,county/county-equivalent,97,JASPER,0,0,0.0,0.0,Flash Flood,1,0.0
MO-EO-08-31,08-31,,"Lt. Gov. Peter Kinder, upon express delegation of Gov. Matt Blunt, declares a State of Emergency and directs the Missouri State Emergency Operations Plan to be activated due to severe weather that began on September 11, 2008. (Sep. 15)",2008-09-15,https://www.sos.mo.gov/library/reference/orders/2008/eo08_031,C,county/county-equivalent,105,LACLEDE,0,0,0.0,0.0,Flash Flood,1,0.0
MO-EO-08-31,08-31,,"Lt. Gov. Peter Kinder, upon express delegation of Gov. Matt Blunt, declares a State of Emergency and directs the Missouri State Emergency Operations Plan to be activated due to severe weather that began on September 11, 2008. (Sep. 15)",2008-09-15,https://www.sos.mo.gov/library/reference/orders/2008/eo08_031,C,county/county-equivalent,113,LINCOLN,0,0,0.0,0.0,Flash Flood,1,0.0
MO-EO-08-31,08-31,,"Lt. Gov. Peter Kinder, upon express delegation of Gov. Matt Blunt, declares a State of Emergency and directs the Missouri State Emergency Operations Plan to be activated due to severe weather that began on September 11, 2008. (Sep. 15)",2008-09-15,https://www.sos.mo.gov/library/reference/orders/2008/eo08_031,C,county/county-equivalent,119,MCDONALD,0,0,0.0,0.0,Flash Flood,1,0.0
MO-EO-08-31,08-31,,"Lt. Gov. Peter Kinder, upon express delegation of Gov. Matt Blunt, declares a State of Emergency and directs the Missouri State Emergency Operations Plan to be activated due to severe weather that began on September 11, 2008. (Sep. 15)",2008-09-15,https://www.sos.mo.gov/library/reference/orders/2008/eo08_031,C,county/county-equivalent,121,MACON,0,0,0.0,0.0,Flash Flood,1,0.0
MO-EO-08-31,08-31,,"Lt. Gov. Peter Kinder, upon express delegation of Gov. Matt Blunt, declares a State of Emergency and directs the Missouri State Emergency Operations Plan to be activated due to severe weather that began on September 11, 2008. (Sep. 15)",2008-09-15,https://www.sos.mo.gov/library/reference/orders/2008/eo08_031,C,county/county-equivalent,125,MARIES,0,0,0.0,0.0,Flash Flood,1,0.0
MO-EO-08-31,08-31,,"Lt. Gov. Peter Kinder, upon express delegation of Gov. Matt Blunt, declares a State of Emergency and directs the Missouri State Emergency Operations Plan to be activated due to severe weather that began on September 11, 2008. (Sep. 15)",2008-09-15,https://www.sos.mo.gov/library/reference/orders/2008/eo08_031,C,county/county-equivalent,131,MILLER,0,0,0.0,0.0,Flash Flood,1,0.0
MO-EO-08-31,08-31,,"Lt. Gov. Peter Kinder, upon express delegation of Gov. Matt Blunt, declares a State of Emergency and directs the Missouri State Emergency Operations Plan to be activated due to severe weather that began on September 11, 2008. (Sep. 15)",2008-09-15,https://www.sos.mo.gov/library/reference/orders/2008/eo08_031,C,county/county-equivalent,137,MONROE,0,0,0.0,0.0,Flash Flood,1,0.0
MO-EO-08-31,08-31,,"Lt. Gov. Peter Kinder, upon express delegation of Gov. Matt Blunt, declares a State of Emergency and directs the Missouri State Emergency Operations Plan to be activated due to severe weather that began on September 11, 2008. (Sep. 15)",2008-09-15,https://www.sos.mo.gov/library/reference/orders/2008/eo08_031,C,county/county-equivalent,141,MORGAN,0,0,0.0,0.0,Flash Flood,2,0.0
MO-EO-08-31,08-31,,"Lt. Gov. Peter Kinder, upon express delegation of Gov. Matt Blunt, declares a State of Emergency and directs the Missouri State Emergency Operations Plan to be activated due to severe weather that began on September 11, 2008. (Sep. 15)",2008-09-15,https://www.sos.mo.gov/library/reference/orders/2008/eo08_031,C,county/county-equivalent,145,NEWTON,0,0,0.0,0.0,Flash Flood,1,0.0
MO-EO-08-31,08-31,,"Lt. Gov. Peter Kinder, upon express delegation of Gov. Matt Blunt, declares a State of Emergency and directs the Missouri State Emergency Operations Plan to be activated due to severe weather that began on September 11, 2008. (Sep. 15)",2008-09-15,https://www.sos.mo.gov/library/reference/orders/2008/eo08_031,C,county/county-equivalent,161,PHELPS,0,0,0.0,0.0,Flash Flood,1,0.0
MO-EO-08-31,08-31,,"Lt. Gov. Peter Kinder, upon express delegation of Gov. Matt Blunt, declares a State of Emergency and directs the Missouri State Emergency Operations Plan to be activated due to severe weather that began on September 11, 2008. (Sep. 15)",2008-09-15,https://www.sos.mo.gov/library/reference/orders/2008/eo08_031,C,county/county-equivalent,167,POLK,0,0,0.0,0.0,Flash Flood,1,0.0
MO-EO-08-31,08-31,,"Lt. Gov. Peter Kinder, upon express delegation of Gov. Matt Blunt, declares a State of Emergency and directs the Missouri State Emergency Operations Plan to be activated due to severe weather that began on September 11, 2008. (Sep. 15)",2008-09-15,https://www.sos.mo.gov/library/reference/orders/2008/eo08_031,C,county/county-equivalent,169,PULASKI,0,0,0.0,0.0,Flash Flood,1,0.0
MO-EO-08-31,08-31,,"Lt. Gov. Peter Kinder, upon express delegation of Gov. Matt Blunt, declares a State of Emergency and directs the Missouri State Emergency Operations Plan to be activated due to severe weather that began on September 11, 2008. (Sep. 15)",2008-09-15,https://www.sos.mo.gov/library/reference/orders/2008/eo08_031,C,county/county-equivalent,183,ST. CHARLES,0,0,0.0,0.0,Flash Flood,1,0.0
MO-EO-08-31,08-31,,"Lt. Gov. Peter Kinder, upon express delegation of Gov. Matt Blunt, declares a State of Emergency and directs the Missouri State Emergency Operations Plan to be activated due to severe weather that began on September 11, 2008. (Sep. 15)",2008-09-15,https://www.sos.mo.gov/library/reference/orders/2008/eo08_031,C,county/county-equivalent,185,ST. CLAIR,0,0,0.0,0.0,Flash Flood,1,0.0
MO-EO-08-31,08-31,,"Lt. Gov. Peter Kinder, upon express delegation of Gov. Matt Blunt, declares a State of Emergency and directs the Missouri State Emergency Operations Plan to be activated due to severe weather that began on September 11, 2008. (Sep. 15)",2008-09-15,https://www.sos.mo.gov/library/reference/orders/2008/eo08_031,C,county/county-equivalent,209,STONE,0,0,0.0,0.0,Flash Flood,1,0.0
MO-EO-08-31,08-31,,"Lt. Gov. Peter Kinder, upon express delegation of Gov. Matt Blunt, declares a State of Emergency and directs the Missouri State Emergency Operations Plan to be activated due to severe weather that began on September 11, 2008. (Sep. 15)",2008-09-15,https://www.sos.mo.gov/library/reference/orders/2008/eo08_031,C,county/county-equivalent,217,VERNON,0,0,0.0,0.0,Flash Flood,1,0.0
MO-EO-08-31,08-31,,"Lt. Gov. Peter Kinder, upon express delegation of Gov. Matt Blunt, declares a State of Emergency and directs the Missouri State Emergency Operations Plan to be activated due to severe weather that began on September 11, 2008. (Sep. 15)",2008-09-15,https://www.sos.mo.gov/library/reference/orders/2008/eo08_031,C,county/county-equivalent,225,WEBSTER,0,0,0.0,0.0,Flash Flood,1,0.0
MO-EO-08-31,08-31,,"Lt. Gov. Peter Kinder, upon express delegation of Gov. Matt Blunt, declares a State of Emergency and directs the Missouri State Emergency Operations Plan to be activated due to severe weather that began on September 11, 2008. (Sep. 15)",2008-09-15,https://www.sos.mo.gov/library/reference/orders/2008/eo08_031,C,county/county-equivalent,229,WRIGHT,0,0,0.0,0.0,Flash Flood,1,0.0
MO-EO-09-19,09-19,Jay Nixon,"Gov. Jay Nixon declares a State of Emergency and directs the Missouri State Emergency Operations Plan be activated in response to severe weather that began on May 8, 2009. (May 8)",2009-05-08,https://www.sos.mo.gov/library/reference/orders/2009/eo09_019,C,county/county-equivalent,23,BUTLER,2,0,45000.0,0.0,"Flash Flood, Thunderstorm Wind",2,45000.0
MO-EO-09-19,09-19,Jay Nixon,"Gov. Jay Nixon declares a State of Emergency and directs the Missouri State Emergency Operations Plan be activated in response to severe weather that began on May 8, 2009. (May 8)",2009-05-08,https://www.sos.mo.gov/library/reference/orders/2009/eo09_019,C,county/county-equivalent,77,GREENE,0,4,16300000.0,0.0,"Thunderstorm Wind, Tornado",4,16300000.0
MO-EO-09-19,09-19,Jay Nixon,"Gov. Jay Nixon declares a State of Emergency and directs the Missouri State Emergency Operations Plan be activated in response to severe weather that began on May 8, 2009. (May 8)",2009-05-08,https://www.sos.mo.gov/library/reference/orders/2009/eo09_019,C,county/county-equivalent,59,DALLAS,0,2,5000000.0,0.0,"Thunderstorm Wind, Tornado",2,5000000.0
MO-EO-09-19,09-19,Jay Nixon,"Gov. Jay Nixon declares a State of Emergency and directs the Missouri State Emergency Operations Plan be activated in response to severe weather that began on May 8, 2009. (May 8)",2009-05-08,https://www.sos.mo.gov/library/reference/orders/2009/eo09_019,C,county/county-equivalent,215,TEXAS,0,2,1075000.0,0.0,"Thunderstorm Wind, Tornado",4,1075000.0
MO-EO-09-19,09-19,Jay Nixon,"Gov. Jay Nixon declares a State of Emergency and directs the Missouri State Emergency Operations Plan be activated in response to severe weather that began on May 8, 2009. (May 8)",2009-05-08,https://www.sos.mo.gov/library/reference/orders/2009/eo09_019,C,county/county-equivalent,167,POLK,0,1,9000000.0,0.0,"Thunderstorm Wind, Tornado",2,9000000.0
MO-EO-09-19,09-19,Jay Nixon,"Gov. Jay Nixon declares a State of Emergency and directs the Missouri State Emergency Operations Plan be activated in response to severe weather that began on May 8, 2009. (May 8)",2009-05-08,https://www.sos.mo.gov/library/reference/orders/2009/eo09_019,C,county/county-equivalent,157,PERRY,0,0,50012000.0,0.0,"Heavy Rain, Thunderstorm Wind, Tornado",4,50012000.0
MO-EO-09-19,09-19,Jay Nixon,"Gov. Jay Nixon declares a State of Emergency and directs the Missouri State Emergency Operations Plan be activated in response to severe weather that began on May 8, 2009. (May 8)",2009-05-08,https://www.sos.mo.gov/library/reference/orders/2009/eo09_019,C,county/county-equivalent,203,SHANNON,0,0,3050000.0,13000000.0,"Thunderstorm Wind, Tornado",2,16050000.0
MO-EO-09-19,09-19,Jay Nixon,"Gov. Jay Nixon declares a State of Emergency and directs the Missouri State Emergency Operations Plan be activated in response to severe weather that began on May 8, 2009. (May 8)",2009-05-08,https://www.sos.mo.gov/library/reference/orders/2009/eo09_019,C,county/county-equivalent,43,CHRISTIAN,0,0,9000000.0,0.0,"Thunderstorm Wind, Tornado",2,9000000.0
MO-EO-09-19,09-19,Jay Nixon,"Gov. Jay Nixon declares a State of Emergency and directs the Missouri State Emergency Operations Plan be activated in response to severe weather that began on May 8, 2009. (May 8)",2009-05-08,https://www.sos.mo.gov/library/reference/orders/2009/eo09_019,C,county/county-equivalent,17,BOLLINGER,0,0,8000000.0,0.0,Thunderstorm Wind,1,8000000.0
MO-EO-09-19,09-19,Jay Nixon,"Gov. Jay Nixon declares a State of Emergency and directs the Missouri State Emergency Operations Plan be activated in response to severe weather that began on May 8, 2009. (May 8)",2009-05-08,https://www.sos.mo.gov/library/reference/orders/2009/eo09_019,C,county/county-equivalent,39,CEDAR,0,0,7000000.0,0.0,"Flash Flood, Thunderstorm Wind",2,7000000.0
MO-EO-09-19,09-19,Jay Nixon,"Gov. Jay Nixon declares a State of Emergency and directs the Missouri State Emergency Operations Plan be activated in response to severe weather that began on May 8, 2009. (May 8)",2009-05-08,https://www.sos.mo.gov/library/reference/orders/2009/eo09_019,C,county/county-equivalent,91,HOWELL,0,0,6000000.0,0.0,"Thunderstorm Wind, Tornado",4,6000000.0
MO-EO-09-19,09-19,Jay Nixon,"Gov. Jay Nixon declares a State of Emergency and directs the Missouri State Emergency Operations Plan be activated in response to severe weather that began on May 8, 2009. (May 8)",2009-05-08,https://www.sos.mo.gov/library/reference/orders/2009/eo09_019,C,county/county-equivalent,67,DOUGLAS,0,0,5370000.0,0.0,"Thunderstorm Wind, Tornado",5,5370000.0
MO-EO-09-19,09-19,Jay Nixon,"Gov. Jay Nixon declares a State of Emergency and directs the Missouri State Emergency Operations Plan be activated in response to severe weather that began on May 8, 2009. (May 8)",2009-05-08,https://www.sos.mo.gov/library/reference/orders/2009/eo09_019,C,county/county-equivalent,225,WEBSTER,0,0,5050000.0,0.0,"Thunderstorm Wind, Tornado",2,5050000.0
MO-EO-09-19,09-19,Jay Nixon,"Gov. Jay Nixon declares a State of Emergency and directs the Missouri State Emergency Operations Plan be activated in response to severe weather that began on May 8, 2009. (May 8)",2009-05-08,https://www.sos.mo.gov/library/reference/orders/2009/eo09_019,C,county/county-equivalent,9,BARRY,0,0,4000000.0,0.0,"Flash Flood, Thunderstorm Wind",2,4000000.0
MO-EO-09-19,09-19,Jay Nixon,"Gov. Jay Nixon declares a State of Emergency and directs the Missouri State Emergency Operations Plan be activated in response to severe weather that began on May 8, 2009. (May 8)",2009-05-08,https://www.sos.mo.gov/library/reference/orders/2009/eo09_019,C,county/county-equivalent,11,BARTON,0,0,4000000.0,0.0,Thunderstorm Wind,1,4000000.0
MO-EO-09-19,09-19,Jay Nixon,"Gov. Jay Nixon declares a State of Emergency and directs the Missouri State Emergency Operations Plan be activated in response to severe weather that began on May 8, 2009. (May 8)",2009-05-08,https://www.sos.mo.gov/library/reference/orders/2009/eo09_019,C,county/county-equivalent,153,OZARK,0,0,3200000.0,0.0,"Thunderstorm Wind, Tornado",2,3200000.0
MO-EO-09-19,09-19,Jay Nixon,"Gov. Jay Nixon declares a State of Emergency and directs the Missouri State Emergency Operations Plan be activated in response to severe weather that began on May 8, 2009. (May 8)",2009-05-08,https://www.sos.mo.gov/library/reference/orders/2009/eo09_019,C,county/county-equivalent,31,CAPE GIRARDEAU,0,0,3000000.0,0.0,Thunderstorm Wind,1,3000000.0
MO-EO-09-19,09-19,Jay Nixon,"Gov. Jay Nixon declares a State of Emergency and directs the Missouri State Emergency Operations Plan be activated in response to severe weather that began on May 8, 2009. (May 8)",2009-05-08,https://www.sos.mo.gov/library/reference/orders/2009/eo09_019,C,county/county-equivalent,97,JASPER,0,0,3000000.0,0.0,Thunderstorm Wind,1,3000000.0
MO-EO-09-19,09-19,Jay Nixon,"Gov. Jay Nixon declares a State of Emergency and directs the Missouri State Emergency Operations Plan be activated in response to severe weather that began on May 8, 2009. (May 8)",2009-05-08,https://www.sos.mo.gov/library/reference/orders/2009/eo09_019,C,county/county-equivalent,109,LAWRENCE,0,0,3000000.0,0.0,Thunderstorm Wind,1,3000000.0
MO-EO-09-19,09-19,Jay Nixon,"Gov. Jay Nixon declares a State of Emergency and directs the Missouri State Emergency Operations Plan be activated in response to severe weather that began on May 8, 2009. (May 8)",2009-05-08,https://www.sos.mo.gov/library/reference/orders/2009/eo09_019,C,county/county-equivalent,145,NEWTON,0,0,3000000.0,0.0,Thunderstorm Wind,1,3000000.0
MO-EO-09-19,09-19,Jay Nixon,"Gov. Jay Nixon declares a State of Emergency and directs the Missouri State Emergency Operations Plan be activated in response to severe weather that began on May 8, 2009. (May 8)",2009-05-08,https://www.sos.mo.gov/library/reference/orders/2009/eo09_019,C,county/county-equivalent,105,LACLEDE,0,0,1600000.0,0.0,"Flash Flood, Thunderstorm Wind, Tornado",3,1600000.0
MO-EO-09-19,09-19,Jay Nixon,"Gov. Jay Nixon declares a State of Emergency and directs the Missouri State Emergency Operations Plan be activated in response to severe weather that began on May 8, 2009. (May 8)",2009-05-08,https://www.sos.mo.gov/library/reference/orders/2009/eo09_019,C,county/county-equivalent,57,DADE,0,0,1035000.0,0.0,"Thunderstorm Wind, Tornado",2,1035000.0
MO-EO-09-19,09-19,Jay Nixon,"Gov. Jay Nixon declares a State of Emergency and directs the Missouri State Emergency Operations Plan be activated in response to severe weather that began on May 8, 2009. (May 8)",2009-05-08,https://www.sos.mo.gov/library/reference/orders/2009/eo09_019,C,county/county-equivalent,65,DENT,0,0,1000000.0,0.0,Thunderstorm Wind,1,1000000.0
MO-EO-09-19,09-19,Jay Nixon,"Gov. Jay Nixon declares a State of Emergency and directs the Missouri State Emergency Operations Plan be activated in response to severe weather that began on May 8, 2009. (May 8)",2009-05-08,https://www.sos.mo.gov/library/reference/orders/2009/eo09_019,C,county/county-equivalent,149,OREGON,0,0,1000000.0,0.0,"Flash Flood, Thunderstorm Wind",2,1000000.0
MO-EO-09-19,09-19,Jay Nixon,"Gov. Jay Nixon declares a State of Emergency and directs the Missouri State Emergency Operations Plan be activated in response to severe weather that began on May 8, 2009. (May 8)",2009-05-08,https://www.sos.mo.gov/library/reference/orders/2009/eo09_019,C,county/county-equivalent,213,TANEY,0,0,1000000.0,0.0,"Thunderstorm Wind, Tornado",2,1000000.0
MO-EO-09-19,09-19,Jay Nixon,"Gov. Jay Nixon declares a State of Emergency and directs the Missouri State Emergency Operations Plan be activated in response to severe weather that began on May 8, 2009. (May 8)",2009-05-08,https://www.sos.mo.gov/library/reference/orders/2009/eo09_019,C,county/county-equivalent,181,RIPLEY,0,0,900000.0,0.0,"Flash Flood, Heavy Rain, Thunderstorm Wind",3,900000.0
MO-EO-09-19,09-19,Jay Nixon,"Gov. Jay Nixon declares a State of Emergency and directs the Missouri State Emergency Operations Plan be activated in response to severe weather that began on May 8, 2009. (May 8)",2009-05-08,https://www.sos.mo.gov/library/reference/orders/2009/eo09_019,C,county/county-equivalent,209,STONE,0,0,500000.0,0.0,Thunderstorm Wind,1,500000.0
MO-EO-09-19,09-19,Jay Nixon,"Gov. Jay Nixon declares a State of Emergency and directs the Missouri State Emergency Operations Plan be activated in response to severe weather that began on May 8, 2009. (May 8)",2009-05-08,https://www.sos.mo.gov/library/reference/orders/2009/eo09_019,C,county/county-equivalent,229,WRIGHT,0,0,53000.0,0.0,"Thunderstorm Wind, Tornado",2,53000.0
MO-EO-09-19,09-19,Jay Nixon,"Gov. Jay Nixon declares a State of Emergency and directs the Missouri State Emergency Operations Plan be activated in response to severe weather that began on May 8, 2009. (May 8)",2009-05-08,https://www.sos.mo.gov/library/reference/orders/2009/eo09_019,C,county/county-equivalent,155,PEMISCOT,0,0,50000.0,0.0,"Flash Flood, Thunderstorm Wind",3,50000.0
MO-EO-09-19,09-19,Jay Nixon,"Gov. Jay Nixon declares a State of Emergency and directs the Missouri State Emergency Operations Plan be activated in response to severe weather that began on May 8, 2009. (May 8)",2009-05-08,https://www.sos.mo.gov/library/reference/orders/2009/eo09_019,C,county/county-equivalent,125,MARIES,0,0,25000.0,0.0,Flash Flood,1,25000.0
MO-EO-09-19,09-19,Jay Nixon,"Gov. Jay Nixon declares a State of Emergency and directs the Missouri State Emergency Operations Plan be activated in response to severe weather that began on May 8, 2009. (May 8)",2009-05-08,https://www.sos.mo.gov/library/reference/orders/2009/eo09_019,C,county/county-equivalent,35,CARTER,0,0,20000.0,0.0,"Heavy Rain, Thunderstorm Wind",2,20000.0
MO-EO-09-19,09-19,Jay Nixon,"Gov. Jay Nixon declares a State of Emergency and directs the Missouri State Emergency Operations Plan be activated in response to severe weather that began on May 8, 2009. (May 8)",2009-05-08,https://www.sos.mo.gov/library/reference/orders/2009/eo09_019,C,county/county-equivalent,169,PULASKI,0,0,10000.0,0.0,"Flash Flood, Thunderstorm Wind",2,10000.0
MO-EO-09-19,09-19,Jay Nixon,"Gov. Jay Nixon declares a State of Emergency and directs the Missouri State Emergency Operations Plan be activated in response to severe weather that began on May 8, 2009. (May 8)",2009-05-08,https://www.sos.mo.gov/library/reference/orders/2009/eo09_019,C,county/county-equivalent,61,DAVIESS,0,0,250.0,0.0,"Hail, Thunderstorm Wind, Tornado",3,250.0
MO-EO-09-19,09-19,Jay Nixon,"Gov. Jay Nixon declares a State of Emergency and directs the Missouri State Emergency Operations Plan be activated in response to severe weather that began on May 8, 2009. (May 8)",2009-05-08,https://www.sos.mo.gov/library/reference/orders/2009/eo09_019,C,county/county-equivalent,19,BOONE,0,0,0.0,0.0,"Hail, Thunderstorm Wind",5,0.0
MO-EO-09-19,09-19,Jay Nixon,"Gov. Jay Nixon declares a State of Emergency and directs the Missouri State Emergency Operations Plan be activated in response to severe weather that began on May 8, 2009. (May 8)",2009-05-08,https://www.sos.mo.gov/library/reference/orders/2009/eo09_019,C,county/county-equivalent,27,CALLAWAY,0,0,0.0,0.0,Thunderstorm Wind,2,0.0
MO-EO-09-19,09-19,Jay Nixon,"Gov. Jay Nixon declares a State of Emergency and directs the Missouri State Emergency Operations Plan be activated in response to severe weather that began on May 8, 2009. (May 8)",2009-05-08,https://www.sos.mo.gov/library/reference/orders/2009/eo09_019,C,county/county-equivalent,29,CAMDEN,0,0,0.0,0.0,Flash Flood,1,0.0
MO-EO-09-19,09-19,Jay Nixon,"Gov. Jay Nixon declares a State of Emergency and directs the Missouri State Emergency Operations Plan be activated in response to severe weather that began on May 8, 2009. (May 8)",2009-05-08,https://www.sos.mo.gov/library/reference/orders/2009/eo09_019,C,county/county-equivalent,33,CARROLL,0,0,0.0,0.0,Hail,1,0.0
MO-EO-09-19,09-19,Jay Nixon,"Gov. Jay Nixon declares a State of Emergency and directs the Missouri State Emergency Operations Plan be activated in response to severe weather that began on May 8, 2009. (May 8)",2009-05-08,https://www.sos.mo.gov/library/reference/orders/2009/eo09_019,C,county/county-equivalent,41,CHARITON,0,0,0.0,0.0,Hail,1,0.0
MO-EO-09-19,09-19,Jay Nixon,"Gov. Jay Nixon declares a State of Emergency and directs the Missouri State Emergency Operations Plan be activated in response to severe weather that began on May 8, 2009. (May 8)",2009-05-08,https://www.sos.mo.gov/library/reference/orders/2009/eo09_019,C,county/county-equivalent,53,COOPER,0,0,0.0,0.0,Hail,1,0.0
MO-EO-09-19,09-19,Jay Nixon,"Gov. Jay Nixon declares a State of Emergency and directs the Missouri State Emergency Operations Plan be activated in response to severe weather that began on May 8, 2009. (May 8)",2009-05-08,https://www.sos.mo.gov/library/reference/orders/2009/eo09_019,C,county/county-equivalent,55,CRAWFORD,0,0,0.0,0.0,"Flash Flood, Hail",3,0.0
MO-EO-09-19,09-19,Jay Nixon,"Gov. Jay Nixon declares a State of Emergency and directs the Missouri State Emergency Operations Plan be activated in response to severe weather that began on May 8, 2009. (May 8)",2009-05-08,https://www.sos.mo.gov/library/reference/orders/2009/eo09_019,C,county/county-equivalent,69,DUNKLIN,0,0,0.0,0.0,"Flash Flood, Hail, Thunderstorm Wind",5,0.0
MO-EO-09-19,09-19,Jay Nixon,"Gov. Jay Nixon declares a State of Emergency and directs the Missouri State Emergency Operations Plan be activated in response to severe weather that began on May 8, 2009. (May 8)",2009-05-08,https://www.sos.mo.gov/library/reference/orders/2009/eo09_019,C,county/county-equivalent,73,GASCONADE,0,0,0.0,0.0,"Flash Flood, Hail",2,0.0
MO-EO-09-19,09-19,Jay Nixon,"Gov. Jay Nixon declares a State of Emergency and directs the Missouri State Emergency Operations Plan be activated in response to severe weather that began on May 8, 2009. (May 8)",2009-05-08,https://www.sos.mo.gov/library/reference/orders/2009/eo09_019,C,county/county-equivalent,85,HICKORY,0,0,0.0,0.0,Flash Flood,1,0.0
MO-EO-09-19,09-19,Jay Nixon,"Gov. Jay Nixon declares a State of Emergency and directs the Missouri State Emergency Operations Plan be activated in response to severe weather that began on May 8, 2009. (May 8)",2009-05-08,https://www.sos.mo.gov/library/reference/orders/2009/eo09_019,C,county/county-equivalent,89,HOWARD,0,0,0.0,0.0,Hail,1,0.0
MO-EO-09-19,09-19,Jay Nixon,"Gov. Jay Nixon declares a State of Emergency and directs the Missouri State Emergency Operations Plan be activated in response to severe weather that began on May 8, 2009. (May 8)",2009-05-08,https://www.sos.mo.gov/library/reference/orders/2009/eo09_019,C,county/county-equivalent,93,IRON,0,0,0.0,0.0,"Hail, Thunderstorm Wind",2,0.0
MO-EO-09-19,09-19,Jay Nixon,"Gov. Jay Nixon declares a State of Emergency and directs the Missouri State Emergency Operations Plan be activated in response to severe weather that began on May 8, 2009. (May 8)",2009-05-08,https://www.sos.mo.gov/library/reference/orders/2009/eo09_019,C,county/county-equivalent,117,LIVINGSTON,0,0,0.0,0.0,Hail,1,0.0
MO-EO-09-19,09-19,Jay Nixon,"Gov. Jay Nixon declares a State of Emergency and directs the Missouri State Emergency Operations Plan be activated in response to severe weather that began on May 8, 2009. (May 8)",2009-05-08,https://www.sos.mo.gov/library/reference/orders/2009/eo09_019,C,county/county-equivalent,123,MADISON,0,0,0.0,0.0,"Thunderstorm Wind, Tornado",3,0.0
MO-EO-09-19,09-19,Jay Nixon,"Gov. Jay Nixon declares a State of Emergency and directs the Missouri State Emergency Operations Plan be activated in response to severe weather that began on May 8, 2009. (May 8)",2009-05-08,https://www.sos.mo.gov/library/reference/orders/2009/eo09_019,C,county/county-equivalent,135,MONITEAU,0,0,0.0,0.0,"Hail, Thunderstorm Wind",2,0.0
MO-EO-09-19,09-19,Jay Nixon,"Gov. Jay Nixon declares a State of Emergency and directs the Missouri State Emergency Operations Plan be activated in response to severe weather that began on May 8, 2009. (May 8)",2009-05-08,https://www.sos.mo.gov/library/reference/orders/2009/eo09_019,C,county/county-equivalent,151,OSAGE,0,0,0.0,0.0,"Flash Flood, Hail",2,0.0
MO-EO-09-19,09-19,Jay Nixon,"Gov. Jay Nixon declares a State of Emergency and directs the Missouri State Emergency Operations Plan be activated in response to severe weather that began on May 8, 2009. (May 8)",2009-05-08,https://www.sos.mo.gov/library/reference/orders/2009/eo09_019,C,county/county-equivalent,179,REYNOLDS,0,0,0.0,0.0,"Thunderstorm Wind, Tornado",3,0.0
MO-EO-09-19,09-19,Jay Nixon,"Gov. Jay Nixon declares a State of Emergency and directs the Missouri State Emergency Operations Plan be activated in response to severe weather that began on May 8, 2009. (May 8)",2009-05-08,https://www.sos.mo.gov/library/reference/orders/2009/eo09_019,C,county/county-equivalent,185,ST. CLAIR,0,0,0.0,0.0,Flash Flood,1,0.0
MO-EO-09-19,09-19,Jay Nixon,"Gov. Jay Nixon declares a State of Emergency and directs the Missouri State Emergency Operations Plan be activated in response to severe weather that began on May 8, 2009. (May 8)",2009-05-08,https://www.sos.mo.gov/library/reference/orders/2009/eo09_019,C,county/county-equivalent,186,STE. GENEVIEVE,0,0,0.0,0.0,"Flash Flood, Hail",2,0.0
MO-EO-09-19,09-19,Jay Nixon,"Gov. Jay Nixon declares a State of Emergency and directs the Missouri State Emergency Operations Plan be activated in response to severe weather that began on May 8, 2009. (May 8)",2009-05-08,https://www.sos.mo.gov/library/reference/orders/2009/eo09_019,C,county/county-equivalent,187,ST. FRANCOIS,0,0,0.0,0.0,"Flash Flood, Hail, Thunderstorm Wind",5,0.0
MO-EO-09-19,09-19,Jay Nixon,"Gov. Jay Nixon declares a State of Emergency and directs the Missouri State Emergency Operations Plan be activated in response to severe weather that began on May 8, 2009. (May 8)",2009-05-08,https://www.sos.mo.gov/library/reference/orders/2009/eo09_019,C,county/county-equivalent,217,VERNON,0,0,0.0,0.0,Flash Flood,1,0.0
MO-EO-09-19,09-19,Jay Nixon,"Gov. Jay Nixon declares a State of Emergency and directs the Missouri State Emergency Operations Plan be activated in response to severe weather that began on May 8, 2009. (May 8)",2009-05-08,https://www.sos.mo.gov/library/reference/orders/2009/eo09_019,C,county/county-equivalent,221,WASHINGTON,0,0,0.0,0.0,"Flash Flood, Hail, Thunderstorm Wind",3,0.0
MO-EO-09-21,09-21,Jay Nixon,"Gov. Jay Nixon declares a State of Emergency and directs the Missouri State Emergency Operations Plan to remain activated due to severe weather that began on May 8, 2009. (May 14)",2009-05-14,https://www.sos.mo.gov/library/reference/orders/2009/eo09_021,C,county/county-equivalent,1,ADAIR,2,6,5100000.0,0.0,"Flash Flood, Tornado",4,5100000.0
MO-EO-09-21,09-21,Jay Nixon,"Gov. Jay Nixon declares a State of Emergency and directs the Missouri State Emergency Operations Plan to remain activated due to severe weather that began on May 8, 2009. (May 14)",2009-05-14,https://www.sos.mo.gov/library/reference/orders/2009/eo09_021,C,county/county-equivalent,211,SULLIVAN,1,0,25000.0,0.0,"Flash Flood, Tornado",3,25000.0
MO-EO-09-21,09-21,Jay Nixon,"Gov. Jay Nixon declares a State of Emergency and directs the Missouri State Emergency Operations Plan to remain activated due to severe weather that began on May 8, 2009. (May 14)",2009-05-14,https://www.sos.mo.gov/library/reference/orders/2009/eo09_021,C,county/county-equivalent,9,BARRY,0,1,30000.0,0.0,Thunderstorm Wind,2,30000.0
MO-EO-09-21,09-21,Jay Nixon,"Gov. Jay Nixon declares a State of Emergency and directs the Missouri State Emergency Operations Plan to remain activated due to severe weather that began on May 8, 2009. (May 14)",2009-05-14,https://www.sos.mo.gov/library/reference/orders/2009/eo09_021,C,county/county-equivalent,199,SCOTLAND,0,0,100000.0,0.0,"Flash Flood, Hail, Lightning",3,100000.0
MO-EO-09-21,09-21,Jay Nixon,"Gov. Jay Nixon declares a State of Emergency and directs the Missouri State Emergency Operations Plan to remain activated due to severe weather that began on May 8, 2009. (May 14)",2009-05-14,https://www.sos.mo.gov/library/reference/orders/2009/eo09_021,C,county/county-equivalent,119,MCDONALD,0,0,65000.0,0.0,Thunderstorm Wind,6,65000.0
MO-EO-09-21,09-21,Jay Nixon,"Gov. Jay Nixon declares a State of Emergency and directs the Missouri State Emergency Operations Plan to remain activated due to severe weather that began on May 8, 2009. (May 14)",2009-05-14,https://www.sos.mo.gov/library/reference/orders/2009/eo09_021,C,county/county-equivalent,67,DOUGLAS,0,0,20000.0,0.0,"Lightning, Thunderstorm Wind",2,20000.0
MO-EO-09-21,09-21,Jay Nixon,"Gov. Jay Nixon declares a State of Emergency and directs the Missouri State Emergency Operations Plan to remain activated due to severe weather that began on May 8, 2009. (May 14)",2009-05-14,https://www.sos.mo.gov/library/reference/orders/2009/eo09_021,C,county/county-equivalent,185,ST. CLAIR,0,0,20000.0,0.0,"Flash Flood, Thunderstorm Wind",2,20000.0
MO-EO-09-21,09-21,Jay Nixon,"Gov. Jay Nixon declares a State of Emergency and directs the Missouri State Emergency Operations Plan to remain activated due to severe weather that began on May 8, 2009. (May 14)",2009-05-14,https://www.sos.mo.gov/library/reference/orders/2009/eo09_021,C,county/county-equivalent,115,LINN,0,0,15000.0,0.0,"Hail, Thunderstorm Wind",4,15000.0
MO-EO-09-21,09-21,Jay Nixon,"Gov. Jay Nixon declares a State of Emergency and directs the Missouri State Emergency Operations Plan to remain activated due to severe weather that began on May 8, 2009. (May 14)",2009-05-14,https://www.sos.mo.gov/library/reference/orders/2009/eo09_021,C,county/county-equivalent,23,BUTLER,0,0,10000.0,0.0,Thunderstorm Wind,1,10000.0
MO-EO-09-21,09-21,Jay Nixon,"Gov. Jay Nixon declares a State of Emergency and directs the Missouri State Emergency Operations Plan to remain activated due to severe weather that began on May 8, 2009. (May 14)",2009-05-14,https://www.sos.mo.gov/library/reference/orders/2009/eo09_021,C,county/county-equivalent,225,WEBSTER,0,0,10000.0,0.0,Thunderstorm Wind,2,10000.0
MO-EO-09-21,09-21,Jay Nixon,"Gov. Jay Nixon declares a State of Emergency and directs the Missouri State Emergency Operations Plan to remain activated due to severe weather that began on May 8, 2009. (May 14)",2009-05-14,https://www.sos.mo.gov/library/reference/orders/2009/eo09_021,C,county/county-equivalent,31,CAPE GIRARDEAU,0,0,5000.0,0.0,Thunderstorm Wind,1,5000.0
MO-EO-09-21,09-21,Jay Nixon,"Gov. Jay Nixon declares a State of Emergency and directs the Missouri State Emergency Operations Plan to remain activated due to severe weather that began on May 8, 2009. (May 14)",2009-05-14,https://www.sos.mo.gov/library/reference/orders/2009/eo09_021,C,county/county-equivalent,77,GREENE,0,0,5000.0,0.0,Thunderstorm Wind,2,5000.0
MO-EO-09-21,09-21,Jay Nixon,"Gov. Jay Nixon declares a State of Emergency and directs the Missouri State Emergency Operations Plan to remain activated due to severe weather that began on May 8, 2009. (May 14)",2009-05-14,https://www.sos.mo.gov/library/reference/orders/2009/eo09_021,C,county/county-equivalent,209,STONE,0,0,2000.0,0.0,Thunderstorm Wind,1,2000.0
MO-EO-09-21,09-21,Jay Nixon,"Gov. Jay Nixon declares a State of Emergency and directs the Missouri State Emergency Operations Plan to remain activated due to severe weather that began on May 8, 2009. (May 14)",2009-05-14,https://www.sos.mo.gov/library/reference/orders/2009/eo09_021,C,county/county-equivalent,3,ANDREW,0,0,0.0,0.0,Flash Flood,1,0.0
MO-EO-09-21,09-21,Jay Nixon,"Gov. Jay Nixon declares a State of Emergency and directs the Missouri State Emergency Operations Plan to remain activated due to severe weather that began on May 8, 2009. (May 14)",2009-05-14,https://www.sos.mo.gov/library/reference/orders/2009/eo09_021,C,county/county-equivalent,7,AUDRAIN,0,0,0.0,0.0,Thunderstorm Wind,1,0.0
MO-EO-09-21,09-21,Jay Nixon,"Gov. Jay Nixon declares a State of Emergency and directs the Missouri State Emergency Operations Plan to remain activated due to severe weather that began on May 8, 2009. (May 14)",2009-05-14,https://www.sos.mo.gov/library/reference/orders/2009/eo09_021,C,county/county-equivalent,11,BARTON,0,0,0.0,0.0,"Flash Flood, Hail, Thunderstorm Wind",5,0.0
MO-EO-09-21,09-21,Jay Nixon,"Gov. Jay Nixon declares a State of Emergency and directs the Missouri State Emergency Operations Plan to remain activated due to severe weather that began on May 8, 2009. (May 14)",2009-05-14,https://www.sos.mo.gov/library/reference/orders/2009/eo09_021,C,county/county-equivalent,19,BOONE,0,0,0.0,0.0,"Flash Flood, Hail, Thunderstorm Wind",4,0.0
MO-EO-09-21,09-21,Jay Nixon,"Gov. Jay Nixon declares a State of Emergency and directs the Missouri State Emergency Operations Plan to remain activated due to severe weather that began on May 8, 2009. (May 14)",2009-05-14,https://www.sos.mo.gov/library/reference/orders/2009/eo09_021,C,county/county-equivalent,21,BUCHANAN,0,0,0.0,0.0,"Flash Flood, Hail, Thunderstorm Wind",9,0.0
MO-EO-09-21,09-21,Jay Nixon,"Gov. Jay Nixon declares a State of Emergency and directs the Missouri State Emergency Operations Plan to remain activated due to severe weather that began on May 8, 2009. (May 14)",2009-05-14,https://www.sos.mo.gov/library/reference/orders/2009/eo09_021,C,county/county-equivalent,25,CALDWELL,0,0,0.0,0.0,"Flash Flood, Hail",3,0.0
MO-EO-09-21,09-21,Jay Nixon,"Gov. Jay Nixon declares a State of Emergency and directs the Missouri State Emergency Operations Plan to remain activated due to severe weather that began on May 8, 2009. (May 14)",2009-05-14,https://www.sos.mo.gov/library/reference/orders/2009/eo09_021,C,county/county-equivalent,33,CARROLL,0,0,0.0,0.0,"Flash Flood, Hail",4,0.0
MO-EO-09-21,09-21,Jay Nixon,"Gov. Jay Nixon declares a State of Emergency and directs the Missouri State Emergency Operations Plan to remain activated due to severe weather that began on May 8, 2009. (May 14)",2009-05-14,https://www.sos.mo.gov/library/reference/orders/2009/eo09_021,C,county/county-equivalent,47,CLAY,0,0,0.0,0.0,"Flash Flood, Hail",8,0.0
MO-EO-09-21,09-21,Jay Nixon,"Gov. Jay Nixon declares a State of Emergency and directs the Missouri State Emergency Operations Plan to remain activated due to severe weather that began on May 8, 2009. (May 14)",2009-05-14,https://www.sos.mo.gov/library/reference/orders/2009/eo09_021,C,county/county-equivalent,49,CLINTON,0,0,0.0,0.0,Hail,2,0.0
MO-EO-09-21,09-21,Jay Nixon,"Gov. Jay Nixon declares a State of Emergency and directs the Missouri State Emergency Operations Plan to remain activated due to severe weather that began on May 8, 2009. (May 14)",2009-05-14,https://www.sos.mo.gov/library/reference/orders/2009/eo09_021,C,county/county-equivalent,57,DADE,0,0,0.0,0.0,"Flash Flood, Thunderstorm Wind",2,0.0
MO-EO-09-21,09-21,Jay Nixon,"Gov. Jay Nixon declares a State of Emergency and directs the Missouri State Emergency Operations Plan to remain activated due to severe weather that began on May 8, 2009. (May 14)",2009-05-14,https://www.sos.mo.gov/library/reference/orders/2009/eo09_021,C,county/county-equivalent,63,DE KALB,0,0,0.0,0.0,"Flash Flood, Hail",3,0.0
MO-EO-09-21,09-21,Jay Nixon,"Gov. Jay Nixon declares a State of Emergency and directs the Missouri State Emergency Operations Plan to remain activated due to severe weather that began on May 8, 2009. (May 14)",2009-05-14,https://www.sos.mo.gov/library/reference/orders/2009/eo09_021,C,county/county-equivalent,65,DENT,0,0,0.0,0.0,Hail,1,0.0
MO-EO-09-21,09-21,Jay Nixon,"Gov. Jay Nixon declares a State of Emergency and directs the Missouri State Emergency Operations Plan to remain activated due to severe weather that began on May 8, 2009. (May 14)",2009-05-14,https://www.sos.mo.gov/library/reference/orders/2009/eo09_021,C,county/county-equivalent,75,GENTRY,0,0,0.0,0.0,Flash Flood,1,0.0
MO-EO-09-21,09-21,Jay Nixon,"Gov. Jay Nixon declares a State of Emergency and directs the Missouri State Emergency Operations Plan to remain activated due to severe weather that began on May 8, 2009. (May 14)",2009-05-14,https://www.sos.mo.gov/library/reference/orders/2009/eo09_021,C,county/county-equivalent,79,GRUNDY,0,0,0.0,0.0,Flash Flood,3,0.0
MO-EO-09-21,09-21,Jay Nixon,"Gov. Jay Nixon declares a State of Emergency and directs the Missouri State Emergency Operations Plan to remain activated due to severe weather that began on May 8, 2009. (May 14)",2009-05-14,https://www.sos.mo.gov/library/reference/orders/2009/eo09_021,C,county/county-equivalent,81,HARRISON,0,0,0.0,0.0,Flash Flood,1,0.0
MO-EO-09-21,09-21,Jay Nixon,"Gov. Jay Nixon declares a State of Emergency and directs the Missouri State Emergency Operations Plan to remain activated due to severe weather that began on May 8, 2009. (May 14)",2009-05-14,https://www.sos.mo.gov/library/reference/orders/2009/eo09_021,C,county/county-equivalent,83,HENRY,0,0,0.0,0.0,Hail,1,0.0
MO-EO-09-21,09-21,Jay Nixon,"Gov. Jay Nixon declares a State of Emergency and directs the Missouri State Emergency Operations Plan to remain activated due to severe weather that began on May 8, 2009. (May 14)",2009-05-14,https://www.sos.mo.gov/library/reference/orders/2009/eo09_021,C,county/county-equivalent,95,JACKSON,0,0,0.0,0.0,"Flash Flood, Hail",5,0.0
MO-EO-09-21,09-21,Jay Nixon,"Gov. Jay Nixon declares a State of Emergency and directs the Missouri State Emergency Operations Plan to remain activated due to severe weather that began on May 8, 2009. (May 14)",2009-05-14,https://www.sos.mo.gov/library/reference/orders/2009/eo09_021,C,county/county-equivalent,97,JASPER,0,0,0.0,0.0,"Hail, Thunderstorm Wind",2,0.0
MO-EO-09-21,09-21,Jay Nixon,"Gov. Jay Nixon declares a State of Emergency and directs the Missouri State Emergency Operations Plan to remain activated due to severe weather that began on May 8, 2009. (May 14)",2009-05-14,https://www.sos.mo.gov/library/reference/orders/2009/eo09_021,C,county/county-equivalent,101,JOHNSON,0,0,0.0,0.0,Hail,7,0.0
MO-EO-09-21,09-21,Jay Nixon,"Gov. Jay Nixon declares a State of Emergency and directs the Missouri State Emergency Operations Plan to remain activated due to severe weather that began on May 8, 2009. (May 14)",2009-05-14,https://www.sos.mo.gov/library/reference/orders/2009/eo09_021,C,county/county-equivalent,103,KNOX,0,0,0.0,0.0,"Flash Flood, Tornado",3,0.0
MO-EO-09-21,09-21,Jay Nixon,"Gov. Jay Nixon declares a State of Emergency and directs the Missouri State Emergency Operations Plan to remain activated due to severe weather that began on May 8, 2009. (May 14)",2009-05-14,https://www.sos.mo.gov/library/reference/orders/2009/eo09_021,C,county/county-equivalent,107,LAFAYETTE,0,0,0.0,0.0,Hail,2,0.0
MO-EO-09-21,09-21,Jay Nixon,"Gov. Jay Nixon declares a State of Emergency and directs the Missouri State Emergency Operations Plan to remain activated due to severe weather that began on May 8, 2009. (May 14)",2009-05-14,https://www.sos.mo.gov/library/reference/orders/2009/eo09_021,C,county/county-equivalent,111,LEWIS,0,0,0.0,0.0,"Flash Flood, Hail",3,0.0
MO-EO-09-21,09-21,Jay Nixon,"Gov. Jay Nixon declares a State of Emergency and directs the Missouri State Emergency Operations Plan to remain activated due to severe weather that began on May 8, 2009. (May 14)",2009-05-14,https://www.sos.mo.gov/library/reference/orders/2009/eo09_021,C,county/county-equivalent,117,LIVINGSTON,0,0,0.0,0.0,"Flash Flood, Hail",2,0.0
MO-EO-09-21,09-21,Jay Nixon,"Gov. Jay Nixon declares a State of Emergency and directs the Missouri State Emergency Operations Plan to remain activated due to severe weather that began on May 8, 2009. (May 14)",2009-05-14,https://www.sos.mo.gov/library/reference/orders/2009/eo09_021,C,county/county-equivalent,121,MACON,0,0,0.0,0.0,"Flash Flood, Hail",4,0.0
MO-EO-09-21,09-21,Jay Nixon,"Gov. Jay Nixon declares a State of Emergency and directs the Missouri State Emergency Operations Plan to remain activated due to severe weather that began on May 8, 2009. (May 14)",2009-05-14,https://www.sos.mo.gov/library/reference/orders/2009/eo09_021,C,county/county-equivalent,123,MADISON,0,0,0.0,0.0,Hail,1,0.0
MO-EO-09-21,09-21,Jay Nixon,"Gov. Jay Nixon declares a State of Emergency and directs the Missouri State Emergency Operations Plan to remain activated due to severe weather that began on May 8, 2009. (May 14)",2009-05-14,https://www.sos.mo.gov/library/reference/orders/2009/eo09_021,C,county/county-equivalent,127,MARION,0,0,0.0,0.0,Hail,1,0.0
MO-EO-09-21,09-21,Jay Nixon,"Gov. Jay Nixon declares a State of Emergency and directs the Missouri State Emergency Operations Plan to remain activated due to severe weather that began on May 8, 2009. (May 14)",2009-05-14,https://www.sos.mo.gov/library/reference/orders/2009/eo09_021,C,county/county-equivalent,129,MERCER,0,0,0.0,0.0,Flash Flood,1,0.0
MO-EO-09-21,09-21,Jay Nixon,"Gov. Jay Nixon declares a State of Emergency and directs the Missouri State Emergency Operations Plan to remain activated due to severe weather that began on May 8, 2009. (May 14)",2009-05-14,https://www.sos.mo.gov/library/reference/orders/2009/eo09_021,C,county/county-equivalent,137,MONROE,0,0,0.0,0.0,"Hail, Thunderstorm Wind, Tornado",5,0.0
MO-EO-09-21,09-21,Jay Nixon,"Gov. Jay Nixon declares a State of Emergency and directs the Missouri State Emergency Operations Plan to remain activated due to severe weather that began on May 8, 2009. (May 14)",2009-05-14,https://www.sos.mo.gov/library/reference/orders/2009/eo09_021,C,county/county-equivalent,145,NEWTON,0,0,0.0,0.0,"Hail, Thunderstorm Wind",2,0.0
MO-EO-09-21,09-21,Jay Nixon,"Gov. Jay Nixon declares a State of Emergency and directs the Missouri State Emergency Operations Plan to remain activated due to severe weather that began on May 8, 2009. (May 14)",2009-05-14,https://www.sos.mo.gov/library/reference/orders/2009/eo09_021,C,county/county-equivalent,159,PETTIS,0,0,0.0,0.0,Hail,1,0.0
MO-EO-09-21,09-21,Jay Nixon,"Gov. Jay Nixon declares a State of Emergency and directs the Missouri State Emergency Operations Plan to remain activated due to severe weather that began on May 8, 2009. (May 14)",2009-05-14,https://www.sos.mo.gov/library/reference/orders/2009/eo09_021,C,county/county-equivalent,163,PIKE,0,0,0.0,0.0,"Hail, Thunderstorm Wind",3,0.0
MO-EO-09-21,09-21,Jay Nixon,"Gov. Jay Nixon declares a State of Emergency and directs the Missouri State Emergency Operations Plan to remain activated due to severe weather that began on May 8, 2009. (May 14)",2009-05-14,https://www.sos.mo.gov/library/reference/orders/2009/eo09_021,C,county/county-equivalent,165,PLATTE,0,0,0.0,0.0,"Flash Flood, Hail",3,0.0
MO-EO-09-21,09-21,Jay Nixon,"Gov. Jay Nixon declares a State of Emergency and directs the Missouri State Emergency Operations Plan to remain activated due to severe weather that began on May 8, 2009. (May 14)",2009-05-14,https://www.sos.mo.gov/library/reference/orders/2009/eo09_021,C,county/county-equivalent,167,POLK,0,0,0.0,0.0,Hail,1,0.0
MO-EO-09-21,09-21,Jay Nixon,"Gov. Jay Nixon declares a State of Emergency and directs the Missouri State Emergency Operations Plan to remain activated due to severe weather that began on May 8, 2009. (May 14)",2009-05-14,https://www.sos.mo.gov/library/reference/orders/2009/eo09_021,C,county/county-equivalent,171,PUTNAM,0,0,0.0,0.0,Flash Flood,3,0.0
MO-EO-09-21,09-21,Jay Nixon,"Gov. Jay Nixon declares a State of Emergency and directs the Missouri State Emergency Operations Plan to remain activated due to severe weather that began on May 8, 2009. (May 14)",2009-05-14,https://www.sos.mo.gov/library/reference/orders/2009/eo09_021,C,county/county-equivalent,175,RANDOLPH,0,0,0.0,0.0,Hail,1,0.0
MO-EO-09-21,09-21,Jay Nixon,"Gov. Jay Nixon declares a State of Emergency and directs the Missouri State Emergency Operations Plan to remain activated due to severe weather that began on May 8, 2009. (May 14)",2009-05-14,https://www.sos.mo.gov/library/reference/orders/2009/eo09_021,C,county/county-equivalent,177,RAY,0,0,0.0,0.0,Hail,1,0.0
MO-EO-09-21,09-21,Jay Nixon,"Gov. Jay Nixon declares a State of Emergency and directs the Missouri State Emergency Operations Plan to remain activated due to severe weather that began on May 8, 2009. (May 14)",2009-05-14,https://www.sos.mo.gov/library/reference/orders/2009/eo09_021,C,county/county-equivalent,183,ST. CHARLES,0,0,0.0,0.0,"Hail, Thunderstorm Wind",3,0.0
MO-EO-09-21,09-21,Jay Nixon,"Gov. Jay Nixon declares a State of Emergency and directs the Missouri State Emergency Operations Plan to remain activated due to severe weather that began on May 8, 2009. (May 14)",2009-05-14,https://www.sos.mo.gov/library/reference/orders/2009/eo09_021,C,county/county-equivalent,186,STE. GENEVIEVE,0,0,0.0,0.0,Flash Flood,1,0.0
MO-EO-09-21,09-21,Jay Nixon,"Gov. Jay Nixon declares a State of Emergency and directs the Missouri State Emergency Operations Plan to remain activated due to severe weather that began on May 8, 2009. (May 14)",2009-05-14,https://www.sos.mo.gov/library/reference/orders/2009/eo09_021,C,county/county-equivalent,187,ST. FRANCOIS,0,0,0.0,0.0,Tornado,1,0.0
MO-EO-09-21,09-21,Jay Nixon,"Gov. Jay Nixon declares a State of Emergency and directs the Missouri State Emergency Operations Plan to remain activated due to severe weather that began on May 8, 2009. (May 14)",2009-05-14,https://www.sos.mo.gov/library/reference/orders/2009/eo09_021,C,county/county-equivalent,195,SALINE,0,0,0.0,0.0,Hail,1,0.0
MO-EO-09-21,09-21,Jay Nixon,"Gov. Jay Nixon declares a State of Emergency and directs the Missouri State Emergency Operations Plan to remain activated due to severe weather that began on May 8, 2009. (May 14)",2009-05-14,https://www.sos.mo.gov/library/reference/orders/2009/eo09_021,C,county/county-equivalent,197,SCHUYLER,0,0,0.0,0.0,Flash Flood,1,0.0
MO-EO-09-21,09-21,Jay Nixon,"Gov. Jay Nixon declares a State of Emergency and directs the Missouri State Emergency Operations Plan to remain activated due to severe weather that began on May 8, 2009. (May 14)",2009-05-14,https://www.sos.mo.gov/library/reference/orders/2009/eo09_021,C,county/county-equivalent,203,SHANNON,0,0,0.0,0.0,Thunderstorm Wind,1,0.0
MO-EO-09-21,09-21,Jay Nixon,"Gov. Jay Nixon declares a State of Emergency and directs the Missouri State Emergency Operations Plan to remain activated due to severe weather that began on May 8, 2009. (May 14)",2009-05-14,https://www.sos.mo.gov/library/reference/orders/2009/eo09_021,C,county/county-equivalent,205,SHELBY,0,0,0.0,0.0,"Hail, Thunderstorm Wind",3,0.0
MO-EO-09-21,09-21,Jay Nixon,"Gov. Jay Nixon declares a State of Emergency and directs the Missouri State Emergency Operations Plan to remain activated due to severe weather that began on May 8, 2009. (May 14)",2009-05-14,https://www.sos.mo.gov/library/reference/orders/2009/eo09_021,C,county/county-equivalent,213,TANEY,0,0,0.0,0.0,Thunderstorm Wind,1,0.0
MO-EO-09-21,09-21,Jay Nixon,"Gov. Jay Nixon declares a State of Emergency and directs the Missouri State Emergency Operations Plan to remain activated due to severe weather that began on May 8, 2009. (May 14)",2009-05-14,https://www.sos.mo.gov/library/reference/orders/2009/eo09_021,C,county/county-equivalent,215,TEXAS,0,0,0.0,0.0,Hail,1,0.0
MO-EO-09-21,09-21,Jay Nixon,"Gov. Jay Nixon declares a State of Emergency and directs the Missouri State Emergency Operations Plan to remain activated due to severe weather that began on May 8, 2009. (May 14)",2009-05-14,https://www.sos.mo.gov/library/reference/orders/2009/eo09_021,C,county/county-equivalent,217,VERNON,0,0,0.0,0.0,"Flash Flood, Hail, Thunderstorm Wind",5,0.0
MO-EO-09-21,09-21,Jay Nixon,"Gov. Jay Nixon declares a State of Emergency and directs the Missouri State Emergency Operations Plan to remain activated due to severe weather that began on May 8, 2009. (May 14)",2009-05-14,https://www.sos.mo.gov/library/reference/orders/2009/eo09_021,C,county/county-equivalent,229,WRIGHT,0,0,0.0,0.0,Hail,2,0.0
MO-EO-10-21,10-21,Jay Nixon,"Gov. Jay Nixon orders the Missouri State Emergency Operations Center be activated due to severe weather and flooding that began on June 12, 2010. (June 15) - Rescinded by Executive Order 24-11",2010-06-15,https://www.sos.mo.gov/library/reference/orders/2010/eo10_021,C,county/county-equivalent,189,ST. LOUIS,1,0,0.0,0.0,"Flood, Hail, Lightning, Thunderstorm Wind",4,0.0
MO-EO-10-21,10-21,Jay Nixon,"Gov. Jay Nixon orders the Missouri State Emergency Operations Center be activated due to severe weather and flooding that began on June 12, 2010. (June 15) - Rescinded by Executive Order 24-11",2010-06-15,https://www.sos.mo.gov/library/reference/orders/2010/eo10_021,C,county/county-equivalent,45,CLARK,0,0,360000.0,0.0,"Flash Flood, Flood",4,360000.0
MO-EO-10-21,10-21,Jay Nixon,"Gov. Jay Nixon orders the Missouri State Emergency Operations Center be activated due to severe weather and flooding that began on June 12, 2010. (June 15) - Rescinded by Executive Order 24-11",2010-06-15,https://www.sos.mo.gov/library/reference/orders/2010/eo10_021,C,county/county-equivalent,199,SCOTLAND,0,0,155000.0,0.0,"Flash Flood, Thunderstorm Wind",3,155000.0
MO-EO-10-21,10-21,Jay Nixon,"Gov. Jay Nixon orders the Missouri State Emergency Operations Center be activated due to severe weather and flooding that began on June 12, 2010. (June 15) - Rescinded by Executive Order 24-11",2010-06-15,https://www.sos.mo.gov/library/reference/orders/2010/eo10_021,C,county/county-equivalent,77,GREENE,0,0,27000.0,0.0,"Hail, Thunderstorm Wind",10,27000.0
MO-EO-10-21,10-21,Jay Nixon,"Gov. Jay Nixon orders the Missouri State Emergency Operations Center be activated due to severe weather and flooding that began on June 12, 2010. (June 15) - Rescinded by Executive Order 24-11",2010-06-15,https://www.sos.mo.gov/library/reference/orders/2010/eo10_021,C,county/county-equivalent,23,BUTLER,0,0,25000.0,0.0,Thunderstorm Wind,1,25000.0
MO-EO-10-21,10-21,Jay Nixon,"Gov. Jay Nixon orders the Missouri State Emergency Operations Center be activated due to severe weather and flooding that began on June 12, 2010. (June 15) - Rescinded by Executive Order 24-11",2010-06-15,https://www.sos.mo.gov/library/reference/orders/2010/eo10_021,C,county/county-equivalent,109,LAWRENCE,0,0,25000.0,0.0,"Hail, Thunderstorm Wind",2,25000.0
MO-EO-10-21,10-21,Jay Nixon,"Gov. Jay Nixon orders the Missouri State Emergency Operations Center be activated due to severe weather and flooding that began on June 12, 2010. (June 15) - Rescinded by Executive Order 24-11",2010-06-15,https://www.sos.mo.gov/library/reference/orders/2010/eo10_021,C,county/county-equivalent,31,CAPE GIRARDEAU,0,0,10000.0,7000.0,"Flood, Thunderstorm Wind",2,17000.0
MO-EO-10-21,10-21,Jay Nixon,"Gov. Jay Nixon orders the Missouri State Emergency Operations Center be activated due to severe weather and flooding that began on June 12, 2010. (June 15) - Rescinded by Executive Order 24-11",2010-06-15,https://www.sos.mo.gov/library/reference/orders/2010/eo10_021,C,county/county-equivalent,43,CHRISTIAN,0,0,15000.0,0.0,Thunderstorm Wind,3,15000.0
MO-EO-10-21,10-21,Jay Nixon,"Gov. Jay Nixon orders the Missouri State Emergency Operations Center be activated due to severe weather and flooding that began on June 12, 2010. (June 15) - Rescinded by Executive Order 24-11",2010-06-15,https://www.sos.mo.gov/library/reference/orders/2010/eo10_021,C,county/county-equivalent,95,JACKSON,0,0,10000.0,0.0,"Flash Flood, Flood, Thunderstorm Wind",8,10000.0
MO-EO-10-21,10-21,Jay Nixon,"Gov. Jay Nixon orders the Missouri State Emergency Operations Center be activated due to severe weather and flooding that began on June 12, 2010. (June 15) - Rescinded by Executive Order 24-11",2010-06-15,https://www.sos.mo.gov/library/reference/orders/2010/eo10_021,C,county/county-equivalent,201,SCOTT,0,0,10000.0,0.0,Thunderstorm Wind,1,10000.0
MO-EO-10-21,10-21,Jay Nixon,"Gov. Jay Nixon orders the Missouri State Emergency Operations Center be activated due to severe weather and flooding that began on June 12, 2010. (June 15) - Rescinded by Executive Order 24-11",2010-06-15,https://www.sos.mo.gov/library/reference/orders/2010/eo10_021,C,county/county-equivalent,37,CASS,0,0,3000.0,0.0,"Flash Flood, Flood",2,3000.0
MO-EO-10-21,10-21,Jay Nixon,"Gov. Jay Nixon orders the Missouri State Emergency Operations Center be activated due to severe weather and flooding that began on June 12, 2010. (June 15) - Rescinded by Executive Order 24-11",2010-06-15,https://www.sos.mo.gov/library/reference/orders/2010/eo10_021,C,county/county-equivalent,63,DE KALB,0,0,3000.0,0.0,"Hail, Thunderstorm Wind",3,3000.0
MO-EO-10-21,10-21,Jay Nixon,"Gov. Jay Nixon orders the Missouri State Emergency Operations Center be activated due to severe weather and flooding that began on June 12, 2010. (June 15) - Rescinded by Executive Order 24-11",2010-06-15,https://www.sos.mo.gov/library/reference/orders/2010/eo10_021,C,county/county-equivalent,11,BARTON,0,0,0.0,0.0,Thunderstorm Wind,1,0.0
MO-EO-10-21,10-21,Jay Nixon,"Gov. Jay Nixon orders the Missouri State Emergency Operations Center be activated due to severe weather and flooding that began on June 12, 2010. (June 15) - Rescinded by Executive Order 24-11",2010-06-15,https://www.sos.mo.gov/library/reference/orders/2010/eo10_021,C,county/county-equivalent,33,CARROLL,0,0,0.0,0.0,Thunderstorm Wind,1,0.0
MO-EO-10-21,10-21,Jay Nixon,"Gov. Jay Nixon orders the Missouri State Emergency Operations Center be activated due to severe weather and flooding that began on June 12, 2010. (June 15) - Rescinded by Executive Order 24-11",2010-06-15,https://www.sos.mo.gov/library/reference/orders/2010/eo10_021,C,county/county-equivalent,61,DAVIESS,0,0,0.0,0.0,Hail,1,0.0
MO-EO-10-21,10-21,Jay Nixon,"Gov. Jay Nixon orders the Missouri State Emergency Operations Center be activated due to severe weather and flooding that began on June 12, 2010. (June 15) - Rescinded by Executive Order 24-11",2010-06-15,https://www.sos.mo.gov/library/reference/orders/2010/eo10_021,C,county/county-equivalent,73,GASCONADE,0,0,0.0,0.0,Thunderstorm Wind,1,0.0
MO-EO-10-21,10-21,Jay Nixon,"Gov. Jay Nixon orders the Missouri State Emergency Operations Center be activated due to severe weather and flooding that began on June 12, 2010. (June 15) - Rescinded by Executive Order 24-11",2010-06-15,https://www.sos.mo.gov/library/reference/orders/2010/eo10_021,C,county/county-equivalent,83,HENRY,0,0,0.0,0.0,Flash Flood,1,0.0
MO-EO-10-21,10-21,Jay Nixon,"Gov. Jay Nixon orders the Missouri State Emergency Operations Center be activated due to severe weather and flooding that began on June 12, 2010. (June 15) - Rescinded by Executive Order 24-11",2010-06-15,https://www.sos.mo.gov/library/reference/orders/2010/eo10_021,C,county/county-equivalent,87,HOLT,0,0,0.0,0.0,Flash Flood,1,0.0
MO-EO-10-21,10-21,Jay Nixon,"Gov. Jay Nixon orders the Missouri State Emergency Operations Center be activated due to severe weather and flooding that began on June 12, 2010. (June 15) - Rescinded by Executive Order 24-11",2010-06-15,https://www.sos.mo.gov/library/reference/orders/2010/eo10_021,C,county/county-equivalent,93,IRON,0,0,0.0,0.0,"Hail, Thunderstorm Wind",2,0.0
MO-EO-10-21,10-21,Jay Nixon,"Gov. Jay Nixon orders the Missouri State Emergency Operations Center be activated due to severe weather and flooding that began on June 12, 2010. (June 15) - Rescinded by Executive Order 24-11",2010-06-15,https://www.sos.mo.gov/library/reference/orders/2010/eo10_021,C,county/county-equivalent,99,JEFFERSON,0,0,0.0,0.0,"Flood, Hail",4,0.0
MO-EO-10-21,10-21,Jay Nixon,"Gov. Jay Nixon orders the Missouri State Emergency Operations Center be activated due to severe weather and flooding that began on June 12, 2010. (June 15) - Rescinded by Executive Order 24-11",2010-06-15,https://www.sos.mo.gov/library/reference/orders/2010/eo10_021,C,county/county-equivalent,105,LACLEDE,0,0,0.0,0.0,Thunderstorm Wind,1,0.0
MO-EO-10-21,10-21,Jay Nixon,"Gov. Jay Nixon orders the Missouri State Emergency Operations Center be activated due to severe weather and flooding that began on June 12, 2010. (June 15) - Rescinded by Executive Order 24-11",2010-06-15,https://www.sos.mo.gov/library/reference/orders/2010/eo10_021,C,county/county-equivalent,111,LEWIS,0,0,0.0,0.0,Flood,1,0.0
MO-EO-10-21,10-21,Jay Nixon,"Gov. Jay Nixon orders the Missouri State Emergency Operations Center be activated due to severe weather and flooding that began on June 12, 2010. (June 15) - Rescinded by Executive Order 24-11",2010-06-15,https://www.sos.mo.gov/library/reference/orders/2010/eo10_021,C,county/county-equivalent,113,LINCOLN,0,0,0.0,0.0,Flood,1,0.0
MO-EO-10-21,10-21,Jay Nixon,"Gov. Jay Nixon orders the Missouri State Emergency Operations Center be activated due to severe weather and flooding that began on June 12, 2010. (June 15) - Rescinded by Executive Order 24-11",2010-06-15,https://www.sos.mo.gov/library/reference/orders/2010/eo10_021,C,county/county-equivalent,121,MACON,0,0,0.0,0.0,"Flood, Hail",4,0.0
MO-EO-10-21,10-21,Jay Nixon,"Gov. Jay Nixon orders the Missouri State Emergency Operations Center be activated due to severe weather and flooding that began on June 12, 2010. (June 15) - Rescinded by Executive Order 24-11",2010-06-15,https://www.sos.mo.gov/library/reference/orders/2010/eo10_021,C,county/county-equivalent,127,MARION,0,0,0.0,0.0,"Flood, Thunderstorm Wind",2,0.0
MO-EO-10-21,10-21,Jay Nixon,"Gov. Jay Nixon orders the Missouri State Emergency Operations Center be activated due to severe weather and flooding that began on June 12, 2010. (June 15) - Rescinded by Executive Order 24-11",2010-06-15,https://www.sos.mo.gov/library/reference/orders/2010/eo10_021,C,county/county-equivalent,133,MISSISSIPPI,0,0,0.0,0.0,Heavy Rain,1,0.0
MO-EO-10-21,10-21,Jay Nixon,"Gov. Jay Nixon orders the Missouri State Emergency Operations Center be activated due to severe weather and flooding that began on June 12, 2010. (June 15) - Rescinded by Executive Order 24-11",2010-06-15,https://www.sos.mo.gov/library/reference/orders/2010/eo10_021,C,county/county-equivalent,137,MONROE,0,0,0.0,0.0,Hail,1,0.0
MO-EO-10-21,10-21,Jay Nixon,"Gov. Jay Nixon orders the Missouri State Emergency Operations Center be activated due to severe weather and flooding that began on June 12, 2010. (June 15) - Rescinded by Executive Order 24-11",2010-06-15,https://www.sos.mo.gov/library/reference/orders/2010/eo10_021,C,county/county-equivalent,139,MONTGOMERY,0,0,0.0,0.0,Thunderstorm Wind,1,0.0
MO-EO-10-21,10-21,Jay Nixon,"Gov. Jay Nixon orders the Missouri State Emergency Operations Center be activated due to severe weather and flooding that began on June 12, 2010. (June 15) - Rescinded by Executive Order 24-11",2010-06-15,https://www.sos.mo.gov/library/reference/orders/2010/eo10_021,C,county/county-equivalent,163,PIKE,0,0,0.0,0.0,Flood,1,0.0
MO-EO-10-21,10-21,Jay Nixon,"Gov. Jay Nixon orders the Missouri State Emergency Operations Center be activated due to severe weather and flooding that began on June 12, 2010. (June 15) - Rescinded by Executive Order 24-11",2010-06-15,https://www.sos.mo.gov/library/reference/orders/2010/eo10_021,C,county/county-equivalent,173,RALLS,0,0,0.0,0.0,Flood,1,0.0
MO-EO-10-21,10-21,Jay Nixon,"Gov. Jay Nixon orders the Missouri State Emergency Operations Center be activated due to severe weather and flooding that began on June 12, 2010. (June 15) - Rescinded by Executive Order 24-11",2010-06-15,https://www.sos.mo.gov/library/reference/orders/2010/eo10_021,C,county/county-equivalent,175,RANDOLPH,0,0,0.0,0.0,"Hail, Thunderstorm Wind",3,0.0
MO-EO-10-21,10-21,Jay Nixon,"Gov. Jay Nixon orders the Missouri State Emergency Operations Center be activated due to severe weather and flooding that began on June 12, 2010. (June 15) - Rescinded by Executive Order 24-11",2010-06-15,https://www.sos.mo.gov/library/reference/orders/2010/eo10_021,C,county/county-equivalent,183,ST. CHARLES,0,0,0.0,0.0,"Flood, Thunderstorm Wind",2,0.0
MO-EO-10-21,10-21,Jay Nixon,"Gov. Jay Nixon orders the Missouri State Emergency Operations Center be activated due to severe weather and flooding that began on June 12, 2010. (June 15) - Rescinded by Executive Order 24-11",2010-06-15,https://www.sos.mo.gov/library/reference/orders/2010/eo10_021,C,county/county-equivalent,186,STE. GENEVIEVE,0,0,0.0,0.0,Flood,1,0.0
MO-EO-10-21,10-21,Jay Nixon,"Gov. Jay Nixon orders the Missouri State Emergency Operations Center be activated due to severe weather and flooding that began on June 12, 2010. (June 15) - Rescinded by Executive Order 24-11",2010-06-15,https://www.sos.mo.gov/library/reference/orders/2010/eo10_021,C,county/county-equivalent,211,SULLIVAN,0,0,0.0,0.0,Hail,1,0.0
MO-EO-10-21,10-21,Jay Nixon,"Gov. Jay Nixon orders the Missouri State Emergency Operations Center be activated due to severe weather and flooding that began on June 12, 2010. (June 15) - Rescinded by Executive Order 24-11",2010-06-15,https://www.sos.mo.gov/library/reference/orders/2010/eo10_021,C,county/county-equivalent,225,WEBSTER,0,0,0.0,0.0,Hail,1,0.0
MO-EO-10-21,10-21,Jay Nixon,"Gov. Jay Nixon orders the Missouri State Emergency Operations Center be activated due to severe weather and flooding that began on June 12, 2010. (June 15) - Rescinded by Executive Order 24-11",2010-06-15,https://www.sos.mo.gov/library/reference/orders/2010/eo10_021,C,county/county-equivalent,510,ST. LOUIS (C),0,0,0.0,0.0,Flood,1,0.0
MO-EO-10-22,10-22,Jay Nixon,"Gov. Jay Nixon declares a State of Emergency and directs the Missouri State Emergency Operations Plan be activated in response to severe weather that began on June 12, 2010. (June 21)",2010-06-21,https://www.sos.mo.gov/library/reference/orders/2010/eo10_022,C,county/county-equivalent,21,BUCHANAN,0,0,60000.0,0.0,Thunderstorm Wind,6,60000.0
MO-EO-10-22,10-22,Jay Nixon,"Gov. Jay Nixon declares a State of Emergency and directs the Missouri State Emergency Operations Plan be activated in response to severe weather that began on June 12, 2010. (June 21)",2010-06-21,https://www.sos.mo.gov/library/reference/orders/2010/eo10_022,C,county/county-equivalent,199,SCOTLAND,0,0,60000.0,0.0,"Flash Flood, Thunderstorm Wind",4,60000.0
MO-EO-10-22,10-22,Jay Nixon,"Gov. Jay Nixon declares a State of Emergency and directs the Missouri State Emergency Operations Plan be activated in response to severe weather that began on June 12, 2010. (June 21)",2010-06-21,https://www.sos.mo.gov/library/reference/orders/2010/eo10_022,C,county/county-equivalent,45,CLARK,0,0,10000.0,0.0,Flash Flood,2,10000.0
MO-EO-10-22,10-22,Jay Nixon,"Gov. Jay Nixon declares a State of Emergency and directs the Missouri State Emergency Operations Plan be activated in response to severe weather that began on June 12, 2010. (June 21)",2010-06-21,https://www.sos.mo.gov/library/reference/orders/2010/eo10_022,C,county/county-equivalent,77,GREENE,0,0,6000.0,0.0,"Flash Flood, Hail, Thunderstorm Wind",4,6000.0
MO-EO-10-22,10-22,Jay Nixon,"Gov. Jay Nixon declares a State of Emergency and directs the Missouri State Emergency Operations Plan be activated in response to severe weather that began on June 12, 2010. (June 21)",2010-06-21,https://www.sos.mo.gov/library/reference/orders/2010/eo10_022,C,county/county-equivalent,175,RANDOLPH,0,0,4000.0,0.0,"Hail, Thunderstorm Wind",4,4000.0
MO-EO-10-22,10-22,Jay Nixon,"Gov. Jay Nixon declares a State of Emergency and directs the Missouri State Emergency Operations Plan be activated in response to severe weather that began on June 12, 2010. (June 21)",2010-06-21,https://www.sos.mo.gov/library/reference/orders/2010/eo10_022,C,county/county-equivalent,63,DE KALB,0,0,3000.0,0.0,"Hail, Thunderstorm Wind",6,3000.0
MO-EO-10-22,10-22,Jay Nixon,"Gov. Jay Nixon declares a State of Emergency and directs the Missouri State Emergency Operations Plan be activated in response to severe weather that began on June 12, 2010. (June 21)",2010-06-21,https://www.sos.mo.gov/library/reference/orders/2010/eo10_022,C,county/county-equivalent,107,LAFAYETTE,0,0,1000.0,0.0,Thunderstorm Wind,2,1000.0
MO-EO-10-22,10-22,Jay Nixon,"Gov. Jay Nixon declares a State of Emergency and directs the Missouri State Emergency Operations Plan be activated in response to severe weather that began on June 12, 2010. (June 21)",2010-06-21,https://www.sos.mo.gov/library/reference/orders/2010/eo10_022,C,county/county-equivalent,117,LIVINGSTON,0,0,1000.0,0.0,"Hail, Thunderstorm Wind",4,1000.0
MO-EO-10-22,10-22,Jay Nixon,"Gov. Jay Nixon declares a State of Emergency and directs the Missouri State Emergency Operations Plan be activated in response to severe weather that began on June 12, 2010. (June 21)",2010-06-21,https://www.sos.mo.gov/library/reference/orders/2010/eo10_022,C,county/county-equivalent,165,PLATTE,0,0,1000.0,0.0,"Hail, Thunderstorm Wind",2,1000.0
MO-EO-10-22,10-22,Jay Nixon,"Gov. Jay Nixon declares a State of Emergency and directs the Missouri State Emergency Operations Plan be activated in response to severe weather that began on June 12, 2010. (June 21)",2010-06-21,https://www.sos.mo.gov/library/reference/orders/2010/eo10_022,C,county/county-equivalent,3,ANDREW,0,0,0.0,0.0,Thunderstorm Wind,1,0.0
MO-EO-10-22,10-22,Jay Nixon,"Gov. Jay Nixon declares a State of Emergency and directs the Missouri State Emergency Operations Plan be activated in response to severe weather that began on June 12, 2010. (June 21)",2010-06-21,https://www.sos.mo.gov/library/reference/orders/2010/eo10_022,C,county/county-equivalent,9,BARRY,0,0,0.0,0.0,Thunderstorm Wind,2,0.0
MO-EO-10-22,10-22,Jay Nixon,"Gov. Jay Nixon declares a State of Emergency and directs the Missouri State Emergency Operations Plan be activated in response to severe weather that began on June 12, 2010. (June 21)",2010-06-21,https://www.sos.mo.gov/library/reference/orders/2010/eo10_022,C,county/county-equivalent,19,BOONE,0,0,0.0,0.0,Thunderstorm Wind,1,0.0
MO-EO-10-22,10-22,Jay Nixon,"Gov. Jay Nixon declares a State of Emergency and directs the Missouri State Emergency Operations Plan be activated in response to severe weather that began on June 12, 2010. (June 21)",2010-06-21,https://www.sos.mo.gov/library/reference/orders/2010/eo10_022,C,county/county-equivalent,25,CALDWELL,0,0,0.0,0.0,Thunderstorm Wind,2,0.0
MO-EO-10-22,10-22,Jay Nixon,"Gov. Jay Nixon declares a State of Emergency and directs the Missouri State Emergency Operations Plan be activated in response to severe weather that began on June 12, 2010. (June 21)",2010-06-21,https://www.sos.mo.gov/library/reference/orders/2010/eo10_022,C,county/county-equivalent,33,CARROLL,0,0,0.0,0.0,Thunderstorm Wind,1,0.0
MO-EO-10-22,10-22,Jay Nixon,"Gov. Jay Nixon declares a State of Emergency and directs the Missouri State Emergency Operations Plan be activated in response to severe weather that began on June 12, 2010. (June 21)",2010-06-21,https://www.sos.mo.gov/library/reference/orders/2010/eo10_022,C,county/county-equivalent,43,CHRISTIAN,0,0,0.0,0.0,Thunderstorm Wind,1,0.0
MO-EO-10-22,10-22,Jay Nixon,"Gov. Jay Nixon declares a State of Emergency and directs the Missouri State Emergency Operations Plan be activated in response to severe weather that began on June 12, 2010. (June 21)",2010-06-21,https://www.sos.mo.gov/library/reference/orders/2010/eo10_022,C,county/county-equivalent,47,CLAY,0,0,0.0,0.0,"Hail, Thunderstorm Wind",4,0.0
MO-EO-10-22,10-22,Jay Nixon,"Gov. Jay Nixon declares a State of Emergency and directs the Missouri State Emergency Operations Plan be activated in response to severe weather that began on June 12, 2010. (June 21)",2010-06-21,https://www.sos.mo.gov/library/reference/orders/2010/eo10_022,C,county/county-equivalent,49,CLINTON,0,0,0.0,0.0,Thunderstorm Wind,1,0.0
MO-EO-10-22,10-22,Jay Nixon,"Gov. Jay Nixon declares a State of Emergency and directs the Missouri State Emergency Operations Plan be activated in response to severe weather that began on June 12, 2010. (June 21)",2010-06-21,https://www.sos.mo.gov/library/reference/orders/2010/eo10_022,C,county/county-equivalent,51,COLE,0,0,0.0,0.0,Thunderstorm Wind,1,0.0
MO-EO-10-22,10-22,Jay Nixon,"Gov. Jay Nixon declares a State of Emergency and directs the Missouri State Emergency Operations Plan be activated in response to severe weather that began on June 12, 2010. (June 21)",2010-06-21,https://www.sos.mo.gov/library/reference/orders/2010/eo10_022,C,county/county-equivalent,55,CRAWFORD,0,0,0.0,0.0,Thunderstorm Wind,1,0.0
MO-EO-10-22,10-22,Jay Nixon,"Gov. Jay Nixon declares a State of Emergency and directs the Missouri State Emergency Operations Plan be activated in response to severe weather that began on June 12, 2010. (June 21)",2010-06-21,https://www.sos.mo.gov/library/reference/orders/2010/eo10_022,C,county/county-equivalent,61,DAVIESS,0,0,0.0,0.0,"Hail, Thunderstorm Wind",4,0.0
MO-EO-10-22,10-22,Jay Nixon,"Gov. Jay Nixon declares a State of Emergency and directs the Missouri State Emergency Operations Plan be activated in response to severe weather that began on June 12, 2010. (June 21)",2010-06-21,https://www.sos.mo.gov/library/reference/orders/2010/eo10_022,C,county/county-equivalent,69,DUNKLIN,0,0,0.0,0.0,Flash Flood,1,0.0
MO-EO-10-22,10-22,Jay Nixon,"Gov. Jay Nixon declares a State of Emergency and directs the Missouri State Emergency Operations Plan be activated in response to severe weather that began on June 12, 2010. (June 21)",2010-06-21,https://www.sos.mo.gov/library/reference/orders/2010/eo10_022,C,county/county-equivalent,71,FRANKLIN,0,0,0.0,0.0,Thunderstorm Wind,1,0.0
MO-EO-10-22,10-22,Jay Nixon,"Gov. Jay Nixon declares a State of Emergency and directs the Missouri State Emergency Operations Plan be activated in response to severe weather that began on June 12, 2010. (June 21)",2010-06-21,https://www.sos.mo.gov/library/reference/orders/2010/eo10_022,C,county/county-equivalent,73,GASCONADE,0,0,0.0,0.0,Thunderstorm Wind,2,0.0
MO-EO-10-22,10-22,Jay Nixon,"Gov. Jay Nixon declares a State of Emergency and directs the Missouri State Emergency Operations Plan be activated in response to severe weather that began on June 12, 2010. (June 21)",2010-06-21,https://www.sos.mo.gov/library/reference/orders/2010/eo10_022,C,county/county-equivalent,87,HOLT,0,0,0.0,0.0,Hail,1,0.0
MO-EO-10-22,10-22,Jay Nixon,"Gov. Jay Nixon declares a State of Emergency and directs the Missouri State Emergency Operations Plan be activated in response to severe weather that began on June 12, 2010. (June 21)",2010-06-21,https://www.sos.mo.gov/library/reference/orders/2010/eo10_022,C,county/county-equivalent,93,IRON,0,0,0.0,0.0,"Hail, Thunderstorm Wind",2,0.0
MO-EO-10-22,10-22,Jay Nixon,"Gov. Jay Nixon declares a State of Emergency and directs the Missouri State Emergency Operations Plan be activated in response to severe weather that began on June 12, 2010. (June 21)",2010-06-21,https://www.sos.mo.gov/library/reference/orders/2010/eo10_022,C,county/county-equivalent,95,JACKSON,0,0,0.0,0.0,"Hail, Thunderstorm Wind",3,0.0
MO-EO-10-22,10-22,Jay Nixon,"Gov. Jay Nixon declares a State of Emergency and directs the Missouri State Emergency Operations Plan be activated in response to severe weather that began on June 12, 2010. (June 21)",2010-06-21,https://www.sos.mo.gov/library/reference/orders/2010/eo10_022,C,county/county-equivalent,99,JEFFERSON,0,0,0.0,0.0,Hail,3,0.0
MO-EO-10-22,10-22,Jay Nixon,"Gov. Jay Nixon declares a State of Emergency and directs the Missouri State Emergency Operations Plan be activated in response to severe weather that began on June 12, 2010. (June 21)",2010-06-21,https://www.sos.mo.gov/library/reference/orders/2010/eo10_022,C,county/county-equivalent,101,JOHNSON,0,0,0.0,0.0,Thunderstorm Wind,1,0.0
MO-EO-10-22,10-22,Jay Nixon,"Gov. Jay Nixon declares a State of Emergency and directs the Missouri State Emergency Operations Plan be activated in response to severe weather that began on June 12, 2010. (June 21)",2010-06-21,https://www.sos.mo.gov/library/reference/orders/2010/eo10_022,C,county/county-equivalent,113,LINCOLN,0,0,0.0,0.0,Thunderstorm Wind,1,0.0
MO-EO-10-22,10-22,Jay Nixon,"Gov. Jay Nixon declares a State of Emergency and directs the Missouri State Emergency Operations Plan be activated in response to severe weather that began on June 12, 2010. (June 21)",2010-06-21,https://www.sos.mo.gov/library/reference/orders/2010/eo10_022,C,county/county-equivalent,121,MACON,0,0,0.0,0.0,"Hail, Thunderstorm Wind",6,0.0
MO-EO-10-22,10-22,Jay Nixon,"Gov. Jay Nixon declares a State of Emergency and directs the Missouri State Emergency Operations Plan be activated in response to severe weather that began on June 12, 2010. (June 21)",2010-06-21,https://www.sos.mo.gov/library/reference/orders/2010/eo10_022,C,county/county-equivalent,135,MONITEAU,0,0,0.0,0.0,Thunderstorm Wind,1,0.0
MO-EO-10-22,10-22,Jay Nixon,"Gov. Jay Nixon declares a State of Emergency and directs the Missouri State Emergency Operations Plan be activated in response to severe weather that began on June 12, 2010. (June 21)",2010-06-21,https://www.sos.mo.gov/library/reference/orders/2010/eo10_022,C,county/county-equivalent,137,MONROE,0,0,0.0,0.0,"Hail, Thunderstorm Wind",2,0.0
MO-EO-10-22,10-22,Jay Nixon,"Gov. Jay Nixon declares a State of Emergency and directs the Missouri State Emergency Operations Plan be activated in response to severe weather that began on June 12, 2010. (June 21)",2010-06-21,https://www.sos.mo.gov/library/reference/orders/2010/eo10_022,C,county/county-equivalent,171,PUTNAM,0,0,0.0,0.0,"Hail, Thunderstorm Wind",4,0.0
MO-EO-10-22,10-22,Jay Nixon,"Gov. Jay Nixon declares a State of Emergency and directs the Missouri State Emergency Operations Plan be activated in response to severe weather that began on June 12, 2010. (June 21)",2010-06-21,https://www.sos.mo.gov/library/reference/orders/2010/eo10_022,C,county/county-equivalent,185,ST. CLAIR,0,0,0.0,0.0,Flash Flood,2,0.0
MO-EO-10-22,10-22,Jay Nixon,"Gov. Jay Nixon declares a State of Emergency and directs the Missouri State Emergency Operations Plan be activated in response to severe weather that began on June 12, 2010. (June 21)",2010-06-21,https://www.sos.mo.gov/library/reference/orders/2010/eo10_022,C,county/county-equivalent,189,ST. LOUIS,0,0,0.0,0.0,Thunderstorm Wind,1,0.0
MO-EO-10-22,10-22,Jay Nixon,"Gov. Jay Nixon declares a State of Emergency and directs the Missouri State Emergency Operations Plan be activated in response to severe weather that began on June 12, 2010. (June 21)",2010-06-21,https://www.sos.mo.gov/library/reference/orders/2010/eo10_022,C,county/county-equivalent,197,SCHUYLER,0,0,0.0,0.0,Hail,1,0.0
MO-EO-10-22,10-22,Jay Nixon,"Gov. Jay Nixon declares a State of Emergency and directs the Missouri State Emergency Operations Plan be activated in response to severe weather that began on June 12, 2010. (June 21)",2010-06-21,https://www.sos.mo.gov/library/reference/orders/2010/eo10_022,C,county/county-equivalent,209,STONE,0,0,0.0,0.0,Hail,1,0.0
MO-EO-10-22,10-22,Jay Nixon,"Gov. Jay Nixon declares a State of Emergency and directs the Missouri State Emergency Operations Plan be activated in response to severe weather that began on June 12, 2010. (June 21)",2010-06-21,https://www.sos.mo.gov/library/reference/orders/2010/eo10_022,C,county/county-equivalent,211,SULLIVAN,0,0,0.0,0.0,Hail,1,0.0
MO-EO-10-27,10-27,Jay Nixon,"Gov. Jay Nixon declares a State of Emergency and directs the Missouri State Emergency Operations Plan be activated in response to severe weather that began on December 30, 2010. (Dec. 31)",2010-12-31,https://www.sos.mo.gov/library/reference/orders/2010/eo10_027,C,county/county-equivalent,161,PHELPS,2,6,1050000.0,0.0,Tornado,2,1050000.0
MO-EO-10-27,10-27,Jay Nixon,"Gov. Jay Nixon declares a State of Emergency and directs the Missouri State Emergency Operations Plan be activated in response to severe weather that began on December 30, 2010. (Dec. 31)",2010-12-31,https://www.sos.mo.gov/library/reference/orders/2010/eo10_027,C,county/county-equivalent,65,DENT,2,0,450000.0,0.0,Tornado,1,450000.0
MO-EO-10-27,10-27,Jay Nixon,"Gov. Jay Nixon declares a State of Emergency and directs the Missouri State Emergency Operations Plan be activated in response to severe weather that began on December 30, 2010. (Dec. 31)",2010-12-31,https://www.sos.mo.gov/library/reference/orders/2010/eo10_027,C,county/county-equivalent,189,ST. LOUIS,1,6,1000000.0,0.0,Tornado,2,1000000.0
MO-EO-10-27,10-27,Jay Nixon,"Gov. Jay Nixon declares a State of Emergency and directs the Missouri State Emergency Operations Plan be activated in response to severe weather that began on December 30, 2010. (Dec. 31)",2010-12-31,https://www.sos.mo.gov/library/reference/orders/2010/eo10_027,C,county/county-equivalent,169,PULASKI,0,4,90000000.0,0.0,"Hail, Thunderstorm Wind, Tornado",4,90000000.0
MO-EO-10-27,10-27,Jay Nixon,"Gov. Jay Nixon declares a State of Emergency and directs the Missouri State Emergency Operations Plan be activated in response to severe weather that began on December 30, 2010. (Dec. 31)",2010-12-31,https://www.sos.mo.gov/library/reference/orders/2010/eo10_027,C,county/county-equivalent,43,CHRISTIAN,0,2,200000.0,0.0,"Hail, Tornado",2,200000.0
MO-EO-10-27,10-27,Jay Nixon,"Gov. Jay Nixon declares a State of Emergency and directs the Missouri State Emergency Operations Plan be activated in response to severe weather that began on December 30, 2010. (Dec. 31)",2010-12-31,https://www.sos.mo.gov/library/reference/orders/2010/eo10_027,C,county/county-equivalent,209,STONE,0,0,2815000.0,0.0,"Thunderstorm Wind, Tornado",5,2815000.0
MO-EO-10-27,10-27,Jay Nixon,"Gov. Jay Nixon declares a State of Emergency and directs the Missouri State Emergency Operations Plan be activated in response to severe weather that began on December 30, 2010. (Dec. 31)",2010-12-31,https://www.sos.mo.gov/library/reference/orders/2010/eo10_027,C,county/county-equivalent,105,LACLEDE,0,0,500000.0,0.0,"Hail, Lightning",2,500000.0
MO-EO-10-27,10-27,Jay Nixon,"Gov. Jay Nixon declares a State of Emergency and directs the Missouri State Emergency Operations Plan be activated in response to severe weather that began on December 30, 2010. (Dec. 31)",2010-12-31,https://www.sos.mo.gov/library/reference/orders/2010/eo10_027,C,county/county-equivalent,23,BUTLER,0,0,250000.0,0.0,Tornado,1,250000.0
MO-EO-10-27,10-27,Jay Nixon,"Gov. Jay Nixon declares a State of Emergency and directs the Missouri State Emergency Operations Plan be activated in response to severe weather that began on December 30, 2010. (Dec. 31)",2010-12-31,https://www.sos.mo.gov/library/reference/orders/2010/eo10_027,C,county/county-equivalent,35,CARTER,0,0,200000.0,0.0,Tornado,1,200000.0
MO-EO-10-27,10-27,Jay Nixon,"Gov. Jay Nixon declares a State of Emergency and directs the Missouri State Emergency Operations Plan be activated in response to severe weather that began on December 30, 2010. (Dec. 31)",2010-12-31,https://www.sos.mo.gov/library/reference/orders/2010/eo10_027,C,county/county-equivalent,225,WEBSTER,0,0,100000.0,0.0,"Hail, Tornado",3,100000.0
MO-EO-10-27,10-27,Jay Nixon,"Gov. Jay Nixon declares a State of Emergency and directs the Missouri State Emergency Operations Plan be activated in response to severe weather that began on December 30, 2010. (Dec. 31)",2010-12-31,https://www.sos.mo.gov/library/reference/orders/2010/eo10_027,C,county/county-equivalent,71,FRANKLIN,0,0,40000.0,0.0,"Thunderstorm Wind, Tornado",5,40000.0
MO-EO-10-27,10-27,Jay Nixon,"Gov. Jay Nixon declares a State of Emergency and directs the Missouri State Emergency Operations Plan be activated in response to severe weather that began on December 30, 2010. (Dec. 31)",2010-12-31,https://www.sos.mo.gov/library/reference/orders/2010/eo10_027,C,county/county-equivalent,167,POLK,0,0,5000.0,0.0,Tornado,1,5000.0
MO-EO-10-27,10-27,Jay Nixon,"Gov. Jay Nixon declares a State of Emergency and directs the Missouri State Emergency Operations Plan be activated in response to severe weather that began on December 30, 2010. (Dec. 31)",2010-12-31,https://www.sos.mo.gov/library/reference/orders/2010/eo10_027,C,county/county-equivalent,55,CRAWFORD,0,0,0.0,0.0,"Hail, Tornado",3,0.0
MO-EO-10-27,10-27,Jay Nixon,"Gov. Jay Nixon declares a State of Emergency and directs the Missouri State Emergency Operations Plan be activated in response to severe weather that began on December 30, 2010. (Dec. 31)",2010-12-31,https://www.sos.mo.gov/library/reference/orders/2010/eo10_027,C,county/county-equivalent,73,GASCONADE,0,0,0.0,0.0,Thunderstorm Wind,1,0.0
MO-EO-10-27,10-27,Jay Nixon,"Gov. Jay Nixon declares a State of Emergency and directs the Missouri State Emergency Operations Plan be activated in response to severe weather that began on December 30, 2010. (Dec. 31)",2010-12-31,https://www.sos.mo.gov/library/reference/orders/2010/eo10_027,C,county/county-equivalent,77,GREENE,0,0,0.0,0.0,Hail,1,0.0
MO-EO-10-27,10-27,Jay Nixon,"Gov. Jay Nixon declares a State of Emergency and directs the Missouri State Emergency Operations Plan be activated in response to severe weather that began on December 30, 2010. (Dec. 31)",2010-12-31,https://www.sos.mo.gov/library/reference/orders/2010/eo10_027,C,county/county-equivalent,99,JEFFERSON,0,0,0.0,0.0,"Hail, Thunderstorm Wind, Tornado",6,0.0
MO-EO-10-27,10-27,Jay Nixon,"Gov. Jay Nixon declares a State of Emergency and directs the Missouri State Emergency Operations Plan be activated in response to severe weather that began on December 30, 2010. (Dec. 31)",2010-12-31,https://www.sos.mo.gov/library/reference/orders/2010/eo10_027,C,county/county-equivalent,113,LINCOLN,0,0,0.0,0.0,Hail,1,0.0
MO-EO-10-27,10-27,Jay Nixon,"Gov. Jay Nixon declares a State of Emergency and directs the Missouri State Emergency Operations Plan be activated in response to severe weather that began on December 30, 2010. (Dec. 31)",2010-12-31,https://www.sos.mo.gov/library/reference/orders/2010/eo10_027,C,county/county-equivalent,163,PIKE,0,0,0.0,0.0,Hail,1,0.0
MO-EO-10-27,10-27,Jay Nixon,"Gov. Jay Nixon declares a State of Emergency and directs the Missouri State Emergency Operations Plan be activated in response to severe weather that began on December 30, 2010. (Dec. 31)",2010-12-31,https://www.sos.mo.gov/library/reference/orders/2010/eo10_027,C,county/county-equivalent,183,ST. CHARLES,0,0,0.0,0.0,Tornado,1,0.0
MO-EO-10-27,10-27,Jay Nixon,"Gov. Jay Nixon declares a State of Emergency and directs the Missouri State Emergency Operations Plan be activated in response to severe weather that began on December 30, 2010. (Dec. 31)",2010-12-31,https://www.sos.mo.gov/library/reference/orders/2010/eo10_027,C,county/county-equivalent,229,WRIGHT,0,0,0.0,0.0,"Hail, Thunderstorm Wind",4,0.0
MO-EO-10-27,10-27,Jay Nixon,"Gov. Jay Nixon declares a State of Emergency and directs the Missouri State Emergency Operations Plan be activated in response to severe weather that began on December 30, 2010. (Dec. 31)",2010-12-31,https://www.sos.mo.gov/library/reference/orders/2010/eo10_027,C,county/county-equivalent,510,ST. LOUIS (C),0,0,0.0,0.0,"Thunderstorm Wind, Tornado",2,0.0
MO-EO-11-06,11-06,Jay Nixon,"Gov. Jay Nixon declares a State of Emergency and directs the Missouri State Emergency Operations Plan be activated in response to severe weather that began on April 22, 2011. (Apr. 22)",2011-04-22,https://www.sos.mo.gov/library/reference/orders/2011/eo11_006,C,county/county-equivalent,153,OZARK,1,0,4025000.0,0.0,"Flash Flood, Hail",19,4025000.0
MO-EO-11-06,11-06,Jay Nixon,"Gov. Jay Nixon declares a State of Emergency and directs the Missouri State Emergency Operations Plan be activated in response to severe weather that began on April 22, 2011. (Apr. 22)",2011-04-22,https://www.sos.mo.gov/library/reference/orders/2011/eo11_006,C,county/county-equivalent,91,HOWELL,1,0,3000000.0,0.0,"Flash Flood, Hail",32,3000000.0
MO-EO-11-06,11-06,Jay Nixon,"Gov. Jay Nixon declares a State of Emergency and directs the Missouri State Emergency Operations Plan be activated in response to severe weather that began on April 22, 2011. (Apr. 22)",2011-04-22,https://www.sos.mo.gov/library/reference/orders/2011/eo11_006,C,county/county-equivalent,189,ST. LOUIS,0,5,250000000.0,0.0,"Flash Flood, Hail, Thunderstorm Wind, Tornado",29,250000000.0
MO-EO-11-06,11-06,Jay Nixon,"Gov. Jay Nixon declares a State of Emergency and directs the Missouri State Emergency Operations Plan be activated in response to severe weather that began on April 22, 2011. (Apr. 22)",2011-04-22,https://www.sos.mo.gov/library/reference/orders/2011/eo11_006,C,county/county-equivalent,157,PERRY,0,2,1000000.0,0.0,Thunderstorm Wind,1,1000000.0
MO-EO-11-06,11-06,Jay Nixon,"Gov. Jay Nixon declares a State of Emergency and directs the Missouri State Emergency Operations Plan be activated in response to severe weather that began on April 22, 2011. (Apr. 22)",2011-04-22,https://www.sos.mo.gov/library/reference/orders/2011/eo11_006,C,county/county-equivalent,213,TANEY,0,0,10000000.0,0.0,"Flash Flood, Hail, Heavy Rain",9,10000000.0
MO-EO-11-06,11-06,Jay Nixon,"Gov. Jay Nixon declares a State of Emergency and directs the Missouri State Emergency Operations Plan be activated in response to severe weather that began on April 22, 2011. (Apr. 22)",2011-04-22,https://www.sos.mo.gov/library/reference/orders/2011/eo11_006,C,county/county-equivalent,209,STONE,0,0,4050000.0,0.0,"Flash Flood, Hail, Thunderstorm Wind",15,4050000.0
MO-EO-11-06,11-06,Jay Nixon,"Gov. Jay Nixon declares a State of Emergency and directs the Missouri State Emergency Operations Plan be activated in response to severe weather that began on April 22, 2011. (Apr. 22)",2011-04-22,https://www.sos.mo.gov/library/reference/orders/2011/eo11_006,C,county/county-equivalent,203,SHANNON,0,0,1015000.0,0.0,"Flash Flood, Hail, Thunderstorm Wind",14,1015000.0
MO-EO-11-06,11-06,Jay Nixon,"Gov. Jay Nixon declares a State of Emergency and directs the Missouri State Emergency Operations Plan be activated in response to severe weather that began on April 22, 2011. (Apr. 22)",2011-04-22,https://www.sos.mo.gov/library/reference/orders/2011/eo11_006,C,county/county-equivalent,9,BARRY,0,0,1000000.0,0.0,"Flash Flood, Hail",10,1000000.0
MO-EO-11-06,11-06,Jay Nixon,"Gov. Jay Nixon declares a State of Emergency and directs the Missouri State Emergency Operations Plan be activated in response to severe weather that began on April 22, 2011. (Apr. 22)",2011-04-22,https://www.sos.mo.gov/library/reference/orders/2011/eo11_006,C,county/county-equivalent,43,CHRISTIAN,0,0,1000000.0,0.0,"Flash Flood, Hail, Thunderstorm Wind",10,1000000.0
MO-EO-11-06,11-06,Jay Nixon,"Gov. Jay Nixon declares a State of Emergency and directs the Missouri State Emergency Operations Plan be activated in response to severe weather that began on April 22, 2011. (Apr. 22)",2011-04-22,https://www.sos.mo.gov/library/reference/orders/2011/eo11_006,C,county/county-equivalent,67,DOUGLAS,0,0,1000000.0,0.0,"Flash Flood, Hail",5,1000000.0
MO-EO-11-06,11-06,Jay Nixon,"Gov. Jay Nixon declares a State of Emergency and directs the Missouri State Emergency Operations Plan be activated in response to severe weather that began on April 22, 2011. (Apr. 22)",2011-04-22,https://www.sos.mo.gov/library/reference/orders/2011/eo11_006,C,county/county-equivalent,119,MCDONALD,0,0,1000000.0,0.0,Flash Flood,13,1000000.0
MO-EO-11-06,11-06,Jay Nixon,"Gov. Jay Nixon declares a State of Emergency and directs the Missouri State Emergency Operations Plan be activated in response to severe weather that began on April 22, 2011. (Apr. 22)",2011-04-22,https://www.sos.mo.gov/library/reference/orders/2011/eo11_006,C,county/county-equivalent,149,OREGON,0,0,1000000.0,0.0,Flash Flood,4,1000000.0
MO-EO-11-06,11-06,Jay Nixon,"Gov. Jay Nixon declares a State of Emergency and directs the Missouri State Emergency Operations Plan be activated in response to severe weather that began on April 22, 2011. (Apr. 22)",2011-04-22,https://www.sos.mo.gov/library/reference/orders/2011/eo11_006,C,county/county-equivalent,215,TEXAS,0,0,1000000.0,0.0,"Flash Flood, Hail",8,1000000.0
MO-EO-11-06,11-06,Jay Nixon,"Gov. Jay Nixon declares a State of Emergency and directs the Missouri State Emergency Operations Plan be activated in response to severe weather that began on April 22, 2011. (Apr. 22)",2011-04-22,https://www.sos.mo.gov/library/reference/orders/2011/eo11_006,C,county/county-equivalent,229,WRIGHT,0,0,665000.0,0.0,"Flash Flood, Hail",12,665000.0
MO-EO-11-06,11-06,Jay Nixon,"Gov. Jay Nixon declares a State of Emergency and directs the Missouri State Emergency Operations Plan be activated in response to severe weather that began on April 22, 2011. (Apr. 22)",2011-04-22,https://www.sos.mo.gov/library/reference/orders/2011/eo11_006,C,county/county-equivalent,145,NEWTON,0,0,520000.0,0.0,"Flash Flood, Hail",7,520000.0
MO-EO-11-06,11-06,Jay Nixon,"Gov. Jay Nixon declares a State of Emergency and directs the Missouri State Emergency Operations Plan be activated in response to severe weather that began on April 22, 2011. (Apr. 22)",2011-04-22,https://www.sos.mo.gov/library/reference/orders/2011/eo11_006,C,county/county-equivalent,77,GREENE,0,0,500000.0,0.0,"Flash Flood, Hail",9,500000.0
MO-EO-11-06,11-06,Jay Nixon,"Gov. Jay Nixon declares a State of Emergency and directs the Missouri State Emergency Operations Plan be activated in response to severe weather that began on April 22, 2011. (Apr. 22)",2011-04-22,https://www.sos.mo.gov/library/reference/orders/2011/eo11_006,C,county/county-equivalent,225,WEBSTER,0,0,500000.0,0.0,"Flash Flood, Hail",16,500000.0
MO-EO-11-06,11-06,Jay Nixon,"Gov. Jay Nixon declares a State of Emergency and directs the Missouri State Emergency Operations Plan be activated in response to severe weather that began on April 22, 2011. (Apr. 22)",2011-04-22,https://www.sos.mo.gov/library/reference/orders/2011/eo11_006,C,county/county-equivalent,223,WAYNE,0,0,480000.0,0.0,"Hail, Thunderstorm Wind, Tornado",10,480000.0
MO-EO-11-06,11-06,Jay Nixon,"Gov. Jay Nixon declares a State of Emergency and directs the Missouri State Emergency Operations Plan be activated in response to severe weather that began on April 22, 2011. (Apr. 22)",2011-04-22,https://www.sos.mo.gov/library/reference/orders/2011/eo11_006,C,county/county-equivalent,17,BOLLINGER,0,0,373000.0,0.0,"Hail, Heavy Rain, Thunderstorm Wind, Tornado",6,373000.0
MO-EO-11-06,11-06,Jay Nixon,"Gov. Jay Nixon declares a State of Emergency and directs the Missouri State Emergency Operations Plan be activated in response to severe weather that began on April 22, 2011. (Apr. 22)",2011-04-22,https://www.sos.mo.gov/library/reference/orders/2011/eo11_006,C,county/county-equivalent,23,BUTLER,0,0,295000.0,0.0,"Flash Flood, Hail, Thunderstorm Wind, Tornado",6,295000.0
MO-EO-11-06,11-06,Jay Nixon,"Gov. Jay Nixon declares a State of Emergency and directs the Missouri State Emergency Operations Plan be activated in response to severe weather that began on April 22, 2011. (Apr. 22)",2011-04-22,https://www.sos.mo.gov/library/reference/orders/2011/eo11_006,C,county/county-equivalent,97,JASPER,0,0,250000.0,0.0,"Flash Flood, Hail",3,250000.0
MO-EO-11-06,11-06,Jay Nixon,"Gov. Jay Nixon declares a State of Emergency and directs the Missouri State Emergency Operations Plan be activated in response to severe weather that began on April 22, 2011. (Apr. 22)",2011-04-22,https://www.sos.mo.gov/library/reference/orders/2011/eo11_006,C,county/county-equivalent,109,LAWRENCE,0,0,250000.0,0.0,"Flash Flood, Hail",5,250000.0
MO-EO-11-06,11-06,Jay Nixon,"Gov. Jay Nixon declares a State of Emergency and directs the Missouri State Emergency Operations Plan be activated in response to severe weather that began on April 22, 2011. (Apr. 22)",2011-04-22,https://www.sos.mo.gov/library/reference/orders/2011/eo11_006,C,county/county-equivalent,161,PHELPS,0,0,250000.0,0.0,"Flash Flood, Hail",2,250000.0
MO-EO-11-06,11-06,Jay Nixon,"Gov. Jay Nixon declares a State of Emergency and directs the Missouri State Emergency Operations Plan be activated in response to severe weather that began on April 22, 2011. (Apr. 22)",2011-04-22,https://www.sos.mo.gov/library/reference/orders/2011/eo11_006,C,county/county-equivalent,167,POLK,0,0,250000.0,0.0,"Flash Flood, Hail",4,250000.0
MO-EO-11-06,11-06,Jay Nixon,"Gov. Jay Nixon declares a State of Emergency and directs the Missouri State Emergency Operations Plan be activated in response to severe weather that began on April 22, 2011. (Apr. 22)",2011-04-22,https://www.sos.mo.gov/library/reference/orders/2011/eo11_006,C,county/county-equivalent,31,CAPE GIRARDEAU,0,0,218000.0,0.0,"Flash Flood, Thunderstorm Wind, Tornado",7,218000.0
MO-EO-11-06,11-06,Jay Nixon,"Gov. Jay Nixon declares a State of Emergency and directs the Missouri State Emergency Operations Plan be activated in response to severe weather that began on April 22, 2011. (Apr. 22)",2011-04-22,https://www.sos.mo.gov/library/reference/orders/2011/eo11_006,C,county/county-equivalent,201,SCOTT,0,0,165000.0,0.0,"Hail, Heavy Rain, Thunderstorm Wind",9,165000.0
MO-EO-11-06,11-06,Jay Nixon,"Gov. Jay Nixon declares a State of Emergency and directs the Missouri State Emergency Operations Plan be activated in response to severe weather that began on April 22, 2011. (Apr. 22)",2011-04-22,https://www.sos.mo.gov/library/reference/orders/2011/eo11_006,C,county/county-equivalent,143,NEW MADRID,0,0,155000.0,0.0,Thunderstorm Wind,3,155000.0
MO-EO-11-06,11-06,Jay Nixon,"Gov. Jay Nixon declares a State of Emergency and directs the Missouri State Emergency Operations Plan be activated in response to severe weather that began on April 22, 2011. (Apr. 22)",2011-04-22,https://www.sos.mo.gov/library/reference/orders/2011/eo11_006,C,county/county-equivalent,207,STODDARD,0,0,150000.0,0.0,"Flash Flood, Hail, Thunderstorm Wind, Tornado",5,150000.0
MO-EO-11-06,11-06,Jay Nixon,"Gov. Jay Nixon declares a State of Emergency and directs the Missouri State Emergency Operations Plan be activated in response to severe weather that began on April 22, 2011. (Apr. 22)",2011-04-22,https://www.sos.mo.gov/library/reference/orders/2011/eo11_006,C,county/county-equivalent,133,MISSISSIPPI,0,0,80000.0,0.0,"Hail, Thunderstorm Wind",3,80000.0
MO-EO-11-06,11-06,Jay Nixon,"Gov. Jay Nixon declares a State of Emergency and directs the Missouri State Emergency Operations Plan be activated in response to severe weather that began on April 22, 2011. (Apr. 22)",2011-04-22,https://www.sos.mo.gov/library/reference/orders/2011/eo11_006,C,county/county-equivalent,181,RIPLEY,0,0,69000.0,0.0,"Flash Flood, Hail, Thunderstorm Wind",4,69000.0
MO-EO-11-06,11-06,Jay Nixon,"Gov. Jay Nixon declares a State of Emergency and directs the Missouri State Emergency Operations Plan be activated in response to severe weather that began on April 22, 2011. (Apr. 22)",2011-04-22,https://www.sos.mo.gov/library/reference/orders/2011/eo11_006,C,county/county-equivalent,35,CARTER,0,0,65000.0,0.0,"Flash Flood, Hail, Heavy Rain, Thunderstorm Wind",7,65000.0
MO-EO-11-06,11-06,Jay Nixon,"Gov. Jay Nixon declares a State of Emergency and directs the Missouri State Emergency Operations Plan be activated in response to severe weather that began on April 22, 2011. (Apr. 22)",2011-04-22,https://www.sos.mo.gov/library/reference/orders/2011/eo11_006,C,county/county-equivalent,99,JEFFERSON,0,0,32000.0,0.0,"Flash Flood, Hail, Thunderstorm Wind",9,32000.0
MO-EO-11-06,11-06,Jay Nixon,"Gov. Jay Nixon declares a State of Emergency and directs the Missouri State Emergency Operations Plan be activated in response to severe weather that began on April 22, 2011. (Apr. 22)",2011-04-22,https://www.sos.mo.gov/library/reference/orders/2011/eo11_006,C,county/county-equivalent,105,LACLEDE,0,0,10000.0,0.0,Flash Flood,1,10000.0
MO-EO-11-06,11-06,Jay Nixon,"Gov. Jay Nixon declares a State of Emergency and directs the Missouri State Emergency Operations Plan be activated in response to severe weather that began on April 22, 2011. (Apr. 22)",2011-04-22,https://www.sos.mo.gov/library/reference/orders/2011/eo11_006,C,county/county-equivalent,125,MARIES,0,0,1000.0,0.0,"Hail, Thunderstorm Wind",5,1000.0
MO-EO-11-06,11-06,Jay Nixon,"Gov. Jay Nixon declares a State of Emergency and directs the Missouri State Emergency Operations Plan be activated in response to severe weather that began on April 22, 2011. (Apr. 22)",2011-04-22,https://www.sos.mo.gov/library/reference/orders/2011/eo11_006,C,county/county-equivalent,131,MILLER,0,0,1000.0,0.0,"Hail, Thunderstorm Wind",3,1000.0
MO-EO-11-06,11-06,Jay Nixon,"Gov. Jay Nixon declares a State of Emergency and directs the Missouri State Emergency Operations Plan be activated in response to severe weather that began on April 22, 2011. (Apr. 22)",2011-04-22,https://www.sos.mo.gov/library/reference/orders/2011/eo11_006,C,county/county-equivalent,7,AUDRAIN,0,0,0.0,0.0,Hail,1,0.0
MO-EO-11-06,11-06,Jay Nixon,"Gov. Jay Nixon declares a State of Emergency and directs the Missouri State Emergency Operations Plan be activated in response to severe weather that began on April 22, 2011. (Apr. 22)",2011-04-22,https://www.sos.mo.gov/library/reference/orders/2011/eo11_006,C,county/county-equivalent,19,BOONE,0,0,0.0,0.0,Hail,3,0.0
MO-EO-11-06,11-06,Jay Nixon,"Gov. Jay Nixon declares a State of Emergency and directs the Missouri State Emergency Operations Plan be activated in response to severe weather that began on April 22, 2011. (Apr. 22)",2011-04-22,https://www.sos.mo.gov/library/reference/orders/2011/eo11_006,C,county/county-equivalent,27,CALLAWAY,0,0,0.0,0.0,Hail,14,0.0
MO-EO-11-06,11-06,Jay Nixon,"Gov. Jay Nixon declares a State of Emergency and directs the Missouri State Emergency Operations Plan be activated in response to severe weather that began on April 22, 2011. (Apr. 22)",2011-04-22,https://www.sos.mo.gov/library/reference/orders/2011/eo11_006,C,county/county-equivalent,29,CAMDEN,0,0,0.0,0.0,Hail,2,0.0
MO-EO-11-06,11-06,Jay Nixon,"Gov. Jay Nixon declares a State of Emergency and directs the Missouri State Emergency Operations Plan be activated in response to severe weather that began on April 22, 2011. (Apr. 22)",2011-04-22,https://www.sos.mo.gov/library/reference/orders/2011/eo11_006,C,county/county-equivalent,47,CLAY,0,0,0.0,0.0,Hail,2,0.0
MO-EO-11-06,11-06,Jay Nixon,"Gov. Jay Nixon declares a State of Emergency and directs the Missouri State Emergency Operations Plan be activated in response to severe weather that began on April 22, 2011. (Apr. 22)",2011-04-22,https://www.sos.mo.gov/library/reference/orders/2011/eo11_006,C,county/county-equivalent,51,COLE,0,0,0.0,0.0,Hail,8,0.0
MO-EO-11-06,11-06,Jay Nixon,"Gov. Jay Nixon declares a State of Emergency and directs the Missouri State Emergency Operations Plan be activated in response to severe weather that began on April 22, 2011. (Apr. 22)",2011-04-22,https://www.sos.mo.gov/library/reference/orders/2011/eo11_006,C,county/county-equivalent,55,CRAWFORD,0,0,0.0,0.0,"Flash Flood, Hail",4,0.0
MO-EO-11-06,11-06,Jay Nixon,"Gov. Jay Nixon declares a State of Emergency and directs the Missouri State Emergency Operations Plan be activated in response to severe weather that began on April 22, 2011. (Apr. 22)",2011-04-22,https://www.sos.mo.gov/library/reference/orders/2011/eo11_006,C,county/county-equivalent,57,DADE,0,0,0.0,0.0,Hail,1,0.0
MO-EO-11-06,11-06,Jay Nixon,"Gov. Jay Nixon declares a State of Emergency and directs the Missouri State Emergency Operations Plan be activated in response to severe weather that began on April 22, 2011. (Apr. 22)",2011-04-22,https://www.sos.mo.gov/library/reference/orders/2011/eo11_006,C,county/county-equivalent,65,DENT,0,0,0.0,0.0,"Flash Flood, Hail",6,0.0
MO-EO-11-06,11-06,Jay Nixon,"Gov. Jay Nixon declares a State of Emergency and directs the Missouri State Emergency Operations Plan be activated in response to severe weather that began on April 22, 2011. (Apr. 22)",2011-04-22,https://www.sos.mo.gov/library/reference/orders/2011/eo11_006,C,county/county-equivalent,69,DUNKLIN,0,0,0.0,0.0,"Flash Flood, Hail",3,0.0
MO-EO-11-06,11-06,Jay Nixon,"Gov. Jay Nixon declares a State of Emergency and directs the Missouri State Emergency Operations Plan be activated in response to severe weather that began on April 22, 2011. (Apr. 22)",2011-04-22,https://www.sos.mo.gov/library/reference/orders/2011/eo11_006,C,county/county-equivalent,71,FRANKLIN,0,0,0.0,0.0,"Flash Flood, Hail",21,0.0
MO-EO-11-06,11-06,Jay Nixon,"Gov. Jay Nixon declares a State of Emergency and directs the Missouri State Emergency Operations Plan be activated in response to severe weather that began on April 22, 2011. (Apr. 22)",2011-04-22,https://www.sos.mo.gov/library/reference/orders/2011/eo11_006,C,county/county-equivalent,73,GASCONADE,0,0,0.0,0.0,Hail,9,0.0
MO-EO-11-06,11-06,Jay Nixon,"Gov. Jay Nixon declares a State of Emergency and directs the Missouri State Emergency Operations Plan be activated in response to severe weather that began on April 22, 2011. (Apr. 22)",2011-04-22,https://www.sos.mo.gov/library/reference/orders/2011/eo11_006,C,county/county-equivalent,93,IRON,0,0,0.0,0.0,Flash Flood,1,0.0
MO-EO-11-06,11-06,Jay Nixon,"Gov. Jay Nixon declares a State of Emergency and directs the Missouri State Emergency Operations Plan be activated in response to severe weather that began on April 22, 2011. (Apr. 22)",2011-04-22,https://www.sos.mo.gov/library/reference/orders/2011/eo11_006,C,county/county-equivalent,95,JACKSON,0,0,0.0,0.0,Hail,2,0.0
MO-EO-11-06,11-06,Jay Nixon,"Gov. Jay Nixon declares a State of Emergency and directs the Missouri State Emergency Operations Plan be activated in response to severe weather that began on April 22, 2011. (Apr. 22)",2011-04-22,https://www.sos.mo.gov/library/reference/orders/2011/eo11_006,C,county/county-equivalent,107,LAFAYETTE,0,0,0.0,0.0,Hail,1,0.0
MO-EO-11-06,11-06,Jay Nixon,"Gov. Jay Nixon declares a State of Emergency and directs the Missouri State Emergency Operations Plan be activated in response to severe weather that began on April 22, 2011. (Apr. 22)",2011-04-22,https://www.sos.mo.gov/library/reference/orders/2011/eo11_006,C,county/county-equivalent,113,LINCOLN,0,0,0.0,0.0,Hail,3,0.0
MO-EO-11-06,11-06,Jay Nixon,"Gov. Jay Nixon declares a State of Emergency and directs the Missouri State Emergency Operations Plan be activated in response to severe weather that began on April 22, 2011. (Apr. 22)",2011-04-22,https://www.sos.mo.gov/library/reference/orders/2011/eo11_006,C,county/county-equivalent,121,MACON,0,0,0.0,0.0,Hail,1,0.0
MO-EO-11-06,11-06,Jay Nixon,"Gov. Jay Nixon declares a State of Emergency and directs the Missouri State Emergency Operations Plan be activated in response to severe weather that began on April 22, 2011. (Apr. 22)",2011-04-22,https://www.sos.mo.gov/library/reference/orders/2011/eo11_006,C,county/county-equivalent,123,MADISON,0,0,0.0,0.0,"Flash Flood, Thunderstorm Wind",2,0.0
MO-EO-11-06,11-06,Jay Nixon,"Gov. Jay Nixon declares a State of Emergency and directs the Missouri State Emergency Operations Plan be activated in response to severe weather that began on April 22, 2011. (Apr. 22)",2011-04-22,https://www.sos.mo.gov/library/reference/orders/2011/eo11_006,C,county/county-equivalent,135,MONITEAU,0,0,0.0,0.0,Hail,3,0.0
MO-EO-11-06,11-06,Jay Nixon,"Gov. Jay Nixon declares a State of Emergency and directs the Missouri State Emergency Operations Plan be activated in response to severe weather that began on April 22, 2011. (Apr. 22)",2011-04-22,https://www.sos.mo.gov/library/reference/orders/2011/eo11_006,C,county/county-equivalent,139,MONTGOMERY,0,0,0.0,0.0,Hail,5,0.0
MO-EO-11-06,11-06,Jay Nixon,"Gov. Jay Nixon declares a State of Emergency and directs the Missouri State Emergency Operations Plan be activated in response to severe weather that began on April 22, 2011. (Apr. 22)",2011-04-22,https://www.sos.mo.gov/library/reference/orders/2011/eo11_006,C,county/county-equivalent,141,MORGAN,0,0,0.0,0.0,Hail,3,0.0
MO-EO-11-06,11-06,Jay Nixon,"Gov. Jay Nixon declares a State of Emergency and directs the Missouri State Emergency Operations Plan be activated in response to severe weather that began on April 22, 2011. (Apr. 22)",2011-04-22,https://www.sos.mo.gov/library/reference/orders/2011/eo11_006,C,county/county-equivalent,147,NODAWAY,0,0,0.0,0.0,Hail,2,0.0
MO-EO-11-06,11-06,Jay Nixon,"Gov. Jay Nixon declares a State of Emergency and directs the Missouri State Emergency Operations Plan be activated in response to severe weather that began on April 22, 2011. (Apr. 22)",2011-04-22,https://www.sos.mo.gov/library/reference/orders/2011/eo11_006,C,county/county-equivalent,151,OSAGE,0,0,0.0,0.0,Hail,4,0.0
MO-EO-11-06,11-06,Jay Nixon,"Gov. Jay Nixon declares a State of Emergency and directs the Missouri State Emergency Operations Plan be activated in response to severe weather that began on April 22, 2011. (Apr. 22)",2011-04-22,https://www.sos.mo.gov/library/reference/orders/2011/eo11_006,C,county/county-equivalent,155,PEMISCOT,0,0,0.0,0.0,"Hail, Thunderstorm Wind",2,0.0
MO-EO-11-06,11-06,Jay Nixon,"Gov. Jay Nixon declares a State of Emergency and directs the Missouri State Emergency Operations Plan be activated in response to severe weather that began on April 22, 2011. (Apr. 22)",2011-04-22,https://www.sos.mo.gov/library/reference/orders/2011/eo11_006,C,county/county-equivalent,163,PIKE,0,0,0.0,0.0,"Hail, Tornado",8,0.0
MO-EO-11-06,11-06,Jay Nixon,"Gov. Jay Nixon declares a State of Emergency and directs the Missouri State Emergency Operations Plan be activated in response to severe weather that began on April 22, 2011. (Apr. 22)",2011-04-22,https://www.sos.mo.gov/library/reference/orders/2011/eo11_006,C,county/county-equivalent,165,PLATTE,0,0,0.0,0.0,Hail,1,0.0
MO-EO-11-06,11-06,Jay Nixon,"Gov. Jay Nixon declares a State of Emergency and directs the Missouri State Emergency Operations Plan be activated in response to severe weather that began on April 22, 2011. (Apr. 22)",2011-04-22,https://www.sos.mo.gov/library/reference/orders/2011/eo11_006,C,county/county-equivalent,169,PULASKI,0,0,0.0,0.0,Hail,2,0.0
MO-EO-11-06,11-06,Jay Nixon,"Gov. Jay Nixon declares a State of Emergency and directs the Missouri State Emergency Operations Plan be activated in response to severe weather that began on April 22, 2011. (Apr. 22)",2011-04-22,https://www.sos.mo.gov/library/reference/orders/2011/eo11_006,C,county/county-equivalent,173,RALLS,0,0,0.0,0.0,Hail,1,0.0
MO-EO-11-06,11-06,Jay Nixon,"Gov. Jay Nixon declares a State of Emergency and directs the Missouri State Emergency Operations Plan be activated in response to severe weather that began on April 22, 2011. (Apr. 22)",2011-04-22,https://www.sos.mo.gov/library/reference/orders/2011/eo11_006,C,county/county-equivalent,179,REYNOLDS,0,0,0.0,0.0,"Flash Flood, Thunderstorm Wind",2,0.0
MO-EO-11-06,11-06,Jay Nixon,"Gov. Jay Nixon declares a State of Emergency and directs the Missouri State Emergency Operations Plan be activated in response to severe weather that began on April 22, 2011. (Apr. 22)",2011-04-22,https://www.sos.mo.gov/library/reference/orders/2011/eo11_006,C,county/county-equivalent,183,ST. CHARLES,0,0,0.0,0.0,"Hail, Thunderstorm Wind, Tornado",23,0.0
MO-EO-11-06,11-06,Jay Nixon,"Gov. Jay Nixon declares a State of Emergency and directs the Missouri State Emergency Operations Plan be activated in response to severe weather that began on April 22, 2011. (Apr. 22)",2011-04-22,https://www.sos.mo.gov/library/reference/orders/2011/eo11_006,C,county/county-equivalent,186,STE. GENEVIEVE,0,0,0.0,0.0,Thunderstorm Wind,1,0.0
MO-EO-11-06,11-06,Jay Nixon,"Gov. Jay Nixon declares a State of Emergency and directs the Missouri State Emergency Operations Plan be activated in response to severe weather that began on April 22, 2011. (Apr. 22)",2011-04-22,https://www.sos.mo.gov/library/reference/orders/2011/eo11_006,C,county/county-equivalent,187,ST. FRANCOIS,0,0,0.0,0.0,"Flash Flood, Thunderstorm Wind",2,0.0
MO-EO-11-06,11-06,Jay Nixon,"Gov. Jay Nixon declares a State of Emergency and directs the Missouri State Emergency Operations Plan be activated in response to severe weather that began on April 22, 2011. (Apr. 22)",2011-04-22,https://www.sos.mo.gov/library/reference/orders/2011/eo11_006,C,county/county-equivalent,219,WARREN,0,0,0.0,0.0,Hail,5,0.0
MO-EO-11-06,11-06,Jay Nixon,"Gov. Jay Nixon declares a State of Emergency and directs the Missouri State Emergency Operations Plan be activated in response to severe weather that began on April 22, 2011. (Apr. 22)",2011-04-22,https://www.sos.mo.gov/library/reference/orders/2011/eo11_006,C,county/county-equivalent,221,WASHINGTON,0,0,0.0,0.0,"Flash Flood, Hail",3,0.0
MO-EO-11-06,11-06,Jay Nixon,"Gov. Jay Nixon declares a State of Emergency and directs the Missouri State Emergency Operations Plan be activated in response to severe weather that began on April 22, 2011. (Apr. 22)",2011-04-22,https://www.sos.mo.gov/library/reference/orders/2011/eo11_006,C,county/county-equivalent,510,ST. LOUIS (C),0,0,0.0,0.0,"Hail, Tornado",4,0.0
MO-EO-12-03,12-03,Jay Nixon,"Gov. Jay Nixon declares a State of Emergency and directs the Missouri State Emergency Operations Plan be activated due to severe weather that began on February 28, 2012. (Feb. 29)",2012-02-29,https://www.sos.mo.gov/library/reference/orders/2012/eo12_003,C,county/county-equivalent,59,DALLAS,1,12,650000.0,0.0,Tornado,1,650000.0
MO-EO-12-03,12-03,Jay Nixon,"Gov. Jay Nixon declares a State of Emergency and directs the Missouri State Emergency Operations Plan be activated due to severe weather that began on February 28, 2012. (Feb. 29)",2012-02-29,https://www.sos.mo.gov/library/reference/orders/2012/eo12_003,C,county/county-equivalent,9,BARRY,1,4,575000.0,0.0,Tornado,1,575000.0
MO-EO-12-03,12-03,Jay Nixon,"Gov. Jay Nixon declares a State of Emergency and directs the Missouri State Emergency Operations Plan be activated due to severe weather that began on February 28, 2012. (Feb. 29)",2012-02-29,https://www.sos.mo.gov/library/reference/orders/2012/eo12_003,C,county/county-equivalent,207,STODDARD,1,0,310000.0,0.0,"Thunderstorm Wind, Tornado",3,310000.0
MO-EO-12-03,12-03,Jay Nixon,"Gov. Jay Nixon declares a State of Emergency and directs the Missouri State Emergency Operations Plan be activated due to severe weather that began on February 28, 2012. (Feb. 29)",2012-02-29,https://www.sos.mo.gov/library/reference/orders/2012/eo12_003,C,county/county-equivalent,213,TANEY,0,37,15000000.0,0.0,Tornado,1,15000000.0
MO-EO-12-03,12-03,Jay Nixon,"Gov. Jay Nixon declares a State of Emergency and directs the Missouri State Emergency Operations Plan be activated due to severe weather that began on February 28, 2012. (Feb. 29)",2012-02-29,https://www.sos.mo.gov/library/reference/orders/2012/eo12_003,C,county/county-equivalent,209,STONE,0,10,5500000.0,0.0,"Thunderstorm Wind, Tornado",2,5500000.0
MO-EO-12-03,12-03,Jay Nixon,"Gov. Jay Nixon declares a State of Emergency and directs the Missouri State Emergency Operations Plan be activated due to severe weather that began on February 28, 2012. (Feb. 29)",2012-02-29,https://www.sos.mo.gov/library/reference/orders/2012/eo12_003,C,county/county-equivalent,105,LACLEDE,0,5,1250000.0,0.0,"Hail, Tornado",4,1250000.0
MO-EO-12-03,12-03,Jay Nixon,"Gov. Jay Nixon declares a State of Emergency and directs the Missouri State Emergency Operations Plan be activated due to severe weather that began on February 28, 2012. (Feb. 29)",2012-02-29,https://www.sos.mo.gov/library/reference/orders/2012/eo12_003,C,county/county-equivalent,31,CAPE GIRARDEAU,0,1,260000.0,0.0,"Hail, Thunderstorm Wind, Tornado",4,260000.0
MO-EO-12-03,12-03,Jay Nixon,"Gov. Jay Nixon declares a State of Emergency and directs the Missouri State Emergency Operations Plan be activated due to severe weather that began on February 28, 2012. (Feb. 29)",2012-02-29,https://www.sos.mo.gov/library/reference/orders/2012/eo12_003,C,county/county-equivalent,123,MADISON,0,1,0.0,0.0,Tornado,1,0.0
MO-EO-12-03,12-03,Jay Nixon,"Gov. Jay Nixon declares a State of Emergency and directs the Missouri State Emergency Operations Plan be activated due to severe weather that began on February 28, 2012. (Feb. 29)",2012-02-29,https://www.sos.mo.gov/library/reference/orders/2012/eo12_003,C,county/county-equivalent,11,BARTON,0,0,250000.0,0.0,"Hail, Tornado",2,250000.0
MO-EO-12-03,12-03,Jay Nixon,"Gov. Jay Nixon declares a State of Emergency and directs the Missouri State Emergency Operations Plan be activated due to severe weather that began on February 28, 2012. (Feb. 29)",2012-02-29,https://www.sos.mo.gov/library/reference/orders/2012/eo12_003,C,county/county-equivalent,57,DADE,0,0,215000.0,0.0,"Hail, Thunderstorm Wind, Tornado",3,215000.0
MO-EO-12-03,12-03,Jay Nixon,"Gov. Jay Nixon declares a State of Emergency and directs the Missouri State Emergency Operations Plan be activated due to severe weather that began on February 28, 2012. (Feb. 29)",2012-02-29,https://www.sos.mo.gov/library/reference/orders/2012/eo12_003,C,county/county-equivalent,17,BOLLINGER,0,0,170000.0,0.0,"Hail, Tornado",3,170000.0
MO-EO-12-03,12-03,Jay Nixon,"Gov. Jay Nixon declares a State of Emergency and directs the Missouri State Emergency Operations Plan be activated due to severe weather that began on February 28, 2012. (Feb. 29)",2012-02-29,https://www.sos.mo.gov/library/reference/orders/2012/eo12_003,C,county/county-equivalent,201,SCOTT,0,0,100000.0,0.0,Tornado,1,100000.0
MO-EO-12-03,12-03,Jay Nixon,"Gov. Jay Nixon declares a State of Emergency and directs the Missouri State Emergency Operations Plan be activated due to severe weather that began on February 28, 2012. (Feb. 29)",2012-02-29,https://www.sos.mo.gov/library/reference/orders/2012/eo12_003,C,county/county-equivalent,167,POLK,0,0,65000.0,0.0,"Hail, Thunderstorm Wind, Tornado",5,65000.0
MO-EO-12-03,12-03,Jay Nixon,"Gov. Jay Nixon declares a State of Emergency and directs the Missouri State Emergency Operations Plan be activated due to severe weather that began on February 28, 2012. (Feb. 29)",2012-02-29,https://www.sos.mo.gov/library/reference/orders/2012/eo12_003,C,county/county-equivalent,115,LINN,0,0,50000.0,0.0,Thunderstorm Wind,2,50000.0
MO-EO-12-03,12-03,Jay Nixon,"Gov. Jay Nixon declares a State of Emergency and directs the Missouri State Emergency Operations Plan be activated due to severe weather that began on February 28, 2012. (Feb. 29)",2012-02-29,https://www.sos.mo.gov/library/reference/orders/2012/eo12_003,C,county/county-equivalent,39,CEDAR,0,0,25000.0,0.0,Thunderstorm Wind,1,25000.0
MO-EO-12-03,12-03,Jay Nixon,"Gov. Jay Nixon declares a State of Emergency and directs the Missouri State Emergency Operations Plan be activated due to severe weather that began on February 28, 2012. (Feb. 29)",2012-02-29,https://www.sos.mo.gov/library/reference/orders/2012/eo12_003,C,county/county-equivalent,47,CLAY,0,0,10000.0,0.0,Thunderstorm Wind,4,10000.0
MO-EO-12-03,12-03,Jay Nixon,"Gov. Jay Nixon declares a State of Emergency and directs the Missouri State Emergency Operations Plan be activated due to severe weather that began on February 28, 2012. (Feb. 29)",2012-02-29,https://www.sos.mo.gov/library/reference/orders/2012/eo12_003,C,county/county-equivalent,61,DAVIESS,0,0,10000.0,0.0,Thunderstorm Wind,1,10000.0
MO-EO-12-03,12-03,Jay Nixon,"Gov. Jay Nixon declares a State of Emergency and directs the Missouri State Emergency Operations Plan be activated due to severe weather that began on February 28, 2012. (Feb. 29)",2012-02-29,https://www.sos.mo.gov/library/reference/orders/2012/eo12_003,C,county/county-equivalent,1,ADAIR,0,0,5000.0,0.0,Thunderstorm Wind,1,5000.0
MO-EO-12-03,12-03,Jay Nixon,"Gov. Jay Nixon declares a State of Emergency and directs the Missouri State Emergency Operations Plan be activated due to severe weather that began on February 28, 2012. (Feb. 29)",2012-02-29,https://www.sos.mo.gov/library/reference/orders/2012/eo12_003,C,county/county-equivalent,85,HICKORY,0,0,5000.0,0.0,"Hail, Thunderstorm Wind",2,5000.0
MO-EO-12-03,12-03,Jay Nixon,"Gov. Jay Nixon declares a State of Emergency and directs the Missouri State Emergency Operations Plan be activated due to severe weather that began on February 28, 2012. (Feb. 29)",2012-02-29,https://www.sos.mo.gov/library/reference/orders/2012/eo12_003,C,county/county-equivalent,97,JASPER,0,0,5000.0,0.0,Thunderstorm Wind,1,5000.0
MO-EO-12-03,12-03,Jay Nixon,"Gov. Jay Nixon declares a State of Emergency and directs the Missouri State Emergency Operations Plan be activated due to severe weather that began on February 28, 2012. (Feb. 29)",2012-02-29,https://www.sos.mo.gov/library/reference/orders/2012/eo12_003,C,county/county-equivalent,63,DE KALB,0,0,3000.0,0.0,"Hail, Thunderstorm Wind",2,3000.0
MO-EO-12-03,12-03,Jay Nixon,"Gov. Jay Nixon declares a State of Emergency and directs the Missouri State Emergency Operations Plan be activated due to severe weather that began on February 28, 2012. (Feb. 29)",2012-02-29,https://www.sos.mo.gov/library/reference/orders/2012/eo12_003,C,county/county-equivalent,119,MCDONALD,0,0,2000.0,0.0,Thunderstorm Wind,1,2000.0
MO-EO-12-03,12-03,Jay Nixon,"Gov. Jay Nixon declares a State of Emergency and directs the Missouri State Emergency Operations Plan be activated due to severe weather that began on February 28, 2012. (Feb. 29)",2012-02-29,https://www.sos.mo.gov/library/reference/orders/2012/eo12_003,C,county/county-equivalent,229,WRIGHT,0,0,2000.0,0.0,Thunderstorm Wind,1,2000.0
MO-EO-12-03,12-03,Jay Nixon,"Gov. Jay Nixon declares a State of Emergency and directs the Missouri State Emergency Operations Plan be activated due to severe weather that began on February 28, 2012. (Feb. 29)",2012-02-29,https://www.sos.mo.gov/library/reference/orders/2012/eo12_003,C,county/county-equivalent,43,CHRISTIAN,0,0,1000.0,0.0,"Hail, Thunderstorm Wind",5,1000.0
MO-EO-12-03,12-03,Jay Nixon,"Gov. Jay Nixon declares a State of Emergency and directs the Missouri State Emergency Operations Plan be activated due to severe weather that began on February 28, 2012. (Feb. 29)",2012-02-29,https://www.sos.mo.gov/library/reference/orders/2012/eo12_003,C,county/county-equivalent,77,GREENE,0,0,1000.0,0.0,"Hail, Thunderstorm Wind",4,1000.0
MO-EO-12-03,12-03,Jay Nixon,"Gov. Jay Nixon declares a State of Emergency and directs the Missouri State Emergency Operations Plan be activated due to severe weather that began on February 28, 2012. (Feb. 29)",2012-02-29,https://www.sos.mo.gov/library/reference/orders/2012/eo12_003,C,county/county-equivalent,91,HOWELL,0,0,1000.0,0.0,"Hail, Thunderstorm Wind",5,1000.0
MO-EO-12-03,12-03,Jay Nixon,"Gov. Jay Nixon declares a State of Emergency and directs the Missouri State Emergency Operations Plan be activated due to severe weather that began on February 28, 2012. (Feb. 29)",2012-02-29,https://www.sos.mo.gov/library/reference/orders/2012/eo12_003,C,county/county-equivalent,223,WAYNE,0,0,1000.0,0.0,"Hail, Thunderstorm Wind",2,1000.0
MO-EO-12-03,12-03,Jay Nixon,"Gov. Jay Nixon declares a State of Emergency and directs the Missouri State Emergency Operations Plan be activated due to severe weather that began on February 28, 2012. (Feb. 29)",2012-02-29,https://www.sos.mo.gov/library/reference/orders/2012/eo12_003,C,county/county-equivalent,23,BUTLER,0,0,0.0,0.0,Hail,2,0.0
MO-EO-12-03,12-03,Jay Nixon,"Gov. Jay Nixon declares a State of Emergency and directs the Missouri State Emergency Operations Plan be activated due to severe weather that began on February 28, 2012. (Feb. 29)",2012-02-29,https://www.sos.mo.gov/library/reference/orders/2012/eo12_003,C,county/county-equivalent,27,CALLAWAY,0,0,0.0,0.0,Hail,1,0.0
MO-EO-12-03,12-03,Jay Nixon,"Gov. Jay Nixon declares a State of Emergency and directs the Missouri State Emergency Operations Plan be activated due to severe weather that began on February 28, 2012. (Feb. 29)",2012-02-29,https://www.sos.mo.gov/library/reference/orders/2012/eo12_003,C,county/county-equivalent,29,CAMDEN,0,0,0.0,0.0,Hail,2,0.0
MO-EO-12-03,12-03,Jay Nixon,"Gov. Jay Nixon declares a State of Emergency and directs the Missouri State Emergency Operations Plan be activated due to severe weather that began on February 28, 2012. (Feb. 29)",2012-02-29,https://www.sos.mo.gov/library/reference/orders/2012/eo12_003,C,county/county-equivalent,35,CARTER,0,0,0.0,0.0,Hail,2,0.0
MO-EO-12-03,12-03,Jay Nixon,"Gov. Jay Nixon declares a State of Emergency and directs the Missouri State Emergency Operations Plan be activated due to severe weather that began on February 28, 2012. (Feb. 29)",2012-02-29,https://www.sos.mo.gov/library/reference/orders/2012/eo12_003,C,county/county-equivalent,51,COLE,0,0,0.0,0.0,Hail,4,0.0
MO-EO-12-03,12-03,Jay Nixon,"Gov. Jay Nixon declares a State of Emergency and directs the Missouri State Emergency Operations Plan be activated due to severe weather that began on February 28, 2012. (Feb. 29)",2012-02-29,https://www.sos.mo.gov/library/reference/orders/2012/eo12_003,C,county/county-equivalent,55,CRAWFORD,0,0,0.0,0.0,Thunderstorm Wind,2,0.0
MO-EO-12-03,12-03,Jay Nixon,"Gov. Jay Nixon declares a State of Emergency and directs the Missouri State Emergency Operations Plan be activated due to severe weather that began on February 28, 2012. (Feb. 29)",2012-02-29,https://www.sos.mo.gov/library/reference/orders/2012/eo12_003,C,county/county-equivalent,65,DENT,0,0,0.0,0.0,Tornado,1,0.0
MO-EO-12-03,12-03,Jay Nixon,"Gov. Jay Nixon declares a State of Emergency and directs the Missouri State Emergency Operations Plan be activated due to severe weather that began on February 28, 2012. (Feb. 29)",2012-02-29,https://www.sos.mo.gov/library/reference/orders/2012/eo12_003,C,county/county-equivalent,67,DOUGLAS,0,0,0.0,0.0,Thunderstorm Wind,1,0.0
MO-EO-12-03,12-03,Jay Nixon,"Gov. Jay Nixon declares a State of Emergency and directs the Missouri State Emergency Operations Plan be activated due to severe weather that began on February 28, 2012. (Feb. 29)",2012-02-29,https://www.sos.mo.gov/library/reference/orders/2012/eo12_003,C,county/county-equivalent,71,FRANKLIN,0,0,0.0,0.0,Hail,1,0.0
MO-EO-12-03,12-03,Jay Nixon,"Gov. Jay Nixon declares a State of Emergency and directs the Missouri State Emergency Operations Plan be activated due to severe weather that began on February 28, 2012. (Feb. 29)",2012-02-29,https://www.sos.mo.gov/library/reference/orders/2012/eo12_003,C,county/county-equivalent,73,GASCONADE,0,0,0.0,0.0,Hail,2,0.0
MO-EO-12-03,12-03,Jay Nixon,"Gov. Jay Nixon declares a State of Emergency and directs the Missouri State Emergency Operations Plan be activated due to severe weather that began on February 28, 2012. (Feb. 29)",2012-02-29,https://www.sos.mo.gov/library/reference/orders/2012/eo12_003,C,county/county-equivalent,93,IRON,0,0,0.0,0.0,Thunderstorm Wind,1,0.0
MO-EO-12-03,12-03,Jay Nixon,"Gov. Jay Nixon declares a State of Emergency and directs the Missouri State Emergency Operations Plan be activated due to severe weather that began on February 28, 2012. (Feb. 29)",2012-02-29,https://www.sos.mo.gov/library/reference/orders/2012/eo12_003,C,county/county-equivalent,95,JACKSON,0,0,0.0,0.0,Thunderstorm Wind,1,0.0
MO-EO-12-03,12-03,Jay Nixon,"Gov. Jay Nixon declares a State of Emergency and directs the Missouri State Emergency Operations Plan be activated due to severe weather that began on February 28, 2012. (Feb. 29)",2012-02-29,https://www.sos.mo.gov/library/reference/orders/2012/eo12_003,C,county/county-equivalent,109,LAWRENCE,0,0,0.0,0.0,Thunderstorm Wind,1,0.0
MO-EO-12-03,12-03,Jay Nixon,"Gov. Jay Nixon declares a State of Emergency and directs the Missouri State Emergency Operations Plan be activated due to severe weather that began on February 28, 2012. (Feb. 29)",2012-02-29,https://www.sos.mo.gov/library/reference/orders/2012/eo12_003,C,county/county-equivalent,117,LIVINGSTON,0,0,0.0,0.0,Thunderstorm Wind,1,0.0
MO-EO-12-03,12-03,Jay Nixon,"Gov. Jay Nixon declares a State of Emergency and directs the Missouri State Emergency Operations Plan be activated due to severe weather that began on February 28, 2012. (Feb. 29)",2012-02-29,https://www.sos.mo.gov/library/reference/orders/2012/eo12_003,C,county/county-equivalent,125,MARIES,0,0,0.0,0.0,Hail,1,0.0
MO-EO-12-03,12-03,Jay Nixon,"Gov. Jay Nixon declares a State of Emergency and directs the Missouri State Emergency Operations Plan be activated due to severe weather that began on February 28, 2012. (Feb. 29)",2012-02-29,https://www.sos.mo.gov/library/reference/orders/2012/eo12_003,C,county/county-equivalent,131,MILLER,0,0,0.0,0.0,Hail,3,0.0
MO-EO-12-03,12-03,Jay Nixon,"Gov. Jay Nixon declares a State of Emergency and directs the Missouri State Emergency Operations Plan be activated due to severe weather that began on February 28, 2012. (Feb. 29)",2012-02-29,https://www.sos.mo.gov/library/reference/orders/2012/eo12_003,C,county/county-equivalent,139,MONTGOMERY,0,0,0.0,0.0,Hail,1,0.0
MO-EO-12-03,12-03,Jay Nixon,"Gov. Jay Nixon declares a State of Emergency and directs the Missouri State Emergency Operations Plan be activated due to severe weather that began on February 28, 2012. (Feb. 29)",2012-02-29,https://www.sos.mo.gov/library/reference/orders/2012/eo12_003,C,county/county-equivalent,141,MORGAN,0,0,0.0,0.0,Hail,2,0.0
MO-EO-12-03,12-03,Jay Nixon,"Gov. Jay Nixon declares a State of Emergency and directs the Missouri State Emergency Operations Plan be activated due to severe weather that began on February 28, 2012. (Feb. 29)",2012-02-29,https://www.sos.mo.gov/library/reference/orders/2012/eo12_003,C,county/county-equivalent,151,OSAGE,0,0,0.0,0.0,Hail,1,0.0
MO-EO-12-03,12-03,Jay Nixon,"Gov. Jay Nixon declares a State of Emergency and directs the Missouri State Emergency Operations Plan be activated due to severe weather that began on February 28, 2012. (Feb. 29)",2012-02-29,https://www.sos.mo.gov/library/reference/orders/2012/eo12_003,C,county/county-equivalent,161,PHELPS,0,0,0.0,0.0,"Thunderstorm Wind, Tornado",3,0.0
MO-EO-12-03,12-03,Jay Nixon,"Gov. Jay Nixon declares a State of Emergency and directs the Missouri State Emergency Operations Plan be activated due to severe weather that began on February 28, 2012. (Feb. 29)",2012-02-29,https://www.sos.mo.gov/library/reference/orders/2012/eo12_003,C,county/county-equivalent,179,REYNOLDS,0,0,0.0,0.0,Hail,1,0.0
MO-EO-12-03,12-03,Jay Nixon,"Gov. Jay Nixon declares a State of Emergency and directs the Missouri State Emergency Operations Plan be activated due to severe weather that began on February 28, 2012. (Feb. 29)",2012-02-29,https://www.sos.mo.gov/library/reference/orders/2012/eo12_003,C,county/county-equivalent,181,RIPLEY,0,0,0.0,0.0,Hail,1,0.0
MO-EO-12-03,12-03,Jay Nixon,"Gov. Jay Nixon declares a State of Emergency and directs the Missouri State Emergency Operations Plan be activated due to severe weather that began on February 28, 2012. (Feb. 29)",2012-02-29,https://www.sos.mo.gov/library/reference/orders/2012/eo12_003,C,county/county-equivalent,183,ST. CHARLES,0,0,0.0,0.0,Hail,5,0.0
MO-EO-12-03,12-03,Jay Nixon,"Gov. Jay Nixon declares a State of Emergency and directs the Missouri State Emergency Operations Plan be activated due to severe weather that began on February 28, 2012. (Feb. 29)",2012-02-29,https://www.sos.mo.gov/library/reference/orders/2012/eo12_003,C,county/county-equivalent,185,ST. CLAIR,0,0,0.0,0.0,Hail,1,0.0
MO-EO-12-03,12-03,Jay Nixon,"Gov. Jay Nixon declares a State of Emergency and directs the Missouri State Emergency Operations Plan be activated due to severe weather that began on February 28, 2012. (Feb. 29)",2012-02-29,https://www.sos.mo.gov/library/reference/orders/2012/eo12_003,C,county/county-equivalent,189,ST. LOUIS,0,0,0.0,0.0,Hail,1,0.0
MO-EO-12-03,12-03,Jay Nixon,"Gov. Jay Nixon declares a State of Emergency and directs the Missouri State Emergency Operations Plan be activated due to severe weather that began on February 28, 2012. (Feb. 29)",2012-02-29,https://www.sos.mo.gov/library/reference/orders/2012/eo12_003,C,county/county-equivalent,205,SHELBY,0,0,0.0,0.0,Thunderstorm Wind,1,0.0
MO-EO-12-03,12-03,Jay Nixon,"Gov. Jay Nixon declares a State of Emergency and directs the Missouri State Emergency Operations Plan be activated due to severe weather that began on February 28, 2012. (Feb. 29)",2012-02-29,https://www.sos.mo.gov/library/reference/orders/2012/eo12_003,C,county/county-equivalent,215,TEXAS,0,0,0.0,0.0,Thunderstorm Wind,1,0.0
MO-EO-12-03,12-03,Jay Nixon,"Gov. Jay Nixon declares a State of Emergency and directs the Missouri State Emergency Operations Plan be activated due to severe weather that began on February 28, 2012. (Feb. 29)",2012-02-29,https://www.sos.mo.gov/library/reference/orders/2012/eo12_003,C,county/county-equivalent,219,WARREN,0,0,0.0,0.0,Hail,3,0.0
MO-EO-12-03,12-03,Jay Nixon,"Gov. Jay Nixon declares a State of Emergency and directs the Missouri State Emergency Operations Plan be activated due to severe weather that began on February 28, 2012. (Feb. 29)",2012-02-29,https://www.sos.mo.gov/library/reference/orders/2012/eo12_003,C,county/county-equivalent,225,WEBSTER,0,0,0.0,0.0,Thunderstorm Wind,2,0.0
MO-EO-13-05,13-05,Jay Nixon,"Gov. Jay Nixon declares a State of Emergency and directs the Missouri State Emergency Operations Plan be activated due to severe weather that began on February 20, 2013. (Feb. 21)",2013-02-21,https://www.sos.mo.gov/library/reference/orders/2013/eo13_005,C,county/county-equivalent,167,POLK,0,0,5000.0,0.0,Thunderstorm Wind,1,5000.0
MO-EO-13-06,13-06,Jay Nixon,"Gov. Jay Nixon declares a State of Emergency and directs the Missouri State Emergency Operations Plan be activated in response to severe weather that began on April 10, 2013. (Apr. 10)",2013-04-10,https://www.sos.mo.gov/library/reference/orders/2013/eo13_006,C,county/county-equivalent,71,FRANKLIN,0,11,0.0,0.0,"Hail, Thunderstorm Wind, Tornado",11,0.0
MO-EO-13-06,13-06,Jay Nixon,"Gov. Jay Nixon declares a State of Emergency and directs the Missouri State Emergency Operations Plan be activated in response to severe weather that began on April 10, 2013. (Apr. 10)",2013-04-10,https://www.sos.mo.gov/library/reference/orders/2013/eo13_006,C,county/county-equivalent,189,ST. LOUIS,0,2,4000000.0,0.0,"Hail, Thunderstorm Wind, Tornado",8,4000000.0
MO-EO-13-06,13-06,Jay Nixon,"Gov. Jay Nixon declares a State of Emergency and directs the Missouri State Emergency Operations Plan be activated in response to severe weather that began on April 10, 2013. (Apr. 10)",2013-04-10,https://www.sos.mo.gov/library/reference/orders/2013/eo13_006,C,county/county-equivalent,167,POLK,0,0,500000.0,0.0,Hail,6,500000.0
MO-EO-13-06,13-06,Jay Nixon,"Gov. Jay Nixon declares a State of Emergency and directs the Missouri State Emergency Operations Plan be activated in response to severe weather that began on April 10, 2013. (Apr. 10)",2013-04-10,https://www.sos.mo.gov/library/reference/orders/2013/eo13_006,C,county/county-equivalent,217,VERNON,0,0,500000.0,0.0,Hail,3,500000.0
MO-EO-13-06,13-06,Jay Nixon,"Gov. Jay Nixon declares a State of Emergency and directs the Missouri State Emergency Operations Plan be activated in response to severe weather that began on April 10, 2013. (Apr. 10)",2013-04-10,https://www.sos.mo.gov/library/reference/orders/2013/eo13_006,C,county/county-equivalent,181,RIPLEY,0,0,355000.0,0.0,Thunderstorm Wind,2,355000.0
MO-EO-13-06,13-06,Jay Nixon,"Gov. Jay Nixon declares a State of Emergency and directs the Missouri State Emergency Operations Plan be activated in response to severe weather that began on April 10, 2013. (Apr. 10)",2013-04-10,https://www.sos.mo.gov/library/reference/orders/2013/eo13_006,C,county/county-equivalent,207,STODDARD,0,0,340000.0,0.0,"Thunderstorm Wind, Tornado",2,340000.0
MO-EO-13-06,13-06,Jay Nixon,"Gov. Jay Nixon declares a State of Emergency and directs the Missouri State Emergency Operations Plan be activated in response to severe weather that began on April 10, 2013. (Apr. 10)",2013-04-10,https://www.sos.mo.gov/library/reference/orders/2013/eo13_006,C,county/county-equivalent,105,LACLEDE,0,0,250000.0,0.0,Hail,6,250000.0
MO-EO-13-06,13-06,Jay Nixon,"Gov. Jay Nixon declares a State of Emergency and directs the Missouri State Emergency Operations Plan be activated in response to severe weather that began on April 10, 2013. (Apr. 10)",2013-04-10,https://www.sos.mo.gov/library/reference/orders/2013/eo13_006,C,county/county-equivalent,17,BOLLINGER,0,0,50000.0,0.0,Thunderstorm Wind,1,50000.0
MO-EO-13-06,13-06,Jay Nixon,"Gov. Jay Nixon declares a State of Emergency and directs the Missouri State Emergency Operations Plan be activated in response to severe weather that began on April 10, 2013. (Apr. 10)",2013-04-10,https://www.sos.mo.gov/library/reference/orders/2013/eo13_006,C,county/county-equivalent,43,CHRISTIAN,0,0,50000.0,0.0,Lightning,1,50000.0
MO-EO-13-06,13-06,Jay Nixon,"Gov. Jay Nixon declares a State of Emergency and directs the Missouri State Emergency Operations Plan be activated in response to severe weather that began on April 10, 2013. (Apr. 10)",2013-04-10,https://www.sos.mo.gov/library/reference/orders/2013/eo13_006,C,county/county-equivalent,23,BUTLER,0,0,45000.0,0.0,"Thunderstorm Wind, Tornado",3,45000.0
MO-EO-13-06,13-06,Jay Nixon,"Gov. Jay Nixon declares a State of Emergency and directs the Missouri State Emergency Operations Plan be activated in response to severe weather that began on April 10, 2013. (Apr. 10)",2013-04-10,https://www.sos.mo.gov/library/reference/orders/2013/eo13_006,C,county/county-equivalent,65,DENT,0,0,5000.0,0.0,Thunderstorm Wind,1,5000.0
MO-EO-13-06,13-06,Jay Nixon,"Gov. Jay Nixon declares a State of Emergency and directs the Missouri State Emergency Operations Plan be activated in response to severe weather that began on April 10, 2013. (Apr. 10)",2013-04-10,https://www.sos.mo.gov/library/reference/orders/2013/eo13_006,C,county/county-equivalent,215,TEXAS,0,0,1000.0,0.0,Thunderstorm Wind,2,1000.0
MO-EO-13-06,13-06,Jay Nixon,"Gov. Jay Nixon declares a State of Emergency and directs the Missouri State Emergency Operations Plan be activated in response to severe weather that began on April 10, 2013. (Apr. 10)",2013-04-10,https://www.sos.mo.gov/library/reference/orders/2013/eo13_006,C,county/county-equivalent,39,CEDAR,0,0,0.0,0.0,Hail,2,0.0
MO-EO-13-06,13-06,Jay Nixon,"Gov. Jay Nixon declares a State of Emergency and directs the Missouri State Emergency Operations Plan be activated in response to severe weather that began on April 10, 2013. (Apr. 10)",2013-04-10,https://www.sos.mo.gov/library/reference/orders/2013/eo13_006,C,county/county-equivalent,47,CLAY,0,0,0.0,0.0,Hail,1,0.0
MO-EO-13-06,13-06,Jay Nixon,"Gov. Jay Nixon declares a State of Emergency and directs the Missouri State Emergency Operations Plan be activated in response to severe weather that began on April 10, 2013. (Apr. 10)",2013-04-10,https://www.sos.mo.gov/library/reference/orders/2013/eo13_006,C,county/county-equivalent,55,CRAWFORD,0,0,0.0,0.0,Thunderstorm Wind,3,0.0
MO-EO-13-06,13-06,Jay Nixon,"Gov. Jay Nixon declares a State of Emergency and directs the Missouri State Emergency Operations Plan be activated in response to severe weather that began on April 10, 2013. (Apr. 10)",2013-04-10,https://www.sos.mo.gov/library/reference/orders/2013/eo13_006,C,county/county-equivalent,59,DALLAS,0,0,0.0,0.0,Hail,1,0.0
MO-EO-13-06,13-06,Jay Nixon,"Gov. Jay Nixon declares a State of Emergency and directs the Missouri State Emergency Operations Plan be activated in response to severe weather that began on April 10, 2013. (Apr. 10)",2013-04-10,https://www.sos.mo.gov/library/reference/orders/2013/eo13_006,C,county/county-equivalent,67,DOUGLAS,0,0,0.0,0.0,Hail,1,0.0
MO-EO-13-06,13-06,Jay Nixon,"Gov. Jay Nixon declares a State of Emergency and directs the Missouri State Emergency Operations Plan be activated in response to severe weather that began on April 10, 2013. (Apr. 10)",2013-04-10,https://www.sos.mo.gov/library/reference/orders/2013/eo13_006,C,county/county-equivalent,73,GASCONADE,0,0,0.0,0.0,"Hail, Thunderstorm Wind",4,0.0
MO-EO-13-06,13-06,Jay Nixon,"Gov. Jay Nixon declares a State of Emergency and directs the Missouri State Emergency Operations Plan be activated in response to severe weather that began on April 10, 2013. (Apr. 10)",2013-04-10,https://www.sos.mo.gov/library/reference/orders/2013/eo13_006,C,county/county-equivalent,85,HICKORY,0,0,0.0,0.0,Hail,1,0.0
MO-EO-13-06,13-06,Jay Nixon,"Gov. Jay Nixon declares a State of Emergency and directs the Missouri State Emergency Operations Plan be activated in response to severe weather that began on April 10, 2013. (Apr. 10)",2013-04-10,https://www.sos.mo.gov/library/reference/orders/2013/eo13_006,C,county/county-equivalent,95,JACKSON,0,0,0.0,0.0,Hail,9,0.0
MO-EO-13-06,13-06,Jay Nixon,"Gov. Jay Nixon declares a State of Emergency and directs the Missouri State Emergency Operations Plan be activated in response to severe weather that began on April 10, 2013. (Apr. 10)",2013-04-10,https://www.sos.mo.gov/library/reference/orders/2013/eo13_006,C,county/county-equivalent,109,LAWRENCE,0,0,0.0,0.0,Flash Flood,1,0.0
MO-EO-13-06,13-06,Jay Nixon,"Gov. Jay Nixon declares a State of Emergency and directs the Missouri State Emergency Operations Plan be activated in response to severe weather that began on April 10, 2013. (Apr. 10)",2013-04-10,https://www.sos.mo.gov/library/reference/orders/2013/eo13_006,C,county/county-equivalent,131,MILLER,0,0,0.0,0.0,Flash Flood,1,0.0
MO-EO-13-06,13-06,Jay Nixon,"Gov. Jay Nixon declares a State of Emergency and directs the Missouri State Emergency Operations Plan be activated in response to severe weather that began on April 10, 2013. (Apr. 10)",2013-04-10,https://www.sos.mo.gov/library/reference/orders/2013/eo13_006,C,county/county-equivalent,139,MONTGOMERY,0,0,0.0,0.0,Hail,2,0.0
MO-EO-13-06,13-06,Jay Nixon,"Gov. Jay Nixon declares a State of Emergency and directs the Missouri State Emergency Operations Plan be activated in response to severe weather that began on April 10, 2013. (Apr. 10)",2013-04-10,https://www.sos.mo.gov/library/reference/orders/2013/eo13_006,C,county/county-equivalent,145,NEWTON,0,0,0.0,0.0,Flash Flood,1,0.0
MO-EO-13-06,13-06,Jay Nixon,"Gov. Jay Nixon declares a State of Emergency and directs the Missouri State Emergency Operations Plan be activated in response to severe weather that began on April 10, 2013. (Apr. 10)",2013-04-10,https://www.sos.mo.gov/library/reference/orders/2013/eo13_006,C,county/county-equivalent,149,OREGON,0,0,0.0,0.0,Thunderstorm Wind,1,0.0
MO-EO-13-06,13-06,Jay Nixon,"Gov. Jay Nixon declares a State of Emergency and directs the Missouri State Emergency Operations Plan be activated in response to severe weather that began on April 10, 2013. (Apr. 10)",2013-04-10,https://www.sos.mo.gov/library/reference/orders/2013/eo13_006,C,county/county-equivalent,151,OSAGE,0,0,0.0,0.0,Hail,1,0.0
MO-EO-13-06,13-06,Jay Nixon,"Gov. Jay Nixon declares a State of Emergency and directs the Missouri State Emergency Operations Plan be activated in response to severe weather that began on April 10, 2013. (Apr. 10)",2013-04-10,https://www.sos.mo.gov/library/reference/orders/2013/eo13_006,C,county/county-equivalent,161,PHELPS,0,0,0.0,0.0,"Flash Flood, Hail",4,0.0
MO-EO-13-06,13-06,Jay Nixon,"Gov. Jay Nixon declares a State of Emergency and directs the Missouri State Emergency Operations Plan be activated in response to severe weather that began on April 10, 2013. (Apr. 10)",2013-04-10,https://www.sos.mo.gov/library/reference/orders/2013/eo13_006,C,county/county-equivalent,183,ST. CHARLES,0,0,0.0,0.0,"Hail, Thunderstorm Wind",9,0.0
MO-EO-13-06,13-06,Jay Nixon,"Gov. Jay Nixon declares a State of Emergency and directs the Missouri State Emergency Operations Plan be activated in response to severe weather that began on April 10, 2013. (Apr. 10)",2013-04-10,https://www.sos.mo.gov/library/reference/orders/2013/eo13_006,C,county/county-equivalent,186,STE. GENEVIEVE,0,0,0.0,0.0,Thunderstorm Wind,1,0.0
MO-EO-13-06,13-06,Jay Nixon,"Gov. Jay Nixon declares a State of Emergency and directs the Missouri State Emergency Operations Plan be activated in response to severe weather that began on April 10, 2013. (Apr. 10)",2013-04-10,https://www.sos.mo.gov/library/reference/orders/2013/eo13_006,C,county/county-equivalent,213,TANEY,0,0,0.0,0.0,Hail,1,0.0
MO-EO-13-06,13-06,Jay Nixon,"Gov. Jay Nixon declares a State of Emergency and directs the Missouri State Emergency Operations Plan be activated in response to severe weather that began on April 10, 2013. (Apr. 10)",2013-04-10,https://www.sos.mo.gov/library/reference/orders/2013/eo13_006,C,county/county-equivalent,221,WASHINGTON,0,0,0.0,0.0,Thunderstorm Wind,1,0.0
MO-EO-13-06,13-06,Jay Nixon,"Gov. Jay Nixon declares a State of Emergency and directs the Missouri State Emergency Operations Plan be activated in response to severe weather that began on April 10, 2013. (Apr. 10)",2013-04-10,https://www.sos.mo.gov/library/reference/orders/2013/eo13_006,C,county/county-equivalent,229,WRIGHT,0,0,0.0,0.0,"Flash Flood, Hail",3,0.0
MO-EO-13-06,13-06,Jay Nixon,"Gov. Jay Nixon declares a State of Emergency and directs the Missouri State Emergency Operations Plan be activated in response to severe weather that began on April 10, 2013. (Apr. 10)",2013-04-10,https://www.sos.mo.gov/library/reference/orders/2013/eo13_006,C,county/county-equivalent,510,ST. LOUIS (C),0,0,0.0,0.0,"Thunderstorm Wind, Tornado",2,0.0
MO-EO-13-07,13-07,Jay Nixon,"Gov. Jay Nixon declares a State of Emergency and directs the Missouri State Emergency Operations Plan be activated due to severe weather that began on April 16, 2013. (Apr. 19)",2013-04-19,https://www.sos.mo.gov/library/reference/orders/2013/eo13_007,C,county/county-equivalent,99,JEFFERSON,1,0,0.0,0.0,Flash Flood,1,0.0
MO-EO-13-07,13-07,Jay Nixon,"Gov. Jay Nixon declares a State of Emergency and directs the Missouri State Emergency Operations Plan be activated due to severe weather that began on April 16, 2013. (Apr. 19)",2013-04-19,https://www.sos.mo.gov/library/reference/orders/2013/eo13_007,C,county/county-equivalent,145,NEWTON,0,0,1000.0,0.0,"Hail, Thunderstorm Wind",2,1000.0
MO-EO-13-07,13-07,Jay Nixon,"Gov. Jay Nixon declares a State of Emergency and directs the Missouri State Emergency Operations Plan be activated due to severe weather that began on April 16, 2013. (Apr. 19)",2013-04-19,https://www.sos.mo.gov/library/reference/orders/2013/eo13_007,C,county/county-equivalent,1,ADAIR,0,0,0.0,0.0,Hail,3,0.0
MO-EO-13-07,13-07,Jay Nixon,"Gov. Jay Nixon declares a State of Emergency and directs the Missouri State Emergency Operations Plan be activated due to severe weather that began on April 16, 2013. (Apr. 19)",2013-04-19,https://www.sos.mo.gov/library/reference/orders/2013/eo13_007,C,county/county-equivalent,7,AUDRAIN,0,0,0.0,0.0,Hail,1,0.0
MO-EO-13-07,13-07,Jay Nixon,"Gov. Jay Nixon declares a State of Emergency and directs the Missouri State Emergency Operations Plan be activated due to severe weather that began on April 16, 2013. (Apr. 19)",2013-04-19,https://www.sos.mo.gov/library/reference/orders/2013/eo13_007,C,county/county-equivalent,9,BARRY,0,0,0.0,0.0,Flash Flood,2,0.0
MO-EO-13-07,13-07,Jay Nixon,"Gov. Jay Nixon declares a State of Emergency and directs the Missouri State Emergency Operations Plan be activated due to severe weather that began on April 16, 2013. (Apr. 19)",2013-04-19,https://www.sos.mo.gov/library/reference/orders/2013/eo13_007,C,county/county-equivalent,15,BENTON,0,0,0.0,0.0,Hail,3,0.0
MO-EO-13-07,13-07,Jay Nixon,"Gov. Jay Nixon declares a State of Emergency and directs the Missouri State Emergency Operations Plan be activated due to severe weather that began on April 16, 2013. (Apr. 19)",2013-04-19,https://www.sos.mo.gov/library/reference/orders/2013/eo13_007,C,county/county-equivalent,19,BOONE,0,0,0.0,0.0,Hail,4,0.0
MO-EO-13-07,13-07,Jay Nixon,"Gov. Jay Nixon declares a State of Emergency and directs the Missouri State Emergency Operations Plan be activated due to severe weather that began on April 16, 2013. (Apr. 19)",2013-04-19,https://www.sos.mo.gov/library/reference/orders/2013/eo13_007,C,county/county-equivalent,35,CARTER,0,0,0.0,0.0,Hail,1,0.0
MO-EO-13-07,13-07,Jay Nixon,"Gov. Jay Nixon declares a State of Emergency and directs the Missouri State Emergency Operations Plan be activated due to severe weather that began on April 16, 2013. (Apr. 19)",2013-04-19,https://www.sos.mo.gov/library/reference/orders/2013/eo13_007,C,county/county-equivalent,41,CHARITON,0,0,0.0,0.0,Hail,1,0.0
MO-EO-13-07,13-07,Jay Nixon,"Gov. Jay Nixon declares a State of Emergency and directs the Missouri State Emergency Operations Plan be activated due to severe weather that began on April 16, 2013. (Apr. 19)",2013-04-19,https://www.sos.mo.gov/library/reference/orders/2013/eo13_007,C,county/county-equivalent,51,COLE,0,0,0.0,0.0,Hail,1,0.0
MO-EO-13-07,13-07,Jay Nixon,"Gov. Jay Nixon declares a State of Emergency and directs the Missouri State Emergency Operations Plan be activated due to severe weather that began on April 16, 2013. (Apr. 19)",2013-04-19,https://www.sos.mo.gov/library/reference/orders/2013/eo13_007,C,county/county-equivalent,53,COOPER,0,0,0.0,0.0,Hail,1,0.0
MO-EO-13-07,13-07,Jay Nixon,"Gov. Jay Nixon declares a State of Emergency and directs the Missouri State Emergency Operations Plan be activated due to severe weather that began on April 16, 2013. (Apr. 19)",2013-04-19,https://www.sos.mo.gov/library/reference/orders/2013/eo13_007,C,county/county-equivalent,59,DALLAS,0,0,0.0,0.0,Hail,1,0.0
MO-EO-13-07,13-07,Jay Nixon,"Gov. Jay Nixon declares a State of Emergency and directs the Missouri State Emergency Operations Plan be activated due to severe weather that began on April 16, 2013. (Apr. 19)",2013-04-19,https://www.sos.mo.gov/library/reference/orders/2013/eo13_007,C,county/county-equivalent,65,DENT,0,0,0.0,0.0,"Flash Flood, Heavy Rain",3,0.0
MO-EO-13-07,13-07,Jay Nixon,"Gov. Jay Nixon declares a State of Emergency and directs the Missouri State Emergency Operations Plan be activated due to severe weather that began on April 16, 2013. (Apr. 19)",2013-04-19,https://www.sos.mo.gov/library/reference/orders/2013/eo13_007,C,county/county-equivalent,67,DOUGLAS,0,0,0.0,0.0,Flash Flood,5,0.0
MO-EO-13-07,13-07,Jay Nixon,"Gov. Jay Nixon declares a State of Emergency and directs the Missouri State Emergency Operations Plan be activated due to severe weather that began on April 16, 2013. (Apr. 19)",2013-04-19,https://www.sos.mo.gov/library/reference/orders/2013/eo13_007,C,county/county-equivalent,87,HOLT,0,0,0.0,0.0,Hail,1,0.0
MO-EO-13-07,13-07,Jay Nixon,"Gov. Jay Nixon declares a State of Emergency and directs the Missouri State Emergency Operations Plan be activated due to severe weather that began on April 16, 2013. (Apr. 19)",2013-04-19,https://www.sos.mo.gov/library/reference/orders/2013/eo13_007,C,county/county-equivalent,89,HOWARD,0,0,0.0,0.0,Hail,2,0.0
MO-EO-13-07,13-07,Jay Nixon,"Gov. Jay Nixon declares a State of Emergency and directs the Missouri State Emergency Operations Plan be activated due to severe weather that began on April 16, 2013. (Apr. 19)",2013-04-19,https://www.sos.mo.gov/library/reference/orders/2013/eo13_007,C,county/county-equivalent,91,HOWELL,0,0,0.0,0.0,Thunderstorm Wind,1,0.0
MO-EO-13-07,13-07,Jay Nixon,"Gov. Jay Nixon declares a State of Emergency and directs the Missouri State Emergency Operations Plan be activated due to severe weather that began on April 16, 2013. (Apr. 19)",2013-04-19,https://www.sos.mo.gov/library/reference/orders/2013/eo13_007,C,county/county-equivalent,93,IRON,0,0,0.0,0.0,Flash Flood,1,0.0
MO-EO-13-07,13-07,Jay Nixon,"Gov. Jay Nixon declares a State of Emergency and directs the Missouri State Emergency Operations Plan be activated due to severe weather that began on April 16, 2013. (Apr. 19)",2013-04-19,https://www.sos.mo.gov/library/reference/orders/2013/eo13_007,C,county/county-equivalent,97,JASPER,0,0,0.0,0.0,"Flash Flood, Thunderstorm Wind",2,0.0
MO-EO-13-07,13-07,Jay Nixon,"Gov. Jay Nixon declares a State of Emergency and directs the Missouri State Emergency Operations Plan be activated due to severe weather that began on April 16, 2013. (Apr. 19)",2013-04-19,https://www.sos.mo.gov/library/reference/orders/2013/eo13_007,C,county/county-equivalent,111,LEWIS,0,0,0.0,0.0,"Flash Flood, Hail",2,0.0
MO-EO-13-07,13-07,Jay Nixon,"Gov. Jay Nixon declares a State of Emergency and directs the Missouri State Emergency Operations Plan be activated due to severe weather that began on April 16, 2013. (Apr. 19)",2013-04-19,https://www.sos.mo.gov/library/reference/orders/2013/eo13_007,C,county/county-equivalent,119,MCDONALD,0,0,0.0,0.0,"Flash Flood, Hail",2,0.0
MO-EO-13-07,13-07,Jay Nixon,"Gov. Jay Nixon declares a State of Emergency and directs the Missouri State Emergency Operations Plan be activated due to severe weather that began on April 16, 2013. (Apr. 19)",2013-04-19,https://www.sos.mo.gov/library/reference/orders/2013/eo13_007,C,county/county-equivalent,121,MACON,0,0,0.0,0.0,Flash Flood,1,0.0
MO-EO-13-07,13-07,Jay Nixon,"Gov. Jay Nixon declares a State of Emergency and directs the Missouri State Emergency Operations Plan be activated due to severe weather that began on April 16, 2013. (Apr. 19)",2013-04-19,https://www.sos.mo.gov/library/reference/orders/2013/eo13_007,C,county/county-equivalent,127,MARION,0,0,0.0,0.0,Thunderstorm Wind,2,0.0
MO-EO-13-07,13-07,Jay Nixon,"Gov. Jay Nixon declares a State of Emergency and directs the Missouri State Emergency Operations Plan be activated due to severe weather that began on April 16, 2013. (Apr. 19)",2013-04-19,https://www.sos.mo.gov/library/reference/orders/2013/eo13_007,C,county/county-equivalent,135,MONITEAU,0,0,0.0,0.0,Hail,2,0.0
MO-EO-13-07,13-07,Jay Nixon,"Gov. Jay Nixon declares a State of Emergency and directs the Missouri State Emergency Operations Plan be activated due to severe weather that began on April 16, 2013. (Apr. 19)",2013-04-19,https://www.sos.mo.gov/library/reference/orders/2013/eo13_007,C,county/county-equivalent,137,MONROE,0,0,0.0,0.0,"Hail, Thunderstorm Wind, Tornado",7,0.0
MO-EO-13-07,13-07,Jay Nixon,"Gov. Jay Nixon declares a State of Emergency and directs the Missouri State Emergency Operations Plan be activated due to severe weather that began on April 16, 2013. (Apr. 19)",2013-04-19,https://www.sos.mo.gov/library/reference/orders/2013/eo13_007,C,county/county-equivalent,141,MORGAN,0,0,0.0,0.0,Hail,3,0.0
MO-EO-13-07,13-07,Jay Nixon,"Gov. Jay Nixon declares a State of Emergency and directs the Missouri State Emergency Operations Plan be activated due to severe weather that began on April 16, 2013. (Apr. 19)",2013-04-19,https://www.sos.mo.gov/library/reference/orders/2013/eo13_007,C,county/county-equivalent,147,NODAWAY,0,0,0.0,0.0,Hail,3,0.0
MO-EO-13-07,13-07,Jay Nixon,"Gov. Jay Nixon declares a State of Emergency and directs the Missouri State Emergency Operations Plan be activated due to severe weather that began on April 16, 2013. (Apr. 19)",2013-04-19,https://www.sos.mo.gov/library/reference/orders/2013/eo13_007,C,county/county-equivalent,153,OZARK,0,0,0.0,0.0,Thunderstorm Wind,2,0.0
MO-EO-13-07,13-07,Jay Nixon,"Gov. Jay Nixon declares a State of Emergency and directs the Missouri State Emergency Operations Plan be activated due to severe weather that began on April 16, 2013. (Apr. 19)",2013-04-19,https://www.sos.mo.gov/library/reference/orders/2013/eo13_007,C,county/county-equivalent,159,PETTIS,0,0,0.0,0.0,Hail,2,0.0
MO-EO-13-07,13-07,Jay Nixon,"Gov. Jay Nixon declares a State of Emergency and directs the Missouri State Emergency Operations Plan be activated due to severe weather that began on April 16, 2013. (Apr. 19)",2013-04-19,https://www.sos.mo.gov/library/reference/orders/2013/eo13_007,C,county/county-equivalent,173,RALLS,0,0,0.0,0.0,Thunderstorm Wind,2,0.0
MO-EO-13-07,13-07,Jay Nixon,"Gov. Jay Nixon declares a State of Emergency and directs the Missouri State Emergency Operations Plan be activated due to severe weather that began on April 16, 2013. (Apr. 19)",2013-04-19,https://www.sos.mo.gov/library/reference/orders/2013/eo13_007,C,county/county-equivalent,175,RANDOLPH,0,0,0.0,0.0,Hail,5,0.0
MO-EO-13-07,13-07,Jay Nixon,"Gov. Jay Nixon declares a State of Emergency and directs the Missouri State Emergency Operations Plan be activated due to severe weather that began on April 16, 2013. (Apr. 19)",2013-04-19,https://www.sos.mo.gov/library/reference/orders/2013/eo13_007,C,county/county-equivalent,185,ST. CLAIR,0,0,0.0,0.0,Hail,1,0.0
MO-EO-13-07,13-07,Jay Nixon,"Gov. Jay Nixon declares a State of Emergency and directs the Missouri State Emergency Operations Plan be activated due to severe weather that began on April 16, 2013. (Apr. 19)",2013-04-19,https://www.sos.mo.gov/library/reference/orders/2013/eo13_007,C,county/county-equivalent,189,ST. LOUIS,0,0,0.0,0.0,Hail,1,0.0
MO-EO-13-07,13-07,Jay Nixon,"Gov. Jay Nixon declares a State of Emergency and directs the Missouri State Emergency Operations Plan be activated due to severe weather that began on April 16, 2013. (Apr. 19)",2013-04-19,https://www.sos.mo.gov/library/reference/orders/2013/eo13_007,C,county/county-equivalent,205,SHELBY,0,0,0.0,0.0,"Flash Flood, Hail",2,0.0
MO-EO-13-07,13-07,Jay Nixon,"Gov. Jay Nixon declares a State of Emergency and directs the Missouri State Emergency Operations Plan be activated due to severe weather that began on April 16, 2013. (Apr. 19)",2013-04-19,https://www.sos.mo.gov/library/reference/orders/2013/eo13_007,C,county/county-equivalent,213,TANEY,0,0,0.0,0.0,Flash Flood,1,0.0
MO-EO-13-07,13-07,Jay Nixon,"Gov. Jay Nixon declares a State of Emergency and directs the Missouri State Emergency Operations Plan be activated due to severe weather that began on April 16, 2013. (Apr. 19)",2013-04-19,https://www.sos.mo.gov/library/reference/orders/2013/eo13_007,C,county/county-equivalent,215,TEXAS,0,0,0.0,0.0,"Flash Flood, Heavy Rain",4,0.0
MO-EO-13-07,13-07,Jay Nixon,"Gov. Jay Nixon declares a State of Emergency and directs the Missouri State Emergency Operations Plan be activated due to severe weather that began on April 16, 2013. (Apr. 19)",2013-04-19,https://www.sos.mo.gov/library/reference/orders/2013/eo13_007,C,county/county-equivalent,229,WRIGHT,0,0,0.0,0.0,"Flash Flood, Heavy Rain",2,0.0
MO-EO-13-10,13-10,Jay Nixon,"Gov. Jay Nixon declares a State of Emergency and directs the Missouri State Emergency Operations Plan be activated due to severe weather that began on May 29, 2013. (May 31)",2013-05-31,https://www.sos.mo.gov/library/reference/orders/2013/eo13_010,C,county/county-equivalent,131,MILLER,1,0,10000.0,0.0,"Flash Flood, Thunderstorm Wind",3,10000.0
MO-EO-13-10,13-10,Jay Nixon,"Gov. Jay Nixon declares a State of Emergency and directs the Missouri State Emergency Operations Plan be activated due to severe weather that began on May 29, 2013. (May 31)",2013-05-31,https://www.sos.mo.gov/library/reference/orders/2013/eo13_010,C,county/county-equivalent,183,ST. CHARLES,0,8,50000000.0,0.0,"Thunderstorm Wind, Tornado",4,50000000.0
MO-EO-13-10,13-10,Jay Nixon,"Gov. Jay Nixon declares a State of Emergency and directs the Missouri State Emergency Operations Plan be activated due to severe weather that began on May 29, 2013. (May 31)",2013-05-31,https://www.sos.mo.gov/library/reference/orders/2013/eo13_010,C,county/county-equivalent,77,GREENE,0,2,0.0,0.0,"Flash Flood, Heavy Rain, Lightning",9,0.0
MO-EO-13-10,13-10,Jay Nixon,"Gov. Jay Nixon declares a State of Emergency and directs the Missouri State Emergency Operations Plan be activated due to severe weather that began on May 29, 2013. (May 31)",2013-05-31,https://www.sos.mo.gov/library/reference/orders/2013/eo13_010,C,county/county-equivalent,189,ST. LOUIS,0,1,10000000.0,0.0,"Flash Flood, Hail, Thunderstorm Wind, Tornado",8,10000000.0
MO-EO-13-10,13-10,Jay Nixon,"Gov. Jay Nixon declares a State of Emergency and directs the Missouri State Emergency Operations Plan be activated due to severe weather that began on May 29, 2013. (May 31)",2013-05-31,https://www.sos.mo.gov/library/reference/orders/2013/eo13_010,C,county/county-equivalent,199,SCOTLAND,0,0,110000.0,0.0,Thunderstorm Wind,4,110000.0
MO-EO-13-10,13-10,Jay Nixon,"Gov. Jay Nixon declares a State of Emergency and directs the Missouri State Emergency Operations Plan be activated due to severe weather that began on May 29, 2013. (May 31)",2013-05-31,https://www.sos.mo.gov/library/reference/orders/2013/eo13_010,C,county/county-equivalent,39,CEDAR,0,0,50000.0,0.0,"Flash Flood, Hail",4,50000.0
MO-EO-13-10,13-10,Jay Nixon,"Gov. Jay Nixon declares a State of Emergency and directs the Missouri State Emergency Operations Plan be activated due to severe weather that began on May 29, 2013. (May 31)",2013-05-31,https://www.sos.mo.gov/library/reference/orders/2013/eo13_010,C,county/county-equivalent,1,ADAIR,0,0,20000.0,0.0,Thunderstorm Wind,3,20000.0
MO-EO-13-10,13-10,Jay Nixon,"Gov. Jay Nixon declares a State of Emergency and directs the Missouri State Emergency Operations Plan be activated due to severe weather that began on May 29, 2013. (May 31)",2013-05-31,https://www.sos.mo.gov/library/reference/orders/2013/eo13_010,C,county/county-equivalent,105,LACLEDE,0,0,10000.0,0.0,"Flash Flood, Thunderstorm Wind",2,10000.0
MO-EO-13-10,13-10,Jay Nixon,"Gov. Jay Nixon declares a State of Emergency and directs the Missouri State Emergency Operations Plan be activated due to severe weather that began on May 29, 2013. (May 31)",2013-05-31,https://www.sos.mo.gov/library/reference/orders/2013/eo13_010,C,county/county-equivalent,15,BENTON,0,0,5000.0,0.0,"Hail, Thunderstorm Wind",2,5000.0
MO-EO-13-10,13-10,Jay Nixon,"Gov. Jay Nixon declares a State of Emergency and directs the Missouri State Emergency Operations Plan be activated due to severe weather that began on May 29, 2013. (May 31)",2013-05-31,https://www.sos.mo.gov/library/reference/orders/2013/eo13_010,C,county/county-equivalent,91,HOWELL,0,0,5000.0,0.0,"Flash Flood, Thunderstorm Wind, Tornado",4,5000.0
MO-EO-13-10,13-10,Jay Nixon,"Gov. Jay Nixon declares a State of Emergency and directs the Missouri State Emergency Operations Plan be activated due to severe weather that began on May 29, 2013. (May 31)",2013-05-31,https://www.sos.mo.gov/library/reference/orders/2013/eo13_010,C,county/county-equivalent,223,WAYNE,0,0,2000.0,0.0,Thunderstorm Wind,1,2000.0
MO-EO-13-10,13-10,Jay Nixon,"Gov. Jay Nixon declares a State of Emergency and directs the Missouri State Emergency Operations Plan be activated due to severe weather that began on May 29, 2013. (May 31)",2013-05-31,https://www.sos.mo.gov/library/reference/orders/2013/eo13_010,C,county/county-equivalent,3,ANDREW,0,0,0.0,0.0,Hail,1,0.0
MO-EO-13-10,13-10,Jay Nixon,"Gov. Jay Nixon declares a State of Emergency and directs the Missouri State Emergency Operations Plan be activated due to severe weather that began on May 29, 2013. (May 31)",2013-05-31,https://www.sos.mo.gov/library/reference/orders/2013/eo13_010,C,county/county-equivalent,5,ATCHISON,0,0,0.0,0.0,"Flash Flood, Hail",4,0.0
MO-EO-13-10,13-10,Jay Nixon,"Gov. Jay Nixon declares a State of Emergency and directs the Missouri State Emergency Operations Plan be activated due to severe weather that began on May 29, 2013. (May 31)",2013-05-31,https://www.sos.mo.gov/library/reference/orders/2013/eo13_010,C,county/county-equivalent,7,AUDRAIN,0,0,0.0,0.0,Hail,1,0.0
MO-EO-13-10,13-10,Jay Nixon,"Gov. Jay Nixon declares a State of Emergency and directs the Missouri State Emergency Operations Plan be activated due to severe weather that began on May 29, 2013. (May 31)",2013-05-31,https://www.sos.mo.gov/library/reference/orders/2013/eo13_010,C,county/county-equivalent,9,BARRY,0,0,0.0,0.0,"Flash Flood, Hail, Thunderstorm Wind",3,0.0
MO-EO-13-10,13-10,Jay Nixon,"Gov. Jay Nixon declares a State of Emergency and directs the Missouri State Emergency Operations Plan be activated due to severe weather that began on May 29, 2013. (May 31)",2013-05-31,https://www.sos.mo.gov/library/reference/orders/2013/eo13_010,C,county/county-equivalent,11,BARTON,0,0,0.0,0.0,Flash Flood,1,0.0
MO-EO-13-10,13-10,Jay Nixon,"Gov. Jay Nixon declares a State of Emergency and directs the Missouri State Emergency Operations Plan be activated due to severe weather that began on May 29, 2013. (May 31)",2013-05-31,https://www.sos.mo.gov/library/reference/orders/2013/eo13_010,C,county/county-equivalent,13,BATES,0,0,0.0,0.0,Hail,1,0.0
MO-EO-13-10,13-10,Jay Nixon,"Gov. Jay Nixon declares a State of Emergency and directs the Missouri State Emergency Operations Plan be activated due to severe weather that began on May 29, 2013. (May 31)",2013-05-31,https://www.sos.mo.gov/library/reference/orders/2013/eo13_010,C,county/county-equivalent,19,BOONE,0,0,0.0,0.0,"Flash Flood, Hail",2,0.0
MO-EO-13-10,13-10,Jay Nixon,"Gov. Jay Nixon declares a State of Emergency and directs the Missouri State Emergency Operations Plan be activated due to severe weather that began on May 29, 2013. (May 31)",2013-05-31,https://www.sos.mo.gov/library/reference/orders/2013/eo13_010,C,county/county-equivalent,27,CALLAWAY,0,0,0.0,0.0,"Flash Flood, Hail, Thunderstorm Wind",3,0.0
MO-EO-13-10,13-10,Jay Nixon,"Gov. Jay Nixon declares a State of Emergency and directs the Missouri State Emergency Operations Plan be activated due to severe weather that began on May 29, 2013. (May 31)",2013-05-31,https://www.sos.mo.gov/library/reference/orders/2013/eo13_010,C,county/county-equivalent,37,CASS,0,0,0.0,0.0,"Flash Flood, Hail",2,0.0
MO-EO-13-10,13-10,Jay Nixon,"Gov. Jay Nixon declares a State of Emergency and directs the Missouri State Emergency Operations Plan be activated due to severe weather that began on May 29, 2013. (May 31)",2013-05-31,https://www.sos.mo.gov/library/reference/orders/2013/eo13_010,C,county/county-equivalent,43,CHRISTIAN,0,0,0.0,0.0,"Flash Flood, Hail, Thunderstorm Wind",4,0.0
MO-EO-13-10,13-10,Jay Nixon,"Gov. Jay Nixon declares a State of Emergency and directs the Missouri State Emergency Operations Plan be activated due to severe weather that began on May 29, 2013. (May 31)",2013-05-31,https://www.sos.mo.gov/library/reference/orders/2013/eo13_010,C,county/county-equivalent,47,CLAY,0,0,0.0,0.0,Hail,4,0.0
MO-EO-13-10,13-10,Jay Nixon,"Gov. Jay Nixon declares a State of Emergency and directs the Missouri State Emergency Operations Plan be activated due to severe weather that began on May 29, 2013. (May 31)",2013-05-31,https://www.sos.mo.gov/library/reference/orders/2013/eo13_010,C,county/county-equivalent,51,COLE,0,0,0.0,0.0,"Hail, Thunderstorm Wind",2,0.0
MO-EO-13-10,13-10,Jay Nixon,"Gov. Jay Nixon declares a State of Emergency and directs the Missouri State Emergency Operations Plan be activated due to severe weather that began on May 29, 2013. (May 31)",2013-05-31,https://www.sos.mo.gov/library/reference/orders/2013/eo13_010,C,county/county-equivalent,53,COOPER,0,0,0.0,0.0,Flash Flood,3,0.0
MO-EO-13-10,13-10,Jay Nixon,"Gov. Jay Nixon declares a State of Emergency and directs the Missouri State Emergency Operations Plan be activated due to severe weather that began on May 29, 2013. (May 31)",2013-05-31,https://www.sos.mo.gov/library/reference/orders/2013/eo13_010,C,county/county-equivalent,59,DALLAS,0,0,0.0,0.0,Hail,2,0.0
MO-EO-13-10,13-10,Jay Nixon,"Gov. Jay Nixon declares a State of Emergency and directs the Missouri State Emergency Operations Plan be activated due to severe weather that began on May 29, 2013. (May 31)",2013-05-31,https://www.sos.mo.gov/library/reference/orders/2013/eo13_010,C,county/county-equivalent,67,DOUGLAS,0,0,0.0,0.0,Hail,1,0.0
MO-EO-13-10,13-10,Jay Nixon,"Gov. Jay Nixon declares a State of Emergency and directs the Missouri State Emergency Operations Plan be activated due to severe weather that began on May 29, 2013. (May 31)",2013-05-31,https://www.sos.mo.gov/library/reference/orders/2013/eo13_010,C,county/county-equivalent,71,FRANKLIN,0,0,0.0,0.0,"Flash Flood, Hail, Tornado",3,0.0
MO-EO-13-10,13-10,Jay Nixon,"Gov. Jay Nixon declares a State of Emergency and directs the Missouri State Emergency Operations Plan be activated due to severe weather that began on May 29, 2013. (May 31)",2013-05-31,https://www.sos.mo.gov/library/reference/orders/2013/eo13_010,C,county/county-equivalent,73,GASCONADE,0,0,0.0,0.0,"Flash Flood, Hail",2,0.0
MO-EO-13-10,13-10,Jay Nixon,"Gov. Jay Nixon declares a State of Emergency and directs the Missouri State Emergency Operations Plan be activated due to severe weather that began on May 29, 2013. (May 31)",2013-05-31,https://www.sos.mo.gov/library/reference/orders/2013/eo13_010,C,county/county-equivalent,83,HENRY,0,0,0.0,0.0,Hail,2,0.0
MO-EO-13-10,13-10,Jay Nixon,"Gov. Jay Nixon declares a State of Emergency and directs the Missouri State Emergency Operations Plan be activated due to severe weather that began on May 29, 2013. (May 31)",2013-05-31,https://www.sos.mo.gov/library/reference/orders/2013/eo13_010,C,county/county-equivalent,85,HICKORY,0,0,0.0,0.0,Hail,1,0.0
MO-EO-13-10,13-10,Jay Nixon,"Gov. Jay Nixon declares a State of Emergency and directs the Missouri State Emergency Operations Plan be activated due to severe weather that began on May 29, 2013. (May 31)",2013-05-31,https://www.sos.mo.gov/library/reference/orders/2013/eo13_010,C,county/county-equivalent,93,IRON,0,0,0.0,0.0,Thunderstorm Wind,1,0.0
MO-EO-13-10,13-10,Jay Nixon,"Gov. Jay Nixon declares a State of Emergency and directs the Missouri State Emergency Operations Plan be activated due to severe weather that began on May 29, 2013. (May 31)",2013-05-31,https://www.sos.mo.gov/library/reference/orders/2013/eo13_010,C,county/county-equivalent,95,JACKSON,0,0,0.0,0.0,Flash Flood,2,0.0
MO-EO-13-10,13-10,Jay Nixon,"Gov. Jay Nixon declares a State of Emergency and directs the Missouri State Emergency Operations Plan be activated due to severe weather that began on May 29, 2013. (May 31)",2013-05-31,https://www.sos.mo.gov/library/reference/orders/2013/eo13_010,C,county/county-equivalent,97,JASPER,0,0,0.0,0.0,Flash Flood,1,0.0
MO-EO-13-10,13-10,Jay Nixon,"Gov. Jay Nixon declares a State of Emergency and directs the Missouri State Emergency Operations Plan be activated due to severe weather that began on May 29, 2013. (May 31)",2013-05-31,https://www.sos.mo.gov/library/reference/orders/2013/eo13_010,C,county/county-equivalent,99,JEFFERSON,0,0,0.0,0.0,Tornado,1,0.0
MO-EO-13-10,13-10,Jay Nixon,"Gov. Jay Nixon declares a State of Emergency and directs the Missouri State Emergency Operations Plan be activated due to severe weather that began on May 29, 2013. (May 31)",2013-05-31,https://www.sos.mo.gov/library/reference/orders/2013/eo13_010,C,county/county-equivalent,101,JOHNSON,0,0,0.0,0.0,Hail,1,0.0
MO-EO-13-10,13-10,Jay Nixon,"Gov. Jay Nixon declares a State of Emergency and directs the Missouri State Emergency Operations Plan be activated due to severe weather that began on May 29, 2013. (May 31)",2013-05-31,https://www.sos.mo.gov/library/reference/orders/2013/eo13_010,C,county/county-equivalent,109,LAWRENCE,0,0,0.0,0.0,"Flash Flood, Heavy Rain",5,0.0
MO-EO-13-10,13-10,Jay Nixon,"Gov. Jay Nixon declares a State of Emergency and directs the Missouri State Emergency Operations Plan be activated due to severe weather that began on May 29, 2013. (May 31)",2013-05-31,https://www.sos.mo.gov/library/reference/orders/2013/eo13_010,C,county/county-equivalent,113,LINCOLN,0,0,0.0,0.0,Thunderstorm Wind,3,0.0
MO-EO-13-10,13-10,Jay Nixon,"Gov. Jay Nixon declares a State of Emergency and directs the Missouri State Emergency Operations Plan be activated due to severe weather that began on May 29, 2013. (May 31)",2013-05-31,https://www.sos.mo.gov/library/reference/orders/2013/eo13_010,C,county/county-equivalent,119,MCDONALD,0,0,0.0,0.0,"Flash Flood, Hail",2,0.0
MO-EO-13-10,13-10,Jay Nixon,"Gov. Jay Nixon declares a State of Emergency and directs the Missouri State Emergency Operations Plan be activated due to severe weather that began on May 29, 2013. (May 31)",2013-05-31,https://www.sos.mo.gov/library/reference/orders/2013/eo13_010,C,county/county-equivalent,123,MADISON,0,0,0.0,0.0,Thunderstorm Wind,1,0.0
MO-EO-13-10,13-10,Jay Nixon,"Gov. Jay Nixon declares a State of Emergency and directs the Missouri State Emergency Operations Plan be activated due to severe weather that began on May 29, 2013. (May 31)",2013-05-31,https://www.sos.mo.gov/library/reference/orders/2013/eo13_010,C,county/county-equivalent,125,MARIES,0,0,0.0,0.0,Flash Flood,1,0.0
MO-EO-13-10,13-10,Jay Nixon,"Gov. Jay Nixon declares a State of Emergency and directs the Missouri State Emergency Operations Plan be activated due to severe weather that began on May 29, 2013. (May 31)",2013-05-31,https://www.sos.mo.gov/library/reference/orders/2013/eo13_010,C,county/county-equivalent,127,MARION,0,0,0.0,0.0,Flash Flood,1,0.0
MO-EO-13-10,13-10,Jay Nixon,"Gov. Jay Nixon declares a State of Emergency and directs the Missouri State Emergency Operations Plan be activated due to severe weather that began on May 29, 2013. (May 31)",2013-05-31,https://www.sos.mo.gov/library/reference/orders/2013/eo13_010,C,county/county-equivalent,135,MONITEAU,0,0,0.0,0.0,Thunderstorm Wind,1,0.0
MO-EO-13-10,13-10,Jay Nixon,"Gov. Jay Nixon declares a State of Emergency and directs the Missouri State Emergency Operations Plan be activated due to severe weather that began on May 29, 2013. (May 31)",2013-05-31,https://www.sos.mo.gov/library/reference/orders/2013/eo13_010,C,county/county-equivalent,139,MONTGOMERY,0,0,0.0,0.0,"Hail, Thunderstorm Wind, Tornado",5,0.0
MO-EO-13-10,13-10,Jay Nixon,"Gov. Jay Nixon declares a State of Emergency and directs the Missouri State Emergency Operations Plan be activated due to severe weather that began on May 29, 2013. (May 31)",2013-05-31,https://www.sos.mo.gov/library/reference/orders/2013/eo13_010,C,county/county-equivalent,141,MORGAN,0,0,0.0,0.0,"Flash Flood, Hail, Heavy Rain, Thunderstorm Wind",9,0.0
MO-EO-13-10,13-10,Jay Nixon,"Gov. Jay Nixon declares a State of Emergency and directs the Missouri State Emergency Operations Plan be activated due to severe weather that began on May 29, 2013. (May 31)",2013-05-31,https://www.sos.mo.gov/library/reference/orders/2013/eo13_010,C,county/county-equivalent,145,NEWTON,0,0,0.0,0.0,Thunderstorm Wind,1,0.0
MO-EO-13-10,13-10,Jay Nixon,"Gov. Jay Nixon declares a State of Emergency and directs the Missouri State Emergency Operations Plan be activated due to severe weather that began on May 29, 2013. (May 31)",2013-05-31,https://www.sos.mo.gov/library/reference/orders/2013/eo13_010,C,county/county-equivalent,147,NODAWAY,0,0,0.0,0.0,Hail,1,0.0
MO-EO-13-10,13-10,Jay Nixon,"Gov. Jay Nixon declares a State of Emergency and directs the Missouri State Emergency Operations Plan be activated due to severe weather that began on May 29, 2013. (May 31)",2013-05-31,https://www.sos.mo.gov/library/reference/orders/2013/eo13_010,C,county/county-equivalent,151,OSAGE,0,0,0.0,0.0,Hail,1,0.0
MO-EO-13-10,13-10,Jay Nixon,"Gov. Jay Nixon declares a State of Emergency and directs the Missouri State Emergency Operations Plan be activated due to severe weather that began on May 29, 2013. (May 31)",2013-05-31,https://www.sos.mo.gov/library/reference/orders/2013/eo13_010,C,county/county-equivalent,159,PETTIS,0,0,0.0,0.0,"Hail, Thunderstorm Wind",5,0.0
MO-EO-13-10,13-10,Jay Nixon,"Gov. Jay Nixon declares a State of Emergency and directs the Missouri State Emergency Operations Plan be activated due to severe weather that began on May 29, 2013. (May 31)",2013-05-31,https://www.sos.mo.gov/library/reference/orders/2013/eo13_010,C,county/county-equivalent,161,PHELPS,0,0,0.0,0.0,Thunderstorm Wind,1,0.0
MO-EO-13-10,13-10,Jay Nixon,"Gov. Jay Nixon declares a State of Emergency and directs the Missouri State Emergency Operations Plan be activated due to severe weather that began on May 29, 2013. (May 31)",2013-05-31,https://www.sos.mo.gov/library/reference/orders/2013/eo13_010,C,county/county-equivalent,167,POLK,0,0,0.0,0.0,Thunderstorm Wind,1,0.0
MO-EO-13-10,13-10,Jay Nixon,"Gov. Jay Nixon declares a State of Emergency and directs the Missouri State Emergency Operations Plan be activated due to severe weather that began on May 29, 2013. (May 31)",2013-05-31,https://www.sos.mo.gov/library/reference/orders/2013/eo13_010,C,county/county-equivalent,173,RALLS,0,0,0.0,0.0,Flash Flood,1,0.0
MO-EO-13-10,13-10,Jay Nixon,"Gov. Jay Nixon declares a State of Emergency and directs the Missouri State Emergency Operations Plan be activated due to severe weather that began on May 29, 2013. (May 31)",2013-05-31,https://www.sos.mo.gov/library/reference/orders/2013/eo13_010,C,county/county-equivalent,186,STE. GENEVIEVE,0,0,0.0,0.0,Thunderstorm Wind,2,0.0
MO-EO-13-10,13-10,Jay Nixon,"Gov. Jay Nixon declares a State of Emergency and directs the Missouri State Emergency Operations Plan be activated due to severe weather that began on May 29, 2013. (May 31)",2013-05-31,https://www.sos.mo.gov/library/reference/orders/2013/eo13_010,C,county/county-equivalent,219,WARREN,0,0,0.0,0.0,"Flash Flood, Thunderstorm Wind",2,0.0
MO-EO-13-10,13-10,Jay Nixon,"Gov. Jay Nixon declares a State of Emergency and directs the Missouri State Emergency Operations Plan be activated due to severe weather that began on May 29, 2013. (May 31)",2013-05-31,https://www.sos.mo.gov/library/reference/orders/2013/eo13_010,C,county/county-equivalent,221,WASHINGTON,0,0,0.0,0.0,Flash Flood,2,0.0
MO-EO-13-10,13-10,Jay Nixon,"Gov. Jay Nixon declares a State of Emergency and directs the Missouri State Emergency Operations Plan be activated due to severe weather that began on May 29, 2013. (May 31)",2013-05-31,https://www.sos.mo.gov/library/reference/orders/2013/eo13_010,C,county/county-equivalent,225,WEBSTER,0,0,0.0,0.0,Flash Flood,1,0.0
MO-EO-13-10,13-10,Jay Nixon,"Gov. Jay Nixon declares a State of Emergency and directs the Missouri State Emergency Operations Plan be activated due to severe weather that began on May 29, 2013. (May 31)",2013-05-31,https://www.sos.mo.gov/library/reference/orders/2013/eo13_010,C,county/county-equivalent,229,WRIGHT,0,0,0.0,0.0,"Flash Flood, Heavy Rain",4,0.0
MO-EO-13-11,13-11,Jay Nixon,"Gov. Jay Nixon declares a State of Emergency and directs the Missouri State Emergency Operations Plan be activated due to severe weather that began on August 2, 2013. (Aug. 6)",2013-08-06,https://www.sos.mo.gov/library/reference/orders/2013/eo13_011,C,county/county-equivalent,169,PULASKI,2,0,5100000.0,0.0,"Flash Flood, Heavy Rain",17,5100000.0
MO-EO-13-11,13-11,Jay Nixon,"Gov. Jay Nixon declares a State of Emergency and directs the Missouri State Emergency Operations Plan be activated due to severe weather that began on August 2, 2013. (Aug. 6)",2013-08-06,https://www.sos.mo.gov/library/reference/orders/2013/eo13_011,C,county/county-equivalent,119,MCDONALD,1,0,500000.0,0.0,"Flash Flood, Heavy Rain",9,500000.0
MO-EO-13-11,13-11,Jay Nixon,"Gov. Jay Nixon declares a State of Emergency and directs the Missouri State Emergency Operations Plan be activated due to severe weather that began on August 2, 2013. (Aug. 6)",2013-08-06,https://www.sos.mo.gov/library/reference/orders/2013/eo13_011,C,county/county-equivalent,215,TEXAS,0,0,2500000.0,0.0,"Flash Flood, Heavy Rain, Thunderstorm Wind",10,2500000.0
MO-EO-13-11,13-11,Jay Nixon,"Gov. Jay Nixon declares a State of Emergency and directs the Missouri State Emergency Operations Plan be activated due to severe weather that began on August 2, 2013. (Aug. 6)",2013-08-06,https://www.sos.mo.gov/library/reference/orders/2013/eo13_011,C,county/county-equivalent,225,WEBSTER,0,0,2500000.0,0.0,"Flash Flood, Heavy Rain",11,2500000.0
MO-EO-13-11,13-11,Jay Nixon,"Gov. Jay Nixon declares a State of Emergency and directs the Missouri State Emergency Operations Plan be activated due to severe weather that began on August 2, 2013. (Aug. 6)",2013-08-06,https://www.sos.mo.gov/library/reference/orders/2013/eo13_011,C,county/county-equivalent,131,MILLER,0,0,2000000.0,0.0,"Flash Flood, Heavy Rain",5,2000000.0
MO-EO-13-11,13-11,Jay Nixon,"Gov. Jay Nixon declares a State of Emergency and directs the Missouri State Emergency Operations Plan be activated due to severe weather that began on August 2, 2013. (Aug. 6)",2013-08-06,https://www.sos.mo.gov/library/reference/orders/2013/eo13_011,C,county/county-equivalent,213,TANEY,0,0,1015000.0,0.0,"Flash Flood, Hail, Heavy Rain, Thunderstorm Wind",12,1015000.0
MO-EO-13-11,13-11,Jay Nixon,"Gov. Jay Nixon declares a State of Emergency and directs the Missouri State Emergency Operations Plan be activated due to severe weather that began on August 2, 2013. (Aug. 6)",2013-08-06,https://www.sos.mo.gov/library/reference/orders/2013/eo13_011,C,county/county-equivalent,161,PHELPS,0,0,1002000.0,0.0,"Flash Flood, Heavy Rain, Lightning",15,1002000.0
MO-EO-13-11,13-11,Jay Nixon,"Gov. Jay Nixon declares a State of Emergency and directs the Missouri State Emergency Operations Plan be activated due to severe weather that began on August 2, 2013. (Aug. 6)",2013-08-06,https://www.sos.mo.gov/library/reference/orders/2013/eo13_011,C,county/county-equivalent,9,BARRY,0,0,650000.0,0.0,"Flash Flood, Heavy Rain",5,650000.0
MO-EO-13-11,13-11,Jay Nixon,"Gov. Jay Nixon declares a State of Emergency and directs the Missouri State Emergency Operations Plan be activated due to severe weather that began on August 2, 2013. (Aug. 6)",2013-08-06,https://www.sos.mo.gov/library/reference/orders/2013/eo13_011,C,county/county-equivalent,125,MARIES,0,0,500000.0,0.0,Flash Flood,3,500000.0
MO-EO-13-11,13-11,Jay Nixon,"Gov. Jay Nixon declares a State of Emergency and directs the Missouri State Emergency Operations Plan be activated due to severe weather that began on August 2, 2013. (Aug. 6)",2013-08-06,https://www.sos.mo.gov/library/reference/orders/2013/eo13_011,C,county/county-equivalent,57,DADE,0,0,200000.0,0.0,Flash Flood,2,200000.0
MO-EO-13-11,13-11,Jay Nixon,"Gov. Jay Nixon declares a State of Emergency and directs the Missouri State Emergency Operations Plan be activated due to severe weather that began on August 2, 2013. (Aug. 6)",2013-08-06,https://www.sos.mo.gov/library/reference/orders/2013/eo13_011,C,county/county-equivalent,153,OZARK,0,0,160000.0,0.0,"Flash Flood, Heavy Rain, Thunderstorm Wind",9,160000.0
MO-EO-13-11,13-11,Jay Nixon,"Gov. Jay Nixon declares a State of Emergency and directs the Missouri State Emergency Operations Plan be activated due to severe weather that began on August 2, 2013. (Aug. 6)",2013-08-06,https://www.sos.mo.gov/library/reference/orders/2013/eo13_011,C,county/county-equivalent,229,WRIGHT,0,0,140000.0,0.0,"Flash Flood, Heavy Rain, Thunderstorm Wind",10,140000.0
MO-EO-13-11,13-11,Jay Nixon,"Gov. Jay Nixon declares a State of Emergency and directs the Missouri State Emergency Operations Plan be activated due to severe weather that began on August 2, 2013. (Aug. 6)",2013-08-06,https://www.sos.mo.gov/library/reference/orders/2013/eo13_011,C,county/county-equivalent,91,HOWELL,0,0,100000.0,0.0,Flash Flood,3,100000.0
MO-EO-13-11,13-11,Jay Nixon,"Gov. Jay Nixon declares a State of Emergency and directs the Missouri State Emergency Operations Plan be activated due to severe weather that began on August 2, 2013. (Aug. 6)",2013-08-06,https://www.sos.mo.gov/library/reference/orders/2013/eo13_011,C,county/county-equivalent,209,STONE,0,0,50000.0,0.0,"Flash Flood, Heavy Rain",5,50000.0
MO-EO-13-11,13-11,Jay Nixon,"Gov. Jay Nixon declares a State of Emergency and directs the Missouri State Emergency Operations Plan be activated due to severe weather that began on August 2, 2013. (Aug. 6)",2013-08-06,https://www.sos.mo.gov/library/reference/orders/2013/eo13_011,C,county/county-equivalent,43,CHRISTIAN,0,0,20000.0,0.0,"Flash Flood, Hail, Thunderstorm Wind",11,20000.0
MO-EO-13-11,13-11,Jay Nixon,"Gov. Jay Nixon declares a State of Emergency and directs the Missouri State Emergency Operations Plan be activated due to severe weather that began on August 2, 2013. (Aug. 6)",2013-08-06,https://www.sos.mo.gov/library/reference/orders/2013/eo13_011,C,county/county-equivalent,217,VERNON,0,0,10000.0,0.0,"Flash Flood, Thunderstorm Wind",5,10000.0
MO-EO-13-11,13-11,Jay Nixon,"Gov. Jay Nixon declares a State of Emergency and directs the Missouri State Emergency Operations Plan be activated due to severe weather that began on August 2, 2013. (Aug. 6)",2013-08-06,https://www.sos.mo.gov/library/reference/orders/2013/eo13_011,C,county/county-equivalent,167,POLK,0,0,3000.0,0.0,"Flash Flood, Thunderstorm Wind",5,3000.0
MO-EO-13-11,13-11,Jay Nixon,"Gov. Jay Nixon declares a State of Emergency and directs the Missouri State Emergency Operations Plan be activated due to severe weather that began on August 2, 2013. (Aug. 6)",2013-08-06,https://www.sos.mo.gov/library/reference/orders/2013/eo13_011,C,county/county-equivalent,109,LAWRENCE,0,0,2000.0,0.0,"Flash Flood, Thunderstorm Wind",4,2000.0
MO-EO-13-11,13-11,Jay Nixon,"Gov. Jay Nixon declares a State of Emergency and directs the Missouri State Emergency Operations Plan be activated due to severe weather that began on August 2, 2013. (Aug. 6)",2013-08-06,https://www.sos.mo.gov/library/reference/orders/2013/eo13_011,C,county/county-equivalent,13,BATES,0,0,0.0,0.0,Flash Flood,1,0.0
MO-EO-13-11,13-11,Jay Nixon,"Gov. Jay Nixon declares a State of Emergency and directs the Missouri State Emergency Operations Plan be activated due to severe weather that began on August 2, 2013. (Aug. 6)",2013-08-06,https://www.sos.mo.gov/library/reference/orders/2013/eo13_011,C,county/county-equivalent,29,CAMDEN,0,0,0.0,0.0,Flash Flood,4,0.0
MO-EO-13-11,13-11,Jay Nixon,"Gov. Jay Nixon declares a State of Emergency and directs the Missouri State Emergency Operations Plan be activated due to severe weather that began on August 2, 2013. (Aug. 6)",2013-08-06,https://www.sos.mo.gov/library/reference/orders/2013/eo13_011,C,county/county-equivalent,35,CARTER,0,0,0.0,0.0,Heavy Rain,1,0.0
MO-EO-13-11,13-11,Jay Nixon,"Gov. Jay Nixon declares a State of Emergency and directs the Missouri State Emergency Operations Plan be activated due to severe weather that began on August 2, 2013. (Aug. 6)",2013-08-06,https://www.sos.mo.gov/library/reference/orders/2013/eo13_011,C,county/county-equivalent,37,CASS,0,0,0.0,0.0,Thunderstorm Wind,1,0.0
MO-EO-13-11,13-11,Jay Nixon,"Gov. Jay Nixon declares a State of Emergency and directs the Missouri State Emergency Operations Plan be activated due to severe weather that began on August 2, 2013. (Aug. 6)",2013-08-06,https://www.sos.mo.gov/library/reference/orders/2013/eo13_011,C,county/county-equivalent,59,DALLAS,0,0,0.0,0.0,Flash Flood,1,0.0
MO-EO-13-11,13-11,Jay Nixon,"Gov. Jay Nixon declares a State of Emergency and directs the Missouri State Emergency Operations Plan be activated due to severe weather that began on August 2, 2013. (Aug. 6)",2013-08-06,https://www.sos.mo.gov/library/reference/orders/2013/eo13_011,C,county/county-equivalent,65,DENT,0,0,0.0,0.0,Flash Flood,4,0.0
MO-EO-13-11,13-11,Jay Nixon,"Gov. Jay Nixon declares a State of Emergency and directs the Missouri State Emergency Operations Plan be activated due to severe weather that began on August 2, 2013. (Aug. 6)",2013-08-06,https://www.sos.mo.gov/library/reference/orders/2013/eo13_011,C,county/county-equivalent,67,DOUGLAS,0,0,0.0,0.0,"Flash Flood, Hail, Heavy Rain, Thunderstorm Wind",8,0.0
MO-EO-13-11,13-11,Jay Nixon,"Gov. Jay Nixon declares a State of Emergency and directs the Missouri State Emergency Operations Plan be activated due to severe weather that began on August 2, 2013. (Aug. 6)",2013-08-06,https://www.sos.mo.gov/library/reference/orders/2013/eo13_011,C,county/county-equivalent,77,GREENE,0,0,0.0,0.0,"Flash Flood, Hail, Thunderstorm Wind",5,0.0
MO-EO-13-11,13-11,Jay Nixon,"Gov. Jay Nixon declares a State of Emergency and directs the Missouri State Emergency Operations Plan be activated due to severe weather that began on August 2, 2013. (Aug. 6)",2013-08-06,https://www.sos.mo.gov/library/reference/orders/2013/eo13_011,C,county/county-equivalent,81,HARRISON,0,0,0.0,0.0,Thunderstorm Wind,1,0.0
MO-EO-13-11,13-11,Jay Nixon,"Gov. Jay Nixon declares a State of Emergency and directs the Missouri State Emergency Operations Plan be activated due to severe weather that began on August 2, 2013. (Aug. 6)",2013-08-06,https://www.sos.mo.gov/library/reference/orders/2013/eo13_011,C,county/county-equivalent,85,HICKORY,0,0,0.0,0.0,Flash Flood,1,0.0
MO-EO-13-11,13-11,Jay Nixon,"Gov. Jay Nixon declares a State of Emergency and directs the Missouri State Emergency Operations Plan be activated due to severe weather that began on August 2, 2013. (Aug. 6)",2013-08-06,https://www.sos.mo.gov/library/reference/orders/2013/eo13_011,C,county/county-equivalent,93,IRON,0,0,0.0,0.0,Thunderstorm Wind,1,0.0
MO-EO-13-11,13-11,Jay Nixon,"Gov. Jay Nixon declares a State of Emergency and directs the Missouri State Emergency Operations Plan be activated due to severe weather that began on August 2, 2013. (Aug. 6)",2013-08-06,https://www.sos.mo.gov/library/reference/orders/2013/eo13_011,C,county/county-equivalent,105,LACLEDE,0,0,0.0,0.0,"Flash Flood, Heavy Rain",6,0.0
MO-EO-13-11,13-11,Jay Nixon,"Gov. Jay Nixon declares a State of Emergency and directs the Missouri State Emergency Operations Plan be activated due to severe weather that began on August 2, 2013. (Aug. 6)",2013-08-06,https://www.sos.mo.gov/library/reference/orders/2013/eo13_011,C,county/county-equivalent,123,MADISON,0,0,0.0,0.0,Thunderstorm Wind,1,0.0
MO-EO-13-11,13-11,Jay Nixon,"Gov. Jay Nixon declares a State of Emergency and directs the Missouri State Emergency Operations Plan be activated due to severe weather that began on August 2, 2013. (Aug. 6)",2013-08-06,https://www.sos.mo.gov/library/reference/orders/2013/eo13_011,C,county/county-equivalent,145,NEWTON,0,0,0.0,0.0,Flash Flood,1,0.0
MO-EO-13-11,13-11,Jay Nixon,"Gov. Jay Nixon declares a State of Emergency and directs the Missouri State Emergency Operations Plan be activated due to severe weather that began on August 2, 2013. (Aug. 6)",2013-08-06,https://www.sos.mo.gov/library/reference/orders/2013/eo13_011,C,county/county-equivalent,159,PETTIS,0,0,0.0,0.0,Flash Flood,1,0.0
MO-EO-13-11,13-11,Jay Nixon,"Gov. Jay Nixon declares a State of Emergency and directs the Missouri State Emergency Operations Plan be activated due to severe weather that began on August 2, 2013. (Aug. 6)",2013-08-06,https://www.sos.mo.gov/library/reference/orders/2013/eo13_011,C,county/county-equivalent,223,WAYNE,0,0,0.0,0.0,Heavy Rain,1,0.0
MO-EO-14-04,14-04,Jay Nixon,"Gov. Jay Nixon declares a State of Emergency and directs the Missouri State Emergency Operations Plan be activated due to severe weather that began on April 2, 2014. (Apr. 3)",2014-04-03,https://www.sos.mo.gov/library/reference/orders/2014/eo14_04,C,county/county-equivalent,159,PETTIS,0,1,0.0,0.0,"Flash Flood, Hail",10,0.0
MO-EO-14-04,14-04,Jay Nixon,"Gov. Jay Nixon declares a State of Emergency and directs the Missouri State Emergency Operations Plan be activated due to severe weather that began on April 2, 2014. (Apr. 3)",2014-04-03,https://www.sos.mo.gov/library/reference/orders/2014/eo14_04,C,county/county-equivalent,181,RIPLEY,0,0,70000.0,0.0,"Hail, Thunderstorm Wind, Tornado",5,70000.0
MO-EO-14-04,14-04,Jay Nixon,"Gov. Jay Nixon declares a State of Emergency and directs the Missouri State Emergency Operations Plan be activated due to severe weather that began on April 2, 2014. (Apr. 3)",2014-04-03,https://www.sos.mo.gov/library/reference/orders/2014/eo14_04,C,county/county-equivalent,15,BENTON,0,0,0.0,30000.0,"Hail, Thunderstorm Wind",4,30000.0
MO-EO-14-04,14-04,Jay Nixon,"Gov. Jay Nixon declares a State of Emergency and directs the Missouri State Emergency Operations Plan be activated due to severe weather that began on April 2, 2014. (Apr. 3)",2014-04-03,https://www.sos.mo.gov/library/reference/orders/2014/eo14_04,C,county/county-equivalent,23,BUTLER,0,0,29000.0,0.0,"Thunderstorm Wind, Tornado",3,29000.0
MO-EO-14-04,14-04,Jay Nixon,"Gov. Jay Nixon declares a State of Emergency and directs the Missouri State Emergency Operations Plan be activated due to severe weather that began on April 2, 2014. (Apr. 3)",2014-04-03,https://www.sos.mo.gov/library/reference/orders/2014/eo14_04,C,county/county-equivalent,161,PHELPS,0,0,0.0,20000.0,"Flash Flood, Hail, Heavy Rain",6,20000.0
MO-EO-14-04,14-04,Jay Nixon,"Gov. Jay Nixon declares a State of Emergency and directs the Missouri State Emergency Operations Plan be activated due to severe weather that began on April 2, 2014. (Apr. 3)",2014-04-03,https://www.sos.mo.gov/library/reference/orders/2014/eo14_04,C,county/county-equivalent,31,CAPE GIRARDEAU,0,0,15000.0,0.0,"Hail, Thunderstorm Wind",2,15000.0
MO-EO-14-04,14-04,Jay Nixon,"Gov. Jay Nixon declares a State of Emergency and directs the Missouri State Emergency Operations Plan be activated due to severe weather that began on April 2, 2014. (Apr. 3)",2014-04-03,https://www.sos.mo.gov/library/reference/orders/2014/eo14_04,C,county/county-equivalent,185,ST. CLAIR,0,0,0.0,15000.0,"Flash Flood, Hail, Thunderstorm Wind",5,15000.0
MO-EO-14-04,14-04,Jay Nixon,"Gov. Jay Nixon declares a State of Emergency and directs the Missouri State Emergency Operations Plan be activated due to severe weather that began on April 2, 2014. (Apr. 3)",2014-04-03,https://www.sos.mo.gov/library/reference/orders/2014/eo14_04,C,county/county-equivalent,207,STODDARD,0,0,8000.0,0.0,"Hail, Tornado",2,8000.0
MO-EO-14-04,14-04,Jay Nixon,"Gov. Jay Nixon declares a State of Emergency and directs the Missouri State Emergency Operations Plan be activated due to severe weather that began on April 2, 2014. (Apr. 3)",2014-04-03,https://www.sos.mo.gov/library/reference/orders/2014/eo14_04,C,county/county-equivalent,9,BARRY,0,0,5000.0,0.0,"Hail, Thunderstorm Wind",3,5000.0
MO-EO-14-04,14-04,Jay Nixon,"Gov. Jay Nixon declares a State of Emergency and directs the Missouri State Emergency Operations Plan be activated due to severe weather that began on April 2, 2014. (Apr. 3)",2014-04-03,https://www.sos.mo.gov/library/reference/orders/2014/eo14_04,C,county/county-equivalent,203,SHANNON,0,0,5000.0,0.0,Thunderstorm Wind,1,5000.0
MO-EO-14-04,14-04,Jay Nixon,"Gov. Jay Nixon declares a State of Emergency and directs the Missouri State Emergency Operations Plan be activated due to severe weather that began on April 2, 2014. (Apr. 3)",2014-04-03,https://www.sos.mo.gov/library/reference/orders/2014/eo14_04,C,county/county-equivalent,141,MORGAN,0,0,1000.0,0.0,Flash Flood,3,1000.0
MO-EO-14-04,14-04,Jay Nixon,"Gov. Jay Nixon declares a State of Emergency and directs the Missouri State Emergency Operations Plan be activated due to severe weather that began on April 2, 2014. (Apr. 3)",2014-04-03,https://www.sos.mo.gov/library/reference/orders/2014/eo14_04,C,county/county-equivalent,215,TEXAS,0,0,500.0,0.0,Thunderstorm Wind,1,500.0
MO-EO-14-04,14-04,Jay Nixon,"Gov. Jay Nixon declares a State of Emergency and directs the Missouri State Emergency Operations Plan be activated due to severe weather that began on April 2, 2014. (Apr. 3)",2014-04-03,https://www.sos.mo.gov/library/reference/orders/2014/eo14_04,C,county/county-equivalent,13,BATES,0,0,0.0,0.0,Hail,2,0.0
MO-EO-14-04,14-04,Jay Nixon,"Gov. Jay Nixon declares a State of Emergency and directs the Missouri State Emergency Operations Plan be activated due to severe weather that began on April 2, 2014. (Apr. 3)",2014-04-03,https://www.sos.mo.gov/library/reference/orders/2014/eo14_04,C,county/county-equivalent,17,BOLLINGER,0,0,0.0,0.0,Hail,1,0.0
MO-EO-14-04,14-04,Jay Nixon,"Gov. Jay Nixon declares a State of Emergency and directs the Missouri State Emergency Operations Plan be activated due to severe weather that began on April 2, 2014. (Apr. 3)",2014-04-03,https://www.sos.mo.gov/library/reference/orders/2014/eo14_04,C,county/county-equivalent,19,BOONE,0,0,0.0,0.0,"Flash Flood, Hail",2,0.0
MO-EO-14-04,14-04,Jay Nixon,"Gov. Jay Nixon declares a State of Emergency and directs the Missouri State Emergency Operations Plan be activated due to severe weather that began on April 2, 2014. (Apr. 3)",2014-04-03,https://www.sos.mo.gov/library/reference/orders/2014/eo14_04,C,county/county-equivalent,27,CALLAWAY,0,0,0.0,0.0,Hail,3,0.0
MO-EO-14-04,14-04,Jay Nixon,"Gov. Jay Nixon declares a State of Emergency and directs the Missouri State Emergency Operations Plan be activated due to severe weather that began on April 2, 2014. (Apr. 3)",2014-04-03,https://www.sos.mo.gov/library/reference/orders/2014/eo14_04,C,county/county-equivalent,29,CAMDEN,0,0,0.0,0.0,"Hail, Thunderstorm Wind",2,0.0
MO-EO-14-04,14-04,Jay Nixon,"Gov. Jay Nixon declares a State of Emergency and directs the Missouri State Emergency Operations Plan be activated due to severe weather that began on April 2, 2014. (Apr. 3)",2014-04-03,https://www.sos.mo.gov/library/reference/orders/2014/eo14_04,C,county/county-equivalent,37,CASS,0,0,0.0,0.0,Flash Flood,1,0.0
MO-EO-14-04,14-04,Jay Nixon,"Gov. Jay Nixon declares a State of Emergency and directs the Missouri State Emergency Operations Plan be activated due to severe weather that began on April 2, 2014. (Apr. 3)",2014-04-03,https://www.sos.mo.gov/library/reference/orders/2014/eo14_04,C,county/county-equivalent,41,CHARITON,0,0,0.0,0.0,Hail,5,0.0
MO-EO-14-04,14-04,Jay Nixon,"Gov. Jay Nixon declares a State of Emergency and directs the Missouri State Emergency Operations Plan be activated due to severe weather that began on April 2, 2014. (Apr. 3)",2014-04-03,https://www.sos.mo.gov/library/reference/orders/2014/eo14_04,C,county/county-equivalent,43,CHRISTIAN,0,0,0.0,0.0,Hail,4,0.0
MO-EO-14-04,14-04,Jay Nixon,"Gov. Jay Nixon declares a State of Emergency and directs the Missouri State Emergency Operations Plan be activated due to severe weather that began on April 2, 2014. (Apr. 3)",2014-04-03,https://www.sos.mo.gov/library/reference/orders/2014/eo14_04,C,county/county-equivalent,51,COLE,0,0,0.0,0.0,Thunderstorm Wind,1,0.0
MO-EO-14-04,14-04,Jay Nixon,"Gov. Jay Nixon declares a State of Emergency and directs the Missouri State Emergency Operations Plan be activated due to severe weather that began on April 2, 2014. (Apr. 3)",2014-04-03,https://www.sos.mo.gov/library/reference/orders/2014/eo14_04,C,county/county-equivalent,53,COOPER,0,0,0.0,0.0,Hail,3,0.0
MO-EO-14-04,14-04,Jay Nixon,"Gov. Jay Nixon declares a State of Emergency and directs the Missouri State Emergency Operations Plan be activated due to severe weather that began on April 2, 2014. (Apr. 3)",2014-04-03,https://www.sos.mo.gov/library/reference/orders/2014/eo14_04,C,county/county-equivalent,55,CRAWFORD,0,0,0.0,0.0,Hail,1,0.0
MO-EO-14-04,14-04,Jay Nixon,"Gov. Jay Nixon declares a State of Emergency and directs the Missouri State Emergency Operations Plan be activated due to severe weather that began on April 2, 2014. (Apr. 3)",2014-04-03,https://www.sos.mo.gov/library/reference/orders/2014/eo14_04,C,county/county-equivalent,57,DADE,0,0,0.0,0.0,Hail,2,0.0
MO-EO-14-04,14-04,Jay Nixon,"Gov. Jay Nixon declares a State of Emergency and directs the Missouri State Emergency Operations Plan be activated due to severe weather that began on April 2, 2014. (Apr. 3)",2014-04-03,https://www.sos.mo.gov/library/reference/orders/2014/eo14_04,C,county/county-equivalent,59,DALLAS,0,0,0.0,0.0,Hail,1,0.0
MO-EO-14-04,14-04,Jay Nixon,"Gov. Jay Nixon declares a State of Emergency and directs the Missouri State Emergency Operations Plan be activated due to severe weather that began on April 2, 2014. (Apr. 3)",2014-04-03,https://www.sos.mo.gov/library/reference/orders/2014/eo14_04,C,county/county-equivalent,67,DOUGLAS,0,0,0.0,0.0,Hail,2,0.0
MO-EO-14-04,14-04,Jay Nixon,"Gov. Jay Nixon declares a State of Emergency and directs the Missouri State Emergency Operations Plan be activated due to severe weather that began on April 2, 2014. (Apr. 3)",2014-04-03,https://www.sos.mo.gov/library/reference/orders/2014/eo14_04,C,county/county-equivalent,71,FRANKLIN,0,0,0.0,0.0,"Flash Flood, Hail",5,0.0
MO-EO-14-04,14-04,Jay Nixon,"Gov. Jay Nixon declares a State of Emergency and directs the Missouri State Emergency Operations Plan be activated due to severe weather that began on April 2, 2014. (Apr. 3)",2014-04-03,https://www.sos.mo.gov/library/reference/orders/2014/eo14_04,C,county/county-equivalent,77,GREENE,0,0,0.0,0.0,"Hail, Thunderstorm Wind",4,0.0
MO-EO-14-04,14-04,Jay Nixon,"Gov. Jay Nixon declares a State of Emergency and directs the Missouri State Emergency Operations Plan be activated due to severe weather that began on April 2, 2014. (Apr. 3)",2014-04-03,https://www.sos.mo.gov/library/reference/orders/2014/eo14_04,C,county/county-equivalent,83,HENRY,0,0,0.0,0.0,Hail,2,0.0
MO-EO-14-04,14-04,Jay Nixon,"Gov. Jay Nixon declares a State of Emergency and directs the Missouri State Emergency Operations Plan be activated due to severe weather that began on April 2, 2014. (Apr. 3)",2014-04-03,https://www.sos.mo.gov/library/reference/orders/2014/eo14_04,C,county/county-equivalent,85,HICKORY,0,0,0.0,0.0,"Hail, Thunderstorm Wind",4,0.0
MO-EO-14-04,14-04,Jay Nixon,"Gov. Jay Nixon declares a State of Emergency and directs the Missouri State Emergency Operations Plan be activated due to severe weather that began on April 2, 2014. (Apr. 3)",2014-04-03,https://www.sos.mo.gov/library/reference/orders/2014/eo14_04,C,county/county-equivalent,89,HOWARD,0,0,0.0,0.0,Hail,3,0.0
MO-EO-14-04,14-04,Jay Nixon,"Gov. Jay Nixon declares a State of Emergency and directs the Missouri State Emergency Operations Plan be activated due to severe weather that began on April 2, 2014. (Apr. 3)",2014-04-03,https://www.sos.mo.gov/library/reference/orders/2014/eo14_04,C,county/county-equivalent,95,JACKSON,0,0,0.0,0.0,Hail,1,0.0
MO-EO-14-04,14-04,Jay Nixon,"Gov. Jay Nixon declares a State of Emergency and directs the Missouri State Emergency Operations Plan be activated due to severe weather that began on April 2, 2014. (Apr. 3)",2014-04-03,https://www.sos.mo.gov/library/reference/orders/2014/eo14_04,C,county/county-equivalent,97,JASPER,0,0,0.0,0.0,Hail,3,0.0
MO-EO-14-04,14-04,Jay Nixon,"Gov. Jay Nixon declares a State of Emergency and directs the Missouri State Emergency Operations Plan be activated due to severe weather that began on April 2, 2014. (Apr. 3)",2014-04-03,https://www.sos.mo.gov/library/reference/orders/2014/eo14_04,C,county/county-equivalent,99,JEFFERSON,0,0,0.0,0.0,Hail,2,0.0
MO-EO-14-04,14-04,Jay Nixon,"Gov. Jay Nixon declares a State of Emergency and directs the Missouri State Emergency Operations Plan be activated due to severe weather that began on April 2, 2014. (Apr. 3)",2014-04-03,https://www.sos.mo.gov/library/reference/orders/2014/eo14_04,C,county/county-equivalent,101,JOHNSON,0,0,0.0,0.0,Flash Flood,3,0.0
MO-EO-14-04,14-04,Jay Nixon,"Gov. Jay Nixon declares a State of Emergency and directs the Missouri State Emergency Operations Plan be activated due to severe weather that began on April 2, 2014. (Apr. 3)",2014-04-03,https://www.sos.mo.gov/library/reference/orders/2014/eo14_04,C,county/county-equivalent,103,KNOX,0,0,0.0,0.0,Hail,1,0.0
MO-EO-14-04,14-04,Jay Nixon,"Gov. Jay Nixon declares a State of Emergency and directs the Missouri State Emergency Operations Plan be activated due to severe weather that began on April 2, 2014. (Apr. 3)",2014-04-03,https://www.sos.mo.gov/library/reference/orders/2014/eo14_04,C,county/county-equivalent,105,LACLEDE,0,0,0.0,0.0,Hail,2,0.0
MO-EO-14-04,14-04,Jay Nixon,"Gov. Jay Nixon declares a State of Emergency and directs the Missouri State Emergency Operations Plan be activated due to severe weather that began on April 2, 2014. (Apr. 3)",2014-04-03,https://www.sos.mo.gov/library/reference/orders/2014/eo14_04,C,county/county-equivalent,109,LAWRENCE,0,0,0.0,0.0,Hail,1,0.0
MO-EO-14-04,14-04,Jay Nixon,"Gov. Jay Nixon declares a State of Emergency and directs the Missouri State Emergency Operations Plan be activated due to severe weather that began on April 2, 2014. (Apr. 3)",2014-04-03,https://www.sos.mo.gov/library/reference/orders/2014/eo14_04,C,county/county-equivalent,111,LEWIS,0,0,0.0,0.0,Hail,1,0.0
MO-EO-14-04,14-04,Jay Nixon,"Gov. Jay Nixon declares a State of Emergency and directs the Missouri State Emergency Operations Plan be activated due to severe weather that began on April 2, 2014. (Apr. 3)",2014-04-03,https://www.sos.mo.gov/library/reference/orders/2014/eo14_04,C,county/county-equivalent,121,MACON,0,0,0.0,0.0,Hail,5,0.0
MO-EO-14-04,14-04,Jay Nixon,"Gov. Jay Nixon declares a State of Emergency and directs the Missouri State Emergency Operations Plan be activated due to severe weather that began on April 2, 2014. (Apr. 3)",2014-04-03,https://www.sos.mo.gov/library/reference/orders/2014/eo14_04,C,county/county-equivalent,125,MARIES,0,0,0.0,0.0,Thunderstorm Wind,2,0.0
MO-EO-14-04,14-04,Jay Nixon,"Gov. Jay Nixon declares a State of Emergency and directs the Missouri State Emergency Operations Plan be activated due to severe weather that began on April 2, 2014. (Apr. 3)",2014-04-03,https://www.sos.mo.gov/library/reference/orders/2014/eo14_04,C,county/county-equivalent,131,MILLER,0,0,0.0,0.0,Thunderstorm Wind,2,0.0
MO-EO-14-04,14-04,Jay Nixon,"Gov. Jay Nixon declares a State of Emergency and directs the Missouri State Emergency Operations Plan be activated due to severe weather that began on April 2, 2014. (Apr. 3)",2014-04-03,https://www.sos.mo.gov/library/reference/orders/2014/eo14_04,C,county/county-equivalent,135,MONITEAU,0,0,0.0,0.0,Flash Flood,1,0.0
MO-EO-14-04,14-04,Jay Nixon,"Gov. Jay Nixon declares a State of Emergency and directs the Missouri State Emergency Operations Plan be activated due to severe weather that began on April 2, 2014. (Apr. 3)",2014-04-03,https://www.sos.mo.gov/library/reference/orders/2014/eo14_04,C,county/county-equivalent,139,MONTGOMERY,0,0,0.0,0.0,Hail,1,0.0
MO-EO-14-04,14-04,Jay Nixon,"Gov. Jay Nixon declares a State of Emergency and directs the Missouri State Emergency Operations Plan be activated due to severe weather that began on April 2, 2014. (Apr. 3)",2014-04-03,https://www.sos.mo.gov/library/reference/orders/2014/eo14_04,C,county/county-equivalent,151,OSAGE,0,0,0.0,0.0,Thunderstorm Wind,1,0.0
MO-EO-14-04,14-04,Jay Nixon,"Gov. Jay Nixon declares a State of Emergency and directs the Missouri State Emergency Operations Plan be activated due to severe weather that began on April 2, 2014. (Apr. 3)",2014-04-03,https://www.sos.mo.gov/library/reference/orders/2014/eo14_04,C,county/county-equivalent,167,POLK,0,0,0.0,0.0,Hail,5,0.0
MO-EO-14-04,14-04,Jay Nixon,"Gov. Jay Nixon declares a State of Emergency and directs the Missouri State Emergency Operations Plan be activated due to severe weather that began on April 2, 2014. (Apr. 3)",2014-04-03,https://www.sos.mo.gov/library/reference/orders/2014/eo14_04,C,county/county-equivalent,169,PULASKI,0,0,0.0,0.0,"Flash Flood, Hail",3,0.0
MO-EO-14-04,14-04,Jay Nixon,"Gov. Jay Nixon declares a State of Emergency and directs the Missouri State Emergency Operations Plan be activated due to severe weather that began on April 2, 2014. (Apr. 3)",2014-04-03,https://www.sos.mo.gov/library/reference/orders/2014/eo14_04,C,county/county-equivalent,175,RANDOLPH,0,0,0.0,0.0,Hail,4,0.0
MO-EO-14-04,14-04,Jay Nixon,"Gov. Jay Nixon declares a State of Emergency and directs the Missouri State Emergency Operations Plan be activated due to severe weather that began on April 2, 2014. (Apr. 3)",2014-04-03,https://www.sos.mo.gov/library/reference/orders/2014/eo14_04,C,county/county-equivalent,183,ST. CHARLES,0,0,0.0,0.0,Hail,2,0.0
MO-EO-14-04,14-04,Jay Nixon,"Gov. Jay Nixon declares a State of Emergency and directs the Missouri State Emergency Operations Plan be activated due to severe weather that began on April 2, 2014. (Apr. 3)",2014-04-03,https://www.sos.mo.gov/library/reference/orders/2014/eo14_04,C,county/county-equivalent,189,ST. LOUIS,0,0,0.0,0.0,"Flash Flood, Hail, Thunderstorm Wind, Tornado",9,0.0
MO-EO-14-04,14-04,Jay Nixon,"Gov. Jay Nixon declares a State of Emergency and directs the Missouri State Emergency Operations Plan be activated due to severe weather that began on April 2, 2014. (Apr. 3)",2014-04-03,https://www.sos.mo.gov/library/reference/orders/2014/eo14_04,C,county/county-equivalent,195,SALINE,0,0,0.0,0.0,Hail,2,0.0
MO-EO-14-04,14-04,Jay Nixon,"Gov. Jay Nixon declares a State of Emergency and directs the Missouri State Emergency Operations Plan be activated due to severe weather that began on April 2, 2014. (Apr. 3)",2014-04-03,https://www.sos.mo.gov/library/reference/orders/2014/eo14_04,C,county/county-equivalent,209,STONE,0,0,0.0,0.0,Hail,2,0.0
MO-EO-14-04,14-04,Jay Nixon,"Gov. Jay Nixon declares a State of Emergency and directs the Missouri State Emergency Operations Plan be activated due to severe weather that began on April 2, 2014. (Apr. 3)",2014-04-03,https://www.sos.mo.gov/library/reference/orders/2014/eo14_04,C,county/county-equivalent,213,TANEY,0,0,0.0,0.0,Hail,1,0.0
MO-EO-14-04,14-04,Jay Nixon,"Gov. Jay Nixon declares a State of Emergency and directs the Missouri State Emergency Operations Plan be activated due to severe weather that began on April 2, 2014. (Apr. 3)",2014-04-03,https://www.sos.mo.gov/library/reference/orders/2014/eo14_04,C,county/county-equivalent,217,VERNON,0,0,0.0,0.0,Hail,1,0.0
MO-EO-14-04,14-04,Jay Nixon,"Gov. Jay Nixon declares a State of Emergency and directs the Missouri State Emergency Operations Plan be activated due to severe weather that began on April 2, 2014. (Apr. 3)",2014-04-03,https://www.sos.mo.gov/library/reference/orders/2014/eo14_04,C,county/county-equivalent,221,WASHINGTON,0,0,0.0,0.0,Flash Flood,1,0.0
MO-EO-14-04,14-04,Jay Nixon,"Gov. Jay Nixon declares a State of Emergency and directs the Missouri State Emergency Operations Plan be activated due to severe weather that began on April 2, 2014. (Apr. 3)",2014-04-03,https://www.sos.mo.gov/library/reference/orders/2014/eo14_04,C,county/county-equivalent,510,ST. LOUIS (C),0,0,0.0,0.0,Hail,1,0.0
MO-EO-14-05,14-05,Jay Nixon,"Gov. Jay Nixon declares a State of Emergency and directs the Missouri State Emergency Operations Plan be activated due to severe weather that began on May 10, 2014. (May 11)",2014-05-11,https://www.sos.mo.gov/library/reference/orders/2014/eo14_05,C,county/county-equivalent,157,PERRY,0,0,500000.0,0.0,Thunderstorm Wind,1,500000.0
MO-EO-14-05,14-05,Jay Nixon,"Gov. Jay Nixon declares a State of Emergency and directs the Missouri State Emergency Operations Plan be activated due to severe weather that began on May 10, 2014. (May 11)",2014-05-11,https://www.sos.mo.gov/library/reference/orders/2014/eo14_05,C,county/county-equivalent,45,CLARK,0,0,57000.0,0.0,Thunderstorm Wind,4,57000.0
MO-EO-14-05,14-05,Jay Nixon,"Gov. Jay Nixon declares a State of Emergency and directs the Missouri State Emergency Operations Plan be activated due to severe weather that began on May 10, 2014. (May 11)",2014-05-11,https://www.sos.mo.gov/library/reference/orders/2014/eo14_05,C,county/county-equivalent,201,SCOTT,0,0,20000.0,0.0,"Heavy Rain, Thunderstorm Wind",2,20000.0
MO-EO-14-05,14-05,Jay Nixon,"Gov. Jay Nixon declares a State of Emergency and directs the Missouri State Emergency Operations Plan be activated due to severe weather that began on May 10, 2014. (May 11)",2014-05-11,https://www.sos.mo.gov/library/reference/orders/2014/eo14_05,C,county/county-equivalent,67,DOUGLAS,0,0,15000.0,0.0,Tornado,1,15000.0
MO-EO-14-05,14-05,Jay Nixon,"Gov. Jay Nixon declares a State of Emergency and directs the Missouri State Emergency Operations Plan be activated due to severe weather that began on May 10, 2014. (May 11)",2014-05-11,https://www.sos.mo.gov/library/reference/orders/2014/eo14_05,C,county/county-equivalent,9,BARRY,0,0,10000.0,0.0,Tornado,1,10000.0
MO-EO-14-05,14-05,Jay Nixon,"Gov. Jay Nixon declares a State of Emergency and directs the Missouri State Emergency Operations Plan be activated due to severe weather that began on May 10, 2014. (May 11)",2014-05-11,https://www.sos.mo.gov/library/reference/orders/2014/eo14_05,C,county/county-equivalent,31,CAPE GIRARDEAU,0,0,10000.0,0.0,"Hail, Thunderstorm Wind",2,10000.0
MO-EO-14-05,14-05,Jay Nixon,"Gov. Jay Nixon declares a State of Emergency and directs the Missouri State Emergency Operations Plan be activated due to severe weather that began on May 10, 2014. (May 11)",2014-05-11,https://www.sos.mo.gov/library/reference/orders/2014/eo14_05,C,county/county-equivalent,195,SALINE,0,0,10000.0,0.0,"Thunderstorm Wind, Tornado",4,10000.0
MO-EO-14-05,14-05,Jay Nixon,"Gov. Jay Nixon declares a State of Emergency and directs the Missouri State Emergency Operations Plan be activated due to severe weather that began on May 10, 2014. (May 11)",2014-05-11,https://www.sos.mo.gov/library/reference/orders/2014/eo14_05,C,county/county-equivalent,207,STODDARD,0,0,10000.0,0.0,Thunderstorm Wind,1,10000.0
MO-EO-14-05,14-05,Jay Nixon,"Gov. Jay Nixon declares a State of Emergency and directs the Missouri State Emergency Operations Plan be activated due to severe weather that began on May 10, 2014. (May 11)",2014-05-11,https://www.sos.mo.gov/library/reference/orders/2014/eo14_05,C,county/county-equivalent,223,WAYNE,0,0,10000.0,0.0,Thunderstorm Wind,1,10000.0
MO-EO-14-05,14-05,Jay Nixon,"Gov. Jay Nixon declares a State of Emergency and directs the Missouri State Emergency Operations Plan be activated due to severe weather that began on May 10, 2014. (May 11)",2014-05-11,https://www.sos.mo.gov/library/reference/orders/2014/eo14_05,C,county/county-equivalent,1,ADAIR,0,0,0.0,0.0,Hail,1,0.0
MO-EO-14-05,14-05,Jay Nixon,"Gov. Jay Nixon declares a State of Emergency and directs the Missouri State Emergency Operations Plan be activated due to severe weather that began on May 10, 2014. (May 11)",2014-05-11,https://www.sos.mo.gov/library/reference/orders/2014/eo14_05,C,county/county-equivalent,5,ATCHISON,0,0,0.0,0.0,Hail,1,0.0
MO-EO-14-05,14-05,Jay Nixon,"Gov. Jay Nixon declares a State of Emergency and directs the Missouri State Emergency Operations Plan be activated due to severe weather that began on May 10, 2014. (May 11)",2014-05-11,https://www.sos.mo.gov/library/reference/orders/2014/eo14_05,C,county/county-equivalent,11,BARTON,0,0,0.0,0.0,Hail,1,0.0
MO-EO-14-05,14-05,Jay Nixon,"Gov. Jay Nixon declares a State of Emergency and directs the Missouri State Emergency Operations Plan be activated due to severe weather that began on May 10, 2014. (May 11)",2014-05-11,https://www.sos.mo.gov/library/reference/orders/2014/eo14_05,C,county/county-equivalent,17,BOLLINGER,0,0,0.0,0.0,Hail,2,0.0
MO-EO-14-05,14-05,Jay Nixon,"Gov. Jay Nixon declares a State of Emergency and directs the Missouri State Emergency Operations Plan be activated due to severe weather that began on May 10, 2014. (May 11)",2014-05-11,https://www.sos.mo.gov/library/reference/orders/2014/eo14_05,C,county/county-equivalent,19,BOONE,0,0,0.0,0.0,Hail,1,0.0
MO-EO-14-05,14-05,Jay Nixon,"Gov. Jay Nixon declares a State of Emergency and directs the Missouri State Emergency Operations Plan be activated due to severe weather that began on May 10, 2014. (May 11)",2014-05-11,https://www.sos.mo.gov/library/reference/orders/2014/eo14_05,C,county/county-equivalent,21,BUCHANAN,0,0,0.0,0.0,Thunderstorm Wind,1,0.0
MO-EO-14-05,14-05,Jay Nixon,"Gov. Jay Nixon declares a State of Emergency and directs the Missouri State Emergency Operations Plan be activated due to severe weather that began on May 10, 2014. (May 11)",2014-05-11,https://www.sos.mo.gov/library/reference/orders/2014/eo14_05,C,county/county-equivalent,27,CALLAWAY,0,0,0.0,0.0,Hail,3,0.0
MO-EO-14-05,14-05,Jay Nixon,"Gov. Jay Nixon declares a State of Emergency and directs the Missouri State Emergency Operations Plan be activated due to severe weather that began on May 10, 2014. (May 11)",2014-05-11,https://www.sos.mo.gov/library/reference/orders/2014/eo14_05,C,county/county-equivalent,33,CARROLL,0,0,0.0,0.0,Hail,1,0.0
MO-EO-14-05,14-05,Jay Nixon,"Gov. Jay Nixon declares a State of Emergency and directs the Missouri State Emergency Operations Plan be activated due to severe weather that began on May 10, 2014. (May 11)",2014-05-11,https://www.sos.mo.gov/library/reference/orders/2014/eo14_05,C,county/county-equivalent,43,CHRISTIAN,0,0,0.0,0.0,Hail,1,0.0
MO-EO-14-05,14-05,Jay Nixon,"Gov. Jay Nixon declares a State of Emergency and directs the Missouri State Emergency Operations Plan be activated due to severe weather that began on May 10, 2014. (May 11)",2014-05-11,https://www.sos.mo.gov/library/reference/orders/2014/eo14_05,C,county/county-equivalent,47,CLAY,0,0,0.0,0.0,Hail,17,0.0
MO-EO-14-05,14-05,Jay Nixon,"Gov. Jay Nixon declares a State of Emergency and directs the Missouri State Emergency Operations Plan be activated due to severe weather that began on May 10, 2014. (May 11)",2014-05-11,https://www.sos.mo.gov/library/reference/orders/2014/eo14_05,C,county/county-equivalent,61,DAVIESS,0,0,0.0,0.0,"Hail, Thunderstorm Wind",3,0.0
MO-EO-14-05,14-05,Jay Nixon,"Gov. Jay Nixon declares a State of Emergency and directs the Missouri State Emergency Operations Plan be activated due to severe weather that began on May 10, 2014. (May 11)",2014-05-11,https://www.sos.mo.gov/library/reference/orders/2014/eo14_05,C,county/county-equivalent,65,DENT,0,0,0.0,0.0,Hail,1,0.0
MO-EO-14-05,14-05,Jay Nixon,"Gov. Jay Nixon declares a State of Emergency and directs the Missouri State Emergency Operations Plan be activated due to severe weather that began on May 10, 2014. (May 11)",2014-05-11,https://www.sos.mo.gov/library/reference/orders/2014/eo14_05,C,county/county-equivalent,75,GENTRY,0,0,0.0,0.0,Hail,4,0.0
MO-EO-14-05,14-05,Jay Nixon,"Gov. Jay Nixon declares a State of Emergency and directs the Missouri State Emergency Operations Plan be activated due to severe weather that began on May 10, 2014. (May 11)",2014-05-11,https://www.sos.mo.gov/library/reference/orders/2014/eo14_05,C,county/county-equivalent,77,GREENE,0,0,0.0,0.0,Hail,4,0.0
MO-EO-14-05,14-05,Jay Nixon,"Gov. Jay Nixon declares a State of Emergency and directs the Missouri State Emergency Operations Plan be activated due to severe weather that began on May 10, 2014. (May 11)",2014-05-11,https://www.sos.mo.gov/library/reference/orders/2014/eo14_05,C,county/county-equivalent,79,GRUNDY,0,0,0.0,0.0,Hail,10,0.0
MO-EO-14-05,14-05,Jay Nixon,"Gov. Jay Nixon declares a State of Emergency and directs the Missouri State Emergency Operations Plan be activated due to severe weather that began on May 10, 2014. (May 11)",2014-05-11,https://www.sos.mo.gov/library/reference/orders/2014/eo14_05,C,county/county-equivalent,81,HARRISON,0,0,0.0,0.0,Hail,5,0.0
MO-EO-14-05,14-05,Jay Nixon,"Gov. Jay Nixon declares a State of Emergency and directs the Missouri State Emergency Operations Plan be activated due to severe weather that began on May 10, 2014. (May 11)",2014-05-11,https://www.sos.mo.gov/library/reference/orders/2014/eo14_05,C,county/county-equivalent,87,HOLT,0,0,0.0,0.0,Hail,2,0.0
MO-EO-14-05,14-05,Jay Nixon,"Gov. Jay Nixon declares a State of Emergency and directs the Missouri State Emergency Operations Plan be activated due to severe weather that began on May 10, 2014. (May 11)",2014-05-11,https://www.sos.mo.gov/library/reference/orders/2014/eo14_05,C,county/county-equivalent,89,HOWARD,0,0,0.0,0.0,Hail,1,0.0
MO-EO-14-05,14-05,Jay Nixon,"Gov. Jay Nixon declares a State of Emergency and directs the Missouri State Emergency Operations Plan be activated due to severe weather that began on May 10, 2014. (May 11)",2014-05-11,https://www.sos.mo.gov/library/reference/orders/2014/eo14_05,C,county/county-equivalent,95,JACKSON,0,0,0.0,0.0,"Thunderstorm Wind, Tornado",2,0.0
MO-EO-14-05,14-05,Jay Nixon,"Gov. Jay Nixon declares a State of Emergency and directs the Missouri State Emergency Operations Plan be activated due to severe weather that began on May 10, 2014. (May 11)",2014-05-11,https://www.sos.mo.gov/library/reference/orders/2014/eo14_05,C,county/county-equivalent,103,KNOX,0,0,0.0,0.0,Thunderstorm Wind,1,0.0
MO-EO-14-05,14-05,Jay Nixon,"Gov. Jay Nixon declares a State of Emergency and directs the Missouri State Emergency Operations Plan be activated due to severe weather that began on May 10, 2014. (May 11)",2014-05-11,https://www.sos.mo.gov/library/reference/orders/2014/eo14_05,C,county/county-equivalent,107,LAFAYETTE,0,0,0.0,0.0,Hail,2,0.0
MO-EO-14-05,14-05,Jay Nixon,"Gov. Jay Nixon declares a State of Emergency and directs the Missouri State Emergency Operations Plan be activated due to severe weather that began on May 10, 2014. (May 11)",2014-05-11,https://www.sos.mo.gov/library/reference/orders/2014/eo14_05,C,county/county-equivalent,115,LINN,0,0,0.0,0.0,Hail,1,0.0
MO-EO-14-05,14-05,Jay Nixon,"Gov. Jay Nixon declares a State of Emergency and directs the Missouri State Emergency Operations Plan be activated due to severe weather that began on May 10, 2014. (May 11)",2014-05-11,https://www.sos.mo.gov/library/reference/orders/2014/eo14_05,C,county/county-equivalent,119,MCDONALD,0,0,0.0,0.0,Hail,1,0.0
MO-EO-14-05,14-05,Jay Nixon,"Gov. Jay Nixon declares a State of Emergency and directs the Missouri State Emergency Operations Plan be activated due to severe weather that began on May 10, 2014. (May 11)",2014-05-11,https://www.sos.mo.gov/library/reference/orders/2014/eo14_05,C,county/county-equivalent,121,MACON,0,0,0.0,0.0,"Hail, Thunderstorm Wind",5,0.0
MO-EO-14-05,14-05,Jay Nixon,"Gov. Jay Nixon declares a State of Emergency and directs the Missouri State Emergency Operations Plan be activated due to severe weather that began on May 10, 2014. (May 11)",2014-05-11,https://www.sos.mo.gov/library/reference/orders/2014/eo14_05,C,county/county-equivalent,123,MADISON,0,0,0.0,0.0,Hail,1,0.0
MO-EO-14-05,14-05,Jay Nixon,"Gov. Jay Nixon declares a State of Emergency and directs the Missouri State Emergency Operations Plan be activated due to severe weather that began on May 10, 2014. (May 11)",2014-05-11,https://www.sos.mo.gov/library/reference/orders/2014/eo14_05,C,county/county-equivalent,137,MONROE,0,0,0.0,0.0,"Hail, Thunderstorm Wind",3,0.0
MO-EO-14-05,14-05,Jay Nixon,"Gov. Jay Nixon declares a State of Emergency and directs the Missouri State Emergency Operations Plan be activated due to severe weather that began on May 10, 2014. (May 11)",2014-05-11,https://www.sos.mo.gov/library/reference/orders/2014/eo14_05,C,county/county-equivalent,145,NEWTON,0,0,0.0,0.0,Hail,2,0.0
MO-EO-14-05,14-05,Jay Nixon,"Gov. Jay Nixon declares a State of Emergency and directs the Missouri State Emergency Operations Plan be activated due to severe weather that began on May 10, 2014. (May 11)",2014-05-11,https://www.sos.mo.gov/library/reference/orders/2014/eo14_05,C,county/county-equivalent,147,NODAWAY,0,0,0.0,0.0,"Hail, Thunderstorm Wind",3,0.0
MO-EO-14-05,14-05,Jay Nixon,"Gov. Jay Nixon declares a State of Emergency and directs the Missouri State Emergency Operations Plan be activated due to severe weather that began on May 10, 2014. (May 11)",2014-05-11,https://www.sos.mo.gov/library/reference/orders/2014/eo14_05,C,county/county-equivalent,167,POLK,0,0,0.0,0.0,Hail,2,0.0
MO-EO-14-05,14-05,Jay Nixon,"Gov. Jay Nixon declares a State of Emergency and directs the Missouri State Emergency Operations Plan be activated due to severe weather that began on May 10, 2014. (May 11)",2014-05-11,https://www.sos.mo.gov/library/reference/orders/2014/eo14_05,C,county/county-equivalent,171,PUTNAM,0,0,0.0,0.0,Hail,1,0.0
MO-EO-14-05,14-05,Jay Nixon,"Gov. Jay Nixon declares a State of Emergency and directs the Missouri State Emergency Operations Plan be activated due to severe weather that began on May 10, 2014. (May 11)",2014-05-11,https://www.sos.mo.gov/library/reference/orders/2014/eo14_05,C,county/county-equivalent,173,RALLS,0,0,0.0,0.0,Hail,1,0.0
MO-EO-14-05,14-05,Jay Nixon,"Gov. Jay Nixon declares a State of Emergency and directs the Missouri State Emergency Operations Plan be activated due to severe weather that began on May 10, 2014. (May 11)",2014-05-11,https://www.sos.mo.gov/library/reference/orders/2014/eo14_05,C,county/county-equivalent,177,RAY,0,0,0.0,0.0,"Hail, Tornado",3,0.0
MO-EO-14-05,14-05,Jay Nixon,"Gov. Jay Nixon declares a State of Emergency and directs the Missouri State Emergency Operations Plan be activated due to severe weather that began on May 10, 2014. (May 11)",2014-05-11,https://www.sos.mo.gov/library/reference/orders/2014/eo14_05,C,county/county-equivalent,183,ST. CHARLES,0,0,0.0,0.0,Hail,4,0.0
MO-EO-14-05,14-05,Jay Nixon,"Gov. Jay Nixon declares a State of Emergency and directs the Missouri State Emergency Operations Plan be activated due to severe weather that began on May 10, 2014. (May 11)",2014-05-11,https://www.sos.mo.gov/library/reference/orders/2014/eo14_05,C,county/county-equivalent,186,STE. GENEVIEVE,0,0,0.0,0.0,Thunderstorm Wind,1,0.0
MO-EO-14-05,14-05,Jay Nixon,"Gov. Jay Nixon declares a State of Emergency and directs the Missouri State Emergency Operations Plan be activated due to severe weather that began on May 10, 2014. (May 11)",2014-05-11,https://www.sos.mo.gov/library/reference/orders/2014/eo14_05,C,county/county-equivalent,187,ST. FRANCOIS,0,0,0.0,0.0,Hail,1,0.0
MO-EO-14-05,14-05,Jay Nixon,"Gov. Jay Nixon declares a State of Emergency and directs the Missouri State Emergency Operations Plan be activated due to severe weather that began on May 10, 2014. (May 11)",2014-05-11,https://www.sos.mo.gov/library/reference/orders/2014/eo14_05,C,county/county-equivalent,199,SCOTLAND,0,0,0.0,0.0,Thunderstorm Wind,1,0.0
MO-EO-14-05,14-05,Jay Nixon,"Gov. Jay Nixon declares a State of Emergency and directs the Missouri State Emergency Operations Plan be activated due to severe weather that began on May 10, 2014. (May 11)",2014-05-11,https://www.sos.mo.gov/library/reference/orders/2014/eo14_05,C,county/county-equivalent,205,SHELBY,0,0,0.0,0.0,Hail,3,0.0
MO-EO-14-05,14-05,Jay Nixon,"Gov. Jay Nixon declares a State of Emergency and directs the Missouri State Emergency Operations Plan be activated due to severe weather that began on May 10, 2014. (May 11)",2014-05-11,https://www.sos.mo.gov/library/reference/orders/2014/eo14_05,C,county/county-equivalent,209,STONE,0,0,0.0,0.0,Thunderstorm Wind,1,0.0
MO-EO-14-05,14-05,Jay Nixon,"Gov. Jay Nixon declares a State of Emergency and directs the Missouri State Emergency Operations Plan be activated due to severe weather that began on May 10, 2014. (May 11)",2014-05-11,https://www.sos.mo.gov/library/reference/orders/2014/eo14_05,C,county/county-equivalent,219,WARREN,0,0,0.0,0.0,Hail,3,0.0
MO-EO-14-05,14-05,Jay Nixon,"Gov. Jay Nixon declares a State of Emergency and directs the Missouri State Emergency Operations Plan be activated due to severe weather that began on May 10, 2014. (May 11)",2014-05-11,https://www.sos.mo.gov/library/reference/orders/2014/eo14_05,C,county/county-equivalent,221,WASHINGTON,0,0,0.0,0.0,Hail,1,0.0
MO-EO-15-03,15-03,Jay Nixon,"Gov. Jay Nixon declares a State of Emergency and directs the Missouri State Emergency Operations Plan be activated due to severe weather that began on May 15, 2015. (June 18)",2015-06-18,https://www.sos.mo.gov/library/reference/orders/2015/eo3,C,county/county-equivalent,83,HENRY,1,0,0.0,0.0,Flash Flood,2,0.0
MO-EO-15-03,15-03,Jay Nixon,"Gov. Jay Nixon declares a State of Emergency and directs the Missouri State Emergency Operations Plan be activated due to severe weather that began on May 15, 2015. (June 18)",2015-06-18,https://www.sos.mo.gov/library/reference/orders/2015/eo3,C,county/county-equivalent,77,GREENE,0,0,550000.0,0.0,"Flash Flood, Heavy Rain",11,550000.0
MO-EO-15-03,15-03,Jay Nixon,"Gov. Jay Nixon declares a State of Emergency and directs the Missouri State Emergency Operations Plan be activated due to severe weather that began on May 15, 2015. (June 18)",2015-06-18,https://www.sos.mo.gov/library/reference/orders/2015/eo3,C,county/county-equivalent,225,WEBSTER,0,0,500000.0,0.0,"Flash Flood, Heavy Rain",15,500000.0
MO-EO-15-03,15-03,Jay Nixon,"Gov. Jay Nixon declares a State of Emergency and directs the Missouri State Emergency Operations Plan be activated due to severe weather that began on May 15, 2015. (June 18)",2015-06-18,https://www.sos.mo.gov/library/reference/orders/2015/eo3,C,county/county-equivalent,229,WRIGHT,0,0,300000.0,0.0,"Flash Flood, Heavy Rain",6,300000.0
MO-EO-15-03,15-03,Jay Nixon,"Gov. Jay Nixon declares a State of Emergency and directs the Missouri State Emergency Operations Plan be activated due to severe weather that began on May 15, 2015. (June 18)",2015-06-18,https://www.sos.mo.gov/library/reference/orders/2015/eo3,C,county/county-equivalent,43,CHRISTIAN,0,0,100000.0,0.0,"Flash Flood, Heavy Rain",11,100000.0
MO-EO-15-03,15-03,Jay Nixon,"Gov. Jay Nixon declares a State of Emergency and directs the Missouri State Emergency Operations Plan be activated due to severe weather that began on May 15, 2015. (June 18)",2015-06-18,https://www.sos.mo.gov/library/reference/orders/2015/eo3,C,county/county-equivalent,67,DOUGLAS,0,0,100000.0,0.0,Flash Flood,2,100000.0
MO-EO-15-03,15-03,Jay Nixon,"Gov. Jay Nixon declares a State of Emergency and directs the Missouri State Emergency Operations Plan be activated due to severe weather that began on May 15, 2015. (June 18)",2015-06-18,https://www.sos.mo.gov/library/reference/orders/2015/eo3,C,county/county-equivalent,167,POLK,0,0,100000.0,0.0,Flash Flood,7,100000.0
MO-EO-15-03,15-03,Jay Nixon,"Gov. Jay Nixon declares a State of Emergency and directs the Missouri State Emergency Operations Plan be activated due to severe weather that began on May 15, 2015. (June 18)",2015-06-18,https://www.sos.mo.gov/library/reference/orders/2015/eo3,C,county/county-equivalent,9,BARRY,0,0,50000.0,0.0,"Flash Flood, Heavy Rain",6,50000.0
MO-EO-15-03,15-03,Jay Nixon,"Gov. Jay Nixon declares a State of Emergency and directs the Missouri State Emergency Operations Plan be activated due to severe weather that began on May 15, 2015. (June 18)",2015-06-18,https://www.sos.mo.gov/library/reference/orders/2015/eo3,C,county/county-equivalent,105,LACLEDE,0,0,50000.0,0.0,"Flash Flood, Heavy Rain",3,50000.0
MO-EO-15-03,15-03,Jay Nixon,"Gov. Jay Nixon declares a State of Emergency and directs the Missouri State Emergency Operations Plan be activated due to severe weather that began on May 15, 2015. (June 18)",2015-06-18,https://www.sos.mo.gov/library/reference/orders/2015/eo3,C,county/county-equivalent,153,OZARK,0,0,50000.0,0.0,Flash Flood,1,50000.0
MO-EO-15-03,15-03,Jay Nixon,"Gov. Jay Nixon declares a State of Emergency and directs the Missouri State Emergency Operations Plan be activated due to severe weather that began on May 15, 2015. (June 18)",2015-06-18,https://www.sos.mo.gov/library/reference/orders/2015/eo3,C,county/county-equivalent,213,TANEY,0,0,50000.0,0.0,"Flash Flood, Heavy Rain",2,50000.0
MO-EO-15-03,15-03,Jay Nixon,"Gov. Jay Nixon declares a State of Emergency and directs the Missouri State Emergency Operations Plan be activated due to severe weather that began on May 15, 2015. (June 18)",2015-06-18,https://www.sos.mo.gov/library/reference/orders/2015/eo3,C,county/county-equivalent,59,DALLAS,0,0,25000.0,0.0,Flash Flood,1,25000.0
MO-EO-15-03,15-03,Jay Nixon,"Gov. Jay Nixon declares a State of Emergency and directs the Missouri State Emergency Operations Plan be activated due to severe weather that began on May 15, 2015. (June 18)",2015-06-18,https://www.sos.mo.gov/library/reference/orders/2015/eo3,C,county/county-equivalent,141,MORGAN,0,0,25000.0,0.0,Flash Flood,7,25000.0
MO-EO-15-03,15-03,Jay Nixon,"Gov. Jay Nixon declares a State of Emergency and directs the Missouri State Emergency Operations Plan be activated due to severe weather that began on May 15, 2015. (June 18)",2015-06-18,https://www.sos.mo.gov/library/reference/orders/2015/eo3,C,county/county-equivalent,157,PERRY,0,0,10000.0,0.0,Flash Flood,1,10000.0
MO-EO-15-03,15-03,Jay Nixon,"Gov. Jay Nixon declares a State of Emergency and directs the Missouri State Emergency Operations Plan be activated due to severe weather that began on May 15, 2015. (June 18)",2015-06-18,https://www.sos.mo.gov/library/reference/orders/2015/eo3,C,county/county-equivalent,29,CAMDEN,0,0,1000.0,0.0,Flash Flood,1,1000.0
MO-EO-15-03,15-03,Jay Nixon,"Gov. Jay Nixon declares a State of Emergency and directs the Missouri State Emergency Operations Plan be activated due to severe weather that began on May 15, 2015. (June 18)",2015-06-18,https://www.sos.mo.gov/library/reference/orders/2015/eo3,C,county/county-equivalent,1,ADAIR,0,0,0.0,0.0,"Hail, Thunderstorm Wind",5,0.0
MO-EO-15-03,15-03,Jay Nixon,"Gov. Jay Nixon declares a State of Emergency and directs the Missouri State Emergency Operations Plan be activated due to severe weather that began on May 15, 2015. (June 18)",2015-06-18,https://www.sos.mo.gov/library/reference/orders/2015/eo3,C,county/county-equivalent,7,AUDRAIN,0,0,0.0,0.0,Flash Flood,1,0.0
MO-EO-15-03,15-03,Jay Nixon,"Gov. Jay Nixon declares a State of Emergency and directs the Missouri State Emergency Operations Plan be activated due to severe weather that began on May 15, 2015. (June 18)",2015-06-18,https://www.sos.mo.gov/library/reference/orders/2015/eo3,C,county/county-equivalent,15,BENTON,0,0,0.0,0.0,Flash Flood,2,0.0
MO-EO-15-03,15-03,Jay Nixon,"Gov. Jay Nixon declares a State of Emergency and directs the Missouri State Emergency Operations Plan be activated due to severe weather that began on May 15, 2015. (June 18)",2015-06-18,https://www.sos.mo.gov/library/reference/orders/2015/eo3,C,county/county-equivalent,21,BUCHANAN,0,0,0.0,0.0,"Hail, Thunderstorm Wind",4,0.0
MO-EO-15-03,15-03,Jay Nixon,"Gov. Jay Nixon declares a State of Emergency and directs the Missouri State Emergency Operations Plan be activated due to severe weather that began on May 15, 2015. (June 18)",2015-06-18,https://www.sos.mo.gov/library/reference/orders/2015/eo3,C,county/county-equivalent,31,CAPE GIRARDEAU,0,0,0.0,0.0,Flash Flood,1,0.0
MO-EO-15-03,15-03,Jay Nixon,"Gov. Jay Nixon declares a State of Emergency and directs the Missouri State Emergency Operations Plan be activated due to severe weather that began on May 15, 2015. (June 18)",2015-06-18,https://www.sos.mo.gov/library/reference/orders/2015/eo3,C,county/county-equivalent,47,CLAY,0,0,0.0,0.0,"Flash Flood, Hail, Thunderstorm Wind",8,0.0
MO-EO-15-03,15-03,Jay Nixon,"Gov. Jay Nixon declares a State of Emergency and directs the Missouri State Emergency Operations Plan be activated due to severe weather that began on May 15, 2015. (June 18)",2015-06-18,https://www.sos.mo.gov/library/reference/orders/2015/eo3,C,county/county-equivalent,49,CLINTON,0,0,0.0,0.0,"Flash Flood, Hail, Thunderstorm Wind",3,0.0
MO-EO-15-03,15-03,Jay Nixon,"Gov. Jay Nixon declares a State of Emergency and directs the Missouri State Emergency Operations Plan be activated due to severe weather that began on May 15, 2015. (June 18)",2015-06-18,https://www.sos.mo.gov/library/reference/orders/2015/eo3,C,county/county-equivalent,55,CRAWFORD,0,0,0.0,0.0,Flash Flood,1,0.0
MO-EO-15-03,15-03,Jay Nixon,"Gov. Jay Nixon declares a State of Emergency and directs the Missouri State Emergency Operations Plan be activated due to severe weather that began on May 15, 2015. (June 18)",2015-06-18,https://www.sos.mo.gov/library/reference/orders/2015/eo3,C,county/county-equivalent,61,DAVIESS,0,0,0.0,0.0,Hail,4,0.0
MO-EO-15-03,15-03,Jay Nixon,"Gov. Jay Nixon declares a State of Emergency and directs the Missouri State Emergency Operations Plan be activated due to severe weather that began on May 15, 2015. (June 18)",2015-06-18,https://www.sos.mo.gov/library/reference/orders/2015/eo3,C,county/county-equivalent,65,DENT,0,0,0.0,0.0,Flash Flood,1,0.0
MO-EO-15-03,15-03,Jay Nixon,"Gov. Jay Nixon declares a State of Emergency and directs the Missouri State Emergency Operations Plan be activated due to severe weather that began on May 15, 2015. (June 18)",2015-06-18,https://www.sos.mo.gov/library/reference/orders/2015/eo3,C,county/county-equivalent,71,FRANKLIN,0,0,0.0,0.0,Flash Flood,1,0.0
MO-EO-15-03,15-03,Jay Nixon,"Gov. Jay Nixon declares a State of Emergency and directs the Missouri State Emergency Operations Plan be activated due to severe weather that began on May 15, 2015. (June 18)",2015-06-18,https://www.sos.mo.gov/library/reference/orders/2015/eo3,C,county/county-equivalent,73,GASCONADE,0,0,0.0,0.0,Flash Flood,1,0.0
MO-EO-15-03,15-03,Jay Nixon,"Gov. Jay Nixon declares a State of Emergency and directs the Missouri State Emergency Operations Plan be activated due to severe weather that began on May 15, 2015. (June 18)",2015-06-18,https://www.sos.mo.gov/library/reference/orders/2015/eo3,C,county/county-equivalent,75,GENTRY,0,0,0.0,0.0,Hail,1,0.0
MO-EO-15-03,15-03,Jay Nixon,"Gov. Jay Nixon declares a State of Emergency and directs the Missouri State Emergency Operations Plan be activated due to severe weather that began on May 15, 2015. (June 18)",2015-06-18,https://www.sos.mo.gov/library/reference/orders/2015/eo3,C,county/county-equivalent,81,HARRISON,0,0,0.0,0.0,"Hail, Thunderstorm Wind",7,0.0
MO-EO-15-03,15-03,Jay Nixon,"Gov. Jay Nixon declares a State of Emergency and directs the Missouri State Emergency Operations Plan be activated due to severe weather that began on May 15, 2015. (June 18)",2015-06-18,https://www.sos.mo.gov/library/reference/orders/2015/eo3,C,county/county-equivalent,85,HICKORY,0,0,0.0,0.0,Flash Flood,2,0.0
MO-EO-15-03,15-03,Jay Nixon,"Gov. Jay Nixon declares a State of Emergency and directs the Missouri State Emergency Operations Plan be activated due to severe weather that began on May 15, 2015. (June 18)",2015-06-18,https://www.sos.mo.gov/library/reference/orders/2015/eo3,C,county/county-equivalent,97,JASPER,0,0,0.0,0.0,Flash Flood,1,0.0
MO-EO-15-03,15-03,Jay Nixon,"Gov. Jay Nixon declares a State of Emergency and directs the Missouri State Emergency Operations Plan be activated due to severe weather that began on May 15, 2015. (June 18)",2015-06-18,https://www.sos.mo.gov/library/reference/orders/2015/eo3,C,county/county-equivalent,109,LAWRENCE,0,0,0.0,0.0,Flash Flood,1,0.0
MO-EO-15-03,15-03,Jay Nixon,"Gov. Jay Nixon declares a State of Emergency and directs the Missouri State Emergency Operations Plan be activated due to severe weather that began on May 15, 2015. (June 18)",2015-06-18,https://www.sos.mo.gov/library/reference/orders/2015/eo3,C,county/county-equivalent,111,LEWIS,0,0,0.0,0.0,Flash Flood,1,0.0
MO-EO-15-03,15-03,Jay Nixon,"Gov. Jay Nixon declares a State of Emergency and directs the Missouri State Emergency Operations Plan be activated due to severe weather that began on May 15, 2015. (June 18)",2015-06-18,https://www.sos.mo.gov/library/reference/orders/2015/eo3,C,county/county-equivalent,113,LINCOLN,0,0,0.0,0.0,Flash Flood,2,0.0
MO-EO-15-03,15-03,Jay Nixon,"Gov. Jay Nixon declares a State of Emergency and directs the Missouri State Emergency Operations Plan be activated due to severe weather that began on May 15, 2015. (June 18)",2015-06-18,https://www.sos.mo.gov/library/reference/orders/2015/eo3,C,county/county-equivalent,119,MCDONALD,0,0,0.0,0.0,Flash Flood,2,0.0
MO-EO-15-03,15-03,Jay Nixon,"Gov. Jay Nixon declares a State of Emergency and directs the Missouri State Emergency Operations Plan be activated due to severe weather that began on May 15, 2015. (June 18)",2015-06-18,https://www.sos.mo.gov/library/reference/orders/2015/eo3,C,county/county-equivalent,127,MARION,0,0,0.0,0.0,Thunderstorm Wind,1,0.0
MO-EO-15-03,15-03,Jay Nixon,"Gov. Jay Nixon declares a State of Emergency and directs the Missouri State Emergency Operations Plan be activated due to severe weather that began on May 15, 2015. (June 18)",2015-06-18,https://www.sos.mo.gov/library/reference/orders/2015/eo3,C,county/county-equivalent,139,MONTGOMERY,0,0,0.0,0.0,Flash Flood,1,0.0
MO-EO-15-03,15-03,Jay Nixon,"Gov. Jay Nixon declares a State of Emergency and directs the Missouri State Emergency Operations Plan be activated due to severe weather that began on May 15, 2015. (June 18)",2015-06-18,https://www.sos.mo.gov/library/reference/orders/2015/eo3,C,county/county-equivalent,163,PIKE,0,0,0.0,0.0,Flash Flood,1,0.0
MO-EO-15-03,15-03,Jay Nixon,"Gov. Jay Nixon declares a State of Emergency and directs the Missouri State Emergency Operations Plan be activated due to severe weather that began on May 15, 2015. (June 18)",2015-06-18,https://www.sos.mo.gov/library/reference/orders/2015/eo3,C,county/county-equivalent,165,PLATTE,0,0,0.0,0.0,Thunderstorm Wind,1,0.0
MO-EO-15-03,15-03,Jay Nixon,"Gov. Jay Nixon declares a State of Emergency and directs the Missouri State Emergency Operations Plan be activated due to severe weather that began on May 15, 2015. (June 18)",2015-06-18,https://www.sos.mo.gov/library/reference/orders/2015/eo3,C,county/county-equivalent,171,PUTNAM,0,0,0.0,0.0,"Hail, Thunderstorm Wind",4,0.0
MO-EO-15-03,15-03,Jay Nixon,"Gov. Jay Nixon declares a State of Emergency and directs the Missouri State Emergency Operations Plan be activated due to severe weather that began on May 15, 2015. (June 18)",2015-06-18,https://www.sos.mo.gov/library/reference/orders/2015/eo3,C,county/county-equivalent,177,RAY,0,0,0.0,0.0,"Flash Flood, Hail, Thunderstorm Wind",4,0.0
MO-EO-15-03,15-03,Jay Nixon,"Gov. Jay Nixon declares a State of Emergency and directs the Missouri State Emergency Operations Plan be activated due to severe weather that began on May 15, 2015. (June 18)",2015-06-18,https://www.sos.mo.gov/library/reference/orders/2015/eo3,C,county/county-equivalent,185,ST. CLAIR,0,0,0.0,0.0,Flash Flood,1,0.0
MO-EO-15-03,15-03,Jay Nixon,"Gov. Jay Nixon declares a State of Emergency and directs the Missouri State Emergency Operations Plan be activated due to severe weather that began on May 15, 2015. (June 18)",2015-06-18,https://www.sos.mo.gov/library/reference/orders/2015/eo3,C,county/county-equivalent,199,SCOTLAND,0,0,0.0,0.0,Thunderstorm Wind,1,0.0
MO-EO-15-03,15-03,Jay Nixon,"Gov. Jay Nixon declares a State of Emergency and directs the Missouri State Emergency Operations Plan be activated due to severe weather that began on May 15, 2015. (June 18)",2015-06-18,https://www.sos.mo.gov/library/reference/orders/2015/eo3,C,county/county-equivalent,209,STONE,0,0,0.0,0.0,Heavy Rain,1,0.0
MO-EO-15-03,15-03,Jay Nixon,"Gov. Jay Nixon declares a State of Emergency and directs the Missouri State Emergency Operations Plan be activated due to severe weather that began on May 15, 2015. (June 18)",2015-06-18,https://www.sos.mo.gov/library/reference/orders/2015/eo3,C,county/county-equivalent,211,SULLIVAN,0,0,0.0,0.0,"Hail, Thunderstorm Wind",2,0.0
MO-EO-15-10,15-10,Jay Nixon,"Gov. Jay Nixon declares a State of Emergency and directs the Missouri State Emergency Operations Plan be activated due to severe weather that began on December 22, 2015. (Dec. 27)",2015-12-27,https://www.sos.mo.gov/library/reference/orders/2015/eo10,C,county/county-equivalent,169,PULASKI,7,0,2000000.0,0.0,"Flash Flood, Heavy Rain",7,2000000.0
MO-EO-15-10,15-10,Jay Nixon,"Gov. Jay Nixon declares a State of Emergency and directs the Missouri State Emergency Operations Plan be activated due to severe weather that began on December 22, 2015. (Dec. 27)",2015-12-27,https://www.sos.mo.gov/library/reference/orders/2015/eo10,C,county/county-equivalent,77,GREENE,1,0,5000000.0,0.0,"Flash Flood, Heavy Rain",18,5000000.0
MO-EO-15-10,15-10,Jay Nixon,"Gov. Jay Nixon declares a State of Emergency and directs the Missouri State Emergency Operations Plan be activated due to severe weather that began on December 22, 2015. (Dec. 27)",2015-12-27,https://www.sos.mo.gov/library/reference/orders/2015/eo10,C,county/county-equivalent,109,LAWRENCE,1,0,1500000.0,0.0,"Flash Flood, Heavy Rain",2,1500000.0
MO-EO-15-10,15-10,Jay Nixon,"Gov. Jay Nixon declares a State of Emergency and directs the Missouri State Emergency Operations Plan be activated due to severe weather that began on December 22, 2015. (Dec. 27)",2015-12-27,https://www.sos.mo.gov/library/reference/orders/2015/eo10,C,county/county-equivalent,59,DALLAS,1,0,500000.0,0.0,"Flash Flood, Heavy Rain",6,500000.0
MO-EO-15-10,15-10,Jay Nixon,"Gov. Jay Nixon declares a State of Emergency and directs the Missouri State Emergency Operations Plan be activated due to severe weather that began on December 22, 2015. (Dec. 27)",2015-12-27,https://www.sos.mo.gov/library/reference/orders/2015/eo10,C,county/county-equivalent,167,POLK,1,0,500000.0,0.0,"Flash Flood, Hail, Heavy Rain",8,500000.0
MO-EO-15-10,15-10,Jay Nixon,"Gov. Jay Nixon declares a State of Emergency and directs the Missouri State Emergency Operations Plan be activated due to severe weather that began on December 22, 2015. (Dec. 27)",2015-12-27,https://www.sos.mo.gov/library/reference/orders/2015/eo10,C,county/county-equivalent,9,BARRY,0,0,5000000.0,0.0,"Flash Flood, Heavy Rain",8,5000000.0
MO-EO-15-10,15-10,Jay Nixon,"Gov. Jay Nixon declares a State of Emergency and directs the Missouri State Emergency Operations Plan be activated due to severe weather that began on December 22, 2015. (Dec. 27)",2015-12-27,https://www.sos.mo.gov/library/reference/orders/2015/eo10,C,county/county-equivalent,161,PHELPS,0,0,2500000.0,0.0,"Flash Flood, Heavy Rain",4,2500000.0
MO-EO-15-10,15-10,Jay Nixon,"Gov. Jay Nixon declares a State of Emergency and directs the Missouri State Emergency Operations Plan be activated due to severe weather that began on December 22, 2015. (Dec. 27)",2015-12-27,https://www.sos.mo.gov/library/reference/orders/2015/eo10,C,county/county-equivalent,215,TEXAS,0,0,1600000.0,0.0,Flash Flood,5,1600000.0
MO-EO-15-10,15-10,Jay Nixon,"Gov. Jay Nixon declares a State of Emergency and directs the Missouri State Emergency Operations Plan be activated due to severe weather that began on December 22, 2015. (Dec. 27)",2015-12-27,https://www.sos.mo.gov/library/reference/orders/2015/eo10,C,county/county-equivalent,105,LACLEDE,0,0,1000000.0,0.0,"Flash Flood, Hail, Heavy Rain",8,1000000.0
MO-EO-15-10,15-10,Jay Nixon,"Gov. Jay Nixon declares a State of Emergency and directs the Missouri State Emergency Operations Plan be activated due to severe weather that began on December 22, 2015. (Dec. 27)",2015-12-27,https://www.sos.mo.gov/library/reference/orders/2015/eo10,C,county/county-equivalent,225,WEBSTER,0,0,1000000.0,0.0,"Flash Flood, Heavy Rain",2,1000000.0
MO-EO-15-10,15-10,Jay Nixon,"Gov. Jay Nixon declares a State of Emergency and directs the Missouri State Emergency Operations Plan be activated due to severe weather that began on December 22, 2015. (Dec. 27)",2015-12-27,https://www.sos.mo.gov/library/reference/orders/2015/eo10,C,county/county-equivalent,67,DOUGLAS,0,0,750000.0,0.0,"Flash Flood, Heavy Rain",3,750000.0
MO-EO-15-10,15-10,Jay Nixon,"Gov. Jay Nixon declares a State of Emergency and directs the Missouri State Emergency Operations Plan be activated due to severe weather that began on December 22, 2015. (Dec. 27)",2015-12-27,https://www.sos.mo.gov/library/reference/orders/2015/eo10,C,county/county-equivalent,43,CHRISTIAN,0,0,500000.0,0.0,"Flash Flood, Heavy Rain",5,500000.0
MO-EO-15-10,15-10,Jay Nixon,"Gov. Jay Nixon declares a State of Emergency and directs the Missouri State Emergency Operations Plan be activated due to severe weather that began on December 22, 2015. (Dec. 27)",2015-12-27,https://www.sos.mo.gov/library/reference/orders/2015/eo10,C,county/county-equivalent,131,MILLER,0,0,500000.0,0.0,"Flash Flood, Heavy Rain",3,500000.0
MO-EO-15-10,15-10,Jay Nixon,"Gov. Jay Nixon declares a State of Emergency and directs the Missouri State Emergency Operations Plan be activated due to severe weather that began on December 22, 2015. (Dec. 27)",2015-12-27,https://www.sos.mo.gov/library/reference/orders/2015/eo10,C,county/county-equivalent,149,OREGON,0,0,500000.0,0.0,Flash Flood,2,500000.0
MO-EO-15-10,15-10,Jay Nixon,"Gov. Jay Nixon declares a State of Emergency and directs the Missouri State Emergency Operations Plan be activated due to severe weather that began on December 22, 2015. (Dec. 27)",2015-12-27,https://www.sos.mo.gov/library/reference/orders/2015/eo10,C,county/county-equivalent,153,OZARK,0,0,500000.0,0.0,Flash Flood,1,500000.0
MO-EO-15-10,15-10,Jay Nixon,"Gov. Jay Nixon declares a State of Emergency and directs the Missouri State Emergency Operations Plan be activated due to severe weather that began on December 22, 2015. (Dec. 27)",2015-12-27,https://www.sos.mo.gov/library/reference/orders/2015/eo10,C,county/county-equivalent,203,SHANNON,0,0,500000.0,0.0,Flash Flood,1,500000.0
MO-EO-15-10,15-10,Jay Nixon,"Gov. Jay Nixon declares a State of Emergency and directs the Missouri State Emergency Operations Plan be activated due to severe weather that began on December 22, 2015. (Dec. 27)",2015-12-27,https://www.sos.mo.gov/library/reference/orders/2015/eo10,C,county/county-equivalent,229,WRIGHT,0,0,500000.0,0.0,Flash Flood,2,500000.0
MO-EO-15-10,15-10,Jay Nixon,"Gov. Jay Nixon declares a State of Emergency and directs the Missouri State Emergency Operations Plan be activated due to severe weather that began on December 22, 2015. (Dec. 27)",2015-12-27,https://www.sos.mo.gov/library/reference/orders/2015/eo10,C,county/county-equivalent,179,REYNOLDS,0,0,355000.0,0.0,Flash Flood,1,355000.0
MO-EO-15-10,15-10,Jay Nixon,"Gov. Jay Nixon declares a State of Emergency and directs the Missouri State Emergency Operations Plan be activated due to severe weather that began on December 22, 2015. (Dec. 27)",2015-12-27,https://www.sos.mo.gov/library/reference/orders/2015/eo10,C,county/county-equivalent,186,STE. GENEVIEVE,0,0,300000.0,0.0,Flash Flood,1,300000.0
MO-EO-15-10,15-10,Jay Nixon,"Gov. Jay Nixon declares a State of Emergency and directs the Missouri State Emergency Operations Plan be activated due to severe weather that began on December 22, 2015. (Dec. 27)",2015-12-27,https://www.sos.mo.gov/library/reference/orders/2015/eo10,C,county/county-equivalent,187,ST. FRANCOIS,0,0,275000.0,0.0,Flash Flood,1,275000.0
MO-EO-15-10,15-10,Jay Nixon,"Gov. Jay Nixon declares a State of Emergency and directs the Missouri State Emergency Operations Plan be activated due to severe weather that began on December 22, 2015. (Dec. 27)",2015-12-27,https://www.sos.mo.gov/library/reference/orders/2015/eo10,C,county/county-equivalent,91,HOWELL,0,0,250000.0,0.0,Flash Flood,4,250000.0
MO-EO-15-10,15-10,Jay Nixon,"Gov. Jay Nixon declares a State of Emergency and directs the Missouri State Emergency Operations Plan be activated due to severe weather that began on December 22, 2015. (Dec. 27)",2015-12-27,https://www.sos.mo.gov/library/reference/orders/2015/eo10,C,county/county-equivalent,125,MARIES,0,0,250000.0,0.0,Flash Flood,1,250000.0
MO-EO-15-10,15-10,Jay Nixon,"Gov. Jay Nixon declares a State of Emergency and directs the Missouri State Emergency Operations Plan be activated due to severe weather that began on December 22, 2015. (Dec. 27)",2015-12-27,https://www.sos.mo.gov/library/reference/orders/2015/eo10,C,county/county-equivalent,93,IRON,0,0,220000.0,0.0,Flash Flood,1,220000.0
MO-EO-15-10,15-10,Jay Nixon,"Gov. Jay Nixon declares a State of Emergency and directs the Missouri State Emergency Operations Plan be activated due to severe weather that began on December 22, 2015. (Dec. 27)",2015-12-27,https://www.sos.mo.gov/library/reference/orders/2015/eo10,C,county/county-equivalent,183,ST. CHARLES,0,0,200000.0,0.0,Flash Flood,2,200000.0
MO-EO-15-10,15-10,Jay Nixon,"Gov. Jay Nixon declares a State of Emergency and directs the Missouri State Emergency Operations Plan be activated due to severe weather that began on December 22, 2015. (Dec. 27)",2015-12-27,https://www.sos.mo.gov/library/reference/orders/2015/eo10,C,county/county-equivalent,11,BARTON,0,0,0.0,0.0,Heavy Rain,1,0.0
MO-EO-15-10,15-10,Jay Nixon,"Gov. Jay Nixon declares a State of Emergency and directs the Missouri State Emergency Operations Plan be activated due to severe weather that began on December 22, 2015. (Dec. 27)",2015-12-27,https://www.sos.mo.gov/library/reference/orders/2015/eo10,C,county/county-equivalent,19,BOONE,0,0,0.0,0.0,Flash Flood,1,0.0
MO-EO-15-10,15-10,Jay Nixon,"Gov. Jay Nixon declares a State of Emergency and directs the Missouri State Emergency Operations Plan be activated due to severe weather that began on December 22, 2015. (Dec. 27)",2015-12-27,https://www.sos.mo.gov/library/reference/orders/2015/eo10,C,county/county-equivalent,23,BUTLER,0,0,0.0,0.0,Heavy Rain,2,0.0
MO-EO-15-10,15-10,Jay Nixon,"Gov. Jay Nixon declares a State of Emergency and directs the Missouri State Emergency Operations Plan be activated due to severe weather that began on December 22, 2015. (Dec. 27)",2015-12-27,https://www.sos.mo.gov/library/reference/orders/2015/eo10,C,county/county-equivalent,27,CALLAWAY,0,0,0.0,0.0,Flash Flood,1,0.0
MO-EO-15-10,15-10,Jay Nixon,"Gov. Jay Nixon declares a State of Emergency and directs the Missouri State Emergency Operations Plan be activated due to severe weather that began on December 22, 2015. (Dec. 27)",2015-12-27,https://www.sos.mo.gov/library/reference/orders/2015/eo10,C,county/county-equivalent,29,CAMDEN,0,0,0.0,0.0,Heavy Rain,2,0.0
MO-EO-15-10,15-10,Jay Nixon,"Gov. Jay Nixon declares a State of Emergency and directs the Missouri State Emergency Operations Plan be activated due to severe weather that began on December 22, 2015. (Dec. 27)",2015-12-27,https://www.sos.mo.gov/library/reference/orders/2015/eo10,C,county/county-equivalent,31,CAPE GIRARDEAU,0,0,0.0,0.0,Heavy Rain,2,0.0
MO-EO-15-10,15-10,Jay Nixon,"Gov. Jay Nixon declares a State of Emergency and directs the Missouri State Emergency Operations Plan be activated due to severe weather that began on December 22, 2015. (Dec. 27)",2015-12-27,https://www.sos.mo.gov/library/reference/orders/2015/eo10,C,county/county-equivalent,39,CEDAR,0,0,0.0,0.0,"Flash Flood, Heavy Rain",2,0.0
MO-EO-15-10,15-10,Jay Nixon,"Gov. Jay Nixon declares a State of Emergency and directs the Missouri State Emergency Operations Plan be activated due to severe weather that began on December 22, 2015. (Dec. 27)",2015-12-27,https://www.sos.mo.gov/library/reference/orders/2015/eo10,C,county/county-equivalent,55,CRAWFORD,0,0,0.0,0.0,Flash Flood,2,0.0
MO-EO-15-10,15-10,Jay Nixon,"Gov. Jay Nixon declares a State of Emergency and directs the Missouri State Emergency Operations Plan be activated due to severe weather that began on December 22, 2015. (Dec. 27)",2015-12-27,https://www.sos.mo.gov/library/reference/orders/2015/eo10,C,county/county-equivalent,57,DADE,0,0,0.0,0.0,Heavy Rain,1,0.0
MO-EO-15-10,15-10,Jay Nixon,"Gov. Jay Nixon declares a State of Emergency and directs the Missouri State Emergency Operations Plan be activated due to severe weather that began on December 22, 2015. (Dec. 27)",2015-12-27,https://www.sos.mo.gov/library/reference/orders/2015/eo10,C,county/county-equivalent,71,FRANKLIN,0,0,0.0,0.0,Flash Flood,1,0.0
MO-EO-15-10,15-10,Jay Nixon,"Gov. Jay Nixon declares a State of Emergency and directs the Missouri State Emergency Operations Plan be activated due to severe weather that began on December 22, 2015. (Dec. 27)",2015-12-27,https://www.sos.mo.gov/library/reference/orders/2015/eo10,C,county/county-equivalent,73,GASCONADE,0,0,0.0,0.0,Flash Flood,1,0.0
MO-EO-15-10,15-10,Jay Nixon,"Gov. Jay Nixon declares a State of Emergency and directs the Missouri State Emergency Operations Plan be activated due to severe weather that began on December 22, 2015. (Dec. 27)",2015-12-27,https://www.sos.mo.gov/library/reference/orders/2015/eo10,C,county/county-equivalent,85,HICKORY,0,0,0.0,0.0,Heavy Rain,1,0.0
MO-EO-15-10,15-10,Jay Nixon,"Gov. Jay Nixon declares a State of Emergency and directs the Missouri State Emergency Operations Plan be activated due to severe weather that began on December 22, 2015. (Dec. 27)",2015-12-27,https://www.sos.mo.gov/library/reference/orders/2015/eo10,C,county/county-equivalent,97,JASPER,0,0,0.0,0.0,"Flash Flood, Heavy Rain",3,0.0
MO-EO-15-10,15-10,Jay Nixon,"Gov. Jay Nixon declares a State of Emergency and directs the Missouri State Emergency Operations Plan be activated due to severe weather that began on December 22, 2015. (Dec. 27)",2015-12-27,https://www.sos.mo.gov/library/reference/orders/2015/eo10,C,county/county-equivalent,99,JEFFERSON,0,0,0.0,0.0,Flash Flood,2,0.0
MO-EO-15-10,15-10,Jay Nixon,"Gov. Jay Nixon declares a State of Emergency and directs the Missouri State Emergency Operations Plan be activated due to severe weather that began on December 22, 2015. (Dec. 27)",2015-12-27,https://www.sos.mo.gov/library/reference/orders/2015/eo10,C,county/county-equivalent,113,LINCOLN,0,0,0.0,0.0,Flash Flood,2,0.0
MO-EO-15-10,15-10,Jay Nixon,"Gov. Jay Nixon declares a State of Emergency and directs the Missouri State Emergency Operations Plan be activated due to severe weather that began on December 22, 2015. (Dec. 27)",2015-12-27,https://www.sos.mo.gov/library/reference/orders/2015/eo10,C,county/county-equivalent,119,MCDONALD,0,0,0.0,0.0,Flash Flood,4,0.0
MO-EO-15-10,15-10,Jay Nixon,"Gov. Jay Nixon declares a State of Emergency and directs the Missouri State Emergency Operations Plan be activated due to severe weather that began on December 22, 2015. (Dec. 27)",2015-12-27,https://www.sos.mo.gov/library/reference/orders/2015/eo10,C,county/county-equivalent,123,MADISON,0,0,0.0,0.0,Flash Flood,1,0.0
MO-EO-15-10,15-10,Jay Nixon,"Gov. Jay Nixon declares a State of Emergency and directs the Missouri State Emergency Operations Plan be activated due to severe weather that began on December 22, 2015. (Dec. 27)",2015-12-27,https://www.sos.mo.gov/library/reference/orders/2015/eo10,C,county/county-equivalent,139,MONTGOMERY,0,0,0.0,0.0,Flash Flood,1,0.0
MO-EO-15-10,15-10,Jay Nixon,"Gov. Jay Nixon declares a State of Emergency and directs the Missouri State Emergency Operations Plan be activated due to severe weather that began on December 22, 2015. (Dec. 27)",2015-12-27,https://www.sos.mo.gov/library/reference/orders/2015/eo10,C,county/county-equivalent,145,NEWTON,0,0,0.0,0.0,"Flash Flood, Heavy Rain",4,0.0
MO-EO-15-10,15-10,Jay Nixon,"Gov. Jay Nixon declares a State of Emergency and directs the Missouri State Emergency Operations Plan be activated due to severe weather that began on December 22, 2015. (Dec. 27)",2015-12-27,https://www.sos.mo.gov/library/reference/orders/2015/eo10,C,county/county-equivalent,151,OSAGE,0,0,0.0,0.0,Flash Flood,1,0.0
MO-EO-15-10,15-10,Jay Nixon,"Gov. Jay Nixon declares a State of Emergency and directs the Missouri State Emergency Operations Plan be activated due to severe weather that began on December 22, 2015. (Dec. 27)",2015-12-27,https://www.sos.mo.gov/library/reference/orders/2015/eo10,C,county/county-equivalent,189,ST. LOUIS,0,0,0.0,0.0,Flash Flood,2,0.0
MO-EO-15-10,15-10,Jay Nixon,"Gov. Jay Nixon declares a State of Emergency and directs the Missouri State Emergency Operations Plan be activated due to severe weather that began on December 22, 2015. (Dec. 27)",2015-12-27,https://www.sos.mo.gov/library/reference/orders/2015/eo10,C,county/county-equivalent,201,SCOTT,0,0,0.0,0.0,Heavy Rain,2,0.0
MO-EO-15-10,15-10,Jay Nixon,"Gov. Jay Nixon declares a State of Emergency and directs the Missouri State Emergency Operations Plan be activated due to severe weather that began on December 22, 2015. (Dec. 27)",2015-12-27,https://www.sos.mo.gov/library/reference/orders/2015/eo10,C,county/county-equivalent,207,STODDARD,0,0,0.0,0.0,Heavy Rain,2,0.0
MO-EO-15-10,15-10,Jay Nixon,"Gov. Jay Nixon declares a State of Emergency and directs the Missouri State Emergency Operations Plan be activated due to severe weather that began on December 22, 2015. (Dec. 27)",2015-12-27,https://www.sos.mo.gov/library/reference/orders/2015/eo10,C,county/county-equivalent,209,STONE,0,0,0.0,0.0,Flash Flood,1,0.0
MO-EO-15-10,15-10,Jay Nixon,"Gov. Jay Nixon declares a State of Emergency and directs the Missouri State Emergency Operations Plan be activated due to severe weather that began on December 22, 2015. (Dec. 27)",2015-12-27,https://www.sos.mo.gov/library/reference/orders/2015/eo10,C,county/county-equivalent,219,WARREN,0,0,0.0,0.0,Flash Flood,1,0.0
MO-EO-15-10,15-10,Jay Nixon,"Gov. Jay Nixon declares a State of Emergency and directs the Missouri State Emergency Operations Plan be activated due to severe weather that began on December 22, 2015. (Dec. 27)",2015-12-27,https://www.sos.mo.gov/library/reference/orders/2015/eo10,C,county/county-equivalent,510,ST. LOUIS (C),0,0,0.0,0.0,Flash Flood,1,0.0
MO-EO-16-07,16-07,Jay Nixon,"Gov. Jay Nixon declares a State of Emergency and directs the Missouri State Emergency Operations Plan be activated due to severe weather that began on May 25, 2016. (May 27)",2016-05-27,https://www.sos.mo.gov/library/reference/orders/2016/eo7,C,county/county-equivalent,201,SCOTT,0,0,50000.0,0.0,Flash Flood,1,50000.0
MO-EO-16-07,16-07,Jay Nixon,"Gov. Jay Nixon declares a State of Emergency and directs the Missouri State Emergency Operations Plan be activated due to severe weather that began on May 25, 2016. (May 27)",2016-05-27,https://www.sos.mo.gov/library/reference/orders/2016/eo7,C,county/county-equivalent,31,CAPE GIRARDEAU,0,0,43000.0,0.0,"Flash Flood, Hail, Thunderstorm Wind",3,43000.0
MO-EO-16-07,16-07,Jay Nixon,"Gov. Jay Nixon declares a State of Emergency and directs the Missouri State Emergency Operations Plan be activated due to severe weather that began on May 25, 2016. (May 27)",2016-05-27,https://www.sos.mo.gov/library/reference/orders/2016/eo7,C,county/county-equivalent,161,PHELPS,0,0,25000.0,0.0,"Hail, Lightning",3,25000.0
MO-EO-16-07,16-07,Jay Nixon,"Gov. Jay Nixon declares a State of Emergency and directs the Missouri State Emergency Operations Plan be activated due to severe weather that began on May 25, 2016. (May 27)",2016-05-27,https://www.sos.mo.gov/library/reference/orders/2016/eo7,C,county/county-equivalent,169,PULASKI,0,0,25000.0,0.0,"Hail, Lightning",2,25000.0
MO-EO-16-07,16-07,Jay Nixon,"Gov. Jay Nixon declares a State of Emergency and directs the Missouri State Emergency Operations Plan be activated due to severe weather that began on May 25, 2016. (May 27)",2016-05-27,https://www.sos.mo.gov/library/reference/orders/2016/eo7,C,county/county-equivalent,141,MORGAN,0,0,10000.0,0.0,"Flash Flood, Hail, Thunderstorm Wind",5,10000.0
MO-EO-16-07,16-07,Jay Nixon,"Gov. Jay Nixon declares a State of Emergency and directs the Missouri State Emergency Operations Plan be activated due to severe weather that began on May 25, 2016. (May 27)",2016-05-27,https://www.sos.mo.gov/library/reference/orders/2016/eo7,C,county/county-equivalent,185,ST. CLAIR,0,0,10000.0,0.0,Thunderstorm Wind,1,10000.0
MO-EO-16-07,16-07,Jay Nixon,"Gov. Jay Nixon declares a State of Emergency and directs the Missouri State Emergency Operations Plan be activated due to severe weather that began on May 25, 2016. (May 27)",2016-05-27,https://www.sos.mo.gov/library/reference/orders/2016/eo7,C,county/county-equivalent,91,HOWELL,0,0,5000.0,0.0,"Heavy Rain, Thunderstorm Wind",4,5000.0
MO-EO-16-07,16-07,Jay Nixon,"Gov. Jay Nixon declares a State of Emergency and directs the Missouri State Emergency Operations Plan be activated due to severe weather that began on May 25, 2016. (May 27)",2016-05-27,https://www.sos.mo.gov/library/reference/orders/2016/eo7,C,county/county-equivalent,97,JASPER,0,0,5000.0,0.0,"Hail, Thunderstorm Wind",2,5000.0
MO-EO-16-07,16-07,Jay Nixon,"Gov. Jay Nixon declares a State of Emergency and directs the Missouri State Emergency Operations Plan be activated due to severe weather that began on May 25, 2016. (May 27)",2016-05-27,https://www.sos.mo.gov/library/reference/orders/2016/eo7,C,county/county-equivalent,131,MILLER,0,0,5000.0,0.0,"Flash Flood, Thunderstorm Wind",2,5000.0
MO-EO-16-07,16-07,Jay Nixon,"Gov. Jay Nixon declares a State of Emergency and directs the Missouri State Emergency Operations Plan be activated due to severe weather that began on May 25, 2016. (May 27)",2016-05-27,https://www.sos.mo.gov/library/reference/orders/2016/eo7,C,county/county-equivalent,145,NEWTON,0,0,2000.0,0.0,Thunderstorm Wind,1,2000.0
MO-EO-16-07,16-07,Jay Nixon,"Gov. Jay Nixon declares a State of Emergency and directs the Missouri State Emergency Operations Plan be activated due to severe weather that began on May 25, 2016. (May 27)",2016-05-27,https://www.sos.mo.gov/library/reference/orders/2016/eo7,C,county/county-equivalent,3,ANDREW,0,0,500.0,0.0,"Hail, Thunderstorm Wind",2,500.0
MO-EO-16-07,16-07,Jay Nixon,"Gov. Jay Nixon declares a State of Emergency and directs the Missouri State Emergency Operations Plan be activated due to severe weather that began on May 25, 2016. (May 27)",2016-05-27,https://www.sos.mo.gov/library/reference/orders/2016/eo7,C,county/county-equivalent,5,ATCHISON,0,0,0.0,0.0,"Flash Flood, Hail",2,0.0
MO-EO-16-07,16-07,Jay Nixon,"Gov. Jay Nixon declares a State of Emergency and directs the Missouri State Emergency Operations Plan be activated due to severe weather that began on May 25, 2016. (May 27)",2016-05-27,https://www.sos.mo.gov/library/reference/orders/2016/eo7,C,county/county-equivalent,15,BENTON,0,0,0.0,0.0,Hail,1,0.0
MO-EO-16-07,16-07,Jay Nixon,"Gov. Jay Nixon declares a State of Emergency and directs the Missouri State Emergency Operations Plan be activated due to severe weather that began on May 25, 2016. (May 27)",2016-05-27,https://www.sos.mo.gov/library/reference/orders/2016/eo7,C,county/county-equivalent,21,BUCHANAN,0,0,0.0,0.0,Thunderstorm Wind,1,0.0
MO-EO-16-07,16-07,Jay Nixon,"Gov. Jay Nixon declares a State of Emergency and directs the Missouri State Emergency Operations Plan be activated due to severe weather that began on May 25, 2016. (May 27)",2016-05-27,https://www.sos.mo.gov/library/reference/orders/2016/eo7,C,county/county-equivalent,37,CASS,0,0,0.0,0.0,"Flash Flood, Thunderstorm Wind",3,0.0
MO-EO-16-07,16-07,Jay Nixon,"Gov. Jay Nixon declares a State of Emergency and directs the Missouri State Emergency Operations Plan be activated due to severe weather that began on May 25, 2016. (May 27)",2016-05-27,https://www.sos.mo.gov/library/reference/orders/2016/eo7,C,county/county-equivalent,39,CEDAR,0,0,0.0,0.0,"Flash Flood, Thunderstorm Wind",2,0.0
MO-EO-16-07,16-07,Jay Nixon,"Gov. Jay Nixon declares a State of Emergency and directs the Missouri State Emergency Operations Plan be activated due to severe weather that began on May 25, 2016. (May 27)",2016-05-27,https://www.sos.mo.gov/library/reference/orders/2016/eo7,C,county/county-equivalent,47,CLAY,0,0,0.0,0.0,"Hail, Thunderstorm Wind",6,0.0
MO-EO-16-07,16-07,Jay Nixon,"Gov. Jay Nixon declares a State of Emergency and directs the Missouri State Emergency Operations Plan be activated due to severe weather that began on May 25, 2016. (May 27)",2016-05-27,https://www.sos.mo.gov/library/reference/orders/2016/eo7,C,county/county-equivalent,49,CLINTON,0,0,0.0,0.0,Hail,2,0.0
MO-EO-16-07,16-07,Jay Nixon,"Gov. Jay Nixon declares a State of Emergency and directs the Missouri State Emergency Operations Plan be activated due to severe weather that began on May 25, 2016. (May 27)",2016-05-27,https://www.sos.mo.gov/library/reference/orders/2016/eo7,C,county/county-equivalent,63,DE KALB,0,0,0.0,0.0,Hail,1,0.0
MO-EO-16-07,16-07,Jay Nixon,"Gov. Jay Nixon declares a State of Emergency and directs the Missouri State Emergency Operations Plan be activated due to severe weather that began on May 25, 2016. (May 27)",2016-05-27,https://www.sos.mo.gov/library/reference/orders/2016/eo7,C,county/county-equivalent,67,DOUGLAS,0,0,0.0,0.0,Hail,5,0.0
MO-EO-16-07,16-07,Jay Nixon,"Gov. Jay Nixon declares a State of Emergency and directs the Missouri State Emergency Operations Plan be activated due to severe weather that began on May 25, 2016. (May 27)",2016-05-27,https://www.sos.mo.gov/library/reference/orders/2016/eo7,C,county/county-equivalent,71,FRANKLIN,0,0,0.0,0.0,"Hail, Thunderstorm Wind",2,0.0
MO-EO-16-07,16-07,Jay Nixon,"Gov. Jay Nixon declares a State of Emergency and directs the Missouri State Emergency Operations Plan be activated due to severe weather that began on May 25, 2016. (May 27)",2016-05-27,https://www.sos.mo.gov/library/reference/orders/2016/eo7,C,county/county-equivalent,79,GRUNDY,0,0,0.0,0.0,"Hail, Thunderstorm Wind, Tornado",4,0.0
MO-EO-16-07,16-07,Jay Nixon,"Gov. Jay Nixon declares a State of Emergency and directs the Missouri State Emergency Operations Plan be activated due to severe weather that began on May 25, 2016. (May 27)",2016-05-27,https://www.sos.mo.gov/library/reference/orders/2016/eo7,C,county/county-equivalent,87,HOLT,0,0,0.0,0.0,Hail,4,0.0
MO-EO-16-07,16-07,Jay Nixon,"Gov. Jay Nixon declares a State of Emergency and directs the Missouri State Emergency Operations Plan be activated due to severe weather that began on May 25, 2016. (May 27)",2016-05-27,https://www.sos.mo.gov/library/reference/orders/2016/eo7,C,county/county-equivalent,95,JACKSON,0,0,0.0,0.0,"Flash Flood, Hail, Thunderstorm Wind",22,0.0
MO-EO-16-07,16-07,Jay Nixon,"Gov. Jay Nixon declares a State of Emergency and directs the Missouri State Emergency Operations Plan be activated due to severe weather that began on May 25, 2016. (May 27)",2016-05-27,https://www.sos.mo.gov/library/reference/orders/2016/eo7,C,county/county-equivalent,101,JOHNSON,0,0,0.0,0.0,"Flash Flood, Hail, Thunderstorm Wind, Tornado",5,0.0
MO-EO-16-07,16-07,Jay Nixon,"Gov. Jay Nixon declares a State of Emergency and directs the Missouri State Emergency Operations Plan be activated due to severe weather that began on May 25, 2016. (May 27)",2016-05-27,https://www.sos.mo.gov/library/reference/orders/2016/eo7,C,county/county-equivalent,113,LINCOLN,0,0,0.0,0.0,Thunderstorm Wind,1,0.0
MO-EO-16-07,16-07,Jay Nixon,"Gov. Jay Nixon declares a State of Emergency and directs the Missouri State Emergency Operations Plan be activated due to severe weather that began on May 25, 2016. (May 27)",2016-05-27,https://www.sos.mo.gov/library/reference/orders/2016/eo7,C,county/county-equivalent,125,MARIES,0,0,0.0,0.0,Hail,2,0.0
MO-EO-16-07,16-07,Jay Nixon,"Gov. Jay Nixon declares a State of Emergency and directs the Missouri State Emergency Operations Plan be activated due to severe weather that began on May 25, 2016. (May 27)",2016-05-27,https://www.sos.mo.gov/library/reference/orders/2016/eo7,C,county/county-equivalent,139,MONTGOMERY,0,0,0.0,0.0,Thunderstorm Wind,1,0.0
MO-EO-16-07,16-07,Jay Nixon,"Gov. Jay Nixon declares a State of Emergency and directs the Missouri State Emergency Operations Plan be activated due to severe weather that began on May 25, 2016. (May 27)",2016-05-27,https://www.sos.mo.gov/library/reference/orders/2016/eo7,C,county/county-equivalent,147,NODAWAY,0,0,0.0,0.0,Hail,1,0.0
MO-EO-16-07,16-07,Jay Nixon,"Gov. Jay Nixon declares a State of Emergency and directs the Missouri State Emergency Operations Plan be activated due to severe weather that began on May 25, 2016. (May 27)",2016-05-27,https://www.sos.mo.gov/library/reference/orders/2016/eo7,C,county/county-equivalent,149,OREGON,0,0,0.0,0.0,Flash Flood,1,0.0
MO-EO-16-07,16-07,Jay Nixon,"Gov. Jay Nixon declares a State of Emergency and directs the Missouri State Emergency Operations Plan be activated due to severe weather that began on May 25, 2016. (May 27)",2016-05-27,https://www.sos.mo.gov/library/reference/orders/2016/eo7,C,county/county-equivalent,165,PLATTE,0,0,0.0,0.0,"Flash Flood, Hail",17,0.0
MO-EO-16-07,16-07,Jay Nixon,"Gov. Jay Nixon declares a State of Emergency and directs the Missouri State Emergency Operations Plan be activated due to severe weather that began on May 25, 2016. (May 27)",2016-05-27,https://www.sos.mo.gov/library/reference/orders/2016/eo7,C,county/county-equivalent,175,RANDOLPH,0,0,0.0,0.0,Flash Flood,1,0.0
MO-EO-16-07,16-07,Jay Nixon,"Gov. Jay Nixon declares a State of Emergency and directs the Missouri State Emergency Operations Plan be activated due to severe weather that began on May 25, 2016. (May 27)",2016-05-27,https://www.sos.mo.gov/library/reference/orders/2016/eo7,C,county/county-equivalent,177,RAY,0,0,0.0,0.0,Hail,2,0.0
MO-EO-16-07,16-07,Jay Nixon,"Gov. Jay Nixon declares a State of Emergency and directs the Missouri State Emergency Operations Plan be activated due to severe weather that began on May 25, 2016. (May 27)",2016-05-27,https://www.sos.mo.gov/library/reference/orders/2016/eo7,C,county/county-equivalent,183,ST. CHARLES,0,0,0.0,0.0,Hail,3,0.0
MO-EO-16-07,16-07,Jay Nixon,"Gov. Jay Nixon declares a State of Emergency and directs the Missouri State Emergency Operations Plan be activated due to severe weather that began on May 25, 2016. (May 27)",2016-05-27,https://www.sos.mo.gov/library/reference/orders/2016/eo7,C,county/county-equivalent,189,ST. LOUIS,0,0,0.0,0.0,Hail,1,0.0
MO-EO-16-07,16-07,Jay Nixon,"Gov. Jay Nixon declares a State of Emergency and directs the Missouri State Emergency Operations Plan be activated due to severe weather that began on May 25, 2016. (May 27)",2016-05-27,https://www.sos.mo.gov/library/reference/orders/2016/eo7,C,county/county-equivalent,195,SALINE,0,0,0.0,0.0,"Hail, Thunderstorm Wind",5,0.0
MO-EO-16-07,16-07,Jay Nixon,"Gov. Jay Nixon declares a State of Emergency and directs the Missouri State Emergency Operations Plan be activated due to severe weather that began on May 25, 2016. (May 27)",2016-05-27,https://www.sos.mo.gov/library/reference/orders/2016/eo7,C,county/county-equivalent,203,SHANNON,0,0,0.0,0.0,Heavy Rain,1,0.0
MO-EO-16-07,16-07,Jay Nixon,"Gov. Jay Nixon declares a State of Emergency and directs the Missouri State Emergency Operations Plan be activated due to severe weather that began on May 25, 2016. (May 27)",2016-05-27,https://www.sos.mo.gov/library/reference/orders/2016/eo7,C,county/county-equivalent,223,WAYNE,0,0,0.0,0.0,Flash Flood,1,0.0
MO-EO-16-07,16-07,Jay Nixon,"Gov. Jay Nixon declares a State of Emergency and directs the Missouri State Emergency Operations Plan be activated due to severe weather that began on May 25, 2016. (May 27)",2016-05-27,https://www.sos.mo.gov/library/reference/orders/2016/eo7,C,county/county-equivalent,229,WRIGHT,0,0,0.0,0.0,Hail,2,0.0
MO-EO-17-08,17-08,Eric R. Greitens,"Gov. Eric Greitens declares a State of Emergency and directs the Missouri State Emergency Operations Plan be activated due to severe weather that began on March 6, 2017. (Mar. 7)",2017-03-07,https://www.sos.mo.gov/library/reference/orders/2017/eo8,C,county/county-equivalent,95,JACKSON,0,12,0.0,0.0,"Flash Flood, Hail, Thunderstorm Wind, Tornado",20,0.0
MO-EO-17-08,17-08,Eric R. Greitens,"Gov. Eric Greitens declares a State of Emergency and directs the Missouri State Emergency Operations Plan be activated due to severe weather that began on March 6, 2017. (Mar. 7)",2017-03-07,https://www.sos.mo.gov/library/reference/orders/2017/eo8,C,county/county-equivalent,183,ST. CHARLES,0,3,0.0,0.0,"Thunderstorm Wind, Tornado",3,0.0
MO-EO-17-08,17-08,Eric R. Greitens,"Gov. Eric Greitens declares a State of Emergency and directs the Missouri State Emergency Operations Plan be activated due to severe weather that began on March 6, 2017. (Mar. 7)",2017-03-07,https://www.sos.mo.gov/library/reference/orders/2017/eo8,C,county/county-equivalent,29,CAMDEN,0,1,100000.0,0.0,"Hail, Tornado",6,100000.0
MO-EO-17-08,17-08,Eric R. Greitens,"Gov. Eric Greitens declares a State of Emergency and directs the Missouri State Emergency Operations Plan be activated due to severe weather that began on March 6, 2017. (Mar. 7)",2017-03-07,https://www.sos.mo.gov/library/reference/orders/2017/eo8,C,county/county-equivalent,81,HARRISON,0,1,0.0,0.0,Thunderstorm Wind,2,0.0
MO-EO-17-08,17-08,Eric R. Greitens,"Gov. Eric Greitens declares a State of Emergency and directs the Missouri State Emergency Operations Plan be activated due to severe weather that began on March 6, 2017. (Mar. 7)",2017-03-07,https://www.sos.mo.gov/library/reference/orders/2017/eo8,C,county/county-equivalent,165,PLATTE,0,1,0.0,0.0,"Hail, Thunderstorm Wind",6,0.0
MO-EO-17-08,17-08,Eric R. Greitens,"Gov. Eric Greitens declares a State of Emergency and directs the Missouri State Emergency Operations Plan be activated due to severe weather that began on March 6, 2017. (Mar. 7)",2017-03-07,https://www.sos.mo.gov/library/reference/orders/2017/eo8,C,county/county-equivalent,205,SHELBY,0,1,0.0,0.0,"Thunderstorm Wind, Tornado",3,0.0
MO-EO-17-08,17-08,Eric R. Greitens,"Gov. Eric Greitens declares a State of Emergency and directs the Missouri State Emergency Operations Plan be activated due to severe weather that began on March 6, 2017. (Mar. 7)",2017-03-07,https://www.sos.mo.gov/library/reference/orders/2017/eo8,C,county/county-equivalent,23,BUTLER,0,0,525000.0,0.0,Tornado,2,525000.0
MO-EO-17-08,17-08,Eric R. Greitens,"Gov. Eric Greitens declares a State of Emergency and directs the Missouri State Emergency Operations Plan be activated due to severe weather that began on March 6, 2017. (Mar. 7)",2017-03-07,https://www.sos.mo.gov/library/reference/orders/2017/eo8,C,county/county-equivalent,207,STODDARD,0,0,495000.0,0.0,"Hail, Tornado",4,495000.0
MO-EO-17-08,17-08,Eric R. Greitens,"Gov. Eric Greitens declares a State of Emergency and directs the Missouri State Emergency Operations Plan be activated due to severe weather that began on March 6, 2017. (Mar. 7)",2017-03-07,https://www.sos.mo.gov/library/reference/orders/2017/eo8,C,county/county-equivalent,97,JASPER,0,0,355000.0,0.0,"Hail, Thunderstorm Wind",22,355000.0
MO-EO-17-08,17-08,Eric R. Greitens,"Gov. Eric Greitens declares a State of Emergency and directs the Missouri State Emergency Operations Plan be activated due to severe weather that began on March 6, 2017. (Mar. 7)",2017-03-07,https://www.sos.mo.gov/library/reference/orders/2017/eo8,C,county/county-equivalent,39,CEDAR,0,0,253000.0,0.0,"Hail, Thunderstorm Wind",5,253000.0
MO-EO-17-08,17-08,Eric R. Greitens,"Gov. Eric Greitens declares a State of Emergency and directs the Missouri State Emergency Operations Plan be activated due to severe weather that began on March 6, 2017. (Mar. 7)",2017-03-07,https://www.sos.mo.gov/library/reference/orders/2017/eo8,C,county/county-equivalent,31,CAPE GIRARDEAU,0,0,220000.0,0.0,Thunderstorm Wind,1,220000.0
MO-EO-17-08,17-08,Eric R. Greitens,"Gov. Eric Greitens declares a State of Emergency and directs the Missouri State Emergency Operations Plan be activated due to severe weather that began on March 6, 2017. (Mar. 7)",2017-03-07,https://www.sos.mo.gov/library/reference/orders/2017/eo8,C,county/county-equivalent,9,BARRY,0,0,176000.0,0.0,"Hail, Thunderstorm Wind, Tornado",9,176000.0
MO-EO-17-08,17-08,Eric R. Greitens,"Gov. Eric Greitens declares a State of Emergency and directs the Missouri State Emergency Operations Plan be activated due to severe weather that began on March 6, 2017. (Mar. 7)",2017-03-07,https://www.sos.mo.gov/library/reference/orders/2017/eo8,C,county/county-equivalent,213,TANEY,0,0,140000.0,0.0,"Hail, Thunderstorm Wind, Tornado",11,140000.0
MO-EO-17-08,17-08,Eric R. Greitens,"Gov. Eric Greitens declares a State of Emergency and directs the Missouri State Emergency Operations Plan be activated due to severe weather that began on March 6, 2017. (Mar. 7)",2017-03-07,https://www.sos.mo.gov/library/reference/orders/2017/eo8,C,county/county-equivalent,143,NEW MADRID,0,0,130000.0,0.0,"Hail, Thunderstorm Wind, Tornado",5,130000.0
MO-EO-17-08,17-08,Eric R. Greitens,"Gov. Eric Greitens declares a State of Emergency and directs the Missouri State Emergency Operations Plan be activated due to severe weather that began on March 6, 2017. (Mar. 7)",2017-03-07,https://www.sos.mo.gov/library/reference/orders/2017/eo8,C,county/county-equivalent,145,NEWTON,0,0,110000.0,0.0,"Hail, Thunderstorm Wind",6,110000.0
MO-EO-17-08,17-08,Eric R. Greitens,"Gov. Eric Greitens declares a State of Emergency and directs the Missouri State Emergency Operations Plan be activated due to severe weather that began on March 6, 2017. (Mar. 7)",2017-03-07,https://www.sos.mo.gov/library/reference/orders/2017/eo8,C,county/county-equivalent,141,MORGAN,0,0,106000.0,0.0,"Thunderstorm Wind, Tornado",3,106000.0
MO-EO-17-08,17-08,Eric R. Greitens,"Gov. Eric Greitens declares a State of Emergency and directs the Missouri State Emergency Operations Plan be activated due to severe weather that began on March 6, 2017. (Mar. 7)",2017-03-07,https://www.sos.mo.gov/library/reference/orders/2017/eo8,C,county/county-equivalent,77,GREENE,0,0,66000.0,0.0,"Hail, Thunderstorm Wind",20,66000.0
MO-EO-17-08,17-08,Eric R. Greitens,"Gov. Eric Greitens declares a State of Emergency and directs the Missouri State Emergency Operations Plan be activated due to severe weather that began on March 6, 2017. (Mar. 7)",2017-03-07,https://www.sos.mo.gov/library/reference/orders/2017/eo8,C,county/county-equivalent,43,CHRISTIAN,0,0,56000.0,0.0,"Hail, Thunderstorm Wind",4,56000.0
MO-EO-17-08,17-08,Eric R. Greitens,"Gov. Eric Greitens declares a State of Emergency and directs the Missouri State Emergency Operations Plan be activated due to severe weather that began on March 6, 2017. (Mar. 7)",2017-03-07,https://www.sos.mo.gov/library/reference/orders/2017/eo8,C,county/county-equivalent,109,LAWRENCE,0,0,53000.0,0.0,"Hail, Thunderstorm Wind",4,53000.0
MO-EO-17-08,17-08,Eric R. Greitens,"Gov. Eric Greitens declares a State of Emergency and directs the Missouri State Emergency Operations Plan be activated due to severe weather that began on March 6, 2017. (Mar. 7)",2017-03-07,https://www.sos.mo.gov/library/reference/orders/2017/eo8,C,county/county-equivalent,217,VERNON,0,0,52000.0,0.0,"Hail, Thunderstorm Wind",8,52000.0
MO-EO-17-08,17-08,Eric R. Greitens,"Gov. Eric Greitens declares a State of Emergency and directs the Missouri State Emergency Operations Plan be activated due to severe weather that began on March 6, 2017. (Mar. 7)",2017-03-07,https://www.sos.mo.gov/library/reference/orders/2017/eo8,C,county/county-equivalent,11,BARTON,0,0,50000.0,0.0,Hail,4,50000.0
MO-EO-17-08,17-08,Eric R. Greitens,"Gov. Eric Greitens declares a State of Emergency and directs the Missouri State Emergency Operations Plan be activated due to severe weather that began on March 6, 2017. (Mar. 7)",2017-03-07,https://www.sos.mo.gov/library/reference/orders/2017/eo8,C,county/county-equivalent,85,HICKORY,0,0,32000.0,0.0,"Hail, Thunderstorm Wind, Tornado",7,32000.0
MO-EO-17-08,17-08,Eric R. Greitens,"Gov. Eric Greitens declares a State of Emergency and directs the Missouri State Emergency Operations Plan be activated due to severe weather that began on March 6, 2017. (Mar. 7)",2017-03-07,https://www.sos.mo.gov/library/reference/orders/2017/eo8,C,county/county-equivalent,181,RIPLEY,0,0,30000.0,0.0,Tornado,1,30000.0
MO-EO-17-08,17-08,Eric R. Greitens,"Gov. Eric Greitens declares a State of Emergency and directs the Missouri State Emergency Operations Plan be activated due to severe weather that began on March 6, 2017. (Mar. 7)",2017-03-07,https://www.sos.mo.gov/library/reference/orders/2017/eo8,C,county/county-equivalent,203,SHANNON,0,0,26000.0,0.0,"Hail, Thunderstorm Wind",7,26000.0
MO-EO-17-08,17-08,Eric R. Greitens,"Gov. Eric Greitens declares a State of Emergency and directs the Missouri State Emergency Operations Plan be activated due to severe weather that began on March 6, 2017. (Mar. 7)",2017-03-07,https://www.sos.mo.gov/library/reference/orders/2017/eo8,C,county/county-equivalent,57,DADE,0,0,11000.0,0.0,Thunderstorm Wind,3,11000.0
MO-EO-17-08,17-08,Eric R. Greitens,"Gov. Eric Greitens declares a State of Emergency and directs the Missouri State Emergency Operations Plan be activated due to severe weather that began on March 6, 2017. (Mar. 7)",2017-03-07,https://www.sos.mo.gov/library/reference/orders/2017/eo8,C,county/county-equivalent,91,HOWELL,0,0,10000.0,0.0,"Hail, Thunderstorm Wind",6,10000.0
MO-EO-17-08,17-08,Eric R. Greitens,"Gov. Eric Greitens declares a State of Emergency and directs the Missouri State Emergency Operations Plan be activated due to severe weather that began on March 6, 2017. (Mar. 7)",2017-03-07,https://www.sos.mo.gov/library/reference/orders/2017/eo8,C,county/county-equivalent,169,PULASKI,0,0,10000.0,0.0,"Hail, Thunderstorm Wind",3,10000.0
MO-EO-17-08,17-08,Eric R. Greitens,"Gov. Eric Greitens declares a State of Emergency and directs the Missouri State Emergency Operations Plan be activated due to severe weather that began on March 6, 2017. (Mar. 7)",2017-03-07,https://www.sos.mo.gov/library/reference/orders/2017/eo8,C,county/county-equivalent,167,POLK,0,0,9000.0,0.0,"Hail, Thunderstorm Wind",7,9000.0
MO-EO-17-08,17-08,Eric R. Greitens,"Gov. Eric Greitens declares a State of Emergency and directs the Missouri State Emergency Operations Plan be activated due to severe weather that began on March 6, 2017. (Mar. 7)",2017-03-07,https://www.sos.mo.gov/library/reference/orders/2017/eo8,C,county/county-equivalent,229,WRIGHT,0,0,6000.0,0.0,"Hail, Thunderstorm Wind",4,6000.0
MO-EO-17-08,17-08,Eric R. Greitens,"Gov. Eric Greitens declares a State of Emergency and directs the Missouri State Emergency Operations Plan be activated due to severe weather that began on March 6, 2017. (Mar. 7)",2017-03-07,https://www.sos.mo.gov/library/reference/orders/2017/eo8,C,county/county-equivalent,15,BENTON,0,0,5000.0,0.0,"Hail, Thunderstorm Wind",5,5000.0
MO-EO-17-08,17-08,Eric R. Greitens,"Gov. Eric Greitens declares a State of Emergency and directs the Missouri State Emergency Operations Plan be activated due to severe weather that began on March 6, 2017. (Mar. 7)",2017-03-07,https://www.sos.mo.gov/library/reference/orders/2017/eo8,C,county/county-equivalent,105,LACLEDE,0,0,5000.0,0.0,"Hail, Thunderstorm Wind",5,5000.0
MO-EO-17-08,17-08,Eric R. Greitens,"Gov. Eric Greitens declares a State of Emergency and directs the Missouri State Emergency Operations Plan be activated due to severe weather that began on March 6, 2017. (Mar. 7)",2017-03-07,https://www.sos.mo.gov/library/reference/orders/2017/eo8,C,county/county-equivalent,209,STONE,0,0,5000.0,0.0,"Hail, Thunderstorm Wind",2,5000.0
MO-EO-17-08,17-08,Eric R. Greitens,"Gov. Eric Greitens declares a State of Emergency and directs the Missouri State Emergency Operations Plan be activated due to severe weather that began on March 6, 2017. (Mar. 7)",2017-03-07,https://www.sos.mo.gov/library/reference/orders/2017/eo8,C,county/county-equivalent,225,WEBSTER,0,0,5000.0,0.0,"Hail, Thunderstorm Wind",6,5000.0
MO-EO-17-08,17-08,Eric R. Greitens,"Gov. Eric Greitens declares a State of Emergency and directs the Missouri State Emergency Operations Plan be activated due to severe weather that began on March 6, 2017. (Mar. 7)",2017-03-07,https://www.sos.mo.gov/library/reference/orders/2017/eo8,C,county/county-equivalent,131,MILLER,0,0,2000.0,0.0,Thunderstorm Wind,2,2000.0
MO-EO-17-08,17-08,Eric R. Greitens,"Gov. Eric Greitens declares a State of Emergency and directs the Missouri State Emergency Operations Plan be activated due to severe weather that began on March 6, 2017. (Mar. 7)",2017-03-07,https://www.sos.mo.gov/library/reference/orders/2017/eo8,C,county/county-equivalent,161,PHELPS,0,0,1000.0,0.0,Thunderstorm Wind,1,1000.0
MO-EO-17-08,17-08,Eric R. Greitens,"Gov. Eric Greitens declares a State of Emergency and directs the Missouri State Emergency Operations Plan be activated due to severe weather that began on March 6, 2017. (Mar. 7)",2017-03-07,https://www.sos.mo.gov/library/reference/orders/2017/eo8,C,county/county-equivalent,1,ADAIR,0,0,0.0,0.0,Thunderstorm Wind,1,0.0
MO-EO-17-08,17-08,Eric R. Greitens,"Gov. Eric Greitens declares a State of Emergency and directs the Missouri State Emergency Operations Plan be activated due to severe weather that began on March 6, 2017. (Mar. 7)",2017-03-07,https://www.sos.mo.gov/library/reference/orders/2017/eo8,C,county/county-equivalent,5,ATCHISON,0,0,0.0,0.0,Hail,2,0.0
MO-EO-17-08,17-08,Eric R. Greitens,"Gov. Eric Greitens declares a State of Emergency and directs the Missouri State Emergency Operations Plan be activated due to severe weather that began on March 6, 2017. (Mar. 7)",2017-03-07,https://www.sos.mo.gov/library/reference/orders/2017/eo8,C,county/county-equivalent,7,AUDRAIN,0,0,0.0,0.0,Hail,1,0.0
MO-EO-17-08,17-08,Eric R. Greitens,"Gov. Eric Greitens declares a State of Emergency and directs the Missouri State Emergency Operations Plan be activated due to severe weather that began on March 6, 2017. (Mar. 7)",2017-03-07,https://www.sos.mo.gov/library/reference/orders/2017/eo8,C,county/county-equivalent,13,BATES,0,0,0.0,0.0,"Hail, Thunderstorm Wind",3,0.0
MO-EO-17-08,17-08,Eric R. Greitens,"Gov. Eric Greitens declares a State of Emergency and directs the Missouri State Emergency Operations Plan be activated due to severe weather that began on March 6, 2017. (Mar. 7)",2017-03-07,https://www.sos.mo.gov/library/reference/orders/2017/eo8,C,county/county-equivalent,19,BOONE,0,0,0.0,0.0,"Hail, Thunderstorm Wind",5,0.0
MO-EO-17-08,17-08,Eric R. Greitens,"Gov. Eric Greitens declares a State of Emergency and directs the Missouri State Emergency Operations Plan be activated due to severe weather that began on March 6, 2017. (Mar. 7)",2017-03-07,https://www.sos.mo.gov/library/reference/orders/2017/eo8,C,county/county-equivalent,25,CALDWELL,0,0,0.0,0.0,Thunderstorm Wind,2,0.0
MO-EO-17-08,17-08,Eric R. Greitens,"Gov. Eric Greitens declares a State of Emergency and directs the Missouri State Emergency Operations Plan be activated due to severe weather that began on March 6, 2017. (Mar. 7)",2017-03-07,https://www.sos.mo.gov/library/reference/orders/2017/eo8,C,county/county-equivalent,27,CALLAWAY,0,0,0.0,0.0,"Hail, Thunderstorm Wind",3,0.0
MO-EO-17-08,17-08,Eric R. Greitens,"Gov. Eric Greitens declares a State of Emergency and directs the Missouri State Emergency Operations Plan be activated due to severe weather that began on March 6, 2017. (Mar. 7)",2017-03-07,https://www.sos.mo.gov/library/reference/orders/2017/eo8,C,county/county-equivalent,33,CARROLL,0,0,0.0,0.0,Tornado,1,0.0
MO-EO-17-08,17-08,Eric R. Greitens,"Gov. Eric Greitens declares a State of Emergency and directs the Missouri State Emergency Operations Plan be activated due to severe weather that began on March 6, 2017. (Mar. 7)",2017-03-07,https://www.sos.mo.gov/library/reference/orders/2017/eo8,C,county/county-equivalent,35,CARTER,0,0,0.0,0.0,Hail,2,0.0
MO-EO-17-08,17-08,Eric R. Greitens,"Gov. Eric Greitens declares a State of Emergency and directs the Missouri State Emergency Operations Plan be activated due to severe weather that began on March 6, 2017. (Mar. 7)",2017-03-07,https://www.sos.mo.gov/library/reference/orders/2017/eo8,C,county/county-equivalent,37,CASS,0,0,0.0,0.0,"Hail, Thunderstorm Wind",5,0.0
MO-EO-17-08,17-08,Eric R. Greitens,"Gov. Eric Greitens declares a State of Emergency and directs the Missouri State Emergency Operations Plan be activated due to severe weather that began on March 6, 2017. (Mar. 7)",2017-03-07,https://www.sos.mo.gov/library/reference/orders/2017/eo8,C,county/county-equivalent,41,CHARITON,0,0,0.0,0.0,"Thunderstorm Wind, Tornado",2,0.0
MO-EO-17-08,17-08,Eric R. Greitens,"Gov. Eric Greitens declares a State of Emergency and directs the Missouri State Emergency Operations Plan be activated due to severe weather that began on March 6, 2017. (Mar. 7)",2017-03-07,https://www.sos.mo.gov/library/reference/orders/2017/eo8,C,county/county-equivalent,45,CLARK,0,0,0.0,0.0,Thunderstorm Wind,1,0.0
MO-EO-17-08,17-08,Eric R. Greitens,"Gov. Eric Greitens declares a State of Emergency and directs the Missouri State Emergency Operations Plan be activated due to severe weather that began on March 6, 2017. (Mar. 7)",2017-03-07,https://www.sos.mo.gov/library/reference/orders/2017/eo8,C,county/county-equivalent,47,CLAY,0,0,0.0,0.0,"Hail, Thunderstorm Wind, Tornado",4,0.0
MO-EO-17-08,17-08,Eric R. Greitens,"Gov. Eric Greitens declares a State of Emergency and directs the Missouri State Emergency Operations Plan be activated due to severe weather that began on March 6, 2017. (Mar. 7)",2017-03-07,https://www.sos.mo.gov/library/reference/orders/2017/eo8,C,county/county-equivalent,49,CLINTON,0,0,0.0,0.0,"Hail, Thunderstorm Wind, Tornado",5,0.0
MO-EO-17-08,17-08,Eric R. Greitens,"Gov. Eric Greitens declares a State of Emergency and directs the Missouri State Emergency Operations Plan be activated due to severe weather that began on March 6, 2017. (Mar. 7)",2017-03-07,https://www.sos.mo.gov/library/reference/orders/2017/eo8,C,county/county-equivalent,53,COOPER,0,0,0.0,0.0,"Thunderstorm Wind, Tornado",3,0.0
MO-EO-17-08,17-08,Eric R. Greitens,"Gov. Eric Greitens declares a State of Emergency and directs the Missouri State Emergency Operations Plan be activated due to severe weather that began on March 6, 2017. (Mar. 7)",2017-03-07,https://www.sos.mo.gov/library/reference/orders/2017/eo8,C,county/county-equivalent,59,DALLAS,0,0,0.0,0.0,Thunderstorm Wind,1,0.0
MO-EO-17-08,17-08,Eric R. Greitens,"Gov. Eric Greitens declares a State of Emergency and directs the Missouri State Emergency Operations Plan be activated due to severe weather that began on March 6, 2017. (Mar. 7)",2017-03-07,https://www.sos.mo.gov/library/reference/orders/2017/eo8,C,county/county-equivalent,61,DAVIESS,0,0,0.0,0.0,Thunderstorm Wind,1,0.0
MO-EO-17-08,17-08,Eric R. Greitens,"Gov. Eric Greitens declares a State of Emergency and directs the Missouri State Emergency Operations Plan be activated due to severe weather that began on March 6, 2017. (Mar. 7)",2017-03-07,https://www.sos.mo.gov/library/reference/orders/2017/eo8,C,county/county-equivalent,67,DOUGLAS,0,0,0.0,0.0,"Hail, Thunderstorm Wind",2,0.0
MO-EO-17-08,17-08,Eric R. Greitens,"Gov. Eric Greitens declares a State of Emergency and directs the Missouri State Emergency Operations Plan be activated due to severe weather that began on March 6, 2017. (Mar. 7)",2017-03-07,https://www.sos.mo.gov/library/reference/orders/2017/eo8,C,county/county-equivalent,69,DUNKLIN,0,0,0.0,0.0,"Hail, Thunderstorm Wind",6,0.0
MO-EO-17-08,17-08,Eric R. Greitens,"Gov. Eric Greitens declares a State of Emergency and directs the Missouri State Emergency Operations Plan be activated due to severe weather that began on March 6, 2017. (Mar. 7)",2017-03-07,https://www.sos.mo.gov/library/reference/orders/2017/eo8,C,county/county-equivalent,71,FRANKLIN,0,0,0.0,0.0,Thunderstorm Wind,1,0.0
MO-EO-17-08,17-08,Eric R. Greitens,"Gov. Eric Greitens declares a State of Emergency and directs the Missouri State Emergency Operations Plan be activated due to severe weather that began on March 6, 2017. (Mar. 7)",2017-03-07,https://www.sos.mo.gov/library/reference/orders/2017/eo8,C,county/county-equivalent,75,GENTRY,0,0,0.0,0.0,Thunderstorm Wind,2,0.0
MO-EO-17-08,17-08,Eric R. Greitens,"Gov. Eric Greitens declares a State of Emergency and directs the Missouri State Emergency Operations Plan be activated due to severe weather that began on March 6, 2017. (Mar. 7)",2017-03-07,https://www.sos.mo.gov/library/reference/orders/2017/eo8,C,county/county-equivalent,83,HENRY,0,0,0.0,0.0,"Hail, Thunderstorm Wind, Tornado",9,0.0
MO-EO-17-08,17-08,Eric R. Greitens,"Gov. Eric Greitens declares a State of Emergency and directs the Missouri State Emergency Operations Plan be activated due to severe weather that began on March 6, 2017. (Mar. 7)",2017-03-07,https://www.sos.mo.gov/library/reference/orders/2017/eo8,C,county/county-equivalent,87,HOLT,0,0,0.0,0.0,Thunderstorm Wind,3,0.0
MO-EO-17-08,17-08,Eric R. Greitens,"Gov. Eric Greitens declares a State of Emergency and directs the Missouri State Emergency Operations Plan be activated due to severe weather that began on March 6, 2017. (Mar. 7)",2017-03-07,https://www.sos.mo.gov/library/reference/orders/2017/eo8,C,county/county-equivalent,89,HOWARD,0,0,0.0,0.0,"Hail, Thunderstorm Wind",3,0.0
MO-EO-17-08,17-08,Eric R. Greitens,"Gov. Eric Greitens declares a State of Emergency and directs the Missouri State Emergency Operations Plan be activated due to severe weather that began on March 6, 2017. (Mar. 7)",2017-03-07,https://www.sos.mo.gov/library/reference/orders/2017/eo8,C,county/county-equivalent,99,JEFFERSON,0,0,0.0,0.0,"Thunderstorm Wind, Tornado",7,0.0
MO-EO-17-08,17-08,Eric R. Greitens,"Gov. Eric Greitens declares a State of Emergency and directs the Missouri State Emergency Operations Plan be activated due to severe weather that began on March 6, 2017. (Mar. 7)",2017-03-07,https://www.sos.mo.gov/library/reference/orders/2017/eo8,C,county/county-equivalent,101,JOHNSON,0,0,0.0,0.0,"Thunderstorm Wind, Tornado",4,0.0
MO-EO-17-08,17-08,Eric R. Greitens,"Gov. Eric Greitens declares a State of Emergency and directs the Missouri State Emergency Operations Plan be activated due to severe weather that began on March 6, 2017. (Mar. 7)",2017-03-07,https://www.sos.mo.gov/library/reference/orders/2017/eo8,C,county/county-equivalent,107,LAFAYETTE,0,0,0.0,0.0,"Hail, Thunderstorm Wind, Tornado",4,0.0
MO-EO-17-08,17-08,Eric R. Greitens,"Gov. Eric Greitens declares a State of Emergency and directs the Missouri State Emergency Operations Plan be activated due to severe weather that began on March 6, 2017. (Mar. 7)",2017-03-07,https://www.sos.mo.gov/library/reference/orders/2017/eo8,C,county/county-equivalent,111,LEWIS,0,0,0.0,0.0,Hail,1,0.0
MO-EO-17-08,17-08,Eric R. Greitens,"Gov. Eric Greitens declares a State of Emergency and directs the Missouri State Emergency Operations Plan be activated due to severe weather that began on March 6, 2017. (Mar. 7)",2017-03-07,https://www.sos.mo.gov/library/reference/orders/2017/eo8,C,county/county-equivalent,113,LINCOLN,0,0,0.0,0.0,Thunderstorm Wind,1,0.0
MO-EO-17-08,17-08,Eric R. Greitens,"Gov. Eric Greitens declares a State of Emergency and directs the Missouri State Emergency Operations Plan be activated due to severe weather that began on March 6, 2017. (Mar. 7)",2017-03-07,https://www.sos.mo.gov/library/reference/orders/2017/eo8,C,county/county-equivalent,115,LINN,0,0,0.0,0.0,"Hail, Thunderstorm Wind",2,0.0
MO-EO-17-08,17-08,Eric R. Greitens,"Gov. Eric Greitens declares a State of Emergency and directs the Missouri State Emergency Operations Plan be activated due to severe weather that began on March 6, 2017. (Mar. 7)",2017-03-07,https://www.sos.mo.gov/library/reference/orders/2017/eo8,C,county/county-equivalent,117,LIVINGSTON,0,0,0.0,0.0,"Hail, Thunderstorm Wind",3,0.0
MO-EO-17-08,17-08,Eric R. Greitens,"Gov. Eric Greitens declares a State of Emergency and directs the Missouri State Emergency Operations Plan be activated due to severe weather that began on March 6, 2017. (Mar. 7)",2017-03-07,https://www.sos.mo.gov/library/reference/orders/2017/eo8,C,county/county-equivalent,119,MCDONALD,0,0,0.0,0.0,"Hail, Thunderstorm Wind",6,0.0
MO-EO-17-08,17-08,Eric R. Greitens,"Gov. Eric Greitens declares a State of Emergency and directs the Missouri State Emergency Operations Plan be activated due to severe weather that began on March 6, 2017. (Mar. 7)",2017-03-07,https://www.sos.mo.gov/library/reference/orders/2017/eo8,C,county/county-equivalent,121,MACON,0,0,0.0,0.0,"Hail, Thunderstorm Wind",6,0.0
MO-EO-17-08,17-08,Eric R. Greitens,"Gov. Eric Greitens declares a State of Emergency and directs the Missouri State Emergency Operations Plan be activated due to severe weather that began on March 6, 2017. (Mar. 7)",2017-03-07,https://www.sos.mo.gov/library/reference/orders/2017/eo8,C,county/county-equivalent,127,MARION,0,0,0.0,0.0,"Hail, Thunderstorm Wind",2,0.0
MO-EO-17-08,17-08,Eric R. Greitens,"Gov. Eric Greitens declares a State of Emergency and directs the Missouri State Emergency Operations Plan be activated due to severe weather that began on March 6, 2017. (Mar. 7)",2017-03-07,https://www.sos.mo.gov/library/reference/orders/2017/eo8,C,county/county-equivalent,129,MERCER,0,0,0.0,0.0,Tornado,1,0.0
MO-EO-17-08,17-08,Eric R. Greitens,"Gov. Eric Greitens declares a State of Emergency and directs the Missouri State Emergency Operations Plan be activated due to severe weather that began on March 6, 2017. (Mar. 7)",2017-03-07,https://www.sos.mo.gov/library/reference/orders/2017/eo8,C,county/county-equivalent,133,MISSISSIPPI,0,0,0.0,0.0,Hail,1,0.0
MO-EO-17-08,17-08,Eric R. Greitens,"Gov. Eric Greitens declares a State of Emergency and directs the Missouri State Emergency Operations Plan be activated due to severe weather that began on March 6, 2017. (Mar. 7)",2017-03-07,https://www.sos.mo.gov/library/reference/orders/2017/eo8,C,county/county-equivalent,135,MONITEAU,0,0,0.0,0.0,Thunderstorm Wind,1,0.0
MO-EO-17-08,17-08,Eric R. Greitens,"Gov. Eric Greitens declares a State of Emergency and directs the Missouri State Emergency Operations Plan be activated due to severe weather that began on March 6, 2017. (Mar. 7)",2017-03-07,https://www.sos.mo.gov/library/reference/orders/2017/eo8,C,county/county-equivalent,139,MONTGOMERY,0,0,0.0,0.0,Tornado,1,0.0
MO-EO-17-08,17-08,Eric R. Greitens,"Gov. Eric Greitens declares a State of Emergency and directs the Missouri State Emergency Operations Plan be activated due to severe weather that began on March 6, 2017. (Mar. 7)",2017-03-07,https://www.sos.mo.gov/library/reference/orders/2017/eo8,C,county/county-equivalent,147,NODAWAY,0,0,0.0,0.0,"Hail, Thunderstorm Wind, Tornado",9,0.0
MO-EO-17-08,17-08,Eric R. Greitens,"Gov. Eric Greitens declares a State of Emergency and directs the Missouri State Emergency Operations Plan be activated due to severe weather that began on March 6, 2017. (Mar. 7)",2017-03-07,https://www.sos.mo.gov/library/reference/orders/2017/eo8,C,county/county-equivalent,151,OSAGE,0,0,0.0,0.0,"Thunderstorm Wind, Tornado",3,0.0
MO-EO-17-08,17-08,Eric R. Greitens,"Gov. Eric Greitens declares a State of Emergency and directs the Missouri State Emergency Operations Plan be activated due to severe weather that began on March 6, 2017. (Mar. 7)",2017-03-07,https://www.sos.mo.gov/library/reference/orders/2017/eo8,C,county/county-equivalent,159,PETTIS,0,0,0.0,0.0,"Thunderstorm Wind, Tornado",6,0.0
MO-EO-17-08,17-08,Eric R. Greitens,"Gov. Eric Greitens declares a State of Emergency and directs the Missouri State Emergency Operations Plan be activated due to severe weather that began on March 6, 2017. (Mar. 7)",2017-03-07,https://www.sos.mo.gov/library/reference/orders/2017/eo8,C,county/county-equivalent,163,PIKE,0,0,0.0,0.0,Thunderstorm Wind,1,0.0
MO-EO-17-08,17-08,Eric R. Greitens,"Gov. Eric Greitens declares a State of Emergency and directs the Missouri State Emergency Operations Plan be activated due to severe weather that began on March 6, 2017. (Mar. 7)",2017-03-07,https://www.sos.mo.gov/library/reference/orders/2017/eo8,C,county/county-equivalent,171,PUTNAM,0,0,0.0,0.0,Thunderstorm Wind,1,0.0
MO-EO-17-08,17-08,Eric R. Greitens,"Gov. Eric Greitens declares a State of Emergency and directs the Missouri State Emergency Operations Plan be activated due to severe weather that began on March 6, 2017. (Mar. 7)",2017-03-07,https://www.sos.mo.gov/library/reference/orders/2017/eo8,C,county/county-equivalent,173,RALLS,0,0,0.0,0.0,Thunderstorm Wind,1,0.0
MO-EO-17-08,17-08,Eric R. Greitens,"Gov. Eric Greitens declares a State of Emergency and directs the Missouri State Emergency Operations Plan be activated due to severe weather that began on March 6, 2017. (Mar. 7)",2017-03-07,https://www.sos.mo.gov/library/reference/orders/2017/eo8,C,county/county-equivalent,177,RAY,0,0,0.0,0.0,Thunderstorm Wind,3,0.0
MO-EO-17-08,17-08,Eric R. Greitens,"Gov. Eric Greitens declares a State of Emergency and directs the Missouri State Emergency Operations Plan be activated due to severe weather that began on March 6, 2017. (Mar. 7)",2017-03-07,https://www.sos.mo.gov/library/reference/orders/2017/eo8,C,county/county-equivalent,185,ST. CLAIR,0,0,0.0,0.0,"Hail, Thunderstorm Wind",4,0.0
MO-EO-17-08,17-08,Eric R. Greitens,"Gov. Eric Greitens declares a State of Emergency and directs the Missouri State Emergency Operations Plan be activated due to severe weather that began on March 6, 2017. (Mar. 7)",2017-03-07,https://www.sos.mo.gov/library/reference/orders/2017/eo8,C,county/county-equivalent,195,SALINE,0,0,0.0,0.0,Thunderstorm Wind,1,0.0
MO-EO-17-08,17-08,Eric R. Greitens,"Gov. Eric Greitens declares a State of Emergency and directs the Missouri State Emergency Operations Plan be activated due to severe weather that began on March 6, 2017. (Mar. 7)",2017-03-07,https://www.sos.mo.gov/library/reference/orders/2017/eo8,C,county/county-equivalent,199,SCOTLAND,0,0,0.0,0.0,"Hail, Thunderstorm Wind",3,0.0
MO-EO-17-08,17-08,Eric R. Greitens,"Gov. Eric Greitens declares a State of Emergency and directs the Missouri State Emergency Operations Plan be activated due to severe weather that began on March 6, 2017. (Mar. 7)",2017-03-07,https://www.sos.mo.gov/library/reference/orders/2017/eo8,C,county/county-equivalent,215,TEXAS,0,0,0.0,0.0,Hail,5,0.0
MO-EO-17-08,17-08,Eric R. Greitens,"Gov. Eric Greitens declares a State of Emergency and directs the Missouri State Emergency Operations Plan be activated due to severe weather that began on March 6, 2017. (Mar. 7)",2017-03-07,https://www.sos.mo.gov/library/reference/orders/2017/eo8,C,county/county-equivalent,219,WARREN,0,0,0.0,0.0,Tornado,1,0.0
MO-EO-17-08,17-08,Eric R. Greitens,"Gov. Eric Greitens declares a State of Emergency and directs the Missouri State Emergency Operations Plan be activated due to severe weather that began on March 6, 2017. (Mar. 7)",2017-03-07,https://www.sos.mo.gov/library/reference/orders/2017/eo8,C,county/county-equivalent,223,WAYNE,0,0,0.0,0.0,Hail,1,0.0
MO-EO-17-12,17-12,Eric R. Greitens,"Gov. Eric Greitens declares a State of Emergency and directs the Missouri State Emergency Operations Plan be activated due to severe weather beginning on April 28, 2017. (Apr. 28)",2017-04-28,https://www.sos.mo.gov/library/reference/orders/2017/eo12,C,county/county-equivalent,169,PULASKI,1,0,5412000.0,0.0,"Flash Flood, Thunderstorm Wind",3,5412000.0
MO-EO-17-12,17-12,Eric R. Greitens,"Gov. Eric Greitens declares a State of Emergency and directs the Missouri State Emergency Operations Plan be activated due to severe weather beginning on April 28, 2017. (Apr. 28)",2017-04-28,https://www.sos.mo.gov/library/reference/orders/2017/eo12,C,county/county-equivalent,43,CHRISTIAN,1,0,750000.0,0.0,"Flash Flood, Hail",4,750000.0
MO-EO-17-12,17-12,Eric R. Greitens,"Gov. Eric Greitens declares a State of Emergency and directs the Missouri State Emergency Operations Plan be activated due to severe weather beginning on April 28, 2017. (Apr. 28)",2017-04-28,https://www.sos.mo.gov/library/reference/orders/2017/eo12,C,county/county-equivalent,91,HOWELL,0,0,60102000.0,0.0,"Flash Flood, Hail, Heavy Rain, Thunderstorm Wind",11,60102000.0
MO-EO-17-12,17-12,Eric R. Greitens,"Gov. Eric Greitens declares a State of Emergency and directs the Missouri State Emergency Operations Plan be activated due to severe weather beginning on April 28, 2017. (Apr. 28)",2017-04-28,https://www.sos.mo.gov/library/reference/orders/2017/eo12,C,county/county-equivalent,213,TANEY,0,0,10010000.0,0.0,"Flash Flood, Hail, Heavy Rain, Thunderstorm Wind",10,10010000.0
MO-EO-17-12,17-12,Eric R. Greitens,"Gov. Eric Greitens declares a State of Emergency and directs the Missouri State Emergency Operations Plan be activated due to severe weather beginning on April 28, 2017. (Apr. 28)",2017-04-28,https://www.sos.mo.gov/library/reference/orders/2017/eo12,C,county/county-equivalent,215,TEXAS,0,0,8070000.0,0.0,"Flash Flood, Heavy Rain, Lightning",9,8070000.0
MO-EO-17-12,17-12,Eric R. Greitens,"Gov. Eric Greitens declares a State of Emergency and directs the Missouri State Emergency Operations Plan be activated due to severe weather beginning on April 28, 2017. (Apr. 28)",2017-04-28,https://www.sos.mo.gov/library/reference/orders/2017/eo12,C,county/county-equivalent,203,SHANNON,0,0,5000000.0,0.0,Flash Flood,1,5000000.0
MO-EO-17-12,17-12,Eric R. Greitens,"Gov. Eric Greitens declares a State of Emergency and directs the Missouri State Emergency Operations Plan be activated due to severe weather beginning on April 28, 2017. (Apr. 28)",2017-04-28,https://www.sos.mo.gov/library/reference/orders/2017/eo12,C,county/county-equivalent,149,OREGON,0,0,4000000.0,0.0,Flash Flood,1,4000000.0
MO-EO-17-12,17-12,Eric R. Greitens,"Gov. Eric Greitens declares a State of Emergency and directs the Missouri State Emergency Operations Plan be activated due to severe weather beginning on April 28, 2017. (Apr. 28)",2017-04-28,https://www.sos.mo.gov/library/reference/orders/2017/eo12,C,county/county-equivalent,153,OZARK,0,0,3011000.0,0.0,"Flash Flood, Hail, Heavy Rain, Thunderstorm Wind",10,3011000.0
MO-EO-17-12,17-12,Eric R. Greitens,"Gov. Eric Greitens declares a State of Emergency and directs the Missouri State Emergency Operations Plan be activated due to severe weather beginning on April 28, 2017. (Apr. 28)",2017-04-28,https://www.sos.mo.gov/library/reference/orders/2017/eo12,C,county/county-equivalent,67,DOUGLAS,0,0,3000000.0,0.0,"Flash Flood, Hail, Heavy Rain",10,3000000.0
MO-EO-17-12,17-12,Eric R. Greitens,"Gov. Eric Greitens declares a State of Emergency and directs the Missouri State Emergency Operations Plan be activated due to severe weather beginning on April 28, 2017. (Apr. 28)",2017-04-28,https://www.sos.mo.gov/library/reference/orders/2017/eo12,C,county/county-equivalent,209,STONE,0,0,2010000.0,0.0,"Flash Flood, Hail, Thunderstorm Wind, Tornado",8,2010000.0
MO-EO-17-12,17-12,Eric R. Greitens,"Gov. Eric Greitens declares a State of Emergency and directs the Missouri State Emergency Operations Plan be activated due to severe weather beginning on April 28, 2017. (Apr. 28)",2017-04-28,https://www.sos.mo.gov/library/reference/orders/2017/eo12,C,county/county-equivalent,131,MILLER,0,0,2000000.0,0.0,Flash Flood,2,2000000.0
MO-EO-17-12,17-12,Eric R. Greitens,"Gov. Eric Greitens declares a State of Emergency and directs the Missouri State Emergency Operations Plan be activated due to severe weather beginning on April 28, 2017. (Apr. 28)",2017-04-28,https://www.sos.mo.gov/library/reference/orders/2017/eo12,C,county/county-equivalent,229,WRIGHT,0,0,2000000.0,0.0,"Flash Flood, Hail, Heavy Rain",9,2000000.0
MO-EO-17-12,17-12,Eric R. Greitens,"Gov. Eric Greitens declares a State of Emergency and directs the Missouri State Emergency Operations Plan be activated due to severe weather beginning on April 28, 2017. (Apr. 28)",2017-04-28,https://www.sos.mo.gov/library/reference/orders/2017/eo12,C,county/county-equivalent,9,BARRY,0,0,1112000.0,0.0,"Flash Flood, Hail, Heavy Rain, Thunderstorm Wind, Tornado",19,1112000.0
MO-EO-17-12,17-12,Eric R. Greitens,"Gov. Eric Greitens declares a State of Emergency and directs the Missouri State Emergency Operations Plan be activated due to severe weather beginning on April 28, 2017. (Apr. 28)",2017-04-28,https://www.sos.mo.gov/library/reference/orders/2017/eo12,C,county/county-equivalent,65,DENT,0,0,1000000.0,0.0,Flash Flood,1,1000000.0
MO-EO-17-12,17-12,Eric R. Greitens,"Gov. Eric Greitens declares a State of Emergency and directs the Missouri State Emergency Operations Plan be activated due to severe weather beginning on April 28, 2017. (Apr. 28)",2017-04-28,https://www.sos.mo.gov/library/reference/orders/2017/eo12,C,county/county-equivalent,105,LACLEDE,0,0,1000000.0,0.0,Flash Flood,3,1000000.0
MO-EO-17-12,17-12,Eric R. Greitens,"Gov. Eric Greitens declares a State of Emergency and directs the Missouri State Emergency Operations Plan be activated due to severe weather beginning on April 28, 2017. (Apr. 28)",2017-04-28,https://www.sos.mo.gov/library/reference/orders/2017/eo12,C,county/county-equivalent,145,NEWTON,0,0,1000000.0,0.0,"Flash Flood, Hail, Heavy Rain",5,1000000.0
MO-EO-17-12,17-12,Eric R. Greitens,"Gov. Eric Greitens declares a State of Emergency and directs the Missouri State Emergency Operations Plan be activated due to severe weather beginning on April 28, 2017. (Apr. 28)",2017-04-28,https://www.sos.mo.gov/library/reference/orders/2017/eo12,C,county/county-equivalent,161,PHELPS,0,0,1000000.0,0.0,Flash Flood,1,1000000.0
MO-EO-17-12,17-12,Eric R. Greitens,"Gov. Eric Greitens declares a State of Emergency and directs the Missouri State Emergency Operations Plan be activated due to severe weather beginning on April 28, 2017. (Apr. 28)",2017-04-28,https://www.sos.mo.gov/library/reference/orders/2017/eo12,C,county/county-equivalent,225,WEBSTER,0,0,1000000.0,0.0,Flash Flood,2,1000000.0
MO-EO-17-12,17-12,Eric R. Greitens,"Gov. Eric Greitens declares a State of Emergency and directs the Missouri State Emergency Operations Plan be activated due to severe weather beginning on April 28, 2017. (Apr. 28)",2017-04-28,https://www.sos.mo.gov/library/reference/orders/2017/eo12,C,county/county-equivalent,109,LAWRENCE,0,0,800000.0,0.0,Flash Flood,2,800000.0
MO-EO-17-12,17-12,Eric R. Greitens,"Gov. Eric Greitens declares a State of Emergency and directs the Missouri State Emergency Operations Plan be activated due to severe weather beginning on April 28, 2017. (Apr. 28)",2017-04-28,https://www.sos.mo.gov/library/reference/orders/2017/eo12,C,county/county-equivalent,119,MCDONALD,0,0,770000.0,0.0,"Flash Flood, Heavy Rain, Thunderstorm Wind",7,770000.0
MO-EO-17-12,17-12,Eric R. Greitens,"Gov. Eric Greitens declares a State of Emergency and directs the Missouri State Emergency Operations Plan be activated due to severe weather beginning on April 28, 2017. (Apr. 28)",2017-04-28,https://www.sos.mo.gov/library/reference/orders/2017/eo12,C,county/county-equivalent,17,BOLLINGER,0,0,500000.0,0.0,"Flash Flood, Hail",2,500000.0
MO-EO-17-12,17-12,Eric R. Greitens,"Gov. Eric Greitens declares a State of Emergency and directs the Missouri State Emergency Operations Plan be activated due to severe weather beginning on April 28, 2017. (Apr. 28)",2017-04-28,https://www.sos.mo.gov/library/reference/orders/2017/eo12,C,county/county-equivalent,57,DADE,0,0,500000.0,0.0,Flash Flood,1,500000.0
MO-EO-17-12,17-12,Eric R. Greitens,"Gov. Eric Greitens declares a State of Emergency and directs the Missouri State Emergency Operations Plan be activated due to severe weather beginning on April 28, 2017. (Apr. 28)",2017-04-28,https://www.sos.mo.gov/library/reference/orders/2017/eo12,C,county/county-equivalent,77,GREENE,0,0,500000.0,0.0,"Flash Flood, Heavy Rain, Thunderstorm Wind",14,500000.0
MO-EO-17-12,17-12,Eric R. Greitens,"Gov. Eric Greitens declares a State of Emergency and directs the Missouri State Emergency Operations Plan be activated due to severe weather beginning on April 28, 2017. (Apr. 28)",2017-04-28,https://www.sos.mo.gov/library/reference/orders/2017/eo12,C,county/county-equivalent,97,JASPER,0,0,500000.0,0.0,Flash Flood,2,500000.0
MO-EO-17-12,17-12,Eric R. Greitens,"Gov. Eric Greitens declares a State of Emergency and directs the Missouri State Emergency Operations Plan be activated due to severe weather beginning on April 28, 2017. (Apr. 28)",2017-04-28,https://www.sos.mo.gov/library/reference/orders/2017/eo12,C,county/county-equivalent,69,DUNKLIN,0,0,351000.0,0.0,"Thunderstorm Wind, Tornado",4,351000.0
MO-EO-17-12,17-12,Eric R. Greitens,"Gov. Eric Greitens declares a State of Emergency and directs the Missouri State Emergency Operations Plan be activated due to severe weather beginning on April 28, 2017. (Apr. 28)",2017-04-28,https://www.sos.mo.gov/library/reference/orders/2017/eo12,C,county/county-equivalent,155,PEMISCOT,0,0,300000.0,0.0,Thunderstorm Wind,4,300000.0
MO-EO-17-12,17-12,Eric R. Greitens,"Gov. Eric Greitens declares a State of Emergency and directs the Missouri State Emergency Operations Plan be activated due to severe weather beginning on April 28, 2017. (Apr. 28)",2017-04-28,https://www.sos.mo.gov/library/reference/orders/2017/eo12,C,county/county-equivalent,11,BARTON,0,0,250000.0,0.0,Flash Flood,3,250000.0
MO-EO-17-12,17-12,Eric R. Greitens,"Gov. Eric Greitens declares a State of Emergency and directs the Missouri State Emergency Operations Plan be activated due to severe weather beginning on April 28, 2017. (Apr. 28)",2017-04-28,https://www.sos.mo.gov/library/reference/orders/2017/eo12,C,county/county-equivalent,39,CEDAR,0,0,200000.0,0.0,Flash Flood,1,200000.0
MO-EO-17-12,17-12,Eric R. Greitens,"Gov. Eric Greitens declares a State of Emergency and directs the Missouri State Emergency Operations Plan be activated due to severe weather beginning on April 28, 2017. (Apr. 28)",2017-04-28,https://www.sos.mo.gov/library/reference/orders/2017/eo12,C,county/county-equivalent,59,DALLAS,0,0,100000.0,0.0,Flash Flood,2,100000.0
MO-EO-17-12,17-12,Eric R. Greitens,"Gov. Eric Greitens declares a State of Emergency and directs the Missouri State Emergency Operations Plan be activated due to severe weather beginning on April 28, 2017. (Apr. 28)",2017-04-28,https://www.sos.mo.gov/library/reference/orders/2017/eo12,C,county/county-equivalent,167,POLK,0,0,100000.0,0.0,Flash Flood,1,100000.0
MO-EO-17-12,17-12,Eric R. Greitens,"Gov. Eric Greitens declares a State of Emergency and directs the Missouri State Emergency Operations Plan be activated due to severe weather beginning on April 28, 2017. (Apr. 28)",2017-04-28,https://www.sos.mo.gov/library/reference/orders/2017/eo12,C,county/county-equivalent,31,CAPE GIRARDEAU,0,0,70000.0,0.0,"Flash Flood, Hail",5,70000.0
MO-EO-17-12,17-12,Eric R. Greitens,"Gov. Eric Greitens declares a State of Emergency and directs the Missouri State Emergency Operations Plan be activated due to severe weather beginning on April 28, 2017. (Apr. 28)",2017-04-28,https://www.sos.mo.gov/library/reference/orders/2017/eo12,C,county/county-equivalent,143,NEW MADRID,0,0,60000.0,0.0,"Flash Flood, Hail, Tornado",3,60000.0
MO-EO-17-12,17-12,Eric R. Greitens,"Gov. Eric Greitens declares a State of Emergency and directs the Missouri State Emergency Operations Plan be activated due to severe weather beginning on April 28, 2017. (Apr. 28)",2017-04-28,https://www.sos.mo.gov/library/reference/orders/2017/eo12,C,county/county-equivalent,201,SCOTT,0,0,60000.0,0.0,Thunderstorm Wind,1,60000.0
MO-EO-17-12,17-12,Eric R. Greitens,"Gov. Eric Greitens declares a State of Emergency and directs the Missouri State Emergency Operations Plan be activated due to severe weather beginning on April 28, 2017. (Apr. 28)",2017-04-28,https://www.sos.mo.gov/library/reference/orders/2017/eo12,C,county/county-equivalent,35,CARTER,0,0,50000.0,0.0,"Flash Flood, Hail",2,50000.0
MO-EO-17-12,17-12,Eric R. Greitens,"Gov. Eric Greitens declares a State of Emergency and directs the Missouri State Emergency Operations Plan be activated due to severe weather beginning on April 28, 2017. (Apr. 28)",2017-04-28,https://www.sos.mo.gov/library/reference/orders/2017/eo12,C,county/county-equivalent,157,PERRY,0,0,10000.0,0.0,"Flash Flood, Thunderstorm Wind",3,10000.0
MO-EO-17-12,17-12,Eric R. Greitens,"Gov. Eric Greitens declares a State of Emergency and directs the Missouri State Emergency Operations Plan be activated due to severe weather beginning on April 28, 2017. (Apr. 28)",2017-04-28,https://www.sos.mo.gov/library/reference/orders/2017/eo12,C,county/county-equivalent,181,RIPLEY,0,0,1000.0,0.0,"Flash Flood, Thunderstorm Wind",2,1000.0
MO-EO-17-12,17-12,Eric R. Greitens,"Gov. Eric Greitens declares a State of Emergency and directs the Missouri State Emergency Operations Plan be activated due to severe weather beginning on April 28, 2017. (Apr. 28)",2017-04-28,https://www.sos.mo.gov/library/reference/orders/2017/eo12,C,county/county-equivalent,7,AUDRAIN,0,0,0.0,0.0,Hail,1,0.0
MO-EO-17-12,17-12,Eric R. Greitens,"Gov. Eric Greitens declares a State of Emergency and directs the Missouri State Emergency Operations Plan be activated due to severe weather beginning on April 28, 2017. (Apr. 28)",2017-04-28,https://www.sos.mo.gov/library/reference/orders/2017/eo12,C,county/county-equivalent,19,BOONE,0,0,0.0,0.0,Flash Flood,1,0.0
MO-EO-17-12,17-12,Eric R. Greitens,"Gov. Eric Greitens declares a State of Emergency and directs the Missouri State Emergency Operations Plan be activated due to severe weather beginning on April 28, 2017. (Apr. 28)",2017-04-28,https://www.sos.mo.gov/library/reference/orders/2017/eo12,C,county/county-equivalent,23,BUTLER,0,0,0.0,0.0,Flash Flood,1,0.0
MO-EO-17-12,17-12,Eric R. Greitens,"Gov. Eric Greitens declares a State of Emergency and directs the Missouri State Emergency Operations Plan be activated due to severe weather beginning on April 28, 2017. (Apr. 28)",2017-04-28,https://www.sos.mo.gov/library/reference/orders/2017/eo12,C,county/county-equivalent,29,CAMDEN,0,0,0.0,0.0,Heavy Rain,2,0.0
MO-EO-17-12,17-12,Eric R. Greitens,"Gov. Eric Greitens declares a State of Emergency and directs the Missouri State Emergency Operations Plan be activated due to severe weather beginning on April 28, 2017. (Apr. 28)",2017-04-28,https://www.sos.mo.gov/library/reference/orders/2017/eo12,C,county/county-equivalent,55,CRAWFORD,0,0,0.0,0.0,Flash Flood,1,0.0
MO-EO-17-12,17-12,Eric R. Greitens,"Gov. Eric Greitens declares a State of Emergency and directs the Missouri State Emergency Operations Plan be activated due to severe weather beginning on April 28, 2017. (Apr. 28)",2017-04-28,https://www.sos.mo.gov/library/reference/orders/2017/eo12,C,county/county-equivalent,93,IRON,0,0,0.0,0.0,"Flash Flood, Hail",2,0.0
MO-EO-17-12,17-12,Eric R. Greitens,"Gov. Eric Greitens declares a State of Emergency and directs the Missouri State Emergency Operations Plan be activated due to severe weather beginning on April 28, 2017. (Apr. 28)",2017-04-28,https://www.sos.mo.gov/library/reference/orders/2017/eo12,C,county/county-equivalent,113,LINCOLN,0,0,0.0,0.0,Flash Flood,1,0.0
MO-EO-17-12,17-12,Eric R. Greitens,"Gov. Eric Greitens declares a State of Emergency and directs the Missouri State Emergency Operations Plan be activated due to severe weather beginning on April 28, 2017. (Apr. 28)",2017-04-28,https://www.sos.mo.gov/library/reference/orders/2017/eo12,C,county/county-equivalent,123,MADISON,0,0,0.0,0.0,"Flash Flood, Thunderstorm Wind",2,0.0
MO-EO-17-12,17-12,Eric R. Greitens,"Gov. Eric Greitens declares a State of Emergency and directs the Missouri State Emergency Operations Plan be activated due to severe weather beginning on April 28, 2017. (Apr. 28)",2017-04-28,https://www.sos.mo.gov/library/reference/orders/2017/eo12,C,county/county-equivalent,125,MARIES,0,0,0.0,0.0,Thunderstorm Wind,1,0.0
MO-EO-17-12,17-12,Eric R. Greitens,"Gov. Eric Greitens declares a State of Emergency and directs the Missouri State Emergency Operations Plan be activated due to severe weather beginning on April 28, 2017. (Apr. 28)",2017-04-28,https://www.sos.mo.gov/library/reference/orders/2017/eo12,C,county/county-equivalent,135,MONITEAU,0,0,0.0,0.0,Flash Flood,1,0.0
MO-EO-17-12,17-12,Eric R. Greitens,"Gov. Eric Greitens declares a State of Emergency and directs the Missouri State Emergency Operations Plan be activated due to severe weather beginning on April 28, 2017. (Apr. 28)",2017-04-28,https://www.sos.mo.gov/library/reference/orders/2017/eo12,C,county/county-equivalent,137,MONROE,0,0,0.0,0.0,Thunderstorm Wind,1,0.0
MO-EO-17-12,17-12,Eric R. Greitens,"Gov. Eric Greitens declares a State of Emergency and directs the Missouri State Emergency Operations Plan be activated due to severe weather beginning on April 28, 2017. (Apr. 28)",2017-04-28,https://www.sos.mo.gov/library/reference/orders/2017/eo12,C,county/county-equivalent,139,MONTGOMERY,0,0,0.0,0.0,Flash Flood,1,0.0
MO-EO-17-12,17-12,Eric R. Greitens,"Gov. Eric Greitens declares a State of Emergency and directs the Missouri State Emergency Operations Plan be activated due to severe weather beginning on April 28, 2017. (Apr. 28)",2017-04-28,https://www.sos.mo.gov/library/reference/orders/2017/eo12,C,county/county-equivalent,141,MORGAN,0,0,0.0,0.0,Heavy Rain,1,0.0
MO-EO-17-12,17-12,Eric R. Greitens,"Gov. Eric Greitens declares a State of Emergency and directs the Missouri State Emergency Operations Plan be activated due to severe weather beginning on April 28, 2017. (Apr. 28)",2017-04-28,https://www.sos.mo.gov/library/reference/orders/2017/eo12,C,county/county-equivalent,151,OSAGE,0,0,0.0,0.0,Flash Flood,1,0.0
MO-EO-17-12,17-12,Eric R. Greitens,"Gov. Eric Greitens declares a State of Emergency and directs the Missouri State Emergency Operations Plan be activated due to severe weather beginning on April 28, 2017. (Apr. 28)",2017-04-28,https://www.sos.mo.gov/library/reference/orders/2017/eo12,C,county/county-equivalent,163,PIKE,0,0,0.0,0.0,Flash Flood,1,0.0
MO-EO-17-12,17-12,Eric R. Greitens,"Gov. Eric Greitens declares a State of Emergency and directs the Missouri State Emergency Operations Plan be activated due to severe weather beginning on April 28, 2017. (Apr. 28)",2017-04-28,https://www.sos.mo.gov/library/reference/orders/2017/eo12,C,county/county-equivalent,179,REYNOLDS,0,0,0.0,0.0,Flash Flood,1,0.0
MO-EO-17-12,17-12,Eric R. Greitens,"Gov. Eric Greitens declares a State of Emergency and directs the Missouri State Emergency Operations Plan be activated due to severe weather beginning on April 28, 2017. (Apr. 28)",2017-04-28,https://www.sos.mo.gov/library/reference/orders/2017/eo12,C,county/county-equivalent,183,ST. CHARLES,0,0,0.0,0.0,"Hail, Tornado",2,0.0
MO-EO-17-12,17-12,Eric R. Greitens,"Gov. Eric Greitens declares a State of Emergency and directs the Missouri State Emergency Operations Plan be activated due to severe weather beginning on April 28, 2017. (Apr. 28)",2017-04-28,https://www.sos.mo.gov/library/reference/orders/2017/eo12,C,county/county-equivalent,186,STE. GENEVIEVE,0,0,0.0,0.0,Flash Flood,1,0.0
MO-EO-17-12,17-12,Eric R. Greitens,"Gov. Eric Greitens declares a State of Emergency and directs the Missouri State Emergency Operations Plan be activated due to severe weather beginning on April 28, 2017. (Apr. 28)",2017-04-28,https://www.sos.mo.gov/library/reference/orders/2017/eo12,C,county/county-equivalent,187,ST. FRANCOIS,0,0,0.0,0.0,Flash Flood,1,0.0
MO-EO-17-12,17-12,Eric R. Greitens,"Gov. Eric Greitens declares a State of Emergency and directs the Missouri State Emergency Operations Plan be activated due to severe weather beginning on April 28, 2017. (Apr. 28)",2017-04-28,https://www.sos.mo.gov/library/reference/orders/2017/eo12,C,county/county-equivalent,189,ST. LOUIS,0,0,0.0,0.0,"Hail, Thunderstorm Wind",2,0.0
MO-EO-17-12,17-12,Eric R. Greitens,"Gov. Eric Greitens declares a State of Emergency and directs the Missouri State Emergency Operations Plan be activated due to severe weather beginning on April 28, 2017. (Apr. 28)",2017-04-28,https://www.sos.mo.gov/library/reference/orders/2017/eo12,C,county/county-equivalent,207,STODDARD,0,0,0.0,0.0,Flash Flood,1,0.0
MO-EO-17-12,17-12,Eric R. Greitens,"Gov. Eric Greitens declares a State of Emergency and directs the Missouri State Emergency Operations Plan be activated due to severe weather beginning on April 28, 2017. (Apr. 28)",2017-04-28,https://www.sos.mo.gov/library/reference/orders/2017/eo12,C,county/county-equivalent,219,WARREN,0,0,0.0,0.0,Thunderstorm Wind,1,0.0
MO-EO-17-12,17-12,Eric R. Greitens,"Gov. Eric Greitens declares a State of Emergency and directs the Missouri State Emergency Operations Plan be activated due to severe weather beginning on April 28, 2017. (Apr. 28)",2017-04-28,https://www.sos.mo.gov/library/reference/orders/2017/eo12,C,county/county-equivalent,221,WASHINGTON,0,0,0.0,0.0,Flash Flood,1,0.0
MO-EO-17-12,17-12,Eric R. Greitens,"Gov. Eric Greitens declares a State of Emergency and directs the Missouri State Emergency Operations Plan be activated due to severe weather beginning on April 28, 2017. (Apr. 28)",2017-04-28,https://www.sos.mo.gov/library/reference/orders/2017/eo12,C,county/county-equivalent,223,WAYNE,0,0,0.0,0.0,Flash Flood,1,0.0
MO-EO-18-02,18-02,Eric R. Greitens,"Gov. Eric Greitens declares a State of Emergency and orders and directs the Adjutant General to call into active service any state militia deemed necessary to support civilian authorities in response to severe weather that began on February 23, 2018. (Feb. 24)",2018-02-24,https://www.sos.mo.gov/library/reference/orders/2018/eo2,C,county/county-equivalent,69,DUNKLIN,0,5,2000000.0,0.0,Tornado,1,2000000.0
MO-EO-18-02,18-02,Eric R. Greitens,"Gov. Eric Greitens declares a State of Emergency and orders and directs the Adjutant General to call into active service any state militia deemed necessary to support civilian authorities in response to severe weather that began on February 23, 2018. (Feb. 24)",2018-02-24,https://www.sos.mo.gov/library/reference/orders/2018/eo2,C,county/county-equivalent,143,NEW MADRID,0,2,752000.0,0.0,"Flash Flood, Tornado",3,752000.0
MO-EO-18-02,18-02,Eric R. Greitens,"Gov. Eric Greitens declares a State of Emergency and orders and directs the Adjutant General to call into active service any state militia deemed necessary to support civilian authorities in response to severe weather that began on February 23, 2018. (Feb. 24)",2018-02-24,https://www.sos.mo.gov/library/reference/orders/2018/eo2,C,county/county-equivalent,23,BUTLER,0,0,25000.0,0.0,Flash Flood,1,25000.0
MO-EO-18-02,18-02,Eric R. Greitens,"Gov. Eric Greitens declares a State of Emergency and orders and directs the Adjutant General to call into active service any state militia deemed necessary to support civilian authorities in response to severe weather that began on February 23, 2018. (Feb. 24)",2018-02-24,https://www.sos.mo.gov/library/reference/orders/2018/eo2,C,county/county-equivalent,119,MCDONALD,0,0,10000.0,0.0,Flash Flood,1,10000.0
MO-EO-18-02,18-02,Eric R. Greitens,"Gov. Eric Greitens declares a State of Emergency and orders and directs the Adjutant General to call into active service any state militia deemed necessary to support civilian authorities in response to severe weather that began on February 23, 2018. (Feb. 24)",2018-02-24,https://www.sos.mo.gov/library/reference/orders/2018/eo2,C,county/county-equivalent,225,WEBSTER,0,0,10000.0,0.0,Flash Flood,1,10000.0
MO-EO-18-02,18-02,Eric R. Greitens,"Gov. Eric Greitens declares a State of Emergency and orders and directs the Adjutant General to call into active service any state militia deemed necessary to support civilian authorities in response to severe weather that began on February 23, 2018. (Feb. 24)",2018-02-24,https://www.sos.mo.gov/library/reference/orders/2018/eo2,C,county/county-equivalent,93,IRON,0,0,0.0,0.0,Flash Flood,1,0.0
MO-EO-18-02,18-02,Eric R. Greitens,"Gov. Eric Greitens declares a State of Emergency and orders and directs the Adjutant General to call into active service any state militia deemed necessary to support civilian authorities in response to severe weather that began on February 23, 2018. (Feb. 24)",2018-02-24,https://www.sos.mo.gov/library/reference/orders/2018/eo2,C,county/county-equivalent,179,REYNOLDS,0,0,0.0,0.0,Flash Flood,1,0.0
MO-EO-19-05,19-05,Michael L. Parson,"Gov. Michael Parson declares a State of Emergency and directs the Missouri State Emergency Operations Plan be activated due to severe flooding that began on March 11, 2019. (Mar. 21)",2019-03-21,https://www.sos.mo.gov/library/reference/orders/2019/eo5,C,county/county-equivalent,87,HOLT,0,0,100000.0,100000.0,Flash Flood,1,200000.0
MO-EO-19-08,19-08,Michael L. Parson,"Gov. Michael Parson declares a State of Emergency and directs the Missouri State Emergency Operations Plan be activated due to severe weather that began on April 29, 2019. (May 21)",2019-05-21,https://www.sos.mo.gov/library/reference/orders/2019/eo8,C,county/county-equivalent,11,BARTON,3,1,795000.0,0.0,"Hail, Heavy Rain, Thunderstorm Wind, Tornado",5,795000.0
MO-EO-19-08,19-08,Michael L. Parson,"Gov. Michael Parson declares a State of Emergency and directs the Missouri State Emergency Operations Plan be activated due to severe weather that began on April 29, 2019. (May 21)",2019-05-21,https://www.sos.mo.gov/library/reference/orders/2019/eo8,C,county/county-equivalent,51,COLE,0,32,170000000.0,0.0,"Thunderstorm Wind, Tornado",2,170000000.0
MO-EO-19-08,19-08,Michael L. Parson,"Gov. Michael Parson declares a State of Emergency and directs the Missouri State Emergency Operations Plan be activated due to severe weather that began on April 29, 2019. (May 21)",2019-05-21,https://www.sos.mo.gov/library/reference/orders/2019/eo8,C,county/county-equivalent,131,MILLER,0,1,4010000.0,0.0,"Thunderstorm Wind, Tornado",2,4010000.0
MO-EO-19-08,19-08,Michael L. Parson,"Gov. Michael Parson declares a State of Emergency and directs the Missouri State Emergency Operations Plan be activated due to severe weather that began on April 29, 2019. (May 21)",2019-05-21,https://www.sos.mo.gov/library/reference/orders/2019/eo8,C,county/county-equivalent,47,CLAY,0,1,0.0,0.0,"Flash Flood, Lightning",3,0.0
MO-EO-19-08,19-08,Michael L. Parson,"Gov. Michael Parson declares a State of Emergency and directs the Missouri State Emergency Operations Plan be activated due to severe weather that began on April 29, 2019. (May 21)",2019-05-21,https://www.sos.mo.gov/library/reference/orders/2019/eo8,C,county/county-equivalent,97,JASPER,0,0,5637000.0,0.0,"Flash Flood, Heavy Rain, Thunderstorm Wind, Tornado",27,5637000.0
MO-EO-19-08,19-08,Michael L. Parson,"Gov. Michael Parson declares a State of Emergency and directs the Missouri State Emergency Operations Plan be activated due to severe weather that began on April 29, 2019. (May 21)",2019-05-21,https://www.sos.mo.gov/library/reference/orders/2019/eo8,C,county/county-equivalent,229,WRIGHT,0,0,5000000.0,0.0,"Thunderstorm Wind, Tornado",3,5000000.0
MO-EO-19-08,19-08,Michael L. Parson,"Gov. Michael Parson declares a State of Emergency and directs the Missouri State Emergency Operations Plan be activated due to severe weather that began on April 29, 2019. (May 21)",2019-05-21,https://www.sos.mo.gov/library/reference/orders/2019/eo8,C,county/county-equivalent,85,HICKORY,0,0,3000000.0,0.0,Thunderstorm Wind,2,3000000.0
MO-EO-19-08,19-08,Michael L. Parson,"Gov. Michael Parson declares a State of Emergency and directs the Missouri State Emergency Operations Plan be activated due to severe weather that began on April 29, 2019. (May 21)",2019-05-21,https://www.sos.mo.gov/library/reference/orders/2019/eo8,C,county/county-equivalent,169,PULASKI,0,0,207000.0,0.0,"Thunderstorm Wind, Tornado",3,207000.0
MO-EO-19-08,19-08,Michael L. Parson,"Gov. Michael Parson declares a State of Emergency and directs the Missouri State Emergency Operations Plan be activated due to severe weather that began on April 29, 2019. (May 21)",2019-05-21,https://www.sos.mo.gov/library/reference/orders/2019/eo8,C,county/county-equivalent,77,GREENE,0,0,83000.0,0.0,"Flash Flood, Heavy Rain, Thunderstorm Wind, Tornado",31,83000.0
MO-EO-19-08,19-08,Michael L. Parson,"Gov. Michael Parson declares a State of Emergency and directs the Missouri State Emergency Operations Plan be activated due to severe weather that began on April 29, 2019. (May 21)",2019-05-21,https://www.sos.mo.gov/library/reference/orders/2019/eo8,C,county/county-equivalent,167,POLK,0,0,62000.0,0.0,"Flash Flood, Heavy Rain, Thunderstorm Wind",10,62000.0
MO-EO-19-08,19-08,Michael L. Parson,"Gov. Michael Parson declares a State of Emergency and directs the Missouri State Emergency Operations Plan be activated due to severe weather that began on April 29, 2019. (May 21)",2019-05-21,https://www.sos.mo.gov/library/reference/orders/2019/eo8,C,county/county-equivalent,207,STODDARD,0,0,50000.0,0.0,Thunderstorm Wind,1,50000.0
MO-EO-19-08,19-08,Michael L. Parson,"Gov. Michael Parson declares a State of Emergency and directs the Missouri State Emergency Operations Plan be activated due to severe weather that began on April 29, 2019. (May 21)",2019-05-21,https://www.sos.mo.gov/library/reference/orders/2019/eo8,C,county/county-equivalent,213,TANEY,0,0,47000.0,0.0,"Heavy Rain, Thunderstorm Wind",6,47000.0
MO-EO-19-08,19-08,Michael L. Parson,"Gov. Michael Parson declares a State of Emergency and directs the Missouri State Emergency Operations Plan be activated due to severe weather that began on April 29, 2019. (May 21)",2019-05-21,https://www.sos.mo.gov/library/reference/orders/2019/eo8,C,county/county-equivalent,29,CAMDEN,0,0,42500.0,0.0,"Hail, Thunderstorm Wind",6,42500.0
MO-EO-19-08,19-08,Michael L. Parson,"Gov. Michael Parson declares a State of Emergency and directs the Missouri State Emergency Operations Plan be activated due to severe weather that began on April 29, 2019. (May 21)",2019-05-21,https://www.sos.mo.gov/library/reference/orders/2019/eo8,C,county/county-equivalent,225,WEBSTER,0,0,35000.0,0.0,"Flash Flood, Tornado",2,35000.0
MO-EO-19-08,19-08,Michael L. Parson,"Gov. Michael Parson declares a State of Emergency and directs the Missouri State Emergency Operations Plan be activated due to severe weather that began on April 29, 2019. (May 21)",2019-05-21,https://www.sos.mo.gov/library/reference/orders/2019/eo8,C,county/county-equivalent,91,HOWELL,0,0,30000.0,0.0,Thunderstorm Wind,4,30000.0
MO-EO-19-08,19-08,Michael L. Parson,"Gov. Michael Parson declares a State of Emergency and directs the Missouri State Emergency Operations Plan be activated due to severe weather that began on April 29, 2019. (May 21)",2019-05-21,https://www.sos.mo.gov/library/reference/orders/2019/eo8,C,county/county-equivalent,209,STONE,0,0,30000.0,0.0,Thunderstorm Wind,4,30000.0
MO-EO-19-08,19-08,Michael L. Parson,"Gov. Michael Parson declares a State of Emergency and directs the Missouri State Emergency Operations Plan be activated due to severe weather that began on April 29, 2019. (May 21)",2019-05-21,https://www.sos.mo.gov/library/reference/orders/2019/eo8,C,county/county-equivalent,43,CHRISTIAN,0,0,23000.0,0.0,Thunderstorm Wind,3,23000.0
MO-EO-19-08,19-08,Michael L. Parson,"Gov. Michael Parson declares a State of Emergency and directs the Missouri State Emergency Operations Plan be activated due to severe weather that began on April 29, 2019. (May 21)",2019-05-21,https://www.sos.mo.gov/library/reference/orders/2019/eo8,C,county/county-equivalent,23,BUTLER,0,0,17000.0,0.0,Thunderstorm Wind,2,17000.0
MO-EO-19-08,19-08,Michael L. Parson,"Gov. Michael Parson declares a State of Emergency and directs the Missouri State Emergency Operations Plan be activated due to severe weather that began on April 29, 2019. (May 21)",2019-05-21,https://www.sos.mo.gov/library/reference/orders/2019/eo8,C,county/county-equivalent,15,BENTON,0,0,10000.0,0.0,"Hail, Thunderstorm Wind",2,10000.0
MO-EO-19-08,19-08,Michael L. Parson,"Gov. Michael Parson declares a State of Emergency and directs the Missouri State Emergency Operations Plan be activated due to severe weather that began on April 29, 2019. (May 21)",2019-05-21,https://www.sos.mo.gov/library/reference/orders/2019/eo8,C,county/county-equivalent,27,CALLAWAY,0,0,10000.0,0.0,"Thunderstorm Wind, Tornado",10,10000.0
MO-EO-19-08,19-08,Michael L. Parson,"Gov. Michael Parson declares a State of Emergency and directs the Missouri State Emergency Operations Plan be activated due to severe weather that began on April 29, 2019. (May 21)",2019-05-21,https://www.sos.mo.gov/library/reference/orders/2019/eo8,C,county/county-equivalent,65,DENT,0,0,10000.0,0.0,Thunderstorm Wind,3,10000.0
MO-EO-19-08,19-08,Michael L. Parson,"Gov. Michael Parson declares a State of Emergency and directs the Missouri State Emergency Operations Plan be activated due to severe weather that began on April 29, 2019. (May 21)",2019-05-21,https://www.sos.mo.gov/library/reference/orders/2019/eo8,C,county/county-equivalent,67,DOUGLAS,0,0,10000.0,0.0,"Flash Flood, Thunderstorm Wind",4,10000.0
MO-EO-19-08,19-08,Michael L. Parson,"Gov. Michael Parson declares a State of Emergency and directs the Missouri State Emergency Operations Plan be activated due to severe weather that began on April 29, 2019. (May 21)",2019-05-21,https://www.sos.mo.gov/library/reference/orders/2019/eo8,C,county/county-equivalent,9,BARRY,0,0,8000.0,0.0,"Flash Flood, Lightning, Thunderstorm Wind",6,8000.0
MO-EO-19-08,19-08,Michael L. Parson,"Gov. Michael Parson declares a State of Emergency and directs the Missouri State Emergency Operations Plan be activated due to severe weather that began on April 29, 2019. (May 21)",2019-05-21,https://www.sos.mo.gov/library/reference/orders/2019/eo8,C,county/county-equivalent,59,DALLAS,0,0,8000.0,0.0,"Flash Flood, Heavy Rain, Thunderstorm Wind",4,8000.0
MO-EO-19-08,19-08,Michael L. Parson,"Gov. Michael Parson declares a State of Emergency and directs the Missouri State Emergency Operations Plan be activated due to severe weather that began on April 29, 2019. (May 21)",2019-05-21,https://www.sos.mo.gov/library/reference/orders/2019/eo8,C,county/county-equivalent,185,ST. CLAIR,0,0,8000.0,0.0,"Hail, Thunderstorm Wind",2,8000.0
MO-EO-19-08,19-08,Michael L. Parson,"Gov. Michael Parson declares a State of Emergency and directs the Missouri State Emergency Operations Plan be activated due to severe weather that began on April 29, 2019. (May 21)",2019-05-21,https://www.sos.mo.gov/library/reference/orders/2019/eo8,C,county/county-equivalent,201,SCOTT,0,0,8000.0,0.0,Thunderstorm Wind,1,8000.0
MO-EO-19-08,19-08,Michael L. Parson,"Gov. Michael Parson declares a State of Emergency and directs the Missouri State Emergency Operations Plan be activated due to severe weather that began on April 29, 2019. (May 21)",2019-05-21,https://www.sos.mo.gov/library/reference/orders/2019/eo8,C,county/county-equivalent,223,WAYNE,0,0,4000.0,0.0,Thunderstorm Wind,1,4000.0
MO-EO-19-08,19-08,Michael L. Parson,"Gov. Michael Parson declares a State of Emergency and directs the Missouri State Emergency Operations Plan be activated due to severe weather that began on April 29, 2019. (May 21)",2019-05-21,https://www.sos.mo.gov/library/reference/orders/2019/eo8,C,county/county-equivalent,31,CAPE GIRARDEAU,0,0,2000.0,0.0,Thunderstorm Wind,2,2000.0
MO-EO-19-08,19-08,Michael L. Parson,"Gov. Michael Parson declares a State of Emergency and directs the Missouri State Emergency Operations Plan be activated due to severe weather that began on April 29, 2019. (May 21)",2019-05-21,https://www.sos.mo.gov/library/reference/orders/2019/eo8,C,county/county-equivalent,161,PHELPS,0,0,2000.0,0.0,"Thunderstorm Wind, Tornado",2,2000.0
MO-EO-19-08,19-08,Michael L. Parson,"Gov. Michael Parson declares a State of Emergency and directs the Missouri State Emergency Operations Plan be activated due to severe weather that began on April 29, 2019. (May 21)",2019-05-21,https://www.sos.mo.gov/library/reference/orders/2019/eo8,C,county/county-equivalent,119,MCDONALD,0,0,1000.0,0.0,"Flash Flood, Hail, Heavy Rain, Tornado",4,1000.0
MO-EO-19-08,19-08,Michael L. Parson,"Gov. Michael Parson declares a State of Emergency and directs the Missouri State Emergency Operations Plan be activated due to severe weather that began on April 29, 2019. (May 21)",2019-05-21,https://www.sos.mo.gov/library/reference/orders/2019/eo8,C,county/county-equivalent,7,AUDRAIN,0,0,0.0,0.0,"Hail, Thunderstorm Wind, Tornado",8,0.0
MO-EO-19-08,19-08,Michael L. Parson,"Gov. Michael Parson declares a State of Emergency and directs the Missouri State Emergency Operations Plan be activated due to severe weather that began on April 29, 2019. (May 21)",2019-05-21,https://www.sos.mo.gov/library/reference/orders/2019/eo8,C,county/county-equivalent,19,BOONE,0,0,0.0,0.0,Thunderstorm Wind,1,0.0
MO-EO-19-08,19-08,Michael L. Parson,"Gov. Michael Parson declares a State of Emergency and directs the Missouri State Emergency Operations Plan be activated due to severe weather that began on April 29, 2019. (May 21)",2019-05-21,https://www.sos.mo.gov/library/reference/orders/2019/eo8,C,county/county-equivalent,33,CARROLL,0,0,0.0,0.0,Thunderstorm Wind,1,0.0
MO-EO-19-08,19-08,Michael L. Parson,"Gov. Michael Parson declares a State of Emergency and directs the Missouri State Emergency Operations Plan be activated due to severe weather that began on April 29, 2019. (May 21)",2019-05-21,https://www.sos.mo.gov/library/reference/orders/2019/eo8,C,county/county-equivalent,35,CARTER,0,0,0.0,0.0,Flash Flood,1,0.0
MO-EO-19-08,19-08,Michael L. Parson,"Gov. Michael Parson declares a State of Emergency and directs the Missouri State Emergency Operations Plan be activated due to severe weather that began on April 29, 2019. (May 21)",2019-05-21,https://www.sos.mo.gov/library/reference/orders/2019/eo8,C,county/county-equivalent,37,CASS,0,0,0.0,0.0,"Flash Flood, Thunderstorm Wind",2,0.0
MO-EO-19-08,19-08,Michael L. Parson,"Gov. Michael Parson declares a State of Emergency and directs the Missouri State Emergency Operations Plan be activated due to severe weather that began on April 29, 2019. (May 21)",2019-05-21,https://www.sos.mo.gov/library/reference/orders/2019/eo8,C,county/county-equivalent,39,CEDAR,0,0,0.0,0.0,Hail,2,0.0
MO-EO-19-08,19-08,Michael L. Parson,"Gov. Michael Parson declares a State of Emergency and directs the Missouri State Emergency Operations Plan be activated due to severe weather that began on April 29, 2019. (May 21)",2019-05-21,https://www.sos.mo.gov/library/reference/orders/2019/eo8,C,county/county-equivalent,45,CLARK,0,0,0.0,0.0,Hail,2,0.0
MO-EO-19-08,19-08,Michael L. Parson,"Gov. Michael Parson declares a State of Emergency and directs the Missouri State Emergency Operations Plan be activated due to severe weather that began on April 29, 2019. (May 21)",2019-05-21,https://www.sos.mo.gov/library/reference/orders/2019/eo8,C,county/county-equivalent,55,CRAWFORD,0,0,0.0,0.0,Thunderstorm Wind,2,0.0
MO-EO-19-08,19-08,Michael L. Parson,"Gov. Michael Parson declares a State of Emergency and directs the Missouri State Emergency Operations Plan be activated due to severe weather that began on April 29, 2019. (May 21)",2019-05-21,https://www.sos.mo.gov/library/reference/orders/2019/eo8,C,county/county-equivalent,57,DADE,0,0,0.0,0.0,"Heavy Rain, Thunderstorm Wind",3,0.0
MO-EO-19-08,19-08,Michael L. Parson,"Gov. Michael Parson declares a State of Emergency and directs the Missouri State Emergency Operations Plan be activated due to severe weather that began on April 29, 2019. (May 21)",2019-05-21,https://www.sos.mo.gov/library/reference/orders/2019/eo8,C,county/county-equivalent,71,FRANKLIN,0,0,0.0,0.0,"Hail, Thunderstorm Wind, Tornado",3,0.0
MO-EO-19-08,19-08,Michael L. Parson,"Gov. Michael Parson declares a State of Emergency and directs the Missouri State Emergency Operations Plan be activated due to severe weather that began on April 29, 2019. (May 21)",2019-05-21,https://www.sos.mo.gov/library/reference/orders/2019/eo8,C,county/county-equivalent,73,GASCONADE,0,0,0.0,0.0,Thunderstorm Wind,1,0.0
MO-EO-19-08,19-08,Michael L. Parson,"Gov. Michael Parson declares a State of Emergency and directs the Missouri State Emergency Operations Plan be activated due to severe weather that began on April 29, 2019. (May 21)",2019-05-21,https://www.sos.mo.gov/library/reference/orders/2019/eo8,C,county/county-equivalent,89,HOWARD,0,0,0.0,0.0,"Hail, Tornado",2,0.0
MO-EO-19-08,19-08,Michael L. Parson,"Gov. Michael Parson declares a State of Emergency and directs the Missouri State Emergency Operations Plan be activated due to severe weather that began on April 29, 2019. (May 21)",2019-05-21,https://www.sos.mo.gov/library/reference/orders/2019/eo8,C,county/county-equivalent,95,JACKSON,0,0,0.0,0.0,"Flash Flood, Thunderstorm Wind, Tornado",6,0.0
MO-EO-19-08,19-08,Michael L. Parson,"Gov. Michael Parson declares a State of Emergency and directs the Missouri State Emergency Operations Plan be activated due to severe weather that began on April 29, 2019. (May 21)",2019-05-21,https://www.sos.mo.gov/library/reference/orders/2019/eo8,C,county/county-equivalent,101,JOHNSON,0,0,0.0,0.0,Thunderstorm Wind,2,0.0
MO-EO-19-08,19-08,Michael L. Parson,"Gov. Michael Parson declares a State of Emergency and directs the Missouri State Emergency Operations Plan be activated due to severe weather that began on April 29, 2019. (May 21)",2019-05-21,https://www.sos.mo.gov/library/reference/orders/2019/eo8,C,county/county-equivalent,105,LACLEDE,0,0,0.0,0.0,"Flash Flood, Hail, Thunderstorm Wind, Tornado",5,0.0
MO-EO-19-08,19-08,Michael L. Parson,"Gov. Michael Parson declares a State of Emergency and directs the Missouri State Emergency Operations Plan be activated due to severe weather that began on April 29, 2019. (May 21)",2019-05-21,https://www.sos.mo.gov/library/reference/orders/2019/eo8,C,county/county-equivalent,107,LAFAYETTE,0,0,0.0,0.0,Tornado,1,0.0
MO-EO-19-08,19-08,Michael L. Parson,"Gov. Michael Parson declares a State of Emergency and directs the Missouri State Emergency Operations Plan be activated due to severe weather that began on April 29, 2019. (May 21)",2019-05-21,https://www.sos.mo.gov/library/reference/orders/2019/eo8,C,county/county-equivalent,109,LAWRENCE,0,0,0.0,0.0,"Heavy Rain, Thunderstorm Wind",4,0.0
MO-EO-19-08,19-08,Michael L. Parson,"Gov. Michael Parson declares a State of Emergency and directs the Missouri State Emergency Operations Plan be activated due to severe weather that began on April 29, 2019. (May 21)",2019-05-21,https://www.sos.mo.gov/library/reference/orders/2019/eo8,C,county/county-equivalent,111,LEWIS,0,0,0.0,0.0,"Hail, Thunderstorm Wind",2,0.0
MO-EO-19-08,19-08,Michael L. Parson,"Gov. Michael Parson declares a State of Emergency and directs the Missouri State Emergency Operations Plan be activated due to severe weather that began on April 29, 2019. (May 21)",2019-05-21,https://www.sos.mo.gov/library/reference/orders/2019/eo8,C,county/county-equivalent,125,MARIES,0,0,0.0,0.0,Thunderstorm Wind,1,0.0
MO-EO-19-08,19-08,Michael L. Parson,"Gov. Michael Parson declares a State of Emergency and directs the Missouri State Emergency Operations Plan be activated due to severe weather that began on April 29, 2019. (May 21)",2019-05-21,https://www.sos.mo.gov/library/reference/orders/2019/eo8,C,county/county-equivalent,135,MONITEAU,0,0,0.0,0.0,Thunderstorm Wind,1,0.0
MO-EO-19-08,19-08,Michael L. Parson,"Gov. Michael Parson declares a State of Emergency and directs the Missouri State Emergency Operations Plan be activated due to severe weather that began on April 29, 2019. (May 21)",2019-05-21,https://www.sos.mo.gov/library/reference/orders/2019/eo8,C,county/county-equivalent,137,MONROE,0,0,0.0,0.0,Hail,1,0.0
MO-EO-19-08,19-08,Michael L. Parson,"Gov. Michael Parson declares a State of Emergency and directs the Missouri State Emergency Operations Plan be activated due to severe weather that began on April 29, 2019. (May 21)",2019-05-21,https://www.sos.mo.gov/library/reference/orders/2019/eo8,C,county/county-equivalent,139,MONTGOMERY,0,0,0.0,0.0,Thunderstorm Wind,1,0.0
MO-EO-19-08,19-08,Michael L. Parson,"Gov. Michael Parson declares a State of Emergency and directs the Missouri State Emergency Operations Plan be activated due to severe weather that began on April 29, 2019. (May 21)",2019-05-21,https://www.sos.mo.gov/library/reference/orders/2019/eo8,C,county/county-equivalent,141,MORGAN,0,0,0.0,0.0,Flash Flood,1,0.0
MO-EO-19-08,19-08,Michael L. Parson,"Gov. Michael Parson declares a State of Emergency and directs the Missouri State Emergency Operations Plan be activated due to severe weather that began on April 29, 2019. (May 21)",2019-05-21,https://www.sos.mo.gov/library/reference/orders/2019/eo8,C,county/county-equivalent,145,NEWTON,0,0,0.0,0.0,"Flash Flood, Hail, Heavy Rain, Thunderstorm Wind",10,0.0
MO-EO-19-08,19-08,Michael L. Parson,"Gov. Michael Parson declares a State of Emergency and directs the Missouri State Emergency Operations Plan be activated due to severe weather that began on April 29, 2019. (May 21)",2019-05-21,https://www.sos.mo.gov/library/reference/orders/2019/eo8,C,county/county-equivalent,151,OSAGE,0,0,0.0,0.0,Thunderstorm Wind,1,0.0
MO-EO-19-08,19-08,Michael L. Parson,"Gov. Michael Parson declares a State of Emergency and directs the Missouri State Emergency Operations Plan be activated due to severe weather that began on April 29, 2019. (May 21)",2019-05-21,https://www.sos.mo.gov/library/reference/orders/2019/eo8,C,county/county-equivalent,153,OZARK,0,0,0.0,0.0,Thunderstorm Wind,3,0.0
MO-EO-19-08,19-08,Michael L. Parson,"Gov. Michael Parson declares a State of Emergency and directs the Missouri State Emergency Operations Plan be activated due to severe weather that began on April 29, 2019. (May 21)",2019-05-21,https://www.sos.mo.gov/library/reference/orders/2019/eo8,C,county/county-equivalent,163,PIKE,0,0,0.0,0.0,Thunderstorm Wind,3,0.0
MO-EO-19-08,19-08,Michael L. Parson,"Gov. Michael Parson declares a State of Emergency and directs the Missouri State Emergency Operations Plan be activated due to severe weather that began on April 29, 2019. (May 21)",2019-05-21,https://www.sos.mo.gov/library/reference/orders/2019/eo8,C,county/county-equivalent,165,PLATTE,0,0,0.0,0.0,Thunderstorm Wind,1,0.0
MO-EO-19-08,19-08,Michael L. Parson,"Gov. Michael Parson declares a State of Emergency and directs the Missouri State Emergency Operations Plan be activated due to severe weather that began on April 29, 2019. (May 21)",2019-05-21,https://www.sos.mo.gov/library/reference/orders/2019/eo8,C,county/county-equivalent,173,RALLS,0,0,0.0,0.0,Thunderstorm Wind,1,0.0
MO-EO-19-08,19-08,Michael L. Parson,"Gov. Michael Parson declares a State of Emergency and directs the Missouri State Emergency Operations Plan be activated due to severe weather that began on April 29, 2019. (May 21)",2019-05-21,https://www.sos.mo.gov/library/reference/orders/2019/eo8,C,county/county-equivalent,175,RANDOLPH,0,0,0.0,0.0,"Hail, Thunderstorm Wind",6,0.0
MO-EO-19-08,19-08,Michael L. Parson,"Gov. Michael Parson declares a State of Emergency and directs the Missouri State Emergency Operations Plan be activated due to severe weather that began on April 29, 2019. (May 21)",2019-05-21,https://www.sos.mo.gov/library/reference/orders/2019/eo8,C,county/county-equivalent,183,ST. CHARLES,0,0,0.0,0.0,"Hail, Thunderstorm Wind, Tornado",3,0.0
MO-EO-19-08,19-08,Michael L. Parson,"Gov. Michael Parson declares a State of Emergency and directs the Missouri State Emergency Operations Plan be activated due to severe weather that began on April 29, 2019. (May 21)",2019-05-21,https://www.sos.mo.gov/library/reference/orders/2019/eo8,C,county/county-equivalent,189,ST. LOUIS,0,0,0.0,0.0,Thunderstorm Wind,3,0.0
MO-EO-19-08,19-08,Michael L. Parson,"Gov. Michael Parson declares a State of Emergency and directs the Missouri State Emergency Operations Plan be activated due to severe weather that began on April 29, 2019. (May 21)",2019-05-21,https://www.sos.mo.gov/library/reference/orders/2019/eo8,C,county/county-equivalent,205,SHELBY,0,0,0.0,0.0,Hail,1,0.0
MO-EO-19-08,19-08,Michael L. Parson,"Gov. Michael Parson declares a State of Emergency and directs the Missouri State Emergency Operations Plan be activated due to severe weather that began on April 29, 2019. (May 21)",2019-05-21,https://www.sos.mo.gov/library/reference/orders/2019/eo8,C,county/county-equivalent,215,TEXAS,0,0,0.0,0.0,Flash Flood,1,0.0
MO-EO-19-08,19-08,Michael L. Parson,"Gov. Michael Parson declares a State of Emergency and directs the Missouri State Emergency Operations Plan be activated due to severe weather that began on April 29, 2019. (May 21)",2019-05-21,https://www.sos.mo.gov/library/reference/orders/2019/eo8,C,county/county-equivalent,217,VERNON,0,0,0.0,0.0,"Hail, Thunderstorm Wind",3,0.0
MO-EO-22-02,22-02,Michael L. Parson,Gov. Michael Parson declares a State of Emergency and directs the Missouri State Emergency Operations Plan be activated due to forecasted severe winter storm systems. The Adjutant General is ordered to call into active service any state militia deemed necessary to support civilian authorities. (Feb. 1) - Terminated by Executive Order 22-03,2022-02-01,https://www.sos.mo.gov/library/reference/orders/2022/eo2,Z,NWS forecast zone,112,MISSISSIPPI,0,0,5000.0,0.0,Winter Storm,1,5000.0
MO-EO-22-02,22-02,Michael L. Parson,Gov. Michael Parson declares a State of Emergency and directs the Missouri State Emergency Operations Plan be activated due to forecasted severe winter storm systems. The Adjutant General is ordered to call into active service any state militia deemed necessary to support civilian authorities. (Feb. 1) - Terminated by Executive Order 22-03,2022-02-01,https://www.sos.mo.gov/library/reference/orders/2022/eo2,Z,NWS forecast zone,114,NEW MADRID,0,0,5000.0,0.0,Winter Storm,1,5000.0
MO-EO-22-02,22-02,Michael L. Parson,Gov. Michael Parson declares a State of Emergency and directs the Missouri State Emergency Operations Plan be activated due to forecasted severe winter storm systems. The Adjutant General is ordered to call into active service any state militia deemed necessary to support civilian authorities. (Feb. 1) - Terminated by Executive Order 22-03,2022-02-01,https://www.sos.mo.gov/library/reference/orders/2022/eo2,Z,NWS forecast zone,18,KNOX,0,0,0.0,0.0,Heavy Snow,1,0.0
MO-EO-22-02,22-02,Michael L. Parson,Gov. Michael Parson declares a State of Emergency and directs the Missouri State Emergency Operations Plan be activated due to forecasted severe winter storm systems. The Adjutant General is ordered to call into active service any state militia deemed necessary to support civilian authorities. (Feb. 1) - Terminated by Executive Order 22-03,2022-02-01,https://www.sos.mo.gov/library/reference/orders/2022/eo2,Z,NWS forecast zone,19,LEWIS,0,0,0.0,0.0,Heavy Snow,1,0.0
MO-EO-22-02,22-02,Michael L. Parson,Gov. Michael Parson declares a State of Emergency and directs the Missouri State Emergency Operations Plan be activated due to forecasted severe winter storm systems. The Adjutant General is ordered to call into active service any state militia deemed necessary to support civilian authorities. (Feb. 1) - Terminated by Executive Order 22-03,2022-02-01,https://www.sos.mo.gov/library/reference/orders/2022/eo2,Z,NWS forecast zone,25,MACON,0,0,0.0,0.0,Heavy Snow,1,0.0
MO-EO-22-02,22-02,Michael L. Parson,Gov. Michael Parson declares a State of Emergency and directs the Missouri State Emergency Operations Plan be activated due to forecasted severe winter storm systems. The Adjutant General is ordered to call into active service any state militia deemed necessary to support civilian authorities. (Feb. 1) - Terminated by Executive Order 22-03,2022-02-01,https://www.sos.mo.gov/library/reference/orders/2022/eo2,Z,NWS forecast zone,26,SHELBY,0,0,0.0,0.0,Heavy Snow,1,0.0
MO-EO-22-02,22-02,Michael L. Parson,Gov. Michael Parson declares a State of Emergency and directs the Missouri State Emergency Operations Plan be activated due to forecasted severe winter storm systems. The Adjutant General is ordered to call into active service any state militia deemed necessary to support civilian authorities. (Feb. 1) - Terminated by Executive Order 22-03,2022-02-01,https://www.sos.mo.gov/library/reference/orders/2022/eo2,Z,NWS forecast zone,27,MARION,0,0,0.0,0.0,Heavy Snow,1,0.0
MO-EO-22-02,22-02,Michael L. Parson,Gov. Michael Parson declares a State of Emergency and directs the Missouri State Emergency Operations Plan be activated due to forecasted severe winter storm systems. The Adjutant General is ordered to call into active service any state militia deemed necessary to support civilian authorities. (Feb. 1) - Terminated by Executive Order 22-03,2022-02-01,https://www.sos.mo.gov/library/reference/orders/2022/eo2,Z,NWS forecast zone,31,CARROLL,0,0,0.0,0.0,Heavy Snow,1,0.0
MO-EO-22-02,22-02,Michael L. Parson,Gov. Michael Parson declares a State of Emergency and directs the Missouri State Emergency Operations Plan be activated due to forecasted severe winter storm systems. The Adjutant General is ordered to call into active service any state militia deemed necessary to support civilian authorities. (Feb. 1) - Terminated by Executive Order 22-03,2022-02-01,https://www.sos.mo.gov/library/reference/orders/2022/eo2,Z,NWS forecast zone,32,CHARITON,0,0,0.0,0.0,Heavy Snow,1,0.0
MO-EO-22-02,22-02,Michael L. Parson,Gov. Michael Parson declares a State of Emergency and directs the Missouri State Emergency Operations Plan be activated due to forecasted severe winter storm systems. The Adjutant General is ordered to call into active service any state militia deemed necessary to support civilian authorities. (Feb. 1) - Terminated by Executive Order 22-03,2022-02-01,https://www.sos.mo.gov/library/reference/orders/2022/eo2,Z,NWS forecast zone,33,RANDOLPH,0,0,0.0,0.0,Heavy Snow,1,0.0
MO-EO-22-02,22-02,Michael L. Parson,Gov. Michael Parson declares a State of Emergency and directs the Missouri State Emergency Operations Plan be activated due to forecasted severe winter storm systems. The Adjutant General is ordered to call into active service any state militia deemed necessary to support civilian authorities. (Feb. 1) - Terminated by Executive Order 22-03,2022-02-01,https://www.sos.mo.gov/library/reference/orders/2022/eo2,Z,NWS forecast zone,34,MONROE,0,0,0.0,0.0,Heavy Snow,1,0.0
MO-EO-22-02,22-02,Michael L. Parson,Gov. Michael Parson declares a State of Emergency and directs the Missouri State Emergency Operations Plan be activated due to forecasted severe winter storm systems. The Adjutant General is ordered to call into active service any state militia deemed necessary to support civilian authorities. (Feb. 1) - Terminated by Executive Order 22-03,2022-02-01,https://www.sos.mo.gov/library/reference/orders/2022/eo2,Z,NWS forecast zone,35,RALLS,0,0,0.0,0.0,Heavy Snow,1,0.0
MO-EO-22-02,22-02,Michael L. Parson,Gov. Michael Parson declares a State of Emergency and directs the Missouri State Emergency Operations Plan be activated due to forecasted severe winter storm systems. The Adjutant General is ordered to call into active service any state militia deemed necessary to support civilian authorities. (Feb. 1) - Terminated by Executive Order 22-03,2022-02-01,https://www.sos.mo.gov/library/reference/orders/2022/eo2,Z,NWS forecast zone,36,PIKE,0,0,0.0,0.0,Heavy Snow,1,0.0
MO-EO-22-02,22-02,Michael L. Parson,Gov. Michael Parson declares a State of Emergency and directs the Missouri State Emergency Operations Plan be activated due to forecasted severe winter storm systems. The Adjutant General is ordered to call into active service any state militia deemed necessary to support civilian authorities. (Feb. 1) - Terminated by Executive Order 22-03,2022-02-01,https://www.sos.mo.gov/library/reference/orders/2022/eo2,Z,NWS forecast zone,38,LAFAYETTE,0,0,0.0,0.0,Heavy Snow,1,0.0
MO-EO-22-02,22-02,Michael L. Parson,Gov. Michael Parson declares a State of Emergency and directs the Missouri State Emergency Operations Plan be activated due to forecasted severe winter storm systems. The Adjutant General is ordered to call into active service any state militia deemed necessary to support civilian authorities. (Feb. 1) - Terminated by Executive Order 22-03,2022-02-01,https://www.sos.mo.gov/library/reference/orders/2022/eo2,Z,NWS forecast zone,39,SALINE,0,0,0.0,0.0,Heavy Snow,1,0.0
MO-EO-22-02,22-02,Michael L. Parson,Gov. Michael Parson declares a State of Emergency and directs the Missouri State Emergency Operations Plan be activated due to forecasted severe winter storm systems. The Adjutant General is ordered to call into active service any state militia deemed necessary to support civilian authorities. (Feb. 1) - Terminated by Executive Order 22-03,2022-02-01,https://www.sos.mo.gov/library/reference/orders/2022/eo2,Z,NWS forecast zone,40,HOWARD,0,0,0.0,0.0,Heavy Snow,1,0.0
MO-EO-22-02,22-02,Michael L. Parson,Gov. Michael Parson declares a State of Emergency and directs the Missouri State Emergency Operations Plan be activated due to forecasted severe winter storm systems. The Adjutant General is ordered to call into active service any state militia deemed necessary to support civilian authorities. (Feb. 1) - Terminated by Executive Order 22-03,2022-02-01,https://www.sos.mo.gov/library/reference/orders/2022/eo2,Z,NWS forecast zone,41,BOONE,0,0,0.0,0.0,Heavy Snow,1,0.0
MO-EO-22-02,22-02,Michael L. Parson,Gov. Michael Parson declares a State of Emergency and directs the Missouri State Emergency Operations Plan be activated due to forecasted severe winter storm systems. The Adjutant General is ordered to call into active service any state militia deemed necessary to support civilian authorities. (Feb. 1) - Terminated by Executive Order 22-03,2022-02-01,https://www.sos.mo.gov/library/reference/orders/2022/eo2,Z,NWS forecast zone,42,AUDRAIN,0,0,0.0,0.0,Heavy Snow,1,0.0
MO-EO-22-02,22-02,Michael L. Parson,Gov. Michael Parson declares a State of Emergency and directs the Missouri State Emergency Operations Plan be activated due to forecasted severe winter storm systems. The Adjutant General is ordered to call into active service any state militia deemed necessary to support civilian authorities. (Feb. 1) - Terminated by Executive Order 22-03,2022-02-01,https://www.sos.mo.gov/library/reference/orders/2022/eo2,Z,NWS forecast zone,44,JOHNSON,0,0,0.0,0.0,Heavy Snow,1,0.0
MO-EO-22-02,22-02,Michael L. Parson,Gov. Michael Parson declares a State of Emergency and directs the Missouri State Emergency Operations Plan be activated due to forecasted severe winter storm systems. The Adjutant General is ordered to call into active service any state militia deemed necessary to support civilian authorities. (Feb. 1) - Terminated by Executive Order 22-03,2022-02-01,https://www.sos.mo.gov/library/reference/orders/2022/eo2,Z,NWS forecast zone,45,PETTIS,0,0,0.0,0.0,Heavy Snow,1,0.0
MO-EO-22-02,22-02,Michael L. Parson,Gov. Michael Parson declares a State of Emergency and directs the Missouri State Emergency Operations Plan be activated due to forecasted severe winter storm systems. The Adjutant General is ordered to call into active service any state militia deemed necessary to support civilian authorities. (Feb. 1) - Terminated by Executive Order 22-03,2022-02-01,https://www.sos.mo.gov/library/reference/orders/2022/eo2,Z,NWS forecast zone,46,COOPER,0,0,0.0,0.0,Heavy Snow,1,0.0
MO-EO-22-02,22-02,Michael L. Parson,Gov. Michael Parson declares a State of Emergency and directs the Missouri State Emergency Operations Plan be activated due to forecasted severe winter storm systems. The Adjutant General is ordered to call into active service any state militia deemed necessary to support civilian authorities. (Feb. 1) - Terminated by Executive Order 22-03,2022-02-01,https://www.sos.mo.gov/library/reference/orders/2022/eo2,Z,NWS forecast zone,47,MONITEAU,0,0,0.0,0.0,Heavy Snow,1,0.0
MO-EO-22-02,22-02,Michael L. Parson,Gov. Michael Parson declares a State of Emergency and directs the Missouri State Emergency Operations Plan be activated due to forecasted severe winter storm systems. The Adjutant General is ordered to call into active service any state militia deemed necessary to support civilian authorities. (Feb. 1) - Terminated by Executive Order 22-03,2022-02-01,https://www.sos.mo.gov/library/reference/orders/2022/eo2,Z,NWS forecast zone,48,COLE,0,0,0.0,0.0,Heavy Snow,1,0.0
MO-EO-22-02,22-02,Michael L. Parson,Gov. Michael Parson declares a State of Emergency and directs the Missouri State Emergency Operations Plan be activated due to forecasted severe winter storm systems. The Adjutant General is ordered to call into active service any state militia deemed necessary to support civilian authorities. (Feb. 1) - Terminated by Executive Order 22-03,2022-02-01,https://www.sos.mo.gov/library/reference/orders/2022/eo2,Z,NWS forecast zone,49,OSAGE,0,0,0.0,0.0,Heavy Snow,1,0.0
MO-EO-22-02,22-02,Michael L. Parson,Gov. Michael Parson declares a State of Emergency and directs the Missouri State Emergency Operations Plan be activated due to forecasted severe winter storm systems. The Adjutant General is ordered to call into active service any state militia deemed necessary to support civilian authorities. (Feb. 1) - Terminated by Executive Order 22-03,2022-02-01,https://www.sos.mo.gov/library/reference/orders/2022/eo2,Z,NWS forecast zone,50,CALLAWAY,0,0,0.0,0.0,Heavy Snow,1,0.0
MO-EO-22-02,22-02,Michael L. Parson,Gov. Michael Parson declares a State of Emergency and directs the Missouri State Emergency Operations Plan be activated due to forecasted severe winter storm systems. The Adjutant General is ordered to call into active service any state militia deemed necessary to support civilian authorities. (Feb. 1) - Terminated by Executive Order 22-03,2022-02-01,https://www.sos.mo.gov/library/reference/orders/2022/eo2,Z,NWS forecast zone,51,MONTGOMERY,0,0,0.0,0.0,Heavy Snow,1,0.0
MO-EO-22-02,22-02,Michael L. Parson,Gov. Michael Parson declares a State of Emergency and directs the Missouri State Emergency Operations Plan be activated due to forecasted severe winter storm systems. The Adjutant General is ordered to call into active service any state militia deemed necessary to support civilian authorities. (Feb. 1) - Terminated by Executive Order 22-03,2022-02-01,https://www.sos.mo.gov/library/reference/orders/2022/eo2,Z,NWS forecast zone,52,LINCOLN,0,0,0.0,0.0,Heavy Snow,1,0.0
MO-EO-22-02,22-02,Michael L. Parson,Gov. Michael Parson declares a State of Emergency and directs the Missouri State Emergency Operations Plan be activated due to forecasted severe winter storm systems. The Adjutant General is ordered to call into active service any state militia deemed necessary to support civilian authorities. (Feb. 1) - Terminated by Executive Order 22-03,2022-02-01,https://www.sos.mo.gov/library/reference/orders/2022/eo2,Z,NWS forecast zone,54,HENRY,0,0,0.0,0.0,Heavy Snow,1,0.0
MO-EO-22-02,22-02,Michael L. Parson,Gov. Michael Parson declares a State of Emergency and directs the Missouri State Emergency Operations Plan be activated due to forecasted severe winter storm systems. The Adjutant General is ordered to call into active service any state militia deemed necessary to support civilian authorities. (Feb. 1) - Terminated by Executive Order 22-03,2022-02-01,https://www.sos.mo.gov/library/reference/orders/2022/eo2,Z,NWS forecast zone,55,BENTON,0,0,0.0,0.0,Winter Storm,1,0.0
MO-EO-22-02,22-02,Michael L. Parson,Gov. Michael Parson declares a State of Emergency and directs the Missouri State Emergency Operations Plan be activated due to forecasted severe winter storm systems. The Adjutant General is ordered to call into active service any state militia deemed necessary to support civilian authorities. (Feb. 1) - Terminated by Executive Order 22-03,2022-02-01,https://www.sos.mo.gov/library/reference/orders/2022/eo2,Z,NWS forecast zone,56,MORGAN,0,0,0.0,0.0,Winter Storm,1,0.0
MO-EO-22-02,22-02,Michael L. Parson,Gov. Michael Parson declares a State of Emergency and directs the Missouri State Emergency Operations Plan be activated due to forecasted severe winter storm systems. The Adjutant General is ordered to call into active service any state militia deemed necessary to support civilian authorities. (Feb. 1) - Terminated by Executive Order 22-03,2022-02-01,https://www.sos.mo.gov/library/reference/orders/2022/eo2,Z,NWS forecast zone,57,MILLER,0,0,0.0,0.0,Winter Storm,1,0.0
MO-EO-22-02,22-02,Michael L. Parson,Gov. Michael Parson declares a State of Emergency and directs the Missouri State Emergency Operations Plan be activated due to forecasted severe winter storm systems. The Adjutant General is ordered to call into active service any state militia deemed necessary to support civilian authorities. (Feb. 1) - Terminated by Executive Order 22-03,2022-02-01,https://www.sos.mo.gov/library/reference/orders/2022/eo2,Z,NWS forecast zone,58,MARIES,0,0,0.0,0.0,Winter Storm,1,0.0
MO-EO-22-02,22-02,Michael L. Parson,Gov. Michael Parson declares a State of Emergency and directs the Missouri State Emergency Operations Plan be activated due to forecasted severe winter storm systems. The Adjutant General is ordered to call into active service any state militia deemed necessary to support civilian authorities. (Feb. 1) - Terminated by Executive Order 22-03,2022-02-01,https://www.sos.mo.gov/library/reference/orders/2022/eo2,Z,NWS forecast zone,59,GASCONADE,0,0,0.0,0.0,Heavy Snow,1,0.0
MO-EO-22-02,22-02,Michael L. Parson,Gov. Michael Parson declares a State of Emergency and directs the Missouri State Emergency Operations Plan be activated due to forecasted severe winter storm systems. The Adjutant General is ordered to call into active service any state militia deemed necessary to support civilian authorities. (Feb. 1) - Terminated by Executive Order 22-03,2022-02-01,https://www.sos.mo.gov/library/reference/orders/2022/eo2,Z,NWS forecast zone,60,WARREN,0,0,0.0,0.0,Heavy Snow,1,0.0
MO-EO-22-02,22-02,Michael L. Parson,Gov. Michael Parson declares a State of Emergency and directs the Missouri State Emergency Operations Plan be activated due to forecasted severe winter storm systems. The Adjutant General is ordered to call into active service any state militia deemed necessary to support civilian authorities. (Feb. 1) - Terminated by Executive Order 22-03,2022-02-01,https://www.sos.mo.gov/library/reference/orders/2022/eo2,Z,NWS forecast zone,61,ST. CHARLES,0,0,0.0,0.0,Heavy Snow,1,0.0
MO-EO-22-02,22-02,Michael L. Parson,Gov. Michael Parson declares a State of Emergency and directs the Missouri State Emergency Operations Plan be activated due to forecasted severe winter storm systems. The Adjutant General is ordered to call into active service any state militia deemed necessary to support civilian authorities. (Feb. 1) - Terminated by Executive Order 22-03,2022-02-01,https://www.sos.mo.gov/library/reference/orders/2022/eo2,Z,NWS forecast zone,62,FRANKLIN,0,0,0.0,0.0,Heavy Snow,1,0.0
MO-EO-22-02,22-02,Michael L. Parson,Gov. Michael Parson declares a State of Emergency and directs the Missouri State Emergency Operations Plan be activated due to forecasted severe winter storm systems. The Adjutant General is ordered to call into active service any state militia deemed necessary to support civilian authorities. (Feb. 1) - Terminated by Executive Order 22-03,2022-02-01,https://www.sos.mo.gov/library/reference/orders/2022/eo2,Z,NWS forecast zone,63,ST. LOUIS,0,0,0.0,0.0,Heavy Snow,1,0.0
MO-EO-22-02,22-02,Michael L. Parson,Gov. Michael Parson declares a State of Emergency and directs the Missouri State Emergency Operations Plan be activated due to forecasted severe winter storm systems. The Adjutant General is ordered to call into active service any state militia deemed necessary to support civilian authorities. (Feb. 1) - Terminated by Executive Order 22-03,2022-02-01,https://www.sos.mo.gov/library/reference/orders/2022/eo2,Z,NWS forecast zone,64,ST. LOUIS (C),0,0,0.0,0.0,Heavy Snow,1,0.0
MO-EO-22-02,22-02,Michael L. Parson,Gov. Michael Parson declares a State of Emergency and directs the Missouri State Emergency Operations Plan be activated due to forecasted severe winter storm systems. The Adjutant General is ordered to call into active service any state militia deemed necessary to support civilian authorities. (Feb. 1) - Terminated by Executive Order 22-03,2022-02-01,https://www.sos.mo.gov/library/reference/orders/2022/eo2,Z,NWS forecast zone,65,JEFFERSON,0,0,0.0,0.0,Heavy Snow,1,0.0
MO-EO-22-02,22-02,Michael L. Parson,Gov. Michael Parson declares a State of Emergency and directs the Missouri State Emergency Operations Plan be activated due to forecasted severe winter storm systems. The Adjutant General is ordered to call into active service any state militia deemed necessary to support civilian authorities. (Feb. 1) - Terminated by Executive Order 22-03,2022-02-01,https://www.sos.mo.gov/library/reference/orders/2022/eo2,Z,NWS forecast zone,66,VERNON,0,0,0.0,0.0,Winter Storm,1,0.0
MO-EO-22-02,22-02,Michael L. Parson,Gov. Michael Parson declares a State of Emergency and directs the Missouri State Emergency Operations Plan be activated due to forecasted severe winter storm systems. The Adjutant General is ordered to call into active service any state militia deemed necessary to support civilian authorities. (Feb. 1) - Terminated by Executive Order 22-03,2022-02-01,https://www.sos.mo.gov/library/reference/orders/2022/eo2,Z,NWS forecast zone,67,ST. CLAIR,0,0,0.0,0.0,Winter Storm,1,0.0
MO-EO-22-02,22-02,Michael L. Parson,Gov. Michael Parson declares a State of Emergency and directs the Missouri State Emergency Operations Plan be activated due to forecasted severe winter storm systems. The Adjutant General is ordered to call into active service any state militia deemed necessary to support civilian authorities. (Feb. 1) - Terminated by Executive Order 22-03,2022-02-01,https://www.sos.mo.gov/library/reference/orders/2022/eo2,Z,NWS forecast zone,68,HICKORY,0,0,0.0,0.0,Winter Storm,1,0.0
MO-EO-22-02,22-02,Michael L. Parson,Gov. Michael Parson declares a State of Emergency and directs the Missouri State Emergency Operations Plan be activated due to forecasted severe winter storm systems. The Adjutant General is ordered to call into active service any state militia deemed necessary to support civilian authorities. (Feb. 1) - Terminated by Executive Order 22-03,2022-02-01,https://www.sos.mo.gov/library/reference/orders/2022/eo2,Z,NWS forecast zone,69,CAMDEN,0,0,0.0,0.0,Winter Storm,1,0.0
MO-EO-22-02,22-02,Michael L. Parson,Gov. Michael Parson declares a State of Emergency and directs the Missouri State Emergency Operations Plan be activated due to forecasted severe winter storm systems. The Adjutant General is ordered to call into active service any state militia deemed necessary to support civilian authorities. (Feb. 1) - Terminated by Executive Order 22-03,2022-02-01,https://www.sos.mo.gov/library/reference/orders/2022/eo2,Z,NWS forecast zone,70,PULASKI,0,0,0.0,0.0,Winter Storm,1,0.0
MO-EO-22-02,22-02,Michael L. Parson,Gov. Michael Parson declares a State of Emergency and directs the Missouri State Emergency Operations Plan be activated due to forecasted severe winter storm systems. The Adjutant General is ordered to call into active service any state militia deemed necessary to support civilian authorities. (Feb. 1) - Terminated by Executive Order 22-03,2022-02-01,https://www.sos.mo.gov/library/reference/orders/2022/eo2,Z,NWS forecast zone,71,PHELPS,0,0,0.0,0.0,Winter Storm,1,0.0
MO-EO-22-02,22-02,Michael L. Parson,Gov. Michael Parson declares a State of Emergency and directs the Missouri State Emergency Operations Plan be activated due to forecasted severe winter storm systems. The Adjutant General is ordered to call into active service any state militia deemed necessary to support civilian authorities. (Feb. 1) - Terminated by Executive Order 22-03,2022-02-01,https://www.sos.mo.gov/library/reference/orders/2022/eo2,Z,NWS forecast zone,72,CRAWFORD,0,0,0.0,0.0,Heavy Snow,1,0.0
MO-EO-22-02,22-02,Michael L. Parson,Gov. Michael Parson declares a State of Emergency and directs the Missouri State Emergency Operations Plan be activated due to forecasted severe winter storm systems. The Adjutant General is ordered to call into active service any state militia deemed necessary to support civilian authorities. (Feb. 1) - Terminated by Executive Order 22-03,2022-02-01,https://www.sos.mo.gov/library/reference/orders/2022/eo2,Z,NWS forecast zone,73,WASHINGTON,0,0,0.0,0.0,Heavy Snow,1,0.0
MO-EO-22-02,22-02,Michael L. Parson,Gov. Michael Parson declares a State of Emergency and directs the Missouri State Emergency Operations Plan be activated due to forecasted severe winter storm systems. The Adjutant General is ordered to call into active service any state militia deemed necessary to support civilian authorities. (Feb. 1) - Terminated by Executive Order 22-03,2022-02-01,https://www.sos.mo.gov/library/reference/orders/2022/eo2,Z,NWS forecast zone,74,ST. FRANCOIS,0,0,0.0,0.0,Heavy Snow,1,0.0
MO-EO-22-02,22-02,Michael L. Parson,Gov. Michael Parson declares a State of Emergency and directs the Missouri State Emergency Operations Plan be activated due to forecasted severe winter storm systems. The Adjutant General is ordered to call into active service any state militia deemed necessary to support civilian authorities. (Feb. 1) - Terminated by Executive Order 22-03,2022-02-01,https://www.sos.mo.gov/library/reference/orders/2022/eo2,Z,NWS forecast zone,75,STE. GENEVIEVE,0,0,0.0,0.0,Heavy Snow,1,0.0
MO-EO-22-02,22-02,Michael L. Parson,Gov. Michael Parson declares a State of Emergency and directs the Missouri State Emergency Operations Plan be activated due to forecasted severe winter storm systems. The Adjutant General is ordered to call into active service any state militia deemed necessary to support civilian authorities. (Feb. 1) - Terminated by Executive Order 22-03,2022-02-01,https://www.sos.mo.gov/library/reference/orders/2022/eo2,Z,NWS forecast zone,76,PERRY,0,0,0.0,0.0,Winter Storm,1,0.0
MO-EO-22-02,22-02,Michael L. Parson,Gov. Michael Parson declares a State of Emergency and directs the Missouri State Emergency Operations Plan be activated due to forecasted severe winter storm systems. The Adjutant General is ordered to call into active service any state militia deemed necessary to support civilian authorities. (Feb. 1) - Terminated by Executive Order 22-03,2022-02-01,https://www.sos.mo.gov/library/reference/orders/2022/eo2,Z,NWS forecast zone,77,BARTON,0,0,0.0,0.0,Winter Storm,1,0.0
MO-EO-22-02,22-02,Michael L. Parson,Gov. Michael Parson declares a State of Emergency and directs the Missouri State Emergency Operations Plan be activated due to forecasted severe winter storm systems. The Adjutant General is ordered to call into active service any state militia deemed necessary to support civilian authorities. (Feb. 1) - Terminated by Executive Order 22-03,2022-02-01,https://www.sos.mo.gov/library/reference/orders/2022/eo2,Z,NWS forecast zone,78,CEDAR,0,0,0.0,0.0,Winter Storm,1,0.0
MO-EO-22-02,22-02,Michael L. Parson,Gov. Michael Parson declares a State of Emergency and directs the Missouri State Emergency Operations Plan be activated due to forecasted severe winter storm systems. The Adjutant General is ordered to call into active service any state militia deemed necessary to support civilian authorities. (Feb. 1) - Terminated by Executive Order 22-03,2022-02-01,https://www.sos.mo.gov/library/reference/orders/2022/eo2,Z,NWS forecast zone,79,POLK,0,0,0.0,0.0,Winter Storm,1,0.0
MO-EO-22-02,22-02,Michael L. Parson,Gov. Michael Parson declares a State of Emergency and directs the Missouri State Emergency Operations Plan be activated due to forecasted severe winter storm systems. The Adjutant General is ordered to call into active service any state militia deemed necessary to support civilian authorities. (Feb. 1) - Terminated by Executive Order 22-03,2022-02-01,https://www.sos.mo.gov/library/reference/orders/2022/eo2,Z,NWS forecast zone,80,DALLAS,0,0,0.0,0.0,Winter Storm,1,0.0
MO-EO-22-02,22-02,Michael L. Parson,Gov. Michael Parson declares a State of Emergency and directs the Missouri State Emergency Operations Plan be activated due to forecasted severe winter storm systems. The Adjutant General is ordered to call into active service any state militia deemed necessary to support civilian authorities. (Feb. 1) - Terminated by Executive Order 22-03,2022-02-01,https://www.sos.mo.gov/library/reference/orders/2022/eo2,Z,NWS forecast zone,81,LACLEDE,0,0,0.0,0.0,Winter Storm,1,0.0
MO-EO-22-02,22-02,Michael L. Parson,Gov. Michael Parson declares a State of Emergency and directs the Missouri State Emergency Operations Plan be activated due to forecasted severe winter storm systems. The Adjutant General is ordered to call into active service any state militia deemed necessary to support civilian authorities. (Feb. 1) - Terminated by Executive Order 22-03,2022-02-01,https://www.sos.mo.gov/library/reference/orders/2022/eo2,Z,NWS forecast zone,82,TEXAS,0,0,0.0,0.0,Winter Storm,1,0.0
MO-EO-22-02,22-02,Michael L. Parson,Gov. Michael Parson declares a State of Emergency and directs the Missouri State Emergency Operations Plan be activated due to forecasted severe winter storm systems. The Adjutant General is ordered to call into active service any state militia deemed necessary to support civilian authorities. (Feb. 1) - Terminated by Executive Order 22-03,2022-02-01,https://www.sos.mo.gov/library/reference/orders/2022/eo2,Z,NWS forecast zone,83,DENT,0,0,0.0,0.0,Winter Storm,1,0.0
MO-EO-22-02,22-02,Michael L. Parson,Gov. Michael Parson declares a State of Emergency and directs the Missouri State Emergency Operations Plan be activated due to forecasted severe winter storm systems. The Adjutant General is ordered to call into active service any state militia deemed necessary to support civilian authorities. (Feb. 1) - Terminated by Executive Order 22-03,2022-02-01,https://www.sos.mo.gov/library/reference/orders/2022/eo2,Z,NWS forecast zone,84,IRON,0,0,0.0,0.0,Heavy Snow,1,0.0
MO-EO-22-02,22-02,Michael L. Parson,Gov. Michael Parson declares a State of Emergency and directs the Missouri State Emergency Operations Plan be activated due to forecasted severe winter storm systems. The Adjutant General is ordered to call into active service any state militia deemed necessary to support civilian authorities. (Feb. 1) - Terminated by Executive Order 22-03,2022-02-01,https://www.sos.mo.gov/library/reference/orders/2022/eo2,Z,NWS forecast zone,85,MADISON,0,0,0.0,0.0,Heavy Snow,1,0.0
MO-EO-22-02,22-02,Michael L. Parson,Gov. Michael Parson declares a State of Emergency and directs the Missouri State Emergency Operations Plan be activated due to forecasted severe winter storm systems. The Adjutant General is ordered to call into active service any state militia deemed necessary to support civilian authorities. (Feb. 1) - Terminated by Executive Order 22-03,2022-02-01,https://www.sos.mo.gov/library/reference/orders/2022/eo2,Z,NWS forecast zone,86,BOLLINGER,0,0,0.0,0.0,Winter Storm,1,0.0
MO-EO-22-02,22-02,Michael L. Parson,Gov. Michael Parson declares a State of Emergency and directs the Missouri State Emergency Operations Plan be activated due to forecasted severe winter storm systems. The Adjutant General is ordered to call into active service any state militia deemed necessary to support civilian authorities. (Feb. 1) - Terminated by Executive Order 22-03,2022-02-01,https://www.sos.mo.gov/library/reference/orders/2022/eo2,Z,NWS forecast zone,87,CAPE GIRARDEAU,0,0,0.0,0.0,Winter Storm,1,0.0
MO-EO-22-02,22-02,Michael L. Parson,Gov. Michael Parson declares a State of Emergency and directs the Missouri State Emergency Operations Plan be activated due to forecasted severe winter storm systems. The Adjutant General is ordered to call into active service any state militia deemed necessary to support civilian authorities. (Feb. 1) - Terminated by Executive Order 22-03,2022-02-01,https://www.sos.mo.gov/library/reference/orders/2022/eo2,Z,NWS forecast zone,88,JASPER,0,0,0.0,0.0,Winter Storm,1,0.0
MO-EO-22-02,22-02,Michael L. Parson,Gov. Michael Parson declares a State of Emergency and directs the Missouri State Emergency Operations Plan be activated due to forecasted severe winter storm systems. The Adjutant General is ordered to call into active service any state militia deemed necessary to support civilian authorities. (Feb. 1) - Terminated by Executive Order 22-03,2022-02-01,https://www.sos.mo.gov/library/reference/orders/2022/eo2,Z,NWS forecast zone,89,DADE,0,0,0.0,0.0,Winter Storm,1,0.0
MO-EO-22-02,22-02,Michael L. Parson,Gov. Michael Parson declares a State of Emergency and directs the Missouri State Emergency Operations Plan be activated due to forecasted severe winter storm systems. The Adjutant General is ordered to call into active service any state militia deemed necessary to support civilian authorities. (Feb. 1) - Terminated by Executive Order 22-03,2022-02-01,https://www.sos.mo.gov/library/reference/orders/2022/eo2,Z,NWS forecast zone,90,GREENE,0,0,0.0,0.0,Winter Storm,1,0.0
MO-EO-22-02,22-02,Michael L. Parson,Gov. Michael Parson declares a State of Emergency and directs the Missouri State Emergency Operations Plan be activated due to forecasted severe winter storm systems. The Adjutant General is ordered to call into active service any state militia deemed necessary to support civilian authorities. (Feb. 1) - Terminated by Executive Order 22-03,2022-02-01,https://www.sos.mo.gov/library/reference/orders/2022/eo2,Z,NWS forecast zone,91,WEBSTER,0,0,0.0,0.0,Winter Storm,1,0.0
MO-EO-22-02,22-02,Michael L. Parson,Gov. Michael Parson declares a State of Emergency and directs the Missouri State Emergency Operations Plan be activated due to forecasted severe winter storm systems. The Adjutant General is ordered to call into active service any state militia deemed necessary to support civilian authorities. (Feb. 1) - Terminated by Executive Order 22-03,2022-02-01,https://www.sos.mo.gov/library/reference/orders/2022/eo2,Z,NWS forecast zone,92,WRIGHT,0,0,0.0,0.0,Winter Storm,1,0.0
MO-EO-22-02,22-02,Michael L. Parson,Gov. Michael Parson declares a State of Emergency and directs the Missouri State Emergency Operations Plan be activated due to forecasted severe winter storm systems. The Adjutant General is ordered to call into active service any state militia deemed necessary to support civilian authorities. (Feb. 1) - Terminated by Executive Order 22-03,2022-02-01,https://www.sos.mo.gov/library/reference/orders/2022/eo2,Z,NWS forecast zone,93,NEWTON,0,0,0.0,0.0,Winter Storm,1,0.0
MO-EO-22-02,22-02,Michael L. Parson,Gov. Michael Parson declares a State of Emergency and directs the Missouri State Emergency Operations Plan be activated due to forecasted severe winter storm systems. The Adjutant General is ordered to call into active service any state militia deemed necessary to support civilian authorities. (Feb. 1) - Terminated by Executive Order 22-03,2022-02-01,https://www.sos.mo.gov/library/reference/orders/2022/eo2,Z,NWS forecast zone,94,LAWRENCE,0,0,0.0,0.0,Winter Storm,1,0.0
MO-EO-22-02,22-02,Michael L. Parson,Gov. Michael Parson declares a State of Emergency and directs the Missouri State Emergency Operations Plan be activated due to forecasted severe winter storm systems. The Adjutant General is ordered to call into active service any state militia deemed necessary to support civilian authorities. (Feb. 1) - Terminated by Executive Order 22-03,2022-02-01,https://www.sos.mo.gov/library/reference/orders/2022/eo2,Z,NWS forecast zone,95,CHRISTIAN,0,0,0.0,0.0,Winter Storm,1,0.0
MO-EO-22-02,22-02,Michael L. Parson,Gov. Michael Parson declares a State of Emergency and directs the Missouri State Emergency Operations Plan be activated due to forecasted severe winter storm systems. The Adjutant General is ordered to call into active service any state militia deemed necessary to support civilian authorities. (Feb. 1) - Terminated by Executive Order 22-03,2022-02-01,https://www.sos.mo.gov/library/reference/orders/2022/eo2,Z,NWS forecast zone,96,DOUGLAS,0,0,0.0,0.0,Winter Storm,1,0.0
MO-EO-22-02,22-02,Michael L. Parson,Gov. Michael Parson declares a State of Emergency and directs the Missouri State Emergency Operations Plan be activated due to forecasted severe winter storm systems. The Adjutant General is ordered to call into active service any state militia deemed necessary to support civilian authorities. (Feb. 1) - Terminated by Executive Order 22-03,2022-02-01,https://www.sos.mo.gov/library/reference/orders/2022/eo2,Z,NWS forecast zone,97,HOWELL,0,0,0.0,0.0,Winter Storm,1,0.0
MO-EO-22-02,22-02,Michael L. Parson,Gov. Michael Parson declares a State of Emergency and directs the Missouri State Emergency Operations Plan be activated due to forecasted severe winter storm systems. The Adjutant General is ordered to call into active service any state militia deemed necessary to support civilian authorities. (Feb. 1) - Terminated by Executive Order 22-03,2022-02-01,https://www.sos.mo.gov/library/reference/orders/2022/eo2,Z,NWS forecast zone,98,SHANNON,0,0,0.0,0.0,Winter Storm,1,0.0
MO-EO-22-02,22-02,Michael L. Parson,Gov. Michael Parson declares a State of Emergency and directs the Missouri State Emergency Operations Plan be activated due to forecasted severe winter storm systems. The Adjutant General is ordered to call into active service any state militia deemed necessary to support civilian authorities. (Feb. 1) - Terminated by Executive Order 22-03,2022-02-01,https://www.sos.mo.gov/library/reference/orders/2022/eo2,Z,NWS forecast zone,100,WAYNE,0,0,0.0,0.0,Winter Storm,1,0.0
MO-EO-22-02,22-02,Michael L. Parson,Gov. Michael Parson declares a State of Emergency and directs the Missouri State Emergency Operations Plan be activated due to forecasted severe winter storm systems. The Adjutant General is ordered to call into active service any state militia deemed necessary to support civilian authorities. (Feb. 1) - Terminated by Executive Order 22-03,2022-02-01,https://www.sos.mo.gov/library/reference/orders/2022/eo2,Z,NWS forecast zone,101,MCDONALD,0,0,0.0,0.0,Winter Storm,1,0.0
MO-EO-22-02,22-02,Michael L. Parson,Gov. Michael Parson declares a State of Emergency and directs the Missouri State Emergency Operations Plan be activated due to forecasted severe winter storm systems. The Adjutant General is ordered to call into active service any state militia deemed necessary to support civilian authorities. (Feb. 1) - Terminated by Executive Order 22-03,2022-02-01,https://www.sos.mo.gov/library/reference/orders/2022/eo2,Z,NWS forecast zone,102,BARRY,0,0,0.0,0.0,Winter Storm,1,0.0
MO-EO-22-02,22-02,Michael L. Parson,Gov. Michael Parson declares a State of Emergency and directs the Missouri State Emergency Operations Plan be activated due to forecasted severe winter storm systems. The Adjutant General is ordered to call into active service any state militia deemed necessary to support civilian authorities. (Feb. 1) - Terminated by Executive Order 22-03,2022-02-01,https://www.sos.mo.gov/library/reference/orders/2022/eo2,Z,NWS forecast zone,103,STONE,0,0,0.0,0.0,Winter Storm,1,0.0
MO-EO-22-02,22-02,Michael L. Parson,Gov. Michael Parson declares a State of Emergency and directs the Missouri State Emergency Operations Plan be activated due to forecasted severe winter storm systems. The Adjutant General is ordered to call into active service any state militia deemed necessary to support civilian authorities. (Feb. 1) - Terminated by Executive Order 22-03,2022-02-01,https://www.sos.mo.gov/library/reference/orders/2022/eo2,Z,NWS forecast zone,104,TANEY,0,0,0.0,0.0,Winter Storm,1,0.0
MO-EO-22-02,22-02,Michael L. Parson,Gov. Michael Parson declares a State of Emergency and directs the Missouri State Emergency Operations Plan be activated due to forecasted severe winter storm systems. The Adjutant General is ordered to call into active service any state militia deemed necessary to support civilian authorities. (Feb. 1) - Terminated by Executive Order 22-03,2022-02-01,https://www.sos.mo.gov/library/reference/orders/2022/eo2,Z,NWS forecast zone,105,OZARK,0,0,0.0,0.0,Winter Storm,1,0.0
MO-EO-22-02,22-02,Michael L. Parson,Gov. Michael Parson declares a State of Emergency and directs the Missouri State Emergency Operations Plan be activated due to forecasted severe winter storm systems. The Adjutant General is ordered to call into active service any state militia deemed necessary to support civilian authorities. (Feb. 1) - Terminated by Executive Order 22-03,2022-02-01,https://www.sos.mo.gov/library/reference/orders/2022/eo2,Z,NWS forecast zone,106,OREGON,0,0,0.0,0.0,Winter Storm,1,0.0
MO-EO-22-02,22-02,Michael L. Parson,Gov. Michael Parson declares a State of Emergency and directs the Missouri State Emergency Operations Plan be activated due to forecasted severe winter storm systems. The Adjutant General is ordered to call into active service any state militia deemed necessary to support civilian authorities. (Feb. 1) - Terminated by Executive Order 22-03,2022-02-01,https://www.sos.mo.gov/library/reference/orders/2022/eo2,Z,NWS forecast zone,107,CARTER,0,0,0.0,0.0,Winter Storm,1,0.0
MO-EO-22-02,22-02,Michael L. Parson,Gov. Michael Parson declares a State of Emergency and directs the Missouri State Emergency Operations Plan be activated due to forecasted severe winter storm systems. The Adjutant General is ordered to call into active service any state militia deemed necessary to support civilian authorities. (Feb. 1) - Terminated by Executive Order 22-03,2022-02-01,https://www.sos.mo.gov/library/reference/orders/2022/eo2,Z,NWS forecast zone,108,RIPLEY,0,0,0.0,0.0,Winter Storm,1,0.0
MO-EO-22-02,22-02,Michael L. Parson,Gov. Michael Parson declares a State of Emergency and directs the Missouri State Emergency Operations Plan be activated due to forecasted severe winter storm systems. The Adjutant General is ordered to call into active service any state militia deemed necessary to support civilian authorities. (Feb. 1) - Terminated by Executive Order 22-03,2022-02-01,https://www.sos.mo.gov/library/reference/orders/2022/eo2,Z,NWS forecast zone,109,BUTLER,0,0,0.0,0.0,Winter Storm,1,0.0
MO-EO-22-02,22-02,Michael L. Parson,Gov. Michael Parson declares a State of Emergency and directs the Missouri State Emergency Operations Plan be activated due to forecasted severe winter storm systems. The Adjutant General is ordered to call into active service any state militia deemed necessary to support civilian authorities. (Feb. 1) - Terminated by Executive Order 22-03,2022-02-01,https://www.sos.mo.gov/library/reference/orders/2022/eo2,Z,NWS forecast zone,110,STODDARD,0,0,0.0,0.0,Winter Storm,1,0.0
MO-EO-22-02,22-02,Michael L. Parson,Gov. Michael Parson declares a State of Emergency and directs the Missouri State Emergency Operations Plan be activated due to forecasted severe winter storm systems. The Adjutant General is ordered to call into active service any state militia deemed necessary to support civilian authorities. (Feb. 1) - Terminated by Executive Order 22-03,2022-02-01,https://www.sos.mo.gov/library/reference/orders/2022/eo2,Z,NWS forecast zone,111,SCOTT,0,0,0.0,0.0,Winter Storm,1,0.0
MO-EO-22-02,22-02,Michael L. Parson,Gov. Michael Parson declares a State of Emergency and directs the Missouri State Emergency Operations Plan be activated due to forecasted severe winter storm systems. The Adjutant General is ordered to call into active service any state militia deemed necessary to support civilian authorities. (Feb. 1) - Terminated by Executive Order 22-03,2022-02-01,https://www.sos.mo.gov/library/reference/orders/2022/eo2,Z,NWS forecast zone,113,DUNKLIN,0,0,0.0,0.0,Winter Storm,1,0.0
MO-EO-22-02,22-02,Michael L. Parson,Gov. Michael Parson declares a State of Emergency and directs the Missouri State Emergency Operations Plan be activated due to forecasted severe winter storm systems. The Adjutant General is ordered to call into active service any state militia deemed necessary to support civilian authorities. (Feb. 1) - Terminated by Executive Order 22-03,2022-02-01,https://www.sos.mo.gov/library/reference/orders/2022/eo2,Z,NWS forecast zone,115,PEMISCOT,0,0,0.0,0.0,Winter Storm,1,0.0
MO-EO-22-04,22-04,Michael L. Parson,Gov. Michael Parson declares a drought alert for 53 Missouri counties and orders the Director of the Department of Natural Resources to activate and designate a chairperson for the Drought Assessment Committee. (July 21),2022-07-21,https://www.sos.mo.gov/library/reference/orders/2022/eo4,Z,NWS forecast zone,37,JACKSON,0,0,0.0,0.0,Drought,1,0.0
MO-EO-22-04,22-04,Michael L. Parson,Gov. Michael Parson declares a drought alert for 53 Missouri counties and orders the Director of the Department of Natural Resources to activate and designate a chairperson for the Drought Assessment Committee. (July 21),2022-07-21,https://www.sos.mo.gov/library/reference/orders/2022/eo4,Z,NWS forecast zone,38,LAFAYETTE,0,0,0.0,0.0,Drought,1,0.0
MO-EO-22-04,22-04,Michael L. Parson,Gov. Michael Parson declares a drought alert for 53 Missouri counties and orders the Director of the Department of Natural Resources to activate and designate a chairperson for the Drought Assessment Committee. (July 21),2022-07-21,https://www.sos.mo.gov/library/reference/orders/2022/eo4,Z,NWS forecast zone,39,SALINE,0,0,0.0,0.0,Drought,1,0.0
MO-EO-22-04,22-04,Michael L. Parson,Gov. Michael Parson declares a drought alert for 53 Missouri counties and orders the Director of the Department of Natural Resources to activate and designate a chairperson for the Drought Assessment Committee. (July 21),2022-07-21,https://www.sos.mo.gov/library/reference/orders/2022/eo4,Z,NWS forecast zone,40,HOWARD,0,0,0.0,0.0,Drought,1,0.0
MO-EO-22-04,22-04,Michael L. Parson,Gov. Michael Parson declares a drought alert for 53 Missouri counties and orders the Director of the Department of Natural Resources to activate and designate a chairperson for the Drought Assessment Committee. (July 21),2022-07-21,https://www.sos.mo.gov/library/reference/orders/2022/eo4,Z,NWS forecast zone,44,JOHNSON,0,0,0.0,0.0,Drought,1,0.0
MO-EO-22-04,22-04,Michael L. Parson,Gov. Michael Parson declares a drought alert for 53 Missouri counties and orders the Director of the Department of Natural Resources to activate and designate a chairperson for the Drought Assessment Committee. (July 21),2022-07-21,https://www.sos.mo.gov/library/reference/orders/2022/eo4,Z,NWS forecast zone,45,PETTIS,0,0,0.0,0.0,Drought,1,0.0
MO-EO-22-04,22-04,Michael L. Parson,Gov. Michael Parson declares a drought alert for 53 Missouri counties and orders the Director of the Department of Natural Resources to activate and designate a chairperson for the Drought Assessment Committee. (July 21),2022-07-21,https://www.sos.mo.gov/library/reference/orders/2022/eo4,Z,NWS forecast zone,46,COOPER,0,0,0.0,0.0,Drought,1,0.0
MO-EO-22-05,22-05,Michael Kehoe,Acting Gov. Michael Kehoe declares a State of Emergency and directs the Missouri State Emergency Operations Plan be activated due to severe storm systems. (July 26),2022-07-26,https://www.sos.mo.gov/library/reference/orders/2022/eo5,C,county/county-equivalent,510,ST. LOUIS (C),1,0,85000000.0,0.0,Flash Flood,2,85000000.0
MO-EO-22-05,22-05,Michael Kehoe,Acting Gov. Michael Kehoe declares a State of Emergency and directs the Missouri State Emergency Operations Plan be activated due to severe storm systems. (July 26),2022-07-26,https://www.sos.mo.gov/library/reference/orders/2022/eo5,C,county/county-equivalent,189,ST. LOUIS,1,0,50000000.0,0.0,Flash Flood,2,50000000.0
MO-EO-22-05,22-05,Michael Kehoe,Acting Gov. Michael Kehoe declares a State of Emergency and directs the Missouri State Emergency Operations Plan be activated due to severe storm systems. (July 26),2022-07-26,https://www.sos.mo.gov/library/reference/orders/2022/eo5,C,county/county-equivalent,183,ST. CHARLES,0,0,10000000.0,0.0,Flash Flood,1,10000000.0
MO-EO-22-05,22-05,Michael Kehoe,Acting Gov. Michael Kehoe declares a State of Emergency and directs the Missouri State Emergency Operations Plan be activated due to severe storm systems. (July 26),2022-07-26,https://www.sos.mo.gov/library/reference/orders/2022/eo5,C,county/county-equivalent,9,BARRY,0,0,70000.0,0.0,Thunderstorm Wind,4,70000.0
MO-EO-22-05,22-05,Michael Kehoe,Acting Gov. Michael Kehoe declares a State of Emergency and directs the Missouri State Emergency Operations Plan be activated due to severe storm systems. (July 26),2022-07-26,https://www.sos.mo.gov/library/reference/orders/2022/eo5,C,county/county-equivalent,113,LINCOLN,0,0,50000.0,0.0,Flash Flood,1,50000.0
MO-EO-22-05,22-05,Michael Kehoe,Acting Gov. Michael Kehoe declares a State of Emergency and directs the Missouri State Emergency Operations Plan be activated due to severe storm systems. (July 26),2022-07-26,https://www.sos.mo.gov/library/reference/orders/2022/eo5,C,county/county-equivalent,219,WARREN,0,0,25000.0,0.0,Flash Flood,1,25000.0
MO-EO-22-05,22-05,Michael Kehoe,Acting Gov. Michael Kehoe declares a State of Emergency and directs the Missouri State Emergency Operations Plan be activated due to severe storm systems. (July 26),2022-07-26,https://www.sos.mo.gov/library/reference/orders/2022/eo5,C,county/county-equivalent,221,WASHINGTON,0,0,10000.0,0.0,Thunderstorm Wind,1,10000.0
MO-EO-22-05,22-05,Michael Kehoe,Acting Gov. Michael Kehoe declares a State of Emergency and directs the Missouri State Emergency Operations Plan be activated due to severe storm systems. (July 26),2022-07-26,https://www.sos.mo.gov/library/reference/orders/2022/eo5,C,county/county-equivalent,181,RIPLEY,0,0,5000.0,0.0,Thunderstorm Wind,1,5000.0
MO-EO-22-05,22-05,Michael Kehoe,Acting Gov. Michael Kehoe declares a State of Emergency and directs the Missouri State Emergency Operations Plan be activated due to severe storm systems. (July 26),2022-07-26,https://www.sos.mo.gov/library/reference/orders/2022/eo5,C,county/county-equivalent,223,WAYNE,0,0,4000.0,0.0,Thunderstorm Wind,1,4000.0
MO-EO-22-05,22-05,Michael Kehoe,Acting Gov. Michael Kehoe declares a State of Emergency and directs the Missouri State Emergency Operations Plan be activated due to severe storm systems. (July 26),2022-07-26,https://www.sos.mo.gov/library/reference/orders/2022/eo5,C,county/county-equivalent,207,STODDARD,0,0,3000.0,0.0,Thunderstorm Wind,2,3000.0
MO-EO-22-05,22-05,Michael Kehoe,Acting Gov. Michael Kehoe declares a State of Emergency and directs the Missouri State Emergency Operations Plan be activated due to severe storm systems. (July 26),2022-07-26,https://www.sos.mo.gov/library/reference/orders/2022/eo5,C,county/county-equivalent,35,CARTER,0,0,2000.0,0.0,Thunderstorm Wind,1,2000.0
MO-EO-22-05,22-05,Michael Kehoe,Acting Gov. Michael Kehoe declares a State of Emergency and directs the Missouri State Emergency Operations Plan be activated due to severe storm systems. (July 26),2022-07-26,https://www.sos.mo.gov/library/reference/orders/2022/eo5,C,county/county-equivalent,7,AUDRAIN,0,0,0.0,0.0,Flash Flood,1,0.0
MO-EO-22-05,22-05,Michael Kehoe,Acting Gov. Michael Kehoe declares a State of Emergency and directs the Missouri State Emergency Operations Plan be activated due to severe storm systems. (July 26),2022-07-26,https://www.sos.mo.gov/library/reference/orders/2022/eo5,C,county/county-equivalent,65,DENT,0,0,0.0,0.0,Thunderstorm Wind,1,0.0
MO-EO-22-05,22-05,Michael Kehoe,Acting Gov. Michael Kehoe declares a State of Emergency and directs the Missouri State Emergency Operations Plan be activated due to severe storm systems. (July 26),2022-07-26,https://www.sos.mo.gov/library/reference/orders/2022/eo5,C,county/county-equivalent,69,DUNKLIN,0,0,0.0,0.0,Hail,1,0.0
MO-EO-22-05,22-05,Michael Kehoe,Acting Gov. Michael Kehoe declares a State of Emergency and directs the Missouri State Emergency Operations Plan be activated due to severe storm systems. (July 26),2022-07-26,https://www.sos.mo.gov/library/reference/orders/2022/eo5,C,county/county-equivalent,91,HOWELL,0,0,0.0,0.0,Thunderstorm Wind,1,0.0
MO-EO-22-05,22-05,Michael Kehoe,Acting Gov. Michael Kehoe declares a State of Emergency and directs the Missouri State Emergency Operations Plan be activated due to severe storm systems. (July 26),2022-07-26,https://www.sos.mo.gov/library/reference/orders/2022/eo5,C,county/county-equivalent,99,JEFFERSON,0,0,0.0,0.0,Flash Flood,1,0.0
MO-EO-22-05,22-05,Michael Kehoe,Acting Gov. Michael Kehoe declares a State of Emergency and directs the Missouri State Emergency Operations Plan be activated due to severe storm systems. (July 26),2022-07-26,https://www.sos.mo.gov/library/reference/orders/2022/eo5,C,county/county-equivalent,119,MCDONALD,0,0,0.0,0.0,Hail,1,0.0
MO-EO-22-05,22-05,Michael Kehoe,Acting Gov. Michael Kehoe declares a State of Emergency and directs the Missouri State Emergency Operations Plan be activated due to severe storm systems. (July 26),2022-07-26,https://www.sos.mo.gov/library/reference/orders/2022/eo5,C,county/county-equivalent,139,MONTGOMERY,0,0,0.0,0.0,Flash Flood,1,0.0
MO-EO-22-05,22-05,Michael Kehoe,Acting Gov. Michael Kehoe declares a State of Emergency and directs the Missouri State Emergency Operations Plan be activated due to severe storm systems. (July 26),2022-07-26,https://www.sos.mo.gov/library/reference/orders/2022/eo5,C,county/county-equivalent,209,STONE,0,0,0.0,0.0,Thunderstorm Wind,2,0.0
MO-EO-23-03,23-03,Michael L. Parson,Gov. Michael Parson declares a State of Emergency and directs the Missouri State Emergency Operations Plan be activated. The Adjutant General is ordered to call into active service any state militia deemed necessary to support civilian authorities in response to forecasted severe storm systems. (Mar. 31),2023-03-31,https://www.sos.mo.gov/library/reference/orders/2023/eo3,C,county/county-equivalent,65,DENT,0,0,80000.0,0.0,Hail,2,80000.0
MO-EO-23-03,23-03,Michael L. Parson,Gov. Michael Parson declares a State of Emergency and directs the Missouri State Emergency Operations Plan be activated. The Adjutant General is ordered to call into active service any state militia deemed necessary to support civilian authorities in response to forecasted severe storm systems. (Mar. 31),2023-03-31,https://www.sos.mo.gov/library/reference/orders/2023/eo3,C,county/county-equivalent,510,ST. LOUIS (C),0,0,30000.0,0.0,Thunderstorm Wind,1,30000.0
MO-EO-23-03,23-03,Michael L. Parson,Gov. Michael Parson declares a State of Emergency and directs the Missouri State Emergency Operations Plan be activated. The Adjutant General is ordered to call into active service any state militia deemed necessary to support civilian authorities in response to forecasted severe storm systems. (Mar. 31),2023-03-31,https://www.sos.mo.gov/library/reference/orders/2023/eo3,C,county/county-equivalent,91,HOWELL,0,0,25000.0,0.0,"Hail, Thunderstorm Wind",3,25000.0
MO-EO-23-03,23-03,Michael L. Parson,Gov. Michael Parson declares a State of Emergency and directs the Missouri State Emergency Operations Plan be activated. The Adjutant General is ordered to call into active service any state militia deemed necessary to support civilian authorities in response to forecasted severe storm systems. (Mar. 31),2023-03-31,https://www.sos.mo.gov/library/reference/orders/2023/eo3,C,county/county-equivalent,137,MONROE,0,0,10000.0,0.0,Hail,2,10000.0
MO-EO-23-03,23-03,Michael L. Parson,Gov. Michael Parson declares a State of Emergency and directs the Missouri State Emergency Operations Plan be activated. The Adjutant General is ordered to call into active service any state militia deemed necessary to support civilian authorities in response to forecasted severe storm systems. (Mar. 31),2023-03-31,https://www.sos.mo.gov/library/reference/orders/2023/eo3,C,county/county-equivalent,189,ST. LOUIS,0,0,10000.0,0.0,Thunderstorm Wind,2,10000.0
MO-EO-23-03,23-03,Michael L. Parson,Gov. Michael Parson declares a State of Emergency and directs the Missouri State Emergency Operations Plan be activated. The Adjutant General is ordered to call into active service any state militia deemed necessary to support civilian authorities in response to forecasted severe storm systems. (Mar. 31),2023-03-31,https://www.sos.mo.gov/library/reference/orders/2023/eo3,C,county/county-equivalent,99,JEFFERSON,0,0,5000.0,0.0,"Hail, Thunderstorm Wind",3,5000.0
MO-EO-23-03,23-03,Michael L. Parson,Gov. Michael Parson declares a State of Emergency and directs the Missouri State Emergency Operations Plan be activated. The Adjutant General is ordered to call into active service any state militia deemed necessary to support civilian authorities in response to forecasted severe storm systems. (Mar. 31),2023-03-31,https://www.sos.mo.gov/library/reference/orders/2023/eo3,C,county/county-equivalent,1,ADAIR,0,0,0.0,0.0,Hail,1,0.0
MO-EO-23-03,23-03,Michael L. Parson,Gov. Michael Parson declares a State of Emergency and directs the Missouri State Emergency Operations Plan be activated. The Adjutant General is ordered to call into active service any state militia deemed necessary to support civilian authorities in response to forecasted severe storm systems. (Mar. 31),2023-03-31,https://www.sos.mo.gov/library/reference/orders/2023/eo3,C,county/county-equivalent,7,AUDRAIN,0,0,0.0,0.0,Hail,2,0.0
MO-EO-23-03,23-03,Michael L. Parson,Gov. Michael Parson declares a State of Emergency and directs the Missouri State Emergency Operations Plan be activated. The Adjutant General is ordered to call into active service any state militia deemed necessary to support civilian authorities in response to forecasted severe storm systems. (Mar. 31),2023-03-31,https://www.sos.mo.gov/library/reference/orders/2023/eo3,C,county/county-equivalent,15,BENTON,0,0,0.0,0.0,Hail,3,0.0
MO-EO-23-03,23-03,Michael L. Parson,Gov. Michael Parson declares a State of Emergency and directs the Missouri State Emergency Operations Plan be activated. The Adjutant General is ordered to call into active service any state militia deemed necessary to support civilian authorities in response to forecasted severe storm systems. (Mar. 31),2023-03-31,https://www.sos.mo.gov/library/reference/orders/2023/eo3,C,county/county-equivalent,19,BOONE,0,0,0.0,0.0,Hail,2,0.0
MO-EO-23-03,23-03,Michael L. Parson,Gov. Michael Parson declares a State of Emergency and directs the Missouri State Emergency Operations Plan be activated. The Adjutant General is ordered to call into active service any state militia deemed necessary to support civilian authorities in response to forecasted severe storm systems. (Mar. 31),2023-03-31,https://www.sos.mo.gov/library/reference/orders/2023/eo3,C,county/county-equivalent,27,CALLAWAY,0,0,0.0,0.0,Hail,1,0.0
MO-EO-23-03,23-03,Michael L. Parson,Gov. Michael Parson declares a State of Emergency and directs the Missouri State Emergency Operations Plan be activated. The Adjutant General is ordered to call into active service any state militia deemed necessary to support civilian authorities in response to forecasted severe storm systems. (Mar. 31),2023-03-31,https://www.sos.mo.gov/library/reference/orders/2023/eo3,C,county/county-equivalent,41,CHARITON,0,0,0.0,0.0,Hail,3,0.0
MO-EO-23-03,23-03,Michael L. Parson,Gov. Michael Parson declares a State of Emergency and directs the Missouri State Emergency Operations Plan be activated. The Adjutant General is ordered to call into active service any state militia deemed necessary to support civilian authorities in response to forecasted severe storm systems. (Mar. 31),2023-03-31,https://www.sos.mo.gov/library/reference/orders/2023/eo3,C,county/county-equivalent,45,CLARK,0,0,0.0,0.0,Thunderstorm Wind,2,0.0
MO-EO-23-03,23-03,Michael L. Parson,Gov. Michael Parson declares a State of Emergency and directs the Missouri State Emergency Operations Plan be activated. The Adjutant General is ordered to call into active service any state militia deemed necessary to support civilian authorities in response to forecasted severe storm systems. (Mar. 31),2023-03-31,https://www.sos.mo.gov/library/reference/orders/2023/eo3,C,county/county-equivalent,53,COOPER,0,0,0.0,0.0,Hail,2,0.0
MO-EO-23-03,23-03,Michael L. Parson,Gov. Michael Parson declares a State of Emergency and directs the Missouri State Emergency Operations Plan be activated. The Adjutant General is ordered to call into active service any state militia deemed necessary to support civilian authorities in response to forecasted severe storm systems. (Mar. 31),2023-03-31,https://www.sos.mo.gov/library/reference/orders/2023/eo3,C,county/county-equivalent,61,DAVIESS,0,0,0.0,0.0,Hail,2,0.0
MO-EO-23-03,23-03,Michael L. Parson,Gov. Michael Parson declares a State of Emergency and directs the Missouri State Emergency Operations Plan be activated. The Adjutant General is ordered to call into active service any state militia deemed necessary to support civilian authorities in response to forecasted severe storm systems. (Mar. 31),2023-03-31,https://www.sos.mo.gov/library/reference/orders/2023/eo3,C,county/county-equivalent,71,FRANKLIN,0,0,0.0,0.0,Hail,1,0.0
MO-EO-23-03,23-03,Michael L. Parson,Gov. Michael Parson declares a State of Emergency and directs the Missouri State Emergency Operations Plan be activated. The Adjutant General is ordered to call into active service any state militia deemed necessary to support civilian authorities in response to forecasted severe storm systems. (Mar. 31),2023-03-31,https://www.sos.mo.gov/library/reference/orders/2023/eo3,C,county/county-equivalent,79,GRUNDY,0,0,0.0,0.0,"Hail, Thunderstorm Wind",3,0.0
MO-EO-23-03,23-03,Michael L. Parson,Gov. Michael Parson declares a State of Emergency and directs the Missouri State Emergency Operations Plan be activated. The Adjutant General is ordered to call into active service any state militia deemed necessary to support civilian authorities in response to forecasted severe storm systems. (Mar. 31),2023-03-31,https://www.sos.mo.gov/library/reference/orders/2023/eo3,C,county/county-equivalent,81,HARRISON,0,0,0.0,0.0,Hail,1,0.0
MO-EO-23-03,23-03,Michael L. Parson,Gov. Michael Parson declares a State of Emergency and directs the Missouri State Emergency Operations Plan be activated. The Adjutant General is ordered to call into active service any state militia deemed necessary to support civilian authorities in response to forecasted severe storm systems. (Mar. 31),2023-03-31,https://www.sos.mo.gov/library/reference/orders/2023/eo3,C,county/county-equivalent,89,HOWARD,0,0,0.0,0.0,Hail,2,0.0
MO-EO-23-03,23-03,Michael L. Parson,Gov. Michael Parson declares a State of Emergency and directs the Missouri State Emergency Operations Plan be activated. The Adjutant General is ordered to call into active service any state militia deemed necessary to support civilian authorities in response to forecasted severe storm systems. (Mar. 31),2023-03-31,https://www.sos.mo.gov/library/reference/orders/2023/eo3,C,county/county-equivalent,101,JOHNSON,0,0,0.0,0.0,Hail,4,0.0
MO-EO-23-03,23-03,Michael L. Parson,Gov. Michael Parson declares a State of Emergency and directs the Missouri State Emergency Operations Plan be activated. The Adjutant General is ordered to call into active service any state militia deemed necessary to support civilian authorities in response to forecasted severe storm systems. (Mar. 31),2023-03-31,https://www.sos.mo.gov/library/reference/orders/2023/eo3,C,county/county-equivalent,113,LINCOLN,0,0,0.0,0.0,Hail,1,0.0
MO-EO-23-03,23-03,Michael L. Parson,Gov. Michael Parson declares a State of Emergency and directs the Missouri State Emergency Operations Plan be activated. The Adjutant General is ordered to call into active service any state militia deemed necessary to support civilian authorities in response to forecasted severe storm systems. (Mar. 31),2023-03-31,https://www.sos.mo.gov/library/reference/orders/2023/eo3,C,county/county-equivalent,115,LINN,0,0,0.0,0.0,Hail,3,0.0
MO-EO-23-03,23-03,Michael L. Parson,Gov. Michael Parson declares a State of Emergency and directs the Missouri State Emergency Operations Plan be activated. The Adjutant General is ordered to call into active service any state militia deemed necessary to support civilian authorities in response to forecasted severe storm systems. (Mar. 31),2023-03-31,https://www.sos.mo.gov/library/reference/orders/2023/eo3,C,county/county-equivalent,127,MARION,0,0,0.0,0.0,Hail,3,0.0
MO-EO-23-03,23-03,Michael L. Parson,Gov. Michael Parson declares a State of Emergency and directs the Missouri State Emergency Operations Plan be activated. The Adjutant General is ordered to call into active service any state militia deemed necessary to support civilian authorities in response to forecasted severe storm systems. (Mar. 31),2023-03-31,https://www.sos.mo.gov/library/reference/orders/2023/eo3,C,county/county-equivalent,129,MERCER,0,0,0.0,0.0,"Hail, Thunderstorm Wind",3,0.0
MO-EO-23-03,23-03,Michael L. Parson,Gov. Michael Parson declares a State of Emergency and directs the Missouri State Emergency Operations Plan be activated. The Adjutant General is ordered to call into active service any state militia deemed necessary to support civilian authorities in response to forecasted severe storm systems. (Mar. 31),2023-03-31,https://www.sos.mo.gov/library/reference/orders/2023/eo3,C,county/county-equivalent,139,MONTGOMERY,0,0,0.0,0.0,Hail,1,0.0
MO-EO-23-03,23-03,Michael L. Parson,Gov. Michael Parson declares a State of Emergency and directs the Missouri State Emergency Operations Plan be activated. The Adjutant General is ordered to call into active service any state militia deemed necessary to support civilian authorities in response to forecasted severe storm systems. (Mar. 31),2023-03-31,https://www.sos.mo.gov/library/reference/orders/2023/eo3,C,county/county-equivalent,161,PHELPS,0,0,0.0,0.0,"Hail, Thunderstorm Wind",2,0.0
MO-EO-23-03,23-03,Michael L. Parson,Gov. Michael Parson declares a State of Emergency and directs the Missouri State Emergency Operations Plan be activated. The Adjutant General is ordered to call into active service any state militia deemed necessary to support civilian authorities in response to forecasted severe storm systems. (Mar. 31),2023-03-31,https://www.sos.mo.gov/library/reference/orders/2023/eo3,C,county/county-equivalent,163,PIKE,0,0,0.0,0.0,Hail,1,0.0
MO-EO-23-03,23-03,Michael L. Parson,Gov. Michael Parson declares a State of Emergency and directs the Missouri State Emergency Operations Plan be activated. The Adjutant General is ordered to call into active service any state militia deemed necessary to support civilian authorities in response to forecasted severe storm systems. (Mar. 31),2023-03-31,https://www.sos.mo.gov/library/reference/orders/2023/eo3,C,county/county-equivalent,171,PUTNAM,0,0,0.0,0.0,"Hail, Thunderstorm Wind",3,0.0
MO-EO-23-03,23-03,Michael L. Parson,Gov. Michael Parson declares a State of Emergency and directs the Missouri State Emergency Operations Plan be activated. The Adjutant General is ordered to call into active service any state militia deemed necessary to support civilian authorities in response to forecasted severe storm systems. (Mar. 31),2023-03-31,https://www.sos.mo.gov/library/reference/orders/2023/eo3,C,county/county-equivalent,173,RALLS,0,0,0.0,0.0,Hail,3,0.0
MO-EO-23-03,23-03,Michael L. Parson,Gov. Michael Parson declares a State of Emergency and directs the Missouri State Emergency Operations Plan be activated. The Adjutant General is ordered to call into active service any state militia deemed necessary to support civilian authorities in response to forecasted severe storm systems. (Mar. 31),2023-03-31,https://www.sos.mo.gov/library/reference/orders/2023/eo3,C,county/county-equivalent,175,RANDOLPH,0,0,0.0,0.0,Hail,1,0.0
MO-EO-23-03,23-03,Michael L. Parson,Gov. Michael Parson declares a State of Emergency and directs the Missouri State Emergency Operations Plan be activated. The Adjutant General is ordered to call into active service any state militia deemed necessary to support civilian authorities in response to forecasted severe storm systems. (Mar. 31),2023-03-31,https://www.sos.mo.gov/library/reference/orders/2023/eo3,C,county/county-equivalent,195,SALINE,0,0,0.0,0.0,Hail,3,0.0
MO-EO-23-03,23-03,Michael L. Parson,Gov. Michael Parson declares a State of Emergency and directs the Missouri State Emergency Operations Plan be activated. The Adjutant General is ordered to call into active service any state militia deemed necessary to support civilian authorities in response to forecasted severe storm systems. (Mar. 31),2023-03-31,https://www.sos.mo.gov/library/reference/orders/2023/eo3,C,county/county-equivalent,211,SULLIVAN,0,0,0.0,0.0,Hail,1,0.0
MO-EO-23-03,23-03,Michael L. Parson,Gov. Michael Parson declares a State of Emergency and directs the Missouri State Emergency Operations Plan be activated. The Adjutant General is ordered to call into active service any state militia deemed necessary to support civilian authorities in response to forecasted severe storm systems. (Mar. 31),2023-03-31,https://www.sos.mo.gov/library/reference/orders/2023/eo3,C,county/county-equivalent,217,VERNON,0,0,0.0,0.0,Hail,1,0.0
MO-EO-23-08,23-08,Michael L. Parson,Gov. Michael Parson declares a State of Emergency and directs the Missouri State Emergency Operations Plan be activated due to forecasted severe storm systems. (Aug. 5),2023-08-05,https://www.sos.mo.gov/library/reference/orders/2023/eo8,C,county/county-equivalent,103,KNOX,0,2,0.0,0.0,Tornado,1,0.0
MO-EO-23-08,23-08,Michael L. Parson,Gov. Michael Parson declares a State of Emergency and directs the Missouri State Emergency Operations Plan be activated due to forecasted severe storm systems. (Aug. 5),2023-08-05,https://www.sos.mo.gov/library/reference/orders/2023/eo8,C,county/county-equivalent,125,MARIES,0,0,135000.0,0.0,"Hail, Thunderstorm Wind",3,135000.0
MO-EO-23-08,23-08,Michael L. Parson,Gov. Michael Parson declares a State of Emergency and directs the Missouri State Emergency Operations Plan be activated due to forecasted severe storm systems. (Aug. 5),2023-08-05,https://www.sos.mo.gov/library/reference/orders/2023/eo8,C,county/county-equivalent,207,STODDARD,0,0,60000.0,0.0,Flash Flood,1,60000.0
MO-EO-23-08,23-08,Michael L. Parson,Gov. Michael Parson declares a State of Emergency and directs the Missouri State Emergency Operations Plan be activated due to forecasted severe storm systems. (Aug. 5),2023-08-05,https://www.sos.mo.gov/library/reference/orders/2023/eo8,C,county/county-equivalent,131,MILLER,0,0,40000.0,0.0,"Flash Flood, Thunderstorm Wind",2,40000.0
MO-EO-23-08,23-08,Michael L. Parson,Gov. Michael Parson declares a State of Emergency and directs the Missouri State Emergency Operations Plan be activated due to forecasted severe storm systems. (Aug. 5),2023-08-05,https://www.sos.mo.gov/library/reference/orders/2023/eo8,C,county/county-equivalent,31,CAPE GIRARDEAU,0,0,8000.0,0.0,"Flash Flood, Thunderstorm Wind",3,8000.0
MO-EO-23-08,23-08,Michael L. Parson,Gov. Michael Parson declares a State of Emergency and directs the Missouri State Emergency Operations Plan be activated due to forecasted severe storm systems. (Aug. 5),2023-08-05,https://www.sos.mo.gov/library/reference/orders/2023/eo8,C,county/county-equivalent,157,PERRY,0,0,8000.0,0.0,Thunderstorm Wind,1,8000.0
MO-EO-23-08,23-08,Michael L. Parson,Gov. Michael Parson declares a State of Emergency and directs the Missouri State Emergency Operations Plan be activated due to forecasted severe storm systems. (Aug. 5),2023-08-05,https://www.sos.mo.gov/library/reference/orders/2023/eo8,C,county/county-equivalent,17,BOLLINGER,0,0,2000.0,0.0,"Flash Flood, Thunderstorm Wind",3,2000.0
MO-EO-23-08,23-08,Michael L. Parson,Gov. Michael Parson declares a State of Emergency and directs the Missouri State Emergency Operations Plan be activated due to forecasted severe storm systems. (Aug. 5),2023-08-05,https://www.sos.mo.gov/library/reference/orders/2023/eo8,C,county/county-equivalent,1,ADAIR,0,0,0.0,0.0,"Flash Flood, Thunderstorm Wind",2,0.0
MO-EO-23-08,23-08,Michael L. Parson,Gov. Michael Parson declares a State of Emergency and directs the Missouri State Emergency Operations Plan be activated due to forecasted severe storm systems. (Aug. 5),2023-08-05,https://www.sos.mo.gov/library/reference/orders/2023/eo8,C,county/county-equivalent,19,BOONE,0,0,0.0,0.0,"Flash Flood, Thunderstorm Wind",2,0.0
MO-EO-23-08,23-08,Michael L. Parson,Gov. Michael Parson declares a State of Emergency and directs the Missouri State Emergency Operations Plan be activated due to forecasted severe storm systems. (Aug. 5),2023-08-05,https://www.sos.mo.gov/library/reference/orders/2023/eo8,C,county/county-equivalent,27,CALLAWAY,0,0,0.0,0.0,Flash Flood,1,0.0
MO-EO-23-08,23-08,Michael L. Parson,Gov. Michael Parson declares a State of Emergency and directs the Missouri State Emergency Operations Plan be activated due to forecasted severe storm systems. (Aug. 5),2023-08-05,https://www.sos.mo.gov/library/reference/orders/2023/eo8,C,county/county-equivalent,33,CARROLL,0,0,0.0,0.0,Thunderstorm Wind,1,0.0
MO-EO-23-08,23-08,Michael L. Parson,Gov. Michael Parson declares a State of Emergency and directs the Missouri State Emergency Operations Plan be activated due to forecasted severe storm systems. (Aug. 5),2023-08-05,https://www.sos.mo.gov/library/reference/orders/2023/eo8,C,county/county-equivalent,45,CLARK,0,0,0.0,0.0,Flash Flood,3,0.0
MO-EO-23-08,23-08,Michael L. Parson,Gov. Michael Parson declares a State of Emergency and directs the Missouri State Emergency Operations Plan be activated due to forecasted severe storm systems. (Aug. 5),2023-08-05,https://www.sos.mo.gov/library/reference/orders/2023/eo8,C,county/county-equivalent,51,COLE,0,0,0.0,0.0,"Hail, Thunderstorm Wind",2,0.0
MO-EO-23-08,23-08,Michael L. Parson,Gov. Michael Parson declares a State of Emergency and directs the Missouri State Emergency Operations Plan be activated due to forecasted severe storm systems. (Aug. 5),2023-08-05,https://www.sos.mo.gov/library/reference/orders/2023/eo8,C,county/county-equivalent,53,COOPER,0,0,0.0,0.0,Thunderstorm Wind,3,0.0
MO-EO-23-08,23-08,Michael L. Parson,Gov. Michael Parson declares a State of Emergency and directs the Missouri State Emergency Operations Plan be activated due to forecasted severe storm systems. (Aug. 5),2023-08-05,https://www.sos.mo.gov/library/reference/orders/2023/eo8,C,county/county-equivalent,55,CRAWFORD,0,0,0.0,0.0,Thunderstorm Wind,1,0.0
MO-EO-23-08,23-08,Michael L. Parson,Gov. Michael Parson declares a State of Emergency and directs the Missouri State Emergency Operations Plan be activated due to forecasted severe storm systems. (Aug. 5),2023-08-05,https://www.sos.mo.gov/library/reference/orders/2023/eo8,C,county/county-equivalent,65,DENT,0,0,0.0,0.0,Thunderstorm Wind,1,0.0
MO-EO-23-08,23-08,Michael L. Parson,Gov. Michael Parson declares a State of Emergency and directs the Missouri State Emergency Operations Plan be activated due to forecasted severe storm systems. (Aug. 5),2023-08-05,https://www.sos.mo.gov/library/reference/orders/2023/eo8,C,county/county-equivalent,71,FRANKLIN,0,0,0.0,0.0,Flash Flood,2,0.0
MO-EO-23-08,23-08,Michael L. Parson,Gov. Michael Parson declares a State of Emergency and directs the Missouri State Emergency Operations Plan be activated due to forecasted severe storm systems. (Aug. 5),2023-08-05,https://www.sos.mo.gov/library/reference/orders/2023/eo8,C,county/county-equivalent,73,GASCONADE,0,0,0.0,0.0,Flash Flood,1,0.0
MO-EO-23-08,23-08,Michael L. Parson,Gov. Michael Parson declares a State of Emergency and directs the Missouri State Emergency Operations Plan be activated due to forecasted severe storm systems. (Aug. 5),2023-08-05,https://www.sos.mo.gov/library/reference/orders/2023/eo8,C,county/county-equivalent,79,GRUNDY,0,0,0.0,0.0,Flash Flood,1,0.0
MO-EO-23-08,23-08,Michael L. Parson,Gov. Michael Parson declares a State of Emergency and directs the Missouri State Emergency Operations Plan be activated due to forecasted severe storm systems. (Aug. 5),2023-08-05,https://www.sos.mo.gov/library/reference/orders/2023/eo8,C,county/county-equivalent,107,LAFAYETTE,0,0,0.0,0.0,Thunderstorm Wind,1,0.0
MO-EO-23-08,23-08,Michael L. Parson,Gov. Michael Parson declares a State of Emergency and directs the Missouri State Emergency Operations Plan be activated due to forecasted severe storm systems. (Aug. 5),2023-08-05,https://www.sos.mo.gov/library/reference/orders/2023/eo8,C,county/county-equivalent,123,MADISON,0,0,0.0,0.0,"Flash Flood, Thunderstorm Wind",4,0.0
MO-EO-23-08,23-08,Michael L. Parson,Gov. Michael Parson declares a State of Emergency and directs the Missouri State Emergency Operations Plan be activated due to forecasted severe storm systems. (Aug. 5),2023-08-05,https://www.sos.mo.gov/library/reference/orders/2023/eo8,C,county/county-equivalent,129,MERCER,0,0,0.0,0.0,Flash Flood,1,0.0
MO-EO-23-08,23-08,Michael L. Parson,Gov. Michael Parson declares a State of Emergency and directs the Missouri State Emergency Operations Plan be activated due to forecasted severe storm systems. (Aug. 5),2023-08-05,https://www.sos.mo.gov/library/reference/orders/2023/eo8,C,county/county-equivalent,135,MONITEAU,0,0,0.0,0.0,Flash Flood,1,0.0
MO-EO-23-08,23-08,Michael L. Parson,Gov. Michael Parson declares a State of Emergency and directs the Missouri State Emergency Operations Plan be activated due to forecasted severe storm systems. (Aug. 5),2023-08-05,https://www.sos.mo.gov/library/reference/orders/2023/eo8,C,county/county-equivalent,141,MORGAN,0,0,0.0,0.0,"Flash Flood, Hail",5,0.0
MO-EO-23-08,23-08,Michael L. Parson,Gov. Michael Parson declares a State of Emergency and directs the Missouri State Emergency Operations Plan be activated due to forecasted severe storm systems. (Aug. 5),2023-08-05,https://www.sos.mo.gov/library/reference/orders/2023/eo8,C,county/county-equivalent,143,NEW MADRID,0,0,0.0,0.0,Flash Flood,1,0.0
MO-EO-23-08,23-08,Michael L. Parson,Gov. Michael Parson declares a State of Emergency and directs the Missouri State Emergency Operations Plan be activated due to forecasted severe storm systems. (Aug. 5),2023-08-05,https://www.sos.mo.gov/library/reference/orders/2023/eo8,C,county/county-equivalent,151,OSAGE,0,0,0.0,0.0,"Flash Flood, Thunderstorm Wind",6,0.0
MO-EO-23-08,23-08,Michael L. Parson,Gov. Michael Parson declares a State of Emergency and directs the Missouri State Emergency Operations Plan be activated due to forecasted severe storm systems. (Aug. 5),2023-08-05,https://www.sos.mo.gov/library/reference/orders/2023/eo8,C,county/county-equivalent,159,PETTIS,0,0,0.0,0.0,Hail,1,0.0
MO-EO-23-08,23-08,Michael L. Parson,Gov. Michael Parson declares a State of Emergency and directs the Missouri State Emergency Operations Plan be activated due to forecasted severe storm systems. (Aug. 5),2023-08-05,https://www.sos.mo.gov/library/reference/orders/2023/eo8,C,county/county-equivalent,177,RAY,0,0,0.0,0.0,Tornado,1,0.0
MO-EO-23-08,23-08,Michael L. Parson,Gov. Michael Parson declares a State of Emergency and directs the Missouri State Emergency Operations Plan be activated due to forecasted severe storm systems. (Aug. 5),2023-08-05,https://www.sos.mo.gov/library/reference/orders/2023/eo8,C,county/county-equivalent,187,ST. FRANCOIS,0,0,0.0,0.0,"Flash Flood, Thunderstorm Wind",4,0.0
MO-EO-23-08,23-08,Michael L. Parson,Gov. Michael Parson declares a State of Emergency and directs the Missouri State Emergency Operations Plan be activated due to forecasted severe storm systems. (Aug. 5),2023-08-05,https://www.sos.mo.gov/library/reference/orders/2023/eo8,C,county/county-equivalent,195,SALINE,0,0,0.0,0.0,Tornado,1,0.0
MO-EO-23-08,23-08,Michael L. Parson,Gov. Michael Parson declares a State of Emergency and directs the Missouri State Emergency Operations Plan be activated due to forecasted severe storm systems. (Aug. 5),2023-08-05,https://www.sos.mo.gov/library/reference/orders/2023/eo8,C,county/county-equivalent,199,SCOTLAND,0,0,0.0,0.0,Flash Flood,2,0.0
MO-EO-23-08,23-08,Michael L. Parson,Gov. Michael Parson declares a State of Emergency and directs the Missouri State Emergency Operations Plan be activated due to forecasted severe storm systems. (Aug. 5),2023-08-05,https://www.sos.mo.gov/library/reference/orders/2023/eo8,C,county/county-equivalent,201,SCOTT,0,0,0.0,0.0,Flash Flood,1,0.0
MO-EO-23-08,23-08,Michael L. Parson,Gov. Michael Parson declares a State of Emergency and directs the Missouri State Emergency Operations Plan be activated due to forecasted severe storm systems. (Aug. 5),2023-08-05,https://www.sos.mo.gov/library/reference/orders/2023/eo8,C,county/county-equivalent,221,WASHINGTON,0,0,0.0,0.0,Thunderstorm Wind,2,0.0
MO-EO-24-06,24-06,Michael L. Parson,Gov. Michael Parson declares a State of Emergency and directs the Missouri State Emergency Operations Plan be activated due to forecasted severe storm systems. (May 2),2024-05-02,https://www.sos.mo.gov/library/reference/orders/2024/eo6,C,county/county-equivalent,97,JASPER,0,0,30000.0,0.0,Tornado,1,30000.0
MO-EO-24-06,24-06,Michael L. Parson,Gov. Michael Parson declares a State of Emergency and directs the Missouri State Emergency Operations Plan be activated due to forecasted severe storm systems. (May 2),2024-05-02,https://www.sos.mo.gov/library/reference/orders/2024/eo6,C,county/county-equivalent,93,IRON,0,0,10000.0,0.0,Thunderstorm Wind,1,10000.0
MO-EO-24-06,24-06,Michael L. Parson,Gov. Michael Parson declares a State of Emergency and directs the Missouri State Emergency Operations Plan be activated due to forecasted severe storm systems. (May 2),2024-05-02,https://www.sos.mo.gov/library/reference/orders/2024/eo6,C,county/county-equivalent,127,MARION,0,0,0.0,0.0,Hail,1,0.0
MO-EO-24-06,24-06,Michael L. Parson,Gov. Michael Parson declares a State of Emergency and directs the Missouri State Emergency Operations Plan be activated due to forecasted severe storm systems. (May 2),2024-05-02,https://www.sos.mo.gov/library/reference/orders/2024/eo6,C,county/county-equivalent,139,MONTGOMERY,0,0,0.0,0.0,Thunderstorm Wind,1,0.0
MO-EO-24-06,24-06,Michael L. Parson,Gov. Michael Parson declares a State of Emergency and directs the Missouri State Emergency Operations Plan be activated due to forecasted severe storm systems. (May 2),2024-05-02,https://www.sos.mo.gov/library/reference/orders/2024/eo6,C,county/county-equivalent,153,OZARK,0,0,0.0,0.0,Flash Flood,1,0.0
MO-EO-24-06,24-06,Michael L. Parson,Gov. Michael Parson declares a State of Emergency and directs the Missouri State Emergency Operations Plan be activated due to forecasted severe storm systems. (May 2),2024-05-02,https://www.sos.mo.gov/library/reference/orders/2024/eo6,C,county/county-equivalent,167,POLK,0,0,0.0,0.0,Hail,1,0.0
MO-EO-24-06,24-06,Michael L. Parson,Gov. Michael Parson declares a State of Emergency and directs the Missouri State Emergency Operations Plan be activated due to forecasted severe storm systems. (May 2),2024-05-02,https://www.sos.mo.gov/library/reference/orders/2024/eo6,C,county/county-equivalent,187,ST. FRANCOIS,0,0,0.0,0.0,Thunderstorm Wind,1,0.0
MO-EO-24-06,24-06,Michael L. Parson,Gov. Michael Parson declares a State of Emergency and directs the Missouri State Emergency Operations Plan be activated due to forecasted severe storm systems. (May 2),2024-05-02,https://www.sos.mo.gov/library/reference/orders/2024/eo6,C,county/county-equivalent,221,WASHINGTON,0,0,0.0,0.0,Thunderstorm Wind,1,0.0
MO-EO-24-14,24-14,Michael L. Parson,Gov. Michael Parson declares a State of Emergency and directs the Missouri State Emergency Operations Plan be activated due to ongoing and forecasted severe storm systems. (Nov. 5),2024-11-05,https://www.sos.mo.gov/library/reference/orders/2024/eo14,C,county/county-equivalent,189,ST. LOUIS,2,0,200000.0,0.0,"Flash Flood, Heavy Rain",2,200000.0
MO-EO-24-14,24-14,Michael L. Parson,Gov. Michael Parson declares a State of Emergency and directs the Missouri State Emergency Operations Plan be activated due to ongoing and forecasted severe storm systems. (Nov. 5),2024-11-05,https://www.sos.mo.gov/library/reference/orders/2024/eo14,C,county/county-equivalent,93,IRON,1,0,60000.0,0.0,"Flash Flood, Heavy Rain",2,60000.0
MO-EO-24-14,24-14,Michael L. Parson,Gov. Michael Parson declares a State of Emergency and directs the Missouri State Emergency Operations Plan be activated due to ongoing and forecasted severe storm systems. (Nov. 5),2024-11-05,https://www.sos.mo.gov/library/reference/orders/2024/eo14,C,county/county-equivalent,65,DENT,0,0,15000000.0,0.0,"Flash Flood, Heavy Rain",6,15000000.0
MO-EO-24-14,24-14,Michael L. Parson,Gov. Michael Parson declares a State of Emergency and directs the Missouri State Emergency Operations Plan be activated due to ongoing and forecasted severe storm systems. (Nov. 5),2024-11-05,https://www.sos.mo.gov/library/reference/orders/2024/eo14,C,county/county-equivalent,67,DOUGLAS,0,0,11705000.0,0.0,"Flash Flood, Heavy Rain, Thunderstorm Wind, Tornado",8,11705000.0
MO-EO-24-14,24-14,Michael L. Parson,Gov. Michael Parson declares a State of Emergency and directs the Missouri State Emergency Operations Plan be activated due to ongoing and forecasted severe storm systems. (Nov. 5),2024-11-05,https://www.sos.mo.gov/library/reference/orders/2024/eo14,C,county/county-equivalent,203,SHANNON,0,0,8800000.0,0.0,"Flash Flood, Heavy Rain",4,8800000.0
MO-EO-24-14,24-14,Michael L. Parson,Gov. Michael Parson declares a State of Emergency and directs the Missouri State Emergency Operations Plan be activated due to ongoing and forecasted severe storm systems. (Nov. 5),2024-11-05,https://www.sos.mo.gov/library/reference/orders/2024/eo14,C,county/county-equivalent,153,OZARK,0,0,6000000.0,0.0,"Flash Flood, Heavy Rain",8,6000000.0
MO-EO-24-14,24-14,Michael L. Parson,Gov. Michael Parson declares a State of Emergency and directs the Missouri State Emergency Operations Plan be activated due to ongoing and forecasted severe storm systems. (Nov. 5),2024-11-05,https://www.sos.mo.gov/library/reference/orders/2024/eo14,C,county/county-equivalent,91,HOWELL,0,0,5750000.0,0.0,"Flash Flood, Heavy Rain",6,5750000.0
MO-EO-24-14,24-14,Michael L. Parson,Gov. Michael Parson declares a State of Emergency and directs the Missouri State Emergency Operations Plan be activated due to ongoing and forecasted severe storm systems. (Nov. 5),2024-11-05,https://www.sos.mo.gov/library/reference/orders/2024/eo14,C,county/county-equivalent,229,WRIGHT,0,0,1760000.0,0.0,"Flash Flood, Heavy Rain",4,1760000.0
MO-EO-24-14,24-14,Michael L. Parson,Gov. Michael Parson declares a State of Emergency and directs the Missouri State Emergency Operations Plan be activated due to ongoing and forecasted severe storm systems. (Nov. 5),2024-11-05,https://www.sos.mo.gov/library/reference/orders/2024/eo14,C,county/county-equivalent,510,ST. LOUIS (C),0,0,60000.0,0.0,"Flash Flood, Heavy Rain",2,60000.0
MO-EO-24-14,24-14,Michael L. Parson,Gov. Michael Parson declares a State of Emergency and directs the Missouri State Emergency Operations Plan be activated due to ongoing and forecasted severe storm systems. (Nov. 5),2024-11-05,https://www.sos.mo.gov/library/reference/orders/2024/eo14,C,county/county-equivalent,99,JEFFERSON,0,0,50000.0,0.0,"Flash Flood, Heavy Rain",2,50000.0
MO-EO-24-14,24-14,Michael L. Parson,Gov. Michael Parson declares a State of Emergency and directs the Missouri State Emergency Operations Plan be activated due to ongoing and forecasted severe storm systems. (Nov. 5),2024-11-05,https://www.sos.mo.gov/library/reference/orders/2024/eo14,C,county/county-equivalent,209,STONE,0,0,43000.0,0.0,"Thunderstorm Wind, Tornado",2,43000.0
MO-EO-24-14,24-14,Michael L. Parson,Gov. Michael Parson declares a State of Emergency and directs the Missouri State Emergency Operations Plan be activated due to ongoing and forecasted severe storm systems. (Nov. 5),2024-11-05,https://www.sos.mo.gov/library/reference/orders/2024/eo14,C,county/county-equivalent,215,TEXAS,0,0,30000.0,0.0,"Flash Flood, Heavy Rain",10,30000.0
MO-EO-24-14,24-14,Michael L. Parson,Gov. Michael Parson declares a State of Emergency and directs the Missouri State Emergency Operations Plan be activated due to ongoing and forecasted severe storm systems. (Nov. 5),2024-11-05,https://www.sos.mo.gov/library/reference/orders/2024/eo14,C,county/county-equivalent,77,GREENE,0,0,5000.0,0.0,Thunderstorm Wind,1,5000.0
MO-EO-24-14,24-14,Michael L. Parson,Gov. Michael Parson declares a State of Emergency and directs the Missouri State Emergency Operations Plan be activated due to ongoing and forecasted severe storm systems. (Nov. 5),2024-11-05,https://www.sos.mo.gov/library/reference/orders/2024/eo14,C,county/county-equivalent,183,ST. CHARLES,0,0,5000.0,0.0,Tornado,1,5000.0
MO-EO-24-14,24-14,Michael L. Parson,Gov. Michael Parson declares a State of Emergency and directs the Missouri State Emergency Operations Plan be activated due to ongoing and forecasted severe storm systems. (Nov. 5),2024-11-05,https://www.sos.mo.gov/library/reference/orders/2024/eo14,C,county/county-equivalent,35,CARTER,0,0,0.0,0.0,Flash Flood,1,0.0
MO-EO-24-14,24-14,Michael L. Parson,Gov. Michael Parson declares a State of Emergency and directs the Missouri State Emergency Operations Plan be activated due to ongoing and forecasted severe storm systems. (Nov. 5),2024-11-05,https://www.sos.mo.gov/library/reference/orders/2024/eo14,C,county/county-equivalent,55,CRAWFORD,0,0,0.0,0.0,Heavy Rain,1,0.0
MO-EO-24-14,24-14,Michael L. Parson,Gov. Michael Parson declares a State of Emergency and directs the Missouri State Emergency Operations Plan be activated due to ongoing and forecasted severe storm systems. (Nov. 5),2024-11-05,https://www.sos.mo.gov/library/reference/orders/2024/eo14,C,county/county-equivalent,113,LINCOLN,0,0,0.0,0.0,Tornado,1,0.0
MO-EO-24-14,24-14,Michael L. Parson,Gov. Michael Parson declares a State of Emergency and directs the Missouri State Emergency Operations Plan be activated due to ongoing and forecasted severe storm systems. (Nov. 5),2024-11-05,https://www.sos.mo.gov/library/reference/orders/2024/eo14,C,county/county-equivalent,131,MILLER,0,0,0.0,0.0,Thunderstorm Wind,1,0.0
MO-EO-24-14,24-14,Michael L. Parson,Gov. Michael Parson declares a State of Emergency and directs the Missouri State Emergency Operations Plan be activated due to ongoing and forecasted severe storm systems. (Nov. 5),2024-11-05,https://www.sos.mo.gov/library/reference/orders/2024/eo14,C,county/county-equivalent,139,MONTGOMERY,0,0,0.0,0.0,Tornado,1,0.0
MO-EO-24-14,24-14,Michael L. Parson,Gov. Michael Parson declares a State of Emergency and directs the Missouri State Emergency Operations Plan be activated due to ongoing and forecasted severe storm systems. (Nov. 5),2024-11-05,https://www.sos.mo.gov/library/reference/orders/2024/eo14,C,county/county-equivalent,161,PHELPS,0,0,0.0,0.0,Heavy Rain,9,0.0
MO-EO-24-14,24-14,Michael L. Parson,Gov. Michael Parson declares a State of Emergency and directs the Missouri State Emergency Operations Plan be activated due to ongoing and forecasted severe storm systems. (Nov. 5),2024-11-05,https://www.sos.mo.gov/library/reference/orders/2024/eo14,C,county/county-equivalent,179,REYNOLDS,0,0,0.0,0.0,"Flash Flood, Heavy Rain",2,0.0
MO-EO-24-14,24-14,Michael L. Parson,Gov. Michael Parson declares a State of Emergency and directs the Missouri State Emergency Operations Plan be activated due to ongoing and forecasted severe storm systems. (Nov. 5),2024-11-05,https://www.sos.mo.gov/library/reference/orders/2024/eo14,C,county/county-equivalent,213,TANEY,0,0,0.0,0.0,"Flash Flood, Heavy Rain",5,0.0
MO-EO-24-14,24-14,Michael L. Parson,Gov. Michael Parson declares a State of Emergency and directs the Missouri State Emergency Operations Plan be activated due to ongoing and forecasted severe storm systems. (Nov. 5),2024-11-05,https://www.sos.mo.gov/library/reference/orders/2024/eo14,C,county/county-equivalent,221,WASHINGTON,0,0,0.0,0.0,"Flash Flood, Heavy Rain",2,0.0
MO-EO-25-19,25-19,Mike Kehoe,"Gov. Mike Kehoe declares a State of Emergency and directs the Missouri State Emergency Operations Plan be activated due to forecasted severe storm systems beginning on March 14, 2025. (Mar. 14)",2025-03-14,https://www.sos.mo.gov/library/reference/orders/2025/eo19,C,county/county-equivalent,223,WAYNE,6,1,8500000.0,0.0,Tornado,3,8500000.0
MO-EO-25-19,25-19,Mike Kehoe,"Gov. Mike Kehoe declares a State of Emergency and directs the Missouri State Emergency Operations Plan be activated due to forecasted severe storm systems beginning on March 14, 2025. (Mar. 14)",2025-03-14,https://www.sos.mo.gov/library/reference/orders/2025/eo19,C,county/county-equivalent,153,OZARK,3,4,2000000.0,0.0,Tornado,1,2000000.0
MO-EO-25-19,25-19,Mike Kehoe,"Gov. Mike Kehoe declares a State of Emergency and directs the Missouri State Emergency Operations Plan be activated due to forecasted severe storm systems beginning on March 14, 2025. (Mar. 14)",2025-03-14,https://www.sos.mo.gov/library/reference/orders/2025/eo19,C,county/county-equivalent,23,BUTLER,1,0,16400000.0,0.0,Tornado,2,16400000.0
MO-EO-25-19,25-19,Mike Kehoe,"Gov. Mike Kehoe declares a State of Emergency and directs the Missouri State Emergency Operations Plan be activated due to forecasted severe storm systems beginning on March 14, 2025. (Mar. 14)",2025-03-14,https://www.sos.mo.gov/library/reference/orders/2025/eo19,C,county/county-equivalent,93,IRON,0,2,800000.0,0.0,Tornado,1,800000.0
MO-EO-25-19,25-19,Mike Kehoe,"Gov. Mike Kehoe declares a State of Emergency and directs the Missouri State Emergency Operations Plan be activated due to forecasted severe storm systems beginning on March 14, 2025. (Mar. 14)",2025-03-14,https://www.sos.mo.gov/library/reference/orders/2025/eo19,C,county/county-equivalent,161,PHELPS,0,1,2525000.0,0.0,"Hail, Tornado",3,2525000.0
MO-EO-25-19,25-19,Mike Kehoe,"Gov. Mike Kehoe declares a State of Emergency and directs the Missouri State Emergency Operations Plan be activated due to forecasted severe storm systems beginning on March 14, 2025. (Mar. 14)",2025-03-14,https://www.sos.mo.gov/library/reference/orders/2025/eo19,C,county/county-equivalent,181,RIPLEY,0,1,1400000.0,0.0,"Hail, Tornado",2,1400000.0
MO-EO-25-19,25-19,Mike Kehoe,"Gov. Mike Kehoe declares a State of Emergency and directs the Missouri State Emergency Operations Plan be activated due to forecasted severe storm systems beginning on March 14, 2025. (Mar. 14)",2025-03-14,https://www.sos.mo.gov/library/reference/orders/2025/eo19,C,county/county-equivalent,95,JACKSON,0,1,0.0,0.0,Thunderstorm Wind,16,0.0
MO-EO-25-19,25-19,Mike Kehoe,"Gov. Mike Kehoe declares a State of Emergency and directs the Missouri State Emergency Operations Plan be activated due to forecasted severe storm systems beginning on March 14, 2025. (Mar. 14)",2025-03-14,https://www.sos.mo.gov/library/reference/orders/2025/eo19,C,county/county-equivalent,189,ST. LOUIS,0,0,7255000.0,0.0,"Hail, Thunderstorm Wind, Tornado",63,7255000.0
MO-EO-25-19,25-19,Mike Kehoe,"Gov. Mike Kehoe declares a State of Emergency and directs the Missouri State Emergency Operations Plan be activated due to forecasted severe storm systems beginning on March 14, 2025. (Mar. 14)",2025-03-14,https://www.sos.mo.gov/library/reference/orders/2025/eo19,C,county/county-equivalent,91,HOWELL,0,0,5000000.0,0.0,"Hail, Tornado",2,5000000.0
MO-EO-25-19,25-19,Mike Kehoe,"Gov. Mike Kehoe declares a State of Emergency and directs the Missouri State Emergency Operations Plan be activated due to forecasted severe storm systems beginning on March 14, 2025. (Mar. 14)",2025-03-14,https://www.sos.mo.gov/library/reference/orders/2025/eo19,C,county/county-equivalent,157,PERRY,0,0,5000000.0,0.0,"Hail, Tornado",2,5000000.0
MO-EO-25-19,25-19,Mike Kehoe,"Gov. Mike Kehoe declares a State of Emergency and directs the Missouri State Emergency Operations Plan be activated due to forecasted severe storm systems beginning on March 14, 2025. (Mar. 14)",2025-03-14,https://www.sos.mo.gov/library/reference/orders/2025/eo19,C,county/county-equivalent,17,BOLLINGER,0,0,3100000.0,0.0,"Hail, Tornado",3,3100000.0
MO-EO-25-19,25-19,Mike Kehoe,"Gov. Mike Kehoe declares a State of Emergency and directs the Missouri State Emergency Operations Plan be activated due to forecasted severe storm systems beginning on March 14, 2025. (Mar. 14)",2025-03-14,https://www.sos.mo.gov/library/reference/orders/2025/eo19,C,county/county-equivalent,35,CARTER,0,0,2500000.0,0.0,Tornado,2,2500000.0
MO-EO-25-19,25-19,Mike Kehoe,"Gov. Mike Kehoe declares a State of Emergency and directs the Missouri State Emergency Operations Plan be activated due to forecasted severe storm systems beginning on March 14, 2025. (Mar. 14)",2025-03-14,https://www.sos.mo.gov/library/reference/orders/2025/eo19,C,county/county-equivalent,71,FRANKLIN,0,0,1683000.0,0.0,"Hail, Tornado",8,1683000.0
MO-EO-25-19,25-19,Mike Kehoe,"Gov. Mike Kehoe declares a State of Emergency and directs the Missouri State Emergency Operations Plan be activated due to forecasted severe storm systems beginning on March 14, 2025. (Mar. 14)",2025-03-14,https://www.sos.mo.gov/library/reference/orders/2025/eo19,C,county/county-equivalent,149,OREGON,0,0,1200000.0,0.0,Tornado,2,1200000.0
MO-EO-25-19,25-19,Mike Kehoe,"Gov. Mike Kehoe declares a State of Emergency and directs the Missouri State Emergency Operations Plan be activated due to forecasted severe storm systems beginning on March 14, 2025. (Mar. 14)",2025-03-14,https://www.sos.mo.gov/library/reference/orders/2025/eo19,C,county/county-equivalent,201,SCOTT,0,0,1001000.0,0.0,"Thunderstorm Wind, Tornado",2,1001000.0
MO-EO-25-19,25-19,Mike Kehoe,"Gov. Mike Kehoe declares a State of Emergency and directs the Missouri State Emergency Operations Plan be activated due to forecasted severe storm systems beginning on March 14, 2025. (Mar. 14)",2025-03-14,https://www.sos.mo.gov/library/reference/orders/2025/eo19,C,county/county-equivalent,143,NEW MADRID,0,0,900000.0,0.0,"Hail, Tornado",2,900000.0
MO-EO-25-19,25-19,Mike Kehoe,"Gov. Mike Kehoe declares a State of Emergency and directs the Missouri State Emergency Operations Plan be activated due to forecasted severe storm systems beginning on March 14, 2025. (Mar. 14)",2025-03-14,https://www.sos.mo.gov/library/reference/orders/2025/eo19,C,county/county-equivalent,99,JEFFERSON,0,0,825000.0,0.0,"Hail, Thunderstorm Wind, Tornado",25,825000.0
MO-EO-25-19,25-19,Mike Kehoe,"Gov. Mike Kehoe declares a State of Emergency and directs the Missouri State Emergency Operations Plan be activated due to forecasted severe storm systems beginning on March 14, 2025. (Mar. 14)",2025-03-14,https://www.sos.mo.gov/library/reference/orders/2025/eo19,C,county/county-equivalent,207,STODDARD,0,0,675000.0,0.0,Tornado,3,675000.0
MO-EO-25-19,25-19,Mike Kehoe,"Gov. Mike Kehoe declares a State of Emergency and directs the Missouri State Emergency Operations Plan be activated due to forecasted severe storm systems beginning on March 14, 2025. (Mar. 14)",2025-03-14,https://www.sos.mo.gov/library/reference/orders/2025/eo19,C,county/county-equivalent,69,DUNKLIN,0,0,360000.0,0.0,"Hail, Thunderstorm Wind, Tornado",3,360000.0
MO-EO-25-19,25-19,Mike Kehoe,"Gov. Mike Kehoe declares a State of Emergency and directs the Missouri State Emergency Operations Plan be activated due to forecasted severe storm systems beginning on March 14, 2025. (Mar. 14)",2025-03-14,https://www.sos.mo.gov/library/reference/orders/2025/eo19,C,county/county-equivalent,225,WEBSTER,0,0,253000.0,0.0,"Hail, Thunderstorm Wind, Tornado",6,253000.0
MO-EO-25-19,25-19,Mike Kehoe,"Gov. Mike Kehoe declares a State of Emergency and directs the Missouri State Emergency Operations Plan be activated due to forecasted severe storm systems beginning on March 14, 2025. (Mar. 14)",2025-03-14,https://www.sos.mo.gov/library/reference/orders/2025/eo19,C,county/county-equivalent,179,REYNOLDS,0,0,251000.0,0.0,Tornado,2,251000.0
MO-EO-25-19,25-19,Mike Kehoe,"Gov. Mike Kehoe declares a State of Emergency and directs the Missouri State Emergency Operations Plan be activated due to forecasted severe storm systems beginning on March 14, 2025. (Mar. 14)",2025-03-14,https://www.sos.mo.gov/library/reference/orders/2025/eo19,C,county/county-equivalent,105,LACLEDE,0,0,250000.0,0.0,"Hail, Tornado",2,250000.0
MO-EO-25-19,25-19,Mike Kehoe,"Gov. Mike Kehoe declares a State of Emergency and directs the Missouri State Emergency Operations Plan be activated due to forecasted severe storm systems beginning on March 14, 2025. (Mar. 14)",2025-03-14,https://www.sos.mo.gov/library/reference/orders/2025/eo19,C,county/county-equivalent,183,ST. CHARLES,0,0,222000.0,0.0,"Hail, Tornado",2,222000.0
MO-EO-25-19,25-19,Mike Kehoe,"Gov. Mike Kehoe declares a State of Emergency and directs the Missouri State Emergency Operations Plan be activated due to forecasted severe storm systems beginning on March 14, 2025. (Mar. 14)",2025-03-14,https://www.sos.mo.gov/library/reference/orders/2025/eo19,C,county/county-equivalent,155,PEMISCOT,0,0,215000.0,0.0,"Hail, Thunderstorm Wind, Tornado",3,215000.0
MO-EO-25-19,25-19,Mike Kehoe,"Gov. Mike Kehoe declares a State of Emergency and directs the Missouri State Emergency Operations Plan be activated due to forecasted severe storm systems beginning on March 14, 2025. (Mar. 14)",2025-03-14,https://www.sos.mo.gov/library/reference/orders/2025/eo19,C,county/county-equivalent,203,SHANNON,0,0,100000.0,0.0,Tornado,1,100000.0
MO-EO-25-19,25-19,Mike Kehoe,"Gov. Mike Kehoe declares a State of Emergency and directs the Missouri State Emergency Operations Plan be activated due to forecasted severe storm systems beginning on March 14, 2025. (Mar. 14)",2025-03-14,https://www.sos.mo.gov/library/reference/orders/2025/eo19,C,county/county-equivalent,43,CHRISTIAN,0,0,70000.0,0.0,Hail,12,70000.0
MO-EO-25-19,25-19,Mike Kehoe,"Gov. Mike Kehoe declares a State of Emergency and directs the Missouri State Emergency Operations Plan be activated due to forecasted severe storm systems beginning on March 14, 2025. (Mar. 14)",2025-03-14,https://www.sos.mo.gov/library/reference/orders/2025/eo19,C,county/county-equivalent,7,AUDRAIN,0,0,50000.0,0.0,"Hail, Tornado",2,50000.0
MO-EO-25-19,25-19,Mike Kehoe,"Gov. Mike Kehoe declares a State of Emergency and directs the Missouri State Emergency Operations Plan be activated due to forecasted severe storm systems beginning on March 14, 2025. (Mar. 14)",2025-03-14,https://www.sos.mo.gov/library/reference/orders/2025/eo19,C,county/county-equivalent,169,PULASKI,0,0,50000.0,0.0,Tornado,1,50000.0
MO-EO-25-19,25-19,Mike Kehoe,"Gov. Mike Kehoe declares a State of Emergency and directs the Missouri State Emergency Operations Plan be activated due to forecasted severe storm systems beginning on March 14, 2025. (Mar. 14)",2025-03-14,https://www.sos.mo.gov/library/reference/orders/2025/eo19,C,county/county-equivalent,109,LAWRENCE,0,0,26000.0,0.0,Thunderstorm Wind,2,26000.0
MO-EO-25-19,25-19,Mike Kehoe,"Gov. Mike Kehoe declares a State of Emergency and directs the Missouri State Emergency Operations Plan be activated due to forecasted severe storm systems beginning on March 14, 2025. (Mar. 14)",2025-03-14,https://www.sos.mo.gov/library/reference/orders/2025/eo19,C,county/county-equivalent,229,WRIGHT,0,0,25000.0,0.0,"Hail, Tornado",3,25000.0
MO-EO-25-19,25-19,Mike Kehoe,"Gov. Mike Kehoe declares a State of Emergency and directs the Missouri State Emergency Operations Plan be activated due to forecasted severe storm systems beginning on March 14, 2025. (Mar. 14)",2025-03-14,https://www.sos.mo.gov/library/reference/orders/2025/eo19,C,county/county-equivalent,215,TEXAS,0,0,20000.0,0.0,"Hail, Tornado",3,20000.0
MO-EO-25-19,25-19,Mike Kehoe,"Gov. Mike Kehoe declares a State of Emergency and directs the Missouri State Emergency Operations Plan be activated due to forecasted severe storm systems beginning on March 14, 2025. (Mar. 14)",2025-03-14,https://www.sos.mo.gov/library/reference/orders/2025/eo19,C,county/county-equivalent,31,CAPE GIRARDEAU,0,0,10000.0,0.0,Thunderstorm Wind,1,10000.0
MO-EO-25-19,25-19,Mike Kehoe,"Gov. Mike Kehoe declares a State of Emergency and directs the Missouri State Emergency Operations Plan be activated due to forecasted severe storm systems beginning on March 14, 2025. (Mar. 14)",2025-03-14,https://www.sos.mo.gov/library/reference/orders/2025/eo19,C,county/county-equivalent,77,GREENE,0,0,1000.0,0.0,"Hail, Thunderstorm Wind",4,1000.0
MO-EO-25-19,25-19,Mike Kehoe,"Gov. Mike Kehoe declares a State of Emergency and directs the Missouri State Emergency Operations Plan be activated due to forecasted severe storm systems beginning on March 14, 2025. (Mar. 14)",2025-03-14,https://www.sos.mo.gov/library/reference/orders/2025/eo19,C,county/county-equivalent,3,ANDREW,0,0,0.0,0.0,Thunderstorm Wind,2,0.0
MO-EO-25-19,25-19,Mike Kehoe,"Gov. Mike Kehoe declares a State of Emergency and directs the Missouri State Emergency Operations Plan be activated due to forecasted severe storm systems beginning on March 14, 2025. (Mar. 14)",2025-03-14,https://www.sos.mo.gov/library/reference/orders/2025/eo19,C,county/county-equivalent,9,BARRY,0,0,0.0,0.0,Hail,4,0.0
MO-EO-25-19,25-19,Mike Kehoe,"Gov. Mike Kehoe declares a State of Emergency and directs the Missouri State Emergency Operations Plan be activated due to forecasted severe storm systems beginning on March 14, 2025. (Mar. 14)",2025-03-14,https://www.sos.mo.gov/library/reference/orders/2025/eo19,C,county/county-equivalent,21,BUCHANAN,0,0,0.0,0.0,Thunderstorm Wind,4,0.0
MO-EO-25-19,25-19,Mike Kehoe,"Gov. Mike Kehoe declares a State of Emergency and directs the Missouri State Emergency Operations Plan be activated due to forecasted severe storm systems beginning on March 14, 2025. (Mar. 14)",2025-03-14,https://www.sos.mo.gov/library/reference/orders/2025/eo19,C,county/county-equivalent,25,CALDWELL,0,0,0.0,0.0,Thunderstorm Wind,2,0.0
MO-EO-25-19,25-19,Mike Kehoe,"Gov. Mike Kehoe declares a State of Emergency and directs the Missouri State Emergency Operations Plan be activated due to forecasted severe storm systems beginning on March 14, 2025. (Mar. 14)",2025-03-14,https://www.sos.mo.gov/library/reference/orders/2025/eo19,C,county/county-equivalent,27,CALLAWAY,0,0,0.0,0.0,Hail,1,0.0
MO-EO-25-19,25-19,Mike Kehoe,"Gov. Mike Kehoe declares a State of Emergency and directs the Missouri State Emergency Operations Plan be activated due to forecasted severe storm systems beginning on March 14, 2025. (Mar. 14)",2025-03-14,https://www.sos.mo.gov/library/reference/orders/2025/eo19,C,county/county-equivalent,37,CASS,0,0,0.0,0.0,Thunderstorm Wind,4,0.0
MO-EO-25-19,25-19,Mike Kehoe,"Gov. Mike Kehoe declares a State of Emergency and directs the Missouri State Emergency Operations Plan be activated due to forecasted severe storm systems beginning on March 14, 2025. (Mar. 14)",2025-03-14,https://www.sos.mo.gov/library/reference/orders/2025/eo19,C,county/county-equivalent,45,CLARK,0,0,0.0,0.0,Thunderstorm Wind,1,0.0
MO-EO-25-19,25-19,Mike Kehoe,"Gov. Mike Kehoe declares a State of Emergency and directs the Missouri State Emergency Operations Plan be activated due to forecasted severe storm systems beginning on March 14, 2025. (Mar. 14)",2025-03-14,https://www.sos.mo.gov/library/reference/orders/2025/eo19,C,county/county-equivalent,47,CLAY,0,0,0.0,0.0,Thunderstorm Wind,7,0.0
MO-EO-25-19,25-19,Mike Kehoe,"Gov. Mike Kehoe declares a State of Emergency and directs the Missouri State Emergency Operations Plan be activated due to forecasted severe storm systems beginning on March 14, 2025. (Mar. 14)",2025-03-14,https://www.sos.mo.gov/library/reference/orders/2025/eo19,C,county/county-equivalent,55,CRAWFORD,0,0,0.0,0.0,Hail,10,0.0
MO-EO-25-19,25-19,Mike Kehoe,"Gov. Mike Kehoe declares a State of Emergency and directs the Missouri State Emergency Operations Plan be activated due to forecasted severe storm systems beginning on March 14, 2025. (Mar. 14)",2025-03-14,https://www.sos.mo.gov/library/reference/orders/2025/eo19,C,county/county-equivalent,61,DAVIESS,0,0,0.0,0.0,Thunderstorm Wind,2,0.0
MO-EO-25-19,25-19,Mike Kehoe,"Gov. Mike Kehoe declares a State of Emergency and directs the Missouri State Emergency Operations Plan be activated due to forecasted severe storm systems beginning on March 14, 2025. (Mar. 14)",2025-03-14,https://www.sos.mo.gov/library/reference/orders/2025/eo19,C,county/county-equivalent,63,DE KALB,0,0,0.0,0.0,Thunderstorm Wind,1,0.0
MO-EO-25-19,25-19,Mike Kehoe,"Gov. Mike Kehoe declares a State of Emergency and directs the Missouri State Emergency Operations Plan be activated due to forecasted severe storm systems beginning on March 14, 2025. (Mar. 14)",2025-03-14,https://www.sos.mo.gov/library/reference/orders/2025/eo19,C,county/county-equivalent,65,DENT,0,0,0.0,0.0,Hail,1,0.0
MO-EO-25-19,25-19,Mike Kehoe,"Gov. Mike Kehoe declares a State of Emergency and directs the Missouri State Emergency Operations Plan be activated due to forecasted severe storm systems beginning on March 14, 2025. (Mar. 14)",2025-03-14,https://www.sos.mo.gov/library/reference/orders/2025/eo19,C,county/county-equivalent,79,GRUNDY,0,0,0.0,0.0,Thunderstorm Wind,4,0.0
MO-EO-25-19,25-19,Mike Kehoe,"Gov. Mike Kehoe declares a State of Emergency and directs the Missouri State Emergency Operations Plan be activated due to forecasted severe storm systems beginning on March 14, 2025. (Mar. 14)",2025-03-14,https://www.sos.mo.gov/library/reference/orders/2025/eo19,C,county/county-equivalent,97,JASPER,0,0,0.0,0.0,Thunderstorm Wind,1,0.0
MO-EO-25-19,25-19,Mike Kehoe,"Gov. Mike Kehoe declares a State of Emergency and directs the Missouri State Emergency Operations Plan be activated due to forecasted severe storm systems beginning on March 14, 2025. (Mar. 14)",2025-03-14,https://www.sos.mo.gov/library/reference/orders/2025/eo19,C,county/county-equivalent,101,JOHNSON,0,0,0.0,0.0,Thunderstorm Wind,2,0.0
MO-EO-25-19,25-19,Mike Kehoe,"Gov. Mike Kehoe declares a State of Emergency and directs the Missouri State Emergency Operations Plan be activated due to forecasted severe storm systems beginning on March 14, 2025. (Mar. 14)",2025-03-14,https://www.sos.mo.gov/library/reference/orders/2025/eo19,C,county/county-equivalent,107,LAFAYETTE,0,0,0.0,0.0,Thunderstorm Wind,1,0.0
MO-EO-25-19,25-19,Mike Kehoe,"Gov. Mike Kehoe declares a State of Emergency and directs the Missouri State Emergency Operations Plan be activated due to forecasted severe storm systems beginning on March 14, 2025. (Mar. 14)",2025-03-14,https://www.sos.mo.gov/library/reference/orders/2025/eo19,C,county/county-equivalent,113,LINCOLN,0,0,0.0,0.0,Thunderstorm Wind,1,0.0
MO-EO-25-19,25-19,Mike Kehoe,"Gov. Mike Kehoe declares a State of Emergency and directs the Missouri State Emergency Operations Plan be activated due to forecasted severe storm systems beginning on March 14, 2025. (Mar. 14)",2025-03-14,https://www.sos.mo.gov/library/reference/orders/2025/eo19,C,county/county-equivalent,119,MCDONALD,0,0,0.0,0.0,Thunderstorm Wind,1,0.0
MO-EO-25-19,25-19,Mike Kehoe,"Gov. Mike Kehoe declares a State of Emergency and directs the Missouri State Emergency Operations Plan be activated due to forecasted severe storm systems beginning on March 14, 2025. (Mar. 14)",2025-03-14,https://www.sos.mo.gov/library/reference/orders/2025/eo19,C,county/county-equivalent,127,MARION,0,0,0.0,0.0,Thunderstorm Wind,1,0.0
MO-EO-25-19,25-19,Mike Kehoe,"Gov. Mike Kehoe declares a State of Emergency and directs the Missouri State Emergency Operations Plan be activated due to forecasted severe storm systems beginning on March 14, 2025. (Mar. 14)",2025-03-14,https://www.sos.mo.gov/library/reference/orders/2025/eo19,C,county/county-equivalent,159,PETTIS,0,0,0.0,0.0,Thunderstorm Wind,1,0.0
MO-EO-25-19,25-19,Mike Kehoe,"Gov. Mike Kehoe declares a State of Emergency and directs the Missouri State Emergency Operations Plan be activated due to forecasted severe storm systems beginning on March 14, 2025. (Mar. 14)",2025-03-14,https://www.sos.mo.gov/library/reference/orders/2025/eo19,C,county/county-equivalent,165,PLATTE,0,0,0.0,0.0,Thunderstorm Wind,4,0.0
MO-EO-25-19,25-19,Mike Kehoe,"Gov. Mike Kehoe declares a State of Emergency and directs the Missouri State Emergency Operations Plan be activated due to forecasted severe storm systems beginning on March 14, 2025. (Mar. 14)",2025-03-14,https://www.sos.mo.gov/library/reference/orders/2025/eo19,C,county/county-equivalent,177,RAY,0,0,0.0,0.0,Thunderstorm Wind,3,0.0
MO-EO-25-19,25-19,Mike Kehoe,"Gov. Mike Kehoe declares a State of Emergency and directs the Missouri State Emergency Operations Plan be activated due to forecasted severe storm systems beginning on March 14, 2025. (Mar. 14)",2025-03-14,https://www.sos.mo.gov/library/reference/orders/2025/eo19,C,county/county-equivalent,209,STONE,0,0,0.0,0.0,Hail,2,0.0
MO-EO-25-19,25-19,Mike Kehoe,"Gov. Mike Kehoe declares a State of Emergency and directs the Missouri State Emergency Operations Plan be activated due to forecasted severe storm systems beginning on March 14, 2025. (Mar. 14)",2025-03-14,https://www.sos.mo.gov/library/reference/orders/2025/eo19,C,county/county-equivalent,213,TANEY,0,0,0.0,0.0,Hail,1,0.0
MO-EO-25-19,25-19,Mike Kehoe,"Gov. Mike Kehoe declares a State of Emergency and directs the Missouri State Emergency Operations Plan be activated due to forecasted severe storm systems beginning on March 14, 2025. (Mar. 14)",2025-03-14,https://www.sos.mo.gov/library/reference/orders/2025/eo19,C,county/county-equivalent,221,WASHINGTON,0,0,0.0,0.0,Hail,1,0.0
MO-EO-25-19,25-19,Mike Kehoe,"Gov. Mike Kehoe declares a State of Emergency and directs the Missouri State Emergency Operations Plan be activated due to forecasted severe storm systems beginning on March 14, 2025. (Mar. 14)",2025-03-14,https://www.sos.mo.gov/library/reference/orders/2025/eo19,C,county/county-equivalent,510,ST. LOUIS (C),0,0,0.0,0.0,Hail,11,0.0
MO-EO-26-05,26-05,Mike Kehoe,Gov. Mike Kehoe declares a State of Emergency and directs the Missouri State Emergency Operations Plan be activated. The Adjutant General is ordered to call into active service any state militia deemed necessary to support civilian authorities in response to the ongoing and forecasted severe winter storm systems. (Jan. 22),2026-01-22,https://www.sos.mo.gov/library/reference/orders/2026/eo5,Z,NWS forecast zone,13,DE KALB,0,0,0.0,0.0,Heavy Snow,1,0.0
MO-EO-26-05,26-05,Mike Kehoe,Gov. Mike Kehoe declares a State of Emergency and directs the Missouri State Emergency Operations Plan be activated. The Adjutant General is ordered to call into active service any state militia deemed necessary to support civilian authorities in response to the ongoing and forecasted severe winter storm systems. (Jan. 22),2026-01-22,https://www.sos.mo.gov/library/reference/orders/2026/eo5,Z,NWS forecast zone,15,GRUNDY,0,0,0.0,0.0,Heavy Snow,1,0.0
MO-EO-26-05,26-05,Mike Kehoe,Gov. Mike Kehoe declares a State of Emergency and directs the Missouri State Emergency Operations Plan be activated. The Adjutant General is ordered to call into active service any state militia deemed necessary to support civilian authorities in response to the ongoing and forecasted severe winter storm systems. (Jan. 22),2026-01-22,https://www.sos.mo.gov/library/reference/orders/2026/eo5,Z,NWS forecast zone,16,SULLIVAN,0,0,0.0,0.0,Heavy Snow,1,0.0
MO-EO-26-05,26-05,Mike Kehoe,Gov. Mike Kehoe declares a State of Emergency and directs the Missouri State Emergency Operations Plan be activated. The Adjutant General is ordered to call into active service any state militia deemed necessary to support civilian authorities in response to the ongoing and forecasted severe winter storm systems. (Jan. 22),2026-01-22,https://www.sos.mo.gov/library/reference/orders/2026/eo5,Z,NWS forecast zone,20,BUCHANAN,0,0,0.0,0.0,Heavy Snow,1,0.0
MO-EO-26-05,26-05,Mike Kehoe,Gov. Mike Kehoe declares a State of Emergency and directs the Missouri State Emergency Operations Plan be activated. The Adjutant General is ordered to call into active service any state militia deemed necessary to support civilian authorities in response to the ongoing and forecasted severe winter storm systems. (Jan. 22),2026-01-22,https://www.sos.mo.gov/library/reference/orders/2026/eo5,Z,NWS forecast zone,21,CLINTON,0,0,0.0,0.0,Heavy Snow,1,0.0
MO-EO-26-05,26-05,Mike Kehoe,Gov. Mike Kehoe declares a State of Emergency and directs the Missouri State Emergency Operations Plan be activated. The Adjutant General is ordered to call into active service any state militia deemed necessary to support civilian authorities in response to the ongoing and forecasted severe winter storm systems. (Jan. 22),2026-01-22,https://www.sos.mo.gov/library/reference/orders/2026/eo5,Z,NWS forecast zone,23,LIVINGSTON,0,0,0.0,0.0,Heavy Snow,1,0.0
MO-EO-26-05,26-05,Mike Kehoe,Gov. Mike Kehoe declares a State of Emergency and directs the Missouri State Emergency Operations Plan be activated. The Adjutant General is ordered to call into active service any state militia deemed necessary to support civilian authorities in response to the ongoing and forecasted severe winter storm systems. (Jan. 22),2026-01-22,https://www.sos.mo.gov/library/reference/orders/2026/eo5,Z,NWS forecast zone,24,LINN,0,0,0.0,0.0,Heavy Snow,1,0.0
MO-EO-26-05,26-05,Mike Kehoe,Gov. Mike Kehoe declares a State of Emergency and directs the Missouri State Emergency Operations Plan be activated. The Adjutant General is ordered to call into active service any state militia deemed necessary to support civilian authorities in response to the ongoing and forecasted severe winter storm systems. (Jan. 22),2026-01-22,https://www.sos.mo.gov/library/reference/orders/2026/eo5,Z,NWS forecast zone,25,MACON,0,0,0.0,0.0,Heavy Snow,1,0.0
MO-EO-26-05,26-05,Mike Kehoe,Gov. Mike Kehoe declares a State of Emergency and directs the Missouri State Emergency Operations Plan be activated. The Adjutant General is ordered to call into active service any state militia deemed necessary to support civilian authorities in response to the ongoing and forecasted severe winter storm systems. (Jan. 22),2026-01-22,https://www.sos.mo.gov/library/reference/orders/2026/eo5,Z,NWS forecast zone,28,PLATTE,0,0,0.0,0.0,Heavy Snow,1,0.0
MO-EO-26-05,26-05,Mike Kehoe,Gov. Mike Kehoe declares a State of Emergency and directs the Missouri State Emergency Operations Plan be activated. The Adjutant General is ordered to call into active service any state militia deemed necessary to support civilian authorities in response to the ongoing and forecasted severe winter storm systems. (Jan. 22),2026-01-22,https://www.sos.mo.gov/library/reference/orders/2026/eo5,Z,NWS forecast zone,29,CLAY,0,0,0.0,0.0,Heavy Snow,1,0.0
MO-EO-26-05,26-05,Mike Kehoe,Gov. Mike Kehoe declares a State of Emergency and directs the Missouri State Emergency Operations Plan be activated. The Adjutant General is ordered to call into active service any state militia deemed necessary to support civilian authorities in response to the ongoing and forecasted severe winter storm systems. (Jan. 22),2026-01-22,https://www.sos.mo.gov/library/reference/orders/2026/eo5,Z,NWS forecast zone,30,RAY,0,0,0.0,0.0,Heavy Snow,1,0.0
MO-EO-26-05,26-05,Mike Kehoe,Gov. Mike Kehoe declares a State of Emergency and directs the Missouri State Emergency Operations Plan be activated. The Adjutant General is ordered to call into active service any state militia deemed necessary to support civilian authorities in response to the ongoing and forecasted severe winter storm systems. (Jan. 22),2026-01-22,https://www.sos.mo.gov/library/reference/orders/2026/eo5,Z,NWS forecast zone,32,CHARITON,0,0,0.0,0.0,Heavy Snow,1,0.0
MO-EO-26-05,26-05,Mike Kehoe,Gov. Mike Kehoe declares a State of Emergency and directs the Missouri State Emergency Operations Plan be activated. The Adjutant General is ordered to call into active service any state militia deemed necessary to support civilian authorities in response to the ongoing and forecasted severe winter storm systems. (Jan. 22),2026-01-22,https://www.sos.mo.gov/library/reference/orders/2026/eo5,Z,NWS forecast zone,33,RANDOLPH,0,0,0.0,0.0,Heavy Snow,1,0.0
MO-EO-26-05,26-05,Mike Kehoe,Gov. Mike Kehoe declares a State of Emergency and directs the Missouri State Emergency Operations Plan be activated. The Adjutant General is ordered to call into active service any state militia deemed necessary to support civilian authorities in response to the ongoing and forecasted severe winter storm systems. (Jan. 22),2026-01-22,https://www.sos.mo.gov/library/reference/orders/2026/eo5,Z,NWS forecast zone,37,JACKSON,0,0,0.0,0.0,Heavy Snow,1,0.0
MO-EO-26-05,26-05,Mike Kehoe,Gov. Mike Kehoe declares a State of Emergency and directs the Missouri State Emergency Operations Plan be activated. The Adjutant General is ordered to call into active service any state militia deemed necessary to support civilian authorities in response to the ongoing and forecasted severe winter storm systems. (Jan. 22),2026-01-22,https://www.sos.mo.gov/library/reference/orders/2026/eo5,Z,NWS forecast zone,38,LAFAYETTE,0,0,0.0,0.0,Heavy Snow,1,0.0
MO-EO-26-05,26-05,Mike Kehoe,Gov. Mike Kehoe declares a State of Emergency and directs the Missouri State Emergency Operations Plan be activated. The Adjutant General is ordered to call into active service any state militia deemed necessary to support civilian authorities in response to the ongoing and forecasted severe winter storm systems. (Jan. 22),2026-01-22,https://www.sos.mo.gov/library/reference/orders/2026/eo5,Z,NWS forecast zone,39,SALINE,0,0,0.0,0.0,Heavy Snow,1,0.0
MO-EO-26-05,26-05,Mike Kehoe,Gov. Mike Kehoe declares a State of Emergency and directs the Missouri State Emergency Operations Plan be activated. The Adjutant General is ordered to call into active service any state militia deemed necessary to support civilian authorities in response to the ongoing and forecasted severe winter storm systems. (Jan. 22),2026-01-22,https://www.sos.mo.gov/library/reference/orders/2026/eo5,Z,NWS forecast zone,40,HOWARD,0,0,0.0,0.0,Heavy Snow,1,0.0
MO-EO-26-05,26-05,Mike Kehoe,Gov. Mike Kehoe declares a State of Emergency and directs the Missouri State Emergency Operations Plan be activated. The Adjutant General is ordered to call into active service any state militia deemed necessary to support civilian authorities in response to the ongoing and forecasted severe winter storm systems. (Jan. 22),2026-01-22,https://www.sos.mo.gov/library/reference/orders/2026/eo5,Z,NWS forecast zone,43,CASS,0,0,0.0,0.0,Heavy Snow,1,0.0
MO-EO-26-05,26-05,Mike Kehoe,Gov. Mike Kehoe declares a State of Emergency and directs the Missouri State Emergency Operations Plan be activated. The Adjutant General is ordered to call into active service any state militia deemed necessary to support civilian authorities in response to the ongoing and forecasted severe winter storm systems. (Jan. 22),2026-01-22,https://www.sos.mo.gov/library/reference/orders/2026/eo5,Z,NWS forecast zone,44,JOHNSON,0,0,0.0,0.0,Heavy Snow,1,0.0
MO-EO-26-05,26-05,Mike Kehoe,Gov. Mike Kehoe declares a State of Emergency and directs the Missouri State Emergency Operations Plan be activated. The Adjutant General is ordered to call into active service any state militia deemed necessary to support civilian authorities in response to the ongoing and forecasted severe winter storm systems. (Jan. 22),2026-01-22,https://www.sos.mo.gov/library/reference/orders/2026/eo5,Z,NWS forecast zone,45,PETTIS,0,0,0.0,0.0,Heavy Snow,1,0.0
MO-EO-26-05,26-05,Mike Kehoe,Gov. Mike Kehoe declares a State of Emergency and directs the Missouri State Emergency Operations Plan be activated. The Adjutant General is ordered to call into active service any state militia deemed necessary to support civilian authorities in response to the ongoing and forecasted severe winter storm systems. (Jan. 22),2026-01-22,https://www.sos.mo.gov/library/reference/orders/2026/eo5,Z,NWS forecast zone,46,COOPER,0,0,0.0,0.0,Heavy Snow,1,0.0
MO-EO-26-05,26-05,Mike Kehoe,Gov. Mike Kehoe declares a State of Emergency and directs the Missouri State Emergency Operations Plan be activated. The Adjutant General is ordered to call into active service any state militia deemed necessary to support civilian authorities in response to the ongoing and forecasted severe winter storm systems. (Jan. 22),2026-01-22,https://www.sos.mo.gov/library/reference/orders/2026/eo5,Z,NWS forecast zone,53,BATES,0,0,0.0,0.0,Heavy Snow,1,0.0
MO-EO-26-05,26-05,Mike Kehoe,Gov. Mike Kehoe declares a State of Emergency and directs the Missouri State Emergency Operations Plan be activated. The Adjutant General is ordered to call into active service any state militia deemed necessary to support civilian authorities in response to the ongoing and forecasted severe winter storm systems. (Jan. 22),2026-01-22,https://www.sos.mo.gov/library/reference/orders/2026/eo5,Z,NWS forecast zone,54,HENRY,0,0,0.0,0.0,Heavy Snow,1,0.0
MO-EO-26-05,26-05,Mike Kehoe,Gov. Mike Kehoe declares a State of Emergency and directs the Missouri State Emergency Operations Plan be activated. The Adjutant General is ordered to call into active service any state militia deemed necessary to support civilian authorities in response to the ongoing and forecasted severe winter storm systems. (Jan. 22),2026-01-22,https://www.sos.mo.gov/library/reference/orders/2026/eo5,Z,NWS forecast zone,55,BENTON,0,0,0.0,0.0,Winter Storm,1,0.0
MO-EO-26-05,26-05,Mike Kehoe,Gov. Mike Kehoe declares a State of Emergency and directs the Missouri State Emergency Operations Plan be activated. The Adjutant General is ordered to call into active service any state militia deemed necessary to support civilian authorities in response to the ongoing and forecasted severe winter storm systems. (Jan. 22),2026-01-22,https://www.sos.mo.gov/library/reference/orders/2026/eo5,Z,NWS forecast zone,56,MORGAN,0,0,0.0,0.0,Winter Storm,1,0.0
MO-EO-26-05,26-05,Mike Kehoe,Gov. Mike Kehoe declares a State of Emergency and directs the Missouri State Emergency Operations Plan be activated. The Adjutant General is ordered to call into active service any state militia deemed necessary to support civilian authorities in response to the ongoing and forecasted severe winter storm systems. (Jan. 22),2026-01-22,https://www.sos.mo.gov/library/reference/orders/2026/eo5,Z,NWS forecast zone,57,MILLER,0,0,0.0,0.0,Winter Storm,1,0.0
MO-EO-26-05,26-05,Mike Kehoe,Gov. Mike Kehoe declares a State of Emergency and directs the Missouri State Emergency Operations Plan be activated. The Adjutant General is ordered to call into active service any state militia deemed necessary to support civilian authorities in response to the ongoing and forecasted severe winter storm systems. (Jan. 22),2026-01-22,https://www.sos.mo.gov/library/reference/orders/2026/eo5,Z,NWS forecast zone,58,MARIES,0,0,0.0,0.0,Winter Storm,1,0.0
MO-EO-26-05,26-05,Mike Kehoe,Gov. Mike Kehoe declares a State of Emergency and directs the Missouri State Emergency Operations Plan be activated. The Adjutant General is ordered to call into active service any state militia deemed necessary to support civilian authorities in response to the ongoing and forecasted severe winter storm systems. (Jan. 22),2026-01-22,https://www.sos.mo.gov/library/reference/orders/2026/eo5,Z,NWS forecast zone,66,VERNON,0,0,0.0,0.0,Winter Storm,1,0.0
MO-EO-26-05,26-05,Mike Kehoe,Gov. Mike Kehoe declares a State of Emergency and directs the Missouri State Emergency Operations Plan be activated. The Adjutant General is ordered to call into active service any state militia deemed necessary to support civilian authorities in response to the ongoing and forecasted severe winter storm systems. (Jan. 22),2026-01-22,https://www.sos.mo.gov/library/reference/orders/2026/eo5,Z,NWS forecast zone,67,ST. CLAIR,0,0,0.0,0.0,Winter Storm,1,0.0
MO-EO-26-05,26-05,Mike Kehoe,Gov. Mike Kehoe declares a State of Emergency and directs the Missouri State Emergency Operations Plan be activated. The Adjutant General is ordered to call into active service any state militia deemed necessary to support civilian authorities in response to the ongoing and forecasted severe winter storm systems. (Jan. 22),2026-01-22,https://www.sos.mo.gov/library/reference/orders/2026/eo5,Z,NWS forecast zone,68,HICKORY,0,0,0.0,0.0,Winter Storm,1,0.0
MO-EO-26-05,26-05,Mike Kehoe,Gov. Mike Kehoe declares a State of Emergency and directs the Missouri State Emergency Operations Plan be activated. The Adjutant General is ordered to call into active service any state militia deemed necessary to support civilian authorities in response to the ongoing and forecasted severe winter storm systems. (Jan. 22),2026-01-22,https://www.sos.mo.gov/library/reference/orders/2026/eo5,Z,NWS forecast zone,69,CAMDEN,0,0,0.0,0.0,Winter Storm,1,0.0
MO-EO-26-05,26-05,Mike Kehoe,Gov. Mike Kehoe declares a State of Emergency and directs the Missouri State Emergency Operations Plan be activated. The Adjutant General is ordered to call into active service any state militia deemed necessary to support civilian authorities in response to the ongoing and forecasted severe winter storm systems. (Jan. 22),2026-01-22,https://www.sos.mo.gov/library/reference/orders/2026/eo5,Z,NWS forecast zone,70,PULASKI,0,0,0.0,0.0,Winter Storm,1,0.0
MO-EO-26-05,26-05,Mike Kehoe,Gov. Mike Kehoe declares a State of Emergency and directs the Missouri State Emergency Operations Plan be activated. The Adjutant General is ordered to call into active service any state militia deemed necessary to support civilian authorities in response to the ongoing and forecasted severe winter storm systems. (Jan. 22),2026-01-22,https://www.sos.mo.gov/library/reference/orders/2026/eo5,Z,NWS forecast zone,71,PHELPS,0,0,0.0,0.0,Winter Storm,1,0.0
MO-EO-26-05,26-05,Mike Kehoe,Gov. Mike Kehoe declares a State of Emergency and directs the Missouri State Emergency Operations Plan be activated. The Adjutant General is ordered to call into active service any state militia deemed necessary to support civilian authorities in response to the ongoing and forecasted severe winter storm systems. (Jan. 22),2026-01-22,https://www.sos.mo.gov/library/reference/orders/2026/eo5,Z,NWS forecast zone,76,PERRY,0,0,0.0,0.0,"Cold/Wind Chill, Extreme Cold/Wind Chill, Heavy Snow",3,0.0
MO-EO-26-05,26-05,Mike Kehoe,Gov. Mike Kehoe declares a State of Emergency and directs the Missouri State Emergency Operations Plan be activated. The Adjutant General is ordered to call into active service any state militia deemed necessary to support civilian authorities in response to the ongoing and forecasted severe winter storm systems. (Jan. 22),2026-01-22,https://www.sos.mo.gov/library/reference/orders/2026/eo5,Z,NWS forecast zone,77,BARTON,0,0,0.0,0.0,Winter Storm,1,0.0
MO-EO-26-05,26-05,Mike Kehoe,Gov. Mike Kehoe declares a State of Emergency and directs the Missouri State Emergency Operations Plan be activated. The Adjutant General is ordered to call into active service any state militia deemed necessary to support civilian authorities in response to the ongoing and forecasted severe winter storm systems. (Jan. 22),2026-01-22,https://www.sos.mo.gov/library/reference/orders/2026/eo5,Z,NWS forecast zone,78,CEDAR,0,0,0.0,0.0,Winter Storm,1,0.0
MO-EO-26-05,26-05,Mike Kehoe,Gov. Mike Kehoe declares a State of Emergency and directs the Missouri State Emergency Operations Plan be activated. The Adjutant General is ordered to call into active service any state militia deemed necessary to support civilian authorities in response to the ongoing and forecasted severe winter storm systems. (Jan. 22),2026-01-22,https://www.sos.mo.gov/library/reference/orders/2026/eo5,Z,NWS forecast zone,79,POLK,0,0,0.0,0.0,Winter Storm,1,0.0
MO-EO-26-05,26-05,Mike Kehoe,Gov. Mike Kehoe declares a State of Emergency and directs the Missouri State Emergency Operations Plan be activated. The Adjutant General is ordered to call into active service any state militia deemed necessary to support civilian authorities in response to the ongoing and forecasted severe winter storm systems. (Jan. 22),2026-01-22,https://www.sos.mo.gov/library/reference/orders/2026/eo5,Z,NWS forecast zone,80,DALLAS,0,0,0.0,0.0,Winter Storm,1,0.0
MO-EO-26-05,26-05,Mike Kehoe,Gov. Mike Kehoe declares a State of Emergency and directs the Missouri State Emergency Operations Plan be activated. The Adjutant General is ordered to call into active service any state militia deemed necessary to support civilian authorities in response to the ongoing and forecasted severe winter storm systems. (Jan. 22),2026-01-22,https://www.sos.mo.gov/library/reference/orders/2026/eo5,Z,NWS forecast zone,81,LACLEDE,0,0,0.0,0.0,Winter Storm,1,0.0
MO-EO-26-05,26-05,Mike Kehoe,Gov. Mike Kehoe declares a State of Emergency and directs the Missouri State Emergency Operations Plan be activated. The Adjutant General is ordered to call into active service any state militia deemed necessary to support civilian authorities in response to the ongoing and forecasted severe winter storm systems. (Jan. 22),2026-01-22,https://www.sos.mo.gov/library/reference/orders/2026/eo5,Z,NWS forecast zone,82,TEXAS,0,0,0.0,0.0,Winter Storm,1,0.0
MO-EO-26-05,26-05,Mike Kehoe,Gov. Mike Kehoe declares a State of Emergency and directs the Missouri State Emergency Operations Plan be activated. The Adjutant General is ordered to call into active service any state militia deemed necessary to support civilian authorities in response to the ongoing and forecasted severe winter storm systems. (Jan. 22),2026-01-22,https://www.sos.mo.gov/library/reference/orders/2026/eo5,Z,NWS forecast zone,83,DENT,0,0,0.0,0.0,Winter Storm,1,0.0
MO-EO-26-05,26-05,Mike Kehoe,Gov. Mike Kehoe declares a State of Emergency and directs the Missouri State Emergency Operations Plan be activated. The Adjutant General is ordered to call into active service any state militia deemed necessary to support civilian authorities in response to the ongoing and forecasted severe winter storm systems. (Jan. 22),2026-01-22,https://www.sos.mo.gov/library/reference/orders/2026/eo5,Z,NWS forecast zone,86,BOLLINGER,0,0,0.0,0.0,"Cold/Wind Chill, Extreme Cold/Wind Chill, Winter Storm",4,0.0
MO-EO-26-05,26-05,Mike Kehoe,Gov. Mike Kehoe declares a State of Emergency and directs the Missouri State Emergency Operations Plan be activated. The Adjutant General is ordered to call into active service any state militia deemed necessary to support civilian authorities in response to the ongoing and forecasted severe winter storm systems. (Jan. 22),2026-01-22,https://www.sos.mo.gov/library/reference/orders/2026/eo5,Z,NWS forecast zone,87,CAPE GIRARDEAU,0,0,0.0,0.0,"Cold/Wind Chill, Extreme Cold/Wind Chill, Winter Storm, Winter Weather",4,0.0
MO-EO-26-05,26-05,Mike Kehoe,Gov. Mike Kehoe declares a State of Emergency and directs the Missouri State Emergency Operations Plan be activated. The Adjutant General is ordered to call into active service any state militia deemed necessary to support civilian authorities in response to the ongoing and forecasted severe winter storm systems. (Jan. 22),2026-01-22,https://www.sos.mo.gov/library/reference/orders/2026/eo5,Z,NWS forecast zone,88,JASPER,0,0,0.0,0.0,Winter Storm,1,0.0
MO-EO-26-05,26-05,Mike Kehoe,Gov. Mike Kehoe declares a State of Emergency and directs the Missouri State Emergency Operations Plan be activated. The Adjutant General is ordered to call into active service any state militia deemed necessary to support civilian authorities in response to the ongoing and forecasted severe winter storm systems. (Jan. 22),2026-01-22,https://www.sos.mo.gov/library/reference/orders/2026/eo5,Z,NWS forecast zone,89,DADE,0,0,0.0,0.0,Winter Storm,1,0.0
MO-EO-26-05,26-05,Mike Kehoe,Gov. Mike Kehoe declares a State of Emergency and directs the Missouri State Emergency Operations Plan be activated. The Adjutant General is ordered to call into active service any state militia deemed necessary to support civilian authorities in response to the ongoing and forecasted severe winter storm systems. (Jan. 22),2026-01-22,https://www.sos.mo.gov/library/reference/orders/2026/eo5,Z,NWS forecast zone,90,GREENE,0,0,0.0,0.0,Winter Storm,1,0.0
MO-EO-26-05,26-05,Mike Kehoe,Gov. Mike Kehoe declares a State of Emergency and directs the Missouri State Emergency Operations Plan be activated. The Adjutant General is ordered to call into active service any state militia deemed necessary to support civilian authorities in response to the ongoing and forecasted severe winter storm systems. (Jan. 22),2026-01-22,https://www.sos.mo.gov/library/reference/orders/2026/eo5,Z,NWS forecast zone,91,WEBSTER,0,0,0.0,0.0,Winter Storm,1,0.0
MO-EO-26-05,26-05,Mike Kehoe,Gov. Mike Kehoe declares a State of Emergency and directs the Missouri State Emergency Operations Plan be activated. The Adjutant General is ordered to call into active service any state militia deemed necessary to support civilian authorities in response to the ongoing and forecasted severe winter storm systems. (Jan. 22),2026-01-22,https://www.sos.mo.gov/library/reference/orders/2026/eo5,Z,NWS forecast zone,92,WRIGHT,0,0,0.0,0.0,Winter Storm,1,0.0
MO-EO-26-05,26-05,Mike Kehoe,Gov. Mike Kehoe declares a State of Emergency and directs the Missouri State Emergency Operations Plan be activated. The Adjutant General is ordered to call into active service any state militia deemed necessary to support civilian authorities in response to the ongoing and forecasted severe winter storm systems. (Jan. 22),2026-01-22,https://www.sos.mo.gov/library/reference/orders/2026/eo5,Z,NWS forecast zone,93,NEWTON,0,0,0.0,0.0,Winter Storm,1,0.0
MO-EO-26-05,26-05,Mike Kehoe,Gov. Mike Kehoe declares a State of Emergency and directs the Missouri State Emergency Operations Plan be activated. The Adjutant General is ordered to call into active service any state militia deemed necessary to support civilian authorities in response to the ongoing and forecasted severe winter storm systems. (Jan. 22),2026-01-22,https://www.sos.mo.gov/library/reference/orders/2026/eo5,Z,NWS forecast zone,94,LAWRENCE,0,0,0.0,0.0,Winter Storm,1,0.0
MO-EO-26-05,26-05,Mike Kehoe,Gov. Mike Kehoe declares a State of Emergency and directs the Missouri State Emergency Operations Plan be activated. The Adjutant General is ordered to call into active service any state militia deemed necessary to support civilian authorities in response to the ongoing and forecasted severe winter storm systems. (Jan. 22),2026-01-22,https://www.sos.mo.gov/library/reference/orders/2026/eo5,Z,NWS forecast zone,95,CHRISTIAN,0,0,0.0,0.0,Winter Storm,1,0.0
MO-EO-26-05,26-05,Mike Kehoe,Gov. Mike Kehoe declares a State of Emergency and directs the Missouri State Emergency Operations Plan be activated. The Adjutant General is ordered to call into active service any state militia deemed necessary to support civilian authorities in response to the ongoing and forecasted severe winter storm systems. (Jan. 22),2026-01-22,https://www.sos.mo.gov/library/reference/orders/2026/eo5,Z,NWS forecast zone,96,DOUGLAS,0,0,0.0,0.0,Winter Storm,1,0.0
MO-EO-26-05,26-05,Mike Kehoe,Gov. Mike Kehoe declares a State of Emergency and directs the Missouri State Emergency Operations Plan be activated. The Adjutant General is ordered to call into active service any state militia deemed necessary to support civilian authorities in response to the ongoing and forecasted severe winter storm systems. (Jan. 22),2026-01-22,https://www.sos.mo.gov/library/reference/orders/2026/eo5,Z,NWS forecast zone,97,HOWELL,0,0,0.0,0.0,Winter Storm,1,0.0
MO-EO-26-05,26-05,Mike Kehoe,Gov. Mike Kehoe declares a State of Emergency and directs the Missouri State Emergency Operations Plan be activated. The Adjutant General is ordered to call into active service any state militia deemed necessary to support civilian authorities in response to the ongoing and forecasted severe winter storm systems. (Jan. 22),2026-01-22,https://www.sos.mo.gov/library/reference/orders/2026/eo5,Z,NWS forecast zone,98,SHANNON,0,0,0.0,0.0,Winter Storm,1,0.0
MO-EO-26-05,26-05,Mike Kehoe,Gov. Mike Kehoe declares a State of Emergency and directs the Missouri State Emergency Operations Plan be activated. The Adjutant General is ordered to call into active service any state militia deemed necessary to support civilian authorities in response to the ongoing and forecasted severe winter storm systems. (Jan. 22),2026-01-22,https://www.sos.mo.gov/library/reference/orders/2026/eo5,Z,NWS forecast zone,100,WAYNE,0,0,0.0,0.0,"Cold/Wind Chill, Winter Storm",2,0.0
MO-EO-26-05,26-05,Mike Kehoe,Gov. Mike Kehoe declares a State of Emergency and directs the Missouri State Emergency Operations Plan be activated. The Adjutant General is ordered to call into active service any state militia deemed necessary to support civilian authorities in response to the ongoing and forecasted severe winter storm systems. (Jan. 22),2026-01-22,https://www.sos.mo.gov/library/reference/orders/2026/eo5,Z,NWS forecast zone,101,MCDONALD,0,0,0.0,0.0,Winter Storm,1,0.0
MO-EO-26-05,26-05,Mike Kehoe,Gov. Mike Kehoe declares a State of Emergency and directs the Missouri State Emergency Operations Plan be activated. The Adjutant General is ordered to call into active service any state militia deemed necessary to support civilian authorities in response to the ongoing and forecasted severe winter storm systems. (Jan. 22),2026-01-22,https://www.sos.mo.gov/library/reference/orders/2026/eo5,Z,NWS forecast zone,102,BARRY,0,0,0.0,0.0,Winter Storm,1,0.0
MO-EO-26-05,26-05,Mike Kehoe,Gov. Mike Kehoe declares a State of Emergency and directs the Missouri State Emergency Operations Plan be activated. The Adjutant General is ordered to call into active service any state militia deemed necessary to support civilian authorities in response to the ongoing and forecasted severe winter storm systems. (Jan. 22),2026-01-22,https://www.sos.mo.gov/library/reference/orders/2026/eo5,Z,NWS forecast zone,103,STONE,0,0,0.0,0.0,Winter Storm,1,0.0
MO-EO-26-05,26-05,Mike Kehoe,Gov. Mike Kehoe declares a State of Emergency and directs the Missouri State Emergency Operations Plan be activated. The Adjutant General is ordered to call into active service any state militia deemed necessary to support civilian authorities in response to the ongoing and forecasted severe winter storm systems. (Jan. 22),2026-01-22,https://www.sos.mo.gov/library/reference/orders/2026/eo5,Z,NWS forecast zone,104,TANEY,0,0,0.0,0.0,Winter Storm,1,0.0
MO-EO-26-05,26-05,Mike Kehoe,Gov. Mike Kehoe declares a State of Emergency and directs the Missouri State Emergency Operations Plan be activated. The Adjutant General is ordered to call into active service any state militia deemed necessary to support civilian authorities in response to the ongoing and forecasted severe winter storm systems. (Jan. 22),2026-01-22,https://www.sos.mo.gov/library/reference/orders/2026/eo5,Z,NWS forecast zone,105,OZARK,0,0,0.0,0.0,Winter Storm,1,0.0
MO-EO-26-05,26-05,Mike Kehoe,Gov. Mike Kehoe declares a State of Emergency and directs the Missouri State Emergency Operations Plan be activated. The Adjutant General is ordered to call into active service any state militia deemed necessary to support civilian authorities in response to the ongoing and forecasted severe winter storm systems. (Jan. 22),2026-01-22,https://www.sos.mo.gov/library/reference/orders/2026/eo5,Z,NWS forecast zone,106,OREGON,0,0,0.0,0.0,Winter Storm,1,0.0
MO-EO-26-05,26-05,Mike Kehoe,Gov. Mike Kehoe declares a State of Emergency and directs the Missouri State Emergency Operations Plan be activated. The Adjutant General is ordered to call into active service any state militia deemed necessary to support civilian authorities in response to the ongoing and forecasted severe winter storm systems. (Jan. 22),2026-01-22,https://www.sos.mo.gov/library/reference/orders/2026/eo5,Z,NWS forecast zone,107,CARTER,0,0,0.0,0.0,"Cold/Wind Chill, Winter Storm",2,0.0
MO-EO-26-05,26-05,Mike Kehoe,Gov. Mike Kehoe declares a State of Emergency and directs the Missouri State Emergency Operations Plan be activated. The Adjutant General is ordered to call into active service any state militia deemed necessary to support civilian authorities in response to the ongoing and forecasted severe winter storm systems. (Jan. 22),2026-01-22,https://www.sos.mo.gov/library/reference/orders/2026/eo5,Z,NWS forecast zone,108,RIPLEY,0,0,0.0,0.0,"Cold/Wind Chill, Winter Storm",2,0.0
MO-EO-26-05,26-05,Mike Kehoe,Gov. Mike Kehoe declares a State of Emergency and directs the Missouri State Emergency Operations Plan be activated. The Adjutant General is ordered to call into active service any state militia deemed necessary to support civilian authorities in response to the ongoing and forecasted severe winter storm systems. (Jan. 22),2026-01-22,https://www.sos.mo.gov/library/reference/orders/2026/eo5,Z,NWS forecast zone,109,BUTLER,0,0,0.0,0.0,Winter Storm,1,0.0
MO-EO-26-05,26-05,Mike Kehoe,Gov. Mike Kehoe declares a State of Emergency and directs the Missouri State Emergency Operations Plan be activated. The Adjutant General is ordered to call into active service any state militia deemed necessary to support civilian authorities in response to the ongoing and forecasted severe winter storm systems. (Jan. 22),2026-01-22,https://www.sos.mo.gov/library/reference/orders/2026/eo5,Z,NWS forecast zone,110,STODDARD,0,0,0.0,0.0,"Cold/Wind Chill, Winter Storm",2,0.0
MO-EO-26-05,26-05,Mike Kehoe,Gov. Mike Kehoe declares a State of Emergency and directs the Missouri State Emergency Operations Plan be activated. The Adjutant General is ordered to call into active service any state militia deemed necessary to support civilian authorities in response to the ongoing and forecasted severe winter storm systems. (Jan. 22),2026-01-22,https://www.sos.mo.gov/library/reference/orders/2026/eo5,Z,NWS forecast zone,111,SCOTT,0,0,0.0,0.0,"Cold/Wind Chill, Winter Storm, Winter Weather",3,0.0
MO-EO-26-05,26-05,Mike Kehoe,Gov. Mike Kehoe declares a State of Emergency and directs the Missouri State Emergency Operations Plan be activated. The Adjutant General is ordered to call into active service any state militia deemed necessary to support civilian authorities in response to the ongoing and forecasted severe winter storm systems. (Jan. 22),2026-01-22,https://www.sos.mo.gov/library/reference/orders/2026/eo5,Z,NWS forecast zone,112,MISSISSIPPI,0,0,0.0,0.0,"Cold/Wind Chill, Winter Storm",2,0.0
MO-EO-26-05,26-05,Mike Kehoe,Gov. Mike Kehoe declares a State of Emergency and directs the Missouri State Emergency Operations Plan be activated. The Adjutant General is ordered to call into active service any state militia deemed necessary to support civilian authorities in response to the ongoing and forecasted severe winter storm systems. (Jan. 22),2026-01-22,https://www.sos.mo.gov/library/reference/orders/2026/eo5,Z,NWS forecast zone,113,DUNKLIN,0,0,0.0,0.0,"Cold/Wind Chill, Extreme Cold/Wind Chill, Winter Storm",3,0.0
MO-EO-26-05,26-05,Mike Kehoe,Gov. Mike Kehoe declares a State of Emergency and directs the Missouri State Emergency Operations Plan be activated. The Adjutant General is ordered to call into active service any state militia deemed necessary to support civilian authorities in response to the ongoing and forecasted severe winter storm systems. (Jan. 22),2026-01-22,https://www.sos.mo.gov/library/reference/orders/2026/eo5,Z,NWS forecast zone,114,NEW MADRID,0,0,0.0,0.0,"Cold/Wind Chill, Winter Storm",2,0.0
MO-EO-26-05,26-05,Mike Kehoe,Gov. Mike Kehoe declares a State of Emergency and directs the Missouri State Emergency Operations Plan be activated. The Adjutant General is ordered to call into active service any state militia deemed necessary to support civilian authorities in response to the ongoing and forecasted severe winter storm systems. (Jan. 22),2026-01-22,https://www.sos.mo.gov/library/reference/orders/2026/eo5,Z,NWS forecast zone,115,PEMISCOT,0,0,0.0,0.0,"Cold/Wind Chill, Winter Storm",3,0.0
MO-EO-26-08,26-08,Mike Kehoe,Gov. Mike Kehoe declares a State of Emergency and directs the Missouri State Emergency Operations Plan be activated in response to the ongoing and forecasted severe storm systems. (Mar. 5),2026-03-05,https://www.sos.mo.gov/library/reference/orders/2026/eo8,C,county/county-equivalent,11,BARTON,0,1,114000.0,0.0,"Thunderstorm Wind, Tornado",3,114000.0
MO-EO-26-08,26-08,Mike Kehoe,Gov. Mike Kehoe declares a State of Emergency and directs the Missouri State Emergency Operations Plan be activated in response to the ongoing and forecasted severe storm systems. (Mar. 5),2026-03-05,https://www.sos.mo.gov/library/reference/orders/2026/eo8,C,county/county-equivalent,29,CAMDEN,0,0,25000.0,0.0,Thunderstorm Wind,1,25000.0
MO-EO-26-08,26-08,Mike Kehoe,Gov. Mike Kehoe declares a State of Emergency and directs the Missouri State Emergency Operations Plan be activated in response to the ongoing and forecasted severe storm systems. (Mar. 5),2026-03-05,https://www.sos.mo.gov/library/reference/orders/2026/eo8,C,county/county-equivalent,19,BOONE,0,0,15500.0,0.0,Thunderstorm Wind,2,15500.0
MO-EO-26-08,26-08,Mike Kehoe,Gov. Mike Kehoe declares a State of Emergency and directs the Missouri State Emergency Operations Plan be activated in response to the ongoing and forecasted severe storm systems. (Mar. 5),2026-03-05,https://www.sos.mo.gov/library/reference/orders/2026/eo8,C,county/county-equivalent,9,BARRY,0,0,10000.0,0.0,"Hail, Thunderstorm Wind",3,10000.0
MO-EO-26-08,26-08,Mike Kehoe,Gov. Mike Kehoe declares a State of Emergency and directs the Missouri State Emergency Operations Plan be activated in response to the ongoing and forecasted severe storm systems. (Mar. 5),2026-03-05,https://www.sos.mo.gov/library/reference/orders/2026/eo8,C,county/county-equivalent,167,POLK,0,0,8000.0,0.0,Thunderstorm Wind,1,8000.0
MO-EO-26-08,26-08,Mike Kehoe,Gov. Mike Kehoe declares a State of Emergency and directs the Missouri State Emergency Operations Plan be activated in response to the ongoing and forecasted severe storm systems. (Mar. 5),2026-03-05,https://www.sos.mo.gov/library/reference/orders/2026/eo8,C,county/county-equivalent,69,DUNKLIN,0,0,5000.0,0.0,Thunderstorm Wind,1,5000.0
MO-EO-26-08,26-08,Mike Kehoe,Gov. Mike Kehoe declares a State of Emergency and directs the Missouri State Emergency Operations Plan be activated in response to the ongoing and forecasted severe storm systems. (Mar. 5),2026-03-05,https://www.sos.mo.gov/library/reference/orders/2026/eo8,C,county/county-equivalent,15,BENTON,0,0,4000.0,0.0,Thunderstorm Wind,1,4000.0
MO-EO-26-08,26-08,Mike Kehoe,Gov. Mike Kehoe declares a State of Emergency and directs the Missouri State Emergency Operations Plan be activated in response to the ongoing and forecasted severe storm systems. (Mar. 5),2026-03-05,https://www.sos.mo.gov/library/reference/orders/2026/eo8,C,county/county-equivalent,43,CHRISTIAN,0,0,2000.0,0.0,Thunderstorm Wind,2,2000.0
MO-EO-26-08,26-08,Mike Kehoe,Gov. Mike Kehoe declares a State of Emergency and directs the Missouri State Emergency Operations Plan be activated in response to the ongoing and forecasted severe storm systems. (Mar. 5),2026-03-05,https://www.sos.mo.gov/library/reference/orders/2026/eo8,C,county/county-equivalent,131,MILLER,0,0,1000.0,0.0,Thunderstorm Wind,1,1000.0
MO-EO-26-08,26-08,Mike Kehoe,Gov. Mike Kehoe declares a State of Emergency and directs the Missouri State Emergency Operations Plan be activated in response to the ongoing and forecasted severe storm systems. (Mar. 5),2026-03-05,https://www.sos.mo.gov/library/reference/orders/2026/eo8,C,county/county-equivalent,77,GREENE,0,0,0.0,0.0,Hail,3,0.0
MO-EO-26-08,26-08,Mike Kehoe,Gov. Mike Kehoe declares a State of Emergency and directs the Missouri State Emergency Operations Plan be activated in response to the ongoing and forecasted severe storm systems. (Mar. 5),2026-03-05,https://www.sos.mo.gov/library/reference/orders/2026/eo8,C,county/county-equivalent,97,JASPER,0,0,0.0,0.0,"Flash Flood, Hail",3,0.0
MO-EO-26-08,26-08,Mike Kehoe,Gov. Mike Kehoe declares a State of Emergency and directs the Missouri State Emergency Operations Plan be activated in response to the ongoing and forecasted severe storm systems. (Mar. 5),2026-03-05,https://www.sos.mo.gov/library/reference/orders/2026/eo8,C,county/county-equivalent,119,MCDONALD,0,0,0.0,0.0,Thunderstorm Wind,1,0.0
MO-EO-26-08,26-08,Mike Kehoe,Gov. Mike Kehoe declares a State of Emergency and directs the Missouri State Emergency Operations Plan be activated in response to the ongoing and forecasted severe storm systems. (Mar. 5),2026-03-05,https://www.sos.mo.gov/library/reference/orders/2026/eo8,C,county/county-equivalent,145,NEWTON,0,0,0.0,0.0,Hail,1,0.0
MO-EO-26-08,26-08,Mike Kehoe,Gov. Mike Kehoe declares a State of Emergency and directs the Missouri State Emergency Operations Plan be activated in response to the ongoing and forecasted severe storm systems. (Mar. 5),2026-03-05,https://www.sos.mo.gov/library/reference/orders/2026/eo8,C,county/county-equivalent,187,ST. FRANCOIS,0,0,0.0,0.0,Flash Flood,2,0.0
MO-EO-26-08,26-08,Mike Kehoe,Gov. Mike Kehoe declares a State of Emergency and directs the Missouri State Emergency Operations Plan be activated in response to the ongoing and forecasted severe storm systems. (Mar. 5),2026-03-05,https://www.sos.mo.gov/library/reference/orders/2026/eo8,C,county/county-equivalent,221,WASHINGTON,0,0,0.0,0.0,Flash Flood,1,0.0
MO-EO-26-08,26-08,Mike Kehoe,Gov. Mike Kehoe declares a State of Emergency and directs the Missouri State Emergency Operations Plan be activated in response to the ongoing and forecasted severe storm systems. (Mar. 5),2026-03-05,https://www.sos.mo.gov/library/reference/orders/2026/eo8,C,county/county-equivalent,229,WRIGHT,0,0,0.0,0.0,Hail,1,0.0
MO-EO-26-12,26-12,Mike Kehoe,Gov. Mike Kehoe declares a State of Emergency and directs the Missouri State Emergency Operations Plan be activated in response to the ongoing and forecasted severe storm systems. (Apr. 17),2026-04-17,https://www.sos.mo.gov/library/reference/orders/2026/eo12,C,county/county-equivalent,61,DAVIESS,0,1,0.0,0.0,Hail,1,0.0
MO-EO-26-12,26-12,Mike Kehoe,Gov. Mike Kehoe declares a State of Emergency and directs the Missouri State Emergency Operations Plan be activated in response to the ongoing and forecasted severe storm systems. (Apr. 17),2026-04-17,https://www.sos.mo.gov/library/reference/orders/2026/eo12,C,county/county-equivalent,131,MILLER,0,0,8075000.0,0.0,"Flash Flood, Hail, Thunderstorm Wind",11,8075000.0
MO-EO-26-12,26-12,Mike Kehoe,Gov. Mike Kehoe declares a State of Emergency and directs the Missouri State Emergency Operations Plan be activated in response to the ongoing and forecasted severe storm systems. (Apr. 17),2026-04-17,https://www.sos.mo.gov/library/reference/orders/2026/eo12,C,county/county-equivalent,15,BENTON,0,0,690000.0,0.0,"Flash Flood, Thunderstorm Wind, Tornado",14,690000.0
MO-EO-26-12,26-12,Mike Kehoe,Gov. Mike Kehoe declares a State of Emergency and directs the Missouri State Emergency Operations Plan be activated in response to the ongoing and forecasted severe storm systems. (Apr. 17),2026-04-17,https://www.sos.mo.gov/library/reference/orders/2026/eo12,C,county/county-equivalent,207,STODDARD,0,0,250000.0,0.0,Hail,3,250000.0
MO-EO-26-12,26-12,Mike Kehoe,Gov. Mike Kehoe declares a State of Emergency and directs the Missouri State Emergency Operations Plan be activated in response to the ongoing and forecasted severe storm systems. (Apr. 17),2026-04-17,https://www.sos.mo.gov/library/reference/orders/2026/eo12,C,county/county-equivalent,141,MORGAN,0,0,190000.0,0.0,"Lightning, Thunderstorm Wind, Tornado",8,190000.0
MO-EO-26-12,26-12,Mike Kehoe,Gov. Mike Kehoe declares a State of Emergency and directs the Missouri State Emergency Operations Plan be activated in response to the ongoing and forecasted severe storm systems. (Apr. 17),2026-04-17,https://www.sos.mo.gov/library/reference/orders/2026/eo12,C,county/county-equivalent,185,ST. CLAIR,0,0,150000.0,0.0,Thunderstorm Wind,3,150000.0
MO-EO-26-12,26-12,Mike Kehoe,Gov. Mike Kehoe declares a State of Emergency and directs the Missouri State Emergency Operations Plan be activated in response to the ongoing and forecasted severe storm systems. (Apr. 17),2026-04-17,https://www.sos.mo.gov/library/reference/orders/2026/eo12,C,county/county-equivalent,97,JASPER,0,0,95000.0,0.0,"Flash Flood, Thunderstorm Wind",10,95000.0
MO-EO-26-12,26-12,Mike Kehoe,Gov. Mike Kehoe declares a State of Emergency and directs the Missouri State Emergency Operations Plan be activated in response to the ongoing and forecasted severe storm systems. (Apr. 17),2026-04-17,https://www.sos.mo.gov/library/reference/orders/2026/eo12,C,county/county-equivalent,119,MCDONALD,0,0,40000.0,0.0,Thunderstorm Wind,4,40000.0
MO-EO-26-12,26-12,Mike Kehoe,Gov. Mike Kehoe declares a State of Emergency and directs the Missouri State Emergency Operations Plan be activated in response to the ongoing and forecasted severe storm systems. (Apr. 17),2026-04-17,https://www.sos.mo.gov/library/reference/orders/2026/eo12,C,county/county-equivalent,29,CAMDEN,0,0,20000.0,0.0,"Flash Flood, Hail, Thunderstorm Wind",6,20000.0
MO-EO-26-12,26-12,Mike Kehoe,Gov. Mike Kehoe declares a State of Emergency and directs the Missouri State Emergency Operations Plan be activated in response to the ongoing and forecasted severe storm systems. (Apr. 17),2026-04-17,https://www.sos.mo.gov/library/reference/orders/2026/eo12,C,county/county-equivalent,17,BOLLINGER,0,0,16000.0,0.0,"Hail, Thunderstorm Wind",5,16000.0
MO-EO-26-12,26-12,Mike Kehoe,Gov. Mike Kehoe declares a State of Emergency and directs the Missouri State Emergency Operations Plan be activated in response to the ongoing and forecasted severe storm systems. (Apr. 17),2026-04-17,https://www.sos.mo.gov/library/reference/orders/2026/eo12,C,county/county-equivalent,11,BARTON,0,0,5000.0,0.0,"Flash Flood, Thunderstorm Wind",4,5000.0
MO-EO-26-12,26-12,Mike Kehoe,Gov. Mike Kehoe declares a State of Emergency and directs the Missouri State Emergency Operations Plan be activated in response to the ongoing and forecasted severe storm systems. (Apr. 17),2026-04-17,https://www.sos.mo.gov/library/reference/orders/2026/eo12,C,county/county-equivalent,109,LAWRENCE,0,0,5000.0,0.0,Thunderstorm Wind,1,5000.0
MO-EO-26-12,26-12,Mike Kehoe,Gov. Mike Kehoe declares a State of Emergency and directs the Missouri State Emergency Operations Plan be activated in response to the ongoing and forecasted severe storm systems. (Apr. 17),2026-04-17,https://www.sos.mo.gov/library/reference/orders/2026/eo12,C,county/county-equivalent,7,AUDRAIN,0,0,0.0,0.0,"Hail, Thunderstorm Wind",4,0.0
MO-EO-26-12,26-12,Mike Kehoe,Gov. Mike Kehoe declares a State of Emergency and directs the Missouri State Emergency Operations Plan be activated in response to the ongoing and forecasted severe storm systems. (Apr. 17),2026-04-17,https://www.sos.mo.gov/library/reference/orders/2026/eo12,C,county/county-equivalent,19,BOONE,0,0,0.0,0.0,"Hail, Tornado",2,0.0
MO-EO-26-12,26-12,Mike Kehoe,Gov. Mike Kehoe declares a State of Emergency and directs the Missouri State Emergency Operations Plan be activated in response to the ongoing and forecasted severe storm systems. (Apr. 17),2026-04-17,https://www.sos.mo.gov/library/reference/orders/2026/eo12,C,county/county-equivalent,23,BUTLER,0,0,0.0,0.0,Hail,3,0.0
MO-EO-26-12,26-12,Mike Kehoe,Gov. Mike Kehoe declares a State of Emergency and directs the Missouri State Emergency Operations Plan be activated in response to the ongoing and forecasted severe storm systems. (Apr. 17),2026-04-17,https://www.sos.mo.gov/library/reference/orders/2026/eo12,C,county/county-equivalent,25,CALDWELL,0,0,0.0,0.0,Hail,3,0.0
MO-EO-26-12,26-12,Mike Kehoe,Gov. Mike Kehoe declares a State of Emergency and directs the Missouri State Emergency Operations Plan be activated in response to the ongoing and forecasted severe storm systems. (Apr. 17),2026-04-17,https://www.sos.mo.gov/library/reference/orders/2026/eo12,C,county/county-equivalent,27,CALLAWAY,0,0,0.0,0.0,"Thunderstorm Wind, Tornado",2,0.0
MO-EO-26-12,26-12,Mike Kehoe,Gov. Mike Kehoe declares a State of Emergency and directs the Missouri State Emergency Operations Plan be activated in response to the ongoing and forecasted severe storm systems. (Apr. 17),2026-04-17,https://www.sos.mo.gov/library/reference/orders/2026/eo12,C,county/county-equivalent,37,CASS,0,0,0.0,0.0,"Hail, Thunderstorm Wind",3,0.0
MO-EO-26-12,26-12,Mike Kehoe,Gov. Mike Kehoe declares a State of Emergency and directs the Missouri State Emergency Operations Plan be activated in response to the ongoing and forecasted severe storm systems. (Apr. 17),2026-04-17,https://www.sos.mo.gov/library/reference/orders/2026/eo12,C,county/county-equivalent,47,CLAY,0,0,0.0,0.0,Hail,1,0.0
MO-EO-26-12,26-12,Mike Kehoe,Gov. Mike Kehoe declares a State of Emergency and directs the Missouri State Emergency Operations Plan be activated in response to the ongoing and forecasted severe storm systems. (Apr. 17),2026-04-17,https://www.sos.mo.gov/library/reference/orders/2026/eo12,C,county/county-equivalent,51,COLE,0,0,0.0,0.0,"Hail, Thunderstorm Wind, Tornado",4,0.0
MO-EO-26-12,26-12,Mike Kehoe,Gov. Mike Kehoe declares a State of Emergency and directs the Missouri State Emergency Operations Plan be activated in response to the ongoing and forecasted severe storm systems. (Apr. 17),2026-04-17,https://www.sos.mo.gov/library/reference/orders/2026/eo12,C,county/county-equivalent,57,DADE,0,0,0.0,0.0,Flash Flood,1,0.0
MO-EO-26-12,26-12,Mike Kehoe,Gov. Mike Kehoe declares a State of Emergency and directs the Missouri State Emergency Operations Plan be activated in response to the ongoing and forecasted severe storm systems. (Apr. 17),2026-04-17,https://www.sos.mo.gov/library/reference/orders/2026/eo12,C,county/county-equivalent,59,DALLAS,0,0,0.0,0.0,"Flash Flood, Hail",3,0.0
MO-EO-26-12,26-12,Mike Kehoe,Gov. Mike Kehoe declares a State of Emergency and directs the Missouri State Emergency Operations Plan be activated in response to the ongoing and forecasted severe storm systems. (Apr. 17),2026-04-17,https://www.sos.mo.gov/library/reference/orders/2026/eo12,C,county/county-equivalent,63,DE KALB,0,0,0.0,0.0,Hail,7,0.0
MO-EO-26-12,26-12,Mike Kehoe,Gov. Mike Kehoe declares a State of Emergency and directs the Missouri State Emergency Operations Plan be activated in response to the ongoing and forecasted severe storm systems. (Apr. 17),2026-04-17,https://www.sos.mo.gov/library/reference/orders/2026/eo12,C,county/county-equivalent,69,DUNKLIN,0,0,0.0,0.0,Hail,1,0.0
MO-EO-26-12,26-12,Mike Kehoe,Gov. Mike Kehoe declares a State of Emergency and directs the Missouri State Emergency Operations Plan be activated in response to the ongoing and forecasted severe storm systems. (Apr. 17),2026-04-17,https://www.sos.mo.gov/library/reference/orders/2026/eo12,C,county/county-equivalent,71,FRANKLIN,0,0,0.0,0.0,"Thunderstorm Wind, Tornado",3,0.0
MO-EO-26-12,26-12,Mike Kehoe,Gov. Mike Kehoe declares a State of Emergency and directs the Missouri State Emergency Operations Plan be activated in response to the ongoing and forecasted severe storm systems. (Apr. 17),2026-04-17,https://www.sos.mo.gov/library/reference/orders/2026/eo12,C,county/county-equivalent,75,GENTRY,0,0,0.0,0.0,Hail,1,0.0
MO-EO-26-12,26-12,Mike Kehoe,Gov. Mike Kehoe declares a State of Emergency and directs the Missouri State Emergency Operations Plan be activated in response to the ongoing and forecasted severe storm systems. (Apr. 17),2026-04-17,https://www.sos.mo.gov/library/reference/orders/2026/eo12,C,county/county-equivalent,81,HARRISON,0,0,0.0,0.0,Hail,7,0.0
MO-EO-26-12,26-12,Mike Kehoe,Gov. Mike Kehoe declares a State of Emergency and directs the Missouri State Emergency Operations Plan be activated in response to the ongoing and forecasted severe storm systems. (Apr. 17),2026-04-17,https://www.sos.mo.gov/library/reference/orders/2026/eo12,C,county/county-equivalent,91,HOWELL,0,0,0.0,0.0,Hail,1,0.0
MO-EO-26-12,26-12,Mike Kehoe,Gov. Mike Kehoe declares a State of Emergency and directs the Missouri State Emergency Operations Plan be activated in response to the ongoing and forecasted severe storm systems. (Apr. 17),2026-04-17,https://www.sos.mo.gov/library/reference/orders/2026/eo12,C,county/county-equivalent,95,JACKSON,0,0,0.0,0.0,"Hail, Thunderstorm Wind",5,0.0
MO-EO-26-12,26-12,Mike Kehoe,Gov. Mike Kehoe declares a State of Emergency and directs the Missouri State Emergency Operations Plan be activated in response to the ongoing and forecasted severe storm systems. (Apr. 17),2026-04-17,https://www.sos.mo.gov/library/reference/orders/2026/eo12,C,county/county-equivalent,101,JOHNSON,0,0,0.0,0.0,Hail,2,0.0
MO-EO-26-12,26-12,Mike Kehoe,Gov. Mike Kehoe declares a State of Emergency and directs the Missouri State Emergency Operations Plan be activated in response to the ongoing and forecasted severe storm systems. (Apr. 17),2026-04-17,https://www.sos.mo.gov/library/reference/orders/2026/eo12,C,county/county-equivalent,105,LACLEDE,0,0,0.0,0.0,"Flash Flood, Thunderstorm Wind",2,0.0
MO-EO-26-12,26-12,Mike Kehoe,Gov. Mike Kehoe declares a State of Emergency and directs the Missouri State Emergency Operations Plan be activated in response to the ongoing and forecasted severe storm systems. (Apr. 17),2026-04-17,https://www.sos.mo.gov/library/reference/orders/2026/eo12,C,county/county-equivalent,111,LEWIS,0,0,0.0,0.0,"Hail, Thunderstorm Wind",2,0.0
MO-EO-26-12,26-12,Mike Kehoe,Gov. Mike Kehoe declares a State of Emergency and directs the Missouri State Emergency Operations Plan be activated in response to the ongoing and forecasted severe storm systems. (Apr. 17),2026-04-17,https://www.sos.mo.gov/library/reference/orders/2026/eo12,C,county/county-equivalent,113,LINCOLN,0,0,0.0,0.0,"Thunderstorm Wind, Tornado",4,0.0
MO-EO-26-12,26-12,Mike Kehoe,Gov. Mike Kehoe declares a State of Emergency and directs the Missouri State Emergency Operations Plan be activated in response to the ongoing and forecasted severe storm systems. (Apr. 17),2026-04-17,https://www.sos.mo.gov/library/reference/orders/2026/eo12,C,county/county-equivalent,123,MADISON,0,0,0.0,0.0,Hail,1,0.0
MO-EO-26-12,26-12,Mike Kehoe,Gov. Mike Kehoe declares a State of Emergency and directs the Missouri State Emergency Operations Plan be activated in response to the ongoing and forecasted severe storm systems. (Apr. 17),2026-04-17,https://www.sos.mo.gov/library/reference/orders/2026/eo12,C,county/county-equivalent,143,NEW MADRID,0,0,0.0,0.0,Hail,1,0.0
MO-EO-26-12,26-12,Mike Kehoe,Gov. Mike Kehoe declares a State of Emergency and directs the Missouri State Emergency Operations Plan be activated in response to the ongoing and forecasted severe storm systems. (Apr. 17),2026-04-17,https://www.sos.mo.gov/library/reference/orders/2026/eo12,C,county/county-equivalent,149,OREGON,0,0,0.0,0.0,Hail,1,0.0
MO-EO-26-12,26-12,Mike Kehoe,Gov. Mike Kehoe declares a State of Emergency and directs the Missouri State Emergency Operations Plan be activated in response to the ongoing and forecasted severe storm systems. (Apr. 17),2026-04-17,https://www.sos.mo.gov/library/reference/orders/2026/eo12,C,county/county-equivalent,155,PEMISCOT,0,0,0.0,0.0,Hail,2,0.0
MO-EO-26-12,26-12,Mike Kehoe,Gov. Mike Kehoe declares a State of Emergency and directs the Missouri State Emergency Operations Plan be activated in response to the ongoing and forecasted severe storm systems. (Apr. 17),2026-04-17,https://www.sos.mo.gov/library/reference/orders/2026/eo12,C,county/county-equivalent,161,PHELPS,0,0,0.0,0.0,Thunderstorm Wind,3,0.0
MO-EO-26-12,26-12,Mike Kehoe,Gov. Mike Kehoe declares a State of Emergency and directs the Missouri State Emergency Operations Plan be activated in response to the ongoing and forecasted severe storm systems. (Apr. 17),2026-04-17,https://www.sos.mo.gov/library/reference/orders/2026/eo12,C,county/county-equivalent,163,PIKE,0,0,0.0,0.0,Thunderstorm Wind,1,0.0
MO-EO-26-12,26-12,Mike Kehoe,Gov. Mike Kehoe declares a State of Emergency and directs the Missouri State Emergency Operations Plan be activated in response to the ongoing and forecasted severe storm systems. (Apr. 17),2026-04-17,https://www.sos.mo.gov/library/reference/orders/2026/eo12,C,county/county-equivalent,167,POLK,0,0,0.0,0.0,Flash Flood,5,0.0
MO-EO-26-12,26-12,Mike Kehoe,Gov. Mike Kehoe declares a State of Emergency and directs the Missouri State Emergency Operations Plan be activated in response to the ongoing and forecasted severe storm systems. (Apr. 17),2026-04-17,https://www.sos.mo.gov/library/reference/orders/2026/eo12,C,county/county-equivalent,169,PULASKI,0,0,0.0,0.0,Flash Flood,1,0.0
MO-EO-26-12,26-12,Mike Kehoe,Gov. Mike Kehoe declares a State of Emergency and directs the Missouri State Emergency Operations Plan be activated in response to the ongoing and forecasted severe storm systems. (Apr. 17),2026-04-17,https://www.sos.mo.gov/library/reference/orders/2026/eo12,C,county/county-equivalent,181,RIPLEY,0,0,0.0,0.0,Hail,2,0.0
MO-EO-26-12,26-12,Mike Kehoe,Gov. Mike Kehoe declares a State of Emergency and directs the Missouri State Emergency Operations Plan be activated in response to the ongoing and forecasted severe storm systems. (Apr. 17),2026-04-17,https://www.sos.mo.gov/library/reference/orders/2026/eo12,C,county/county-equivalent,183,ST. CHARLES,0,0,0.0,0.0,"Hail, Thunderstorm Wind",14,0.0
MO-EO-26-12,26-12,Mike Kehoe,Gov. Mike Kehoe declares a State of Emergency and directs the Missouri State Emergency Operations Plan be activated in response to the ongoing and forecasted severe storm systems. (Apr. 17),2026-04-17,https://www.sos.mo.gov/library/reference/orders/2026/eo12,C,county/county-equivalent,189,ST. LOUIS,0,0,0.0,0.0,"Hail, Thunderstorm Wind",2,0.0
MO-EO-26-12,26-12,Mike Kehoe,Gov. Mike Kehoe declares a State of Emergency and directs the Missouri State Emergency Operations Plan be activated in response to the ongoing and forecasted severe storm systems. (Apr. 17),2026-04-17,https://www.sos.mo.gov/library/reference/orders/2026/eo12,C,county/county-equivalent,201,SCOTT,0,0,0.0,0.0,Hail,4,0.0
MO-EO-26-12,26-12,Mike Kehoe,Gov. Mike Kehoe declares a State of Emergency and directs the Missouri State Emergency Operations Plan be activated in response to the ongoing and forecasted severe storm systems. (Apr. 17),2026-04-17,https://www.sos.mo.gov/library/reference/orders/2026/eo12,C,county/county-equivalent,219,WARREN,0,0,0.0,0.0,Tornado,2,0.0
MO-EO-26-14,26-14,Mike Kehoe,Gov. Mike Kehoe declares a State of Emergency and directs the Missouri State Emergency Operations Plan be activated in response to the ongoing and forecasted severe storm systems. (May 18),2026-05-18,https://www.sos.mo.gov/library/reference/orders/2026/eo14,C,county/county-equivalent,177,RAY,0,0,50000.0,0.0,Tornado,1,50000.0
MO-EO-26-14,26-14,Mike Kehoe,Gov. Mike Kehoe declares a State of Emergency and directs the Missouri State Emergency Operations Plan be activated in response to the ongoing and forecasted severe storm systems. (May 18),2026-05-18,https://www.sos.mo.gov/library/reference/orders/2026/eo14,C,county/county-equivalent,119,MCDONALD,0,0,10000.0,0.0,Thunderstorm Wind,1,10000.0
MO-EO-26-14,26-14,Mike Kehoe,Gov. Mike Kehoe declares a State of Emergency and directs the Missouri State Emergency Operations Plan be activated in response to the ongoing and forecasted severe storm systems. (May 18),2026-05-18,https://www.sos.mo.gov/library/reference/orders/2026/eo14,C,county/county-equivalent,1,ADAIR,0,0,0.0,0.0,Thunderstorm Wind,1,0.0
MO-EO-26-14,26-14,Mike Kehoe,Gov. Mike Kehoe declares a State of Emergency and directs the Missouri State Emergency Operations Plan be activated in response to the ongoing and forecasted severe storm systems. (May 18),2026-05-18,https://www.sos.mo.gov/library/reference/orders/2026/eo14,C,county/county-equivalent,3,ANDREW,0,0,0.0,0.0,Thunderstorm Wind,8,0.0
MO-EO-26-14,26-14,Mike Kehoe,Gov. Mike Kehoe declares a State of Emergency and directs the Missouri State Emergency Operations Plan be activated in response to the ongoing and forecasted severe storm systems. (May 18),2026-05-18,https://www.sos.mo.gov/library/reference/orders/2026/eo14,C,county/county-equivalent,5,ATCHISON,0,0,0.0,0.0,"Hail, Thunderstorm Wind",10,0.0
MO-EO-26-14,26-14,Mike Kehoe,Gov. Mike Kehoe declares a State of Emergency and directs the Missouri State Emergency Operations Plan be activated in response to the ongoing and forecasted severe storm systems. (May 18),2026-05-18,https://www.sos.mo.gov/library/reference/orders/2026/eo14,C,county/county-equivalent,7,AUDRAIN,0,0,0.0,0.0,Thunderstorm Wind,1,0.0
MO-EO-26-14,26-14,Mike Kehoe,Gov. Mike Kehoe declares a State of Emergency and directs the Missouri State Emergency Operations Plan be activated in response to the ongoing and forecasted severe storm systems. (May 18),2026-05-18,https://www.sos.mo.gov/library/reference/orders/2026/eo14,C,county/county-equivalent,15,BENTON,0,0,0.0,0.0,Flash Flood,2,0.0
MO-EO-26-14,26-14,Mike Kehoe,Gov. Mike Kehoe declares a State of Emergency and directs the Missouri State Emergency Operations Plan be activated in response to the ongoing and forecasted severe storm systems. (May 18),2026-05-18,https://www.sos.mo.gov/library/reference/orders/2026/eo14,C,county/county-equivalent,19,BOONE,0,0,0.0,0.0,Thunderstorm Wind,1,0.0
MO-EO-26-14,26-14,Mike Kehoe,Gov. Mike Kehoe declares a State of Emergency and directs the Missouri State Emergency Operations Plan be activated in response to the ongoing and forecasted severe storm systems. (May 18),2026-05-18,https://www.sos.mo.gov/library/reference/orders/2026/eo14,C,county/county-equivalent,21,BUCHANAN,0,0,0.0,0.0,Thunderstorm Wind,6,0.0
MO-EO-26-14,26-14,Mike Kehoe,Gov. Mike Kehoe declares a State of Emergency and directs the Missouri State Emergency Operations Plan be activated in response to the ongoing and forecasted severe storm systems. (May 18),2026-05-18,https://www.sos.mo.gov/library/reference/orders/2026/eo14,C,county/county-equivalent,29,CAMDEN,0,0,0.0,0.0,Flash Flood,1,0.0
MO-EO-26-14,26-14,Mike Kehoe,Gov. Mike Kehoe declares a State of Emergency and directs the Missouri State Emergency Operations Plan be activated in response to the ongoing and forecasted severe storm systems. (May 18),2026-05-18,https://www.sos.mo.gov/library/reference/orders/2026/eo14,C,county/county-equivalent,47,CLAY,0,0,0.0,0.0,Thunderstorm Wind,1,0.0
MO-EO-26-14,26-14,Mike Kehoe,Gov. Mike Kehoe declares a State of Emergency and directs the Missouri State Emergency Operations Plan be activated in response to the ongoing and forecasted severe storm systems. (May 18),2026-05-18,https://www.sos.mo.gov/library/reference/orders/2026/eo14,C,county/county-equivalent,49,CLINTON,0,0,0.0,0.0,Thunderstorm Wind,2,0.0
MO-EO-26-14,26-14,Mike Kehoe,Gov. Mike Kehoe declares a State of Emergency and directs the Missouri State Emergency Operations Plan be activated in response to the ongoing and forecasted severe storm systems. (May 18),2026-05-18,https://www.sos.mo.gov/library/reference/orders/2026/eo14,C,county/county-equivalent,61,DAVIESS,0,0,0.0,0.0,"Hail, Thunderstorm Wind",5,0.0
MO-EO-26-14,26-14,Mike Kehoe,Gov. Mike Kehoe declares a State of Emergency and directs the Missouri State Emergency Operations Plan be activated in response to the ongoing and forecasted severe storm systems. (May 18),2026-05-18,https://www.sos.mo.gov/library/reference/orders/2026/eo14,C,county/county-equivalent,75,GENTRY,0,0,0.0,0.0,Thunderstorm Wind,3,0.0
MO-EO-26-14,26-14,Mike Kehoe,Gov. Mike Kehoe declares a State of Emergency and directs the Missouri State Emergency Operations Plan be activated in response to the ongoing and forecasted severe storm systems. (May 18),2026-05-18,https://www.sos.mo.gov/library/reference/orders/2026/eo14,C,county/county-equivalent,79,GRUNDY,0,0,0.0,0.0,"Hail, Thunderstorm Wind",33,0.0
MO-EO-26-14,26-14,Mike Kehoe,Gov. Mike Kehoe declares a State of Emergency and directs the Missouri State Emergency Operations Plan be activated in response to the ongoing and forecasted severe storm systems. (May 18),2026-05-18,https://www.sos.mo.gov/library/reference/orders/2026/eo14,C,county/county-equivalent,81,HARRISON,0,0,0.0,0.0,"Hail, Thunderstorm Wind",17,0.0
MO-EO-26-14,26-14,Mike Kehoe,Gov. Mike Kehoe declares a State of Emergency and directs the Missouri State Emergency Operations Plan be activated in response to the ongoing and forecasted severe storm systems. (May 18),2026-05-18,https://www.sos.mo.gov/library/reference/orders/2026/eo14,C,county/county-equivalent,87,HOLT,0,0,0.0,0.0,Thunderstorm Wind,3,0.0
MO-EO-26-14,26-14,Mike Kehoe,Gov. Mike Kehoe declares a State of Emergency and directs the Missouri State Emergency Operations Plan be activated in response to the ongoing and forecasted severe storm systems. (May 18),2026-05-18,https://www.sos.mo.gov/library/reference/orders/2026/eo14,C,county/county-equivalent,93,IRON,0,0,0.0,0.0,Thunderstorm Wind,1,0.0
MO-EO-26-14,26-14,Mike Kehoe,Gov. Mike Kehoe declares a State of Emergency and directs the Missouri State Emergency Operations Plan be activated in response to the ongoing and forecasted severe storm systems. (May 18),2026-05-18,https://www.sos.mo.gov/library/reference/orders/2026/eo14,C,county/county-equivalent,95,JACKSON,0,0,0.0,0.0,Thunderstorm Wind,3,0.0
MO-EO-26-14,26-14,Mike Kehoe,Gov. Mike Kehoe declares a State of Emergency and directs the Missouri State Emergency Operations Plan be activated in response to the ongoing and forecasted severe storm systems. (May 18),2026-05-18,https://www.sos.mo.gov/library/reference/orders/2026/eo14,C,county/county-equivalent,115,LINN,0,0,0.0,0.0,"Hail, Thunderstorm Wind",8,0.0
MO-EO-26-14,26-14,Mike Kehoe,Gov. Mike Kehoe declares a State of Emergency and directs the Missouri State Emergency Operations Plan be activated in response to the ongoing and forecasted severe storm systems. (May 18),2026-05-18,https://www.sos.mo.gov/library/reference/orders/2026/eo14,C,county/county-equivalent,117,LIVINGSTON,0,0,0.0,0.0,"Hail, Thunderstorm Wind",3,0.0
MO-EO-26-14,26-14,Mike Kehoe,Gov. Mike Kehoe declares a State of Emergency and directs the Missouri State Emergency Operations Plan be activated in response to the ongoing and forecasted severe storm systems. (May 18),2026-05-18,https://www.sos.mo.gov/library/reference/orders/2026/eo14,C,county/county-equivalent,147,NODAWAY,0,0,0.0,0.0,"Hail, Thunderstorm Wind",9,0.0
MO-EO-26-14,26-14,Mike Kehoe,Gov. Mike Kehoe declares a State of Emergency and directs the Missouri State Emergency Operations Plan be activated in response to the ongoing and forecasted severe storm systems. (May 18),2026-05-18,https://www.sos.mo.gov/library/reference/orders/2026/eo14,C,county/county-equivalent,165,PLATTE,0,0,0.0,0.0,Thunderstorm Wind,7,0.0
MO-EO-26-14,26-14,Mike Kehoe,Gov. Mike Kehoe declares a State of Emergency and directs the Missouri State Emergency Operations Plan be activated in response to the ongoing and forecasted severe storm systems. (May 18),2026-05-18,https://www.sos.mo.gov/library/reference/orders/2026/eo14,C,county/county-equivalent,185,ST. CLAIR,0,0,0.0,0.0,Flash Flood,1,0.0
MO-EO-26-14,26-14,Mike Kehoe,Gov. Mike Kehoe declares a State of Emergency and directs the Missouri State Emergency Operations Plan be activated in response to the ongoing and forecasted severe storm systems. (May 18),2026-05-18,https://www.sos.mo.gov/library/reference/orders/2026/eo14,C,county/county-equivalent,211,SULLIVAN,0,0,0.0,0.0,"Hail, Thunderstorm Wind",3,0.0
MO-EO-26-14,26-14,Mike Kehoe,Gov. Mike Kehoe declares a State of Emergency and directs the Missouri State Emergency Operations Plan be activated in response to the ongoing and forecasted severe storm systems. (May 18),2026-05-18,https://www.sos.mo.gov/library/reference/orders/2026/eo14,C,county/county-equivalent,219,WARREN,0,0,0.0,0.0,Thunderstorm Wind,1,0.0
MO-EO-26-14,26-14,Mike Kehoe,Gov. Mike Kehoe declares a State of Emergency and directs the Missouri State Emergency Operations Plan be activated in response to the ongoing and forecasted severe storm systems. (May 18),2026-05-18,https://www.sos.mo.gov/library/reference/orders/2026/eo14,C,county/county-equivalent,227,WORTH,0,0,0.0,0.0,"Hail, Thunderstorm Wind",5,0.0
