declaration_id,state,governor,eo_number,action_kind,action_type,event_description,date_signed,end_date,weather_related,source_scope,document_format,detail_url,archive_record_url
CT-NEDLAMONT-EO-26-3,CT,Ned Lamont,26-3,executive_order,administrative,Establishes the Governor's Blue-Ribbon Commission on K-12 Education Funding and Accountability,2026-04-16,,False,governor_executive_order_archive,pdf,https://portal.ct.gov/governor/governors-actions/executive-orders,https://portal.ct.gov/governor/-/media/office-of-the-governor/executive-orders/lamont-executive-orders/executive-order-no-26-3.pdf?rev=2c8d6d05e4284482bba681075f7c5883
CT-NEDLAMONT-EO-26-2,CT,Ned Lamont,26-2,executive_order,administrative,Establishes the Connecticut Career Pathways Commission,2026-04-02,,False,governor_executive_order_archive,pdf,https://portal.ct.gov/governor/governors-actions/executive-orders,https://portal.ct.gov/governor/-/media/office-of-the-governor/executive-orders/lamont-executive-orders/executive-order-no-26-2.pdf?rev=30138777119b483593a79ec1dfd32a9d
CT-NEDLAMONT-EO-26-1,CT,Ned Lamont,26-1,executive_order,extension,"Implements a procedure to improve the processes and response times Connecticut residents and businesses face when applying for and renewing state licenses, certifications, and permits, with the goal of making it easier and faster to interact and complete such transactions with state government.",2026-01-15,,False,governor_executive_order_archive,pdf,https://portal.ct.gov/governor/governors-actions/executive-orders,https://portal.ct.gov/governor/-/media/office-of-the-governor/executive-orders/lamont-executive-orders/executive-order-no-26-1.pdf?rev=9ade563a5fb145e48e37976ec4fa3bf9
CT-NEDLAMONT-EO-25-1,CT,Ned Lamont,25-1,executive_order,administrative,Honoring the life and service of President Jimmy Carter.,2025-01-06,,False,governor_executive_order_archive,pdf,https://portal.ct.gov/governor/governors-actions/executive-orders,https://portal.ct.gov/governor/-/media/office-of-the-governor/executive-orders/lamont-executive-orders/executive-order-no-25-1.pdf?rev=9ea002cddd774a7d85feab180933269b
CT-NEDLAMONT-EO-24-3,CT,Ned Lamont,24-3,executive_order,administrative,"Takes emergency actions in response to recent fire weather conditions, providing volunteer fire departments with additional time to apply for compensation for services rendered during the emergency.",2024-11-26,,True,governor_executive_order_archive,pdf,https://portal.ct.gov/governor/governors-actions/executive-orders,https://portal.ct.gov/governor/-/media/office-of-the-governor/executive-orders/lamont-executive-orders/executive-order-no-24-3.pdf?rev=9ac96c3f25084646bba9a66884adeaf4
CT-NEDLAMONT-EO-24-2,CT,Ned Lamont,24-2,executive_order,administrative,Directs the establishment of the Connecticut Office of Equity and Opportunity – a new state office responsible for leading Connecticut’s efforts to ensure that state government is a leader in equity and inclusion with the goals of eliminating institutional and systemic barriers and creating opportunity and access for all those it serves and employs.,2024-07-12,,False,governor_executive_order_archive,pdf,https://portal.ct.gov/governor/governors-actions/executive-orders,https://portal.ct.gov/governor/-/media/office-of-the-governor/executive-orders/lamont-executive-orders/executive-order-no-24-2.pdf?rev=40d085c89aee4708bb51edaab25c0778
CT-NEDLAMONT-EO-24-1,CT,Ned Lamont,24-1,executive_order,administrative,"Takes emergency actions in response to severe weather conditions that significantly increased the water levels in the Yantic River, requiring emergency work at the Fitchville Pond Dam in Bozrah.",2024-01-10,,True,governor_executive_order_archive,pdf,https://portal.ct.gov/governor/governors-actions/executive-orders,https://portal.ct.gov/governor/-/media/office-of-the-governor/executive-orders/lamont-executive-orders/executive-order-no-24-1.pdf?rev=e7d8c6d3a5604142a6ce310d55b10625
CT-NEDLAMONT-EO-23-1,CT,Ned Lamont,23-1,executive_order,administrative,Establishes the Connecticut Blue-Ribbon Panel on Child Care and tasks the group with creating a strategic plan to design the next generation of child care in Connecticut.,2023-03-17,,False,governor_executive_order_archive,pdf,https://portal.ct.gov/governor/governors-actions/executive-orders,https://portal.ct.gov/governor/-/media/office-of-the-governor/executive-orders/lamont-executive-orders/executive-order-no-23-1.pdf?rev=69581b8fec9d417faead9d6f8bf3f43b
CT-NEDLAMONT-EO-22-2,CT,Ned Lamont,22-2,executive_order,administrative,Establishes the Connecticut Semiquincentennial Commission to plan for the 250th anniversary of the founding of the United States.,2022-07-01,,False,governor_executive_order_archive,pdf,https://portal.ct.gov/governor/governors-actions/executive-orders,https://portal.ct.gov/governor/-/media/office-of-the-governor/executive-orders/lamont-executive-orders/executive-order-no-22-2.pdf?rev=2fa1f1c6aedc4699822c30b465d035e1
CT-NEDLAMONT-EO-22-1,CT,Ned Lamont,22-1,executive_order,termination,Repeals Governor Malloy's Executive Order No. 52 regarding state-funded travel to North Carolina.,2022-03-30,,False,governor_executive_order_archive,pdf,https://portal.ct.gov/governor/governors-actions/executive-orders,https://portal.ct.gov/governor/-/media/office-of-the-governor/executive-orders/lamont-executive-orders/executive-order-no-22-1.pdf?rev=accb6a4bff1a4baf87d21b2105b44abd
CT-NEDLAMONT-EO-14F,CT,Ned Lamont,14F,executive_order,administrative,"Takes several emergency actions in response to the COVID-19 outbreak and the governor's civil preparedness and public health declarations, including: Proof of vaccination booster or testing for nursing home visitors and primary and secondary essential support persons.",2022-01-19,,False,governor_executive_order_archive,pdf,https://portal.ct.gov/governor/governors-actions/executive-orders,https://portal.ct.gov/governor/-/media/office-of-the-governor/executive-orders/lamont-executive-orders/executive-order-no-14f.pdf?rev=0e60f93a6097480ba2a23ad03b192fc6
CT-NEDLAMONT-EO-14E,CT,Ned Lamont,14E,executive_order,administrative,"Takes several emergency actions in response to the COVID-19 outbreak and the governor's civil preparedness and public health declarations, including: Reemployment of retired teachers to help address teacher shortage.",2022-01-11,,False,governor_executive_order_archive,pdf,https://portal.ct.gov/governor/governors-actions/executive-orders,https://portal.ct.gov/governor/-/media/office-of-the-governor/executive-orders/lamont-executive-orders/executive-order-no-14e.pdf?rev=a037369fb2a7414386f201ac75096771
CT-NEDLAMONT-EO-14D,CT,Ned Lamont,14D,executive_order,extension,"Takes several emergency actions in response to the COVID-19 outbreak and the governor's civil preparedness and public health declarations, including: Flexibility to provide for adequate healthcare resources and facilities; Practice before licensure for certain healthcare profession applicants and graduates; Temporary permits for certain healthcare providers extended; Participation in resident physician assistant program prior to permit issuance; Temporary suspension of physician assistant supervision restrictions; Temporary suspension of in-person supervision requirement for advanced practice registered nurses; and No employer charge for sequestration expenses.",2022-01-07,,False,governor_executive_order_archive,pdf,https://portal.ct.gov/governor/governors-actions/executive-orders,https://portal.ct.gov/governor/-/media/office-of-the-governor/executive-orders/lamont-executive-orders/executive-order-no-14d.pdf?rev=8f8204ce324446778effa020bb43da0e
CT-NEDLAMONT-EO-14C,CT,Ned Lamont,14C,executive_order,administrative,"Takes several emergency actions in response to the COVID-19 outbreak and the governor's civil preparedness and public health declarations, including: COVID-19 vaccination booster requirement for employees of state hospitals.",2022-01-06,,False,governor_executive_order_archive,pdf,https://portal.ct.gov/governor/governors-actions/executive-orders,https://portal.ct.gov/governor/-/media/office-of-the-governor/executive-orders/lamont-executive-orders/executive-order-no-14c.pdf?rev=f5c99277c441401bbd677686525a0abd
CT-NEDLAMONT-EO-14B,CT,Ned Lamont,14B,executive_order,administrative,"Takes several emergency actions in response to the COVID-19 outbreak and the governor's civil preparedness and public health declarations, including: COVID-19 vaccination booster requirement for employees of long-term care facilities.",2022-01-06,,False,governor_executive_order_archive,pdf,https://portal.ct.gov/governor/governors-actions/executive-orders,https://portal.ct.gov/governor/-/media/office-of-the-governor/executive-orders/lamont-executive-orders/executive-order-no-14b.pdf?rev=9058488cd3264decbf1f0bf16a045c1d
CT-NEDLAMONT-EO-21-3,CT,Ned Lamont,21-3,executive_order,administrative,Directs Connecticut executive branch state agencies to take significant actions within their authority to reduce carbon emissions and prepare for the impacts of the climate crisis.,2021-12-16,,True,governor_executive_order_archive,pdf,https://portal.ct.gov/governor/governors-actions/executive-orders,https://portal.ct.gov/governor/-/media/office-of-the-governor/executive-orders/lamont-executive-orders/executive-order-no-21-3.pdf?rev=8136d857d9174314baddfd0eafc3c98c
CT-NEDLAMONT-EO-14A,CT,Ned Lamont,14A,executive_order,amendment,"Takes several emergency actions in response to the COVID-19 outbreak and the governor's civil preparedness and public health declarations, including: Revised version of Executive Order No. 14.",2021-09-30,,False,governor_executive_order_archive,pdf,https://portal.ct.gov/governor/governors-actions/executive-orders,https://portal.ct.gov/governor/-/media/office-of-the-governor/executive-orders/lamont-executive-orders/executive-order-no-14a.pdf?rev=1140826f9e2a42a4b4c7bcdd2c218962
CT-NEDLAMONT-EO-14,CT,Ned Lamont,14,executive_order,termination,"Takes several emergency actions in response to the COVID-19 outbreak and the governor's civil preparedness and public health declarations, including: Extends the duration of nine previously issued executive orders to February 15, 2022; Extends the duration of agency or municipal orders that were issued pursuant to any unexpired COVID-19 order; and Repeals, renews, and revises Executive Order No. 11D Sections 2 and 3 concerning the emergency procurement of essential goods and services.",2021-09-27,,False,governor_executive_order_archive,pdf,https://portal.ct.gov/governor/governors-actions/executive-orders,https://portal.ct.gov/governor/-/media/office-of-the-governor/executive-orders/lamont-executive-orders/executive-order-no-14.pdf?rev=7ec6e6c0986f4cc999656ffe9b0b89e9
CT-NEDLAMONT-EO-13G,CT,Ned Lamont,13G,executive_order,administrative,"Takes several emergency actions in response to the COVID-19 outbreak and the governor's civil preparedness and public health declarations, including: Replaces and clarifies Executive Order No. 13D on COVID-19 vaccination requirements for state employees, school employees, and childcare facility staff.",2021-09-09,,False,governor_executive_order_archive,pdf,https://portal.ct.gov/governor/governors-actions/executive-orders,https://portal.ct.gov/governor/-/media/office-of-the-governor/executive-orders/lamont-executive-orders/executive-order-no-13g.pdf?rev=8c5f305a9cc542289cbac3d222751e51
CT-NEDLAMONT-EO-13F,CT,Ned Lamont,13F,executive_order,amendment,"Takes several emergency actions in response to the COVID-19 outbreak and the governor's civil preparedness and public health declarations, including: Modification of deadline for long-term care facility staff to receive vaccinations.",2021-09-02,2022-01-06,False,governor_executive_order_archive,pdf,https://portal.ct.gov/governor/governors-actions/executive-orders,https://portal.ct.gov/governor/-/media/office-of-the-governor/executive-orders/lamont-executive-orders/executive-order-no-13f.pdf?rev=bf793be39b6348d3b3f0ca2e9d1ecb1f
CT-NEDLAMONT-EO-13E,CT,Ned Lamont,13E,executive_order,administrative,"Takes several emergency actions in response to the COVID-19 outbreak and the governor's civil preparedness and public health declarations, including: Establishment of temporary nurse aide program.",2021-09-02,,False,governor_executive_order_archive,pdf,https://portal.ct.gov/governor/governors-actions/executive-orders,https://portal.ct.gov/governor/-/media/office-of-the-governor/executive-orders/lamont-executive-orders/executive-order-no-13e.pdf?rev=8da886f122a74b07bf9e1a8824f078f4
CT-NEDLAMONT-EO-13D,CT,Ned Lamont,13D,executive_order,administrative,"Takes several emergency actions in response to the COVID-19 outbreak and the governor's civil preparedness and public health declarations, including: COVID-19 vaccination requirements for state employees, school employees, and childcare facility staff.",2021-08-19,2021-09-09,False,governor_executive_order_archive,pdf,https://portal.ct.gov/governor/governors-actions/executive-orders,https://portal.ct.gov/governor/-/media/office-of-the-governor/executive-orders/lamont-executive-orders/executive-order-no-13d.pdf?rev=e3d73de7a2624bca93b414af29b042af
CT-NEDLAMONT-EO-13C,CT,Ned Lamont,13C,executive_order,administrative,"Takes several emergency actions in response to the COVID-19 outbreak and the governor's civil preparedness and public health declarations, including: Access to COVID-19 immunization information.",2021-08-19,,False,governor_executive_order_archive,pdf,https://portal.ct.gov/governor/governors-actions/executive-orders,https://portal.ct.gov/governor/-/media/office-of-the-governor/executive-orders/lamont-executive-orders/executive-order-no-13c.pdf?rev=46e2dcc813294935aaebe8a1aba3d597
CT-NEDLAMONT-EO-13B,CT,Ned Lamont,13B,executive_order,administrative,"Takes several emergency actions in response to the COVID-19 outbreak and the governor's civil preparedness and public health declarations, including: Requirement for employees of long-term care facilities to receive COVID-19 vaccinations.",2021-08-06,2021-09-02,False,governor_executive_order_archive,pdf,https://portal.ct.gov/governor/governors-actions/executive-orders,https://portal.ct.gov/governor/-/media/office-of-the-governor/executive-orders/lamont-executive-orders/executive-order-no-13b.pdf?rev=2348d0fe66ae4319835d8aee16b66895
CT-NEDLAMONT-EO-13A,CT,Ned Lamont,13A,executive_order,amendment,"Takes several emergency actions in response to the COVID-19 outbreak and the governor's civil preparedness and public health declarations, including: Authorization for municipal leaders to implement universal mask requirements; Modification of effective date on legislation that requires testing of nursing home staff.",2021-08-05,,False,governor_executive_order_archive,pdf,https://portal.ct.gov/governor/governors-actions/executive-orders,https://portal.ct.gov/governor/-/media/office-of-the-governor/executive-orders/lamont-executive-orders/executive-order-no-13a.pdf?rev=3841ccecdd0a499c83335dd6e3af17d5
CT-NEDLAMONT-EO-13,CT,Ned Lamont,13,executive_order,amendment,"Takes several emergency actions in response to the COVID-19 outbreak and the governor's civil preparedness and public health declarations, including: Extension and modification of several previously issued executive orders; Expiration of 27 previously issued executive orders.",2021-07-19,,False,governor_executive_order_archive,pdf,https://portal.ct.gov/governor/governors-actions/executive-orders,https://portal.ct.gov/governor/-/media/office-of-the-governor/executive-orders/lamont-executive-orders/executive-order-no-13.pdf?rev=5a947c1327b84e189cbf97b87827db68
CT-NEDLAMONT-EO-21-2,CT,Ned Lamont,21-2,executive_order,extension,"Extends disclosure requirements in compliance with restrictions on gifts to public officials from those with contracts valued at $50,000 or more, in contrast to the $500,000 threshold in state law.",2021-07-01,,False,governor_executive_order_archive,pdf,https://portal.ct.gov/governor/governors-actions/executive-orders,https://portal.ct.gov/governor/-/media/office-of-the-governor/executive-orders/lamont-executive-orders/executive-order-no-21-2.pdf?rev=2af8b536e61441e3a5171ad4f3986c28
CT-NEDLAMONT-EO-12D,CT,Ned Lamont,12D,executive_order,administrative,"Takes several emergency actions in response to the COVID-19 outbreak and the governor's civil preparedness and public health declarations, including: Implementation of certain requirements regarding evictions.",2021-06-30,,False,governor_executive_order_archive,pdf,https://portal.ct.gov/governor/governors-actions/executive-orders,https://portal.ct.gov/governor/-/media/office-of-the-governor/executive-orders/lamont-executive-orders/executive-order-no-12d.pdf?rev=5b7fb823864447e0b3536de49caf59b9
CT-NEDLAMONT-EO-21-1,CT,Ned Lamont,21-1,executive_order,administrative,Takes several actions regarding the use of solitary confinement.,2021-06-29,,False,governor_executive_order_archive,pdf,https://portal.ct.gov/governor/governors-actions/executive-orders,https://portal.ct.gov/governor/-/media/office-of-the-governor/executive-orders/lamont-executive-orders/executive-order-no-21-1.pdf?rev=41b2185411e545bbb4651fc31da43695
CT-NEDLAMONT-EO-12C,CT,Ned Lamont,12C,executive_order,amendment,"Takes several emergency actions in response to the COVID-19 outbreak and the governor's civil preparedness and public health declarations, including: Modification of thirty-six month age limit for Birth-to-Three services.",2021-05-24,,False,governor_executive_order_archive,pdf,https://portal.ct.gov/governor/governors-actions/executive-orders,https://portal.ct.gov/governor/-/media/office-of-the-governor/executive-orders/lamont-executive-orders/executive-order-no-12c.pdf?rev=2880d4fe044748d1bff20b1d9d0889d4
CT-NEDLAMONT-EO-12B,CT,Ned Lamont,12B,executive_order,extension,"Takes several emergency actions in response to the COVID-19 outbreak and the governor's civil preparedness and public health declarations, including: Extension and expiration of COVID-19 orders.",2021-05-20,,False,governor_executive_order_archive,pdf,https://portal.ct.gov/governor/governors-actions/executive-orders,https://portal.ct.gov/governor/-/media/office-of-the-governor/executive-orders/lamont-executive-orders/executive-order-no-12b.pdf?rev=5d364577bbeb43bb87a711bd92d3a6dd
CT-NEDLAMONT-EO-12A,CT,Ned Lamont,12A,executive_order,amendment,"Takes several emergency actions in response to the COVID-19 outbreak and the governor's civil preparedness and public health declarations, including: Revised order for masks and face coverings.",2021-05-20,,False,governor_executive_order_archive,pdf,https://portal.ct.gov/governor/governors-actions/executive-orders,https://portal.ct.gov/governor/-/media/office-of-the-governor/executive-orders/lamont-executive-orders/executive-order-no-12a.pdf?rev=e6a6888626584ab8a6bb90076d4c83b1
CT-NEDLAMONT-EO-12,CT,Ned Lamont,12,executive_order,amendment,"Takes several emergency actions in response to the COVID-19 outbreak and the governor's civil preparedness and public health declarations, including: Revised order for masks and face coverings.",2021-05-18,,False,governor_executive_order_archive,pdf,https://portal.ct.gov/governor/governors-actions/executive-orders,https://portal.ct.gov/governor/-/media/office-of-the-governor/executive-orders/lamont-executive-orders/executive-order-no-12.pdf?rev=ce67a2a4607e4400ad94052e9a6d8895
CT-NEDLAMONT-EO-11F,CT,Ned Lamont,11F,executive_order,extension,"Takes several emergency actions in response to the COVID-19 outbreak and the governor's civil preparedness and public health declarations, including: Extension of authority for DMV to issue duplicate driver's licenses and identification credentials remotely; and Permits service of alcohol outdoors without requiring that drinks be served with food.",2021-04-29,,False,governor_executive_order_archive,pdf,https://portal.ct.gov/governor/governors-actions/executive-orders,https://portal.ct.gov/governor/-/media/office-of-the-governor/executive-orders/lamont-executive-orders/executive-order-no-11f.pdf?rev=8405b8d58e8a4ae380dfedd6a825a53e
CT-NEDLAMONT-EO-11E,CT,Ned Lamont,11E,executive_order,extension,"Takes several emergency actions in response to the COVID-19 outbreak and the governor's civil preparedness and public health declarations, including: Extends to May 20 executive orders that have been identified as critical to pandemic response and recovery.",2021-04-20,,False,governor_executive_order_archive,pdf,https://portal.ct.gov/governor/governors-actions/executive-orders,https://portal.ct.gov/governor/-/media/office-of-the-governor/executive-orders/lamont-executive-orders/executive-order-no-11e.pdf?rev=7d921b20f9664a059128bb4bf6fbc6df
CT-NEDLAMONT-EO-11D,CT,Ned Lamont,11D,executive_order,administrative,"Takes several emergency actions in response to the COVID-19 outbreak and the governor's civil preparedness and public health declarations, including: Consolidation and renewal of contracting flexibility to procure essential goods, services, and real estate to respond to the pandemic.",2021-04-19,,False,governor_executive_order_archive,pdf,https://portal.ct.gov/governor/governors-actions/executive-orders,https://portal.ct.gov/governor/-/media/office-of-the-governor/executive-orders/lamont-executive-orders/executive-order-no-11d.pdf?rev=f4c62f2ae2a54e66b7b7154c2f633228
CT-NEDLAMONT-EO-11C,CT,Ned Lamont,11C,executive_order,administrative,"Takes several emergency actions in response to the COVID-19 outbreak and the governor's civil preparedness and public health declarations, including: Consolidation and renewal of authority for relevant agency heads to restrict visitation at congregate facilities in order to limit the risk of transmission of COVID-19.",2021-04-19,,False,governor_executive_order_archive,pdf,https://portal.ct.gov/governor/governors-actions/executive-orders,https://portal.ct.gov/governor/-/media/office-of-the-governor/executive-orders/lamont-executive-orders/executive-order-no-11c.pdf?rev=96b94442688f4104a2a883b02d28c9be
CT-NEDLAMONT-EO-11B,CT,Ned Lamont,11B,executive_order,administrative,"Takes several emergency actions in response to the COVID-19 outbreak and the governor's civil preparedness and public health declarations, including: Consolidation of the temporary flexibilities and changes to liquor sales and service.",2021-04-19,,False,governor_executive_order_archive,pdf,https://portal.ct.gov/governor/governors-actions/executive-orders,https://portal.ct.gov/governor/-/media/office-of-the-governor/executive-orders/lamont-executive-orders/executive-order-no-11b.pdf?rev=444ca318c32b4b6da86560cb04350d03
CT-NEDLAMONT-EO-11A,CT,Ned Lamont,11A,executive_order,administrative,"Takes several emergency actions in response to the COVID-19 outbreak and the governor's civil preparedness and public health declarations, including: Consolidation and renewal of sector rules and related enforcement authority so that the Department of Economic and Community Development can continue to issue changes to these rules as the circumstances evolve and vaccination rates increase.",2021-04-19,,False,governor_executive_order_archive,pdf,https://portal.ct.gov/governor/governors-actions/executive-orders,https://portal.ct.gov/governor/-/media/office-of-the-governor/executive-orders/lamont-executive-orders/executive-order-no-11a.pdf?rev=5a8e325cdf74490685b7a01834b642d2
CT-NEDLAMONT-EO-11,CT,Ned Lamont,11,executive_order,extension,"Takes several emergency actions in response to the COVID-19 outbreak and the governor's civil preparedness and public health declarations, including: Extension to May 20 of various executive orders that have been identified as critical to pandemic response and recovery, except for those covered by Executive Order Nos. 11A through 11D.",2021-04-19,,False,governor_executive_order_archive,pdf,https://portal.ct.gov/governor/governors-actions/executive-orders,https://portal.ct.gov/governor/-/media/office-of-the-governor/executive-orders/lamont-executive-orders/executive-order-no-11.pdf?rev=0b8fee03b50a4e308505cf3c192379b7
CT-NEDLAMONT-EO-10E,CT,Ned Lamont,10E,executive_order,administrative,"Takes several emergency actions in response to the COVID-19 outbreak and the governor's civil preparedness and public health declarations, including: Absentee voting eligibility during COVID-19 pandemic.",2021-04-05,,False,governor_executive_order_archive,pdf,https://portal.ct.gov/governor/governors-actions/executive-orders,https://portal.ct.gov/governor/-/media/office-of-the-governor/executive-orders/lamont-executive-orders/executive-order-no-10e.pdf?rev=1a1b0027258c4cc4be5446314a531baa
CT-NEDLAMONT-EO-10D,CT,Ned Lamont,10D,executive_order,termination,"Takes several emergency actions in response to the COVID-19 outbreak and the governor's civil preparedness and public health declarations, including: Relaxation of capacity limits for religious, spiritual, or worship gatherings; and Repeal of mandatory travel advisory and self-quarantine requirements.",2021-03-17,,False,governor_executive_order_archive,pdf,https://portal.ct.gov/governor/governors-actions/executive-orders,https://portal.ct.gov/governor/-/media/office-of-the-governor/executive-orders/lamont-executive-orders/executive-order-no-10d.pdf?rev=c80835124b0e435a9866bf2aee165ae5
CT-NEDLAMONT-EO-10C,CT,Ned Lamont,10C,executive_order,extension,"Takes several emergency actions in response to the COVID-19 outbreak and the governor's civil preparedness and public health declarations, including: Extension of legislative action to expand access to telehealth services.",2021-03-13,,False,governor_executive_order_archive,pdf,https://portal.ct.gov/governor/governors-actions/executive-orders,https://portal.ct.gov/governor/-/media/office-of-the-governor/executive-orders/lamont-executive-orders/executive-order-no-10c.pdf?rev=827e00cb514e48398b1ba5b639a155db
CT-NEDLAMONT-EO-10B,CT,Ned Lamont,10B,executive_order,administrative,"Takes several emergency actions in response to the COVID-19 outbreak and the governor's civil preparedness and public health declarations, including: Early opening of 2021 fishing season.",2021-03-03,,False,governor_executive_order_archive,pdf,https://portal.ct.gov/governor/governors-actions/executive-orders,https://portal.ct.gov/governor/-/media/office-of-the-governor/executive-orders/lamont-executive-orders/executive-order-no-10b.pdf?rev=c2ff41df9a434a159808c0bea6a615d6
CT-NEDLAMONT-EO-10A,CT,Ned Lamont,10A,executive_order,extension,"Takes several emergency actions in response to the COVID-19 outbreak and the governor's civil preparedness and public health declarations, including: Extension of COVID-19 executive orders; Extension of agency and municipal emergency orders; Extension of eviction moratorium; Effective dates for protection from civil liability for actions of omissions in support of the state's COVID-19 response; and Extension until March 1, 2021 of certain provisions related to court operations and associated requirements.",2021-02-07,,False,governor_executive_order_archive,pdf,https://portal.ct.gov/governor/governors-actions/executive-orders,https://portal.ct.gov/governor/-/media/office-of-the-governor/executive-orders/lamont-executive-orders/executive-order-no-10a.pdf?rev=88bd491c0ddd4079989fe0e5a89f252c
CT-NEDLAMONT-EO-10,CT,Ned Lamont,10,executive_order,extension,"Takes several emergency actions in response to the COVID-19 outbreak and the governor's civil preparedness and public health declarations, including: Exclusion of individual stimulus payments from benefit eligibility calculations; Suspension of reapplication filing requirement for the additional veterans tax relief program; Suspension of reapplication filing requirement for the Homeowners’ – Elderly/Disabled Circuit Breaker and Freeze Tax Relief Programs; Use of commuter parking facilities as needed for COVID-19 testing and vaccination; Renewals of liquor permits extended; Paid leave requirements for staff of local and regional boards of education; Relaxation of limits on religious gatherings; and Absentee voting eligibility during COVID-19 pandemic.",2021-02-03,2021-04-05,False,governor_executive_order_archive,pdf,https://portal.ct.gov/governor/governors-actions/executive-orders,https://portal.ct.gov/governor/-/media/office-of-the-governor/executive-orders/lamont-executive-orders/executive-order-no-10.pdf?rev=320161027d654240b56a3a911247e86b
CT-NEDLAMONT-EO-9T,CT,Ned Lamont,9T,executive_order,extension,"Takes several emergency actions in response to the COVID-19 outbreak and the governor's civil preparedness and public health declarations, including: Extension of eviction moratorium.",2020-12-22,,False,governor_executive_order_archive,pdf,https://portal.ct.gov/governor/governors-actions/executive-orders,https://portal.ct.gov/governor/-/media/office-of-the-governor/executive-orders/lamont-executive-orders/executive-order-no-9t.pdf?rev=4ed09de4c0c54f9e9e6ef4c4f2b2cadb
CT-NEDLAMONT-EO-9S,CT,Ned Lamont,9S,executive_order,amendment,"Takes several emergency actions in response to the COVID-19 outbreak and the governor's civil preparedness and public health declarations, including: Amendments to mandatory self-quarantine for travelers from states with high COVID-19 levels; and Authorization for continued temporary suspension of the requirements for licensure, certification, or registration of out-of-state providers.",2020-12-17,2021-03-17,False,governor_executive_order_archive,pdf,https://portal.ct.gov/governor/governors-actions/executive-orders,https://portal.ct.gov/governor/-/media/office-of-the-governor/executive-orders/lamont-executive-orders/executive-order-no-9s.pdf?rev=33e52881fc0f4af291a388d93f70d5c3
CT-NEDLAMONT-EO-9R,CT,Ned Lamont,9R,executive_order,amendment,"Takes several emergency actions in response to the COVID-19 outbreak and the governor's civil preparedness and public health declarations, including: Suspension and modification of tax deadlines and collection efforts for tax bills that become due and payable on January 1, 2021; Suspension of municipal assessor certification program requirement; and Alcoholic liquor sales by caters.",2020-12-15,,False,governor_executive_order_archive,pdf,https://portal.ct.gov/governor/governors-actions/executive-orders,https://portal.ct.gov/governor/-/media/office-of-the-governor/executive-orders/lamont-executive-orders/executive-order-no-9r.pdf?rev=02c22ead2c494181ad44d95d3de444ae
CT-NEDLAMONT-EO-9Q,CT,Ned Lamont,9Q,executive_order,administrative,"Takes several emergency actions in response to the COVID-19 outbreak and the governor's civil preparedness and public health declarations, including: Administration of COVID-19 vaccine by licensed pharmacists; Reporting of influenza vaccine administration to patients younger than 18; and Out-of-network COVID-19 immunization.",2020-12-06,,False,governor_executive_order_archive,pdf,https://portal.ct.gov/governor/governors-actions/executive-orders,https://portal.ct.gov/governor/-/media/office-of-the-governor/executive-orders/lamont-executive-orders/executive-order-no-9q.pdf?rev=2c56cd5f4eba43efb915b7f3d7bb0890
CT-NEDLAMONT-EO-9P,CT,Ned Lamont,9P,executive_order,administrative,"Takes several emergency actions in response to the COVID-19 outbreak and the governor's civil preparedness and public health declarations, including: Increase in weekly benefit amount and qualification for Lost Wages Assistance; and Remote licensing examination for subsurface sewage disposal system cleaner and installer.",2020-12-03,,False,governor_executive_order_archive,pdf,https://portal.ct.gov/governor/governors-actions/executive-orders,https://portal.ct.gov/governor/-/media/office-of-the-governor/executive-orders/lamont-executive-orders/executive-order-no-9p.pdf?rev=e123e559e8d8465791dc699ac790648c
CT-NEDLAMONT-EO-9O,CT,Ned Lamont,9O,executive_order,administrative,"Takes several emergency actions in response to the COVID-19 outbreak and the governor's civil preparedness and public health declarations, including: Flexibility in hiring short-term substitute teachers; Sale of alcoholic liquor at virtual events by charitable organizations permitted; and Resumption of certain Judicial Branch requirements and deadlines.",2020-11-30,,False,governor_executive_order_archive,pdf,https://portal.ct.gov/governor/governors-actions/executive-orders,https://portal.ct.gov/governor/-/media/office-of-the-governor/executive-orders/lamont-executive-orders/executive-order-no-9o.pdf?rev=5aeeddb371764acead2fb0d0e0049535
CT-NEDLAMONT-EO-9N,CT,Ned Lamont,9N,executive_order,administrative,"Takes several emergency actions in response to the COVID-19 outbreak and the governor's civil preparedness and public health declarations, including: Additional enforcement authority regarding violations of size and capacity restrictions; and Commissioner of Public Health measures to ensure enforcement.",2020-11-24,,False,governor_executive_order_archive,pdf,https://portal.ct.gov/governor/governors-actions/executive-orders,https://portal.ct.gov/governor/-/media/office-of-the-governor/executive-orders/lamont-executive-orders/executive-order-no-9n.pdf?rev=50f45c53c79445308ed93fd34f7e308d
CT-NEDLAMONT-EO-9M,CT,Ned Lamont,9M,executive_order,extension,"Takes several emergency actions in response to the COVID-19 outbreak and the governor's civil preparedness and public health declarations, including: DECD authority to enact rules for all sports activities; Renewals of certain permits extended; Extending authorization for online continuing education for plumbers and electricians; and Extended deadlines for continuing education for plumbers and electricians.",2020-11-19,,False,governor_executive_order_archive,pdf,https://portal.ct.gov/governor/governors-actions/executive-orders,https://portal.ct.gov/governor/-/media/office-of-the-governor/executive-orders/lamont-executive-orders/executive-order-no-9m.pdf?rev=c521ae1baf964ba69b5fc04503173be5
CT-NEDLAMONT-EO-9L,CT,Ned Lamont,9L,executive_order,extension,"Takes several emergency actions in response to the COVID-19 outbreak and the governor's civil preparedness and public health declarations, including: Extension of COVID-19 executive orders to February 9, 2021; and Extension of agency and municipality orders of concurrent duration with public health and civil preparedness emergencies.",2020-11-08,,False,governor_executive_order_archive,pdf,https://portal.ct.gov/governor/governors-actions/executive-orders,https://portal.ct.gov/governor/-/media/office-of-the-governor/executive-orders/lamont-executive-orders/executive-order-no-9l.pdf?rev=db263c08ed91463ca3fc4b9b3bf330af
CT-NEDLAMONT-EO-9K,CT,Ned Lamont,9K,executive_order,termination,"Takes several emergency actions in response to the COVID-19 outbreak and the governor's civil preparedness and public health declarations, including: Repeal of municipal authority and return to statewide protective measures; Return to Phase 2 limits on certain gatherings; Reduced capacity at indoor graduation ceremonies; DECD authority to enact sector rules for youth sports; DECD authority to enact sector rules governing mandatory closing times for certain businesses and other establishments; Extension of expanded outdoor dining; Extension of prohibition on sale of alcohol by certain permittees without the sale of food; and Flexibility for school nutrition programs.",2020-11-05,,False,governor_executive_order_archive,pdf,https://portal.ct.gov/governor/governors-actions/executive-orders,https://portal.ct.gov/governor/-/media/office-of-the-governor/executive-orders/lamont-executive-orders/executive-order-no-9k.pdf?rev=ea5e5e527ecf4b54a4909f32e20b5363
CT-NEDLAMONT-EO-9J,CT,Ned Lamont,9J,executive_order,amendment,"Takes several emergency actions in response to the COVID-19 outbreak and the governor's civil preparedness and public health declarations, including: Municipal authority to revert to more restrictive pre-October 8, 2020 size and capacity limitations and rules for certain businesses and gatherings; and Modifications to deadlines to allow early preparations for absentee ballot counting.",2020-10-29,,False,governor_executive_order_archive,pdf,https://portal.ct.gov/governor/governors-actions/executive-orders,https://portal.ct.gov/governor/-/media/office-of-the-governor/executive-orders/lamont-executive-orders/executive-order-no-9j.pdf?rev=1a496785a24849909d180c8179674836
CT-NEDLAMONT-EO-9I,CT,Ned Lamont,9I,executive_order,amendment,"Takes several emergency actions in response to the COVID-19 outbreak and the governor's civil preparedness and public health declarations, including: Amendments to mandatory self-quarantine for travelers from states with high COVID-19 levels.",2020-10-27,,False,governor_executive_order_archive,pdf,https://portal.ct.gov/governor/governors-actions/executive-orders,https://portal.ct.gov/governor/-/media/office-of-the-governor/executive-orders/lamont-executive-orders/executive-order-no-9i.pdf?rev=1095dcc3568f4ff19e36b489827ac75a
CT-NEDLAMONT-EO-9H,CT,Ned Lamont,9H,executive_order,amendment,"Takes several emergency actions in response to the COVID-19 outbreak and the governor's civil preparedness and public health declarations, including: Remote participation in agency and municipal meetings; and Technical revisions to extension of eviction moratorium.",2020-10-20,,False,governor_executive_order_archive,pdf,https://portal.ct.gov/governor/governors-actions/executive-orders,https://portal.ct.gov/governor/-/media/office-of-the-governor/executive-orders/lamont-executive-orders/executive-order-no-9h.pdf?rev=6dceeb6338f94fd8be541abedce92db3
CT-NEDLAMONT-EO-9G,CT,Ned Lamont,9G,executive_order,administrative,"Takes several emergency actions in response to the COVID-19 outbreak and the governor's civil preparedness and public health declarations, including: Municipal authority to revert to the more restrictive pre-October 8, 2020 size and capacity limitations and rules for certain businesses and gatherings.",2020-10-13,,False,governor_executive_order_archive,pdf,https://portal.ct.gov/governor/governors-actions/executive-orders,https://portal.ct.gov/governor/-/media/office-of-the-governor/executive-orders/lamont-executive-orders/executive-order-no-9g.pdf?rev=6397b04dbd97478b9a60b53226625b90
CT-NEDLAMONT-EO-9F,CT,Ned Lamont,9F,executive_order,amendment,"Takes several emergency actions in response to the COVID-19 outbreak and the governor's civil preparedness and public health declarations, including: Amendments to Size Restrictions on Certain Gatherings; and Extension of Drive-In Worship Services and Graduations.",2020-10-07,,False,governor_executive_order_archive,pdf,https://portal.ct.gov/governor/governors-actions/executive-orders,https://portal.ct.gov/governor/-/media/office-of-the-governor/executive-orders/lamont-executive-orders/executive-order-no-9f.pdf?rev=4a2c007de5e147de8b4c7478695127ee
CT-NEDLAMONT-EO-9E,CT,Ned Lamont,9E,executive_order,extension,"Takes several emergency actions in response to the COVID-19 outbreak and the governor's civil preparedness and public health declarations, including: Extension of eviction moratorium; Certain liquor permits extended; and Date of new insurance data security requirements extended. The CDC Declaration can be downloaded in 13 languages at this link: https://nlihc.org/national-eviction-moratorium",2020-09-29,,False,governor_executive_order_archive,pdf,https://portal.ct.gov/governor/governors-actions/executive-orders,https://portal.ct.gov/governor/-/media/office-of-the-governor/executive-orders/lamont-executive-orders/executive-order-no-9e.pdf?rev=77f70a12af5d41c0b2f44543bf91e030
CT-NEDLAMONT-EO-9D,CT,Ned Lamont,9D,executive_order,extension,"Takes several emergency actions in response to the COVID-19 outbreak and the governor's civil preparedness and public health declarations, including: Extension of prohibition on sale of alcohol by certain permittees without the sale of food; and Extension of contracting flexibility regulated to student privacy data.",2020-09-24,,False,governor_executive_order_archive,pdf,https://portal.ct.gov/governor/governors-actions/executive-orders,https://portal.ct.gov/governor/-/media/office-of-the-governor/executive-orders/lamont-executive-orders/executive-order-no-9d.pdf?rev=40958adabd7b4997b4ae805975aa3e90
CT-NEDLAMONT-EO-9C,CT,Ned Lamont,9C,executive_order,amendment,"Takes several emergency actions in response to the COVID-19 outbreak and the governor's civil preparedness and public health declarations, including: Amendments to mandatory self-quarantine for travelers from states with high COVID-19 levels; and Resumption of non-judicial tax sales pursuant to Executive Order No. 7S and 7CC.",2020-09-16,,False,governor_executive_order_archive,pdf,https://portal.ct.gov/governor/governors-actions/executive-orders,https://portal.ct.gov/governor/-/media/office-of-the-governor/executive-orders/lamont-executive-orders/executive-order-no-9c.pdf?rev=d4ab09c0004648afbc16241e4b1fe8ae
CT-NEDLAMONT-EO-9B,CT,Ned Lamont,9B,executive_order,termination,"Takes several emergency actions in response to the COVID-19 outbreak and the governor's civil preparedness and public health declarations, including: Amendments to mandatory self-quarantine for travelers from states with high COVID-19 levels; Authorization for the issuance of fines; and Repeal of executive orders extending liquor permittee credit period.",2020-09-14,,False,governor_executive_order_archive,pdf,https://portal.ct.gov/governor/governors-actions/executive-orders,https://portal.ct.gov/governor/-/media/office-of-the-governor/executive-orders/lamont-executive-orders/executive-order-no-9b.pdf?rev=1ac3b627365947799cae3133d92bfd44
CT-NEDLAMONT-EO-9A,CT,Ned Lamont,9A,executive_order,extension,"Takes several emergency actions in response to the COVID-19 outbreak and the governor's civil preparedness and public health declarations, including: Reissuance and extension of COVID-19 executive orders to November 9, 2020; and Extension of agency and municipality orders of concurrent duration with public health and civil preparedness emergencies.",2020-09-07,,False,governor_executive_order_archive,pdf,https://portal.ct.gov/governor/governors-actions/executive-orders,https://portal.ct.gov/governor/-/media/office-of-the-governor/executive-orders/lamont-executive-orders/executive-order-no-9a.pdf?rev=96b08441874a4804a736ef7af8f55246
CT-NEDLAMONT-EO-9,CT,Ned Lamont,9,executive_order,extension,"Takes several emergency actions in response to the COVID-19 outbreak and the governor's civil preparedness and public health declarations, including: Commissioners of Early Childhood and Education may issue operational rules; Extension of prohibition on sale of alcohol by certain permittees without the sale of food.",2020-09-03,,False,governor_executive_order_archive,pdf,https://portal.ct.gov/governor/governors-actions/executive-orders,https://portal.ct.gov/governor/-/media/office-of-the-governor/executive-orders/lamont-executive-orders/executive-order-no-9.pdf?rev=4431c72b2cee4a3284a5d708ce23fc03
CT-PROC-2020-09-01,CT,Ned Lamont,,emergency_proclamation,extension,COVID-19 Renewed,2020-09-01,,False,demhs_civil_preparedness_emergencies,pdf,https://portal.ct.gov/demhs/emergency-management/legal-resources/civil-preparedness-emergency,https://portal.ct.gov/demhs/-/media/demhs/_docs/program-and-unit-forms---advisories/legal/governors-declarations/govdec89-004-covid.pdf
CT-PROC-2020-08-28,CT,Ned Lamont,,emergency_proclamation,declaration,Tornadoes and Severe Storms,2020-08-28,,True,demhs_civil_preparedness_emergencies,pdf,https://portal.ct.gov/demhs/emergency-management/legal-resources/civil-preparedness-emergency,https://portal.ct.gov/demhs/-/media/demhs/_docs/program-and-unit-forms---advisories/legal/governors-declarations/govdec89-003-tornadoes.pdf
CT-NEDLAMONT-EO-7OOO,CT,Ned Lamont,7OOO,executive_order,amendment,"Takes several emergency actions in response to the COVID-19 outbreak and the governor's civil preparedness and public health declarations, including: Extension of expanded outdoor dining; Modification of the extension of 30-day period of credit for liquor permittees; Extension of eviction moratorium; and Resumption of certain requirements and deadlines regarding civil and family matters.",2020-08-21,,False,governor_executive_order_archive,pdf,https://portal.ct.gov/governor/governors-actions/executive-orders,https://portal.ct.gov/governor/-/media/office-of-the-governor/executive-orders/lamont-executive-orders/executive-order-no-7ooo.pdf?rev=ecd270eb336d48fb8055db4214a8cfa9
CT-NEDLAMONT-EO-7NNN,CT,Ned Lamont,7NNN,executive_order,amendment,"Takes several emergency actions in response to the COVID-19 outbreak and the governor's civil preparedness and public health declarations, including: Modifications to face covering requirements; and Permission for DECD commissioner to establish size limits for private gatherings.",2020-08-14,,False,governor_executive_order_archive,pdf,https://portal.ct.gov/governor/governors-actions/executive-orders,https://portal.ct.gov/governor/-/media/office-of-the-governor/executive-orders/lamont-executive-orders/executive-order-no-7nnn.pdf?rev=c2a90cc6c75a4386bf8ea4b35723bf8f
CT-NEDLAMONT-EO-7MMM,CT,Ned Lamont,7MMM,executive_order,administrative,"Takes several emergency actions in response to the COVID-19 outbreak and the governor's civil preparedness and public health declarations, including: Management of absentee ballots for the August 11, 2020 primary.",2020-08-09,,True,governor_executive_order_archive,pdf,https://portal.ct.gov/governor/governors-actions/executive-orders,https://portal.ct.gov/governor/-/media/office-of-the-governor/executive-orders/lamont-executive-orders/executive-order-no-7mmm.pdf?rev=9f2a875b25c74166929212fe3e51647d
CT-PROC-2020-08-05,CT,Ned Lamont,,emergency_proclamation,declaration,Tropical Storm Isaias,2020-08-05,,True,demhs_civil_preparedness_emergencies,pdf,https://portal.ct.gov/demhs/emergency-management/legal-resources/civil-preparedness-emergency,https://portal.ct.gov/demhs/-/media/demhs/_docs/program-and-unit-forms---advisories/legal/governors-declarations/govdec89-002-isaias.pdf
CT-NEDLAMONT-EO-7LLL,CT,Ned Lamont,7LLL,executive_order,administrative,"Takes several emergency actions in response to the COVID-19 outbreak and the governor's civil preparedness and public health declarations, including: Resumption of requirements and deadlines in child protection matters.",2020-07-28,,False,governor_executive_order_archive,pdf,https://portal.ct.gov/governor/governors-actions/executive-orders,https://portal.ct.gov/governor/-/media/office-of-the-governor/executive-orders/lamont-executive-orders/executive-order-no-7lll.pdf?rev=a8ca72ebe62943edab36f0932ed2353f
CT-NEDLAMONT-EO-7JJJ,CT,Ned Lamont,7JJJ,executive_order,administrative,"Takes several emergency actions in response to the COVID-19 outbreak and the governor's civil preparedness and public health declarations, including: Rebuttable presumption of eligibility for workers compensation; and Discharge, discrimination, discipline, and deliberate misinformation or dissuasion prohibited.",2020-07-23,,False,governor_executive_order_archive,pdf,https://portal.ct.gov/governor/governors-actions/executive-orders,https://portal.ct.gov/governor/-/media/office-of-the-governor/executive-orders/lamont-executive-orders/executive-order-no-7jjj.pdf?rev=3fa5d78e21b04af3bd8a3b5dae93968a
CT-NEDLAMONT-EO-7III,CT,Ned Lamont,7III,executive_order,termination,"Takes several emergency actions in response to the COVID-19 outbreak and the governor's civil preparedness and public health declarations, including: Repeal of advisory self-quarantine; Mandatory self-quarantine for travelers from states with high COVID-19 infection levels; and Extension of statutory or regulatory deadlines by DMV.",2020-07-21,2020-09-16,False,governor_executive_order_archive,pdf,https://portal.ct.gov/governor/governors-actions/executive-orders,https://portal.ct.gov/governor/-/media/office-of-the-governor/executive-orders/lamont-executive-orders/executive-order-no-7iii.pdf?rev=75ea7eb322554e188a8b58a1fb98a462
CT-NEDLAMONT-EO-7HHH,CT,Ned Lamont,7HHH,executive_order,administrative,"Takes several emergency actions in response to the COVID-19 outbreak and the governor's civil preparedness and public health declarations, including: Authorization for continued temporary suspension of the requirements for licensure, certification, or registration of out-of-state providers.",2020-07-13,,False,governor_executive_order_archive,pdf,https://portal.ct.gov/governor/governors-actions/executive-orders,https://portal.ct.gov/governor/-/media/office-of-the-governor/executive-orders/lamont-executive-orders/executive-order-no-7hhh.pdf?rev=cf0e97eee3f84626b6eb1018b885862b
CT-NEDLAMONT-EO-7GGG,CT,Ned Lamont,7GGG,executive_order,administrative,"Takes several emergency actions in response to the COVID-19 outbreak and the governor's civil preparedness and public health declarations, including: Authorization for temporary rental housing program; Temporary mortgage relief program; and Online continuing education for plumbers and electricians.",2020-07-13,,False,governor_executive_order_archive,pdf,https://portal.ct.gov/governor/governors-actions/executive-orders,https://portal.ct.gov/governor/-/media/office-of-the-governor/executive-orders/lamont-executive-orders/executive-order-no-7ggg.pdf?rev=9a8d25cd730a4e50bf5c6ff58dedf487
CT-NEDLAMONT-EO-7FFF,CT,Ned Lamont,7FFF,executive_order,amendment,"Takes several emergency actions in response to the COVID-19 outbreak and the governor's civil preparedness and public health declarations, including: Modifying minimum service hours for private non-medical institutions for adults.",2020-07-05,,False,governor_executive_order_archive,pdf,https://portal.ct.gov/governor/governors-actions/executive-orders,https://portal.ct.gov/governor/-/media/office-of-the-governor/executive-orders/lamont-executive-orders/executive-order-no-7fff.pdf?rev=9132babba4af4832b55493f190e067ce
CT-NEDLAMONT-EO-7EEE,CT,Ned Lamont,7EEE,executive_order,administrative,"Takes several emergency actions in response to the COVID-19 outbreak and the governor's civil preparedness and public health declarations, including: Authorization for DSS to provide funding from the Coronavirus Relief Fund to additional providers; and Online continuing education for plumbers and electricians.",2020-06-30,,False,governor_executive_order_archive,pdf,https://portal.ct.gov/governor/governors-actions/executive-orders,https://portal.ct.gov/governor/-/media/office-of-the-governor/executive-orders/lamont-executive-orders/executive-order-no-7eee.pdf?rev=a1b77cecfb23426e857de8048130de20
CT-NEDLAMONT-EO-7DDD,CT,Ned Lamont,7DDD,executive_order,extension,"Takes several emergency actions in response to the COVID-19 outbreak and the governor's civil preparedness and public health declarations, including: Extended protections for residential renters affected by COVID-19; and Authority to extend statutory and regulatory administrative deadlines by an additional 90 days.",2020-06-29,,False,governor_executive_order_archive,pdf,https://portal.ct.gov/governor/governors-actions/executive-orders,https://portal.ct.gov/governor/-/media/office-of-the-governor/executive-orders/lamont-executive-orders/executive-order-no-7ddd.pdf?rev=4c56f4eb4f9d4b8e999e94d49fb64d1e
CT-NEDLAMONT-EO-7CCC,CT,Ned Lamont,7CCC,executive_order,extension,"Takes several emergency actions in response to the COVID-19 outbreak and the governor's civil preparedness and public health declarations, including: Clarification of time periods in Executive Order No. 7I; Extension of time for fire service personnel examinations; and Issuance of duplicate licenses and identity cards.",2020-06-25,,False,governor_executive_order_archive,pdf,https://portal.ct.gov/governor/governors-actions/executive-orders,https://portal.ct.gov/governor/-/media/office-of-the-governor/executive-orders/lamont-executive-orders/executive-order-no-7ccc.pdf?rev=9a2043d497344378b8aa01ff382af6a7
CT-NEDLAMONT-EO-7BBB,CT,Ned Lamont,7BBB,executive_order,amendment,"Takes several emergency actions in response to the COVID-19 outbreak and the governor's civil preparedness and public health declarations, including: Safety advisory regarding travel from states with high infection rates; Amended deadline for candidates to withdraw from presidential primary; Accelerated date to finalize order of names on presidential primary ballot; Temporary commercial pesticide junior operator certification; and Authority to modify enhanced health procedures in child care and day camps.",2020-06-24,2020-07-21,False,governor_executive_order_archive,pdf,https://portal.ct.gov/governor/governors-actions/executive-orders,https://portal.ct.gov/governor/-/media/office-of-the-governor/executive-orders/lamont-executive-orders/executive-order-no-7bbb.pdf?rev=a58f028523164cc5a0edc87d606cb7b8
CT-NEDLAMONT-EO-7ZZ,CT,Ned Lamont,7ZZ,executive_order,amendment,"Takes several emergency actions in response to the COVID-19 outbreak and the governor's civil preparedness and public health declarations, including: Modifications to adapt to Phase 2 reopening efforts; Restrictions on large gatherings and events; Further clarification of limits on alcohol sales by restaurants, bars, and private clubs; Restrictions of off-track betting extended; Extension of essential business rules; Clarification of Executive Order No. 7MM; and Extension of remote notarization.",2020-06-16,,False,governor_executive_order_archive,pdf,https://portal.ct.gov/governor/governors-actions/executive-orders,https://portal.ct.gov/governor/-/media/office-of-the-governor/executive-orders/lamont-executive-orders/executive-order-no-7zz.pdf?rev=b9765f31835f4b1b8326b387cd6e4a20
CT-NEDLAMONT-EO-7AAA,CT,Ned Lamont,7AAA,executive_order,amendment,"Takes several emergency actions in response to the COVID-19 outbreak and the governor's civil preparedness and public health declarations, including: Technical correction to Executive Order No. 7ZZ, Section 8; Authority to modify limitation on group sizes in child care; Waiver of requirement to hold annual agricultural fair and reporting requirement to maintain agricultural society property tax exemption; and Mandatory COVID-19 testing for staff of private and municipal nursing home facilities, managed residential communities, and assisted living services agencies.",2020-06-16,,False,governor_executive_order_archive,pdf,https://portal.ct.gov/governor/governors-actions/executive-orders,https://portal.ct.gov/governor/-/media/office-of-the-governor/executive-orders/lamont-executive-orders/executive-order-no-7aaa.pdf?rev=93b0743977a549089e7902ca995364d7
CT-NEDLAMONT-EO-8,CT,Ned Lamont,8,executive_order,administrative,Directs several actions regarding police use of force and accountability.,2020-06-14,,False,governor_executive_order_archive,pdf,https://portal.ct.gov/governor/governors-actions/executive-orders,https://portal.ct.gov/governor/-/media/office-of-the-governor/executive-orders/lamont-executive-orders/executive-order-no-8.pdf?rev=d426860560b94598b693b538dfbe23b9
CT-NEDLAMONT-EO-7YY,CT,Ned Lamont,7YY,executive_order,amendment,"Takes several emergency actions in response to the COVID-19 outbreak and the governor's civil preparedness and public health declarations, including: Resumption of court filing deadlines; Modifications to DMV functions; and Modifications to Executive Order No. 7E.",2020-06-09,,False,governor_executive_order_archive,pdf,https://portal.ct.gov/governor/governors-actions/executive-orders,https://portal.ct.gov/governor/-/media/office-of-the-governor/executive-orders/lamont-executive-orders/executive-order-no-7yy.pdf?rev=f9c50d6167e5443ab6377a34917ae579
CT-NEDLAMONT-EO-7XX,CT,Ned Lamont,7XX,executive_order,amendment,"Takes several emergency actions in response to the COVID-19 outbreak and the governor's civil preparedness and public health declarations, including: Modification of safety rules for drive-in religious gatherings; Safety rules for drive-in graduations; and Suspension of the involuntary discharge of nursing facility residents and residential care home residents who may be discharged to homeless shelters, except during emergency situations or with respect to COVID-19 recovered discharges.",2020-06-05,,False,governor_executive_order_archive,pdf,https://portal.ct.gov/governor/governors-actions/executive-orders,https://portal.ct.gov/governor/-/media/office-of-the-governor/executive-orders/lamont-executive-orders/executive-order-no-7xx.pdf?rev=9acc08d5e12e46c38c4f975b6309c197
CT-NEDLAMONT-EO-7WW,CT,Ned Lamont,7WW,executive_order,administrative,"Takes several emergency actions in response to the COVID-19 outbreak and the governor's civil preparedness and public health declarations, including: Technical clarifications regarding the ballot petitioning process for the August 2020 primary and November 2020 general election; and Further clarification of limits on alcohol service and sales related to catering.",2020-06-04,,False,governor_executive_order_archive,pdf,https://portal.ct.gov/governor/governors-actions/executive-orders,https://portal.ct.gov/governor/-/media/office-of-the-governor/executive-orders/lamont-executive-orders/executive-order-no-7ww.pdf?rev=abbf1841d67949b08d33ae1ea9349e43
CT-NEDLAMONT-EO-7VV,CT,Ned Lamont,7VV,executive_order,amendment,"Takes several emergency actions in response to the COVID-19 outbreak and the governor's civil preparedness and public health declarations, including: Amended limitation on program sizes in child care.",2020-06-02,,False,governor_executive_order_archive,pdf,https://portal.ct.gov/governor/governors-actions/executive-orders,https://portal.ct.gov/governor/-/media/office-of-the-governor/executive-orders/lamont-executive-orders/executive-order-no-7vv.pdf?rev=81bf3db58ed5416e84b17fb431382cf8
CT-NEDLAMONT-EO-7UU,CT,Ned Lamont,7UU,executive_order,administrative,"Takes several emergency actions in response to the COVID-19 outbreak and the governor's civil preparedness and public health declarations, including: Mandatory COVID-19 testing for staff of private and municipal nursing homes, residential communities and assisted living agencies; and Determination of suitable work.",2020-06-01,,False,governor_executive_order_archive,pdf,https://portal.ct.gov/governor/governors-actions/executive-orders,https://portal.ct.gov/governor/-/media/office-of-the-governor/executive-orders/lamont-executive-orders/executive-order-no-7uu.pdf?rev=39a29aa883bf4a35969ad0e25511afa7
CT-NEDLAMONT-EO-7TT,CT,Ned Lamont,7TT,executive_order,amendment,"Takes several emergency actions in response to the COVID-19 outbreak and the governor's civil preparedness and public health declarations, including: Reopening of barbershops and hair salons on June 1; and Amended prohibitions on large gatherings.",2020-05-29,2020-11-05,False,governor_executive_order_archive,pdf,https://portal.ct.gov/governor/governors-actions/executive-orders,https://portal.ct.gov/governor/-/media/office-of-the-governor/executive-orders/lamont-executive-orders/executive-order-no-7tt.pdf?rev=6d1d7804459f4eba937d36c4527f9539
CT-NEDLAMONT-EO-7SS,CT,Ned Lamont,7SS,executive_order,administrative,"Takes several emergency actions in response to the COVID-19 outbreak and the governor's civil preparedness and public health declarations, including: Permits the creation of a temporary nurse aide position.",2020-05-27,,False,governor_executive_order_archive,pdf,https://portal.ct.gov/governor/governors-actions/executive-orders,https://portal.ct.gov/governor/-/media/office-of-the-governor/executive-orders/lamont-executive-orders/executive-order-no-7ss.pdf?rev=b4b067d6afe34687aff09a19d4e71355
CT-NEDLAMONT-EO-7RR,CT,Ned Lamont,7RR,executive_order,amendment,"Takes several emergency actions in response to the COVID-19 outbreak and the governor's civil preparedness and public health declarations, including: Authority for DEEP to issue rental refunds; Modification of age limit for early intervention coverage; and Waiver of requirement for guest books at private clubs.",2020-05-21,,False,governor_executive_order_archive,pdf,https://portal.ct.gov/governor/governors-actions/executive-orders,https://portal.ct.gov/governor/-/media/office-of-the-governor/executive-orders/lamont-executive-orders/executive-order-no-7rr.pdf?rev=b4783906a2844007b52c6d0a89a39662
CT-NEDLAMONT-EO-7QQ,CT,Ned Lamont,7QQ,executive_order,amendment,"Takes several emergency actions in response to the COVID-19 outbreak and the governor's civil preparedness and public health declarations, including: Modifications to permit the use of absentee ballots to reduce the risk of COVID-19 transmission during August 11, 2020 primary; and Clarification that orders by commissioners issued pursuant to the governor’s executive orders are not regulations.",2020-05-20,,False,governor_executive_order_archive,pdf,https://portal.ct.gov/governor/governors-actions/executive-orders,https://portal.ct.gov/governor/-/media/office-of-the-governor/executive-orders/lamont-executive-orders/executive-order-no-7qq.pdf?rev=dd39fb7345bc4702874f5fbd0bcce9f7
CT-NEDLAMONT-EO-7PP,CT,Ned Lamont,7PP,executive_order,amendment,"Takes several emergency actions in response to the COVID-19 outbreak and the governor's civil preparedness and public health declarations, including: Reopening Phase 1; Enforcement of sector rules governing the reopening of businesses; Extension of prohibition on large gatherings to June 20, 2020; Extension of restrictions on off-track betting, indoor fitness, and movie theaters to June 20; Further clarification of limits on restaurants, bars, and private clubs – mixed drinks permitted for takeout delivery; Limitation on the operation of day camps; Enhanced health procedures for all day camps; Cancellation of resident camp operations; Limitation on the operation of summer and educational programs operated by local or regional boards of education; and Suspension or modification of regulatory requirements to protect public health and safety.",2020-05-18,,False,governor_executive_order_archive,pdf,https://portal.ct.gov/governor/governors-actions/executive-orders,https://portal.ct.gov/governor/-/media/office-of-the-governor/executive-orders/lamont-executive-orders/executive-order-no-7pp.pdf?rev=e22cbc410de84d96a43a0c9358e648d7
CT-NEDLAMONT-EO-7OO,CT,Ned Lamont,7OO,executive_order,administrative,"Takes several emergency actions in response to the COVID-19 outbreak and the governor's civil preparedness and public health declarations, including: Procedures for local appointments and elections requiring in-person vote.",2020-05-14,,False,governor_executive_order_archive,pdf,https://portal.ct.gov/governor/governors-actions/executive-orders,https://portal.ct.gov/governor/-/media/office-of-the-governor/executive-orders/lamont-executive-orders/executive-order-no-7oo.pdf?rev=80d7df9e9f054964b2ac3a3065703fa2
CT-NEDLAMONT-EO-7NN,CT,Ned Lamont,7NN,executive_order,amendment,"Takes several emergency actions in response to the COVID-19 outbreak and the governor's civil preparedness and public health declarations, including: Waiver of statutory vote on supplemental federal block grant; Remote participation in member meetings; Waiver of certain regulatory limitations on the amount of support that can be provided to caregiver relatives; Technical modification of grace period for April and May rent; Authorization for OPM to direct DSS to provide Coronavirus Relief Fund distributions to nursing home facilities; Authorization for OPM to direct DSS to provide Coronavirus Relief Fund distributions to COVID recovery facilities and alternate COVID recovery facilities; Authorization for additional COVID-19 related hardship relief funding under the Coronavirus Relief Fund to nursing home facilities; Coronavirus Relief Fund distribution determinations not subject to rehearing or appeal; and Extension and sunset of suspension of tax on single-use plastic checkout bags.",2020-05-13,,False,governor_executive_order_archive,pdf,https://portal.ct.gov/governor/governors-actions/executive-orders,https://portal.ct.gov/governor/-/media/office-of-the-governor/executive-orders/lamont-executive-orders/executive-order-no-7nn.pdf?rev=30ce68554633479ca1423acac801ebd0
CT-NEDLAMONT-EO-7MM,CT,Ned Lamont,7MM,executive_order,extension,"Takes several emergency actions in response to the COVID-19 outbreak and the governor's civil preparedness and public health declarations, including: Allows municipalities to expedite changes to their zoning rules or other ordinances to expand outdoor dining; Creates an expedited approval process for restaurants and other establishments that serve food to get fast-tracked permission to create or expand outdoor dining areas; Allows other businesses such as retail stores to get fast-tracked permission to sell goods on the sidewalk or in other outdoor areas, including shared spaces or spaces provided by municipalities; Allows restaurants and other businesses who already have liquor permits to serve alcohol only with food without applying for a separate patio or extension of use permit; and Allows private clubs to sell alcohol only to their members for delivery or pickup.",2020-05-12,,False,governor_executive_order_archive,pdf,https://portal.ct.gov/governor/governors-actions/executive-orders,https://portal.ct.gov/governor/-/media/office-of-the-governor/executive-orders/lamont-executive-orders/executive-order-no-7mm.pdf?rev=7e85007424d84cf086e2e1c380721f41
CT-NEDLAMONT-EO-7LL,CT,Ned Lamont,7LL,executive_order,amendment,"Takes several emergency actions in response to the COVID-19 outbreak and the governor's civil preparedness and public health declarations, including: Modifications to the petitioning process for the August primary.",2020-05-11,,False,governor_executive_order_archive,pdf,https://portal.ct.gov/governor/governors-actions/executive-orders,https://portal.ct.gov/governor/-/media/office-of-the-governor/executive-orders/lamont-executive-orders/executive-order-no-7ll.pdf?rev=233ad8d5d3874269992a5701d3b54210
CT-NEDLAMONT-EO-7JJ,CT,Ned Lamont,7JJ,executive_order,administrative,"Takes several emergency actions in response to the COVID-19 outbreak and the governor's civil preparedness and public health declarations, including: Applicability of Executive Order No. 7S, Section 8 – Suspension of reapplication filing requirement for the Homeowners’ Elderly/Disabled, Circuit Breaker Tax Relief Program and for the Homeowners’ Elderly/Disabled Freeze Tax Relief Program; Distance learning and remote testing certification for DEEP programs; Tolling of land use and building permits; and Allowance of suspension of in-person voting requirements by members of the public for critical and time-sensitive municipal decisions.",2020-05-06,,False,governor_executive_order_archive,pdf,https://portal.ct.gov/governor/governors-actions/executive-orders,https://portal.ct.gov/governor/-/media/office-of-the-governor/executive-orders/lamont-executive-orders/executive-order-no-7jj.pdf?rev=924f8bc1353b4979979d9d0bac6b6420
CT-NEDLAMONT-EO-7II,CT,Ned Lamont,7II,executive_order,amendment,"Takes several emergency actions in response to the COVID-19 outbreak and the governor's civil preparedness and public health declarations, including: Extension of school class cancellations for remainder of school year; Authorization for the Department of Social Services commissioner to temporarily waive, modify, or suspend home health regulatory requirements; Extension of the start date for imposition of a late fee for obtaining dog licenses from July 1, 2020 to August 1, 2020; and Authority to waive certain requirements for the issuance of vouchers under the Farmers’ Market Nutrition Program for Women, Infants, and Children.",2020-05-05,,False,governor_executive_order_archive,pdf,https://portal.ct.gov/governor/governors-actions/executive-orders,https://portal.ct.gov/governor/-/media/office-of-the-governor/executive-orders/lamont-executive-orders/executive-order-no-7ii.pdf?rev=c26d05bee6ec4e3fbe63aeac1dd6b01d
CT-NEDLAMONT-EO-7HH,CT,Ned Lamont,7HH,executive_order,administrative,"Takes several emergency actions in response to the COVID-19 outbreak and the governor's civil preparedness and public health declarations, including: Mandatory suspension of annual town meeting or referendum to adopt budget; and Authorization for common-interest communities to hold meetings remotely.",2020-05-01,,False,governor_executive_order_archive,pdf,https://portal.ct.gov/governor/governors-actions/executive-orders,https://portal.ct.gov/governor/-/media/office-of-the-governor/executive-orders/lamont-executive-orders/executive-order-no-7hh.pdf?rev=a313b4ff42084fdba8ac2c1ab8442f07
CT-NEDLAMONT-EO-7GG,CT,Ned Lamont,7GG,executive_order,amendment,"Takes several emergency actions in response to the COVID-19 outbreak and the governor's civil preparedness and public health declarations, including: Extension of payment time for sealed ticket revenue due to the state; Waiver of notarization requirement for embalmer’s affidavit accompanying death certificates; Temporary suspension of controlled substance registration; Modification of state contracting statutes to facilitate the emergency procurement of essential services; Modification of state contracting authorities to facilitate the emergency procurement of essential services; Modification of state construction requirements to facilitate the emergency provision of construction and construction-related services; and Extension of existing contracts to prevent gaps in necessary services.",2020-04-30,,False,governor_executive_order_archive,pdf,https://portal.ct.gov/governor/governors-actions/executive-orders,https://portal.ct.gov/governor/-/media/office-of-the-governor/executive-orders/lamont-executive-orders/executive-order-no-7gg.pdf?rev=9a957c963ad543aeb153b25e4a4508b4
CT-NEDLAMONT-EO-7FF,CT,Ned Lamont,7FF,executive_order,administrative,"Takes several emergency actions in response to the COVID-19 outbreak and the governor's civil preparedness and public health declarations, including: Additional flexibility for Medicaid-enrolled providers to perform telehealth through audio-only methods for new patients.",2020-04-24,,False,governor_executive_order_archive,pdf,https://portal.ct.gov/governor/governors-actions/executive-orders,https://portal.ct.gov/governor/-/media/office-of-the-governor/executive-orders/lamont-executive-orders/executive-order-no-7ff.pdf?rev=0d9bcc0651dc436484059976cbb1950a
CT-NEDLAMONT-EO-7EE,CT,Ned Lamont,7EE,executive_order,administrative,"Takes several emergency actions in response to the COVID-19 outbreak and the governor's civil preparedness and public health declarations, including: Mandatory reporting by managed residential communities; Mandatory reporting by nursing homes; Civil Penalties for failure to comply with mandatory reporting; Waiving certain Medicaid prior authorization requirements; Waiving Medicaid bed reservation requirements for residents on leave from intermediate care facilities for individuals with intellectual disabilities; and Waiving requirements for signed delivery receipt for medical equipment, devices, and supplies.",2020-04-23,,False,governor_executive_order_archive,pdf,https://portal.ct.gov/governor/governors-actions/executive-orders,https://portal.ct.gov/governor/-/media/office-of-the-governor/executive-orders/lamont-executive-orders/executive-order-no-7ee.pdf?rev=cbcbd1403eb94f91b214323ffd2352b5
CT-NEDLAMONT-EO-7DD,CT,Ned Lamont,7DD,executive_order,amendment,"Takes several emergency actions in response to the COVID-19 outbreak and the governor's civil preparedness and public health declarations, including: Additions to the definition of telehealth provider; Flexibility for Medicaid-enrolled providers and in-network providers for commercial fully insured health insurance to perform telehealth through additional methods; Additions to permissible out-of-state healthcare providers; Participation in intern, resident physician, or United States Medical Officer candidate training programs prior to permit issuance; Participation in resident physician assistant program prior to permit issuance; Temporary suspension of physician assistant supervision restrictions; Temporary suspension of in-person supervision requirement for advanced practice registered nurses; Provision of services by respiratory care therapist and respiratory care technician students; Suspension of continuing education requirement for health care providers; and Modification of 36-month age limit for Birth-to-Three services.",2020-04-22,,False,governor_executive_order_archive,pdf,https://portal.ct.gov/governor/governors-actions/executive-orders,https://portal.ct.gov/governor/-/media/office-of-the-governor/executive-orders/lamont-executive-orders/executive-order-no-7dd.pdf?rev=4c1f9020b3ee44979f8df23d123c5e4a
CT-NEDLAMONT-EO-7CC,CT,Ned Lamont,7CC,executive_order,amendment,"Takes several emergency actions in response to the COVID-19 outbreak and the governor's civil preparedness and public health declarations, including: Applicability of Executive Order No. 7S, Section 7 to additional critical and time-sensitive municipal fiscal actions; Clarification of time periods regarding suspension and modification of non-judicial tax sales pursuant to Executive Order No. 7S, Section 11; Exclusion of federal stimulus payments in evaluating eligibility for state or local programs financed in whole or in part using state funds; Alternative to physical presence in court for finding of irretrievable breakdown of marriage; Alternative to in-person waiver of right to file motion or petition for educational support; Alternative to physical appearance of petitioner regarding decree of dissolution after entry of decree of legal separation; Alternative to in-court canvas prior to entrance of final agreement; Alternative to physical presence when findings on the record required; and Revised financial protections for people covered by insurance who receive out-of-network health care services during the public health emergency.",2020-04-21,,False,governor_executive_order_archive,pdf,https://portal.ct.gov/governor/governors-actions/executive-orders,https://portal.ct.gov/governor/-/media/office-of-the-governor/executive-orders/lamont-executive-orders/executive-order-no-7cc.pdf?rev=f99cd8910f774e88930537a8da501e77
CT-NEDLAMONT-EO-7BB,CT,Ned Lamont,7BB,executive_order,administrative,"Takes several emergency actions in response to the COVID-19 outbreak and the governor's civil preparedness and public health declarations, including: Cloth face coverings or higher level of protection required in public wherever close contact is unavoidable; and Further postponement of presidential preference primary to August 11.",2020-04-17,,False,governor_executive_order_archive,pdf,https://portal.ct.gov/governor/governors-actions/executive-orders,https://portal.ct.gov/governor/-/media/office-of-the-governor/executive-orders/lamont-executive-orders/executive-order-no-7bb.pdf?rev=fac0281f84b541fc88a1dacbcbdbeb30
CT-NEDLAMONT-EO-7AA,CT,Ned Lamont,7AA,executive_order,administrative,"Takes several emergency actions in response to the COVID-19 outbreak and the governor's civil preparedness and public health declarations, including: Approval of temporary additional nursing home beds for COVID-19 recovery.",2020-04-15,,False,governor_executive_order_archive,pdf,https://portal.ct.gov/governor/governors-actions/executive-orders,https://portal.ct.gov/governor/-/media/office-of-the-governor/executive-orders/lamont-executive-orders/executive-order-no-7aa.pdf?rev=45a934095e67440fb24a17a5b1e745d5
CT-NEDLAMONT-EO-7Z,CT,Ned Lamont,7Z,executive_order,amendment,"Takes several emergency actions in response to the COVID-19 outbreak and the governor's civil preparedness and public health declarations, including: Modification of state contracting statutes to facilitate the emergency procurement of essential goods; In-person attendance requirement suspended for assessment appeals; and Suspension of requirements for security officer license.",2020-04-14,,False,governor_executive_order_archive,pdf,https://portal.ct.gov/governor/governors-actions/executive-orders,https://portal.ct.gov/governor/-/media/office-of-the-governor/executive-orders/lamont-executive-orders/executive-order-no-7z.pdf?rev=fa69ed182a7345c38e3c77b038ccb257
CT-NEDLAMONT-EO-7Y,CT,Ned Lamont,7Y,executive_order,administrative,"Takes several emergency actions in response to the COVID-19 outbreak and the governor's civil preparedness and public health declarations, including: Implementation of a nursing home surge plan.",2020-04-11,,False,governor_executive_order_archive,pdf,https://portal.ct.gov/governor/governors-actions/executive-orders,https://portal.ct.gov/governor/-/media/office-of-the-governor/executive-orders/lamont-executive-orders/executive-order-no-7y.pdf?rev=abac19bcbfc1497392ad8ea8a6a0d618
CT-NEDLAMONT-EO-7X,CT,Ned Lamont,7X,executive_order,amendment,"Takes several emergency actions in response to the COVID-19 outbreak and the governor's civil preparedness and public health declarations, including: Protections for residential renters impacted by COVID-19; Continued cancellation of school classes through May 20, 2020; Extension of closures, distancing, and safety measures through May 20, 2020; Modification or deferral of educator certification testing; and Permission to operate food trucks at rest areas.",2020-04-10,2020-08-21,False,governor_executive_order_archive,pdf,https://portal.ct.gov/governor/governors-actions/executive-orders,https://portal.ct.gov/governor/-/media/office-of-the-governor/executive-orders/lamont-executive-orders/executive-order-no-7x.pdf?rev=433d1a354af54ec4bb36f8b9049a8768
CT-NEDLAMONT-EO-7W,CT,Ned Lamont,7W,executive_order,amendment,"Takes several emergency actions in response to the COVID-19 outbreak and the governor's civil preparedness and public health declarations, including: Suspension and modification of tax deadlines and collection efforts pursuant to Executive Order No. 7S, Section 6; No increased experience rating based on COVID-19 unemployment claims; Coil cleaning requirements modified; Delivery signature requirement suspended; Return of permit not necessary for temporary closures pursuant to Executive Order No. 7D; Ninety-day provisional permits; Renewal date for on-premise liquor permits to be extended; and Permit need not be recorded with town clerk.",2020-04-09,,False,governor_executive_order_archive,pdf,https://portal.ct.gov/governor/governors-actions/executive-orders,https://portal.ct.gov/governor/-/media/office-of-the-governor/executive-orders/lamont-executive-orders/executive-order-no-7w.pdf?rev=4f896fc2b4a64c83b5df3069ade701d3
CT-NEDLAMONT-EO-7V,CT,Ned Lamont,7V,executive_order,extension,"Takes several emergency actions in response to the COVID-19 outbreak and the governor's civil preparedness and public health declarations, including: Safe workplaces in essential businesses; Temporary permits for certain health care providers extended and fees waived; Practice before licensure for certain health care profession applicants and graduates; Practice before licensure for marital and family therapy associates; Practice before licensure for professional counselor associates; and Protection from civil liability for actions or omissions in support of the state’s COVID-19 response.",2020-04-07,,False,governor_executive_order_archive,pdf,https://portal.ct.gov/governor/governors-actions/executive-orders,https://portal.ct.gov/governor/-/media/office-of-the-governor/executive-orders/lamont-executive-orders/executive-order-no-7v.pdf?rev=dddbe75df6584ef8ac914319e8ce7b44
CT-NEDLAMONT-EO-7U,CT,Ned Lamont,7U,executive_order,administrative,"Takes several emergency actions in response to the COVID-19 outbreak and the governor's civil preparedness and public health declarations, including: Protection from civil liability for actions or omissions in support of the state’s COVID-19 response; and Financial protections for the uninsured and people covered by insurance who receive out-of-network health care services during the public health emergency.",2020-04-05,2020-04-07,False,governor_executive_order_archive,pdf,https://portal.ct.gov/governor/governors-actions/executive-orders,https://portal.ct.gov/governor/-/media/office-of-the-governor/executive-orders/lamont-executive-orders/executive-order-no-7u.pdf?rev=142bcf9beaef40f5a4a8d160cccd91cf
CT-NEDLAMONT-EO-7T,CT,Ned Lamont,7T,executive_order,administrative,"Takes several emergency actions in response to the COVID-19 outbreak and the governor's civil preparedness and public health declarations, including: Prohibition on non-essential lodging; Further clarification of limits on restaurants, bars, and private clubs; Suspension of notarization requirement related to Connecticut Recovery Bridge Loan Program; Flexibility to maintain adequate child care infrastructure; Suspension of rehearing rights for temporary rate increases for certain health care providers; and Alternative to affidavits in relation to orders of protection and relief.",2020-04-02,,False,governor_executive_order_archive,pdf,https://portal.ct.gov/governor/governors-actions/executive-orders,https://portal.ct.gov/governor/-/media/office-of-the-governor/executive-orders/lamont-executive-orders/executive-order-no-7t.pdf?rev=518c3124c393446aa5df98dc6afd54e2
CT-NEDLAMONT-EO-7S,CT,Ned Lamont,7S,executive_order,amendment,"Takes several emergency actions in response to the COVID-19 outbreak and the governor's civil preparedness and public health declarations, including: Safe stores mandatory statewide rules 60-day grace period for premium payments, policy cancellations, and non-renewals of insurance policies; Extension of 30-day period of credit for liquor permittees; Daily payment of certain taxes changed to weekly; Flexibility to amend Medicaid waivers and state plan; Relief from certain municipal tax deadlines and collection efforts; Allow suspension of in-person voting requirements for critical and time sensitive municipal fiscal deadlines; Suspension of reapplication filing requirement for the homeowners’ elderly/disabled circuit breaker tax relief program and for the homeowners’ elderly/disabled freeze tax relief program; Substitution of full inspection requirements pertaining to October 1, 2020 grand list revaluations; Extension of deadline to file income and expense statement to August 15; Suspension of non-judicial tax sales.",2020-04-01,,False,governor_executive_order_archive,pdf,https://portal.ct.gov/governor/governors-actions/executive-orders,https://portal.ct.gov/governor/-/media/office-of-the-governor/executive-orders/lamont-executive-orders/executive-order-no-7s.pdf?rev=8738b37bcf45464c8e197384de48b5f9
CT-NEDLAMONT-EO-7R,CT,Ned Lamont,7R,executive_order,extension,"Takes several emergency actions in response to the COVID-19 outbreak and the governor's civil preparedness and public health declarations, including: Continuation of funding for boards of education; Continuation of payment of public school staff; Preservation of student transportation services and special education providers; Restrictions on entrance to state parks, forests, and other lands; and Curbside pickup of alcoholic beverages permitted.",2020-03-31,,False,governor_executive_order_archive,pdf,https://portal.ct.gov/governor/governors-actions/executive-orders,https://portal.ct.gov/governor/-/media/office-of-the-governor/executive-orders/lamont-executive-orders/executive-order-no-7r.pdf?rev=225cb67cbaad42aaa3b2cacde9b07d70
CT-NEDLAMONT-EO-7Q,CT,Ned Lamont,7Q,executive_order,administrative,"Takes several emergency actions in response to the COVID-19 outbreak and the governor's civil preparedness and public health declarations, including: Requirement of limited group sizes in childcare; Enhancement of health procedures for all operating childcare programs; and Authorization of remote notarization.",2020-03-30,2020-06-16,False,governor_executive_order_archive,pdf,https://portal.ct.gov/governor/governors-actions/executive-orders,https://portal.ct.gov/governor/-/media/office-of-the-governor/executive-orders/lamont-executive-orders/executive-order-no-7q.pdf?rev=ea99801efef54b238934d3219640c61d
CT-NEDLAMONT-EO-7P,CT,Ned Lamont,7P,executive_order,administrative,"Takes several emergency actions in response to the COVID-19 outbreak and the governor's civil preparedness and public health declarations, including: Authorization to provide for non-congregant housing for persons at risk.",2020-03-28,,False,governor_executive_order_archive,pdf,https://portal.ct.gov/governor/governors-actions/executive-orders,https://portal.ct.gov/governor/-/media/office-of-the-governor/executive-orders/lamont-executive-orders/executive-order-no-7p.pdf?rev=73a57b9e40ea4d82a9fee8a41aecd6d7
CT-NEDLAMONT-EO-7O,CT,Ned Lamont,7O,executive_order,amendment,"Takes several emergency actions in response to the COVID-19 outbreak and the governor's civil preparedness and public health declarations, including: Suspension of license renewals and inspections by DPH; Modification of health care provider identification badge requirements; Waiver of registration requirement for alcohol-based hand sanitizers and medical devices; and Waiver of Birth-to-Three family cost participation fees.",2020-03-27,,False,governor_executive_order_archive,pdf,https://portal.ct.gov/governor/governors-actions/executive-orders,https://portal.ct.gov/governor/-/media/office-of-the-governor/executive-orders/lamont-executive-orders/executive-order-no-7o.pdf?rev=f74aaa073f7a48a9a3c7dddd49ca0aea
CT-NEDLAMONT-EO-7N,CT,Ned Lamont,7N,executive_order,administrative,"Takes several emergency actions in response to the COVID-19 outbreak and the governor's civil preparedness and public health declarations, including: Further reduction of social and recreational gatherings to 5 people; Restrictions on restaurant payment and pickup operations; Further restrictions on retail operations; Requirement of firearms transactions by appointment only Suspension of tax on single-use checkout bags; Prohibition of employers from requiring employees to place items in customers' reusable bags; Suspension of 21-month limit on Temporary Family Assistance; and Suspension of school testing assessments for 2019-20 school year.",2020-03-26,,False,governor_executive_order_archive,pdf,https://portal.ct.gov/governor/governors-actions/executive-orders,https://portal.ct.gov/governor/-/media/office-of-the-governor/executive-orders/lamont-executive-orders/executive-order-no-7n.pdf?rev=3a7bdb08bded43d3b66a3b47b1f5f220
CT-NEDLAMONT-EO-7M,CT,Ned Lamont,7M,executive_order,extension,"Takes several emergency actions in response to the COVID-19 outbreak and the governor's civil preparedness and public health declarations, including: Tolling of time periods for DOT final determinations on permits; Suspension of mandatory statutory filing requirements for FOIA appeals and decisions; and Authorization of state agencies to extend statutory regulatory administrative deadlines by 90 days.",2020-03-25,,False,governor_executive_order_archive,pdf,https://portal.ct.gov/governor/governors-actions/executive-orders,https://portal.ct.gov/governor/-/media/office-of-the-governor/executive-orders/lamont-executive-orders/executive-order-no-7m.pdf?rev=5e814026f30b4bc5a756ddfde777e47b
CT-NEDLAMONT-EO-7L,CT,Ned Lamont,7L,executive_order,amendment,"Takes several emergency actions in response to the COVID-19 outbreak and the governor's civil preparedness and public health declarations, including: Extension of class cancellations at all public schools to April 20; Early opening of fishing season; Suspension of restrictions on reemployment of municipal retirees; Flexibility to maintain adequate medical marijuana access for patients; Extension of time period for nursing home transfers; Modification of the duties of registrars of vital records; Modification of in-person purchase of and access to copies of vital records; and Modification of marriage license requirements.",2020-03-24,,False,governor_executive_order_archive,pdf,https://portal.ct.gov/governor/governors-actions/executive-orders,https://portal.ct.gov/governor/-/media/office-of-the-governor/executive-orders/lamont-executive-orders/executive-order-no-7l.pdf?rev=8abd3efb24c3430eb18d6b083cafe4bc
CT-NEDLAMONT-EO-7K,CT,Ned Lamont,7K,executive_order,amendment,"Takes several emergency actions in response to the COVID-19 outbreak and the governor's civil preparedness and public health declarations, including: Suspension of non-critical probate court operations; Suspension of non-critical Workers' Compensation Commission operations; Authorization of remote notarization; Modification of DPH regulatory requirements; and Suspension of national criminal history records checks for long-term care providers.",2020-03-23,,False,governor_executive_order_archive,pdf,https://portal.ct.gov/governor/governors-actions/executive-orders,https://portal.ct.gov/governor/-/media/office-of-the-governor/executive-orders/lamont-executive-orders/executive-order-no-7k.pdf?rev=8df1ec1a83ac476f8238fa8cc588d82a
CT-NEDLAMONT-EO-7J,CT,Ned Lamont,7J,executive_order,amendment,"Takes several emergency actions in response to the COVID-19 outbreak and the governor's civil preparedness and public health declarations, including: Clarification of ""Stay Safe, Stay Home"" Executive Order No. 7H regarding nonessential business operations; Extension of time period for fire service personnel examinations; Delivery of methadone to homebound patients by methadone maintenance clinics; Suspension of rehiring procedures and restrictions on temporary worker retirees; Modification of real property statutes to facilitate leasing, repairs, alterations and use of real property; and Modification of state contracting statutes to facilitate leasing, repairs, alterations, and use of real property.",2020-03-22,,False,governor_executive_order_archive,pdf,https://portal.ct.gov/governor/governors-actions/executive-orders,https://portal.ct.gov/governor/-/media/office-of-the-governor/executive-orders/lamont-executive-orders/executive-order-no-7j.pdf?rev=57e8af8e00af43b4af9240a011861830
CT-NEDLAMONT-EO-7I,CT,Ned Lamont,7I,executive_order,amendment,"Takes several emergency actions in response to the COVID-19 outbreak and the governor's civil preparedness and public health declarations, including: Modifications to DSS benefits; Flexibility related to the Student Data Privacy Act; Modifications related to DCF; Modifications to DCP regulations regarding pharmacies; Suspension of in-person shareholder meeting requirements; and Procedural relief for municipalities.",2020-03-21,2020-09-24,False,governor_executive_order_archive,pdf,https://portal.ct.gov/governor/governors-actions/executive-orders,https://portal.ct.gov/governor/-/media/office-of-the-governor/executive-orders/lamont-executive-orders/executive-order-no-7i.pdf?rev=4f982846cc1548aaa04768c6a91ae957
CT-NEDLAMONT-EO-7H,CT,Ned Lamont,7H,executive_order,administrative,"Takes several emergency actions in response to the COVID-19 outbreak and the governor's civil preparedness and public health declarations, including: ""Stay Safe, Stay Home"" restrictions on all workplaces for non-essential business; and Requirement of a coordinated effort between the State of Connecticut and its municipalities.",2020-03-20,,False,governor_executive_order_archive,pdf,https://portal.ct.gov/governor/governors-actions/executive-orders,https://portal.ct.gov/governor/-/media/office-of-the-governor/executive-orders/lamont-executive-orders/executive-order-no-7h.pdf?rev=42476eb792c54f59a3a90860fce31080
CT-PROC-2020-03-19,CT,Ned Lamont,,emergency_proclamation,declaration,COVID-19 Initial,2020-03-19,,False,demhs_civil_preparedness_emergencies,pdf,https://portal.ct.gov/demhs/emergency-management/legal-resources/civil-preparedness-emergency,https://portal.ct.gov/demhs/-/media/demhs/_docs/program-and-unit-forms---advisories/legal/governors-declarations/govdec89-001-covid.pdf
CT-NEDLAMONT-EO-7G,CT,Ned Lamont,7G,executive_order,extension,"Takes several emergency actions in response to the COVID-19 outbreak and the governor's civil preparedness and public health declarations, including: Postponement of presidential primary to June 2; Suspension of non-critical court operations and associated requirements; Permits certain restaurants and other eating establishments to sell alcohol with take-out food orders under certain conditions; Flexibility for Medicaid-enrolled providers and in-network providers for commercial fully insured health insurance to perform telehealth through additional methods; Temporary suspension of in-person investigative visits regarding reports of elder abuse; and Extension of time for disclosure of investigation results.",2020-03-19,,False,governor_executive_order_archive,pdf,https://portal.ct.gov/governor/governors-actions/executive-orders,https://portal.ct.gov/governor/-/media/office-of-the-governor/executive-orders/lamont-executive-orders/executive-order-no-7g.pdf?rev=ef9dbe5d8fc448f5b1109af2b8b06873
CT-NEDLAMONT-EO-7F,CT,Ned Lamont,7F,executive_order,extension,"Takes several emergency actions in response to the COVID-19 outbreak and the governor's civil preparedness and public health declarations, including: Closure of large, indoor shopping malls; Closure of places of public amusement; Expansion of Medicaid telehealth coverage to audio-only telephone; Waiver of in-person service, gearing, and screening requirements for facilities that have issued orders limiting visitor access; and Continuation of classes and programming at certain schools operated within DOC, DCF, and DMHAS.",2020-03-18,2020-06-16,False,governor_executive_order_archive,pdf,https://portal.ct.gov/governor/governors-actions/executive-orders,https://portal.ct.gov/governor/-/media/office-of-the-governor/executive-orders/lamont-executive-orders/executive-order-no-7f.pdf?rev=0034fbdb6ad640b99c4ff9510a8eb762
CT-NEDLAMONT-EO-7E,CT,Ned Lamont,7E,executive_order,amendment,"Takes several emergency actions in response to the COVID-19 outbreak and the governor's civil preparedness and public health declarations, including: Further modification of 180-day school year requirement; Suspension of required fingerprinting availability at police departments; Extension of time period for DESPP permits; Suspension of the immediate recoupment of DSS public assistance benefit overpayments; and Suspension of in-person hearing attendance at DSS fair hearings.",2020-03-17,2020-06-09,False,governor_executive_order_archive,pdf,https://portal.ct.gov/governor/governors-actions/executive-orders,https://portal.ct.gov/governor/-/media/office-of-the-governor/executive-orders/lamont-executive-orders/executive-order-no-7e.pdf?rev=3601fba470ca424ea289e59d5f5cd461
CT-NEDLAMONT-EO-7D,CT,Ned Lamont,7D,executive_order,administrative,"Takes several emergency actions in response to the COVID-19 outbreak and the governor's civil preparedness and public health declarations, including: Further reduction of social and recreational gatherings to 50 people; Limits restaurant, bar, and private club operations to off-premise consumption of food and non-alcoholic beverages; Closure of off-track betting facility operations; and Closure of gym, sports, fitness, recreation facilities, and movie theaters.",2020-03-16,2020-05-18,False,governor_executive_order_archive,pdf,https://portal.ct.gov/governor/governors-actions/executive-orders,https://portal.ct.gov/governor/-/media/office-of-the-governor/executive-orders/lamont-executive-orders/executive-order-no-7d.pdf?rev=b51b6a1f1a1e4750af2fb40af150ba8f
CT-NEDLAMONT-EO-7C,CT,Ned Lamont,7C,executive_order,extension,"Takes several emergency actions in response to the COVID-19 outbreak and the governor's civil preparedness and public health declarations, including: Cancellation of classes at all public schools; Flexibility of graduation requirements and prescribed courses of study; Flexibility for educator prep programs; Flexibility for educator certification timelines, educator evaluations, and school in-services; Extension of municipal budget adoption deadlines; Extension of regional board of education budget adoption deadlines; Remote conduct of DMV operations; Limits on visitors to facilities that treat persons with psychiatric disabilities; Limits on visitors to the Southbury Training School; and COVID-19 information sharing between facilities that treat persons with psychiatric disabilities, DPH, and local health directors.",2020-03-15,,False,governor_executive_order_archive,pdf,https://portal.ct.gov/governor/governors-actions/executive-orders,https://portal.ct.gov/governor/-/media/office-of-the-governor/executive-orders/lamont-executive-orders/executive-order-no-7c.pdf?rev=fe6c0e3e80b24b2b89463b74bba2c9eb
CT-NEDLAMONT-EO-7B,CT,Ned Lamont,7B,executive_order,administrative,"Takes several emergency actions in response to the COVID-19 outbreak and the governor's civil preparedness and public health declarations, including: Suspension of in-person open meeting requirements; Waiver of manufacturer registration requirement for hand sanitizer; Suspension of garbing Requirements for non-hazardous compounding of sterile pharmaceuticals; Refunds certain liquor license application fees permissible; Waiver of face-to-face interview requirements for Temporary Family Assistance; Flexibility to maintain adequate childcare resources; and Flexibility to provide for adequate healthcare resources and facilities.",2020-03-14,,False,governor_executive_order_archive,pdf,https://portal.ct.gov/governor/governors-actions/executive-orders,https://portal.ct.gov/governor/-/media/office-of-the-governor/executive-orders/lamont-executive-orders/executive-order-no-7b.pdf?rev=bdbe18adf9bc44aa980f20080f39c2a1
CT-NEDLAMONT-EO-7A,CT,Ned Lamont,7A,executive_order,administrative,"Takes several emergency actions in response to the COVID-19 outbreak and the governor's civil preparedness and public health declarations, including: Grants the commissioner of the Department of Public Health the authority to restrict visitation at nursing homes and similar facilities.",2020-03-13,,False,governor_executive_order_archive,pdf,https://portal.ct.gov/governor/governors-actions/executive-orders,https://portal.ct.gov/governor/-/media/office-of-the-governor/executive-orders/lamont-executive-orders/executive-order-no-7a.pdf?rev=529d2c17fb2041a292f72785f7f80dad
CT-NEDLAMONT-EO-7,CT,Ned Lamont,7,executive_order,extension,"Takes several emergency actions in response to the COVID-19 outbreak and the governor's civil preparedness and public health declarations, including: limiting the size of gatherings to 250 people, waiving the 180-day school year requirement, clarifying nursing home visitation restrictions, authorizing DMV to extend renewal deadlines, and relaxing attendance rules for police academy trainees.",2020-03-12,,False,governor_executive_order_archive,pdf,https://portal.ct.gov/governor/governors-actions/executive-orders,https://portal.ct.gov/governor/-/media/office-of-the-governor/executive-orders/lamont-executive-orders/executive-order-no-7.pdf?rev=0b0f1b2cf80d4fd1951793378746d30d
CT-NEDLAMONT-EO-6,CT,Ned Lamont,6,executive_order,administrative,Directs the Department of Social Services to improve public transparency of Medicaid costs and quality.,2020-01-22,,False,governor_executive_order_archive,pdf,https://portal.ct.gov/governor/governors-actions/executive-orders,https://portal.ct.gov/governor/-/media/office-of-the-governor/executive-orders/lamont-executive-orders/executive-order-no-6.pdf?rev=8915cb95a5b84e58afdf7c1a9e1ab9a2
CT-NEDLAMONT-EO-5,CT,Ned Lamont,5,executive_order,administrative,Directs the Office of Health Strategy to establish statewide healthcare cost growth and quality benchmarks and a primary care spending target.,2020-01-22,,False,governor_executive_order_archive,pdf,https://portal.ct.gov/governor/governors-actions/executive-orders,https://portal.ct.gov/governor/-/media/office-of-the-governor/executive-orders/lamont-executive-orders/executive-order-no-5.pdf?rev=ef38d07e8ca848ae9f162e4557961dac
CT-NEDLAMONT-EO-4,CT,Ned Lamont,4,executive_order,administrative,Forms the Governor's Workforce Council and tasks it with coordinating the state's workforce training initiatives to meet the needs of 21st century jobs.,2019-10-29,,False,governor_executive_order_archive,pdf,https://portal.ct.gov/governor/governors-actions/executive-orders,https://portal.ct.gov/governor/-/media/office-of-the-governor/executive-orders/lamont-executive-orders/executive-order-no-4.pdf?rev=4d8b1dca91d541f6bbcd48757a2b51d4
CT-NEDLAMONT-EO-3,CT,Ned Lamont,3,executive_order,administrative,"Expands the responsibilities of the Governor's Council on Climate Change, increases its membership, and directs the Department of Energy and Environmental Protection to evaluate pathways to transition to a 100 percent clean energy grid by 2040.",2019-09-03,,False,governor_executive_order_archive,pdf,https://portal.ct.gov/governor/governors-actions/executive-orders,https://portal.ct.gov/governor/-/media/office-of-the-governor/executive-orders/lamont-executive-orders/executive-order-no-3.pdf?rev=fedc6db7094842a9ab4fe6d1620ad1f0
CT-NEDLAMONT-EO-2,CT,Ned Lamont,2,executive_order,administrative,"Directs the execution of a human resources centralization plan in order to provide state government with the highest quality human resources services at the lowest possible cost, and further the uniform administration of processes, systems, and functions among state agencies.",2019-07-31,,False,governor_executive_order_archive,pdf,https://portal.ct.gov/governor/governors-actions/executive-orders,https://portal.ct.gov/governor/-/media/office-of-the-governor/executive-orders/lamont-executive-orders/executive-order-no-2.pdf?rev=d5c241d108704d8da7f42b20a8dd3969
CT-NEDLAMONT-EO-1,CT,Ned Lamont,1,executive_order,administrative,Directs executive branch state office buildings and vehicle fleets to become greener and more energy efficient through an expanded “Lead By Example” sustainability initiative aimed at reducing the state’s carbon footprint and reducing the cost of government operations.,2019-04-24,,False,governor_executive_order_archive,pdf,https://portal.ct.gov/governor/governors-actions/executive-orders,https://portal.ct.gov/governor/-/media/office-of-the-governor/executive-orders/lamont-executive-orders/executive-order-no-1.pdf?rev=7ff9d8e16336427b9d81f4a3336e3fab
CT-DANNELMALLOY-EO-68,CT,Dannel Malloy,68,executive_order,administrative,"Declares December 5, 2018 a Day of Remembrance to honor the life and service of President George H.W. Bush and asks Connecticut residents to observe a minute of silence at 10:00 a.m. on that day.",2018-12-04,,False,governor_executive_order_archive,pdf,https://portal.ct.gov/governor/governors-actions/executive-orders,https://portal.ct.gov/governor/-/media/office-of-the-governor/executive-orders/others/governor-dannel-p-malloy--executive-order-no-68.pdf?rev=9839ec0064fd45f9ad8975df8d5af6fc
CT-DANNELMALLOY-EO-67,CT,Dannel Malloy,67,executive_order,administrative,Directs state agencies to conduct a comprehensive assessment on implementing a new funding plan for Connecticut’s transportation system.,2018-07-17,,False,governor_executive_order_archive,pdf,https://portal.ct.gov/governor/governors-actions/executive-orders,https://portal.ct.gov/governor/-/media/office-of-the-governor/executive-orders/others/governor-dannel-p-malloy--executive-order-no-67.pdf?rev=2b2fc39cb66245398a1f2b9e82cbbdd5
CT-DANNELMALLOY-EO-66,CT,Dannel Malloy,66,executive_order,administrative,Directs the state’s Water Planning Council to implement the State Water Plan.,2018-06-14,,False,governor_executive_order_archive,pdf,https://portal.ct.gov/governor/governors-actions/executive-orders,https://portal.ct.gov/governor/-/media/office-of-the-governor/executive-orders/others/governor-dannel-p-malloy--executive-order-no-66.pdf?rev=05a6e39293cf47ee8050c6934e70e0b2
CT-PROC-2018-05-15,CT,Dannel Malloy,,emergency_proclamation,declaration,Tornadoes and Severe Storms,2018-05-15,,True,demhs_civil_preparedness_emergencies,pdf,https://portal.ct.gov/demhs/emergency-management/legal-resources/civil-preparedness-emergency,https://portal.ct.gov/demhs/-/media/demhs/_docs/program-and-unit-forms---advisories/legal/governors-declarations/govdec88-008-tornadoesseverestorms.pdf?rev=be16e110555f4a66bc2fb172b2e67ce4&hash=E8E0E0C232D8BCFE54450D2E4AA5552C
CT-DANNELMALLOY-EO-65,CT,Dannel Malloy,65,executive_order,amendment,"Modifies the terminology used to describe the designation levels of executive branch state employees during weather-related and other emergency situations to ""Level 1"" and ""Level 2"" employees.",2018-03-21,,False,governor_executive_order_archive,pdf,https://portal.ct.gov/governor/governors-actions/executive-orders,https://portal.ct.gov/governor/-/media/office-of-the-governor/executive-orders/others/governor-dannel-p-malloy--executive-order-no-65.pdf?rev=3a0098f58a8b432d82d4b350e4a7a390
CT-PROC-2018-03-07,CT,Dannel Malloy,,emergency_proclamation,declaration,Winter Storm 2018 (Highway Ban),2018-03-07,,True,demhs_civil_preparedness_emergencies,pdf,https://portal.ct.gov/demhs/emergency-management/legal-resources/civil-preparedness-emergency,https://portal.ct.gov/demhs/-/media/demhs/_docs/program-and-unit-forms---advisories/legal/governors-declarations/govdec88-007-winterstorm2018-highway-ban.pdf
CT-DANNELMALLOY-EO-64,CT,Dannel Malloy,64,executive_order,administrative,"Directs the creation of an analysis to review the potential methods and requirements needed to implement voting by mail for all local, state, and federal elections in Connecticut.",2018-02-07,,False,governor_executive_order_archive,pdf,https://portal.ct.gov/governor/governors-actions/executive-orders,https://portal.ct.gov/governor/-/media/office-of-the-governor/executive-orders/others/governor-dannel-p-malloy--executive-order-no-64.pdf?rev=e56c76b9b7ac4651a90cb2d62a2f8f99
CT-DANNELMALLOY-EO-63,CT,Dannel Malloy,63,executive_order,administrative,Designates Whiting Forensic Hospital as a separate entity from Connecticut Valley Hospital.,2018-01-02,,False,governor_executive_order_archive,pdf,https://portal.ct.gov/governor/governors-actions/executive-orders,https://portal.ct.gov/governor/-/media/office-of-the-governor/executive-orders/others/governor-dannel-p-malloy--executive-order-no-63.pdf?rev=57f6a282722146c7b21c5d55bbe96724
CT-DANNELMALLOY-EO-62,CT,Dannel Malloy,62,executive_order,administrative,Directs state agencies to conduct a review of policies and procedures regarding harassment in the workplace.,2017-12-26,,False,governor_executive_order_archive,pdf,https://portal.ct.gov/governor/governors-actions/executive-orders,https://portal.ct.gov/governor/-/media/office-of-the-governor/executive-orders/others/governor-dannel-p-malloy--executive-order-no-62.pdf?rev=59017a73dd54402e87c8191e71766fea
CT-DANNELMALLOY-EO-61,CT,Dannel Malloy,61,executive_order,termination,Repeals Governor Rell’s Executive Order No. 19 and implements the Office of Policy and Management’s new information technology procurement policy as required by state statute.,2017-12-13,,False,governor_executive_order_archive,pdf,https://portal.ct.gov/governor/governors-actions/executive-orders,https://portal.ct.gov/governor/-/media/office-of-the-governor/executive-orders/others/governor-dannel-p-malloy--executive-order-no-61.pdf?rev=b082de96a4ed439b928f39fd39e6da60
CT-DANNELMALLOY-EO-60,CT,Dannel Malloy,60,executive_order,administrative,Reinforces the state’s nondiscrimination policies within the Connecticut Military Department.,2017-07-26,,False,governor_executive_order_archive,pdf,https://portal.ct.gov/governor/governors-actions/executive-orders,https://portal.ct.gov/governor/-/media/office-of-the-governor/executive-orders/others/governor-dannel-p-malloy--executive-order-no-60.pdf?rev=dba8e91cbc804a70a67a650497fdd142
CT-DANNELMALLOY-EO-59,CT,Dannel Malloy,59,executive_order,administrative,Directs the relevant state agencies to conduct a resource assessment to evaluate the current and projected economic viability for the continued operation of the Millstone nuclear generating facilities in order for the state to determine a path forward that best benefits the residents of Connecticut.,2017-07-25,,False,governor_executive_order_archive,pdf,https://portal.ct.gov/governor/governors-actions/executive-orders,https://portal.ct.gov/governor/-/media/office-of-the-governor/executive-orders/others/governor-dannel-p-malloy--executive-order-no-59.pdf?rev=8358271ae0b649ab91b509418cefb8b9
CT-DANNELMALLOY-EO-58,CT,Dannel Malloy,58,executive_order,administrative,"Continues operation of essential functions of state government in the absence of an approved appropriations act for the fiscal year commencing July 1, 2017.",2017-06-30,,False,governor_executive_order_archive,pdf,https://portal.ct.gov/governor/governors-actions/executive-orders,https://portal.ct.gov/governor/-/media/office-of-the-governor/executive-orders/others/governor-dannel-p-malloy--executive-order-no-58.pdf?rev=36f42903f3dd44aca944ace9299eec35
CT-DANNELMALLOY-EO-57,CT,Dannel Malloy,57,executive_order,administrative,Transfers the Independent Mortality Review Board and the Fatality Review Board from the Office of Protection and Advocacy for Persons with Disabilities to the Department of Developmental Services.,2017-03-17,,False,governor_executive_order_archive,pdf,https://portal.ct.gov/governor/governors-actions/executive-orders,https://portal.ct.gov/governor/-/media/office-of-the-governor/executive-orders/others/governor-dannel-p-malloy--executive-order-no-57.pdf?rev=361ea94f27c642958ae0c70706871c8a
CT-PROC-2017-03-13,CT,Dannel Malloy,,emergency_proclamation,declaration,Winter Storm/Blizzard 2017,2017-03-13,,True,demhs_civil_preparedness_emergencies,pdf,https://portal.ct.gov/demhs/emergency-management/legal-resources/civil-preparedness-emergency,https://portal.ct.gov/demhs/-/media/demhs/_docs/program-and-unit-forms---advisories/legal/governors-declarations/govdec88-006-winterstormblizzard2017.pdf?rev=c34561b34169484abff1a45fa15433da&hash=DCD84EA0EC7EE4179308AF0B2B7C765F
CT-DANNELMALLOY-EO-56,CT,Dannel Malloy,56,executive_order,administrative,"Affirms the protection of students from discrimination based on sex, including gender identity or expression, and directs the State Department of Education, the Board of Regents, and the University of Connecticut to develop guidance and policies consistent with Connecticut laws on this matter.",2017-02-23,,False,governor_executive_order_archive,pdf,https://portal.ct.gov/governor/governors-actions/executive-orders,https://portal.ct.gov/governor/-/media/office-of-the-governor/executive-orders/others/governor-dannel-p-malloy--executive-order-no-56.pdf?rev=5da82d03e3e343a9854b87d1483f34ef
CT-DANNELMALLOY-EO-51A,CT,Dannel Malloy,51A,executive_order,amendment,"Makes modifications to Executive Order No. 51, which established the Certificate of Need Taskforce.",2016-09-07,,False,governor_executive_order_archive,pdf,https://portal.ct.gov/governor/governors-actions/executive-orders,https://portal.ct.gov/governor/-/media/office-of-the-governor/executive-orders/others/governor-dannel-p-malloy--executive-order-no-51a.pdf?rev=be669dd9b0fb49b88b0c61a6d88e158f
CT-DANNELMALLOY-EO-55,CT,Dannel Malloy,55,executive_order,administrative,Updates the nomination process for the Connecticut Veterans Hall of Fame.,2016-08-16,,False,governor_executive_order_archive,pdf,https://portal.ct.gov/governor/governors-actions/executive-orders,https://portal.ct.gov/governor/-/media/office-of-the-governor/executive-orders/others/governor-dannel-p-malloy--executive-order-no-55.pdf?rev=90b338a1f4aa4358bf96b7db4e89183e
CT-DANNELMALLOY-EO-54,CT,Dannel Malloy,54,executive_order,administrative,"Clarifies a section of Public Act 16-64, specifically regarding fees for state marshals and other professionals.",2016-05-31,,False,governor_executive_order_archive,pdf,https://portal.ct.gov/governor/governors-actions/executive-orders,https://portal.ct.gov/governor/-/media/office-of-the-governor/executive-orders/others/governor-dannel-p-malloy--executive-order-no-54.pdf?rev=718b6d26c67442b394437af91f0b2817
CT-DANNELMALLOY-EO-53,CT,Dannel Malloy,53,executive_order,amendment,"Directs the Department of Administrative Services, the Department of Energy and Environmental Protection, and the Insurance Department to work with the State Building Inspector to ensure that the next revision to the State Building Code contains standards that increase the resiliency of new and renovated homes and buildings.",2016-04-22,,False,governor_executive_order_archive,pdf,https://portal.ct.gov/governor/governors-actions/executive-orders,https://portal.ct.gov/governor/-/media/office-of-the-governor/executive-orders/others/governor-dannel-p-malloy--executive-order-no-53.pdf?rev=70fb53802fd64c76a2e896717317f455
CT-DANNELMALLOY-EO-51,CT,Dannel Malloy,51,executive_order,termination,"Establishes the Certificate of Need Taskforce to review of Connecticut’s laws and regulations surrounding processes on the establishment, termination, transfer, acquisition, and expansion of hospitals and medical service providers.",2016-02-25,,False,governor_executive_order_archive,pdf,https://portal.ct.gov/governor/governors-actions/executive-orders,https://portal.ct.gov/governor/-/media/office-of-the-governor/executive-orders/others/governor-dannel-p-malloy--executive-order-no-51.pdf?rev=fd2339d24dc14b0cacd4059bcd84f890
CT-DANNELMALLOY-EO-50,CT,Dannel Malloy,50,executive_order,administrative,"Establishes the State Agencies Fostering Resilience Council (""SAFR Council""), which is responsible for strengthening the state’s resiliency from extreme weather events.",2015-10-26,,False,governor_executive_order_archive,pdf,https://portal.ct.gov/governor/governors-actions/executive-orders,https://portal.ct.gov/governor/-/media/office-of-the-governor/executive-orders/others/governor-dannel-p-malloy--executive-order-no-50.pdf?rev=73552ffd351a4e0ab0b12498f0e914b7
CT-DANNELMALLOY-EO-48,CT,Dannel Malloy,48,executive_order,termination,"Ends the declaration of civil preparedness emergency signed on January 26, 2015, and rescinds Governor Malloy's Executive Order No. 43 and 44.",2015-05-22,,False,governor_executive_order_archive,pdf,https://portal.ct.gov/governor/governors-actions/executive-orders,https://portal.ct.gov/governor/-/media/office-of-the-governor/executive-orders/others/governor-dannel-p-malloy--executive-order-no-48.pdf?rev=9789b7c4be82478194db6bf4ff35a8d1
CT-DANNELMALLOY-EO-47,CT,Dannel Malloy,47,executive_order,termination,"Orders and directs all executive orders issued by previous governors repealed in their entirety, with the exception of ones outlined in the order, and directs all currently active executive orders to be published electronically on the Governor's website.",2015-04-24,,False,governor_executive_order_archive,pdf,https://portal.ct.gov/governor/governors-actions/executive-orders,https://portal.ct.gov/governor/-/media/office-of-the-governor/executive-orders/others/governor-dannel-p-malloy--executive-order-no-47.pdf?rev=c9bb0430ad474f96bd11512db0b2113a
CT-DANNELMALLOY-EO-46,CT,Dannel Malloy,46,executive_order,administrative,Establishes the Governor's Council on Climate Change to ensure that the state achieves its greenhouse gas emission targets.,2015-04-22,,False,governor_executive_order_archive,pdf,https://portal.ct.gov/governor/governors-actions/executive-orders,https://portal.ct.gov/governor/-/media/office-of-the-governor/executive-orders/others/governor-dannel-p-malloy--executive-order-no-46.pdf?rev=9063a3b7a6d84c829546f4a30293ac68
CT-DANNELMALLOY-EO-45,CT,Dannel Malloy,45,executive_order,administrative,"Directs all agencies, departments, boards and commissions, the University of Connecticut, and the Board of Regents to immediately review all requests for state-funded or state-sponsored travel to states that create the grounds for discrimination and to bar any such publicly funded travel unless necessary for the enforcement of state law, to meet contractual obligations, or for the protection of public health, welfare and safety.",2015-03-30,,False,governor_executive_order_archive,pdf,https://portal.ct.gov/governor/governors-actions/executive-orders,https://portal.ct.gov/governor/-/media/office-of-the-governor/executive-orders/others/governor-dannel-p-malloy--executive-order-no-45.pdf?rev=2d096f64e4d64ee6800389d5b5050eaa
CT-DANNELMALLOY-EO-44,CT,Dannel Malloy,44,executive_order,amendment,"Suspends and modifies specific statutes in response to the Governor's Declaration of Civil Preparedness Emergency due to severe winter weather that will result in extending the tax filing deadline from February 1, 2015 to February 3, 2015 for those that pay property taxes on a semi-annual or quarterly basis.",2015-02-02,,True,governor_executive_order_archive,pdf,https://portal.ct.gov/governor/governors-actions/executive-orders,https://portal.ct.gov/governor/-/media/office-of-the-governor/executive-orders/others/governor-dannel-p-malloy--executive-order-no-44.pdf?rev=e40301ea4aa94b7b928ddb551da9c24b
CT-PROC-2015-01-26,CT,Dannel Malloy,,emergency_proclamation,declaration,Winter Storm/Blizzard 2015,2015-01-26,,True,demhs_civil_preparedness_emergencies,pdf,https://portal.ct.gov/demhs/emergency-management/legal-resources/civil-preparedness-emergency,https://portal.ct.gov/demhs/-/media/demhs/_docs/program-and-unit-forms---advisories/legal/governors-declarations/govdec88-005--winterstormblizzard2015.pdf?rev=ab27fb3fc9e9422a879fbb4d5c1fa572&hash=F22B57A070F8F75C59A1B246CCCFBBAA
CT-DANNELMALLOY-EO-43,CT,Dannel Malloy,43,executive_order,amendment,"Suspends and modifies specific regulations in response to the Governor's Declaration of Civil Preparedness Emergency due to severe winter weather conditions signed on January 26, 2015 that will result in allowing emergency medical organizations to temporarily suspend transportation of patients in cases where it is determined that a transportation request is not sufficiently urgent to justify the risk of transport. Also suspends specific regulations to allow an emergency medical service provider to utilize a high clearance vehicle or other specialty vehicle to transport a patient if it is determined that the use of a basic ambulance would jeopardize the safety of the emergency medical responder and/or public.",2015-01-26,2015-05-22,True,governor_executive_order_archive,pdf,https://portal.ct.gov/governor/governors-actions/executive-orders,https://portal.ct.gov/governor/-/media/office-of-the-governor/executive-orders/others/governor-dannel-p-malloy--executive-order-no-43.pdf?rev=1bf40fd4c7f248d986f186d2be164d9d
CT-DANNELMALLOY-EO-41,CT,Dannel Malloy,41,executive_order,administrative,"Establishes the Educators’ Common Core Implementation Taskforce – a group that will be comprised of teachers, parents and administrators with the goal of identifying challenges and gaps in Common Core preparation, and making recommendations on improving the quality and consistency of its implementation.",2014-03-11,,False,governor_executive_order_archive,pdf,https://portal.ct.gov/governor/governors-actions/executive-orders,https://portal.ct.gov/governor/-/media/office-of-the-governor/executive-orders/others/governor-dannel-p-malloy--executive-order-no-41.pdf?rev=1b90006e99714925bd49381d5b1c40f4
CT-DANNELMALLOY-EO-40,CT,Dannel Malloy,40,executive_order,administrative,"Creates the Affordable Housing Energy Efficiency Program, which will utilize federal American Recovery and Reinvestment Act funding to improve and increase the energy efficiency of multifamily housing in Connecticut in an effort to bring down energy costs for residents while also advancing conservation efforts.",2014-03-07,,False,governor_executive_order_archive,pdf,https://portal.ct.gov/governor/governors-actions/executive-orders,https://portal.ct.gov/governor/-/media/office-of-the-governor/executive-orders/others/governor-dannel-p-malloy--executive-order-no-40.pdf?rev=313536f9d3654d65921e0c43e486d71e
CT-DANNELMALLOY-EO-39,CT,Dannel Malloy,39,executive_order,administrative,"Orders the creation of the Connecticut Open Data Portal, which will result in widespread amounts of raw government data to be collected, placed on the internet, and shared with the public in a major effort to increase transparency and provide a useful database that can be utilized by residents for any number of purposes.",2014-02-20,,False,governor_executive_order_archive,pdf,https://portal.ct.gov/governor/governors-actions/executive-orders,https://portal.ct.gov/governor/-/media/office-of-the-governor/executive-orders/others/governor-dannel-p-malloy--executive-order-no-39.pdf?rev=d17f8d2996d24e80bf5074f124e6abbe
CT-DANNELMALLOY-EO-38,CT,Dannel Malloy,38,executive_order,administrative,Orders the establishment of a searchable electronic database by the Department of Economic and Community Development containing information regarding certain economic assistance and tax credits that were utilized for the purpose of recruitment or retention of businesses. It also directs the commissioner of the Department of Revenue Services to provide a report indicating the aggregate amounts of credits claimed in the previous fiscal year as well as those that are carried forward to offset future tax liabilities.,2013-12-03,,False,governor_executive_order_archive,pdf,https://portal.ct.gov/governor/governors-actions/executive-orders,https://portal.ct.gov/governor/-/media/office-of-the-governor/executive-orders/others/governor-dannel-p-malloy--executive-order-no-38.pdf?rev=72fb82cb23d64c1191f47c4969a6e959
CT-DANNELMALLOY-EO-37,CT,Dannel Malloy,37,executive_order,administrative,"Orders a review of all state regulations more than four years old and invites the public to identify regulations that are obsolete, duplicative, excessively burdensome, or otherwise ineffective or unnecessary. It also establishes principles of smart, cost-effective, accessible and transparent regulations for future agency endeavors.",2013-10-16,,False,governor_executive_order_archive,pdf,https://portal.ct.gov/governor/governors-actions/executive-orders,https://portal.ct.gov/governor/-/media/office-of-the-governor/executive-orders/others/governor-dannel-p-malloy--executive-order-no-37.pdf?rev=c9f801aac6e341598e68f208d160311b
CT-DANNELMALLOY-EO-36,CT,Dannel Malloy,36,executive_order,administrative,"Streamlines the process for veterans of the United States military when seeking to obtain occupational certifications and licenses, and simplifies the process for awarding college credit to veterans for military education.",2013-09-23,,False,governor_executive_order_archive,pdf,https://portal.ct.gov/governor/governors-actions/executive-orders,https://portal.ct.gov/governor/-/media/office-of-the-governor/executive-orders/others/governor-dannel-p-malloy--executive-order-no-36.pdf?rev=825cb0a848664b429c3c59c7bfb84931
CT-DANNELMALLOY-EO-35,CT,Dannel Malloy,35,executive_order,administrative,Recognizes the Office of Early Childhood as the office responsible for coordinating and improving the delivery of early childhood services for Connecticut children.,2013-06-24,,False,governor_executive_order_archive,pdf,https://portal.ct.gov/governor/governors-actions/executive-orders,https://portal.ct.gov/governor/-/media/office-of-the-governor/executive-orders/others/governor-dannel-p-malloy--executive-order-no-35.pdf?rev=a33ca3e86ae14b6b9a6f36a60948e34c
CT-DANNELMALLOY-EO-34,CT,Dannel Malloy,34,executive_order,administrative,Directs state agencies to comply with the National Incident Management System.,2013-06-12,,False,governor_executive_order_archive,pdf,https://portal.ct.gov/governor/governors-actions/executive-orders,https://portal.ct.gov/governor/-/media/office-of-the-governor/executive-orders/others/governor-dannel-p-malloy--executive-order-no-34.pdf?rev=e29bbf0449e1417f8bc366c822bbd769
CT-DANNELMALLOY-EO-33,CT,Dannel Malloy,33,executive_order,termination,"Ends the declarations of civil preparedness emergency signed on October 27, 2012 and February 8, 2013, and rescinds Executive Orders No. 21-28 and 30.",2013-03-18,,False,governor_executive_order_archive,pdf,https://portal.ct.gov/governor/governors-actions/executive-orders,https://portal.ct.gov/governor/-/media/office-of-the-governor/executive-orders/others/governor-dannel-p-malloy--executive-order-no-33.pdf?rev=f86e582e3e974f6b8c94e06f02e63dde
CT-DANNELMALLOY-EO-32,CT,Dannel Malloy,32,executive_order,termination,Rescinds remaining sections of Gov. Malloy's Executive Order No. 30.,2013-02-27,,False,governor_executive_order_archive,pdf,https://portal.ct.gov/governor/governors-actions/executive-orders,https://portal.ct.gov/governor/-/media/office-of-the-governor/executive-orders/others/governor-dannel-p-malloy--executive-order-no-32.pdf?rev=8d12f7ddc62f41a2925823cf826ebd56
CT-DANNELMALLOY-EO-31,CT,Dannel Malloy,31,executive_order,termination,Rescinds certain sections of Gov. Malloy's Executive Order No. 30.,2013-02-10,,False,governor_executive_order_archive,pdf,https://portal.ct.gov/governor/governors-actions/executive-orders,https://portal.ct.gov/governor/-/media/office-of-the-governor/executive-orders/others/governor-dannel-p-malloy--executive-order-no-31.pdf?rev=ec25d9e1ae9f484889a42a9070ad4886
CT-DANNELMALLOY-EO-30,CT,Dannel Malloy,30,executive_order,amendment,"Suspends and modifies specific regulations in response to the Governor's Declaration of Civil Preparedness Emergency due to severe winter weather conditions signed on February 8, 2013 that will result in allowing emergency medical organizations to temporarily suspend transportation of patients in cases where it is determined that a transportation request is not sufficiently urgent to justify the risk of transport. Also suspends specific regulations to allow an emergency medical service provider to utilize a high clearance vehicle or other specialty vehicle to transport a patient if it is determined that the use of a basic ambulance would jeopardize the safety of the emergency medical responder and/or public.",2013-02-09,2013-02-10,True,governor_executive_order_archive,pdf,https://portal.ct.gov/governor/governors-actions/executive-orders,https://portal.ct.gov/governor/-/media/office-of-the-governor/executive-orders/others/governor-dannel-p-malloy--executive-order-no-30.pdf?rev=dca5cf71702e4b1f9ff77ef9976285ab
CT-PROC-2013-02-08,CT,Dannel Malloy,,emergency_proclamation,declaration,Winter Storm/Blizzard 2013,2013-02-08,,True,demhs_civil_preparedness_emergencies,pdf,https://portal.ct.gov/demhs/emergency-management/legal-resources/civil-preparedness-emergency,https://portal.ct.gov/demhs/-/media/demhs/_docs/program-and-unit-forms---advisories/legal/governors-declarations/govdec88-004-blizzard-2013.pdf?rev=3da5f25038a045a4bb8fd2b2c2635661&hash=7E18D17210EBCAC6EA426F617D9BE73C
CT-DANNELMALLOY-EO-29,CT,Dannel Malloy,29,executive_order,amendment,Suspends and modifies specific statutes to permit the Town of Newtown and the Town of Monroe to enter into an agreement that will immediately allow Newtown’s Sandy Hook Elementary School to temporarily utilize Monroe’s Chalk Hill Middle School building for its classes.,2012-12-17,,False,governor_executive_order_archive,pdf,https://portal.ct.gov/governor/governors-actions/executive-orders,https://portal.ct.gov/governor/-/media/office-of-the-governor/executive-orders/others/governor-dannel-p-malloy--executive-order-no-29.pdf?rev=08539d800e3e4334893a6cbdf2fbae82
CT-DANNELMALLOY-EO-28,CT,Dannel Malloy,28,executive_order,amendment,"Suspends and modifies specific statutes in response to the Governor's Declaration of Civil Preparedness Emergency for Hurricane Sandy signed on October 27, 2012 that will result in extending the 120-day temporary practice provision by 30 days for physical therapist assistant candidates who had been scheduled to take the October 30, 2012 licensure examination, which was postponed due to the storm.",2012-11-05,,True,governor_executive_order_archive,pdf,https://portal.ct.gov/governor/governors-actions/executive-orders,https://portal.ct.gov/governor/-/media/office-of-the-governor/executive-orders/others/governor-dannel-p-malloy--executive-order-no-28.pdf?rev=fe39c8326d6645c6854cb03186b2b828
CT-DANNELMALLOY-EO-27,CT,Dannel Malloy,27,executive_order,amendment,"Suspends and modifies specific statutes in response to the Governor's Declaration of Civil Preparedness Emergency for Hurricane Sandy signed on October 27, 2012 that will result in allowing any propane supplier to respond to a request to fill a propane tank irrespective of whether they are the owner of the tank.",2012-11-02,,True,governor_executive_order_archive,pdf,https://portal.ct.gov/governor/governors-actions/executive-orders,https://portal.ct.gov/governor/-/media/office-of-the-governor/executive-orders/others/governor-dannel-p-malloy--executive-order-no-27.pdf?rev=2a7dbecc26914869964428b8d155706f
CT-DANNELMALLOY-EO-26,CT,Dannel Malloy,26,executive_order,amendment,"Suspends and modifies specific statutes in response to the Governor's Declaration of Civil Preparedness Emergency for Hurricane Sandy signed on October 27, 2012 that will result in extending the tax filing deadline from October 31, 2012 to November 15, 2012 for those that pay property taxes on a quarterly basis.",2012-10-31,,True,governor_executive_order_archive,pdf,https://portal.ct.gov/governor/governors-actions/executive-orders,https://portal.ct.gov/governor/-/media/office-of-the-governor/executive-orders/others/governor-dannel-p-malloy--executive-order-no-26.pdf?rev=3e110e1752e24429850b19911f7dbc8b
CT-DANNELMALLOY-EO-25,CT,Dannel Malloy,25,executive_order,amendment,"Suspends and modifies specific statutes in response to the Governor's Declaration of Civil Preparedness Emergency for Hurricane Sandy signed on October 27, 2012 that will result in extending the deadline to file certain property tax exemption applications relating to farm machinery, classification of land as farmland, forest land, and open space land, and various other property tax exemptions listed in Section 12-81 of the General Statutes. Property tax exemptions normally filed by November 1, 2012 may be filed by November 15, 2012.",2012-10-28,,True,governor_executive_order_archive,pdf,https://portal.ct.gov/governor/governors-actions/executive-orders,https://portal.ct.gov/governor/-/media/office-of-the-governor/executive-orders/others/governor-dannel-p-malloy--executive-order-no-25.pdf?rev=78be0037bfc94760aeb242d40edfacaa
CT-DANNELMALLOY-EO-24,CT,Dannel Malloy,24,executive_order,amendment,"Suspends and modifies specific statutes in response to the Governor's Declaration of Civil Preparedness Emergency for Hurricane Sandy signed on October 27, 2012 that will result in extending from November 1, 2012 to November 15, 2012 the personal property tax declaration filed by businesses in Connecticut.",2012-10-28,,True,governor_executive_order_archive,pdf,https://portal.ct.gov/governor/governors-actions/executive-orders,https://portal.ct.gov/governor/-/media/office-of-the-governor/executive-orders/others/governor-dannel-p-malloy--executive-order-no-24.pdf?rev=3be4612207d6462686c07e605c55bacb
CT-DANNELMALLOY-EO-23,CT,Dannel Malloy,23,executive_order,amendment,"Suspends and modifies specific statutes in response to the Governor's Declaration of Civil Preparedness Emergency for Hurricane Sandy signed on October 27, 2012 that will result in extending the deadline for employers to file unemployment tax filings and payments. Documents that normally would have to be filed by November 1, 2012 may be filed by November 15, 2012.",2012-10-28,,True,governor_executive_order_archive,pdf,https://portal.ct.gov/governor/governors-actions/executive-orders,https://portal.ct.gov/governor/-/media/office-of-the-governor/executive-orders/others/governor-dannel-p-malloy--executive-order-no-23.pdf?rev=f69ae67a32964e49b36f814594bf9b8c
CT-DANNELMALLOY-EO-22,CT,Dannel Malloy,22,executive_order,amendment,"Suspends and modifies specific statutes in response to the Governor's Declaration of Civil Preparedness Emergency for Hurricane Sandy signed on October 27, 2012, that will result in allowing properly credentialed out-of-state telecommunications electrical workers to perform work in the state that is normally performed only by Connecticut licensed Public Service Technicians.",2012-10-28,,True,governor_executive_order_archive,pdf,https://portal.ct.gov/governor/governors-actions/executive-orders,https://portal.ct.gov/governor/-/media/office-of-the-governor/executive-orders/others/governor-dannel-p-malloy--executive-order-no-22.pdf?rev=be4cc945704f41879a747cd1350c852d
CT-DANNELMALLOY-EO-21,CT,Dannel Malloy,21,executive_order,amendment,"Suspends and modifies specific statutes in response to the Governor's Declaration of Civil Preparedness Emergency for Hurricane Sandy signed on October 27, 2012, that will result in extension of the voter registration deadline for purposes of the November 6 election.",2012-10-28,,True,governor_executive_order_archive,pdf,https://portal.ct.gov/governor/governors-actions/executive-orders,https://portal.ct.gov/governor/-/media/office-of-the-governor/executive-orders/others/governor-dannel-p-malloy--executive-order-no-21.pdf?rev=3c6db8e786094983b8e4ec4d9314c41a
CT-PROC-2012-10-27,CT,Dannel Malloy,,emergency_proclamation,declaration,"""Superstorm"" Sandy",2012-10-27,,True,demhs_civil_preparedness_emergencies,pdf,https://portal.ct.gov/demhs/emergency-management/legal-resources/civil-preparedness-emergency,https://portal.ct.gov/demhs/-/media/demhs/_docs/program-and-unit-forms---advisories/legal/governors-declarations/govdec88-003-hurricane-sandy.pdf
CT-DANNELMALLOY-EO-20,CT,Dannel Malloy,20,executive_order,administrative,Revitalizes the objectives and updates the membership of the P-20 Council.,2012-10-17,,False,governor_executive_order_archive,pdf,https://portal.ct.gov/governor/governors-actions/executive-orders,https://portal.ct.gov/governor/-/media/office-of-the-governor/executive-orders/others/governor-dannel-p-malloy--executive-order-no-20.pdf?rev=5c3e87a06fac43e68527da28b5bee7ca
CT-DANNELMALLOY-EO-19,CT,Dannel Malloy,19,executive_order,administrative,Formally establishes the Connecticut Council on Developmental Disabilities.,2012-07-09,2017-12-13,False,governor_executive_order_archive,pdf,https://portal.ct.gov/governor/governors-actions/executive-orders,https://portal.ct.gov/governor/-/media/office-of-the-governor/executive-orders/others/governor-dannel-p-malloy--executive-order-no-19.pdf?rev=005abbda8076474986c0468e1a2798a5
CT-DANNELMALLOY-EO-18,CT,Dannel Malloy,18,executive_order,administrative,Authorizes the Department of Transportation to utilize the TWR program for certain snow removal and emergency operation efforts during the season’s winter months as a way of attaining certain efficiencies and budgetary savings.,2012-01-17,,True,governor_executive_order_archive,pdf,https://portal.ct.gov/governor/governors-actions/executive-orders,https://portal.ct.gov/governor/-/media/office-of-the-governor/executive-orders/others/governor-dannel-p-malloy--executive-order-no-18.pdf?rev=5cc30e70abbe4e1f8f532b299f26bf11
CT-DANNELMALLOY-EO-17,CT,Dannel Malloy,17,executive_order,administrative,"Establishes a Business Tax Policy Review Task Force to review the state's business tax policies to ensure that Connecticut is getting the maximum return on its investments, with an eye toward policies that will make the state even more competitive for future job growth.",2012-01-12,,False,governor_executive_order_archive,pdf,https://portal.ct.gov/governor/governors-actions/executive-orders,https://portal.ct.gov/governor/-/media/office-of-the-governor/executive-orders/others/governor-dannel-p-malloy--executive-order-no-17.pdf?rev=7d988e09dfb446939f3026bf0dc6c61a
CT-DANNELMALLOY-EO-16,CT,Dannel Malloy,16,executive_order,amendment,"Suspends and modifies specific statutes in response to the Governor's Declaration of Civil Preparedness Emergency signed on October 29, 2011, that will result in extension of the deadline by which certain property tax exemption applications and applications for open space classification must be filed.",2011-11-03,,False,governor_executive_order_archive,pdf,https://portal.ct.gov/governor/governors-actions/executive-orders,https://portal.ct.gov/governor/-/media/office-of-the-governor/executive-orders/others/governor-dannel-p-malloy--executive-order-no-16.pdf?rev=8a2d18138d514de39b4276cad5ca8c5e
CT-DANNELMALLOY-EO-15,CT,Dannel Malloy,15,executive_order,administrative,"Suspends specific regulations in response to the Governor's Declaration of Civil Preparedness Emergency signed on October 29, 2011, related to the distribution of propane fuel.",2011-11-03,,False,governor_executive_order_archive,pdf,https://portal.ct.gov/governor/governors-actions/executive-orders,https://portal.ct.gov/governor/-/media/office-of-the-governor/executive-orders/others/governor-dannel-p-malloy--executive-order-no-15.pdf?rev=608c5ed12e0d45b1b85cf46e78389b6d
CT-DANNELMALLOY-EO-14,CT,Dannel Malloy,14,executive_order,amendment,"Suspends and modifies specific statutes in response to the Governor's Declaration of Civil Preparedness Emergency signed on October 29, 2011, that will result in extension of the deadline by which unemployment insurance tax filings must be filed.",2011-11-02,,False,governor_executive_order_archive,pdf,https://portal.ct.gov/governor/governors-actions/executive-orders,https://portal.ct.gov/governor/-/media/office-of-the-governor/executive-orders/others/governor-dannel-p-malloy--executive-order-no-14.pdf?rev=257a6777b401434db3818d101eac7db5
CT-DANNELMALLOY-EO-13,CT,Dannel Malloy,13,executive_order,amendment,"Suspends and modifies specific statutes in response to the Governor's Declaration of Civil Preparedness Emergency signed on October 29, 2011, that will result in extension of the deadline by which personal property tax declarations must be filed.",2011-11-02,,False,governor_executive_order_archive,pdf,https://portal.ct.gov/governor/governors-actions/executive-orders,https://portal.ct.gov/governor/-/media/office-of-the-governor/executive-orders/others/governor-dannel-p-malloy--executive-order-no-13.pdf?rev=373cf1f7ee4f4810bbccb67a8728d36f
CT-DANNELMALLOY-EO-12,CT,Dannel Malloy,12,executive_order,amendment,"Suspends and modifies specific statutes in response to the Governor's Declaration of Civil Preparedness Emergency signed on October 29, 2011, that will result in extension of the voter registration deadline for purposes of the November 8 municipal elections.",2011-11-01,,False,governor_executive_order_archive,pdf,https://portal.ct.gov/governor/governors-actions/executive-orders,https://portal.ct.gov/governor/-/media/office-of-the-governor/executive-orders/others/governor-dannel-p-malloy--executive-order-no-12.pdf?rev=63cd3ce67c094a1dbec207d94e3df98c
CT-PROC-2011-10-29,CT,Dannel Malloy,,emergency_proclamation,declaration,Severe Winter Storms,2011-10-29,,False,demhs_civil_preparedness_emergencies,pdf,https://portal.ct.gov/demhs/emergency-management/legal-resources/civil-preparedness-emergency,https://portal.ct.gov/demhs/-/media/demhs/_docs/program-and-unit-forms---advisories/legal/governors-declarations/govdec88-002--winter-storm.pdf?rev=4695a62e7f68445abd871b5b9e5515d8&hash=9FF94607AEDCE87669102FEBE7538395
CT-DANNELMALLOY-EO-11,CT,Dannel Malloy,11,executive_order,administrative,"Establishes an Early Childhood Office within the Office of Policy and Management to plan for and develop a coordinated, comprehensive and aligned system of early care, education and child development.",2011-10-17,,False,governor_executive_order_archive,pdf,https://portal.ct.gov/governor/governors-actions/executive-orders,https://portal.ct.gov/governor/-/media/office-of-the-governor/executive-orders/others/governor-dannel-p-malloy--executive-order-no-11.pdf?rev=7e43ba08ab7f40268c2d9029cab246e0
CT-DANNELMALLOY-EO-9,CT,Dannel Malloy,9,executive_order,administrative,"Allows certain family child care providers who receive subsidies through the Care 4 Kids program run by the Department of Social Services to elect a ""majority representative"" to have non-binding discussions with DSS.",2011-09-21,,False,governor_executive_order_archive,pdf,https://portal.ct.gov/governor/governors-actions/executive-orders,https://portal.ct.gov/governor/-/media/office-of-the-governor/executive-orders/others/governor-dannel-p-malloy--executive-order-no-9.pdf?rev=408957a237af4a568506882dcd60f516
CT-DANNELMALLOY-EO-10,CT,Dannel Malloy,10,executive_order,administrative,"Establishes a seven-member Personal Care Attendant Quality Home Care Workforce Council tasked with studying issues related to retention, training, and compensation for personal care attendants.",2011-09-21,,False,governor_executive_order_archive,pdf,https://portal.ct.gov/governor/governors-actions/executive-orders,https://portal.ct.gov/governor/-/media/office-of-the-governor/executive-orders/others/governor-dannel-p-malloy--executive-order-no-10.pdf?rev=50b11abbb961425ba8a3b522781dcae0
CT-DANNELMALLOY-EO-8,CT,Dannel Malloy,8,executive_order,termination,"Terminates the Declaration of Civil Preparedness Emergency signed by Governor Malloy on August 25, 2011 in response to Hurricane Irene and also rescinds his Executive Orders No. 6 and 7.",2011-09-14,,True,governor_executive_order_archive,pdf,https://portal.ct.gov/governor/governors-actions/executive-orders,https://portal.ct.gov/governor/-/media/office-of-the-governor/executive-orders/others/governor-dannel-p-malloy--executive-order-no-8.pdf?rev=bde72939d9f3444381ba9d1ddd3f7258
CT-DANNELMALLOY-EO-7,CT,Dannel Malloy,7,executive_order,administrative,Suspends a statute related to trailer-mounted generators in response to Hurricane Irene.,2011-09-01,,True,governor_executive_order_archive,pdf,https://portal.ct.gov/governor/governors-actions/executive-orders,https://portal.ct.gov/governor/-/media/office-of-the-governor/executive-orders/others/governor-dannel-p-malloy--executive-order-no-7.pdf?rev=2c23511d25534689a0b61218a2bbfe6d
CT-DANNELMALLOY-EO-6,CT,Dannel Malloy,6,executive_order,administrative,Suspends specific statutes regarding emergency equipment and services in response to Hurricane Irene.,2011-08-27,,True,governor_executive_order_archive,pdf,https://portal.ct.gov/governor/governors-actions/executive-orders,https://portal.ct.gov/governor/-/media/office-of-the-governor/executive-orders/others/governor-dannel-p-malloy--executive-order-no-6.pdf?rev=750c9f6b9b9e4b9ebdef3167cefb702c
CT-PROC-2011-08-25,CT,Dannel Malloy,,emergency_proclamation,declaration,Hurricane Irene,2011-08-25,,True,demhs_civil_preparedness_emergencies,pdf,https://portal.ct.gov/demhs/emergency-management/legal-resources/civil-preparedness-emergency,https://portal.ct.gov/demhs/-/media/demhs/_docs/program-and-unit-forms---advisories/legal/governors-declarations/govdec88-001--hurricaneirene.pdf?rev=bfdaf788a9d24640842ca0329ac9d508&hash=A6D9F33CDB5FE65F9BED7FB4E8AD99BD
CT-DANNELMALLOY-EO-5,CT,Dannel Malloy,5,executive_order,administrative,Orders state commissioners to examine all existing agency contracts with vendors and service providers to determine whether they reflect the best available price for goods and services.,2011-05-31,,False,governor_executive_order_archive,pdf,https://portal.ct.gov/governor/governors-actions/executive-orders,https://portal.ct.gov/governor/-/media/office-of-the-governor/executive-orders/others/governor-dannel-p-malloy--executive-order-no-5.pdf?rev=dff5a170db0c420da9f0f2d3381d8832
CT-DANNELMALLOY-EO-4,CT,Dannel Malloy,4,executive_order,termination,"Repeals Gov. Rell's Executive Order No. 25A, establishing procedural mechanisms within the Governor's Office to administer funding and reporting required under the American Recovery and Reinvestment Act of 2009.",2011-02-02,,False,governor_executive_order_archive,pdf,https://portal.ct.gov/governor/governors-actions/executive-orders,https://portal.ct.gov/governor/-/media/office-of-the-governor/executive-orders/others/governor-dannel-p-malloy--executive-order-no-4.pdf?rev=35b9c26905e2400bb0edd4920a0d7b99
CT-DANNELMALLOY-EO-3,CT,Dannel Malloy,3,executive_order,extension,Affects the temporary worker retiree program to ensure continuation of services and programs.,2011-01-05,,False,governor_executive_order_archive,pdf,https://portal.ct.gov/governor/governors-actions/executive-orders,https://portal.ct.gov/governor/-/media/office-of-the-governor/executive-orders/others/governor-dannel-p-malloy--executive-order-no-3.pdf?rev=29b8472fbd88444eb18ea6f04e232c69
CT-DANNELMALLOY-EO-2,CT,Dannel Malloy,2,executive_order,amendment,Modifies the state e-mail retention policy to increase preservation.,2011-01-05,,False,governor_executive_order_archive,pdf,https://portal.ct.gov/governor/governors-actions/executive-orders,https://portal.ct.gov/governor/-/media/office-of-the-governor/executive-orders/others/governor-dannel-p-malloy--executive-order-no-2.pdf?rev=5d69a19bb0834ff4b0d7ef24671bca7f
CT-DANNELMALLOY-EO-1,CT,Dannel Malloy,1,executive_order,administrative,Moves the State of Connecticut toward implementing Generally Accepted Accounting Principles.,2011-01-05,,False,governor_executive_order_archive,pdf,https://portal.ct.gov/governor/governors-actions/executive-orders,https://portal.ct.gov/governor/-/media/office-of-the-governor/executive-orders/others/governor-dannel-p-malloy--executive-order-no-1.pdf?rev=b695af2c543d4b438a6147099b629db7
CT-MJODIRELL-EO-44A,CT,M. Jodi Rell,44A,executive_order,administrative,Governor M. Jodi Rell - Executive Order No. 44A,2010-09-01,,False,governor_executive_order_archive,pdf,https://portal.ct.gov/governor/governors-actions/executive-orders,https://portal.ct.gov/governor/-/media/office-of-the-governor/executive-orders/others/governor-m-jodi-rell---executive-order-44a.pdf?rev=93f411ffc9d74b33ab5935679120b708
CT-MJODIRELL-EO-42,CT,M. Jodi Rell,42,executive_order,administrative,Governor M. Jodi Rell - Executive Order No. 42,2010-04-05,,False,governor_executive_order_archive,pdf,https://portal.ct.gov/governor/governors-actions/executive-orders,https://portal.ct.gov/governor/-/media/office-of-the-governor/executive-orders/others/governor-m-jodi-rell---executive-order-42.pdf?rev=ffb662408ff249afbefb212a3528b14e
CT-MJODIRELL-EO-35,CT,M. Jodi Rell,35,executive_order,administrative,Governor M. Jodi Rell - Executive Order No. 35,2009-11-25,,False,governor_executive_order_archive,pdf,https://portal.ct.gov/governor/governors-actions/executive-orders,https://portal.ct.gov/governor/-/media/office-of-the-governor/executive-orders/others/governor-m-jodi-rell---executive-order-35.pdf?rev=63b051512c314e8887d2486be7d5564d
CT-MJODIRELL-EO-27A,CT,M. Jodi Rell,27A,executive_order,administrative,Governor M. Jodi Rell - Executive Order No. 27A,2009-10-02,,False,governor_executive_order_archive,pdf,https://portal.ct.gov/governor/governors-actions/executive-orders,https://portal.ct.gov/governor/-/media/office-of-the-governor/executive-orders/others/governor-m-jodi-rell---executive-order-27a.pdf?rev=a53aa5d6c724441c8835c496b4b972bd
CT-MJODIRELL-EO-23,CT,M. Jodi Rell,23,executive_order,administrative,Governor M. Jodi Rell - Executive Order No. 23,2009-02-02,,False,governor_executive_order_archive,pdf,https://portal.ct.gov/governor/governors-actions/executive-orders,https://portal.ct.gov/governor/-/media/office-of-the-governor/executive-orders/others/governor-m-jodi-rell---executive-order-23.pdf?rev=d235373e9c2f45e5ae4ecf418b197226
CT-MJODIRELL-EO-17,CT,M. Jodi Rell,17,executive_order,administrative,Governor M. Jodi Rell - Executive Order No. 17,2008-02-01,,False,governor_executive_order_archive,pdf,https://portal.ct.gov/governor/governors-actions/executive-orders,https://portal.ct.gov/governor/-/media/office-of-the-governor/executive-orders/others/governor-m-jodi-rell---executive-order-17.pdf?rev=e0a18cc2554b4712ae123d8cc8538b5c
CT-MJODIRELL-EO-15,CT,M. Jodi Rell,15,executive_order,administrative,Governor M. Jodi Rell - Executive Order No. 15,2006-10-01,,False,governor_executive_order_archive,pdf,https://portal.ct.gov/governor/governors-actions/executive-orders,https://portal.ct.gov/governor/-/media/office-of-the-governor/executive-orders/others/governor-m-jodi-rell---executive-order-15.pdf?rev=e1e6a156ba004bd7a500ce71c09772a3
CT-MJODIRELL-EO-5A,CT,M. Jodi Rell,5A,executive_order,administrative,Governor M. Jodi Rell - Executive Order No. 5A,2006-09-06,,False,governor_executive_order_archive,pdf,https://portal.ct.gov/governor/governors-actions/executive-orders,https://portal.ct.gov/governor/-/media/office-of-the-governor/executive-orders/others/governor-m-jodi-rell---executive-order-5a.pdf?rev=c083d931f0274696b9bbacb80a8ccb01
CT-MJODIRELL-EO-14,CT,M. Jodi Rell,14,executive_order,administrative,Governor M. Jodi Rell - Executive Order No. 14,2006-04-17,,False,governor_executive_order_archive,pdf,https://portal.ct.gov/governor/governors-actions/executive-orders,https://portal.ct.gov/governor/-/media/office-of-the-governor/executive-orders/others/governor-m-jodi-rell---executive-order-14.pdf?rev=b98d7491bb0a45adb8d0a1546d25fa1a
CT-PROC-2005-07-07,CT,M. Jodi Rell,,emergency_proclamation,declaration,London Bombing,2005-07-07,,False,demhs_civil_preparedness_emergencies,pdf,https://portal.ct.gov/demhs/emergency-management/legal-resources/civil-preparedness-emergency,https://portal.ct.gov/demhs/-/media/demhs/_docs/program-and-unit-forms---advisories/legal/governors-declarations/govdec87-001-london-bombing.pdf?rev=6ca507ce74214a32bc8632ea59b56327&hash=B999DC6BF96E60C4DB2E3DCD29BBB3BD
CT-MJODIRELL-EO-5,CT,M. Jodi Rell,5,executive_order,administrative,Governor M. Jodi Rell - Executive Order No. 5,2005-03-01,,False,governor_executive_order_archive,pdf,https://portal.ct.gov/governor/governors-actions/executive-orders,https://portal.ct.gov/governor/-/media/office-of-the-governor/executive-orders/others/governor-m-jodi-rell---executive-order-5.pdf?rev=43e9eafd842c425986f75f9eca37bb84
CT-JOHNROWLAND-EO-33,CT,John Rowland,33,executive_order,administrative,Governor John Rowland - Executive Order No. 33,2004-03-24,,False,governor_executive_order_archive,pdf,https://portal.ct.gov/governor/governors-actions/executive-orders,https://portal.ct.gov/governor/-/media/office-of-the-governor/executive-orders/others/governor-john-rowland---executive-order-33.pdf?rev=7d3060aa5f11492ebf83142963d74be2
CT-JOHNROWLAND-EO-30,CT,John Rowland,30,executive_order,administrative,Governor John Rowland - Executive Order No. 30,2003-08-29,,False,governor_executive_order_archive,pdf,https://portal.ct.gov/governor/governors-actions/executive-orders,https://portal.ct.gov/governor/-/media/office-of-the-governor/executive-orders/others/governor-john-rowland---executive-order-30.pdf?rev=87ee7fba03654caea10ee379c5d56697
CT-JOHNROWLAND-EO-27,CT,John Rowland,27,executive_order,administrative,Governor John Rowland - Executive Order No. 27,2003-03-17,,False,governor_executive_order_archive,pdf,https://portal.ct.gov/governor/governors-actions/executive-orders,https://portal.ct.gov/governor/-/media/office-of-the-governor/executive-orders/others/governor-john-rowland---executive-order-27.pdf?rev=342b9c809cee4fdaac3de5bd16433e16
CT-JOHNROWLAND-EO-16,CT,John Rowland,16,executive_order,administrative,Governor John Rowland - Executive Order No. 16,1999-08-04,,False,governor_executive_order_archive,pdf,https://portal.ct.gov/governor/governors-actions/executive-orders,https://portal.ct.gov/governor/-/media/office-of-the-governor/executive-orders/others/governor-john-rowland---executive-order-16.pdf?rev=f8121bf2e4e4443bb448e883bebf09a9
CT-LOWELLWEICKER-EO-9,CT,Lowell Weicker,9,executive_order,administrative,Governor Lowell Weicker - Executive Order No. 9,1993-12-03,,False,governor_executive_order_archive,pdf,https://portal.ct.gov/governor/governors-actions/executive-orders,https://portal.ct.gov/governor/-/media/office-of-the-governor/executive-orders/others/governor-lowell-weicker---executive-order-9.pdf?rev=14e0a5db0b6346bf91c64e65dd31066d
CT-LOWELLWEICKER-EO-2,CT,Lowell Weicker,2,executive_order,administrative,Governor Lowell Weicker - Executive Order No. 2,1991-03-13,,False,governor_executive_order_archive,pdf,https://portal.ct.gov/governor/governors-actions/executive-orders,https://portal.ct.gov/governor/-/media/office-of-the-governor/executive-orders/others/governor-lowell-weicker---executive-order-2.pdf?rev=834c4f0e1c9a4dd284a5d3aebaf90601
CT-WILLIAMONEILL-EO-19,CT,William O'Neill,19,executive_order,administrative,Governor William A. O'Neill - Executive Order No. 19,1987-04-24,,False,governor_executive_order_archive,pdf,https://portal.ct.gov/governor/governors-actions/executive-orders,https://portal.ct.gov/governor/-/media/office-of-the-governor/executive-orders/others/governor-william-oneill---executive-order-19.pdf?rev=e433bc623b224601b75c90304cfc1858
CT-WILLIAMONEILL-EO-9,CT,William O'Neill,9,executive_order,administrative,Governor William A. O'Neill - Executive Order No. 9,1984-01-03,,False,governor_executive_order_archive,pdf,https://portal.ct.gov/governor/governors-actions/executive-orders,https://portal.ct.gov/governor/-/media/office-of-the-governor/executive-orders/others/governor-william-oneill---executive-order-9.pdf?rev=12a7267f389b4b3bba1dd2771b0e9add
CT-WILLIAMONEILL-EO-6,CT,William O'Neill,6,executive_order,administrative,Governor William A. O'Neill - Executive Order No. 6,1983-01-27,,False,governor_executive_order_archive,pdf,https://portal.ct.gov/governor/governors-actions/executive-orders,https://portal.ct.gov/governor/-/media/office-of-the-governor/executive-orders/others/governor-william-oneill---executive-order-6.pdf?rev=193df018489a48dc91f66c11769f4b50
CT-ELLAGRASSO-EO-18,CT,Ella Grasso,18,executive_order,administrative,Governor Ella Grasso - Executive Order No. 18,1977-06-01,,False,governor_executive_order_archive,pdf,https://portal.ct.gov/governor/governors-actions/executive-orders,https://portal.ct.gov/governor/-/media/office-of-the-governor/executive-orders/others/governor-ella-grasso---executive-order-18.pdf?rev=5b35f4fe7cf545faa88e6c6512a72c84
CT-THOMASMESKILL-EO-17,CT,Thomas Meskill,17,executive_order,administrative,Governor Thomas Meskill - Executive Order No. 17,1973-02-15,,False,governor_executive_order_archive,pdf,https://portal.ct.gov/governor/governors-actions/executive-orders,https://portal.ct.gov/governor/-/media/office-of-the-governor/executive-orders/others/governor-thomas-meskill---executive-order-17.pdf?rev=cb78b0cef75b4e02bd6ab235d8a08cdc
CT-THOMASMESKILL-EO-3,CT,Thomas Meskill,3,executive_order,administrative,Governor Thomas Meskill - Executive Order No. 3,1971-06-16,,False,governor_executive_order_archive,pdf,https://portal.ct.gov/governor/governors-actions/executive-orders,https://portal.ct.gov/governor/-/media/office-of-the-governor/executive-orders/others/governor-thomas-meskill---executive-order-3.pdf?rev=55738f983eb043088be6fc5d50b24e7f
