declaration_id,eo_number,governor,event_description,date_signed,archive_record_url,EVENT_ID,EPISODE_ID,BEGIN_DATE_TIME,END_DATE_TIME,CZ_TYPE,area_type,CZ_FIPS,CZ_NAME,EVENT_TYPE,MAGNITUDE,MAGNITUDE_TYPE,DEATHS_DIRECT,INJURIES_DIRECT,DAMAGE_PROPERTY,DAMAGE_CROPS,SOURCE,EPISODE_NARRATIVE,EVENT_NARRATIVE
MS-ACTION-2020-02-15-governor-tate-reeves-declares-state-of-emergency-for-pearl,,Tate Reeves,Governor Tate Reeves Declares State of Emergency for Pearl River Flooding,2020-02-15,https://governorreeves.ms.gov/wp-json/wp/v2/posts/891,875004,145678,2020-02-18 17:00:00,2020-02-18 18:15:00,C,county/county-equivalent,19,CHOCTAW,Flash Flood,,,0,0,1.00K,0.00K,Broadcast Media,"A cold front sank very slowly south into the northern parts of the ArkLaMiss. With abundant moisture in place, storms moved repeatedly over the same locations. This resulted in flash flooding for locations generally along and north of the Highway 82 corridor.",Water was across Old Trace Road.
MS-ACTION-2020-02-15-governor-tate-reeves-declares-state-of-emergency-for-pearl,,Tate Reeves,Governor Tate Reeves Declares State of Emergency for Pearl River Flooding,2020-02-15,https://governorreeves.ms.gov/wp-json/wp/v2/posts/891,875001,145678,2020-02-18 16:30:00,2020-02-18 17:00:00,C,county/county-equivalent,25,CLAY,Flash Flood,,,0,0,5.00K,0.00K,Public,"A cold front sank very slowly south into the northern parts of the ArkLaMiss. With abundant moisture in place, storms moved repeatedly over the same locations. This resulted in flash flooding for locations generally along and north of the Highway 82 corridor.",A few streets were flooded around West Point.
MS-ACTION-2020-02-15-governor-tate-reeves-declares-state-of-emergency-for-pearl,,Tate Reeves,Governor Tate Reeves Declares State of Emergency for Pearl River Flooding,2020-02-15,https://governorreeves.ms.gov/wp-json/wp/v2/posts/891,875002,145678,2020-02-18 16:30:00,2020-02-18 17:00:00,C,county/county-equivalent,25,CLAY,Flash Flood,,,0,0,7.00K,0.00K,Law Enforcement,"A cold front sank very slowly south into the northern parts of the ArkLaMiss. With abundant moisture in place, storms moved repeatedly over the same locations. This resulted in flash flooding for locations generally along and north of the Highway 82 corridor.",A few roads were flooded across the northern portions of Clay County.
MS-ACTION-2020-02-15-governor-tate-reeves-declares-state-of-emergency-for-pearl,,Tate Reeves,Governor Tate Reeves Declares State of Emergency for Pearl River Flooding,2020-02-15,https://governorreeves.ms.gov/wp-json/wp/v2/posts/891,875003,145678,2020-02-18 16:30:00,2020-02-18 17:30:00,C,county/county-equivalent,53,HUMPHREYS,Flash Flood,,,0,0,5.00K,0.00K,Law Enforcement,"A cold front sank very slowly south into the northern parts of the ArkLaMiss. With abundant moisture in place, storms moved repeatedly over the same locations. This resulted in flash flooding for locations generally along and north of the Highway 82 corridor.",A few roads across the northern portions of the county had water across them.
MS-ACTION-2020-02-15-governor-tate-reeves-declares-state-of-emergency-for-pearl,,Tate Reeves,Governor Tate Reeves Declares State of Emergency for Pearl River Flooding,2020-02-15,https://governorreeves.ms.gov/wp-json/wp/v2/posts/891,874999,145678,2020-02-18 16:20:00,2020-02-18 18:15:00,C,county/county-equivalent,87,LOWNDES,Flash Flood,,,0,0,5.00K,0.00K,Broadcast Media,"A cold front sank very slowly south into the northern parts of the ArkLaMiss. With abundant moisture in place, storms moved repeatedly over the same locations. This resulted in flash flooding for locations generally along and north of the Highway 82 corridor.",Water approached and flowed over several roads in Columbus.
MS-ACTION-2020-02-15-governor-tate-reeves-declares-state-of-emergency-for-pearl,,Tate Reeves,Governor Tate Reeves Declares State of Emergency for Pearl River Flooding,2020-02-15,https://governorreeves.ms.gov/wp-json/wp/v2/posts/891,874998,145678,2020-02-18 16:15:00,2020-02-18 17:30:00,C,county/county-equivalent,97,MONTGOMERY,Flash Flood,,,0,0,5.00K,0.00K,Law Enforcement,"A cold front sank very slowly south into the northern parts of the ArkLaMiss. With abundant moisture in place, storms moved repeatedly over the same locations. This resulted in flash flooding for locations generally along and north of the Highway 82 corridor.",Several roads flooded in the city of Winona. Water also covered portions of Highway 51 south of Winona.
MS-ACTION-2020-02-15-governor-tate-reeves-declares-state-of-emergency-for-pearl,,Tate Reeves,Governor Tate Reeves Declares State of Emergency for Pearl River Flooding,2020-02-15,https://governorreeves.ms.gov/wp-json/wp/v2/posts/891,875005,145678,2020-02-18 17:15:00,2020-02-18 18:15:00,C,county/county-equivalent,105,OKTIBBEHA,Flash Flood,,,0,0,1.00K,0.00K,Law Enforcement,"A cold front sank very slowly south into the northern parts of the ArkLaMiss. With abundant moisture in place, storms moved repeatedly over the same locations. This resulted in flash flooding for locations generally along and north of the Highway 82 corridor.",Water was across Polly Bell Road.
MS-ACTION-2020-02-15-governor-tate-reeves-declares-state-of-emergency-for-pearl,,Tate Reeves,Governor Tate Reeves Declares State of Emergency for Pearl River Flooding,2020-02-15,https://governorreeves.ms.gov/wp-json/wp/v2/posts/891,875007,145678,2020-02-18 17:30:00,2020-02-18 18:10:00,C,county/county-equivalent,105,OKTIBBEHA,Flash Flood,,,0,0,40.00K,0.00K,Social Media,"A cold front sank very slowly south into the northern parts of the ArkLaMiss. With abundant moisture in place, storms moved repeatedly over the same locations. This resulted in flash flooding for locations generally along and north of the Highway 82 corridor.",A culvert was dislodged and a portion of the road was washed out at the intersection of Pike and Spruill roads.
MS-ACTION-2020-08-22-governor-tate-reeves-declares-state-of-emergency-for-impen,,Tate Reeves,Governor Tate Reeves Declares State of Emergency for Impending Gulf Storms,2020-08-22,https://governorreeves.ms.gov/wp-json/wp/v2/posts/876,917568,152235,2020-08-25 11:50:00,2020-08-25 14:30:00,C,county/county-equivalent,31,COVINGTON,Flash Flood,,,0,0,2.00K,0.00K,Emergency Manager,Tropical moisture associated with Tropical Storm Marco helped to initiate showers across southeast Mississippi. Some of this rain brought flash flooding to the region.,Water was over Woodbridge Lane.
MS-ACTION-2020-08-22-governor-tate-reeves-declares-state-of-emergency-for-impen,,Tate Reeves,Governor Tate Reeves Declares State of Emergency for Impending Gulf Storms,2020-08-22,https://governorreeves.ms.gov/wp-json/wp/v2/posts/876,917569,152235,2020-08-25 11:50:00,2020-08-25 14:30:00,C,county/county-equivalent,31,COVINGTON,Flash Flood,,,0,0,5.00K,0.00K,Emergency Manager,Tropical moisture associated with Tropical Storm Marco helped to initiate showers across southeast Mississippi. Some of this rain brought flash flooding to the region.,Flooding occurred on Yates Road and on Mt. Horeb Road.
MS-ACTION-2020-08-22-governor-tate-reeves-declares-state-of-emergency-for-impen,,Tate Reeves,Governor Tate Reeves Declares State of Emergency for Impending Gulf Storms,2020-08-22,https://governorreeves.ms.gov/wp-json/wp/v2/posts/876,917570,152235,2020-08-25 12:22:00,2020-08-25 14:30:00,C,county/county-equivalent,31,COVINGTON,Flash Flood,,,0,0,2.00K,0.00K,Emergency Manager,Tropical moisture associated with Tropical Storm Marco helped to initiate showers across southeast Mississippi. Some of this rain brought flash flooding to the region.,Water was across Highway 589.
MS-ACTION-2020-08-22-governor-tate-reeves-declares-state-of-emergency-for-impen,,Tate Reeves,Governor Tate Reeves Declares State of Emergency for Impending Gulf Storms,2020-08-22,https://governorreeves.ms.gov/wp-json/wp/v2/posts/876,917572,152235,2020-08-25 13:15:00,2020-08-25 14:30:00,C,county/county-equivalent,65,JEFFERSON DAVIS,Flash Flood,,,0,0,2.00K,0.00K,Emergency Manager,Tropical moisture associated with Tropical Storm Marco helped to initiate showers across southeast Mississippi. Some of this rain brought flash flooding to the region.,Water was over Sumrall Road.
MS-ACTION-2020-08-22-governor-tate-reeves-declares-state-of-emergency-for-impen,,Tate Reeves,Governor Tate Reeves Declares State of Emergency for Impending Gulf Storms,2020-08-22,https://governorreeves.ms.gov/wp-json/wp/v2/posts/876,917566,152235,2020-08-25 13:15:00,2020-08-25 14:15:00,C,county/county-equivalent,65,JEFFERSON DAVIS,Flash Flood,,,0,0,80.00K,0.00K,Emergency Manager,Tropical moisture associated with Tropical Storm Marco helped to initiate showers across southeast Mississippi. Some of this rain brought flash flooding to the region.,Water damage occurred to a home on White Rogers Road. Four homes received some water damage on Ponderosa Road.
MS-ACTION-2020-08-22-governor-tate-reeves-declares-state-of-emergency-for-impen,,Tate Reeves,Governor Tate Reeves Declares State of Emergency for Impending Gulf Storms,2020-08-22,https://governorreeves.ms.gov/wp-json/wp/v2/posts/876,917571,152235,2020-08-25 13:15:00,2020-08-25 14:15:00,C,county/county-equivalent,65,JEFFERSON DAVIS,Flash Flood,,,0,0,5.00K,0.00K,Emergency Manager,Tropical moisture associated with Tropical Storm Marco helped to initiate showers across southeast Mississippi. Some of this rain brought flash flooding to the region.,Water overflowed the banks of White Sands Creek and covered Dykes Road and South Pleasant Hill Road.
MS-ACTION-2020-08-22-governor-tate-reeves-declares-state-of-emergency-for-impen,,Tate Reeves,Governor Tate Reeves Declares State of Emergency for Impending Gulf Storms,2020-08-22,https://governorreeves.ms.gov/wp-json/wp/v2/posts/876,917567,152235,2020-08-25 13:20:00,2020-08-25 14:30:00,C,county/county-equivalent,65,JEFFERSON DAVIS,Flash Flood,,,0,0,3.00K,0.00K,Emergency Manager,Tropical moisture associated with Tropical Storm Marco helped to initiate showers across southeast Mississippi. Some of this rain brought flash flooding to the region.,Water covered Granby Road and Mt. Zion Road.
MS-ACTION-2020-08-22-governor-tate-reeves-declares-state-of-emergency-for-impen,,Tate Reeves,Governor Tate Reeves Declares State of Emergency for Impending Gulf Storms,2020-08-22,https://governorreeves.ms.gov/wp-json/wp/v2/posts/876,917573,152235,2020-08-25 13:30:00,2020-08-25 14:30:00,C,county/county-equivalent,65,JEFFERSON DAVIS,Flash Flood,,,0,0,20.00K,0.00K,Emergency Manager,Tropical moisture associated with Tropical Storm Marco helped to initiate showers across southeast Mississippi. Some of this rain brought flash flooding to the region.,Water was over Clem School Road and culverts were washed away.
MS-ACTION-2020-08-22-governor-tate-reeves-declares-state-of-emergency-for-impen,,Tate Reeves,Governor Tate Reeves Declares State of Emergency for Impending Gulf Storms,2020-08-22,https://governorreeves.ms.gov/wp-json/wp/v2/posts/876,917563,152235,2020-08-25 11:15:00,2020-08-25 14:15:00,C,county/county-equivalent,73,LAMAR,Flash Flood,,,0,0,2.00K,0.00K,Department of Highways,Tropical moisture associated with Tropical Storm Marco helped to initiate showers across southeast Mississippi. Some of this rain brought flash flooding to the region.,Flooding occurred at the intersection of Main Street and Railroad Avenue.
MS-ACTION-2020-08-22-governor-tate-reeves-declares-state-of-emergency-for-impen,,Tate Reeves,Governor Tate Reeves Declares State of Emergency for Impending Gulf Storms,2020-08-22,https://governorreeves.ms.gov/wp-json/wp/v2/posts/876,904025,149957,2020-08-20 15:54:00,2020-08-20 15:54:00,C,county/county-equivalent,127,SIMPSON,Thunderstorm Wind,50.0,EG,0,0,2.00K,0.00K,Law Enforcement,"An anomalous upper level low pressure system combined with daytime heating, adequate moisture and cold temperatures aloft, resulted in afternoon and evening thunderstorms. A few thunderstorms were severe and brought damaging winds to to the region.",A tree was blown down on Cato Road.
MS-ACTION-2020-08-22-governor-tate-reeves-declares-state-of-emergency-for-impen,,Tate Reeves,Governor Tate Reeves Declares State of Emergency for Impending Gulf Storms,2020-08-22,https://governorreeves.ms.gov/wp-json/wp/v2/posts/876,917565,152235,2020-08-25 12:45:00,2020-08-25 14:45:00,C,county/county-equivalent,127,SIMPSON,Flash Flood,,,0,0,2.00K,0.00K,Newspaper,Tropical moisture associated with Tropical Storm Marco helped to initiate showers across southeast Mississippi. Some of this rain brought flash flooding to the region.,Flooding occurred in Magee.
MS-ACTION-2020-08-22-governor-tate-reeves-declares-state-of-emergency-for-impen,,Tate Reeves,Governor Tate Reeves Declares State of Emergency for Impending Gulf Storms,2020-08-22,https://governorreeves.ms.gov/wp-json/wp/v2/posts/876,917564,152235,2020-08-25 11:31:00,2020-08-25 14:45:00,C,county/county-equivalent,129,SMITH,Flash Flood,,,0,0,4.00K,0.00K,Law Enforcement,Tropical moisture associated with Tropical Storm Marco helped to initiate showers across southeast Mississippi. Some of this rain brought flash flooding to the region.,Two feet of water was across Smith County Road 80.
MS-ACTION-2020-09-13-governor-tate-reeves-declares-state-of-emergency-in-prepar,,Tate Reeves,Governor Tate Reeves Declares State of Emergency in Preparation for Tropical Storm Sally,2020-09-13,https://governorreeves.ms.gov/wp-json/wp/v2/posts/875,921348,152969,2020-09-12 16:22:00,2020-09-12 17:22:00,C,county/county-equivalent,3,ALCORN,Flash Flood,,,0,0,1.00K,0.00K,Trained Spotter,"Tropical moisture continued to stream into the Midsouth, around the western periphery of an upper-level ridge axis along the Carolina coast on September 12th.  Numerous afternoon showers and thunderstorms resulted in heavy rain which produced flash flooding in the Corinth area.",Trained spotters reporting flooding along Shiloh road and nearby areas in northeast Corinth.
MS-ACTION-2020-09-13-governor-tate-reeves-declares-state-of-emergency-in-prepar,,Tate Reeves,Governor Tate Reeves Declares State of Emergency in Preparation for Tropical Storm Sally,2020-09-13,https://governorreeves.ms.gov/wp-json/wp/v2/posts/875,921357,152974,2020-09-13 11:30:00,2020-09-13 12:20:00,C,county/county-equivalent,117,PRENTISS,Flash Flood,,,0,0,2.00K,0.00K,Social Media,Tropical moisture continued to stream in eastern parts of the Mid-South on September 13th. Slow-moving showers and thunderstorms resulted in heavy rain and flash flooding.,Heavy rain from thunderstorms produced flash flooding northeast of Booneville.  Tuscumbia Road was flooded and impassible near the intersection of County Road 1129.
MS-ACTION-2020-09-13-governor-tate-reeves-declares-state-of-emergency-in-prepar,,Tate Reeves,Governor Tate Reeves Declares State of Emergency in Preparation for Tropical Storm Sally,2020-09-13,https://governorreeves.ms.gov/wp-json/wp/v2/posts/875,921999,153109,2020-09-15 08:06:00,2020-09-15 13:30:00,Z,NWS forecast zone,80,HANCOCK,Storm Surge/Tide,,,0,0,0.00K,0.00K,Other Federal Agency,"Hurricane Sally initially formed as an area of disturbed weather over the Bahamas late on September 10th, 2020. Over the next few days, the system became better organized and became Tropical Depression Nineteen in the afternoon hours on September 11th. Later that night around midnight CDT on September 12th, TD Nineteen made landfall at Key Biscayne with peak winds of 35 mph and a central pressure of 1007mb (29.74 inHg). The system continued west emerging into the east-central Gulf of Mexico and quickly strengthened into a Tropical Storm later in the day on the 11th. This system continued to drift northwestward with time and strengthened into a hurricane in the morning hours on September 14th with maximum sustained winds of 85 mph and a central pressure of 985 mb (29.09 inHg) and continued to strengthen becoming a category 2 hurricane shortly after. Sally would then eventually weaken some, and slow down in forward speed before turning very slowly northwards making landfall near Gulf Shores, Alabama as a strong Category 2 hurricane with peak winds of 105 mph and a central pressure of 965mb (28.50 inHg) early in the morning hours on September 16th.||Impacts to southeastern Louisiana and southern Mississippi was mostly confined to coastal counties of southern Mississippi, southeastern Louisiana and adjacent marine areas. Main impacts included storm surge inundation for coastal areas, as well as some wind damage across portions of Jackson and Harrison County, MS while Hurricane Sally was making landfall east across Gulf Shores, AL. Rainfall was of little impact across coastal MS and westward with only small areas of rainfall totaling around 3 inches reported in eastern Jackson county.","At the time of highest recorded water levels, around 100 low lying roads in the county were covered by varying depths of water with around 10 becoming impassable. Areas impacted by flooding include Waveland, with water over Beach Blvd, as well as flooding over roadways in Shoreline Park in Bay St. Louis, MS. Other reports include flooding around homes in the Riverview area near Bay St. Louis and flooding over roadways and under elevated houses in Kiln, MS. Observations from NOS and USGS sites ranged from 3.66 MHHW at WYCM6 Waveland on the 15th at 12:06 CDT to 5.49 NAVD88 at EPCM6 Claiborne on the 15th at 13:30 CDT."
MS-ACTION-2020-09-13-governor-tate-reeves-declares-state-of-emergency-in-prepar,,Tate Reeves,Governor Tate Reeves Declares State of Emergency in Preparation for Tropical Storm Sally,2020-09-13,https://governorreeves.ms.gov/wp-json/wp/v2/posts/875,922000,153109,2020-09-15 08:38:00,2020-09-15 13:00:00,Z,NWS forecast zone,81,HARRISON,Storm Surge/Tide,,,0,0,0.00K,0.00K,Public,"Hurricane Sally initially formed as an area of disturbed weather over the Bahamas late on September 10th, 2020. Over the next few days, the system became better organized and became Tropical Depression Nineteen in the afternoon hours on September 11th. Later that night around midnight CDT on September 12th, TD Nineteen made landfall at Key Biscayne with peak winds of 35 mph and a central pressure of 1007mb (29.74 inHg). The system continued west emerging into the east-central Gulf of Mexico and quickly strengthened into a Tropical Storm later in the day on the 11th. This system continued to drift northwestward with time and strengthened into a hurricane in the morning hours on September 14th with maximum sustained winds of 85 mph and a central pressure of 985 mb (29.09 inHg) and continued to strengthen becoming a category 2 hurricane shortly after. Sally would then eventually weaken some, and slow down in forward speed before turning very slowly northwards making landfall near Gulf Shores, Alabama as a strong Category 2 hurricane with peak winds of 105 mph and a central pressure of 965mb (28.50 inHg) early in the morning hours on September 16th.||Impacts to southeastern Louisiana and southern Mississippi was mostly confined to coastal counties of southern Mississippi, southeastern Louisiana and adjacent marine areas. Main impacts included storm surge inundation for coastal areas, as well as some wind damage across portions of Jackson and Harrison County, MS while Hurricane Sally was making landfall east across Gulf Shores, AL. Rainfall was of little impact across coastal MS and westward with only small areas of rainfall totaling around 3 inches reported in eastern Jackson county.","Areas impacted by flooding include Pass Christian, with several roadways flooded. Surge around Point Cadet in Biloxi with the bottom level of a parking garage flooded. Storm surge washed over parts of beach blvd near Bay St. Louis. Flooding of roadways occurred in Orange Grove, MS."
MS-ACTION-2020-09-13-governor-tate-reeves-declares-state-of-emergency-in-prepar,,Tate Reeves,Governor Tate Reeves Declares State of Emergency in Preparation for Tropical Storm Sally,2020-09-13,https://governorreeves.ms.gov/wp-json/wp/v2/posts/875,921998,153109,2020-09-15 04:30:00,2020-09-15 13:30:00,Z,NWS forecast zone,82,JACKSON,Storm Surge/Tide,,,0,0,0.00K,0.00K,Other Federal Agency,"Hurricane Sally initially formed as an area of disturbed weather over the Bahamas late on September 10th, 2020. Over the next few days, the system became better organized and became Tropical Depression Nineteen in the afternoon hours on September 11th. Later that night around midnight CDT on September 12th, TD Nineteen made landfall at Key Biscayne with peak winds of 35 mph and a central pressure of 1007mb (29.74 inHg). The system continued west emerging into the east-central Gulf of Mexico and quickly strengthened into a Tropical Storm later in the day on the 11th. This system continued to drift northwestward with time and strengthened into a hurricane in the morning hours on September 14th with maximum sustained winds of 85 mph and a central pressure of 985 mb (29.09 inHg) and continued to strengthen becoming a category 2 hurricane shortly after. Sally would then eventually weaken some, and slow down in forward speed before turning very slowly northwards making landfall near Gulf Shores, Alabama as a strong Category 2 hurricane with peak winds of 105 mph and a central pressure of 965mb (28.50 inHg) early in the morning hours on September 16th.||Impacts to southeastern Louisiana and southern Mississippi was mostly confined to coastal counties of southern Mississippi, southeastern Louisiana and adjacent marine areas. Main impacts included storm surge inundation for coastal areas, as well as some wind damage across portions of Jackson and Harrison County, MS while Hurricane Sally was making landfall east across Gulf Shores, AL. Rainfall was of little impact across coastal MS and westward with only small areas of rainfall totaling around 3 inches reported in eastern Jackson county.","Numerous streets flooded across Jackson County that were the result of storm surge flooding. A total of 62 roads were covered with water to various depths, mainly near the immediate coast. A few roads were flooded from water moving up the Pascagoula River from the MS sound. Storm surge and wave action damaged the boardwalk/fishing pier in downtown Moss Point on the Escatawpa River. USGS and NOS observations reported between 3.46 MHHW from PNLM6 Pascagoula NOAA and 4.06 NAVD88 from OFBM6 Ocean Springs, MS from storm surge inundation. The county opened two shelters and hosued a total of 26 people during the storm."
MS-ACTION-2020-09-13-governor-tate-reeves-declares-state-of-emergency-in-prepar,,Tate Reeves,Governor Tate Reeves Declares State of Emergency in Preparation for Tropical Storm Sally,2020-09-13,https://governorreeves.ms.gov/wp-json/wp/v2/posts/875,921997,153109,2020-09-16 04:43:00,2020-09-16 04:43:00,Z,NWS forecast zone,82,JACKSON,Tropical Storm,,,0,0,0.00K,0.00K,Emergency Manager,"Hurricane Sally initially formed as an area of disturbed weather over the Bahamas late on September 10th, 2020. Over the next few days, the system became better organized and became Tropical Depression Nineteen in the afternoon hours on September 11th. Later that night around midnight CDT on September 12th, TD Nineteen made landfall at Key Biscayne with peak winds of 35 mph and a central pressure of 1007mb (29.74 inHg). The system continued west emerging into the east-central Gulf of Mexico and quickly strengthened into a Tropical Storm later in the day on the 11th. This system continued to drift northwestward with time and strengthened into a hurricane in the morning hours on September 14th with maximum sustained winds of 85 mph and a central pressure of 985 mb (29.09 inHg) and continued to strengthen becoming a category 2 hurricane shortly after. Sally would then eventually weaken some, and slow down in forward speed before turning very slowly northwards making landfall near Gulf Shores, Alabama as a strong Category 2 hurricane with peak winds of 105 mph and a central pressure of 965mb (28.50 inHg) early in the morning hours on September 16th.||Impacts to southeastern Louisiana and southern Mississippi was mostly confined to coastal counties of southern Mississippi, southeastern Louisiana and adjacent marine areas. Main impacts included storm surge inundation for coastal areas, as well as some wind damage across portions of Jackson and Harrison County, MS while Hurricane Sally was making landfall east across Gulf Shores, AL. Rainfall was of little impact across coastal MS and westward with only small areas of rainfall totaling around 3 inches reported in eastern Jackson county.","Emergency Manager reports widespread trees down across eastern Jackson county. 7,000+ without power as of 4:15 AM CDT. ASOS site KPQL - Pascagoula Airport measured sustained winds of 35 knots on the 16th at 04:43 CDT with a peak wind gust of 48 knots on the 16th at 04:42 CDT. Several wind gusts in excess of 50 mph were reported across the far eastern portion of Jackson County. Two trees fell on houses, one in Escatawpa and one in north Moss Point with no injuries reported. The county opened two shelters and hosued a total of 26 people during the storm."
MS-ACTION-2021-08-29-governor-reeves-issues-state-of-emergency-ahead-of-hurrica,,Tate Reeves,Governor Reeves Issues State of Emergency Ahead of Hurricane Ida,2021-08-29,https://governorreeves.ms.gov/wp-json/wp/v2/posts/955,977730,160871,2021-09-01 15:41:00,2021-09-01 15:47:00,C,county/county-equivalent,7,ATTALA,Thunderstorm Wind,55.0,EG,0,0,200.00K,0.00K,Trained Spotter,"A front dropped south into the ArkLaMiss region. Ahead of this front, warming occurred which combined with ample moisture to produce thunderstorms. Some storms were severe with damaging winds being the primary concern.",Trees and large limbs were blown down at the Cooperative Observer site in Kosciusko. The roof of the Strand Theater was damaged. Debris from the roof damaged the roof of the adjacent Kosciusko Star-Herald building. A tree fell onto a house near Goodman Street. Another tree fell onto a house near Fairground Street. A tower at a radio station fell onto the building. A large tree was blown down on Natchez Trace Parkway.
MS-ACTION-2021-08-29-governor-reeves-issues-state-of-emergency-ahead-of-hurrica,,Tate Reeves,Governor Reeves Issues State of Emergency Ahead of Hurricane Ida,2021-08-29,https://governorreeves.ms.gov/wp-json/wp/v2/posts/955,973997,160593,2021-08-30 14:26:00,2021-08-30 15:46:00,C,county/county-equivalent,19,CHOCTAW,Flash Flood,,,0,0,25.00K,0.00K,Emergency Manager,"Major hurricane Ida made landfall as a strong category four hurricane around 11:55am on August 29 near Grand Isle, LA. It then moved very slowly north through south central Louisiana and into Mississippi on August 30. It then turned northeast and moved across the Jackson metro area as a tropical storm and into northeast Mississippi as a tropical depression through the early morning of August 31. Ida brought tropical storm force gusts to portions of Mississippi, which brought down trees and power lines. Rainfall amounts of 4-8 inches occurred, which resulted in localized flooding.",Heavy rainfall from Tropical Storm Ida resulted in several instances of flash flooding across southern Choctaw County. Roads were flooded in the Bethsalem area as well as French Camp.
MS-ACTION-2021-08-29-governor-reeves-issues-state-of-emergency-ahead-of-hurrica,,Tate Reeves,Governor Reeves Issues State of Emergency Ahead of Hurricane Ida,2021-08-29,https://governorreeves.ms.gov/wp-json/wp/v2/posts/955,974002,160593,2021-08-30 16:53:00,2021-08-30 18:17:00,C,county/county-equivalent,23,CLARKE,Flash Flood,,,0,0,10.00K,0.00K,Broadcast Media,"Major hurricane Ida made landfall as a strong category four hurricane around 11:55am on August 29 near Grand Isle, LA. It then moved very slowly north through south central Louisiana and into Mississippi on August 30. It then turned northeast and moved across the Jackson metro area as a tropical storm and into northeast Mississippi as a tropical depression through the early morning of August 31. Ida brought tropical storm force gusts to portions of Mississippi, which brought down trees and power lines. Rainfall amounts of 4-8 inches occurred, which resulted in localized flooding.",Heavy rain from Tropical Storm Ida resulted in flash flooding along Highway 145 on the south side of Quitman.
MS-ACTION-2021-08-29-governor-reeves-issues-state-of-emergency-ahead-of-hurrica,,Tate Reeves,Governor Reeves Issues State of Emergency Ahead of Hurricane Ida,2021-08-29,https://governorreeves.ms.gov/wp-json/wp/v2/posts/955,978194,160871,2021-09-01 16:47:00,2021-09-01 16:47:00,C,county/county-equivalent,23,CLARKE,Thunderstorm Wind,50.0,EG,0,0,2.00K,0.00K,Law Enforcement,"A front dropped south into the ArkLaMiss region. Ahead of this front, warming occurred which combined with ample moisture to produce thunderstorms. Some storms were severe with damaging winds being the primary concern.",A tree was blown down on CR 483.
MS-ACTION-2021-08-29-governor-reeves-issues-state-of-emergency-ahead-of-hurrica,,Tate Reeves,Governor Reeves Issues State of Emergency Ahead of Hurricane Ida,2021-08-29,https://governorreeves.ms.gov/wp-json/wp/v2/posts/955,978195,160871,2021-09-01 16:55:00,2021-09-01 16:55:00,C,county/county-equivalent,23,CLARKE,Thunderstorm Wind,50.0,EG,0,0,3.00K,0.00K,Law Enforcement,"A front dropped south into the ArkLaMiss region. Ahead of this front, warming occurred which combined with ample moisture to produce thunderstorms. Some storms were severe with damaging winds being the primary concern.",A tree was blown down on CR 149.
MS-ACTION-2021-08-29-governor-reeves-issues-state-of-emergency-ahead-of-hurrica,,Tate Reeves,Governor Reeves Issues State of Emergency Ahead of Hurricane Ida,2021-08-29,https://governorreeves.ms.gov/wp-json/wp/v2/posts/955,974004,160593,2021-08-30 19:00:00,2021-08-30 21:00:00,C,county/county-equivalent,25,CLAY,Flash Flood,,,0,0,25.00K,0.00K,Emergency Manager,"Major hurricane Ida made landfall as a strong category four hurricane around 11:55am on August 29 near Grand Isle, LA. It then moved very slowly north through south central Louisiana and into Mississippi on August 30. It then turned northeast and moved across the Jackson metro area as a tropical storm and into northeast Mississippi as a tropical depression through the early morning of August 31. Ida brought tropical storm force gusts to portions of Mississippi, which brought down trees and power lines. Rainfall amounts of 4-8 inches occurred, which resulted in localized flooding.","Heavy rainfall from Tropical Depression Ida resulted in flash flooding across Clay County, including in the city of West Point."
MS-ACTION-2021-08-29-governor-reeves-issues-state-of-emergency-ahead-of-hurrica,,Tate Reeves,Governor Reeves Issues State of Emergency Ahead of Hurricane Ida,2021-08-29,https://governorreeves.ms.gov/wp-json/wp/v2/posts/955,977691,160871,2021-09-01 14:22:00,2021-09-01 14:22:00,C,county/county-equivalent,25,CLAY,Thunderstorm Wind,52.0,EG,0,0,8.00K,0.00K,Emergency Manager,"A front dropped south into the ArkLaMiss region. Ahead of this front, warming occurred which combined with ample moisture to produce thunderstorms. Some storms were severe with damaging winds being the primary concern.",Several trees were blown down.
MS-ACTION-2021-08-29-governor-reeves-issues-state-of-emergency-ahead-of-hurrica,,Tate Reeves,Governor Reeves Issues State of Emergency Ahead of Hurricane Ida,2021-08-29,https://governorreeves.ms.gov/wp-json/wp/v2/posts/955,978205,160871,2021-09-01 20:42:00,2021-09-01 20:42:00,C,county/county-equivalent,29,COPIAH,Thunderstorm Wind,50.0,EG,0,0,2.00K,0.00K,Law Enforcement,"A front dropped south into the ArkLaMiss region. Ahead of this front, warming occurred which combined with ample moisture to produce thunderstorms. Some storms were severe with damaging winds being the primary concern.",A tree was blown down.
MS-ACTION-2021-08-29-governor-reeves-issues-state-of-emergency-ahead-of-hurrica,,Tate Reeves,Governor Reeves Issues State of Emergency Ahead of Hurricane Ida,2021-08-29,https://governorreeves.ms.gov/wp-json/wp/v2/posts/955,974375,160593,2021-08-30 06:40:00,2021-08-30 08:00:00,C,county/county-equivalent,31,COVINGTON,Flash Flood,,,0,0,20.00K,0.00K,Emergency Manager,"Major hurricane Ida made landfall as a strong category four hurricane around 11:55am on August 29 near Grand Isle, LA. It then moved very slowly north through south central Louisiana and into Mississippi on August 30. It then turned northeast and moved across the Jackson metro area as a tropical storm and into northeast Mississippi as a tropical depression through the early morning of August 31. Ida brought tropical storm force gusts to portions of Mississippi, which brought down trees and power lines. Rainfall amounts of 4-8 inches occurred, which resulted in localized flooding.",Heavy rainfall from Tropical Storm Ida resulted in flash flooding that washed out a culvert on Ora Williamson Road.
MS-ACTION-2021-08-29-governor-reeves-issues-state-of-emergency-ahead-of-hurrica,,Tate Reeves,Governor Reeves Issues State of Emergency Ahead of Hurricane Ida,2021-08-29,https://governorreeves.ms.gov/wp-json/wp/v2/posts/955,974377,160593,2021-08-30 06:05:00,2021-08-30 08:15:00,C,county/county-equivalent,35,FORREST,Flash Flood,,,0,0,5.00K,0.00K,County Official,"Major hurricane Ida made landfall as a strong category four hurricane around 11:55am on August 29 near Grand Isle, LA. It then moved very slowly north through south central Louisiana and into Mississippi on August 30. It then turned northeast and moved across the Jackson metro area as a tropical storm and into northeast Mississippi as a tropical depression through the early morning of August 31. Ida brought tropical storm force gusts to portions of Mississippi, which brought down trees and power lines. Rainfall amounts of 4-8 inches occurred, which resulted in localized flooding.",Heavy rainfall from Tropical Storm Ida resulted in flash flooding in the city of Hattiesburg. Water covered the roadway at the intersection of Highway 49 and West Pine Street as well as at North 28th Avenue and Sims Road.
MS-ACTION-2021-08-29-governor-reeves-issues-state-of-emergency-ahead-of-hurrica,,Tate Reeves,Governor Reeves Issues State of Emergency Ahead of Hurricane Ida,2021-08-29,https://governorreeves.ms.gov/wp-json/wp/v2/posts/955,981987,161167,2021-08-30 07:00:00,2021-08-30 11:00:00,C,county/county-equivalent,39,GEORGE,Flash Flood,,,0,0,0.00K,0.00K,Emergency Manager,"Hurricane Ida rapidly intensified overnight on August 28th into the morning of August 29th into strong category 4 Hurricane as it approached the northern Gulf coast. Ida made landfall across southeast Louisiana during the late morning on August 29th. Ida turned north and northeast across central Mississippi during late afternoon and evening on Monday, August 30th.||The core of the hurricane force winds was relatively small, only extending out from the center about 50 miles. However tropical storm force winds extended outward over 150 miles from the center. This brought tropical storm force wind gusts to southeast Mississippi and much of southwest Alabama, with a brief period of sustained tropical storm force winds to coastal Alabama. Wind gusts of 40 to 60 mph were recorded across southeast Mississippi and southwestern Alabama. The tropical storm force winds also downed several trees across the area.||The highest storm surge inundation values observed were between 3 to 4.5 feet MHHW across southern Mobile county up into the far north end of Mobile Bay. Storm surge surveys indicated the highest water levels were in the Bayou La Batre area along and near Shell Belt Road where peak water levels were in the 4 to 4.5 feet MHHW range.||The slow movement of the storm caused widespread flooding especially across southeast Mississippi and portions of southwest Alabama. Rainfall amounts of anywhere from 7 to 12 inches were recorded across southeast Mississippi and portions of southwest Alabama. This led to significant flash flooding along with significant river flooding.||Two tornadoes during the afternoon on August 30th. An EF-1 in northern Mobile County and an EF-1 in southern Clarke County.||Here is a breakdown of county impacts:||Stone County MS: Tropical storm force wind gusts downed several trees in Stone|County. Seven to ten inches of rain was recorded and one road had to be barricaded due to flooding. The low lying red creek and mill creek areas experienced flooding, impacting two RV parks.||George County MS: Eight to twelve inches of rain fell across George county which|resulted in significant flash flooding. A portion of Highway 26 collapsed just west of Lucedale, killing three people and injuring seven others. Eleven other roads were significantly flooded and had some form of washout or damage.||Mobile County AL: The west end of Dauphin Island was significantly impacted by Ida|from a combination of high surf, storm surge, and tropical storm force winds. Three miles of Bienville boulevard was impassable due to surge flooding and sand up to four feet deep. The high surf also produced minor damage to a few homes on the west end. Power poles were also knocked down on the island. Storm surge inundation peaked|between 3 and 4.5 feet MHHW across southern Mobile county up into the far north end of Mobile Bay. The highest tidal gauge readings were 3.78 feet MHHW at Coast Guard sector Mobile and 3.82 feet MHHW at the Bayou La Batre bridge. Storm surge surveys along Shell Belt road in Bayou La Batre indicated water lines that reached between 4-4.5 feet.||This surge flooding resulted in closures of low lying coastal roads, such as Shell Belt road, the US Highway 90 causeway, the foot of the Dog river bridge, and the Dauphin Island causeway. Coastal flooding persisted across three high tide cycles which resulted in prolonged closures. Observations at Dauphin Island and Buccaneer Yacht Club on|Mobile Bay measured brief sustained periods of tropical storm force winds between 40-45 mph. Gusts of 50 to 60 mph were recorded in heavier rain bands across central and southern Mobile county. An EF-1 tornado impacted parts of Saraland, Satsuma, and Creola early in the afternoon on August 30th, resulting in three injuries. Rainfall|totals of 8 to 11 inches were recorded across the county, especially in southern and central portions. This heavy rainfall led to some urban flooding in neighborhoods and damaged some drainage culverts.||Baldwin County AL: Storm surge inundation of 3 to 4 feet above normally dry ground was recorded from Weeks Bay northward. This resulted in flooding of low lying areas and closure of the US Highway 90 Causeway. Five to nine inches of rain was measured across Baldwin county, which resulted in areas of flash flooding. A portion of River Road along Styx River was washed out due to heavy rainfall and flooding. A few drainage culverts were also significant damaged in the county. Tropical storm conditions were confined primarily to immediate coastal areas, particularly along the Fort Morgan peninsula.||Clarke County AL: An EF-1 Tornado impacted portions of southern Clarke County, significantly damaging a couple of structures.||Escambia County FL: High surf of at least ten feet resulted in significant flooding and sand on coastal roadways along the Gulf Islands National Seashore. Portions of the road and access areas were closed for an extended period of time.||Santa Rosa County FL: High surf of at least ten feet resulted in significant flooding and sand along the Gulf Islands National Seashore. Portions of the road and access areas were closed for and extended period of time.||Okaloosa County FL: Strong rip currents produced by Ida resulted in two rip current fatalities in the wake of the storm. One occurred on September 1st when a 14 year old teen drowned off a Destin Beach. The other fatality occurred on September 4th when a 58 year old man drowned off Henderson Beach State Park.",Several roads were flooded due to several inches of rain that fell in a short period of time across George County. All of the roads flooded suffered some erosion or wash out.
MS-ACTION-2021-08-29-governor-reeves-issues-state-of-emergency-ahead-of-hurrica,,Tate Reeves,Governor Reeves Issues State of Emergency Ahead of Hurricane Ida,2021-08-29,https://governorreeves.ms.gov/wp-json/wp/v2/posts/955,981948,161167,2021-08-30 22:00:00,2021-08-30 23:00:00,C,county/county-equivalent,39,GEORGE,Flash Flood,,,3,7,1.80M,0.00K,Law Enforcement,"Hurricane Ida rapidly intensified overnight on August 28th into the morning of August 29th into strong category 4 Hurricane as it approached the northern Gulf coast. Ida made landfall across southeast Louisiana during the late morning on August 29th. Ida turned north and northeast across central Mississippi during late afternoon and evening on Monday, August 30th.||The core of the hurricane force winds was relatively small, only extending out from the center about 50 miles. However tropical storm force winds extended outward over 150 miles from the center. This brought tropical storm force wind gusts to southeast Mississippi and much of southwest Alabama, with a brief period of sustained tropical storm force winds to coastal Alabama. Wind gusts of 40 to 60 mph were recorded across southeast Mississippi and southwestern Alabama. The tropical storm force winds also downed several trees across the area.||The highest storm surge inundation values observed were between 3 to 4.5 feet MHHW across southern Mobile county up into the far north end of Mobile Bay. Storm surge surveys indicated the highest water levels were in the Bayou La Batre area along and near Shell Belt Road where peak water levels were in the 4 to 4.5 feet MHHW range.||The slow movement of the storm caused widespread flooding especially across southeast Mississippi and portions of southwest Alabama. Rainfall amounts of anywhere from 7 to 12 inches were recorded across southeast Mississippi and portions of southwest Alabama. This led to significant flash flooding along with significant river flooding.||Two tornadoes during the afternoon on August 30th. An EF-1 in northern Mobile County and an EF-1 in southern Clarke County.||Here is a breakdown of county impacts:||Stone County MS: Tropical storm force wind gusts downed several trees in Stone|County. Seven to ten inches of rain was recorded and one road had to be barricaded due to flooding. The low lying red creek and mill creek areas experienced flooding, impacting two RV parks.||George County MS: Eight to twelve inches of rain fell across George county which|resulted in significant flash flooding. A portion of Highway 26 collapsed just west of Lucedale, killing three people and injuring seven others. Eleven other roads were significantly flooded and had some form of washout or damage.||Mobile County AL: The west end of Dauphin Island was significantly impacted by Ida|from a combination of high surf, storm surge, and tropical storm force winds. Three miles of Bienville boulevard was impassable due to surge flooding and sand up to four feet deep. The high surf also produced minor damage to a few homes on the west end. Power poles were also knocked down on the island. Storm surge inundation peaked|between 3 and 4.5 feet MHHW across southern Mobile county up into the far north end of Mobile Bay. The highest tidal gauge readings were 3.78 feet MHHW at Coast Guard sector Mobile and 3.82 feet MHHW at the Bayou La Batre bridge. Storm surge surveys along Shell Belt road in Bayou La Batre indicated water lines that reached between 4-4.5 feet.||This surge flooding resulted in closures of low lying coastal roads, such as Shell Belt road, the US Highway 90 causeway, the foot of the Dog river bridge, and the Dauphin Island causeway. Coastal flooding persisted across three high tide cycles which resulted in prolonged closures. Observations at Dauphin Island and Buccaneer Yacht Club on|Mobile Bay measured brief sustained periods of tropical storm force winds between 40-45 mph. Gusts of 50 to 60 mph were recorded in heavier rain bands across central and southern Mobile county. An EF-1 tornado impacted parts of Saraland, Satsuma, and Creola early in the afternoon on August 30th, resulting in three injuries. Rainfall|totals of 8 to 11 inches were recorded across the county, especially in southern and central portions. This heavy rainfall led to some urban flooding in neighborhoods and damaged some drainage culverts.||Baldwin County AL: Storm surge inundation of 3 to 4 feet above normally dry ground was recorded from Weeks Bay northward. This resulted in flooding of low lying areas and closure of the US Highway 90 Causeway. Five to nine inches of rain was measured across Baldwin county, which resulted in areas of flash flooding. A portion of River Road along Styx River was washed out due to heavy rainfall and flooding. A few drainage culverts were also significant damaged in the county. Tropical storm conditions were confined primarily to immediate coastal areas, particularly along the Fort Morgan peninsula.||Clarke County AL: An EF-1 Tornado impacted portions of southern Clarke County, significantly damaging a couple of structures.||Escambia County FL: High surf of at least ten feet resulted in significant flooding and sand on coastal roadways along the Gulf Islands National Seashore. Portions of the road and access areas were closed for an extended period of time.||Santa Rosa County FL: High surf of at least ten feet resulted in significant flooding and sand along the Gulf Islands National Seashore. Portions of the road and access areas were closed for and extended period of time.||Okaloosa County FL: Strong rip currents produced by Ida resulted in two rip current fatalities in the wake of the storm. One occurred on September 1st when a 14 year old teen drowned off a Destin Beach. The other fatality occurred on September 4th when a 58 year old man drowned off Henderson Beach State Park.",Very heavy rainfall with 2 inch per hour rain rates fell over very saturated conditions and resulted in additional flash flooding. This resulted in the collapse of a portion of Highway 26 near Crossroads Road. Several vehicles drove into a 50 foot deep hole. Three people were killed and seven others were injured.
MS-ACTION-2021-08-29-governor-reeves-issues-state-of-emergency-ahead-of-hurrica,,Tate Reeves,Governor Reeves Issues State of Emergency Ahead of Hurricane Ida,2021-08-29,https://governorreeves.ms.gov/wp-json/wp/v2/posts/955,979255,162129,2021-08-29 06:25:00,2021-08-29 06:28:00,C,county/county-equivalent,45,HANCOCK,Tornado,,,0,0,10.00K,0.00K,NWS Storm Survey,"The ninth named storm, fourth hurricane, and second major hurricane of the 2021 Atlantic hurricane season, Ida originated from a tropical wave in the Caribbean Sea on August 23rd. On August 26th, the wave developed into a tropical depression, which organized further and became Tropical Storm Ida later that day, near Grand Cayman. On a northwestward track, Ida intensified into a hurricane on August 27, just before moving over western Cuba. A day later, the hurricane underwent rapid intensification over the Gulf of Mexico as it passed over a warm core eddy and reached major hurricane strength. It was just under 72 hours from tropical depression formation to category 4 strength with 150 mph winds. Ida remained at its peak intensity of 150 mph winds and a minimum central pressure of 929 millibars as it made landfall near Port Fourchon midday on August 29th. It didn���t weaken to a tropical storm until it reached near the Louisiana/Mississippi border.||Ida produced over a dozen tornadoes and light to moderate wind damage across southwestern and coastal Mississippi. Around 100,000 residents were without power. Around 100 homes were damaged, 6 destroyed. Storm surge inundation ranged from a few feet in Jackson County to 7 feet in Harrison County. Hurricane Ida caused approximately $10 million worth of damage.","A waterspout that crossed the Bay of St Louis moved into Diamondhead, crossing I-10 near Diamondhead Drive N where it damaged and peeled shingles off of the Memorial Woodland Village Rehabilitation and Nursing Center. It likely lifted shortly afterwards west of Gex Rd and Leisure Time Dr. Survey conducted remotely via high-res aerial photography. Estimated peak winds of 90 mph."
MS-ACTION-2021-08-29-governor-reeves-issues-state-of-emergency-ahead-of-hurrica,,Tate Reeves,Governor Reeves Issues State of Emergency Ahead of Hurricane Ida,2021-08-29,https://governorreeves.ms.gov/wp-json/wp/v2/posts/955,979260,162129,2021-08-29 18:59:00,2021-08-29 19:09:00,C,county/county-equivalent,45,HANCOCK,Tornado,,,0,0,50.00K,0.00K,NWS Storm Survey,"The ninth named storm, fourth hurricane, and second major hurricane of the 2021 Atlantic hurricane season, Ida originated from a tropical wave in the Caribbean Sea on August 23rd. On August 26th, the wave developed into a tropical depression, which organized further and became Tropical Storm Ida later that day, near Grand Cayman. On a northwestward track, Ida intensified into a hurricane on August 27, just before moving over western Cuba. A day later, the hurricane underwent rapid intensification over the Gulf of Mexico as it passed over a warm core eddy and reached major hurricane strength. It was just under 72 hours from tropical depression formation to category 4 strength with 150 mph winds. Ida remained at its peak intensity of 150 mph winds and a minimum central pressure of 929 millibars as it made landfall near Port Fourchon midday on August 29th. It didn���t weaken to a tropical storm until it reached near the Louisiana/Mississippi border.||Ida produced over a dozen tornadoes and light to moderate wind damage across southwestern and coastal Mississippi. Around 100,000 residents were without power. Around 100 homes were damaged, 6 destroyed. Storm surge inundation ranged from a few feet in Jackson County to 7 feet in Harrison County. Hurricane Ida caused approximately $10 million worth of damage.","A waterspout over Heron Bay moved inland across Hancock County Marsh Coastal Preserve. Numerous road signs and posts were blown over in the Magnolia Ridge area. The tornado tracked northwest across eastern and northern Pearlington. Numerous trees were uprooted and large branches snapped on Dean Road, Whipple Road, Russ Street and Napoleon-Westonia Road. Roof damage to multiple Roof homes on Dean Road was noted. Survey conducted remotely via high-res aerial photography. The true beginning and ending points of the track are unknown without the ability to perform a ground or aerial survey in the wake of Hurricane Ida. Estimated peak winds of 75 mph."
MS-ACTION-2021-08-29-governor-reeves-issues-state-of-emergency-ahead-of-hurrica,,Tate Reeves,Governor Reeves Issues State of Emergency Ahead of Hurricane Ida,2021-08-29,https://governorreeves.ms.gov/wp-json/wp/v2/posts/955,979262,162129,2021-08-29 21:11:00,2021-08-29 21:14:00,C,county/county-equivalent,45,HANCOCK,Tornado,,,0,0,250.00K,0.00K,NWS Storm Survey,"The ninth named storm, fourth hurricane, and second major hurricane of the 2021 Atlantic hurricane season, Ida originated from a tropical wave in the Caribbean Sea on August 23rd. On August 26th, the wave developed into a tropical depression, which organized further and became Tropical Storm Ida later that day, near Grand Cayman. On a northwestward track, Ida intensified into a hurricane on August 27, just before moving over western Cuba. A day later, the hurricane underwent rapid intensification over the Gulf of Mexico as it passed over a warm core eddy and reached major hurricane strength. It was just under 72 hours from tropical depression formation to category 4 strength with 150 mph winds. Ida remained at its peak intensity of 150 mph winds and a minimum central pressure of 929 millibars as it made landfall near Port Fourchon midday on August 29th. It didn���t weaken to a tropical storm until it reached near the Louisiana/Mississippi border.||Ida produced over a dozen tornadoes and light to moderate wind damage across southwestern and coastal Mississippi. Around 100,000 residents were without power. Around 100 homes were damaged, 6 destroyed. Storm surge inundation ranged from a few feet in Jackson County to 7 feet in Harrison County. Hurricane Ida caused approximately $10 million worth of damage.","A waterspout moved onshore near Morris St., Amar St., and Singleton St., damaging roofs on 8-10 houses in this neighborhood, and snapping or uprooting several trees. The tornado then tracked northwest, damaging roofs on 4-5 houses on Waveland Ave. and Sycamore St. There was evidence of roof damage to numerous apartments in the Oak Place Apartments near Hwy 90 and an additional 8-10 homes along Mediterranean St., Pacific St., and Danube St. The tornado likely lifted just south of Route 43/Kiln Rd in Hancock County, MS. Survey conducted remotely via high-res satellite imagery. Estimated peak winds of 80 mph."
MS-ACTION-2021-08-29-governor-reeves-issues-state-of-emergency-ahead-of-hurrica,,Tate Reeves,Governor Reeves Issues State of Emergency Ahead of Hurricane Ida,2021-08-29,https://governorreeves.ms.gov/wp-json/wp/v2/posts/955,979263,162129,2021-08-29 21:15:00,2021-08-29 21:18:00,C,county/county-equivalent,45,HANCOCK,Tornado,,,0,0,20.00K,0.00K,NWS Storm Survey,"The ninth named storm, fourth hurricane, and second major hurricane of the 2021 Atlantic hurricane season, Ida originated from a tropical wave in the Caribbean Sea on August 23rd. On August 26th, the wave developed into a tropical depression, which organized further and became Tropical Storm Ida later that day, near Grand Cayman. On a northwestward track, Ida intensified into a hurricane on August 27, just before moving over western Cuba. A day later, the hurricane underwent rapid intensification over the Gulf of Mexico as it passed over a warm core eddy and reached major hurricane strength. It was just under 72 hours from tropical depression formation to category 4 strength with 150 mph winds. Ida remained at its peak intensity of 150 mph winds and a minimum central pressure of 929 millibars as it made landfall near Port Fourchon midday on August 29th. It didn���t weaken to a tropical storm until it reached near the Louisiana/Mississippi border.||Ida produced over a dozen tornadoes and light to moderate wind damage across southwestern and coastal Mississippi. Around 100,000 residents were without power. Around 100 homes were damaged, 6 destroyed. Storm surge inundation ranged from a few feet in Jackson County to 7 feet in Harrison County. Hurricane Ida caused approximately $10 million worth of damage.","A waterspout moved onshore, causing damage to a couple of residential roofs near Daniel St and Jeff Davis Ave. The tornado then tracked northwest across Highway 90 before damaging several homes and snapping or uprooting several trees north of Route 43 between 3rd Ave and D Ave. The tornado likely lifted just southeast of Whale Avenue. Survey conducted remotely via high-res satellite imagery. Estimated peak winds of 80 mph."
MS-ACTION-2021-08-29-governor-reeves-issues-state-of-emergency-ahead-of-hurrica,,Tate Reeves,Governor Reeves Issues State of Emergency Ahead of Hurricane Ida,2021-08-29,https://governorreeves.ms.gov/wp-json/wp/v2/posts/955,979253,162129,2021-08-29 05:23:00,2021-08-29 05:25:00,C,county/county-equivalent,47,HARRISON,Tornado,,,0,0,50.00K,0.00K,NWS Storm Survey,"The ninth named storm, fourth hurricane, and second major hurricane of the 2021 Atlantic hurricane season, Ida originated from a tropical wave in the Caribbean Sea on August 23rd. On August 26th, the wave developed into a tropical depression, which organized further and became Tropical Storm Ida later that day, near Grand Cayman. On a northwestward track, Ida intensified into a hurricane on August 27, just before moving over western Cuba. A day later, the hurricane underwent rapid intensification over the Gulf of Mexico as it passed over a warm core eddy and reached major hurricane strength. It was just under 72 hours from tropical depression formation to category 4 strength with 150 mph winds. Ida remained at its peak intensity of 150 mph winds and a minimum central pressure of 929 millibars as it made landfall near Port Fourchon midday on August 29th. It didn���t weaken to a tropical storm until it reached near the Louisiana/Mississippi border.||Ida produced over a dozen tornadoes and light to moderate wind damage across southwestern and coastal Mississippi. Around 100,000 residents were without power. Around 100 homes were damaged, 6 destroyed. Storm surge inundation ranged from a few feet in Jackson County to 7 feet in Harrison County. Hurricane Ida caused approximately $10 million worth of damage.","A waterspout moved onshore near Railroad St and Henderson Ave where it caused minor roof damage to several houses. The most significant damage occurred near Witman Ave where a house sustained extensive roof damage and numerous trees were snapped or uprooted. The tornado tracked to the northwest, causing additional minor roof damage and snapped trees near Blue Lake Cove. It continued to move northwest where a roof was damaged near Prentiss Rd and Hillcrest Drive. Estimated peak winds of 90 mph."
MS-ACTION-2021-08-29-governor-reeves-issues-state-of-emergency-ahead-of-hurrica,,Tate Reeves,Governor Reeves Issues State of Emergency Ahead of Hurricane Ida,2021-08-29,https://governorreeves.ms.gov/wp-json/wp/v2/posts/955,979257,162129,2021-08-29 16:15:00,2021-08-29 16:19:00,C,county/county-equivalent,47,HARRISON,Tornado,,,0,0,100.00K,0.00K,NWS Storm Survey,"The ninth named storm, fourth hurricane, and second major hurricane of the 2021 Atlantic hurricane season, Ida originated from a tropical wave in the Caribbean Sea on August 23rd. On August 26th, the wave developed into a tropical depression, which organized further and became Tropical Storm Ida later that day, near Grand Cayman. On a northwestward track, Ida intensified into a hurricane on August 27, just before moving over western Cuba. A day later, the hurricane underwent rapid intensification over the Gulf of Mexico as it passed over a warm core eddy and reached major hurricane strength. It was just under 72 hours from tropical depression formation to category 4 strength with 150 mph winds. Ida remained at its peak intensity of 150 mph winds and a minimum central pressure of 929 millibars as it made landfall near Port Fourchon midday on August 29th. It didn���t weaken to a tropical storm until it reached near the Louisiana/Mississippi border.||Ida produced over a dozen tornadoes and light to moderate wind damage across southwestern and coastal Mississippi. Around 100,000 residents were without power. Around 100 homes were damaged, 6 destroyed. Storm surge inundation ranged from a few feet in Jackson County to 7 feet in Harrison County. Hurricane Ida caused approximately $10 million worth of damage.",The tornado developed just to the north of East Railroad Street along Gulf Ave where several large tree limbs were snapped. It continued northwest producing sporadic tree damage. The most significant damage was noted as it crossed 27th Street where numerous large limbs were snapped and a large oak tree was uprooted onto two houses. An older house lost part of its roof as the tornado crossed Broadmoore Pl. The tornado weakened as it crossed 28th Street and dissipated north of Pass Rd where some minor siding damage was noted to an older strip mall. Estimated peak winds of 85 mph.
MS-ACTION-2021-08-29-governor-reeves-issues-state-of-emergency-ahead-of-hurrica,,Tate Reeves,Governor Reeves Issues State of Emergency Ahead of Hurricane Ida,2021-08-29,https://governorreeves.ms.gov/wp-json/wp/v2/posts/955,980447,162129,2021-08-29 21:37:00,2021-08-29 21:38:00,C,county/county-equivalent,47,HARRISON,Tornado,,,0,0,100.00K,0.00K,NWS Storm Survey,"The ninth named storm, fourth hurricane, and second major hurricane of the 2021 Atlantic hurricane season, Ida originated from a tropical wave in the Caribbean Sea on August 23rd. On August 26th, the wave developed into a tropical depression, which organized further and became Tropical Storm Ida later that day, near Grand Cayman. On a northwestward track, Ida intensified into a hurricane on August 27, just before moving over western Cuba. A day later, the hurricane underwent rapid intensification over the Gulf of Mexico as it passed over a warm core eddy and reached major hurricane strength. It was just under 72 hours from tropical depression formation to category 4 strength with 150 mph winds. Ida remained at its peak intensity of 150 mph winds and a minimum central pressure of 929 millibars as it made landfall near Port Fourchon midday on August 29th. It didn���t weaken to a tropical storm until it reached near the Louisiana/Mississippi border.||Ida produced over a dozen tornadoes and light to moderate wind damage across southwestern and coastal Mississippi. Around 100,000 residents were without power. Around 100 homes were damaged, 6 destroyed. Storm surge inundation ranged from a few feet in Jackson County to 7 feet in Harrison County. Hurricane Ida caused approximately $10 million worth of damage.","A likely waterspout moved onshore near Hwy 90 and Fort Henry Ave. It caused damage to trees and a detached garage on Fort Henry Ave. The tornado then moved north-northwest, damaging several roofs in a subdivision near Bayview St, and snapping trees and power lines. The tornado continued on its north-northwestward track, downing trees and causing additional damage to houses on Louisiana Ave. It lifted near Livingston Drive. Survey conducted remotely via high-res satellite imagery."
MS-ACTION-2021-08-29-governor-reeves-issues-state-of-emergency-ahead-of-hurrica,,Tate Reeves,Governor Reeves Issues State of Emergency Ahead of Hurricane Ida,2021-08-29,https://governorreeves.ms.gov/wp-json/wp/v2/posts/955,980448,162129,2021-08-30 03:18:00,2021-08-30 03:19:00,C,county/county-equivalent,47,HARRISON,Tornado,,,0,0,50.00K,0.00K,NWS Storm Survey,"The ninth named storm, fourth hurricane, and second major hurricane of the 2021 Atlantic hurricane season, Ida originated from a tropical wave in the Caribbean Sea on August 23rd. On August 26th, the wave developed into a tropical depression, which organized further and became Tropical Storm Ida later that day, near Grand Cayman. On a northwestward track, Ida intensified into a hurricane on August 27, just before moving over western Cuba. A day later, the hurricane underwent rapid intensification over the Gulf of Mexico as it passed over a warm core eddy and reached major hurricane strength. It was just under 72 hours from tropical depression formation to category 4 strength with 150 mph winds. Ida remained at its peak intensity of 150 mph winds and a minimum central pressure of 929 millibars as it made landfall near Port Fourchon midday on August 29th. It didn���t weaken to a tropical storm until it reached near the Louisiana/Mississippi border.||Ida produced over a dozen tornadoes and light to moderate wind damage across southwestern and coastal Mississippi. Around 100,000 residents were without power. Around 100 homes were damaged, 6 destroyed. Storm surge inundation ranged from a few feet in Jackson County to 7 feet in Harrison County. Hurricane Ida caused approximately $10 million worth of damage.","A brief tornado touched down about one-quarter mile southwest of Keesler Air Force Base in Biloxi, MS. Several houses sustained minor wind damage along Miramar Ave and Clower St. Large branches were also snapped in this area. The tornado lifted quickly but not before producing more damage farther northwest along its path, including minor roof damage to several apartment buildings along Iberville Dr. A few hardwood trees fell in a wooded area just to the west of the apartment complex. Survey conducted remotely via high-res aerial photography."
MS-ACTION-2021-08-29-governor-reeves-issues-state-of-emergency-ahead-of-hurrica,,Tate Reeves,Governor Reeves Issues State of Emergency Ahead of Hurricane Ida,2021-08-29,https://governorreeves.ms.gov/wp-json/wp/v2/posts/955,980449,162129,2021-08-30 04:55:00,2021-08-30 04:56:00,C,county/county-equivalent,47,HARRISON,Tornado,,,0,0,50.00K,0.00K,NWS Storm Survey,"The ninth named storm, fourth hurricane, and second major hurricane of the 2021 Atlantic hurricane season, Ida originated from a tropical wave in the Caribbean Sea on August 23rd. On August 26th, the wave developed into a tropical depression, which organized further and became Tropical Storm Ida later that day, near Grand Cayman. On a northwestward track, Ida intensified into a hurricane on August 27, just before moving over western Cuba. A day later, the hurricane underwent rapid intensification over the Gulf of Mexico as it passed over a warm core eddy and reached major hurricane strength. It was just under 72 hours from tropical depression formation to category 4 strength with 150 mph winds. Ida remained at its peak intensity of 150 mph winds and a minimum central pressure of 929 millibars as it made landfall near Port Fourchon midday on August 29th. It didn���t weaken to a tropical storm until it reached near the Louisiana/Mississippi border.||Ida produced over a dozen tornadoes and light to moderate wind damage across southwestern and coastal Mississippi. Around 100,000 residents were without power. Around 100 homes were damaged, 6 destroyed. Storm surge inundation ranged from a few feet in Jackson County to 7 feet in Harrison County. Hurricane Ida caused approximately $10 million worth of damage.","A brief tornado tracked north for approximately a half mile in Biloxi, downing trees and snapping large branches, and causing roof damage to several homes along Howard Ave., Peyton Dr., Keller Ave., and Esters Blvd. Roof damage to a small office complex at the corner of Division St. and Keller Ave. and several nearby houses was also noted. Survey conducted remotely via high-res aerial photography."
MS-ACTION-2021-08-29-governor-reeves-issues-state-of-emergency-ahead-of-hurrica,,Tate Reeves,Governor Reeves Issues State of Emergency Ahead of Hurricane Ida,2021-08-29,https://governorreeves.ms.gov/wp-json/wp/v2/posts/955,980450,162129,2021-08-30 07:44:00,2021-08-30 07:45:00,C,county/county-equivalent,47,HARRISON,Tornado,,,0,0,50.00K,0.00K,NWS Storm Survey,"The ninth named storm, fourth hurricane, and second major hurricane of the 2021 Atlantic hurricane season, Ida originated from a tropical wave in the Caribbean Sea on August 23rd. On August 26th, the wave developed into a tropical depression, which organized further and became Tropical Storm Ida later that day, near Grand Cayman. On a northwestward track, Ida intensified into a hurricane on August 27, just before moving over western Cuba. A day later, the hurricane underwent rapid intensification over the Gulf of Mexico as it passed over a warm core eddy and reached major hurricane strength. It was just under 72 hours from tropical depression formation to category 4 strength with 150 mph winds. Ida remained at its peak intensity of 150 mph winds and a minimum central pressure of 929 millibars as it made landfall near Port Fourchon midday on August 29th. It didn���t weaken to a tropical storm until it reached near the Louisiana/Mississippi border.||Ida produced over a dozen tornadoes and light to moderate wind damage across southwestern and coastal Mississippi. Around 100,000 residents were without power. Around 100 homes were damaged, 6 destroyed. Storm surge inundation ranged from a few feet in Jackson County to 7 feet in Harrison County. Hurricane Ida caused approximately $10 million worth of damage.","An EF-0 tornado snapped numerous trees and damaged several roofs in the neighborhood between 26th and 28th Streets and Roberts and Hewes Avenues. It then tracked northeast for at least a half mile, producing minor roof damage and uprooting several trees on 30th Street and D Avenue. Survey conducted remotely via high-res aerial photography. The track may have continued briefly beyond this point, but imagery was unavailable."
MS-ACTION-2021-08-29-governor-reeves-issues-state-of-emergency-ahead-of-hurrica,,Tate Reeves,Governor Reeves Issues State of Emergency Ahead of Hurricane Ida,2021-08-29,https://governorreeves.ms.gov/wp-json/wp/v2/posts/955,980451,162129,2021-08-30 07:49:00,2021-08-30 07:51:00,C,county/county-equivalent,47,HARRISON,Tornado,,,0,0,100.00K,0.00K,NWS Storm Survey,"The ninth named storm, fourth hurricane, and second major hurricane of the 2021 Atlantic hurricane season, Ida originated from a tropical wave in the Caribbean Sea on August 23rd. On August 26th, the wave developed into a tropical depression, which organized further and became Tropical Storm Ida later that day, near Grand Cayman. On a northwestward track, Ida intensified into a hurricane on August 27, just before moving over western Cuba. A day later, the hurricane underwent rapid intensification over the Gulf of Mexico as it passed over a warm core eddy and reached major hurricane strength. It was just under 72 hours from tropical depression formation to category 4 strength with 150 mph winds. Ida remained at its peak intensity of 150 mph winds and a minimum central pressure of 929 millibars as it made landfall near Port Fourchon midday on August 29th. It didn���t weaken to a tropical storm until it reached near the Louisiana/Mississippi border.||Ida produced over a dozen tornadoes and light to moderate wind damage across southwestern and coastal Mississippi. Around 100,000 residents were without power. Around 100 homes were damaged, 6 destroyed. Storm surge inundation ranged from a few feet in Jackson County to 7 feet in Harrison County. Hurricane Ida caused approximately $10 million worth of damage.","A waterspout moved onshore near the Great Southern Golf Club. Several snapped and uprooted trees were noted in this area and in a wooded area to the northeast of the club. The tornado tracked to the north-northeast, causing damage to several homes along Palmer Dr near Magazine Cir, Oakridge Cir, Hayden Dri, and Lipscomb Ct. A path of downed trees was noted just north of Oakridge Cir. Roof panels were missing from a storage facility building on E Pass Rd. The tornado crossed Debuys Rd and ripped siding off a house on Rainbow Dr. A fence, trees, and large branches were also downed on Rainbow Dr. The tornado lifted shortly thereafter. Survey conducted remotely via high-res aerial photography."
MS-ACTION-2021-08-29-governor-reeves-issues-state-of-emergency-ahead-of-hurrica,,Tate Reeves,Governor Reeves Issues State of Emergency Ahead of Hurricane Ida,2021-08-29,https://governorreeves.ms.gov/wp-json/wp/v2/posts/955,980452,162129,2021-08-30 07:50:00,2021-08-30 07:55:00,C,county/county-equivalent,47,HARRISON,Tornado,,,0,0,100.00K,0.00K,NWS Storm Survey,"The ninth named storm, fourth hurricane, and second major hurricane of the 2021 Atlantic hurricane season, Ida originated from a tropical wave in the Caribbean Sea on August 23rd. On August 26th, the wave developed into a tropical depression, which organized further and became Tropical Storm Ida later that day, near Grand Cayman. On a northwestward track, Ida intensified into a hurricane on August 27, just before moving over western Cuba. A day later, the hurricane underwent rapid intensification over the Gulf of Mexico as it passed over a warm core eddy and reached major hurricane strength. It was just under 72 hours from tropical depression formation to category 4 strength with 150 mph winds. Ida remained at its peak intensity of 150 mph winds and a minimum central pressure of 929 millibars as it made landfall near Port Fourchon midday on August 29th. It didn���t weaken to a tropical storm until it reached near the Louisiana/Mississippi border.||Ida produced over a dozen tornadoes and light to moderate wind damage across southwestern and coastal Mississippi. Around 100,000 residents were without power. Around 100 homes were damaged, 6 destroyed. Storm surge inundation ranged from a few feet in Jackson County to 7 feet in Harrison County. Hurricane Ida caused approximately $10 million worth of damage.","A tornado touched down just north of the Edgewater Mall near Rue Petit Bois where it uprooted a tree and caused minor roof damage. Numerous shingles were missing from a bank on Pass Road and a portion of a roof was torn off a Dunkin Donuts. The tornado tracked north-northeast and produced minor roof damage and downed trees along Lakeview Drive and Fairview Drive. Shingles were missing from an apartment complex on Big Lake Road. A convergent pattern was evident in the tall marshy grass along the south shore of Big Lake. The tornado crossed Big Lake and caused minor damage to several homes near the Sunkist Country Club, including along Barrett Road, Rue Maison, Lackland Drive, and Club Moss Drive. Survey conducted remotely via high-res aerial photography. Peak estimated winds of 85 mph."
MS-ACTION-2021-08-29-governor-reeves-issues-state-of-emergency-ahead-of-hurrica,,Tate Reeves,Governor Reeves Issues State of Emergency Ahead of Hurricane Ida,2021-08-29,https://governorreeves.ms.gov/wp-json/wp/v2/posts/955,980453,162129,2021-08-30 07:56:00,2021-08-30 07:58:00,C,county/county-equivalent,47,HARRISON,Tornado,,,0,0,150.00K,0.00K,NWS Storm Survey,"The ninth named storm, fourth hurricane, and second major hurricane of the 2021 Atlantic hurricane season, Ida originated from a tropical wave in the Caribbean Sea on August 23rd. On August 26th, the wave developed into a tropical depression, which organized further and became Tropical Storm Ida later that day, near Grand Cayman. On a northwestward track, Ida intensified into a hurricane on August 27, just before moving over western Cuba. A day later, the hurricane underwent rapid intensification over the Gulf of Mexico as it passed over a warm core eddy and reached major hurricane strength. It was just under 72 hours from tropical depression formation to category 4 strength with 150 mph winds. Ida remained at its peak intensity of 150 mph winds and a minimum central pressure of 929 millibars as it made landfall near Port Fourchon midday on August 29th. It didn���t weaken to a tropical storm until it reached near the Louisiana/Mississippi border.||Ida produced over a dozen tornadoes and light to moderate wind damage across southwestern and coastal Mississippi. Around 100,000 residents were without power. Around 100 homes were damaged, 6 destroyed. Storm surge inundation ranged from a few feet in Jackson County to 7 feet in Harrison County. Hurricane Ida caused approximately $10 million worth of damage.","A tornado touched down just north of the Mississippi Coast Coliseum. A half dozen houses along Pinewood Dr and Arbor Dr sustained minor roof damage. An air conditioner was blown off its pad and several trees and large branches were snapped. The tornado tracked north across Pass Rd where a portion of the roof was torn off a restaurant and bank, and several trees were downed in an adjoining parking lot. The tornado then tracked to the north-northwest, eventually crossing Popps Ferry Rd toward Carter Rd, Martin Rd, and Old Bay Rd. Numerous houses with shingle damage, downed fences and a few downed trees were noted in the tornado's path. The tornado tracked along Carmargue Ln and either dissipated shortly thereafter or continued as waterspout in Big Lake. Survey conducted remotely via high-res aerial photography. Estimated peak winds of 80 mph."
MS-ACTION-2021-08-29-governor-reeves-issues-state-of-emergency-ahead-of-hurrica,,Tate Reeves,Governor Reeves Issues State of Emergency Ahead of Hurricane Ida,2021-08-29,https://governorreeves.ms.gov/wp-json/wp/v2/posts/955,978202,160871,2021-09-01 18:03:00,2021-09-01 18:03:00,C,county/county-equivalent,49,HINDS,Thunderstorm Wind,52.0,EG,0,0,50.00K,0.00K,Emergency Manager,"A front dropped south into the ArkLaMiss region. Ahead of this front, warming occurred which combined with ample moisture to produce thunderstorms. Some storms were severe with damaging winds being the primary concern.",Trees were blown down and blocked the roadway on Jackson Raymond Road near Springridge Road. One tree fell onto a house on Springridge Road.
MS-ACTION-2021-08-29-governor-reeves-issues-state-of-emergency-ahead-of-hurrica,,Tate Reeves,Governor Reeves Issues State of Emergency Ahead of Hurricane Ida,2021-08-29,https://governorreeves.ms.gov/wp-json/wp/v2/posts/955,978203,160871,2021-09-01 19:38:00,2021-09-01 19:38:00,C,county/county-equivalent,49,HINDS,Thunderstorm Wind,52.0,EG,0,0,10.00K,0.00K,Emergency Manager,"A front dropped south into the ArkLaMiss region. Ahead of this front, warming occurred which combined with ample moisture to produce thunderstorms. Some storms were severe with damaging winds being the primary concern.",Several trees were blown down in Byram. Trees blocked the roadway at Springridge Road and Owens Road. Trees also blocked the roadway on Siwell Road at Byram Estates.
MS-ACTION-2021-08-29-governor-reeves-issues-state-of-emergency-ahead-of-hurrica,,Tate Reeves,Governor Reeves Issues State of Emergency Ahead of Hurricane Ida,2021-08-29,https://governorreeves.ms.gov/wp-json/wp/v2/posts/955,977711,160871,2021-09-01 15:35:00,2021-09-01 15:49:00,C,county/county-equivalent,51,HOLMES,Thunderstorm Wind,52.0,EG,0,0,10.00K,0.00K,Law Enforcement,"A front dropped south into the ArkLaMiss region. Ahead of this front, warming occurred which combined with ample moisture to produce thunderstorms. Some storms were severe with damaging winds being the primary concern.",Several trees were blown down in eastern Holmes County.
MS-ACTION-2021-08-29-governor-reeves-issues-state-of-emergency-ahead-of-hurrica,,Tate Reeves,Governor Reeves Issues State of Emergency Ahead of Hurricane Ida,2021-08-29,https://governorreeves.ms.gov/wp-json/wp/v2/posts/955,980454,162129,2021-08-30 09:37:00,2021-08-30 09:57:00,C,county/county-equivalent,59,JACKSON,Tornado,,,0,0,200.00K,0.00K,NWS Employee,"The ninth named storm, fourth hurricane, and second major hurricane of the 2021 Atlantic hurricane season, Ida originated from a tropical wave in the Caribbean Sea on August 23rd. On August 26th, the wave developed into a tropical depression, which organized further and became Tropical Storm Ida later that day, near Grand Cayman. On a northwestward track, Ida intensified into a hurricane on August 27, just before moving over western Cuba. A day later, the hurricane underwent rapid intensification over the Gulf of Mexico as it passed over a warm core eddy and reached major hurricane strength. It was just under 72 hours from tropical depression formation to category 4 strength with 150 mph winds. Ida remained at its peak intensity of 150 mph winds and a minimum central pressure of 929 millibars as it made landfall near Port Fourchon midday on August 29th. It didn���t weaken to a tropical storm until it reached near the Louisiana/Mississippi border.||Ida produced over a dozen tornadoes and light to moderate wind damage across southwestern and coastal Mississippi. Around 100,000 residents were without power. Around 100 homes were damaged, 6 destroyed. Storm surge inundation ranged from a few feet in Jackson County to 7 feet in Harrison County. Hurricane Ida caused approximately $10 million worth of damage.","A waterspout came onshore south of Ingalls Ave. Damage was observed as large tree limbs down on property on General Lee St. The weak tornado continued northwest crossing US Hwy 90, and causing damage to a home on Amonett St. More clustered damage was noted through Moss Point as the tornado continued northwest. This damage consisted of homes with roofing, fence, siding and window damage. The tornado crossed MS Hwy 63 and eventually I-10. It also caused light roof damage to homes along Coda Rd. The tornado likely dissipated north of Poppy Drive. Survey conducted remotely via high-res satellite imagery. Estimated peak winds of 75 mph."
MS-ACTION-2021-08-29-governor-reeves-issues-state-of-emergency-ahead-of-hurrica,,Tate Reeves,Governor Reeves Issues State of Emergency Ahead of Hurricane Ida,2021-08-29,https://governorreeves.ms.gov/wp-json/wp/v2/posts/955,978880,162129,2021-08-30 12:00:00,2021-08-31 00:00:00,C,county/county-equivalent,59,JACKSON,Flash Flood,,,0,0,0.00K,0.00K,Emergency Manager,"The ninth named storm, fourth hurricane, and second major hurricane of the 2021 Atlantic hurricane season, Ida originated from a tropical wave in the Caribbean Sea on August 23rd. On August 26th, the wave developed into a tropical depression, which organized further and became Tropical Storm Ida later that day, near Grand Cayman. On a northwestward track, Ida intensified into a hurricane on August 27, just before moving over western Cuba. A day later, the hurricane underwent rapid intensification over the Gulf of Mexico as it passed over a warm core eddy and reached major hurricane strength. It was just under 72 hours from tropical depression formation to category 4 strength with 150 mph winds. Ida remained at its peak intensity of 150 mph winds and a minimum central pressure of 929 millibars as it made landfall near Port Fourchon midday on August 29th. It didn���t weaken to a tropical storm until it reached near the Louisiana/Mississippi border.||Ida produced over a dozen tornadoes and light to moderate wind damage across southwestern and coastal Mississippi. Around 100,000 residents were without power. Around 100 homes were damaged, 6 destroyed. Storm surge inundation ranged from a few feet in Jackson County to 7 feet in Harrison County. Hurricane Ida caused approximately $10 million worth of damage.","Heavy rainfall of 10-13 inches fell across much of the county, leading to flash flooding. Approximately 22 water rescues occurred, both from homes and from cars, with 15 in Moss Point. Approximately 150 roads were covered in water, cutting off at least 300 homes and businesses at the height of the flooding. County damage assessments indicate 124 private dwellings with confirmed damage due to either leaking roofs or from flood waters, mostly east of the Pascagoula River. 3 businesses and 13 public buildings were also damaged by water."
MS-ACTION-2021-08-29-governor-reeves-issues-state-of-emergency-ahead-of-hurrica,,Tate Reeves,Governor Reeves Issues State of Emergency Ahead of Hurricane Ida,2021-08-29,https://governorreeves.ms.gov/wp-json/wp/v2/posts/955,974390,160593,2021-08-30 06:43:00,2021-08-30 10:00:00,C,county/county-equivalent,67,JONES,Flash Flood,,,0,0,5.00K,0.00K,Emergency Manager,"Major hurricane Ida made landfall as a strong category four hurricane around 11:55am on August 29 near Grand Isle, LA. It then moved very slowly north through south central Louisiana and into Mississippi on August 30. It then turned northeast and moved across the Jackson metro area as a tropical storm and into northeast Mississippi as a tropical depression through the early morning of August 31. Ida brought tropical storm force gusts to portions of Mississippi, which brought down trees and power lines. Rainfall amounts of 4-8 inches occurred, which resulted in localized flooding.",Heavy rainfall from Tropical Storm Ida resulted in flash flooding across Jones County. The intersection of Monroe Road and Emmons Road was underwater as well as a one eight mile stretch of RV Lindley Road.
MS-ACTION-2021-08-29-governor-reeves-issues-state-of-emergency-ahead-of-hurrica,,Tate Reeves,Governor Reeves Issues State of Emergency Ahead of Hurricane Ida,2021-08-29,https://governorreeves.ms.gov/wp-json/wp/v2/posts/955,984678,160593,2021-08-30 08:09:00,2021-08-30 10:00:00,C,county/county-equivalent,67,JONES,Flash Flood,,,0,0,10.00K,0.00K,Emergency Manager,"Major hurricane Ida made landfall as a strong category four hurricane around 11:55am on August 29 near Grand Isle, LA. It then moved very slowly north through south central Louisiana and into Mississippi on August 30. It then turned northeast and moved across the Jackson metro area as a tropical storm and into northeast Mississippi as a tropical depression through the early morning of August 31. Ida brought tropical storm force gusts to portions of Mississippi, which brought down trees and power lines. Rainfall amounts of 4-8 inches occurred, which resulted in localized flooding.","Heavy rainfall from Tropical Storm Ida resulted in flash flooding across Jones County. The intersection of Hines Road and Service Road was flooded. Several streets in Laurel were flooded including 5th Street, 16th Avenue and Jefferson Street at Leontyne Boulevard."
MS-ACTION-2021-08-29-governor-reeves-issues-state-of-emergency-ahead-of-hurrica,,Tate Reeves,Governor Reeves Issues State of Emergency Ahead of Hurricane Ida,2021-08-29,https://governorreeves.ms.gov/wp-json/wp/v2/posts/955,974655,160593,2021-08-30 14:50:00,2021-08-30 16:30:00,C,county/county-equivalent,69,KEMPER,Flash Flood,,,0,0,5.00K,0.00K,Emergency Manager,"Major hurricane Ida made landfall as a strong category four hurricane around 11:55am on August 29 near Grand Isle, LA. It then moved very slowly north through south central Louisiana and into Mississippi on August 30. It then turned northeast and moved across the Jackson metro area as a tropical storm and into northeast Mississippi as a tropical depression through the early morning of August 31. Ida brought tropical storm force gusts to portions of Mississippi, which brought down trees and power lines. Rainfall amounts of 4-8 inches occurred, which resulted in localized flooding.",Heavy rainfall from Tropical Storm Ida resulted in several instances of flash flooding across portions of Kemper County.
MS-ACTION-2021-08-29-governor-reeves-issues-state-of-emergency-ahead-of-hurrica,,Tate Reeves,Governor Reeves Issues State of Emergency Ahead of Hurricane Ida,2021-08-29,https://governorreeves.ms.gov/wp-json/wp/v2/posts/955,974657,160593,2021-08-30 14:00:00,2021-08-30 16:50:00,C,county/county-equivalent,75,LAUDERDALE,Flash Flood,,,0,0,30.00K,0.00K,Emergency Manager,"Major hurricane Ida made landfall as a strong category four hurricane around 11:55am on August 29 near Grand Isle, LA. It then moved very slowly north through south central Louisiana and into Mississippi on August 30. It then turned northeast and moved across the Jackson metro area as a tropical storm and into northeast Mississippi as a tropical depression through the early morning of August 31. Ida brought tropical storm force gusts to portions of Mississippi, which brought down trees and power lines. Rainfall amounts of 4-8 inches occurred, which resulted in localized flooding.",Heavy rainfall from Tropical Storm Ida resulted in the flooding of several streets across the city of Meridian.
MS-ACTION-2021-08-29-governor-reeves-issues-state-of-emergency-ahead-of-hurrica,,Tate Reeves,Governor Reeves Issues State of Emergency Ahead of Hurricane Ida,2021-08-29,https://governorreeves.ms.gov/wp-json/wp/v2/posts/955,985610,160593,2021-08-30 18:00:00,2021-08-30 18:50:00,C,county/county-equivalent,75,LAUDERDALE,Flash Flood,,,0,0,400.00K,0.00K,Emergency Manager,"Major hurricane Ida made landfall as a strong category four hurricane around 11:55am on August 29 near Grand Isle, LA. It then moved very slowly north through south central Louisiana and into Mississippi on August 30. It then turned northeast and moved across the Jackson metro area as a tropical storm and into northeast Mississippi as a tropical depression through the early morning of August 31. Ida brought tropical storm force gusts to portions of Mississippi, which brought down trees and power lines. Rainfall amounts of 4-8 inches occurred, which resulted in localized flooding.",Numerous homes were flooded in the Van Zyverden area.
MS-ACTION-2021-08-29-governor-reeves-issues-state-of-emergency-ahead-of-hurrica,,Tate Reeves,Governor Reeves Issues State of Emergency Ahead of Hurricane Ida,2021-08-29,https://governorreeves.ms.gov/wp-json/wp/v2/posts/955,978191,160871,2021-09-01 16:02:00,2021-09-01 16:36:00,C,county/county-equivalent,79,LEAKE,Thunderstorm Wind,52.0,EG,0,0,10.00K,0.00K,Emergency Manager,"A front dropped south into the ArkLaMiss region. Ahead of this front, warming occurred which combined with ample moisture to produce thunderstorms. Some storms were severe with damaging winds being the primary concern.",Multiple trees were blown down scattered around the county.
MS-ACTION-2021-08-29-governor-reeves-issues-state-of-emergency-ahead-of-hurrica,,Tate Reeves,Governor Reeves Issues State of Emergency Ahead of Hurricane Ida,2021-08-29,https://governorreeves.ms.gov/wp-json/wp/v2/posts/955,974975,160593,2021-08-30 19:30:00,2021-08-30 20:27:00,C,county/county-equivalent,87,LOWNDES,Flash Flood,,,0,0,25.00K,0.00K,Emergency Manager,"Major hurricane Ida made landfall as a strong category four hurricane around 11:55am on August 29 near Grand Isle, LA. It then moved very slowly north through south central Louisiana and into Mississippi on August 30. It then turned northeast and moved across the Jackson metro area as a tropical storm and into northeast Mississippi as a tropical depression through the early morning of August 31. Ida brought tropical storm force gusts to portions of Mississippi, which brought down trees and power lines. Rainfall amounts of 4-8 inches occurred, which resulted in localized flooding.",Heavy rainfall from Tropical Depression Ida resulted in several instance of flash flooding in the city of Columbus. Hospital Drive was flooded with water backed up into an apartment complex. Portions of 4th Street were also flooded with water entering a home.
MS-ACTION-2021-08-29-governor-reeves-issues-state-of-emergency-ahead-of-hurrica,,Tate Reeves,Governor Reeves Issues State of Emergency Ahead of Hurricane Ida,2021-08-29,https://governorreeves.ms.gov/wp-json/wp/v2/posts/955,977690,160871,2021-09-01 12:11:00,2021-09-01 12:22:00,C,county/county-equivalent,87,LOWNDES,Thunderstorm Wind,50.0,EG,0,0,3.00K,0.00K,Emergency Manager,"A front dropped south into the ArkLaMiss region. Ahead of this front, warming occurred which combined with ample moisture to produce thunderstorms. Some storms were severe with damaging winds being the primary concern.",A tree was blown down on Ott Road and another tree was blown down across Border Springs Road.
MS-ACTION-2021-08-29-governor-reeves-issues-state-of-emergency-ahead-of-hurrica,,Tate Reeves,Governor Reeves Issues State of Emergency Ahead of Hurricane Ida,2021-08-29,https://governorreeves.ms.gov/wp-json/wp/v2/posts/955,977692,160871,2021-09-01 14:30:00,2021-09-01 14:30:00,C,county/county-equivalent,87,LOWNDES,Thunderstorm Wind,50.0,EG,0,0,5.00K,0.00K,Emergency Manager,"A front dropped south into the ArkLaMiss region. Ahead of this front, warming occurred which combined with ample moisture to produce thunderstorms. Some storms were severe with damaging winds being the primary concern.",Trees were blown down on West Plymouth Road and Tibbee Drive.
MS-ACTION-2021-08-29-governor-reeves-issues-state-of-emergency-ahead-of-hurrica,,Tate Reeves,Governor Reeves Issues State of Emergency Ahead of Hurricane Ida,2021-08-29,https://governorreeves.ms.gov/wp-json/wp/v2/posts/955,977693,160871,2021-09-01 14:40:00,2021-09-01 14:42:00,C,county/county-equivalent,87,LOWNDES,Thunderstorm Wind,50.0,EG,0,0,3.00K,0.00K,Emergency Manager,"A front dropped south into the ArkLaMiss region. Ahead of this front, warming occurred which combined with ample moisture to produce thunderstorms. Some storms were severe with damaging winds being the primary concern.",A tree was blown down on Robinson Road and another tree was blown down on Evans Road.
MS-ACTION-2021-08-29-governor-reeves-issues-state-of-emergency-ahead-of-hurrica,,Tate Reeves,Governor Reeves Issues State of Emergency Ahead of Hurricane Ida,2021-08-29,https://governorreeves.ms.gov/wp-json/wp/v2/posts/955,977696,160871,2021-09-01 15:11:00,2021-09-01 15:11:00,C,county/county-equivalent,87,LOWNDES,Thunderstorm Wind,50.0,EG,0,0,3.00K,0.00K,Emergency Manager,"A front dropped south into the ArkLaMiss region. Ahead of this front, warming occurred which combined with ample moisture to produce thunderstorms. Some storms were severe with damaging winds being the primary concern.",A tree was blown down on Mississippi Highway 69 near the Alabama state line.
MS-ACTION-2021-08-29-governor-reeves-issues-state-of-emergency-ahead-of-hurrica,,Tate Reeves,Governor Reeves Issues State of Emergency Ahead of Hurricane Ida,2021-08-29,https://governorreeves.ms.gov/wp-json/wp/v2/posts/955,978196,160871,2021-09-01 16:45:00,2021-09-01 17:23:00,C,county/county-equivalent,89,MADISON,Thunderstorm Wind,53.0,EG,0,0,10.00K,0.00K,Law Enforcement,"A front dropped south into the ArkLaMiss region. Ahead of this front, warming occurred which combined with ample moisture to produce thunderstorms. Some storms were severe with damaging winds being the primary concern.","Several trees were blown down across Madison County, including one that fell across Stribling Road Ext."
MS-ACTION-2021-08-29-governor-reeves-issues-state-of-emergency-ahead-of-hurrica,,Tate Reeves,Governor Reeves Issues State of Emergency Ahead of Hurricane Ida,2021-08-29,https://governorreeves.ms.gov/wp-json/wp/v2/posts/955,977697,160871,2021-09-01 15:29:00,2021-09-01 16:02:00,C,county/county-equivalent,99,NESHOBA,Thunderstorm Wind,50.0,EG,0,0,15.00K,0.00K,Emergency Manager,"A front dropped south into the ArkLaMiss region. Ahead of this front, warming occurred which combined with ample moisture to produce thunderstorms. Some storms were severe with damaging winds being the primary concern.",Several trees were blown down across Neshoba County.
MS-ACTION-2021-08-29-governor-reeves-issues-state-of-emergency-ahead-of-hurrica,,Tate Reeves,Governor Reeves Issues State of Emergency Ahead of Hurricane Ida,2021-08-29,https://governorreeves.ms.gov/wp-json/wp/v2/posts/955,978198,160871,2021-09-01 17:20:00,2021-09-01 17:20:00,C,county/county-equivalent,101,NEWTON,Thunderstorm Wind,55.0,EG,0,0,35.00K,0.00K,Emergency Manager,"A front dropped south into the ArkLaMiss region. Ahead of this front, warming occurred which combined with ample moisture to produce thunderstorms. Some storms were severe with damaging winds being the primary concern.",Structural damage occurred and trees were blown down along Highway 80 between Hickory and Newton.
MS-ACTION-2021-08-29-governor-reeves-issues-state-of-emergency-ahead-of-hurrica,,Tate Reeves,Governor Reeves Issues State of Emergency Ahead of Hurricane Ida,2021-08-29,https://governorreeves.ms.gov/wp-json/wp/v2/posts/955,978893,162129,2021-08-29 04:00:00,2021-08-30 19:00:00,C,county/county-equivalent,113,PIKE,Heavy Rain,,,0,0,0.00K,0.00K,Emergency Manager,"The ninth named storm, fourth hurricane, and second major hurricane of the 2021 Atlantic hurricane season, Ida originated from a tropical wave in the Caribbean Sea on August 23rd. On August 26th, the wave developed into a tropical depression, which organized further and became Tropical Storm Ida later that day, near Grand Cayman. On a northwestward track, Ida intensified into a hurricane on August 27, just before moving over western Cuba. A day later, the hurricane underwent rapid intensification over the Gulf of Mexico as it passed over a warm core eddy and reached major hurricane strength. It was just under 72 hours from tropical depression formation to category 4 strength with 150 mph winds. Ida remained at its peak intensity of 150 mph winds and a minimum central pressure of 929 millibars as it made landfall near Port Fourchon midday on August 29th. It didn���t weaken to a tropical storm until it reached near the Louisiana/Mississippi border.||Ida produced over a dozen tornadoes and light to moderate wind damage across southwestern and coastal Mississippi. Around 100,000 residents were without power. Around 100 homes were damaged, 6 destroyed. Storm surge inundation ranged from a few feet in Jackson County to 7 feet in Harrison County. Hurricane Ida caused approximately $10 million worth of damage.","As water drained into the Tangipahoa River, minor flooding occurred. A campground in Magnolia was flooded, with some campers sustaining damage."
MS-ACTION-2021-08-29-governor-reeves-issues-state-of-emergency-ahead-of-hurrica,,Tate Reeves,Governor Reeves Issues State of Emergency Ahead of Hurricane Ida,2021-08-29,https://governorreeves.ms.gov/wp-json/wp/v2/posts/955,978199,160871,2021-09-01 17:39:00,2021-09-01 17:39:00,C,county/county-equivalent,121,RANKIN,Thunderstorm Wind,50.0,EG,0,0,2.00K,0.00K,Trained Spotter,"A front dropped south into the ArkLaMiss region. Ahead of this front, warming occurred which combined with ample moisture to produce thunderstorms. Some storms were severe with damaging winds being the primary concern.",A tree was blown down along Grants Ferry Road.
MS-ACTION-2021-08-29-governor-reeves-issues-state-of-emergency-ahead-of-hurrica,,Tate Reeves,Governor Reeves Issues State of Emergency Ahead of Hurricane Ida,2021-08-29,https://governorreeves.ms.gov/wp-json/wp/v2/posts/955,978200,160871,2021-09-01 17:44:00,2021-09-01 17:44:00,C,county/county-equivalent,121,RANKIN,Thunderstorm Wind,50.0,EG,0,0,2.00K,0.00K,Public,"A front dropped south into the ArkLaMiss region. Ahead of this front, warming occurred which combined with ample moisture to produce thunderstorms. Some storms were severe with damaging winds being the primary concern.",A tree was blown down on Highway 80.
MS-ACTION-2021-08-29-governor-reeves-issues-state-of-emergency-ahead-of-hurrica,,Tate Reeves,Governor Reeves Issues State of Emergency Ahead of Hurricane Ida,2021-08-29,https://governorreeves.ms.gov/wp-json/wp/v2/posts/955,974989,160593,2021-08-30 08:06:00,2021-08-30 09:30:00,C,county/county-equivalent,127,SIMPSON,Flash Flood,,,0,0,7.00K,0.00K,Public,"Major hurricane Ida made landfall as a strong category four hurricane around 11:55am on August 29 near Grand Isle, LA. It then moved very slowly north through south central Louisiana and into Mississippi on August 30. It then turned northeast and moved across the Jackson metro area as a tropical storm and into northeast Mississippi as a tropical depression through the early morning of August 31. Ida brought tropical storm force gusts to portions of Mississippi, which brought down trees and power lines. Rainfall amounts of 4-8 inches occurred, which resulted in localized flooding.",Heavy rainfall from Tropical Storm Ida resulted in several instances of flash flooding on roadways in the city of Magee.
MS-ACTION-2021-08-29-governor-reeves-issues-state-of-emergency-ahead-of-hurrica,,Tate Reeves,Governor Reeves Issues State of Emergency Ahead of Hurricane Ida,2021-08-29,https://governorreeves.ms.gov/wp-json/wp/v2/posts/955,974992,160593,2021-08-30 09:40:00,2021-08-30 10:45:00,C,county/county-equivalent,129,SMITH,Flash Flood,,,0,0,10.00K,0.00K,Emergency Manager,"Major hurricane Ida made landfall as a strong category four hurricane around 11:55am on August 29 near Grand Isle, LA. It then moved very slowly north through south central Louisiana and into Mississippi on August 30. It then turned northeast and moved across the Jackson metro area as a tropical storm and into northeast Mississippi as a tropical depression through the early morning of August 31. Ida brought tropical storm force gusts to portions of Mississippi, which brought down trees and power lines. Rainfall amounts of 4-8 inches occurred, which resulted in localized flooding.",Heavy rainfall from Tropical Storm Ida caused a washout on Smith County Road 559.
MS-ACTION-2021-08-29-governor-reeves-issues-state-of-emergency-ahead-of-hurrica,,Tate Reeves,Governor Reeves Issues State of Emergency Ahead of Hurricane Ida,2021-08-29,https://governorreeves.ms.gov/wp-json/wp/v2/posts/955,978204,160871,2021-09-01 20:20:00,2021-09-01 20:20:00,C,county/county-equivalent,149,WARREN,Thunderstorm Wind,50.0,EG,0,0,7.00K,0.00K,Law Enforcement,"A front dropped south into the ArkLaMiss region. Ahead of this front, warming occurred which combined with ample moisture to produce thunderstorms. Some storms were severe with damaging winds being the primary concern.",A few trees and power lines were blown down in town.
MS-ACTION-2021-08-29-governor-reeves-issues-state-of-emergency-ahead-of-hurrica,,Tate Reeves,Governor Reeves Issues State of Emergency Ahead of Hurricane Ida,2021-08-29,https://governorreeves.ms.gov/wp-json/wp/v2/posts/955,975002,160593,2021-08-30 14:14:00,2021-08-30 16:00:00,C,county/county-equivalent,159,WINSTON,Flash Flood,,,0,0,5.00K,0.00K,Emergency Manager,"Major hurricane Ida made landfall as a strong category four hurricane around 11:55am on August 29 near Grand Isle, LA. It then moved very slowly north through south central Louisiana and into Mississippi on August 30. It then turned northeast and moved across the Jackson metro area as a tropical storm and into northeast Mississippi as a tropical depression through the early morning of August 31. Ida brought tropical storm force gusts to portions of Mississippi, which brought down trees and power lines. Rainfall amounts of 4-8 inches occurred, which resulted in localized flooding.",Heavy rainfall from Tropical Depression Ida caused flash flooding along Zion Ridge Road.
MS-ACTION-2021-08-29-governor-reeves-issues-state-of-emergency-ahead-of-hurrica,,Tate Reeves,Governor Reeves Issues State of Emergency Ahead of Hurricane Ida,2021-08-29,https://governorreeves.ms.gov/wp-json/wp/v2/posts/955,977694,160871,2021-09-01 14:49:00,2021-09-01 14:49:00,C,county/county-equivalent,159,WINSTON,Thunderstorm Wind,50.0,EG,0,0,10.00K,0.00K,Trained Spotter,"A front dropped south into the ArkLaMiss region. Ahead of this front, warming occurred which combined with ample moisture to produce thunderstorms. Some storms were severe with damaging winds being the primary concern.",Trees and power lines were blown down at the intersection of Mississippi Highway 14 with Massey Hisaw Road and Higgason Road.
MS-ACTION-2021-08-29-governor-reeves-issues-state-of-emergency-ahead-of-hurrica,,Tate Reeves,Governor Reeves Issues State of Emergency Ahead of Hurricane Ida,2021-08-29,https://governorreeves.ms.gov/wp-json/wp/v2/posts/955,977695,160871,2021-09-01 15:05:00,2021-09-01 15:11:00,C,county/county-equivalent,159,WINSTON,Thunderstorm Wind,50.0,EG,0,0,10.00K,0.00K,Public,"A front dropped south into the ArkLaMiss region. Ahead of this front, warming occurred which combined with ample moisture to produce thunderstorms. Some storms were severe with damaging winds being the primary concern.",A tree was blown down on East Winston Road off of Highway 397. Another tree fell onto a power line along Calhoun Road.
MS-ACTION-2021-08-29-governor-reeves-issues-state-of-emergency-ahead-of-hurrica,,Tate Reeves,Governor Reeves Issues State of Emergency Ahead of Hurricane Ida,2021-08-29,https://governorreeves.ms.gov/wp-json/wp/v2/posts/955,978190,160871,2021-09-01 16:09:00,2021-09-01 16:17:00,C,county/county-equivalent,163,YAZOO,Thunderstorm Wind,53.0,EG,0,0,35.00K,0.00K,Emergency Manager,"A front dropped south into the ArkLaMiss region. Ahead of this front, warming occurred which combined with ample moisture to produce thunderstorms. Some storms were severe with damaging winds being the primary concern.","A tree was blown down and fell through a roof on Eden Main Street. On Church Street, a doublewide mobile home was shifted and sustained roof damage. Power lines were blown down on US Highway 49E. Trees were blown down on Eden Midway Road."
MS-ACTION-2021-08-29-governor-reeves-issues-state-of-emergency-ahead-of-hurrica,,Tate Reeves,Governor Reeves Issues State of Emergency Ahead of Hurricane Ida,2021-08-29,https://governorreeves.ms.gov/wp-json/wp/v2/posts/955,978193,160871,2021-09-01 16:36:00,2021-09-01 16:38:00,C,county/county-equivalent,163,YAZOO,Thunderstorm Wind,50.0,EG,0,0,10.00K,0.00K,Emergency Manager,"A front dropped south into the ArkLaMiss region. Ahead of this front, warming occurred which combined with ample moisture to produce thunderstorms. Some storms were severe with damaging winds being the primary concern.",Power lines were blown down on Academy Drive. Several trees were blown down on MS Highway 433 about one mile south of MS Highway 16. Another tree was blown down across MS Highway 16 at the intersection with Mollett Road.
MS-ACTION-2021-08-29-governor-reeves-issues-state-of-emergency-ahead-of-hurrica,,Tate Reeves,Governor Reeves Issues State of Emergency Ahead of Hurricane Ida,2021-08-29,https://governorreeves.ms.gov/wp-json/wp/v2/posts/955,978201,160871,2021-09-01 17:52:00,2021-09-01 17:52:00,C,county/county-equivalent,163,YAZOO,Thunderstorm Wind,50.0,EG,0,0,8.00K,0.00K,Emergency Manager,"A front dropped south into the ArkLaMiss region. Ahead of this front, warming occurred which combined with ample moisture to produce thunderstorms. Some storms were severe with damaging winds being the primary concern.",A power line and several trees were blown down on Cox Ferry Road from the outflow boundary of strong to severe thunderstorms.
MS-ACTION-2021-08-29-governor-reeves-issues-state-of-emergency-ahead-of-hurrica,,Tate Reeves,Governor Reeves Issues State of Emergency Ahead of Hurricane Ida,2021-08-29,https://governorreeves.ms.gov/wp-json/wp/v2/posts/955,973818,160593,2021-08-29 23:45:00,2021-08-30 04:45:00,Z,NWS forecast zone,60,ADAMS,Tropical Storm,,,0,0,75.00K,0.00K,Law Enforcement,"Major hurricane Ida made landfall as a strong category four hurricane around 11:55am on August 29 near Grand Isle, LA. It then moved very slowly north through south central Louisiana and into Mississippi on August 30. It then turned northeast and moved across the Jackson metro area as a tropical storm and into northeast Mississippi as a tropical depression through the early morning of August 31. Ida brought tropical storm force gusts to portions of Mississippi, which brought down trees and power lines. Rainfall amounts of 4-8 inches occurred, which resulted in localized flooding.",Estimated 40-50 miles per hour tropical storm force wind gusts downed scattered trees and power lines across the county. A metal roof was also blown off a building on Orange Avenue in Natchez.
MS-ACTION-2021-08-29-governor-reeves-issues-state-of-emergency-ahead-of-hurrica,,Tate Reeves,Governor Reeves Issues State of Emergency Ahead of Hurricane Ida,2021-08-29,https://governorreeves.ms.gov/wp-json/wp/v2/posts/955,978871,162129,2021-08-29 12:00:00,2021-08-30 09:00:00,Z,NWS forecast zone,69,AMITE,Hurricane (Typhoon),,,0,0,1.00M,0.00K,Emergency Manager,"The ninth named storm, fourth hurricane, and second major hurricane of the 2021 Atlantic hurricane season, Ida originated from a tropical wave in the Caribbean Sea on August 23rd. On August 26th, the wave developed into a tropical depression, which organized further and became Tropical Storm Ida later that day, near Grand Cayman. On a northwestward track, Ida intensified into a hurricane on August 27, just before moving over western Cuba. A day later, the hurricane underwent rapid intensification over the Gulf of Mexico as it passed over a warm core eddy and reached major hurricane strength. It was just under 72 hours from tropical depression formation to category 4 strength with 150 mph winds. Ida remained at its peak intensity of 150 mph winds and a minimum central pressure of 929 millibars as it made landfall near Port Fourchon midday on August 29th. It didn���t weaken to a tropical storm until it reached near the Louisiana/Mississippi border.||Ida produced over a dozen tornadoes and light to moderate wind damage across southwestern and coastal Mississippi. Around 100,000 residents were without power. Around 100 homes were damaged, 6 destroyed. Storm surge inundation ranged from a few feet in Jackson County to 7 feet in Harrison County. Hurricane Ida caused approximately $10 million worth of damage.","The county suffered widespread tree damage with mostly minor to moderate damage to homes and other structures as Ida���s center moved through the county. A few homes suffered major damage due to falling trees. Several roads, including some state highways, were blocked by downed trees or other debris. At the peak approximately 54% of the county was without power."
MS-ACTION-2021-08-29-governor-reeves-issues-state-of-emergency-ahead-of-hurrica,,Tate Reeves,Governor Reeves Issues State of Emergency Ahead of Hurricane Ida,2021-08-29,https://governorreeves.ms.gov/wp-json/wp/v2/posts/955,973946,160593,2021-08-30 11:25:00,2021-08-30 17:15:00,Z,NWS forecast zone,37,ATTALA,Tropical Storm,,,0,0,100.00K,0.00K,Emergency Manager,"Major hurricane Ida made landfall as a strong category four hurricane around 11:55am on August 29 near Grand Isle, LA. It then moved very slowly north through south central Louisiana and into Mississippi on August 30. It then turned northeast and moved across the Jackson metro area as a tropical storm and into northeast Mississippi as a tropical depression through the early morning of August 31. Ida brought tropical storm force gusts to portions of Mississippi, which brought down trees and power lines. Rainfall amounts of 4-8 inches occurred, which resulted in localized flooding.","Estimated tropical storm force wind gusts resulted in numerous downed trees across the county, including one that fell on a house."
MS-ACTION-2021-08-29-governor-reeves-issues-state-of-emergency-ahead-of-hurrica,,Tate Reeves,Governor Reeves Issues State of Emergency Ahead of Hurricane Ida,2021-08-29,https://governorreeves.ms.gov/wp-json/wp/v2/posts/955,974380,160593,2021-08-30 10:00:00,2021-08-30 15:00:00,Z,NWS forecast zone,27,CARROLL,Tropical Storm,,,0,0,15.00K,0.00K,Emergency Manager,"Major hurricane Ida made landfall as a strong category four hurricane around 11:55am on August 29 near Grand Isle, LA. It then moved very slowly north through south central Louisiana and into Mississippi on August 30. It then turned northeast and moved across the Jackson metro area as a tropical storm and into northeast Mississippi as a tropical depression through the early morning of August 31. Ida brought tropical storm force gusts to portions of Mississippi, which brought down trees and power lines. Rainfall amounts of 4-8 inches occurred, which resulted in localized flooding.",Tropical storm force wind gusts downed several trees across the county.
MS-ACTION-2021-08-29-governor-reeves-issues-state-of-emergency-ahead-of-hurrica,,Tate Reeves,Governor Reeves Issues State of Emergency Ahead of Hurricane Ida,2021-08-29,https://governorreeves.ms.gov/wp-json/wp/v2/posts/955,974381,160593,2021-08-30 13:00:00,2021-08-30 15:00:00,Z,NWS forecast zone,32,CHOCTAW,Tropical Storm,,,0,0,15.00K,0.00K,Emergency Manager,"Major hurricane Ida made landfall as a strong category four hurricane around 11:55am on August 29 near Grand Isle, LA. It then moved very slowly north through south central Louisiana and into Mississippi on August 30. It then turned northeast and moved across the Jackson metro area as a tropical storm and into northeast Mississippi as a tropical depression through the early morning of August 31. Ida brought tropical storm force gusts to portions of Mississippi, which brought down trees and power lines. Rainfall amounts of 4-8 inches occurred, which resulted in localized flooding.",Tropical storm force wind gusts downed several trees across the county.
MS-ACTION-2021-08-29-governor-reeves-issues-state-of-emergency-ahead-of-hurrica,,Tate Reeves,Governor Reeves Issues State of Emergency Ahead of Hurricane Ida,2021-08-29,https://governorreeves.ms.gov/wp-json/wp/v2/posts/955,974001,160593,2021-08-30 03:00:00,2021-08-30 06:00:00,Z,NWS forecast zone,53,CLAIBORNE,Tropical Storm,,,0,0,30.00K,0.00K,Emergency Manager,"Major hurricane Ida made landfall as a strong category four hurricane around 11:55am on August 29 near Grand Isle, LA. It then moved very slowly north through south central Louisiana and into Mississippi on August 30. It then turned northeast and moved across the Jackson metro area as a tropical storm and into northeast Mississippi as a tropical depression through the early morning of August 31. Ida brought tropical storm force gusts to portions of Mississippi, which brought down trees and power lines. Rainfall amounts of 4-8 inches occurred, which resulted in localized flooding.",Tropical storm force wind gusts downed several trees and power lines across the county.
MS-ACTION-2021-08-29-governor-reeves-issues-state-of-emergency-ahead-of-hurrica,,Tate Reeves,Governor Reeves Issues State of Emergency Ahead of Hurricane Ida,2021-08-29,https://governorreeves.ms.gov/wp-json/wp/v2/posts/955,974010,160593,2021-08-30 02:30:00,2021-08-30 08:00:00,Z,NWS forecast zone,54,COPIAH,Tropical Storm,,,0,0,75.00K,0.00K,Emergency Manager,"Major hurricane Ida made landfall as a strong category four hurricane around 11:55am on August 29 near Grand Isle, LA. It then moved very slowly north through south central Louisiana and into Mississippi on August 30. It then turned northeast and moved across the Jackson metro area as a tropical storm and into northeast Mississippi as a tropical depression through the early morning of August 31. Ida brought tropical storm force gusts to portions of Mississippi, which brought down trees and power lines. Rainfall amounts of 4-8 inches occurred, which resulted in localized flooding.",Tropical storm force wind gusts resulted in numerous trees and power lines down across the county. A roof was also blown off of a porch.
MS-ACTION-2021-08-29-governor-reeves-issues-state-of-emergency-ahead-of-hurrica,,Tate Reeves,Governor Reeves Issues State of Emergency Ahead of Hurricane Ida,2021-08-29,https://governorreeves.ms.gov/wp-json/wp/v2/posts/955,974374,160593,2021-08-30 03:30:00,2021-08-30 08:00:00,Z,NWS forecast zone,65,COVINGTON,Tropical Storm,,,0,0,50.00K,0.00K,Emergency Manager,"Major hurricane Ida made landfall as a strong category four hurricane around 11:55am on August 29 near Grand Isle, LA. It then moved very slowly north through south central Louisiana and into Mississippi on August 30. It then turned northeast and moved across the Jackson metro area as a tropical storm and into northeast Mississippi as a tropical depression through the early morning of August 31. Ida brought tropical storm force gusts to portions of Mississippi, which brought down trees and power lines. Rainfall amounts of 4-8 inches occurred, which resulted in localized flooding.",Tropical storm force wind gusts resulted in downed trees and power lines across the county.
MS-ACTION-2021-08-29-governor-reeves-issues-state-of-emergency-ahead-of-hurrica,,Tate Reeves,Governor Reeves Issues State of Emergency Ahead of Hurricane Ida,2021-08-29,https://governorreeves.ms.gov/wp-json/wp/v2/posts/955,974376,160593,2021-08-29 22:00:00,2021-08-30 07:30:00,Z,NWS forecast zone,74,FORREST,Tropical Storm,,,0,0,40.00K,0.00K,Emergency Manager,"Major hurricane Ida made landfall as a strong category four hurricane around 11:55am on August 29 near Grand Isle, LA. It then moved very slowly north through south central Louisiana and into Mississippi on August 30. It then turned northeast and moved across the Jackson metro area as a tropical storm and into northeast Mississippi as a tropical depression through the early morning of August 31. Ida brought tropical storm force gusts to portions of Mississippi, which brought down trees and power lines. Rainfall amounts of 4-8 inches occurred, which resulted in localized flooding.",Tropical storm force wind gusts resulted in at least 15 trees blown down across the county in addition to several trees that were downed in the city of Hattiesburg. Power lines were also brought down by falling trees.
MS-ACTION-2021-08-29-governor-reeves-issues-state-of-emergency-ahead-of-hurrica,,Tate Reeves,Governor Reeves Issues State of Emergency Ahead of Hurricane Ida,2021-08-29,https://governorreeves.ms.gov/wp-json/wp/v2/posts/955,974378,160593,2021-08-30 00:15:00,2021-08-30 06:00:00,Z,NWS forecast zone,61,FRANKLIN,Tropical Storm,,,0,0,250.00K,0.00K,Emergency Manager,"Major hurricane Ida made landfall as a strong category four hurricane around 11:55am on August 29 near Grand Isle, LA. It then moved very slowly north through south central Louisiana and into Mississippi on August 30. It then turned northeast and moved across the Jackson metro area as a tropical storm and into northeast Mississippi as a tropical depression through the early morning of August 31. Ida brought tropical storm force gusts to portions of Mississippi, which brought down trees and power lines. Rainfall amounts of 4-8 inches occurred, which resulted in localized flooding.",Tropical storm force wind gusts resulted in widespread trees and power lines down across the county. Numerous roads were closed or impassable due to fallen trees. Power outages were also widespread due to numerous trees that had fallen across power lines. The Bude RAWS station recorded a peak wind gust of 67 miles per hour.
MS-ACTION-2021-08-29-governor-reeves-issues-state-of-emergency-ahead-of-hurrica,,Tate Reeves,Governor Reeves Issues State of Emergency Ahead of Hurricane Ida,2021-08-29,https://governorreeves.ms.gov/wp-json/wp/v2/posts/955,974382,160593,2021-08-30 13:00:00,2021-08-30 15:00:00,Z,NWS forecast zone,26,GRENADA,Tropical Storm,,,0,0,15.00K,0.00K,Emergency Manager,"Major hurricane Ida made landfall as a strong category four hurricane around 11:55am on August 29 near Grand Isle, LA. It then moved very slowly north through south central Louisiana and into Mississippi on August 30. It then turned northeast and moved across the Jackson metro area as a tropical storm and into northeast Mississippi as a tropical depression through the early morning of August 31. Ida brought tropical storm force gusts to portions of Mississippi, which brought down trees and power lines. Rainfall amounts of 4-8 inches occurred, which resulted in localized flooding.",Tropical storm force wind gusts downed several trees across the county and within the city of Grenada.
MS-ACTION-2021-08-29-governor-reeves-issues-state-of-emergency-ahead-of-hurrica,,Tate Reeves,Governor Reeves Issues State of Emergency Ahead of Hurricane Ida,2021-08-29,https://governorreeves.ms.gov/wp-json/wp/v2/posts/955,978874,162129,2021-08-28 19:00:00,2021-08-30 19:00:00,Z,NWS forecast zone,80,HANCOCK,Storm Surge/Tide,,,0,0,0.00K,0.00K,Emergency Manager,"The ninth named storm, fourth hurricane, and second major hurricane of the 2021 Atlantic hurricane season, Ida originated from a tropical wave in the Caribbean Sea on August 23rd. On August 26th, the wave developed into a tropical depression, which organized further and became Tropical Storm Ida later that day, near Grand Cayman. On a northwestward track, Ida intensified into a hurricane on August 27, just before moving over western Cuba. A day later, the hurricane underwent rapid intensification over the Gulf of Mexico as it passed over a warm core eddy and reached major hurricane strength. It was just under 72 hours from tropical depression formation to category 4 strength with 150 mph winds. Ida remained at its peak intensity of 150 mph winds and a minimum central pressure of 929 millibars as it made landfall near Port Fourchon midday on August 29th. It didn���t weaken to a tropical storm until it reached near the Louisiana/Mississippi border.||Ida produced over a dozen tornadoes and light to moderate wind damage across southwestern and coastal Mississippi. Around 100,000 residents were without power. Around 100 homes were damaged, 6 destroyed. Storm surge inundation ranged from a few feet in Jackson County to 7 feet in Harrison County. Hurricane Ida caused approximately $10 million worth of damage.","The Bay Waveland tide gauge peaked at 6.91 ft MHHW, indicating roughly 6-7 ft of inundation. Many areas became inaccessible due to the high water. Over 400 roads were flooded by storm surge in coastal portions of the county, including US Hwy 90 and State Hwy 604. Additional flooding occurred due to heavy rainfall, with portions of the county receiving 12-14 inches of rain."
MS-ACTION-2021-08-29-governor-reeves-issues-state-of-emergency-ahead-of-hurrica,,Tate Reeves,Governor Reeves Issues State of Emergency Ahead of Hurricane Ida,2021-08-29,https://governorreeves.ms.gov/wp-json/wp/v2/posts/955,978873,162129,2021-08-29 06:00:00,2021-08-30 12:00:00,Z,NWS forecast zone,80,HANCOCK,Hurricane (Typhoon),,,0,0,3.00M,0.00K,Emergency Manager,"The ninth named storm, fourth hurricane, and second major hurricane of the 2021 Atlantic hurricane season, Ida originated from a tropical wave in the Caribbean Sea on August 23rd. On August 26th, the wave developed into a tropical depression, which organized further and became Tropical Storm Ida later that day, near Grand Cayman. On a northwestward track, Ida intensified into a hurricane on August 27, just before moving over western Cuba. A day later, the hurricane underwent rapid intensification over the Gulf of Mexico as it passed over a warm core eddy and reached major hurricane strength. It was just under 72 hours from tropical depression formation to category 4 strength with 150 mph winds. Ida remained at its peak intensity of 150 mph winds and a minimum central pressure of 929 millibars as it made landfall near Port Fourchon midday on August 29th. It didn���t weaken to a tropical storm until it reached near the Louisiana/Mississippi border.||Ida produced over a dozen tornadoes and light to moderate wind damage across southwestern and coastal Mississippi. Around 100,000 residents were without power. Around 100 homes were damaged, 6 destroyed. Storm surge inundation ranged from a few feet in Jackson County to 7 feet in Harrison County. Hurricane Ida caused approximately $10 million worth of damage.","The county experienced widespread tree damage and minor to moderate structure damage due to Ida���s winds and 4 confirmed tornadoes. Most signs along South Beach Blvd were also blown down or damaged. In total, county damage assessments indicate 96 public roads suffered damage along with 13 publicly owned buildings and 60 homes, including one mobile home that was completely destroyed. At the peak, roughly 6400 customers were without power due to the storm."
MS-ACTION-2021-08-29-governor-reeves-issues-state-of-emergency-ahead-of-hurrica,,Tate Reeves,Governor Reeves Issues State of Emergency Ahead of Hurricane Ida,2021-08-29,https://governorreeves.ms.gov/wp-json/wp/v2/posts/955,978876,162129,2021-08-28 19:00:00,2021-08-30 19:00:00,Z,NWS forecast zone,81,HARRISON,Storm Surge/Tide,,,0,0,0.00K,0.00K,Emergency Manager,"The ninth named storm, fourth hurricane, and second major hurricane of the 2021 Atlantic hurricane season, Ida originated from a tropical wave in the Caribbean Sea on August 23rd. On August 26th, the wave developed into a tropical depression, which organized further and became Tropical Storm Ida later that day, near Grand Cayman. On a northwestward track, Ida intensified into a hurricane on August 27, just before moving over western Cuba. A day later, the hurricane underwent rapid intensification over the Gulf of Mexico as it passed over a warm core eddy and reached major hurricane strength. It was just under 72 hours from tropical depression formation to category 4 strength with 150 mph winds. Ida remained at its peak intensity of 150 mph winds and a minimum central pressure of 929 millibars as it made landfall near Port Fourchon midday on August 29th. It didn���t weaken to a tropical storm until it reached near the Louisiana/Mississippi border.||Ida produced over a dozen tornadoes and light to moderate wind damage across southwestern and coastal Mississippi. Around 100,000 residents were without power. Around 100 homes were damaged, 6 destroyed. Storm surge inundation ranged from a few feet in Jackson County to 7 feet in Harrison County. Hurricane Ida caused approximately $10 million worth of damage.","Storm surge rendered most of Hwy 90 through the county impassable due to high water during the storm, as well as sand and debris covering the roadway after the water receded. Estimated peak inundation was 2-4 feet based on hind cast."
MS-ACTION-2021-08-29-governor-reeves-issues-state-of-emergency-ahead-of-hurrica,,Tate Reeves,Governor Reeves Issues State of Emergency Ahead of Hurricane Ida,2021-08-29,https://governorreeves.ms.gov/wp-json/wp/v2/posts/955,978875,162129,2021-08-29 06:00:00,2021-08-30 12:00:00,Z,NWS forecast zone,81,HARRISON,Hurricane (Typhoon),,,0,0,2.00M,0.00K,Emergency Manager,"The ninth named storm, fourth hurricane, and second major hurricane of the 2021 Atlantic hurricane season, Ida originated from a tropical wave in the Caribbean Sea on August 23rd. On August 26th, the wave developed into a tropical depression, which organized further and became Tropical Storm Ida later that day, near Grand Cayman. On a northwestward track, Ida intensified into a hurricane on August 27, just before moving over western Cuba. A day later, the hurricane underwent rapid intensification over the Gulf of Mexico as it passed over a warm core eddy and reached major hurricane strength. It was just under 72 hours from tropical depression formation to category 4 strength with 150 mph winds. Ida remained at its peak intensity of 150 mph winds and a minimum central pressure of 929 millibars as it made landfall near Port Fourchon midday on August 29th. It didn���t weaken to a tropical storm until it reached near the Louisiana/Mississippi border.||Ida produced over a dozen tornadoes and light to moderate wind damage across southwestern and coastal Mississippi. Around 100,000 residents were without power. Around 100 homes were damaged, 6 destroyed. Storm surge inundation ranged from a few feet in Jackson County to 7 feet in Harrison County. Hurricane Ida caused approximately $10 million worth of damage.",Widespread minor tree and structural damage was reported across the county due to Ida���s winds as well as 9 confirmed tornadoes. At least one mobile home was completely destroyed when a tree fell through the middle of it.
MS-ACTION-2021-08-29-governor-reeves-issues-state-of-emergency-ahead-of-hurrica,,Tate Reeves,Governor Reeves Issues State of Emergency Ahead of Hurricane Ida,2021-08-29,https://governorreeves.ms.gov/wp-json/wp/v2/posts/955,974379,160593,2021-08-30 04:15:00,2021-08-30 12:00:00,Z,NWS forecast zone,48,HINDS,Tropical Storm,,,0,0,175.00K,0.00K,Emergency Manager,"Major hurricane Ida made landfall as a strong category four hurricane around 11:55am on August 29 near Grand Isle, LA. It then moved very slowly north through south central Louisiana and into Mississippi on August 30. It then turned northeast and moved across the Jackson metro area as a tropical storm and into northeast Mississippi as a tropical depression through the early morning of August 31. Ida brought tropical storm force gusts to portions of Mississippi, which brought down trees and power lines. Rainfall amounts of 4-8 inches occurred, which resulted in localized flooding.",Tropical storm force wind gusts downed numerous trees and power lines across the county. At least 3 homes suffered damage from falling trees and another home had roof damage.
MS-ACTION-2021-08-29-governor-reeves-issues-state-of-emergency-ahead-of-hurrica,,Tate Reeves,Governor Reeves Issues State of Emergency Ahead of Hurricane Ida,2021-08-29,https://governorreeves.ms.gov/wp-json/wp/v2/posts/955,974383,160593,2021-08-30 08:30:00,2021-08-30 14:30:00,Z,NWS forecast zone,36,HOLMES,Tropical Storm,,,0,0,25.00K,0.00K,Emergency Manager,"Major hurricane Ida made landfall as a strong category four hurricane around 11:55am on August 29 near Grand Isle, LA. It then moved very slowly north through south central Louisiana and into Mississippi on August 30. It then turned northeast and moved across the Jackson metro area as a tropical storm and into northeast Mississippi as a tropical depression through the early morning of August 31. Ida brought tropical storm force gusts to portions of Mississippi, which brought down trees and power lines. Rainfall amounts of 4-8 inches occurred, which resulted in localized flooding.",Tropical storm force wind gusts resulted in scattered trees and power lines blown down across the county.
MS-ACTION-2021-08-29-governor-reeves-issues-state-of-emergency-ahead-of-hurrica,,Tate Reeves,Governor Reeves Issues State of Emergency Ahead of Hurricane Ida,2021-08-29,https://governorreeves.ms.gov/wp-json/wp/v2/posts/955,978878,162129,2021-08-28 19:00:00,2021-08-30 19:00:00,Z,NWS forecast zone,82,JACKSON,Storm Surge/Tide,,,0,0,0.00K,0.00K,Emergency Manager,"The ninth named storm, fourth hurricane, and second major hurricane of the 2021 Atlantic hurricane season, Ida originated from a tropical wave in the Caribbean Sea on August 23rd. On August 26th, the wave developed into a tropical depression, which organized further and became Tropical Storm Ida later that day, near Grand Cayman. On a northwestward track, Ida intensified into a hurricane on August 27, just before moving over western Cuba. A day later, the hurricane underwent rapid intensification over the Gulf of Mexico as it passed over a warm core eddy and reached major hurricane strength. It was just under 72 hours from tropical depression formation to category 4 strength with 150 mph winds. Ida remained at its peak intensity of 150 mph winds and a minimum central pressure of 929 millibars as it made landfall near Port Fourchon midday on August 29th. It didn���t weaken to a tropical storm until it reached near the Louisiana/Mississippi border.||Ida produced over a dozen tornadoes and light to moderate wind damage across southwestern and coastal Mississippi. Around 100,000 residents were without power. Around 100 homes were damaged, 6 destroyed. Storm surge inundation ranged from a few feet in Jackson County to 7 feet in Harrison County. Hurricane Ida caused approximately $10 million worth of damage.","The NOAA tide gauge near Pascagoula reported a peak of 3.84 ft MHHW, indicating roughly 3-4 ft of inundation. There was minor damage to Beach Blvd and the seawall from erosion."
MS-ACTION-2021-08-29-governor-reeves-issues-state-of-emergency-ahead-of-hurrica,,Tate Reeves,Governor Reeves Issues State of Emergency Ahead of Hurricane Ida,2021-08-29,https://governorreeves.ms.gov/wp-json/wp/v2/posts/955,978877,162129,2021-08-29 09:00:00,2021-08-30 12:00:00,Z,NWS forecast zone,82,JACKSON,Tropical Storm,,,0,0,500.00K,0.00K,Emergency Manager,"The ninth named storm, fourth hurricane, and second major hurricane of the 2021 Atlantic hurricane season, Ida originated from a tropical wave in the Caribbean Sea on August 23rd. On August 26th, the wave developed into a tropical depression, which organized further and became Tropical Storm Ida later that day, near Grand Cayman. On a northwestward track, Ida intensified into a hurricane on August 27, just before moving over western Cuba. A day later, the hurricane underwent rapid intensification over the Gulf of Mexico as it passed over a warm core eddy and reached major hurricane strength. It was just under 72 hours from tropical depression formation to category 4 strength with 150 mph winds. Ida remained at its peak intensity of 150 mph winds and a minimum central pressure of 929 millibars as it made landfall near Port Fourchon midday on August 29th. It didn���t weaken to a tropical storm until it reached near the Louisiana/Mississippi border.||Ida produced over a dozen tornadoes and light to moderate wind damage across southwestern and coastal Mississippi. Around 100,000 residents were without power. Around 100 homes were damaged, 6 destroyed. Storm surge inundation ranged from a few feet in Jackson County to 7 feet in Harrison County. Hurricane Ida caused approximately $10 million worth of damage.","Minor wind damage to trees and roofs occurred across the county, with 1 confirmed tornado near Pascagoula and Moss Point. At the peak, approximately 3800 homes were without power due to the storm."
MS-ACTION-2021-08-29-governor-reeves-issues-state-of-emergency-ahead-of-hurrica,,Tate Reeves,Governor Reeves Issues State of Emergency Ahead of Hurricane Ida,2021-08-29,https://governorreeves.ms.gov/wp-json/wp/v2/posts/955,974386,160593,2021-08-30 04:00:00,2021-08-30 10:00:00,Z,NWS forecast zone,57,JASPER,Tropical Storm,,,0,0,15.00K,0.00K,Emergency Manager,"Major hurricane Ida made landfall as a strong category four hurricane around 11:55am on August 29 near Grand Isle, LA. It then moved very slowly north through south central Louisiana and into Mississippi on August 30. It then turned northeast and moved across the Jackson metro area as a tropical storm and into northeast Mississippi as a tropical depression through the early morning of August 31. Ida brought tropical storm force gusts to portions of Mississippi, which brought down trees and power lines. Rainfall amounts of 4-8 inches occurred, which resulted in localized flooding.","Tropical storm force wind gusts downed trees across the county, including several that were blown down on County Road 16 and Highway 531 near the Smith county line."
MS-ACTION-2021-08-29-governor-reeves-issues-state-of-emergency-ahead-of-hurrica,,Tate Reeves,Governor Reeves Issues State of Emergency Ahead of Hurricane Ida,2021-08-29,https://governorreeves.ms.gov/wp-json/wp/v2/posts/955,974389,160593,2021-08-30 01:30:00,2021-08-30 07:30:00,Z,NWS forecast zone,59,JEFFERSON,Tropical Storm,,,0,0,100.00K,0.00K,Law Enforcement,"Major hurricane Ida made landfall as a strong category four hurricane around 11:55am on August 29 near Grand Isle, LA. It then moved very slowly north through south central Louisiana and into Mississippi on August 30. It then turned northeast and moved across the Jackson metro area as a tropical storm and into northeast Mississippi as a tropical depression through the early morning of August 31. Ida brought tropical storm force gusts to portions of Mississippi, which brought down trees and power lines. Rainfall amounts of 4-8 inches occurred, which resulted in localized flooding.",Tropical storm force wind gusts downed numerous trees and power lines across the county.
MS-ACTION-2021-08-29-governor-reeves-issues-state-of-emergency-ahead-of-hurrica,,Tate Reeves,Governor Reeves Issues State of Emergency Ahead of Hurricane Ida,2021-08-29,https://governorreeves.ms.gov/wp-json/wp/v2/posts/955,974387,160593,2021-08-30 01:00:00,2021-08-30 07:30:00,Z,NWS forecast zone,64,JEFFERSON DAVIS,Tropical Storm,,,0,0,75.00K,0.00K,Emergency Manager,"Major hurricane Ida made landfall as a strong category four hurricane around 11:55am on August 29 near Grand Isle, LA. It then moved very slowly north through south central Louisiana and into Mississippi on August 30. It then turned northeast and moved across the Jackson metro area as a tropical storm and into northeast Mississippi as a tropical depression through the early morning of August 31. Ida brought tropical storm force gusts to portions of Mississippi, which brought down trees and power lines. Rainfall amounts of 4-8 inches occurred, which resulted in localized flooding.",Tropical storm force wind gusts resulted in numerous trees and power lines downed across the county.
MS-ACTION-2021-08-29-governor-reeves-issues-state-of-emergency-ahead-of-hurrica,,Tate Reeves,Governor Reeves Issues State of Emergency Ahead of Hurricane Ida,2021-08-29,https://governorreeves.ms.gov/wp-json/wp/v2/posts/955,974391,160593,2021-08-30 06:00:00,2021-08-30 09:00:00,Z,NWS forecast zone,66,JONES,Tropical Storm,,,0,0,75.00K,0.00K,Emergency Manager,"Major hurricane Ida made landfall as a strong category four hurricane around 11:55am on August 29 near Grand Isle, LA. It then moved very slowly north through south central Louisiana and into Mississippi on August 30. It then turned northeast and moved across the Jackson metro area as a tropical storm and into northeast Mississippi as a tropical depression through the early morning of August 31. Ida brought tropical storm force gusts to portions of Mississippi, which brought down trees and power lines. Rainfall amounts of 4-8 inches occurred, which resulted in localized flooding.",Tropical storm force wind gusts downed numerous trees and power lines across the county. At least 25 roads were blocked by fallen trees.
MS-ACTION-2021-08-29-governor-reeves-issues-state-of-emergency-ahead-of-hurrica,,Tate Reeves,Governor Reeves Issues State of Emergency Ahead of Hurricane Ida,2021-08-29,https://governorreeves.ms.gov/wp-json/wp/v2/posts/955,974654,160593,2021-08-30 12:30:00,2021-08-30 15:45:00,Z,NWS forecast zone,46,KEMPER,Tropical Storm,,,0,0,20.00K,0.00K,Emergency Manager,"Major hurricane Ida made landfall as a strong category four hurricane around 11:55am on August 29 near Grand Isle, LA. It then moved very slowly north through south central Louisiana and into Mississippi on August 30. It then turned northeast and moved across the Jackson metro area as a tropical storm and into northeast Mississippi as a tropical depression through the early morning of August 31. Ida brought tropical storm force gusts to portions of Mississippi, which brought down trees and power lines. Rainfall amounts of 4-8 inches occurred, which resulted in localized flooding.",Tropical storm force wind gusts downed scattered trees and power lines across the county.
MS-ACTION-2021-08-29-governor-reeves-issues-state-of-emergency-ahead-of-hurrica,,Tate Reeves,Governor Reeves Issues State of Emergency Ahead of Hurricane Ida,2021-08-29,https://governorreeves.ms.gov/wp-json/wp/v2/posts/955,980089,162337,2021-08-30 19:51:00,2021-08-30 22:00:00,Z,NWS forecast zone,13,LAFAYETTE,Strong Wind,35.0,EG,0,0,,0.00K,Fire Department/Rescue,"Tropical depression Ida tracked just southeast of the Mid-South during August 30-31, 2021. Heavy rain and gusty winds were common across Northeast Mississippi and parts of West Tennessee. Wind gusts to 40 mph knocked down a few trees and powerlines.",Tree down blocking Highway 30 and County Road 256.
MS-ACTION-2021-08-29-governor-reeves-issues-state-of-emergency-ahead-of-hurrica,,Tate Reeves,Governor Reeves Issues State of Emergency Ahead of Hurricane Ida,2021-08-29,https://governorreeves.ms.gov/wp-json/wp/v2/posts/955,974656,160593,2021-08-29 21:30:00,2021-08-30 06:30:00,Z,NWS forecast zone,73,LAMAR,Tropical Storm,,,0,0,75.00K,0.00K,Emergency Manager,"Major hurricane Ida made landfall as a strong category four hurricane around 11:55am on August 29 near Grand Isle, LA. It then moved very slowly north through south central Louisiana and into Mississippi on August 30. It then turned northeast and moved across the Jackson metro area as a tropical storm and into northeast Mississippi as a tropical depression through the early morning of August 31. Ida brought tropical storm force gusts to portions of Mississippi, which brought down trees and power lines. Rainfall amounts of 4-8 inches occurred, which resulted in localized flooding.",Tropical storm force wind gusts resulted in numerous downed trees and power lines across the county with several roads blocked including Highway 98 and Highway 11. Additional trees and power lines were downed in the city of Lumberton.
MS-ACTION-2021-08-29-governor-reeves-issues-state-of-emergency-ahead-of-hurrica,,Tate Reeves,Governor Reeves Issues State of Emergency Ahead of Hurricane Ida,2021-08-29,https://governorreeves.ms.gov/wp-json/wp/v2/posts/955,974658,160593,2021-08-29 23:45:00,2021-08-30 08:30:00,Z,NWS forecast zone,63,LAWRENCE,Tropical Storm,,,0,0,75.00K,0.00K,Emergency Manager,"Major hurricane Ida made landfall as a strong category four hurricane around 11:55am on August 29 near Grand Isle, LA. It then moved very slowly north through south central Louisiana and into Mississippi on August 30. It then turned northeast and moved across the Jackson metro area as a tropical storm and into northeast Mississippi as a tropical depression through the early morning of August 31. Ida brought tropical storm force gusts to portions of Mississippi, which brought down trees and power lines. Rainfall amounts of 4-8 inches occurred, which resulted in localized flooding.",Tropical storm force wind gusts resulted in downed trees and power lines across the county. Several roads were blocked by fallen trees.
MS-ACTION-2021-08-29-governor-reeves-issues-state-of-emergency-ahead-of-hurrica,,Tate Reeves,Governor Reeves Issues State of Emergency Ahead of Hurricane Ida,2021-08-29,https://governorreeves.ms.gov/wp-json/wp/v2/posts/955,974659,160593,2021-08-30 10:30:00,2021-08-30 13:30:00,Z,NWS forecast zone,44,LEAKE,Tropical Storm,,,0,0,75.00K,0.00K,Public,"Major hurricane Ida made landfall as a strong category four hurricane around 11:55am on August 29 near Grand Isle, LA. It then moved very slowly north through south central Louisiana and into Mississippi on August 30. It then turned northeast and moved across the Jackson metro area as a tropical storm and into northeast Mississippi as a tropical depression through the early morning of August 31. Ida brought tropical storm force gusts to portions of Mississippi, which brought down trees and power lines. Rainfall amounts of 4-8 inches occurred, which resulted in localized flooding.","Tropical storm force wind gusts resulted in several trees and power lines blown down across the county, including one tree that fell on a home."
MS-ACTION-2021-08-29-governor-reeves-issues-state-of-emergency-ahead-of-hurrica,,Tate Reeves,Governor Reeves Issues State of Emergency Ahead of Hurricane Ida,2021-08-29,https://governorreeves.ms.gov/wp-json/wp/v2/posts/955,980083,162337,2021-08-30 16:00:00,2021-08-30 22:00:00,Z,NWS forecast zone,16,LEE,Strong Wind,35.0,EG,0,0,,0.00K,Broadcast Media,"Tropical depression Ida tracked just southeast of the Mid-South during August 30-31, 2021. Heavy rain and gusty winds were common across Northeast Mississippi and parts of West Tennessee. Wind gusts to 40 mph knocked down a few trees and powerlines.",Strong winds knocked down a few trees across Lee County.
MS-ACTION-2021-08-29-governor-reeves-issues-state-of-emergency-ahead-of-hurrica,,Tate Reeves,Governor Reeves Issues State of Emergency Ahead of Hurricane Ida,2021-08-29,https://governorreeves.ms.gov/wp-json/wp/v2/posts/955,974660,160593,2021-08-29 23:30:00,2021-08-30 08:00:00,Z,NWS forecast zone,62,LINCOLN,Tropical Storm,,,0,0,100.00K,0.00K,Law Enforcement,"Major hurricane Ida made landfall as a strong category four hurricane around 11:55am on August 29 near Grand Isle, LA. It then moved very slowly north through south central Louisiana and into Mississippi on August 30. It then turned northeast and moved across the Jackson metro area as a tropical storm and into northeast Mississippi as a tropical depression through the early morning of August 31. Ida brought tropical storm force gusts to portions of Mississippi, which brought down trees and power lines. Rainfall amounts of 4-8 inches occurred, which resulted in localized flooding.","Tropical storm force wind gusts downed numerous trees and power lines across the county. Numerous roads were also blocked by fallen trees, including multiple portions of I-55."
MS-ACTION-2021-08-29-governor-reeves-issues-state-of-emergency-ahead-of-hurrica,,Tate Reeves,Governor Reeves Issues State of Emergency Ahead of Hurricane Ida,2021-08-29,https://governorreeves.ms.gov/wp-json/wp/v2/posts/955,974976,160593,2021-08-30 05:30:00,2021-08-30 10:30:00,Z,NWS forecast zone,43,MADISON,Tropical Storm,,,0,0,10.00K,0.00K,NWS Employee,"Major hurricane Ida made landfall as a strong category four hurricane around 11:55am on August 29 near Grand Isle, LA. It then moved very slowly north through south central Louisiana and into Mississippi on August 30. It then turned northeast and moved across the Jackson metro area as a tropical storm and into northeast Mississippi as a tropical depression through the early morning of August 31. Ida brought tropical storm force gusts to portions of Mississippi, which brought down trees and power lines. Rainfall amounts of 4-8 inches occurred, which resulted in localized flooding.",Tropical storm force winds downed several trees in the Madison and Gluckstadt areas.
MS-ACTION-2021-08-29-governor-reeves-issues-state-of-emergency-ahead-of-hurrica,,Tate Reeves,Governor Reeves Issues State of Emergency Ahead of Hurricane Ida,2021-08-29,https://governorreeves.ms.gov/wp-json/wp/v2/posts/955,974977,160593,2021-08-29 21:00:00,2021-08-30 05:30:00,Z,NWS forecast zone,72,MARION,Tropical Storm,,,0,0,30.00K,0.00K,Emergency Manager,"Major hurricane Ida made landfall as a strong category four hurricane around 11:55am on August 29 near Grand Isle, LA. It then moved very slowly north through south central Louisiana and into Mississippi on August 30. It then turned northeast and moved across the Jackson metro area as a tropical storm and into northeast Mississippi as a tropical depression through the early morning of August 31. Ida brought tropical storm force gusts to portions of Mississippi, which brought down trees and power lines. Rainfall amounts of 4-8 inches occurred, which resulted in localized flooding.",Tropical storm force wind gusts resulted in several trees and power lines downed across the county.
MS-ACTION-2021-08-29-governor-reeves-issues-state-of-emergency-ahead-of-hurrica,,Tate Reeves,Governor Reeves Issues State of Emergency Ahead of Hurricane Ida,2021-08-29,https://governorreeves.ms.gov/wp-json/wp/v2/posts/955,974978,160593,2021-08-30 10:30:00,2021-08-30 13:30:00,Z,NWS forecast zone,45,NESHOBA,Tropical Storm,,,0,0,15.00K,0.00K,Emergency Manager,"Major hurricane Ida made landfall as a strong category four hurricane around 11:55am on August 29 near Grand Isle, LA. It then moved very slowly north through south central Louisiana and into Mississippi on August 30. It then turned northeast and moved across the Jackson metro area as a tropical storm and into northeast Mississippi as a tropical depression through the early morning of August 31. Ida brought tropical storm force gusts to portions of Mississippi, which brought down trees and power lines. Rainfall amounts of 4-8 inches occurred, which resulted in localized flooding.",Tropical storm force wind gusts were measured at the Neshoba County Emergency Operations Center. A 48 mile per hour wind gust was measured prior to noon with a 60 mile per hour wind gust measured between noon and 1pm.
MS-ACTION-2021-08-29-governor-reeves-issues-state-of-emergency-ahead-of-hurrica,,Tate Reeves,Governor Reeves Issues State of Emergency Ahead of Hurricane Ida,2021-08-29,https://governorreeves.ms.gov/wp-json/wp/v2/posts/955,974980,160593,2021-08-30 08:45:00,2021-08-30 11:00:00,Z,NWS forecast zone,51,NEWTON,Tropical Storm,,,0,0,40.00K,0.00K,Emergency Manager,"Major hurricane Ida made landfall as a strong category four hurricane around 11:55am on August 29 near Grand Isle, LA. It then moved very slowly north through south central Louisiana and into Mississippi on August 30. It then turned northeast and moved across the Jackson metro area as a tropical storm and into northeast Mississippi as a tropical depression through the early morning of August 31. Ida brought tropical storm force gusts to portions of Mississippi, which brought down trees and power lines. Rainfall amounts of 4-8 inches occurred, which resulted in localized flooding.",Tropical storm force wind gusts downed at least 12 trees across the county as well as scattered power lines.
MS-ACTION-2021-08-29-governor-reeves-issues-state-of-emergency-ahead-of-hurrica,,Tate Reeves,Governor Reeves Issues State of Emergency Ahead of Hurricane Ida,2021-08-29,https://governorreeves.ms.gov/wp-json/wp/v2/posts/955,974981,160593,2021-08-30 12:30:00,2021-08-30 15:30:00,Z,NWS forecast zone,39,NOXUBEE,Tropical Storm,,,0,0,10.00K,0.00K,Emergency Manager,"Major hurricane Ida made landfall as a strong category four hurricane around 11:55am on August 29 near Grand Isle, LA. It then moved very slowly north through south central Louisiana and into Mississippi on August 30. It then turned northeast and moved across the Jackson metro area as a tropical storm and into northeast Mississippi as a tropical depression through the early morning of August 31. Ida brought tropical storm force gusts to portions of Mississippi, which brought down trees and power lines. Rainfall amounts of 4-8 inches occurred, which resulted in localized flooding.",Tropical storm force wind gusts resulted in several downed trees across the county.
MS-ACTION-2021-08-29-governor-reeves-issues-state-of-emergency-ahead-of-hurrica,,Tate Reeves,Governor Reeves Issues State of Emergency Ahead of Hurricane Ida,2021-08-29,https://governorreeves.ms.gov/wp-json/wp/v2/posts/955,978883,162129,2021-08-29 09:00:00,2021-08-30 12:00:00,Z,NWS forecast zone,77,PEARL RIVER,Hurricane (Typhoon),,,0,0,1.00M,0.00K,Emergency Manager,"The ninth named storm, fourth hurricane, and second major hurricane of the 2021 Atlantic hurricane season, Ida originated from a tropical wave in the Caribbean Sea on August 23rd. On August 26th, the wave developed into a tropical depression, which organized further and became Tropical Storm Ida later that day, near Grand Cayman. On a northwestward track, Ida intensified into a hurricane on August 27, just before moving over western Cuba. A day later, the hurricane underwent rapid intensification over the Gulf of Mexico as it passed over a warm core eddy and reached major hurricane strength. It was just under 72 hours from tropical depression formation to category 4 strength with 150 mph winds. Ida remained at its peak intensity of 150 mph winds and a minimum central pressure of 929 millibars as it made landfall near Port Fourchon midday on August 29th. It didn���t weaken to a tropical storm until it reached near the Louisiana/Mississippi border.||Ida produced over a dozen tornadoes and light to moderate wind damage across southwestern and coastal Mississippi. Around 100,000 residents were without power. Around 100 homes were damaged, 6 destroyed. Storm surge inundation ranged from a few feet in Jackson County to 7 feet in Harrison County. Hurricane Ida caused approximately $10 million worth of damage.","Widespread minor to moderate damage to trees and homes was reported across the county. Most structural damage was exterior, such as shingle damage, carport damage, or fascia damage. However, some homes did suffer major damage due to falling trees. Several roads, including state Hwy 43, were blocked by trees or other storm debris. At the peak of the storm approximately 60% of the electric customers in the county were without power."
MS-ACTION-2021-08-29-governor-reeves-issues-state-of-emergency-ahead-of-hurrica,,Tate Reeves,Governor Reeves Issues State of Emergency Ahead of Hurricane Ida,2021-08-29,https://governorreeves.ms.gov/wp-json/wp/v2/posts/955,978891,162129,2021-08-29 12:00:00,2021-08-30 12:00:00,Z,NWS forecast zone,70,PIKE,Hurricane (Typhoon),,,0,0,1.00M,0.00K,Emergency Manager,"The ninth named storm, fourth hurricane, and second major hurricane of the 2021 Atlantic hurricane season, Ida originated from a tropical wave in the Caribbean Sea on August 23rd. On August 26th, the wave developed into a tropical depression, which organized further and became Tropical Storm Ida later that day, near Grand Cayman. On a northwestward track, Ida intensified into a hurricane on August 27, just before moving over western Cuba. A day later, the hurricane underwent rapid intensification over the Gulf of Mexico as it passed over a warm core eddy and reached major hurricane strength. It was just under 72 hours from tropical depression formation to category 4 strength with 150 mph winds. Ida remained at its peak intensity of 150 mph winds and a minimum central pressure of 929 millibars as it made landfall near Port Fourchon midday on August 29th. It didn���t weaken to a tropical storm until it reached near the Louisiana/Mississippi border.||Ida produced over a dozen tornadoes and light to moderate wind damage across southwestern and coastal Mississippi. Around 100,000 residents were without power. Around 100 homes were damaged, 6 destroyed. Storm surge inundation ranged from a few feet in Jackson County to 7 feet in Harrison County. Hurricane Ida caused approximately $10 million worth of damage.","Widespread minor to moderate damage to trees and homes was reported across the county. Most structural damage was exterior, such as shingle damage, carport damage, or fascia damage. However, some homes did suffer major damage due to falling trees. Numerous roads were impassable due to downed trees and powerlines, including portions of I-55, US Hwy 51 and several state highways. At the peak, approximately 65% of the county was without power."
MS-ACTION-2021-08-29-governor-reeves-issues-state-of-emergency-ahead-of-hurrica,,Tate Reeves,Governor Reeves Issues State of Emergency Ahead of Hurricane Ida,2021-08-29,https://governorreeves.ms.gov/wp-json/wp/v2/posts/955,980095,162337,2021-08-30 22:30:00,2021-08-31 00:30:00,Z,NWS forecast zone,15,PONTOTOC,Strong Wind,35.0,EG,0,0,2.00K,0.00K,Social Media,"Tropical depression Ida tracked just southeast of the Mid-South during August 30-31, 2021. Heavy rain and gusty winds were common across Northeast Mississippi and parts of West Tennessee. Wind gusts to 40 mph knocked down a few trees and powerlines.",A large tree was knocked down on Black Zion Road.
MS-ACTION-2021-08-29-governor-reeves-issues-state-of-emergency-ahead-of-hurrica,,Tate Reeves,Governor Reeves Issues State of Emergency Ahead of Hurricane Ida,2021-08-29,https://governorreeves.ms.gov/wp-json/wp/v2/posts/955,974984,160593,2021-08-30 02:00:00,2021-08-30 09:00:00,Z,NWS forecast zone,49,RANKIN,Tropical Storm,,,0,0,80.00K,0.00K,Law Enforcement,"Major hurricane Ida made landfall as a strong category four hurricane around 11:55am on August 29 near Grand Isle, LA. It then moved very slowly north through south central Louisiana and into Mississippi on August 30. It then turned northeast and moved across the Jackson metro area as a tropical storm and into northeast Mississippi as a tropical depression through the early morning of August 31. Ida brought tropical storm force gusts to portions of Mississippi, which brought down trees and power lines. Rainfall amounts of 4-8 inches occurred, which resulted in localized flooding.",Tropical storm force wind gusts resulted in numerous trees and power lines down across the county. At least 26 roads were blocked by fallen trees and power lines. A peak wind gust of 54 miles per hour was also measured at the Ross Barnett Reservoir along with a peak gust of 48 miles per hour at Jackson Medgar Wiley Evers International Airport.
MS-ACTION-2021-08-29-governor-reeves-issues-state-of-emergency-ahead-of-hurrica,,Tate Reeves,Governor Reeves Issues State of Emergency Ahead of Hurricane Ida,2021-08-29,https://governorreeves.ms.gov/wp-json/wp/v2/posts/955,974986,160593,2021-08-30 05:30:00,2021-08-30 12:00:00,Z,NWS forecast zone,50,SCOTT,Tropical Storm,,,0,0,25.00K,0.00K,Public,"Major hurricane Ida made landfall as a strong category four hurricane around 11:55am on August 29 near Grand Isle, LA. It then moved very slowly north through south central Louisiana and into Mississippi on August 30. It then turned northeast and moved across the Jackson metro area as a tropical storm and into northeast Mississippi as a tropical depression through the early morning of August 31. Ida brought tropical storm force gusts to portions of Mississippi, which brought down trees and power lines. Rainfall amounts of 4-8 inches occurred, which resulted in localized flooding.",Tropical storm force wind gusts downed multiple trees and power lines across the county.
MS-ACTION-2021-08-29-governor-reeves-issues-state-of-emergency-ahead-of-hurrica,,Tate Reeves,Governor Reeves Issues State of Emergency Ahead of Hurricane Ida,2021-08-29,https://governorreeves.ms.gov/wp-json/wp/v2/posts/955,974987,160593,2021-08-30 03:00:00,2021-08-30 09:00:00,Z,NWS forecast zone,55,SIMPSON,Tropical Storm,,,0,0,50.00K,0.00K,Public,"Major hurricane Ida made landfall as a strong category four hurricane around 11:55am on August 29 near Grand Isle, LA. It then moved very slowly north through south central Louisiana and into Mississippi on August 30. It then turned northeast and moved across the Jackson metro area as a tropical storm and into northeast Mississippi as a tropical depression through the early morning of August 31. Ida brought tropical storm force gusts to portions of Mississippi, which brought down trees and power lines. Rainfall amounts of 4-8 inches occurred, which resulted in localized flooding.",Tropical storm force wind gusts resulted in multiple trees and power lines being downed across the county.
MS-ACTION-2021-08-29-governor-reeves-issues-state-of-emergency-ahead-of-hurrica,,Tate Reeves,Governor Reeves Issues State of Emergency Ahead of Hurricane Ida,2021-08-29,https://governorreeves.ms.gov/wp-json/wp/v2/posts/955,974991,160593,2021-08-30 03:00:00,2021-08-30 10:30:00,Z,NWS forecast zone,56,SMITH,Tropical Storm,,,0,0,50.00K,0.00K,Emergency Manager,"Major hurricane Ida made landfall as a strong category four hurricane around 11:55am on August 29 near Grand Isle, LA. It then moved very slowly north through south central Louisiana and into Mississippi on August 30. It then turned northeast and moved across the Jackson metro area as a tropical storm and into northeast Mississippi as a tropical depression through the early morning of August 31. Ida brought tropical storm force gusts to portions of Mississippi, which brought down trees and power lines. Rainfall amounts of 4-8 inches occurred, which resulted in localized flooding.",Tropical storm force wind gusts downed multiple trees and power lines across the county including at least 6 in the Polkville area.
MS-ACTION-2021-08-29-governor-reeves-issues-state-of-emergency-ahead-of-hurrica,,Tate Reeves,Governor Reeves Issues State of Emergency Ahead of Hurricane Ida,2021-08-29,https://governorreeves.ms.gov/wp-json/wp/v2/posts/955,980092,162337,2021-08-30 21:30:00,2021-08-30 23:30:00,Z,NWS forecast zone,14,UNION,Strong Wind,35.0,EG,0,0,,0.00K,Social Media,"Tropical depression Ida tracked just southeast of the Mid-South during August 30-31, 2021. Heavy rain and gusty winds were common across Northeast Mississippi and parts of West Tennessee. Wind gusts to 40 mph knocked down a few trees and powerlines.",Trees were knocked down across the road in the Liberty Community.
MS-ACTION-2021-08-29-governor-reeves-issues-state-of-emergency-ahead-of-hurrica,,Tate Reeves,Governor Reeves Issues State of Emergency Ahead of Hurricane Ida,2021-08-29,https://governorreeves.ms.gov/wp-json/wp/v2/posts/955,978895,162129,2021-08-29 12:00:00,2021-08-30 12:00:00,Z,NWS forecast zone,71,WALTHALL,Hurricane (Typhoon),,,0,0,1.00M,0.00K,Emergency Manager,"The ninth named storm, fourth hurricane, and second major hurricane of the 2021 Atlantic hurricane season, Ida originated from a tropical wave in the Caribbean Sea on August 23rd. On August 26th, the wave developed into a tropical depression, which organized further and became Tropical Storm Ida later that day, near Grand Cayman. On a northwestward track, Ida intensified into a hurricane on August 27, just before moving over western Cuba. A day later, the hurricane underwent rapid intensification over the Gulf of Mexico as it passed over a warm core eddy and reached major hurricane strength. It was just under 72 hours from tropical depression formation to category 4 strength with 150 mph winds. Ida remained at its peak intensity of 150 mph winds and a minimum central pressure of 929 millibars as it made landfall near Port Fourchon midday on August 29th. It didn���t weaken to a tropical storm until it reached near the Louisiana/Mississippi border.||Ida produced over a dozen tornadoes and light to moderate wind damage across southwestern and coastal Mississippi. Around 100,000 residents were without power. Around 100 homes were damaged, 6 destroyed. Storm surge inundation ranged from a few feet in Jackson County to 7 feet in Harrison County. Hurricane Ida caused approximately $10 million worth of damage.","Minor to moderate damage to trees and homes was reported across the county. Most structural damage was exterior, such as shingle damage, carport damage, or fascia damage. However, some homes did suffer major damage due to falling trees. At the peak approximately 50% of the county was without power."
MS-ACTION-2021-08-29-governor-reeves-issues-state-of-emergency-ahead-of-hurrica,,Tate Reeves,Governor Reeves Issues State of Emergency Ahead of Hurricane Ida,2021-08-29,https://governorreeves.ms.gov/wp-json/wp/v2/posts/955,974999,160593,2021-08-30 04:00:00,2021-08-30 08:00:00,Z,NWS forecast zone,47,WARREN,Tropical Storm,,,0,0,15.00K,0.00K,Broadcast Media,"Major hurricane Ida made landfall as a strong category four hurricane around 11:55am on August 29 near Grand Isle, LA. It then moved very slowly north through south central Louisiana and into Mississippi on August 30. It then turned northeast and moved across the Jackson metro area as a tropical storm and into northeast Mississippi as a tropical depression through the early morning of August 31. Ida brought tropical storm force gusts to portions of Mississippi, which brought down trees and power lines. Rainfall amounts of 4-8 inches occurred, which resulted in localized flooding.",Tropical storm force wind gusts downed several trees across the county along with power lines that were downed in the Eagle Lake area.
MS-ACTION-2021-08-29-governor-reeves-issues-state-of-emergency-ahead-of-hurrica,,Tate Reeves,Governor Reeves Issues State of Emergency Ahead of Hurricane Ida,2021-08-29,https://governorreeves.ms.gov/wp-json/wp/v2/posts/955,978896,162129,2021-08-29 15:00:00,2021-08-30 09:00:00,Z,NWS forecast zone,68,WILKINSON,Hurricane (Typhoon),,,0,0,500.00K,0.00K,Emergency Manager,"The ninth named storm, fourth hurricane, and second major hurricane of the 2021 Atlantic hurricane season, Ida originated from a tropical wave in the Caribbean Sea on August 23rd. On August 26th, the wave developed into a tropical depression, which organized further and became Tropical Storm Ida later that day, near Grand Cayman. On a northwestward track, Ida intensified into a hurricane on August 27, just before moving over western Cuba. A day later, the hurricane underwent rapid intensification over the Gulf of Mexico as it passed over a warm core eddy and reached major hurricane strength. It was just under 72 hours from tropical depression formation to category 4 strength with 150 mph winds. Ida remained at its peak intensity of 150 mph winds and a minimum central pressure of 929 millibars as it made landfall near Port Fourchon midday on August 29th. It didn���t weaken to a tropical storm until it reached near the Louisiana/Mississippi border.||Ida produced over a dozen tornadoes and light to moderate wind damage across southwestern and coastal Mississippi. Around 100,000 residents were without power. Around 100 homes were damaged, 6 destroyed. Storm surge inundation ranged from a few feet in Jackson County to 7 feet in Harrison County. Hurricane Ida caused approximately $10 million worth of damage.","Minor to moderate damage to trees and homes was reported across the county. Most structural damage was exterior, such as shingle damage, carport damage, or other fascia damage. However, a few homes suffered moderate to major damage due to falling trees. At the peak, approximately 50% of the county was without power."
MS-ACTION-2021-08-29-governor-reeves-issues-state-of-emergency-ahead-of-hurrica,,Tate Reeves,Governor Reeves Issues State of Emergency Ahead of Hurricane Ida,2021-08-29,https://governorreeves.ms.gov/wp-json/wp/v2/posts/955,975001,160593,2021-08-30 13:00:00,2021-08-30 15:00:00,Z,NWS forecast zone,38,WINSTON,Tropical Storm,,,0,0,1.00K,0.00K,Emergency Manager,"Major hurricane Ida made landfall as a strong category four hurricane around 11:55am on August 29 near Grand Isle, LA. It then moved very slowly north through south central Louisiana and into Mississippi on August 30. It then turned northeast and moved across the Jackson metro area as a tropical storm and into northeast Mississippi as a tropical depression through the early morning of August 31. Ida brought tropical storm force gusts to portions of Mississippi, which brought down trees and power lines. Rainfall amounts of 4-8 inches occurred, which resulted in localized flooding.",Tropical storm force wind gusts downed a tree on Ellison Ridge Road.
MS-ACTION-2021-08-29-governor-reeves-issues-state-of-emergency-ahead-of-hurrica,,Tate Reeves,Governor Reeves Issues State of Emergency Ahead of Hurricane Ida,2021-08-29,https://governorreeves.ms.gov/wp-json/wp/v2/posts/955,975003,160593,2021-08-30 09:00:00,2021-08-30 11:00:00,Z,NWS forecast zone,42,YAZOO,Tropical Storm,,,0,0,5.00K,0.00K,Utility Company,"Major hurricane Ida made landfall as a strong category four hurricane around 11:55am on August 29 near Grand Isle, LA. It then moved very slowly north through south central Louisiana and into Mississippi on August 30. It then turned northeast and moved across the Jackson metro area as a tropical storm and into northeast Mississippi as a tropical depression through the early morning of August 31. Ida brought tropical storm force gusts to portions of Mississippi, which brought down trees and power lines. Rainfall amounts of 4-8 inches occurred, which resulted in localized flooding.",Tropical storm force wind gusts blew a tree down on power lines along Vaughan Road.
MS-ACTION-2022-08-27-governor-reeves-issues-state-of-emergency-ahead-of-floodin,,Tate Reeves,Governor Reeves Issues State of Emergency Ahead of Flooding,2022-08-27,https://governorreeves.ms.gov/wp-json/wp/v2/posts/1079,1079289,173225,2022-08-24 09:25:00,2022-08-24 12:00:00,C,county/county-equivalent,23,CLARKE,Flash Flood,,,0,0,5.00K,0.00K,Public,"A low pressure system spinning over northern Louisiana and southern Arkansas brought several rounds of showers and thunderstorms producing heavy rain to Mississippi August 24th through 25th. This resulted in widespread flooding of roads, homes, and businesses around the state.",Flooding on County Road 333 near Enterprise.
MS-ACTION-2022-08-27-governor-reeves-issues-state-of-emergency-ahead-of-floodin,,Tate Reeves,Governor Reeves Issues State of Emergency Ahead of Flooding,2022-08-27,https://governorreeves.ms.gov/wp-json/wp/v2/posts/1079,1079303,173225,2022-08-24 11:00:00,2022-08-24 11:50:00,C,county/county-equivalent,23,CLARKE,Flash Flood,,,0,0,10.00K,0.00K,Emergency Manager,"A low pressure system spinning over northern Louisiana and southern Arkansas brought several rounds of showers and thunderstorms producing heavy rain to Mississippi August 24th through 25th. This resulted in widespread flooding of roads, homes, and businesses around the state.",County Roads 130 and 132 flooded.
MS-ACTION-2022-08-27-governor-reeves-issues-state-of-emergency-ahead-of-floodin,,Tate Reeves,Governor Reeves Issues State of Emergency Ahead of Flooding,2022-08-27,https://governorreeves.ms.gov/wp-json/wp/v2/posts/1079,1079293,173225,2022-08-24 11:00:00,2022-08-24 12:00:00,C,county/county-equivalent,23,CLARKE,Flash Flood,,,0,0,30.00K,0.00K,Emergency Manager,"A low pressure system spinning over northern Louisiana and southern Arkansas brought several rounds of showers and thunderstorms producing heavy rain to Mississippi August 24th through 25th. This resulted in widespread flooding of roads, homes, and businesses around the state.",County Road 373 had a portions washed out due to a culvert failure. Several other roads in the northwest part of the county were also flooded.
MS-ACTION-2022-08-27-governor-reeves-issues-state-of-emergency-ahead-of-floodin,,Tate Reeves,Governor Reeves Issues State of Emergency Ahead of Flooding,2022-08-27,https://governorreeves.ms.gov/wp-json/wp/v2/posts/1079,1079304,173225,2022-08-24 12:00:00,2022-08-24 15:00:00,C,county/county-equivalent,23,CLARKE,Flash Flood,,,0,0,2.00K,0.00K,Emergency Manager,"A low pressure system spinning over northern Louisiana and southern Arkansas brought several rounds of showers and thunderstorms producing heavy rain to Mississippi August 24th through 25th. This resulted in widespread flooding of roads, homes, and businesses around the state.",County Roads 694 and 621 flooded.
MS-ACTION-2022-08-27-governor-reeves-issues-state-of-emergency-ahead-of-floodin,,Tate Reeves,Governor Reeves Issues State of Emergency Ahead of Flooding,2022-08-27,https://governorreeves.ms.gov/wp-json/wp/v2/posts/1079,1053408,173225,2022-08-24 12:30:00,2022-08-24 13:50:00,C,county/county-equivalent,31,COVINGTON,Flash Flood,,,0,0,1.00K,0.00K,Emergency Manager,"A low pressure system spinning over northern Louisiana and southern Arkansas brought several rounds of showers and thunderstorms producing heavy rain to Mississippi August 24th through 25th. This resulted in widespread flooding of roads, homes, and businesses around the state.",Part of highway 49 and Arbo Road flooded south of Mount Olive.
MS-ACTION-2022-08-27-governor-reeves-issues-state-of-emergency-ahead-of-floodin,,Tate Reeves,Governor Reeves Issues State of Emergency Ahead of Flooding,2022-08-27,https://governorreeves.ms.gov/wp-json/wp/v2/posts/1079,1053409,173225,2022-08-24 12:50:00,2022-08-24 15:00:00,C,county/county-equivalent,31,COVINGTON,Flash Flood,,,0,0,5.00K,0.00K,Emergency Manager,"A low pressure system spinning over northern Louisiana and southern Arkansas brought several rounds of showers and thunderstorms producing heavy rain to Mississippi August 24th through 25th. This resulted in widespread flooding of roads, homes, and businesses around the state.",A few roads flooded in the southern part of the county including Williams Road road near Highway 588 and Ed Mayfield Road.
MS-ACTION-2022-08-27-governor-reeves-issues-state-of-emergency-ahead-of-floodin,,Tate Reeves,Governor Reeves Issues State of Emergency Ahead of Flooding,2022-08-27,https://governorreeves.ms.gov/wp-json/wp/v2/posts/1079,1079315,173225,2022-08-24 12:30:00,2022-08-24 14:00:00,C,county/county-equivalent,35,FORREST,Flash Flood,,,0,0,30.00K,0.00K,Law Enforcement,"A low pressure system spinning over northern Louisiana and southern Arkansas brought several rounds of showers and thunderstorms producing heavy rain to Mississippi August 24th through 25th. This resulted in widespread flooding of roads, homes, and businesses around the state.",Flooding at Klondyke Street and Hardy Street.
MS-ACTION-2022-08-27-governor-reeves-issues-state-of-emergency-ahead-of-floodin,,Tate Reeves,Governor Reeves Issues State of Emergency Ahead of Flooding,2022-08-27,https://governorreeves.ms.gov/wp-json/wp/v2/posts/1079,1079319,173225,2022-08-24 12:30:00,2022-08-24 14:00:00,C,county/county-equivalent,35,FORREST,Flash Flood,,,0,0,200.00K,0.00K,County Official,"A low pressure system spinning over northern Louisiana and southern Arkansas brought several rounds of showers and thunderstorms producing heavy rain to Mississippi August 24th through 25th. This resulted in widespread flooding of roads, homes, and businesses around the state.",There was flooding at Sherry Lynn Drive and Oaklawn drive and also on Robinson Drive and Leeville Road.
MS-ACTION-2022-08-27-governor-reeves-issues-state-of-emergency-ahead-of-floodin,,Tate Reeves,Governor Reeves Issues State of Emergency Ahead of Flooding,2022-08-27,https://governorreeves.ms.gov/wp-json/wp/v2/posts/1079,1079296,173225,2022-08-24 12:30:00,2022-08-24 14:00:00,C,county/county-equivalent,35,FORREST,Flash Flood,,,0,0,25.00K,0.00K,Public,"A low pressure system spinning over northern Louisiana and southern Arkansas brought several rounds of showers and thunderstorms producing heavy rain to Mississippi August 24th through 25th. This resulted in widespread flooding of roads, homes, and businesses around the state.",Report of a car flooded and high water rescue on Highway 49 in Hattiesburg.
MS-ACTION-2022-08-27-governor-reeves-issues-state-of-emergency-ahead-of-floodin,,Tate Reeves,Governor Reeves Issues State of Emergency Ahead of Flooding,2022-08-27,https://governorreeves.ms.gov/wp-json/wp/v2/posts/1079,1079297,173225,2022-08-24 12:30:00,2022-08-24 14:00:00,C,county/county-equivalent,35,FORREST,Flash Flood,,,0,0,30.00K,0.00K,Public,"A low pressure system spinning over northern Louisiana and southern Arkansas brought several rounds of showers and thunderstorms producing heavy rain to Mississippi August 24th through 25th. This resulted in widespread flooding of roads, homes, and businesses around the state.",Flooding reported at the University of Southern Mississippi.
MS-ACTION-2022-08-27-governor-reeves-issues-state-of-emergency-ahead-of-floodin,,Tate Reeves,Governor Reeves Issues State of Emergency Ahead of Flooding,2022-08-27,https://governorreeves.ms.gov/wp-json/wp/v2/posts/1079,1079311,173225,2022-08-24 12:40:00,2022-08-24 14:00:00,C,county/county-equivalent,35,FORREST,Flash Flood,,,0,0,100.00K,0.00K,Law Enforcement,"A low pressure system spinning over northern Louisiana and southern Arkansas brought several rounds of showers and thunderstorms producing heavy rain to Mississippi August 24th through 25th. This resulted in widespread flooding of roads, homes, and businesses around the state.",Flooding on Hardy Street between 10th and 11th street and near 17th street.
MS-ACTION-2022-08-27-governor-reeves-issues-state-of-emergency-ahead-of-floodin,,Tate Reeves,Governor Reeves Issues State of Emergency Ahead of Flooding,2022-08-27,https://governorreeves.ms.gov/wp-json/wp/v2/posts/1079,1079312,173225,2022-08-24 13:05:00,2022-08-24 14:00:00,C,county/county-equivalent,35,FORREST,Flash Flood,,,0,0,90.00K,0.00K,Law Enforcement,"A low pressure system spinning over northern Louisiana and southern Arkansas brought several rounds of showers and thunderstorms producing heavy rain to Mississippi August 24th through 25th. This resulted in widespread flooding of roads, homes, and businesses around the state.",There was flooding in the 1500 block of Main Street.
MS-ACTION-2022-08-27-governor-reeves-issues-state-of-emergency-ahead-of-floodin,,Tate Reeves,Governor Reeves Issues State of Emergency Ahead of Flooding,2022-08-27,https://governorreeves.ms.gov/wp-json/wp/v2/posts/1079,1055255,173987,2022-08-25 13:30:00,2022-08-25 15:30:00,C,county/county-equivalent,41,GREENE,Flash Flood,,,0,0,0.00K,0.00K,Emergency Manager,A wet pattern continued across the Gulf Coast as additional heavy rain led to numerous flooding reports across southwest Alabama and southeast Mississippi.,Water over the roadway near Indian Hill Road.
MS-ACTION-2022-08-27-governor-reeves-issues-state-of-emergency-ahead-of-floodin,,Tate Reeves,Governor Reeves Issues State of Emergency Ahead of Flooding,2022-08-27,https://governorreeves.ms.gov/wp-json/wp/v2/posts/1079,1055234,173417,2022-08-25 13:00:00,2022-08-25 14:00:00,C,county/county-equivalent,47,HARRISON,Flash Flood,,,0,0,0.00K,0.00K,Broadcast Media,"A weak warm front that developed the previous day stalled and began to sag southward towards the Mississippi Coast. At the same time, a very moisture rich atmosphere was already in place as it had been for several days. As storms developed within this conducive environment, daytime heating began to intensify storms moving towards the Mississippi Gulf Coast. Those storms produced very heavy rainfall rates that resulted in flash flooding over portions of Jackson and Harrison counties.",Broadcast media relayed pictures of water up to two feet from heavy rainfall over Baywood Drive.
MS-ACTION-2022-08-27-governor-reeves-issues-state-of-emergency-ahead-of-floodin,,Tate Reeves,Governor Reeves Issues State of Emergency Ahead of Flooding,2022-08-27,https://governorreeves.ms.gov/wp-json/wp/v2/posts/1079,1055236,173417,2022-08-25 13:10:00,2022-08-25 14:10:00,C,county/county-equivalent,47,HARRISON,Flash Flood,,,0,0,0.00K,0.00K,Broadcast Media,"A weak warm front that developed the previous day stalled and began to sag southward towards the Mississippi Coast. At the same time, a very moisture rich atmosphere was already in place as it had been for several days. As storms developed within this conducive environment, daytime heating began to intensify storms moving towards the Mississippi Gulf Coast. Those storms produced very heavy rainfall rates that resulted in flash flooding over portions of Jackson and Harrison counties.",Broadcast media shared a video on social media showing up to 2 feet of water near the Coliseum in Biloxi.
MS-ACTION-2022-08-27-governor-reeves-issues-state-of-emergency-ahead-of-floodin,,Tate Reeves,Governor Reeves Issues State of Emergency Ahead of Flooding,2022-08-27,https://governorreeves.ms.gov/wp-json/wp/v2/posts/1079,1053369,173225,2022-08-24 08:35:00,2022-08-24 10:30:00,C,county/county-equivalent,49,HINDS,Flash Flood,,,0,0,200.00K,0.00K,State Official,"A low pressure system spinning over northern Louisiana and southern Arkansas brought several rounds of showers and thunderstorms producing heavy rain to Mississippi August 24th through 25th. This resulted in widespread flooding of roads, homes, and businesses around the state.","Flooding occurred in portions of Jackson, and 6 homes experienced minor flood damage."
MS-ACTION-2022-08-27-governor-reeves-issues-state-of-emergency-ahead-of-floodin,,Tate Reeves,Governor Reeves Issues State of Emergency Ahead of Flooding,2022-08-27,https://governorreeves.ms.gov/wp-json/wp/v2/posts/1079,1053370,173225,2022-08-24 09:20:00,2022-08-24 10:30:00,C,county/county-equivalent,49,HINDS,Flash Flood,,,0,0,2.00K,0.00K,Department of Highways,"A low pressure system spinning over northern Louisiana and southern Arkansas brought several rounds of showers and thunderstorms producing heavy rain to Mississippi August 24th through 25th. This resulted in widespread flooding of roads, homes, and businesses around the state.",Two southbound lanes of I-20 blocked by flooding between Meadowbrook   Road and Lakeland Drive.
MS-ACTION-2022-08-27-governor-reeves-issues-state-of-emergency-ahead-of-floodin,,Tate Reeves,Governor Reeves Issues State of Emergency Ahead of Flooding,2022-08-27,https://governorreeves.ms.gov/wp-json/wp/v2/posts/1079,1053371,173225,2022-08-24 10:00:00,2022-08-24 10:30:00,C,county/county-equivalent,49,HINDS,Flash Flood,,,0,0,2.00K,0.00K,Emergency Manager,"A low pressure system spinning over northern Louisiana and southern Arkansas brought several rounds of showers and thunderstorms producing heavy rain to Mississippi August 24th through 25th. This resulted in widespread flooding of roads, homes, and businesses around the state.",White Oak Creek was out of its banks and flooded several back yards in the Briarwood Drive area.
MS-ACTION-2022-08-27-governor-reeves-issues-state-of-emergency-ahead-of-floodin,,Tate Reeves,Governor Reeves Issues State of Emergency Ahead of Flooding,2022-08-27,https://governorreeves.ms.gov/wp-json/wp/v2/posts/1079,1053372,173225,2022-08-24 10:15:00,2022-08-24 10:30:00,C,county/county-equivalent,49,HINDS,Flash Flood,,,0,0,30.00K,0.00K,Broadcast Media,"A low pressure system spinning over northern Louisiana and southern Arkansas brought several rounds of showers and thunderstorms producing heavy rain to Mississippi August 24th through 25th. This resulted in widespread flooding of roads, homes, and businesses around the state.",A convenience store on State Street was flooded when Eubanks Creek rose out of its banks.
MS-ACTION-2022-08-27-governor-reeves-issues-state-of-emergency-ahead-of-floodin,,Tate Reeves,Governor Reeves Issues State of Emergency Ahead of Flooding,2022-08-27,https://governorreeves.ms.gov/wp-json/wp/v2/posts/1079,1095505,173225,2022-08-24 10:30:00,2022-08-24 10:30:00,C,county/county-equivalent,49,HINDS,Heavy Rain,,,0,0,3.00K,0.00K,Social Media,"A low pressure system spinning over northern Louisiana and southern Arkansas brought several rounds of showers and thunderstorms producing heavy rain to Mississippi August 24th through 25th. This resulted in widespread flooding of roads, homes, and businesses around the state.","A few trees in Jackson fell down due to rain saturated soil, including along Mockingbird Lane, Oriole Drive, and Will O Wisp Way."
MS-ACTION-2022-08-27-governor-reeves-issues-state-of-emergency-ahead-of-floodin,,Tate Reeves,Governor Reeves Issues State of Emergency Ahead of Flooding,2022-08-27,https://governorreeves.ms.gov/wp-json/wp/v2/posts/1079,1079295,173225,2022-08-24 12:07:00,2022-08-24 13:50:00,C,county/county-equivalent,49,HINDS,Flash Flood,,,0,0,25.00K,0.00K,Social Media,"A low pressure system spinning over northern Louisiana and southern Arkansas brought several rounds of showers and thunderstorms producing heavy rain to Mississippi August 24th through 25th. This resulted in widespread flooding of roads, homes, and businesses around the state.",A social media post showed flooding on Briarwood Drive in Jackson.  A school bus was partially submerged in flood water.
MS-ACTION-2022-08-27-governor-reeves-issues-state-of-emergency-ahead-of-floodin,,Tate Reeves,Governor Reeves Issues State of Emergency Ahead of Flooding,2022-08-27,https://governorreeves.ms.gov/wp-json/wp/v2/posts/1079,1085401,173225,2022-08-25 17:47:00,2022-08-25 18:30:00,C,county/county-equivalent,49,HINDS,Flash Flood,,,0,0,1.00K,0.00K,NWS Employee,"A low pressure system spinning over northern Louisiana and southern Arkansas brought several rounds of showers and thunderstorms producing heavy rain to Mississippi August 24th through 25th. This resulted in widespread flooding of roads, homes, and businesses around the state.",An underpass flooded in Jackson.
MS-ACTION-2022-08-27-governor-reeves-issues-state-of-emergency-ahead-of-floodin,,Tate Reeves,Governor Reeves Issues State of Emergency Ahead of Flooding,2022-08-27,https://governorreeves.ms.gov/wp-json/wp/v2/posts/1079,1055224,173417,2022-08-25 12:23:00,2022-08-25 13:23:00,C,county/county-equivalent,59,JACKSON,Flash Flood,,,0,0,0.00K,0.00K,Broadcast Media,"A weak warm front that developed the previous day stalled and began to sag southward towards the Mississippi Coast. At the same time, a very moisture rich atmosphere was already in place as it had been for several days. As storms developed within this conducive environment, daytime heating began to intensify storms moving towards the Mississippi Gulf Coast. Those storms produced very heavy rainfall rates that resulted in flash flooding over portions of Jackson and Harrison counties.",Broadcast media relayed a picture of water approximately one foot deep on Calle De Feliz street in Gautier.
MS-ACTION-2022-08-27-governor-reeves-issues-state-of-emergency-ahead-of-floodin,,Tate Reeves,Governor Reeves Issues State of Emergency Ahead of Flooding,2022-08-27,https://governorreeves.ms.gov/wp-json/wp/v2/posts/1079,1055233,173417,2022-08-25 12:24:00,2022-08-25 13:24:00,C,county/county-equivalent,59,JACKSON,Flash Flood,,,0,0,0.00K,0.00K,Public,"A weak warm front that developed the previous day stalled and began to sag southward towards the Mississippi Coast. At the same time, a very moisture rich atmosphere was already in place as it had been for several days. As storms developed within this conducive environment, daytime heating began to intensify storms moving towards the Mississippi Gulf Coast. Those storms produced very heavy rainfall rates that resulted in flash flooding over portions of Jackson and Harrison counties.",Heavy rainfall resulted in water flowing over Old Spanish Trail near the railroad crossing just east of West Lane.
MS-ACTION-2022-08-27-governor-reeves-issues-state-of-emergency-ahead-of-floodin,,Tate Reeves,Governor Reeves Issues State of Emergency Ahead of Flooding,2022-08-27,https://governorreeves.ms.gov/wp-json/wp/v2/posts/1079,1079290,173225,2022-08-24 09:45:00,2022-08-24 11:30:00,C,county/county-equivalent,61,JASPER,Flash Flood,,,0,0,5.00K,0.00K,Emergency Manager,"A low pressure system spinning over northern Louisiana and southern Arkansas brought several rounds of showers and thunderstorms producing heavy rain to Mississippi August 24th through 25th. This resulted in widespread flooding of roads, homes, and businesses around the state.",County Road 2424 flooded near the intersection of Highway 503.
MS-ACTION-2022-08-27-governor-reeves-issues-state-of-emergency-ahead-of-floodin,,Tate Reeves,Governor Reeves Issues State of Emergency Ahead of Flooding,2022-08-27,https://governorreeves.ms.gov/wp-json/wp/v2/posts/1079,1079291,173225,2022-08-24 10:00:00,2022-08-24 12:00:00,C,county/county-equivalent,61,JASPER,Flash Flood,,,0,0,10.00K,0.00K,Emergency Manager,"A low pressure system spinning over northern Louisiana and southern Arkansas brought several rounds of showers and thunderstorms producing heavy rain to Mississippi August 24th through 25th. This resulted in widespread flooding of roads, homes, and businesses around the state.",Flooding on County Roads 1561 and 1563.
MS-ACTION-2022-08-27-governor-reeves-issues-state-of-emergency-ahead-of-floodin,,Tate Reeves,Governor Reeves Issues State of Emergency Ahead of Flooding,2022-08-27,https://governorreeves.ms.gov/wp-json/wp/v2/posts/1079,1079292,173225,2022-08-24 10:20:00,2022-08-24 12:00:00,C,county/county-equivalent,61,JASPER,Flash Flood,,,0,0,5.00K,0.00K,Emergency Manager,"A low pressure system spinning over northern Louisiana and southern Arkansas brought several rounds of showers and thunderstorms producing heavy rain to Mississippi August 24th through 25th. This resulted in widespread flooding of roads, homes, and businesses around the state.",Part of Highway 18 around Rose Hill flooded.
MS-ACTION-2022-08-27-governor-reeves-issues-state-of-emergency-ahead-of-floodin,,Tate Reeves,Governor Reeves Issues State of Emergency Ahead of Flooding,2022-08-27,https://governorreeves.ms.gov/wp-json/wp/v2/posts/1079,1079307,173225,2022-08-24 11:30:00,2022-08-24 11:50:00,C,county/county-equivalent,61,JASPER,Flash Flood,,,0,0,5.00K,0.00K,Public,"A low pressure system spinning over northern Louisiana and southern Arkansas brought several rounds of showers and thunderstorms producing heavy rain to Mississippi August 24th through 25th. This resulted in widespread flooding of roads, homes, and businesses around the state.",Flooding on County Road 23.
MS-ACTION-2022-08-27-governor-reeves-issues-state-of-emergency-ahead-of-floodin,,Tate Reeves,Governor Reeves Issues State of Emergency Ahead of Flooding,2022-08-27,https://governorreeves.ms.gov/wp-json/wp/v2/posts/1079,1079305,173225,2022-08-24 11:45:00,2022-08-24 15:00:00,C,county/county-equivalent,61,JASPER,Flash Flood,,,0,0,1.00K,0.00K,Emergency Manager,"A low pressure system spinning over northern Louisiana and southern Arkansas brought several rounds of showers and thunderstorms producing heavy rain to Mississippi August 24th through 25th. This resulted in widespread flooding of roads, homes, and businesses around the state.",Flooding occurred on County Road 7.
MS-ACTION-2022-08-27-governor-reeves-issues-state-of-emergency-ahead-of-floodin,,Tate Reeves,Governor Reeves Issues State of Emergency Ahead of Flooding,2022-08-27,https://governorreeves.ms.gov/wp-json/wp/v2/posts/1079,1095506,173225,2022-08-24 12:20:00,2022-08-24 15:00:00,C,county/county-equivalent,65,JEFFERSON DAVIS,Flash Flood,,,0,0,80.00K,0.00K,Emergency Manager,"A low pressure system spinning over northern Louisiana and southern Arkansas brought several rounds of showers and thunderstorms producing heavy rain to Mississippi August 24th through 25th. This resulted in widespread flooding of roads, homes, and businesses around the state.",Two businesses in Prentiss flooded.
MS-ACTION-2022-08-27-governor-reeves-issues-state-of-emergency-ahead-of-floodin,,Tate Reeves,Governor Reeves Issues State of Emergency Ahead of Flooding,2022-08-27,https://governorreeves.ms.gov/wp-json/wp/v2/posts/1079,1079298,173225,2022-08-24 12:20:00,2022-08-24 15:00:00,C,county/county-equivalent,65,JEFFERSON DAVIS,Flash Flood,,,0,0,40.00K,0.00K,Emergency Manager,"A low pressure system spinning over northern Louisiana and southern Arkansas brought several rounds of showers and thunderstorms producing heavy rain to Mississippi August 24th through 25th. This resulted in widespread flooding of roads, homes, and businesses around the state.",Two buses flooded in town of Prentiss.
MS-ACTION-2022-08-27-governor-reeves-issues-state-of-emergency-ahead-of-floodin,,Tate Reeves,Governor Reeves Issues State of Emergency Ahead of Flooding,2022-08-27,https://governorreeves.ms.gov/wp-json/wp/v2/posts/1079,1095503,173225,2022-08-24 07:39:00,2022-08-24 07:39:00,C,county/county-equivalent,67,JONES,Heavy Rain,,,0,0,10.00K,0.00K,Broadcast Media,"A low pressure system spinning over northern Louisiana and southern Arkansas brought several rounds of showers and thunderstorms producing heavy rain to Mississippi August 24th through 25th. This resulted in widespread flooding of roads, homes, and businesses around the state.",Some trees fell onto power lines and along 15th Street due to rain saturated ground.
MS-ACTION-2022-08-27-governor-reeves-issues-state-of-emergency-ahead-of-floodin,,Tate Reeves,Governor Reeves Issues State of Emergency Ahead of Flooding,2022-08-27,https://governorreeves.ms.gov/wp-json/wp/v2/posts/1079,1079302,173225,2022-08-24 12:50:00,2022-08-24 15:00:00,C,county/county-equivalent,67,JONES,Flash Flood,,,0,0,5.00K,0.00K,Emergency Manager,"A low pressure system spinning over northern Louisiana and southern Arkansas brought several rounds of showers and thunderstorms producing heavy rain to Mississippi August 24th through 25th. This resulted in widespread flooding of roads, homes, and businesses around the state.",A few roads were flooded around Moselle.
MS-ACTION-2022-08-27-governor-reeves-issues-state-of-emergency-ahead-of-floodin,,Tate Reeves,Governor Reeves Issues State of Emergency Ahead of Flooding,2022-08-27,https://governorreeves.ms.gov/wp-json/wp/v2/posts/1079,1095501,173225,2022-08-24 05:37:00,2022-08-24 05:37:00,C,county/county-equivalent,69,KEMPER,Heavy Rain,,,0,0,1.00K,0.00K,Law Enforcement,"A low pressure system spinning over northern Louisiana and southern Arkansas brought several rounds of showers and thunderstorms producing heavy rain to Mississippi August 24th through 25th. This resulted in widespread flooding of roads, homes, and businesses around the state.",A large tree fell over near Old Jackson Road due to rain saturated ground.
MS-ACTION-2022-08-27-governor-reeves-issues-state-of-emergency-ahead-of-floodin,,Tate Reeves,Governor Reeves Issues State of Emergency Ahead of Flooding,2022-08-27,https://governorreeves.ms.gov/wp-json/wp/v2/posts/1079,1079287,173225,2022-08-24 07:26:00,2022-08-24 10:45:00,C,county/county-equivalent,69,KEMPER,Flash Flood,,,0,0,10.00K,0.00K,Department of Highways,"A low pressure system spinning over northern Louisiana and southern Arkansas brought several rounds of showers and thunderstorms producing heavy rain to Mississippi August 24th through 25th. This resulted in widespread flooding of roads, homes, and businesses around the state.",Flooding at Mississippi Highway 16 and Mississippi Highway 495.
MS-ACTION-2022-08-27-governor-reeves-issues-state-of-emergency-ahead-of-floodin,,Tate Reeves,Governor Reeves Issues State of Emergency Ahead of Flooding,2022-08-27,https://governorreeves.ms.gov/wp-json/wp/v2/posts/1079,1053412,173225,2022-08-24 08:30:00,2022-08-24 13:30:00,C,county/county-equivalent,75,LAUDERDALE,Flash Flood,,,0,0,3.00K,0.00K,Broadcast Media,"A low pressure system spinning over northern Louisiana and southern Arkansas brought several rounds of showers and thunderstorms producing heavy rain to Mississippi August 24th through 25th. This resulted in widespread flooding of roads, homes, and businesses around the state.",Flooding on 65th Avenue and along Old 8th Street near the soccer complex.
MS-ACTION-2022-08-27-governor-reeves-issues-state-of-emergency-ahead-of-floodin,,Tate Reeves,Governor Reeves Issues State of Emergency Ahead of Flooding,2022-08-27,https://governorreeves.ms.gov/wp-json/wp/v2/posts/1079,1053410,173225,2022-08-24 08:50:00,2022-08-24 13:30:00,C,county/county-equivalent,75,LAUDERDALE,Flash Flood,,,0,0,1.00K,0.00K,Department of Highways,"A low pressure system spinning over northern Louisiana and southern Arkansas brought several rounds of showers and thunderstorms producing heavy rain to Mississippi August 24th through 25th. This resulted in widespread flooding of roads, homes, and businesses around the state.",Flooding on Highway 80 between Telephone Station Road and Betts Radcliff Road.
MS-ACTION-2022-08-27-governor-reeves-issues-state-of-emergency-ahead-of-floodin,,Tate Reeves,Governor Reeves Issues State of Emergency Ahead of Flooding,2022-08-27,https://governorreeves.ms.gov/wp-json/wp/v2/posts/1079,1053411,173225,2022-08-24 10:00:00,2022-08-24 13:30:00,C,county/county-equivalent,75,LAUDERDALE,Flash Flood,,,0,0,1.00K,0.00K,Broadcast Media,"A low pressure system spinning over northern Louisiana and southern Arkansas brought several rounds of showers and thunderstorms producing heavy rain to Mississippi August 24th through 25th. This resulted in widespread flooding of roads, homes, and businesses around the state.",Flooding occurred at Snowden Hills in Collinsville.
MS-ACTION-2022-08-27-governor-reeves-issues-state-of-emergency-ahead-of-floodin,,Tate Reeves,Governor Reeves Issues State of Emergency Ahead of Flooding,2022-08-27,https://governorreeves.ms.gov/wp-json/wp/v2/posts/1079,1052970,173225,2022-08-24 04:00:00,2022-08-24 10:15:00,C,county/county-equivalent,79,LEAKE,Flash Flood,,,0,0,5.00K,0.00K,Emergency Manager,"A low pressure system spinning over northern Louisiana and southern Arkansas brought several rounds of showers and thunderstorms producing heavy rain to Mississippi August 24th through 25th. This resulted in widespread flooding of roads, homes, and businesses around the state.",Several roads flooded across the county.
MS-ACTION-2022-08-27-governor-reeves-issues-state-of-emergency-ahead-of-floodin,,Tate Reeves,Governor Reeves Issues State of Emergency Ahead of Flooding,2022-08-27,https://governorreeves.ms.gov/wp-json/wp/v2/posts/1079,1052971,173225,2022-08-24 04:00:00,2022-08-24 10:15:00,C,county/county-equivalent,79,LEAKE,Flash Flood,,,0,0,2.00K,0.00K,Broadcast Media,"A low pressure system spinning over northern Louisiana and southern Arkansas brought several rounds of showers and thunderstorms producing heavy rain to Mississippi August 24th through 25th. This resulted in widespread flooding of roads, homes, and businesses around the state.",A large culvert was washed out on Big Springs Road.
MS-ACTION-2022-08-27-governor-reeves-issues-state-of-emergency-ahead-of-floodin,,Tate Reeves,Governor Reeves Issues State of Emergency Ahead of Flooding,2022-08-27,https://governorreeves.ms.gov/wp-json/wp/v2/posts/1079,1052972,173225,2022-08-24 05:30:00,2022-08-24 10:15:00,C,county/county-equivalent,79,LEAKE,Flash Flood,,,0,0,5.00K,0.00K,Emergency Manager,"A low pressure system spinning over northern Louisiana and southern Arkansas brought several rounds of showers and thunderstorms producing heavy rain to Mississippi August 24th through 25th. This resulted in widespread flooding of roads, homes, and businesses around the state.",Several roads flooded with sections washed out.
MS-ACTION-2022-08-27-governor-reeves-issues-state-of-emergency-ahead-of-floodin,,Tate Reeves,Governor Reeves Issues State of Emergency Ahead of Flooding,2022-08-27,https://governorreeves.ms.gov/wp-json/wp/v2/posts/1079,1052974,173225,2022-08-24 06:00:00,2022-08-24 10:15:00,C,county/county-equivalent,79,LEAKE,Flash Flood,,,0,0,150.00K,0.00K,Emergency Manager,"A low pressure system spinning over northern Louisiana and southern Arkansas brought several rounds of showers and thunderstorms producing heavy rain to Mississippi August 24th through 25th. This resulted in widespread flooding of roads, homes, and businesses around the state.",A few homes flooded along Battle Bluff Road along with some nearby roads flooded.
MS-ACTION-2022-08-27-governor-reeves-issues-state-of-emergency-ahead-of-floodin,,Tate Reeves,Governor Reeves Issues State of Emergency Ahead of Flooding,2022-08-27,https://governorreeves.ms.gov/wp-json/wp/v2/posts/1079,1052973,173225,2022-08-24 06:30:00,2022-08-24 10:15:00,C,county/county-equivalent,79,LEAKE,Flash Flood,,,0,0,90.00K,0.00K,Emergency Manager,"A low pressure system spinning over northern Louisiana and southern Arkansas brought several rounds of showers and thunderstorms producing heavy rain to Mississippi August 24th through 25th. This resulted in widespread flooding of roads, homes, and businesses around the state.",A few homes flooded in Wiggins.
MS-ACTION-2022-08-27-governor-reeves-issues-state-of-emergency-ahead-of-floodin,,Tate Reeves,Governor Reeves Issues State of Emergency Ahead of Flooding,2022-08-27,https://governorreeves.ms.gov/wp-json/wp/v2/posts/1079,1052975,173225,2022-08-24 07:00:00,2022-08-24 10:15:00,C,county/county-equivalent,79,LEAKE,Flash Flood,,,0,0,30.00K,0.00K,Broadcast Media,"A low pressure system spinning over northern Louisiana and southern Arkansas brought several rounds of showers and thunderstorms producing heavy rain to Mississippi August 24th through 25th. This resulted in widespread flooding of roads, homes, and businesses around the state.",Home rescue due to flooding along Kelley Kincaid Road.
MS-ACTION-2022-08-27-governor-reeves-issues-state-of-emergency-ahead-of-floodin,,Tate Reeves,Governor Reeves Issues State of Emergency Ahead of Flooding,2022-08-27,https://governorreeves.ms.gov/wp-json/wp/v2/posts/1079,1052976,173225,2022-08-24 07:00:00,2022-08-24 10:15:00,C,county/county-equivalent,79,LEAKE,Flash Flood,,,0,0,30.00K,0.00K,Broadcast Media,"A low pressure system spinning over northern Louisiana and southern Arkansas brought several rounds of showers and thunderstorms producing heavy rain to Mississippi August 24th through 25th. This resulted in widespread flooding of roads, homes, and businesses around the state.",Home rescue due to flooding along Pilgrim West Road.
MS-ACTION-2022-08-27-governor-reeves-issues-state-of-emergency-ahead-of-floodin,,Tate Reeves,Governor Reeves Issues State of Emergency Ahead of Flooding,2022-08-27,https://governorreeves.ms.gov/wp-json/wp/v2/posts/1079,1052977,173225,2022-08-24 07:30:00,2022-08-24 10:15:00,C,county/county-equivalent,79,LEAKE,Flash Flood,,,0,0,15.00K,0.00K,Broadcast Media,"A low pressure system spinning over northern Louisiana and southern Arkansas brought several rounds of showers and thunderstorms producing heavy rain to Mississippi August 24th through 25th. This resulted in widespread flooding of roads, homes, and businesses around the state.",A women and child were stranded after a car stalled in flood water on Zion Road. Both escaped safely.
MS-ACTION-2022-08-27-governor-reeves-issues-state-of-emergency-ahead-of-floodin,,Tate Reeves,Governor Reeves Issues State of Emergency Ahead of Flooding,2022-08-27,https://governorreeves.ms.gov/wp-json/wp/v2/posts/1079,1052978,173225,2022-08-24 07:30:00,2022-08-24 10:15:00,C,county/county-equivalent,79,LEAKE,Flash Flood,,,0,0,50.00K,0.00K,Broadcast Media,"A low pressure system spinning over northern Louisiana and southern Arkansas brought several rounds of showers and thunderstorms producing heavy rain to Mississippi August 24th through 25th. This resulted in widespread flooding of roads, homes, and businesses around the state.",Two bridges along Pleasant Hill Road were damaged by flooding.
MS-ACTION-2022-08-27-governor-reeves-issues-state-of-emergency-ahead-of-floodin,,Tate Reeves,Governor Reeves Issues State of Emergency Ahead of Flooding,2022-08-27,https://governorreeves.ms.gov/wp-json/wp/v2/posts/1079,1052979,173225,2022-08-24 07:45:00,2022-08-24 10:00:00,C,county/county-equivalent,79,LEAKE,Flash Flood,,,0,0,1.00K,0.00K,Social Media,"A low pressure system spinning over northern Louisiana and southern Arkansas brought several rounds of showers and thunderstorms producing heavy rain to Mississippi August 24th through 25th. This resulted in widespread flooding of roads, homes, and businesses around the state.",Mississippi Highway 16 flooded west of Edinburg. Video posted on Social Media.
MS-ACTION-2022-08-27-governor-reeves-issues-state-of-emergency-ahead-of-floodin,,Tate Reeves,Governor Reeves Issues State of Emergency Ahead of Flooding,2022-08-27,https://governorreeves.ms.gov/wp-json/wp/v2/posts/1079,1052984,173225,2022-08-24 08:00:00,2022-08-24 10:15:00,C,county/county-equivalent,79,LEAKE,Flash Flood,,,0,0,25.00K,0.00K,Broadcast Media,"A low pressure system spinning over northern Louisiana and southern Arkansas brought several rounds of showers and thunderstorms producing heavy rain to Mississippi August 24th through 25th. This resulted in widespread flooding of roads, homes, and businesses around the state.",A large culvert was washed out on Old Walnut Grove Road.
MS-ACTION-2022-08-27-governor-reeves-issues-state-of-emergency-ahead-of-floodin,,Tate Reeves,Governor Reeves Issues State of Emergency Ahead of Flooding,2022-08-27,https://governorreeves.ms.gov/wp-json/wp/v2/posts/1079,1095504,173225,2022-08-24 08:06:00,2022-08-24 08:06:00,C,county/county-equivalent,79,LEAKE,Heavy Rain,,,0,0,1.00K,0.00K,Social Media,"A low pressure system spinning over northern Louisiana and southern Arkansas brought several rounds of showers and thunderstorms producing heavy rain to Mississippi August 24th through 25th. This resulted in widespread flooding of roads, homes, and businesses around the state.",A tree fell across the Natchez Trace Parkway east of the Highway 43 exit due to rain saturated ground.
MS-ACTION-2022-08-27-governor-reeves-issues-state-of-emergency-ahead-of-floodin,,Tate Reeves,Governor Reeves Issues State of Emergency Ahead of Flooding,2022-08-27,https://governorreeves.ms.gov/wp-json/wp/v2/posts/1079,1052981,173225,2022-08-24 09:15:00,2022-08-24 10:15:00,C,county/county-equivalent,79,LEAKE,Flash Flood,,,0,0,50.00K,0.00K,Public,"A low pressure system spinning over northern Louisiana and southern Arkansas brought several rounds of showers and thunderstorms producing heavy rain to Mississippi August 24th through 25th. This resulted in widespread flooding of roads, homes, and businesses around the state.",Widespread flooding in the 600 block of William Street.
MS-ACTION-2022-08-27-governor-reeves-issues-state-of-emergency-ahead-of-floodin,,Tate Reeves,Governor Reeves Issues State of Emergency Ahead of Flooding,2022-08-27,https://governorreeves.ms.gov/wp-json/wp/v2/posts/1079,1044686,172092,2022-08-29 20:58:00,2022-08-29 21:30:00,C,county/county-equivalent,81,LEE,Flash Flood,,,0,0,0.00K,0.00K,Law Enforcement,A weak upper-level trough extended from the Ohio River Valley into northern Arkansas. This triggered scattered showers and thunderstorms. Outflow boundaries caused additional slow-moving showers and thunderstorms to initiate. Some heavy rainfall was the result of these storms.,South Eason Blvd. closed due to flooding near Itawamba Community College. The road was impassable.
MS-ACTION-2022-08-27-governor-reeves-issues-state-of-emergency-ahead-of-floodin,,Tate Reeves,Governor Reeves Issues State of Emergency Ahead of Flooding,2022-08-27,https://governorreeves.ms.gov/wp-json/wp/v2/posts/1079,1053345,173225,2022-08-24 07:00:00,2022-08-24 10:15:00,C,county/county-equivalent,89,MADISON,Flash Flood,,,0,0,1.00M,0.00K,Law Enforcement,"A low pressure system spinning over northern Louisiana and southern Arkansas brought several rounds of showers and thunderstorms producing heavy rain to Mississippi August 24th through 25th. This resulted in widespread flooding of roads, homes, and businesses around the state.","There was significant flooding across Canton. Many homes and numerous vehicles were flooded, and many roads and streets were under water. Six homes experienced major flooding, and another 5 experienced minor flooding."
MS-ACTION-2022-08-27-governor-reeves-issues-state-of-emergency-ahead-of-floodin,,Tate Reeves,Governor Reeves Issues State of Emergency Ahead of Flooding,2022-08-27,https://governorreeves.ms.gov/wp-json/wp/v2/posts/1079,1053346,173225,2022-08-24 07:00:00,2022-08-24 10:15:00,C,county/county-equivalent,89,MADISON,Flash Flood,,,0,0,20.00K,0.00K,Law Enforcement,"A low pressure system spinning over northern Louisiana and southern Arkansas brought several rounds of showers and thunderstorms producing heavy rain to Mississippi August 24th through 25th. This resulted in widespread flooding of roads, homes, and businesses around the state.",Person was rescued from a vehicle in 2 feet of water at Highway 16 and Lottville Road.
MS-ACTION-2022-08-27-governor-reeves-issues-state-of-emergency-ahead-of-floodin,,Tate Reeves,Governor Reeves Issues State of Emergency Ahead of Flooding,2022-08-27,https://governorreeves.ms.gov/wp-json/wp/v2/posts/1079,1079286,173225,2022-08-24 07:00:00,2022-08-24 10:00:00,C,county/county-equivalent,89,MADISON,Flash Flood,,,0,0,1.00M,0.00K,Storm Chaser,"A low pressure system spinning over northern Louisiana and southern Arkansas brought several rounds of showers and thunderstorms producing heavy rain to Mississippi August 24th through 25th. This resulted in widespread flooding of roads, homes, and businesses around the state.",Significant flooding across Canton. Many homes flooded along with numerous vehicles flooded as well. Many roads and streets were also underwater.
MS-ACTION-2022-08-27-governor-reeves-issues-state-of-emergency-ahead-of-floodin,,Tate Reeves,Governor Reeves Issues State of Emergency Ahead of Flooding,2022-08-27,https://governorreeves.ms.gov/wp-json/wp/v2/posts/1079,1053347,173225,2022-08-24 10:12:00,2022-08-24 10:30:00,C,county/county-equivalent,89,MADISON,Flash Flood,,,0,0,50.00K,0.00K,NWS Employee,"A low pressure system spinning over northern Louisiana and southern Arkansas brought several rounds of showers and thunderstorms producing heavy rain to Mississippi August 24th through 25th. This resulted in widespread flooding of roads, homes, and businesses around the state.",Widespread flooding on Ridgewood road has made the road impassable. Stalled cars were also reported.
MS-ACTION-2022-08-27-governor-reeves-issues-state-of-emergency-ahead-of-floodin,,Tate Reeves,Governor Reeves Issues State of Emergency Ahead of Flooding,2022-08-27,https://governorreeves.ms.gov/wp-json/wp/v2/posts/1079,1053348,173225,2022-08-24 07:00:00,2022-08-24 10:15:00,C,county/county-equivalent,99,NESHOBA,Flash Flood,,,0,0,50.00K,0.00K,Broadcast Media,"A low pressure system spinning over northern Louisiana and southern Arkansas brought several rounds of showers and thunderstorms producing heavy rain to Mississippi August 24th through 25th. This resulted in widespread flooding of roads, homes, and businesses around the state.","Flooding at the Neshoba County Fairgrounds, with water entering some cabins."
MS-ACTION-2022-08-27-governor-reeves-issues-state-of-emergency-ahead-of-floodin,,Tate Reeves,Governor Reeves Issues State of Emergency Ahead of Flooding,2022-08-27,https://governorreeves.ms.gov/wp-json/wp/v2/posts/1079,1053350,173225,2022-08-24 07:20:00,2022-08-24 10:00:00,C,county/county-equivalent,99,NESHOBA,Flash Flood,,,0,0,1.00K,0.00K,Broadcast Media,"A low pressure system spinning over northern Louisiana and southern Arkansas brought several rounds of showers and thunderstorms producing heavy rain to Mississippi August 24th through 25th. This resulted in widespread flooding of roads, homes, and businesses around the state.",Flooding on County Road 298.
MS-ACTION-2022-08-27-governor-reeves-issues-state-of-emergency-ahead-of-floodin,,Tate Reeves,Governor Reeves Issues State of Emergency Ahead of Flooding,2022-08-27,https://governorreeves.ms.gov/wp-json/wp/v2/posts/1079,1053352,173225,2022-08-24 08:00:00,2022-08-24 10:00:00,C,county/county-equivalent,99,NESHOBA,Flash Flood,,,0,0,5.00K,0.00K,Emergency Manager,"A low pressure system spinning over northern Louisiana and southern Arkansas brought several rounds of showers and thunderstorms producing heavy rain to Mississippi August 24th through 25th. This resulted in widespread flooding of roads, homes, and businesses around the state.",Numerous roads flooded across western and southern Neshoba County.
MS-ACTION-2022-08-27-governor-reeves-issues-state-of-emergency-ahead-of-floodin,,Tate Reeves,Governor Reeves Issues State of Emergency Ahead of Flooding,2022-08-27,https://governorreeves.ms.gov/wp-json/wp/v2/posts/1079,1053354,173225,2022-08-24 07:30:00,2022-08-24 10:15:00,C,county/county-equivalent,101,NEWTON,Flash Flood,,,0,0,1.00K,0.00K,Public,"A low pressure system spinning over northern Louisiana and southern Arkansas brought several rounds of showers and thunderstorms producing heavy rain to Mississippi August 24th through 25th. This resulted in widespread flooding of roads, homes, and businesses around the state.",Flooding on Good Hope Road east of Decatur.
MS-ACTION-2022-08-27-governor-reeves-issues-state-of-emergency-ahead-of-floodin,,Tate Reeves,Governor Reeves Issues State of Emergency Ahead of Flooding,2022-08-27,https://governorreeves.ms.gov/wp-json/wp/v2/posts/1079,1053356,173225,2022-08-24 07:50:00,2022-08-24 10:15:00,C,county/county-equivalent,101,NEWTON,Flash Flood,,,0,0,100.00K,0.00K,Public,"A low pressure system spinning over northern Louisiana and southern Arkansas brought several rounds of showers and thunderstorms producing heavy rain to Mississippi August 24th through 25th. This resulted in widespread flooding of roads, homes, and businesses around the state.","Numerous roads were flooded in Union, and a few businesses took on water."
MS-ACTION-2022-08-27-governor-reeves-issues-state-of-emergency-ahead-of-floodin,,Tate Reeves,Governor Reeves Issues State of Emergency Ahead of Flooding,2022-08-27,https://governorreeves.ms.gov/wp-json/wp/v2/posts/1079,1053357,173225,2022-08-24 08:00:00,2022-08-24 10:15:00,C,county/county-equivalent,101,NEWTON,Flash Flood,,,0,0,10.00K,0.00K,Law Enforcement,"A low pressure system spinning over northern Louisiana and southern Arkansas brought several rounds of showers and thunderstorms producing heavy rain to Mississippi August 24th through 25th. This resulted in widespread flooding of roads, homes, and businesses around the state.",Multiple roads flooded across Newton County.
MS-ACTION-2022-08-27-governor-reeves-issues-state-of-emergency-ahead-of-floodin,,Tate Reeves,Governor Reeves Issues State of Emergency Ahead of Flooding,2022-08-27,https://governorreeves.ms.gov/wp-json/wp/v2/posts/1079,1053364,173225,2022-08-24 08:30:00,2022-08-24 10:15:00,C,county/county-equivalent,101,NEWTON,Flash Flood,,,0,0,25.00K,0.00K,Fire Department/Rescue,"A low pressure system spinning over northern Louisiana and southern Arkansas brought several rounds of showers and thunderstorms producing heavy rain to Mississippi August 24th through 25th. This resulted in widespread flooding of roads, homes, and businesses around the state.",Conehatta-Prospect Road was washed out near the Intersection with Andrew Fredrick Road.
MS-ACTION-2022-08-27-governor-reeves-issues-state-of-emergency-ahead-of-floodin,,Tate Reeves,Governor Reeves Issues State of Emergency Ahead of Flooding,2022-08-27,https://governorreeves.ms.gov/wp-json/wp/v2/posts/1079,1053366,173225,2022-08-24 08:30:00,2022-08-24 10:15:00,C,county/county-equivalent,101,NEWTON,Flash Flood,,,0,0,20.00K,0.00K,Fire Department/Rescue,"A low pressure system spinning over northern Louisiana and southern Arkansas brought several rounds of showers and thunderstorms producing heavy rain to Mississippi August 24th through 25th. This resulted in widespread flooding of roads, homes, and businesses around the state.",Flooding eroded the shoulder and a small portion of the roadway on Conehatta Lake Road near Albo Stamper Road.
MS-ACTION-2022-08-27-governor-reeves-issues-state-of-emergency-ahead-of-floodin,,Tate Reeves,Governor Reeves Issues State of Emergency Ahead of Flooding,2022-08-27,https://governorreeves.ms.gov/wp-json/wp/v2/posts/1079,1053367,173225,2022-08-24 08:30:00,2022-08-24 10:15:00,C,county/county-equivalent,101,NEWTON,Flash Flood,,,0,0,25.00K,0.00K,Department of Highways,"A low pressure system spinning over northern Louisiana and southern Arkansas brought several rounds of showers and thunderstorms producing heavy rain to Mississippi August 24th through 25th. This resulted in widespread flooding of roads, homes, and businesses around the state.",Mississippi 492 was partially washed out just east of Conehatta Prospect Road.
MS-ACTION-2022-08-27-governor-reeves-issues-state-of-emergency-ahead-of-floodin,,Tate Reeves,Governor Reeves Issues State of Emergency Ahead of Flooding,2022-08-27,https://governorreeves.ms.gov/wp-json/wp/v2/posts/1079,1053365,173225,2022-08-24 08:30:00,2022-08-24 10:15:00,C,county/county-equivalent,101,NEWTON,Flash Flood,,,0,0,25.00K,0.00K,Fire Department/Rescue,"A low pressure system spinning over northern Louisiana and southern Arkansas brought several rounds of showers and thunderstorms producing heavy rain to Mississippi August 24th through 25th. This resulted in widespread flooding of roads, homes, and businesses around the state.",Mississippi 489 washed out near the intersection with Morrow Road.
MS-ACTION-2022-08-27-governor-reeves-issues-state-of-emergency-ahead-of-floodin,,Tate Reeves,Governor Reeves Issues State of Emergency Ahead of Flooding,2022-08-27,https://governorreeves.ms.gov/wp-json/wp/v2/posts/1079,1053358,173225,2022-08-24 08:40:00,2022-08-24 10:15:00,C,county/county-equivalent,101,NEWTON,Flash Flood,,,0,0,1.00K,0.00K,Public,"A low pressure system spinning over northern Louisiana and southern Arkansas brought several rounds of showers and thunderstorms producing heavy rain to Mississippi August 24th through 25th. This resulted in widespread flooding of roads, homes, and businesses around the state.",Highway 80 at Adams Street flooded.
MS-ACTION-2022-08-27-governor-reeves-issues-state-of-emergency-ahead-of-floodin,,Tate Reeves,Governor Reeves Issues State of Emergency Ahead of Flooding,2022-08-27,https://governorreeves.ms.gov/wp-json/wp/v2/posts/1079,1053368,173225,2022-08-24 09:00:00,2022-08-24 10:15:00,C,county/county-equivalent,101,NEWTON,Flash Flood,,,0,0,1.00K,0.00K,Public,"A low pressure system spinning over northern Louisiana and southern Arkansas brought several rounds of showers and thunderstorms producing heavy rain to Mississippi August 24th through 25th. This resulted in widespread flooding of roads, homes, and businesses around the state.",Flooding on Chunky Duffee Road.
MS-ACTION-2022-08-27-governor-reeves-issues-state-of-emergency-ahead-of-floodin,,Tate Reeves,Governor Reeves Issues State of Emergency Ahead of Flooding,2022-08-27,https://governorreeves.ms.gov/wp-json/wp/v2/posts/1079,1053362,173225,2022-08-24 09:30:00,2022-08-24 10:15:00,C,county/county-equivalent,101,NEWTON,Flash Flood,,,0,0,2.00K,0.00K,Public,"A low pressure system spinning over northern Louisiana and southern Arkansas brought several rounds of showers and thunderstorms producing heavy rain to Mississippi August 24th through 25th. This resulted in widespread flooding of roads, homes, and businesses around the state.",Flooding near the fire department and on Ford Avenue.
MS-ACTION-2022-08-27-governor-reeves-issues-state-of-emergency-ahead-of-floodin,,Tate Reeves,Governor Reeves Issues State of Emergency Ahead of Flooding,2022-08-27,https://governorreeves.ms.gov/wp-json/wp/v2/posts/1079,1055197,173981,2022-08-24 14:00:00,2022-08-24 17:30:00,C,county/county-equivalent,111,PERRY,Flash Flood,,,0,0,0.00K,0.00K,Emergency Manager,A very favorable pattern for heavy rain combined with already wet ground conditions led to development of heavy rain and flooding across the area.,Heavy rains caused water to cover the road on Good Hope Church Road.
MS-ACTION-2022-08-27-governor-reeves-issues-state-of-emergency-ahead-of-floodin,,Tate Reeves,Governor Reeves Issues State of Emergency Ahead of Flooding,2022-08-27,https://governorreeves.ms.gov/wp-json/wp/v2/posts/1079,1053079,173225,2022-08-24 08:00:00,2022-08-24 12:30:00,C,county/county-equivalent,121,RANKIN,Flash Flood,,,0,0,2.00K,0.00K,Public,"A low pressure system spinning over northern Louisiana and southern Arkansas brought several rounds of showers and thunderstorms producing heavy rain to Mississippi August 24th through 25th. This resulted in widespread flooding of roads, homes, and businesses around the state.",Flooding on Slade Road washed out part of the pavement.
MS-ACTION-2022-08-27-governor-reeves-issues-state-of-emergency-ahead-of-floodin,,Tate Reeves,Governor Reeves Issues State of Emergency Ahead of Flooding,2022-08-27,https://governorreeves.ms.gov/wp-json/wp/v2/posts/1079,1053080,173225,2022-08-24 08:00:00,2022-08-24 12:30:00,C,county/county-equivalent,121,RANKIN,Flash Flood,,,0,0,1.00K,0.00K,Law Enforcement,"A low pressure system spinning over northern Louisiana and southern Arkansas brought several rounds of showers and thunderstorms producing heavy rain to Mississippi August 24th through 25th. This resulted in widespread flooding of roads, homes, and businesses around the state.",Flooding at Red Oak Road and Fleming Road.
MS-ACTION-2022-08-27-governor-reeves-issues-state-of-emergency-ahead-of-floodin,,Tate Reeves,Governor Reeves Issues State of Emergency Ahead of Flooding,2022-08-27,https://governorreeves.ms.gov/wp-json/wp/v2/posts/1079,1053108,173225,2022-08-24 08:45:00,2022-08-24 12:30:00,C,county/county-equivalent,121,RANKIN,Flash Flood,,,0,0,5.00K,0.00K,Emergency Manager,"A low pressure system spinning over northern Louisiana and southern Arkansas brought several rounds of showers and thunderstorms producing heavy rain to Mississippi August 24th through 25th. This resulted in widespread flooding of roads, homes, and businesses around the state.","Several roads flooded and closed in Northern Rankin County including Kiddie Road, Coal Bluff Road, Lawrence Road and Flemming Road."
MS-ACTION-2022-08-27-governor-reeves-issues-state-of-emergency-ahead-of-floodin,,Tate Reeves,Governor Reeves Issues State of Emergency Ahead of Flooding,2022-08-27,https://governorreeves.ms.gov/wp-json/wp/v2/posts/1079,1053070,173225,2022-08-24 09:35:00,2022-08-24 12:30:00,C,county/county-equivalent,121,RANKIN,Flash Flood,,,0,0,1.00K,0.00K,NWS Employee,"A low pressure system spinning over northern Louisiana and southern Arkansas brought several rounds of showers and thunderstorms producing heavy rain to Mississippi August 24th through 25th. This resulted in widespread flooding of roads, homes, and businesses around the state.",Rising water approached numerous cars at a car dealership on Highway 80 in Pearl.
MS-ACTION-2022-08-27-governor-reeves-issues-state-of-emergency-ahead-of-floodin,,Tate Reeves,Governor Reeves Issues State of Emergency Ahead of Flooding,2022-08-27,https://governorreeves.ms.gov/wp-json/wp/v2/posts/1079,1053071,173225,2022-08-24 09:35:00,2022-08-24 12:30:00,C,county/county-equivalent,121,RANKIN,Flash Flood,,,0,0,1.00K,0.00K,NWS Employee,"A low pressure system spinning over northern Louisiana and southern Arkansas brought several rounds of showers and thunderstorms producing heavy rain to Mississippi August 24th through 25th. This resulted in widespread flooding of roads, homes, and businesses around the state.",Flooding on Flowood Drive.
MS-ACTION-2022-08-27-governor-reeves-issues-state-of-emergency-ahead-of-floodin,,Tate Reeves,Governor Reeves Issues State of Emergency Ahead of Flooding,2022-08-27,https://governorreeves.ms.gov/wp-json/wp/v2/posts/1079,1053072,173225,2022-08-24 09:35:00,2022-08-24 12:30:00,C,county/county-equivalent,121,RANKIN,Flash Flood,,,0,0,1.00K,0.00K,NWS Employee,"A low pressure system spinning over northern Louisiana and southern Arkansas brought several rounds of showers and thunderstorms producing heavy rain to Mississippi August 24th through 25th. This resulted in widespread flooding of roads, homes, and businesses around the state.",Flooding on Treetops Boulevard.
MS-ACTION-2022-08-27-governor-reeves-issues-state-of-emergency-ahead-of-floodin,,Tate Reeves,Governor Reeves Issues State of Emergency Ahead of Flooding,2022-08-27,https://governorreeves.ms.gov/wp-json/wp/v2/posts/1079,1053077,173225,2022-08-24 09:55:00,2022-08-24 12:30:00,C,county/county-equivalent,121,RANKIN,Flash Flood,,,0,0,1.00K,0.00K,Law Enforcement,"A low pressure system spinning over northern Louisiana and southern Arkansas brought several rounds of showers and thunderstorms producing heavy rain to Mississippi August 24th through 25th. This resulted in widespread flooding of roads, homes, and businesses around the state.",Part of Old Pearson Road was under water.
MS-ACTION-2022-08-27-governor-reeves-issues-state-of-emergency-ahead-of-floodin,,Tate Reeves,Governor Reeves Issues State of Emergency Ahead of Flooding,2022-08-27,https://governorreeves.ms.gov/wp-json/wp/v2/posts/1079,1053073,173225,2022-08-24 09:55:00,2022-08-24 12:30:00,C,county/county-equivalent,121,RANKIN,Flash Flood,,,0,0,1.00K,0.00K,Amateur Radio,"A low pressure system spinning over northern Louisiana and southern Arkansas brought several rounds of showers and thunderstorms producing heavy rain to Mississippi August 24th through 25th. This resulted in widespread flooding of roads, homes, and businesses around the state.",One lane of Highway 80 was closed due to flooding in Front of Pearl High School.
MS-ACTION-2022-08-27-governor-reeves-issues-state-of-emergency-ahead-of-floodin,,Tate Reeves,Governor Reeves Issues State of Emergency Ahead of Flooding,2022-08-27,https://governorreeves.ms.gov/wp-json/wp/v2/posts/1079,1053074,173225,2022-08-24 10:02:00,2022-08-24 12:30:00,C,county/county-equivalent,121,RANKIN,Flash Flood,,,0,0,5.00K,0.00K,Social Media,"A low pressure system spinning over northern Louisiana and southern Arkansas brought several rounds of showers and thunderstorms producing heavy rain to Mississippi August 24th through 25th. This resulted in widespread flooding of roads, homes, and businesses around the state.",There was widespread flooding on Mount Helm Road off of Highway 25. A house was surrounded by flood water.
MS-ACTION-2022-08-27-governor-reeves-issues-state-of-emergency-ahead-of-floodin,,Tate Reeves,Governor Reeves Issues State of Emergency Ahead of Flooding,2022-08-27,https://governorreeves.ms.gov/wp-json/wp/v2/posts/1079,1053078,173225,2022-08-24 10:05:00,2022-08-24 12:30:00,C,county/county-equivalent,121,RANKIN,Flash Flood,,,0,0,5.00K,0.00K,Public,"A low pressure system spinning over northern Louisiana and southern Arkansas brought several rounds of showers and thunderstorms producing heavy rain to Mississippi August 24th through 25th. This resulted in widespread flooding of roads, homes, and businesses around the state.",There was widespread flooding along Flowood Drive in Flowood.
MS-ACTION-2022-08-27-governor-reeves-issues-state-of-emergency-ahead-of-floodin,,Tate Reeves,Governor Reeves Issues State of Emergency Ahead of Flooding,2022-08-27,https://governorreeves.ms.gov/wp-json/wp/v2/posts/1079,1053075,173225,2022-08-24 10:10:00,2022-08-24 12:30:00,C,county/county-equivalent,121,RANKIN,Flash Flood,,,0,0,1.00M,0.00K,Fire Department/Rescue,"A low pressure system spinning over northern Louisiana and southern Arkansas brought several rounds of showers and thunderstorms producing heavy rain to Mississippi August 24th through 25th. This resulted in widespread flooding of roads, homes, and businesses around the state.","Roads were flooded and impassable in the Brandon area, and the Peach Tree Nursing Home at the intersection of Crossgates Blvd and Old Brandon Road was flooded. Approximately 40 residents had to be evacuated."
MS-ACTION-2022-08-27-governor-reeves-issues-state-of-emergency-ahead-of-floodin,,Tate Reeves,Governor Reeves Issues State of Emergency Ahead of Flooding,2022-08-27,https://governorreeves.ms.gov/wp-json/wp/v2/posts/1079,1053076,173225,2022-08-24 10:31:00,2022-08-24 12:30:00,C,county/county-equivalent,121,RANKIN,Flash Flood,,,0,0,0.00K,0.00K,Public,"A low pressure system spinning over northern Louisiana and southern Arkansas brought several rounds of showers and thunderstorms producing heavy rain to Mississippi August 24th through 25th. This resulted in widespread flooding of roads, homes, and businesses around the state.",Flooding reported at the Village Nursing Home on Old Brandon Road in Brandon. 42 residents needed to be evacuated.
MS-ACTION-2022-08-27-governor-reeves-issues-state-of-emergency-ahead-of-floodin,,Tate Reeves,Governor Reeves Issues State of Emergency Ahead of Flooding,2022-08-27,https://governorreeves.ms.gov/wp-json/wp/v2/posts/1079,1053081,173225,2022-08-24 10:37:00,2022-08-24 12:30:00,C,county/county-equivalent,121,RANKIN,Flash Flood,,,0,0,0.00K,0.00K,Social Media,"A low pressure system spinning over northern Louisiana and southern Arkansas brought several rounds of showers and thunderstorms producing heavy rain to Mississippi August 24th through 25th. This resulted in widespread flooding of roads, homes, and businesses around the state.",Social media posts showed flooding on Hemlock Drive in Laurelwood in Flowood.
MS-ACTION-2022-08-27-governor-reeves-issues-state-of-emergency-ahead-of-floodin,,Tate Reeves,Governor Reeves Issues State of Emergency Ahead of Flooding,2022-08-27,https://governorreeves.ms.gov/wp-json/wp/v2/posts/1079,1053083,173225,2022-08-24 10:45:00,2022-08-24 12:30:00,C,county/county-equivalent,121,RANKIN,Flash Flood,,,0,0,35.00K,0.00K,Public,"A low pressure system spinning over northern Louisiana and southern Arkansas brought several rounds of showers and thunderstorms producing heavy rain to Mississippi August 24th through 25th. This resulted in widespread flooding of roads, homes, and businesses around the state.","A business was flooded, and a portion of a parking lot was covered with 1 to 2 feet of water."
MS-ACTION-2022-08-27-governor-reeves-issues-state-of-emergency-ahead-of-floodin,,Tate Reeves,Governor Reeves Issues State of Emergency Ahead of Flooding,2022-08-27,https://governorreeves.ms.gov/wp-json/wp/v2/posts/1079,1053082,173225,2022-08-24 10:46:00,2022-08-24 12:30:00,C,county/county-equivalent,121,RANKIN,Flash Flood,,,0,0,5.00K,0.00K,Public,"A low pressure system spinning over northern Louisiana and southern Arkansas brought several rounds of showers and thunderstorms producing heavy rain to Mississippi August 24th through 25th. This resulted in widespread flooding of roads, homes, and businesses around the state.",Widespread flooding occurred in the Stonehenge Subdivision towards Stonehenge Drive.
MS-ACTION-2022-08-27-governor-reeves-issues-state-of-emergency-ahead-of-floodin,,Tate Reeves,Governor Reeves Issues State of Emergency Ahead of Flooding,2022-08-27,https://governorreeves.ms.gov/wp-json/wp/v2/posts/1079,1053091,173225,2022-08-24 11:00:00,2022-08-24 12:30:00,C,county/county-equivalent,121,RANKIN,Flash Flood,,,0,0,40.00K,0.00K,Law Enforcement,"A low pressure system spinning over northern Louisiana and southern Arkansas brought several rounds of showers and thunderstorms producing heavy rain to Mississippi August 24th through 25th. This resulted in widespread flooding of roads, homes, and businesses around the state.",Two washouts occurred along Pisgah Road.
MS-ACTION-2022-08-27-governor-reeves-issues-state-of-emergency-ahead-of-floodin,,Tate Reeves,Governor Reeves Issues State of Emergency Ahead of Flooding,2022-08-27,https://governorreeves.ms.gov/wp-json/wp/v2/posts/1079,1053090,173225,2022-08-24 11:00:00,2022-08-24 12:30:00,C,county/county-equivalent,121,RANKIN,Flash Flood,,,0,0,1.00K,0.00K,Law Enforcement,"A low pressure system spinning over northern Louisiana and southern Arkansas brought several rounds of showers and thunderstorms producing heavy rain to Mississippi August 24th through 25th. This resulted in widespread flooding of roads, homes, and businesses around the state.",Stump Ridge Road was blocked due to flooding.
MS-ACTION-2022-08-27-governor-reeves-issues-state-of-emergency-ahead-of-floodin,,Tate Reeves,Governor Reeves Issues State of Emergency Ahead of Flooding,2022-08-27,https://governorreeves.ms.gov/wp-json/wp/v2/posts/1079,1053092,173225,2022-08-24 11:00:00,2022-08-24 12:30:00,C,county/county-equivalent,121,RANKIN,Flash Flood,,,0,0,25.00K,0.00K,Law Enforcement,"A low pressure system spinning over northern Louisiana and southern Arkansas brought several rounds of showers and thunderstorms producing heavy rain to Mississippi August 24th through 25th. This resulted in widespread flooding of roads, homes, and businesses around the state.",Road washed out a culvert on Shenandoah Lane.
MS-ACTION-2022-08-27-governor-reeves-issues-state-of-emergency-ahead-of-floodin,,Tate Reeves,Governor Reeves Issues State of Emergency Ahead of Flooding,2022-08-27,https://governorreeves.ms.gov/wp-json/wp/v2/posts/1079,1053093,173225,2022-08-24 11:00:00,2022-08-24 12:30:00,C,county/county-equivalent,121,RANKIN,Flash Flood,,,0,0,1.00K,0.00K,Law Enforcement,"A low pressure system spinning over northern Louisiana and southern Arkansas brought several rounds of showers and thunderstorms producing heavy rain to Mississippi August 24th through 25th. This resulted in widespread flooding of roads, homes, and businesses around the state.",Can Creek Road was flooded.
MS-ACTION-2022-08-27-governor-reeves-issues-state-of-emergency-ahead-of-floodin,,Tate Reeves,Governor Reeves Issues State of Emergency Ahead of Flooding,2022-08-27,https://governorreeves.ms.gov/wp-json/wp/v2/posts/1079,1053089,173225,2022-08-24 11:00:00,2022-08-24 12:30:00,C,county/county-equivalent,121,RANKIN,Flash Flood,,,0,0,1.00K,0.00K,Law Enforcement,"A low pressure system spinning over northern Louisiana and southern Arkansas brought several rounds of showers and thunderstorms producing heavy rain to Mississippi August 24th through 25th. This resulted in widespread flooding of roads, homes, and businesses around the state.",There was flooding along Northshore Parkway and Church Road.
MS-ACTION-2022-08-27-governor-reeves-issues-state-of-emergency-ahead-of-floodin,,Tate Reeves,Governor Reeves Issues State of Emergency Ahead of Flooding,2022-08-27,https://governorreeves.ms.gov/wp-json/wp/v2/posts/1079,1053084,173225,2022-08-24 11:10:00,2022-08-24 12:30:00,C,county/county-equivalent,121,RANKIN,Flash Flood,,,0,0,1.00K,0.00K,Public,"A low pressure system spinning over northern Louisiana and southern Arkansas brought several rounds of showers and thunderstorms producing heavy rain to Mississippi August 24th through 25th. This resulted in widespread flooding of roads, homes, and businesses around the state.",East Deer Ridge Road was closed due to flooding.
MS-ACTION-2022-08-27-governor-reeves-issues-state-of-emergency-ahead-of-floodin,,Tate Reeves,Governor Reeves Issues State of Emergency Ahead of Flooding,2022-08-27,https://governorreeves.ms.gov/wp-json/wp/v2/posts/1079,1053085,173225,2022-08-24 11:22:00,2022-08-24 12:30:00,C,county/county-equivalent,121,RANKIN,Flash Flood,,,0,0,2.00K,0.00K,Department of Highways,"A low pressure system spinning over northern Louisiana and southern Arkansas brought several rounds of showers and thunderstorms producing heavy rain to Mississippi August 24th through 25th. This resulted in widespread flooding of roads, homes, and businesses around the state.",Two lanes were blocked by flooding on Highway 49 north of Gunter Road.
MS-ACTION-2022-08-27-governor-reeves-issues-state-of-emergency-ahead-of-floodin,,Tate Reeves,Governor Reeves Issues State of Emergency Ahead of Flooding,2022-08-27,https://governorreeves.ms.gov/wp-json/wp/v2/posts/1079,1053086,173225,2022-08-24 11:26:00,2022-08-24 12:30:00,C,county/county-equivalent,121,RANKIN,Flash Flood,,,0,0,5.00K,0.00K,Public,"A low pressure system spinning over northern Louisiana and southern Arkansas brought several rounds of showers and thunderstorms producing heavy rain to Mississippi August 24th through 25th. This resulted in widespread flooding of roads, homes, and businesses around the state.",Widespread flooding occurred in the Windsong Subdivision off of Highway 468 in Brandon.
MS-ACTION-2022-08-27-governor-reeves-issues-state-of-emergency-ahead-of-floodin,,Tate Reeves,Governor Reeves Issues State of Emergency Ahead of Flooding,2022-08-27,https://governorreeves.ms.gov/wp-json/wp/v2/posts/1079,1053094,173225,2022-08-24 11:30:00,2022-08-24 12:30:00,C,county/county-equivalent,121,RANKIN,Flash Flood,,,0,0,1.00K,0.00K,Law Enforcement,"A low pressure system spinning over northern Louisiana and southern Arkansas brought several rounds of showers and thunderstorms producing heavy rain to Mississippi August 24th through 25th. This resulted in widespread flooding of roads, homes, and businesses around the state.",There was flooding on Spanish Oak Drive.
MS-ACTION-2022-08-27-governor-reeves-issues-state-of-emergency-ahead-of-floodin,,Tate Reeves,Governor Reeves Issues State of Emergency Ahead of Flooding,2022-08-27,https://governorreeves.ms.gov/wp-json/wp/v2/posts/1079,1053097,173225,2022-08-24 11:30:00,2022-08-24 12:30:00,C,county/county-equivalent,121,RANKIN,Flash Flood,,,0,0,1.00K,0.00K,Law Enforcement,"A low pressure system spinning over northern Louisiana and southern Arkansas brought several rounds of showers and thunderstorms producing heavy rain to Mississippi August 24th through 25th. This resulted in widespread flooding of roads, homes, and businesses around the state.",There was flooding at Greenfield Road and Whitfield Road.
MS-ACTION-2022-08-27-governor-reeves-issues-state-of-emergency-ahead-of-floodin,,Tate Reeves,Governor Reeves Issues State of Emergency Ahead of Flooding,2022-08-27,https://governorreeves.ms.gov/wp-json/wp/v2/posts/1079,1053095,173225,2022-08-24 11:30:00,2022-08-24 12:30:00,C,county/county-equivalent,121,RANKIN,Flash Flood,,,0,0,2.00K,0.00K,Law Enforcement,"A low pressure system spinning over northern Louisiana and southern Arkansas brought several rounds of showers and thunderstorms producing heavy rain to Mississippi August 24th through 25th. This resulted in widespread flooding of roads, homes, and businesses around the state.",Flooding at Mullican Road and South Eagle Ridge Drive.
MS-ACTION-2022-08-27-governor-reeves-issues-state-of-emergency-ahead-of-floodin,,Tate Reeves,Governor Reeves Issues State of Emergency Ahead of Flooding,2022-08-27,https://governorreeves.ms.gov/wp-json/wp/v2/posts/1079,1053096,173225,2022-08-24 11:30:00,2022-08-24 12:30:00,C,county/county-equivalent,121,RANKIN,Flash Flood,,,0,0,5.00K,0.00K,Broadcast Media,"A low pressure system spinning over northern Louisiana and southern Arkansas brought several rounds of showers and thunderstorms producing heavy rain to Mississippi August 24th through 25th. This resulted in widespread flooding of roads, homes, and businesses around the state.",Nearby flooding led to the evacuation of 104 children and 22 staff members at the Railroad Daycare Center.
MS-ACTION-2022-08-27-governor-reeves-issues-state-of-emergency-ahead-of-floodin,,Tate Reeves,Governor Reeves Issues State of Emergency Ahead of Flooding,2022-08-27,https://governorreeves.ms.gov/wp-json/wp/v2/posts/1079,1053099,173225,2022-08-24 11:30:00,2022-08-24 12:30:00,C,county/county-equivalent,121,RANKIN,Flash Flood,,,0,0,1.00K,0.00K,Law Enforcement,"A low pressure system spinning over northern Louisiana and southern Arkansas brought several rounds of showers and thunderstorms producing heavy rain to Mississippi August 24th through 25th. This resulted in widespread flooding of roads, homes, and businesses around the state.",Williams Road was closed due to flooding.
MS-ACTION-2022-08-27-governor-reeves-issues-state-of-emergency-ahead-of-floodin,,Tate Reeves,Governor Reeves Issues State of Emergency Ahead of Flooding,2022-08-27,https://governorreeves.ms.gov/wp-json/wp/v2/posts/1079,1095496,173225,2022-08-24 11:31:00,2022-08-24 12:30:00,C,county/county-equivalent,121,RANKIN,Flood,,,0,0,1.00K,0.00K,NWS Employee,"A low pressure system spinning over northern Louisiana and southern Arkansas brought several rounds of showers and thunderstorms producing heavy rain to Mississippi August 24th through 25th. This resulted in widespread flooding of roads, homes, and businesses around the state.",Three to five inches of water was flowing across the entrance to the Greenfield Station neighborhood.
MS-ACTION-2022-08-27-governor-reeves-issues-state-of-emergency-ahead-of-floodin,,Tate Reeves,Governor Reeves Issues State of Emergency Ahead of Flooding,2022-08-27,https://governorreeves.ms.gov/wp-json/wp/v2/posts/1079,1053102,173225,2022-08-24 11:31:00,2022-08-24 12:30:00,C,county/county-equivalent,121,RANKIN,Flash Flood,,,0,0,0.00K,0.00K,NWS Employee,"A low pressure system spinning over northern Louisiana and southern Arkansas brought several rounds of showers and thunderstorms producing heavy rain to Mississippi August 24th through 25th. This resulted in widespread flooding of roads, homes, and businesses around the state.",Three to five inches of water was flowing across the entrance to the Greenfield Station neighborhood.
MS-ACTION-2022-08-27-governor-reeves-issues-state-of-emergency-ahead-of-floodin,,Tate Reeves,Governor Reeves Issues State of Emergency Ahead of Flooding,2022-08-27,https://governorreeves.ms.gov/wp-json/wp/v2/posts/1079,1053104,173225,2022-08-24 11:33:00,2022-08-24 12:30:00,C,county/county-equivalent,121,RANKIN,Flash Flood,,,0,0,1.00K,0.00K,NWS Employee,"A low pressure system spinning over northern Louisiana and southern Arkansas brought several rounds of showers and thunderstorms producing heavy rain to Mississippi August 24th through 25th. This resulted in widespread flooding of roads, homes, and businesses around the state.",Water encroached on several homes along Highway 468.
MS-ACTION-2022-08-27-governor-reeves-issues-state-of-emergency-ahead-of-floodin,,Tate Reeves,Governor Reeves Issues State of Emergency Ahead of Flooding,2022-08-27,https://governorreeves.ms.gov/wp-json/wp/v2/posts/1079,1095499,173225,2022-08-24 11:35:00,2022-08-24 12:30:00,C,county/county-equivalent,121,RANKIN,Flood,,,0,0,1.00K,0.00K,NWS Employee,"A low pressure system spinning over northern Louisiana and southern Arkansas brought several rounds of showers and thunderstorms producing heavy rain to Mississippi August 24th through 25th. This resulted in widespread flooding of roads, homes, and businesses around the state.",Water flowed across the entrance to the Hudspeth Center.
MS-ACTION-2022-08-27-governor-reeves-issues-state-of-emergency-ahead-of-floodin,,Tate Reeves,Governor Reeves Issues State of Emergency Ahead of Flooding,2022-08-27,https://governorreeves.ms.gov/wp-json/wp/v2/posts/1079,1053105,173225,2022-08-24 11:35:00,2022-08-24 12:30:00,C,county/county-equivalent,121,RANKIN,Flash Flood,,,0,0,0.00K,0.00K,NWS Employee,"A low pressure system spinning over northern Louisiana and southern Arkansas brought several rounds of showers and thunderstorms producing heavy rain to Mississippi August 24th through 25th. This resulted in widespread flooding of roads, homes, and businesses around the state.",Water flowing across the entrance to the Hudspeth Center.
MS-ACTION-2022-08-27-governor-reeves-issues-state-of-emergency-ahead-of-floodin,,Tate Reeves,Governor Reeves Issues State of Emergency Ahead of Flooding,2022-08-27,https://governorreeves.ms.gov/wp-json/wp/v2/posts/1079,1053087,173225,2022-08-24 11:39:00,2022-08-24 12:30:00,C,county/county-equivalent,121,RANKIN,Flash Flood,,,0,0,5.00K,0.00K,Public,"A low pressure system spinning over northern Louisiana and southern Arkansas brought several rounds of showers and thunderstorms producing heavy rain to Mississippi August 24th through 25th. This resulted in widespread flooding of roads, homes, and businesses around the state.",Widespread flooding occurred in Country Place on Spring Lake Drive.
MS-ACTION-2022-08-27-governor-reeves-issues-state-of-emergency-ahead-of-floodin,,Tate Reeves,Governor Reeves Issues State of Emergency Ahead of Flooding,2022-08-27,https://governorreeves.ms.gov/wp-json/wp/v2/posts/1079,1053101,173225,2022-08-24 11:45:00,2022-08-24 12:30:00,C,county/county-equivalent,121,RANKIN,Flash Flood,,,0,0,1.00K,0.00K,Law Enforcement,"A low pressure system spinning over northern Louisiana and southern Arkansas brought several rounds of showers and thunderstorms producing heavy rain to Mississippi August 24th through 25th. This resulted in widespread flooding of roads, homes, and businesses around the state.",Flooding at Andrew Chapel Road at Highway 80.
MS-ACTION-2022-08-27-governor-reeves-issues-state-of-emergency-ahead-of-floodin,,Tate Reeves,Governor Reeves Issues State of Emergency Ahead of Flooding,2022-08-27,https://governorreeves.ms.gov/wp-json/wp/v2/posts/1079,1053088,173225,2022-08-24 11:54:00,2022-08-24 12:30:00,C,county/county-equivalent,121,RANKIN,Flash Flood,,,0,0,5.00K,0.00K,Public,"A low pressure system spinning over northern Louisiana and southern Arkansas brought several rounds of showers and thunderstorms producing heavy rain to Mississippi August 24th through 25th. This resulted in widespread flooding of roads, homes, and businesses around the state.",Flooding occurred in the Live Oaks Subdivision south of Bellegrove Circle in Brandon.
MS-ACTION-2022-08-27-governor-reeves-issues-state-of-emergency-ahead-of-floodin,,Tate Reeves,Governor Reeves Issues State of Emergency Ahead of Flooding,2022-08-27,https://governorreeves.ms.gov/wp-json/wp/v2/posts/1079,1053109,173225,2022-08-24 12:30:00,2022-08-24 13:50:00,C,county/county-equivalent,121,RANKIN,Flash Flood,,,0,0,5.00K,0.00K,Public,"A low pressure system spinning over northern Louisiana and southern Arkansas brought several rounds of showers and thunderstorms producing heavy rain to Mississippi August 24th through 25th. This resulted in widespread flooding of roads, homes, and businesses around the state.",A flooded creek rose into the backyards of some homes in the Southwind Subdivision with fences damaged.
MS-ACTION-2022-08-27-governor-reeves-issues-state-of-emergency-ahead-of-floodin,,Tate Reeves,Governor Reeves Issues State of Emergency Ahead of Flooding,2022-08-27,https://governorreeves.ms.gov/wp-json/wp/v2/posts/1079,1085399,173225,2022-08-25 16:30:00,2022-08-25 19:00:00,C,county/county-equivalent,121,RANKIN,Flash Flood,,,0,0,5.00K,0.00K,NWS Employee,"A low pressure system spinning over northern Louisiana and southern Arkansas brought several rounds of showers and thunderstorms producing heavy rain to Mississippi August 24th through 25th. This resulted in widespread flooding of roads, homes, and businesses around the state.",Flooding on Greenfield Station Road off Mississippi Highway 468.
MS-ACTION-2022-08-27-governor-reeves-issues-state-of-emergency-ahead-of-floodin,,Tate Reeves,Governor Reeves Issues State of Emergency Ahead of Flooding,2022-08-27,https://governorreeves.ms.gov/wp-json/wp/v2/posts/1079,1085400,173225,2022-08-25 17:47:00,2022-08-25 19:00:00,C,county/county-equivalent,121,RANKIN,Flash Flood,,,0,0,15.00K,0.00K,Public,"A low pressure system spinning over northern Louisiana and southern Arkansas brought several rounds of showers and thunderstorms producing heavy rain to Mississippi August 24th through 25th. This resulted in widespread flooding of roads, homes, and businesses around the state.",Flooding caused a vehicle to stall near Whitfield.
MS-ACTION-2022-08-27-governor-reeves-issues-state-of-emergency-ahead-of-floodin,,Tate Reeves,Governor Reeves Issues State of Emergency Ahead of Flooding,2022-08-27,https://governorreeves.ms.gov/wp-json/wp/v2/posts/1079,1053374,173225,2022-08-24 07:15:00,2022-08-24 10:15:00,C,county/county-equivalent,123,SCOTT,Flash Flood,,,0,0,50.00K,0.00K,County Official,"A low pressure system spinning over northern Louisiana and southern Arkansas brought several rounds of showers and thunderstorms producing heavy rain to Mississippi August 24th through 25th. This resulted in widespread flooding of roads, homes, and businesses around the state.","Considerable flooding in Sebastopol with multiple roads underwater. residents were rescued from at least two house due to water surrounding the homes, with water entering at least one home."
MS-ACTION-2022-08-27-governor-reeves-issues-state-of-emergency-ahead-of-floodin,,Tate Reeves,Governor Reeves Issues State of Emergency Ahead of Flooding,2022-08-27,https://governorreeves.ms.gov/wp-json/wp/v2/posts/1079,1053376,173225,2022-08-24 08:00:00,2022-08-24 10:15:00,C,county/county-equivalent,123,SCOTT,Flash Flood,,,0,0,5.00K,0.00K,Department of Highways,"A low pressure system spinning over northern Louisiana and southern Arkansas brought several rounds of showers and thunderstorms producing heavy rain to Mississippi August 24th through 25th. This resulted in widespread flooding of roads, homes, and businesses around the state.",Multiple roads in Scott County Flooded.
MS-ACTION-2022-08-27-governor-reeves-issues-state-of-emergency-ahead-of-floodin,,Tate Reeves,Governor Reeves Issues State of Emergency Ahead of Flooding,2022-08-27,https://governorreeves.ms.gov/wp-json/wp/v2/posts/1079,1053378,173225,2022-08-24 08:00:00,2022-08-24 10:15:00,C,county/county-equivalent,123,SCOTT,Flash Flood,,,0,0,5.00K,0.00K,Emergency Manager,"A low pressure system spinning over northern Louisiana and southern Arkansas brought several rounds of showers and thunderstorms producing heavy rain to Mississippi August 24th through 25th. This resulted in widespread flooding of roads, homes, and businesses around the state.",Numerous roads flooded in Northwest Scott County.
MS-ACTION-2022-08-27-governor-reeves-issues-state-of-emergency-ahead-of-floodin,,Tate Reeves,Governor Reeves Issues State of Emergency Ahead of Flooding,2022-08-27,https://governorreeves.ms.gov/wp-json/wp/v2/posts/1079,1053381,173225,2022-08-24 09:00:00,2022-08-24 10:15:00,C,county/county-equivalent,123,SCOTT,Flash Flood,,,0,0,1.00K,0.00K,Trained Spotter,"A low pressure system spinning over northern Louisiana and southern Arkansas brought several rounds of showers and thunderstorms producing heavy rain to Mississippi August 24th through 25th. This resulted in widespread flooding of roads, homes, and businesses around the state.",Water surrounded a business along Highway 21/492 west of Sebastopol.
MS-ACTION-2022-08-27-governor-reeves-issues-state-of-emergency-ahead-of-floodin,,Tate Reeves,Governor Reeves Issues State of Emergency Ahead of Flooding,2022-08-27,https://governorreeves.ms.gov/wp-json/wp/v2/posts/1079,1053383,173225,2022-08-24 10:15:00,2022-08-24 10:15:00,C,county/county-equivalent,123,SCOTT,Flash Flood,,,0,0,1.00K,0.00K,Broadcast Media,"A low pressure system spinning over northern Louisiana and southern Arkansas brought several rounds of showers and thunderstorms producing heavy rain to Mississippi August 24th through 25th. This resulted in widespread flooding of roads, homes, and businesses around the state.",Flooding at Highway 80 and Highway 35.
MS-ACTION-2022-08-27-governor-reeves-issues-state-of-emergency-ahead-of-floodin,,Tate Reeves,Governor Reeves Issues State of Emergency Ahead of Flooding,2022-08-27,https://governorreeves.ms.gov/wp-json/wp/v2/posts/1079,1053387,173225,2022-08-24 11:30:00,2022-08-24 12:30:00,C,county/county-equivalent,123,SCOTT,Flash Flood,,,0,0,10.00K,0.00K,Department of Highways,"A low pressure system spinning over northern Louisiana and southern Arkansas brought several rounds of showers and thunderstorms producing heavy rain to Mississippi August 24th through 25th. This resulted in widespread flooding of roads, homes, and businesses around the state.",There was a partial washout of Highway 35 south of Interstate 20.
MS-ACTION-2022-08-27-governor-reeves-issues-state-of-emergency-ahead-of-floodin,,Tate Reeves,Governor Reeves Issues State of Emergency Ahead of Flooding,2022-08-27,https://governorreeves.ms.gov/wp-json/wp/v2/posts/1079,1079300,173225,2022-08-24 11:40:00,2022-08-24 15:00:00,C,county/county-equivalent,127,SIMPSON,Flash Flood,,,0,0,5.00K,0.00K,Law Enforcement,"A low pressure system spinning over northern Louisiana and southern Arkansas brought several rounds of showers and thunderstorms producing heavy rain to Mississippi August 24th through 25th. This resulted in widespread flooding of roads, homes, and businesses around the state.",Several roads were flooded across the northwest portions of the county.
MS-ACTION-2022-08-27-governor-reeves-issues-state-of-emergency-ahead-of-floodin,,Tate Reeves,Governor Reeves Issues State of Emergency Ahead of Flooding,2022-08-27,https://governorreeves.ms.gov/wp-json/wp/v2/posts/1079,1095508,173225,2022-08-25 23:45:00,2022-08-26 06:00:00,C,county/county-equivalent,127,SIMPSON,Flood,,,0,0,5.00K,0.00K,Law Enforcement,"A low pressure system spinning over northern Louisiana and southern Arkansas brought several rounds of showers and thunderstorms producing heavy rain to Mississippi August 24th through 25th. This resulted in widespread flooding of roads, homes, and businesses around the state.",A long section of Ponder Mason Road near the intersection with Everett Church Road was inundated by floodwaters from the nearby Strong River.
MS-ACTION-2022-08-27-governor-reeves-issues-state-of-emergency-ahead-of-floodin,,Tate Reeves,Governor Reeves Issues State of Emergency Ahead of Flooding,2022-08-27,https://governorreeves.ms.gov/wp-json/wp/v2/posts/1079,1053391,173225,2022-08-24 10:00:00,2022-08-24 12:00:00,C,county/county-equivalent,129,SMITH,Flash Flood,,,0,0,5.00K,0.00K,Emergency Manager,"A low pressure system spinning over northern Louisiana and southern Arkansas brought several rounds of showers and thunderstorms producing heavy rain to Mississippi August 24th through 25th. This resulted in widespread flooding of roads, homes, and businesses around the state.",Multiple roads across the north part of the county flooded.
MS-ACTION-2022-08-27-governor-reeves-issues-state-of-emergency-ahead-of-floodin,,Tate Reeves,Governor Reeves Issues State of Emergency Ahead of Flooding,2022-08-27,https://governorreeves.ms.gov/wp-json/wp/v2/posts/1079,1053394,173225,2022-08-24 10:30:00,2022-08-24 12:00:00,C,county/county-equivalent,129,SMITH,Flash Flood,,,0,0,30.00K,0.00K,Emergency Manager,"A low pressure system spinning over northern Louisiana and southern Arkansas brought several rounds of showers and thunderstorms producing heavy rain to Mississippi August 24th through 25th. This resulted in widespread flooding of roads, homes, and businesses around the state.",A home flooded on Smith County Road 103.
MS-ACTION-2022-08-27-governor-reeves-issues-state-of-emergency-ahead-of-floodin,,Tate Reeves,Governor Reeves Issues State of Emergency Ahead of Flooding,2022-08-27,https://governorreeves.ms.gov/wp-json/wp/v2/posts/1079,1053392,173225,2022-08-24 10:30:00,2022-08-24 12:00:00,C,county/county-equivalent,129,SMITH,Flash Flood,,,0,0,50.00K,0.00K,Emergency Manager,"A low pressure system spinning over northern Louisiana and southern Arkansas brought several rounds of showers and thunderstorms producing heavy rain to Mississippi August 24th through 25th. This resulted in widespread flooding of roads, homes, and businesses around the state.",Church building flooded just of Highway 35 South.
MS-ACTION-2022-08-27-governor-reeves-issues-state-of-emergency-ahead-of-floodin,,Tate Reeves,Governor Reeves Issues State of Emergency Ahead of Flooding,2022-08-27,https://governorreeves.ms.gov/wp-json/wp/v2/posts/1079,1055257,173987,2022-08-25 12:00:00,2022-08-25 14:00:00,C,county/county-equivalent,131,STONE,Flash Flood,,,0,0,0.00K,0.00K,Emergency Manager,A wet pattern continued across the Gulf Coast as additional heavy rain led to numerous flooding reports across southwest Alabama and southeast Mississippi.,Heavy rain caused portions of Finkbine Street In Wiggins to be washed out.
MS-ACTION-2022-08-27-governor-reeves-issues-state-of-emergency-ahead-of-floodin,,Tate Reeves,Governor Reeves Issues State of Emergency Ahead of Flooding,2022-08-27,https://governorreeves.ms.gov/wp-json/wp/v2/posts/1079,1055261,173987,2022-08-25 12:00:00,2022-08-25 14:00:00,C,county/county-equivalent,131,STONE,Flash Flood,,,0,0,0.00K,0.00K,Emergency Manager,A wet pattern continued across the Gulf Coast as additional heavy rain led to numerous flooding reports across southwest Alabama and southeast Mississippi.,Water over the roadway on Highway 49 in Wiggins.
MS-ACTION-2022-08-27-governor-reeves-issues-state-of-emergency-ahead-of-floodin,,Tate Reeves,Governor Reeves Issues State of Emergency Ahead of Flooding,2022-08-27,https://governorreeves.ms.gov/wp-json/wp/v2/posts/1079,1095502,173225,2022-08-24 06:06:00,2022-08-24 06:06:00,C,county/county-equivalent,149,WARREN,Heavy Rain,,,0,0,2.00K,0.00K,Emergency Manager,"A low pressure system spinning over northern Louisiana and southern Arkansas brought several rounds of showers and thunderstorms producing heavy rain to Mississippi August 24th through 25th. This resulted in widespread flooding of roads, homes, and businesses around the state.",Two trees near Martin Luther King Jr. Blvd fell down due to rain saturated ground.
MS-ACTION-2022-08-27-governor-reeves-issues-state-of-emergency-ahead-of-floodin,,Tate Reeves,Governor Reeves Issues State of Emergency Ahead of Flooding,2022-08-27,https://governorreeves.ms.gov/wp-json/wp/v2/posts/1079,1055250,173987,2022-08-25 10:30:00,2022-08-25 12:30:00,C,county/county-equivalent,153,WAYNE,Flash Flood,,,0,0,0.00K,0.00K,Emergency Manager,A wet pattern continued across the Gulf Coast as additional heavy rain led to numerous flooding reports across southwest Alabama and southeast Mississippi.,Water over the roadway near Winchester Cross Road near Highway 45.
MS-ACTION-2022-08-27-governor-reeves-issues-state-of-emergency-ahead-of-floodin,,Tate Reeves,Governor Reeves Issues State of Emergency Ahead of Flooding,2022-08-27,https://governorreeves.ms.gov/wp-json/wp/v2/posts/1079,1055251,173987,2022-08-25 10:30:00,2022-08-25 12:30:00,C,county/county-equivalent,153,WAYNE,Flash Flood,,,0,0,0.00K,0.00K,Emergency Manager,A wet pattern continued across the Gulf Coast as additional heavy rain led to numerous flooding reports across southwest Alabama and southeast Mississippi.,Water over the roadway on Bud Stevens Roads off Big Creek Road.
MS-ACTION-2022-08-27-governor-reeves-issues-state-of-emergency-ahead-of-floodin,,Tate Reeves,Governor Reeves Issues State of Emergency Ahead of Flooding,2022-08-27,https://governorreeves.ms.gov/wp-json/wp/v2/posts/1079,1055266,173987,2022-08-25 15:00:00,2022-08-25 18:00:00,C,county/county-equivalent,153,WAYNE,Flash Flood,,,0,0,0.00K,0.00K,Emergency Manager,A wet pattern continued across the Gulf Coast as additional heavy rain led to numerous flooding reports across southwest Alabama and southeast Mississippi.,Heavy rain caused water to cover several roads in southern Wayne County.
MS-ACTION-2023-03-25-governor-reeves-issues-state-of-emergency-following-severe,,Tate Reeves,Governor Reeves Issues State of Emergency Following Severe Storms,2023-03-25,https://governorreeves.ms.gov/wp-json/wp/v2/posts/1204,1106747,180848,2023-03-24 18:11:00,2023-03-24 18:11:00,C,county/county-equivalent,11,BOLIVAR,Hail,1.75,,0,0,1.00K,0.00K,Emergency Manager,"In the afternoon and evening of the 24th, clusters of strong to severe storms were stretched from southwest to northeast across southeastern Arkansas as robust instability and very strong wind shear served to produce a volatile severe weather environment. To the east in Mississippi, storm activity proved to be more isolated as deep convection struggled develop across the state. With much of the area not being convectively overturned, an area of thunderstorm activity near the Mississippi River near Vicksburg, MS began to become stronger and took advantage of the open warm sector environment, well east of the competitive storm environment to the west that had thus far impeded tornado development. This area of thunderstorm activity quickly consolidated into an organized supercell and produced a family of long track, strong to violent tornadoes from the Mississippi Delta, across central Mississippi, and finally into portions of northeast Mississippi. This cyclical tornado-producing supercell was responsible for the vast majority of severe weather reports from the day and would claim 22 lives across the state. Dozens more were injured, and hundreds of homes were damaged or destroyed by these tornadoes. Having wrought widespread destruction across the area, this tornado event by most any measure represents a historic degree of devastation for the state of Mississippi and the region at large.",Golf-ball size hail fell near Benoit.
MS-ACTION-2023-03-25-governor-reeves-issues-state-of-emergency-following-severe,,Tate Reeves,Governor Reeves Issues State of Emergency Following Severe Storms,2023-03-25,https://governorreeves.ms.gov/wp-json/wp/v2/posts/1204,1102164,180848,2023-03-24 20:12:00,2023-03-24 20:30:00,C,county/county-equivalent,15,CARROLL,Tornado,,,3,5,5.44M,4.00M,NWS Storm Survey,"In the afternoon and evening of the 24th, clusters of strong to severe storms were stretched from southwest to northeast across southeastern Arkansas as robust instability and very strong wind shear served to produce a volatile severe weather environment. To the east in Mississippi, storm activity proved to be more isolated as deep convection struggled develop across the state. With much of the area not being convectively overturned, an area of thunderstorm activity near the Mississippi River near Vicksburg, MS began to become stronger and took advantage of the open warm sector environment, well east of the competitive storm environment to the west that had thus far impeded tornado development. This area of thunderstorm activity quickly consolidated into an organized supercell and produced a family of long track, strong to violent tornadoes from the Mississippi Delta, across central Mississippi, and finally into portions of northeast Mississippi. This cyclical tornado-producing supercell was responsible for the vast majority of severe weather reports from the day and would claim 22 lives across the state. Dozens more were injured, and hundreds of homes were damaged or destroyed by these tornadoes. Having wrought widespread destruction across the area, this tornado event by most any measure represents a historic degree of devastation for the state of Mississippi and the region at large.","This long track tornado began just southwest of Black Hawk in a wooded area with widespread tree damage, including snapped and uprooted trees. Satellite imagery indicates major tree damage of EF2 intensity. It continued northeast before crossing Highway 430, CR 235, and Highway 17. In this area, numerous residential structures were damaged, including 2 homes that were destroyed, with both losing outer walls and another with collapsed brick on the exterior with the interior slab exposed. Large farming equipment was also blown over on the side. No injuries were reported in this area. The tornado was strongest just northeast of here at EF3 intensity, around 155mph, where Black Hawk Independent Church, Historic Blackhawk School and parsonage were completely destroyed. Both the school and church had stood for nearly 100 years. The church steeple was gone with the bell thrown out and not seen by the survey team. The slab to the church remained intact with a few exterior walls standing. A nearby well building made of cinder block masonry stood mostly untouched outside of minor damage to the roof and doorway. The tornado then continued to the northeast before crossing Highway 17 where widespread tree damage and some structural damage continued. It then continued northeast, just north of Highway 243, before crossing Highway 218 and Nebo Rd, where widespread tree damage occurred. Some areas beyond this were inaccessible due to fallen trees. Satellite imagery indicates potential EF2 to EF3 tree damage in the nearby wooded area. The tornado crossed CR 144, CR 163, CR 211, Good Hope Rd and Spring Lake Rd between Burkhead Lake, Spring Lake and Water Lake. In this area, the tornado was an estimated one half to three quarters of a mile wide and caused EF2 to EF3 tree damage to the forested areas. Some damage was noted to structures along these inaccessible areas. It then crossed Enon Rd, where damage was noted to a home, and Highway 35, where widespread tree damage, major roof, and minor siding damage occurred to a mobile home. One mobile home just north of Highway 35 was thrown off the blocks and into a nearby wooded area some 50 yards away. In this location, 3 fatalities occurred. An 18 wheeler tractor trailer was also blown over on the side. Just to the northeast, satellite imagery indicates a structure had major damage, with the majority of it destroyed. The tornado then crossed CR 278 and CR 61, with minor tree damage, but the majority of the more intense tree damage as viewed within satellite imagery occurred in inaccessible areas just to the north. It then crossed Gum Branch Rd before crossing Interstate 55, where ground surveys and satellite imagery indicated the tornado was nearly a half mile wide. The tornado then crossed Highway 51, Stafford Wells Rd and Highway 407, where major roof damage occurred to residential homes consistent with EF2 intensity. The tornado then crossed Highway 82, where numerous power lines were downed, causing high end EF1 to low end EF2 damage. The tornado then crossed the intersection of Bethlehem Community Rd and Bethlehem Church Rd, where EF2 damage occurred. Three outbuildings were destroyed. A home had major roof damage, and another structure moved off the foundation. The tornado then crossed Hammond Rd, causing major tree damage in the wooded areas. The tornado then caused low end EF2 damage just south of Robinson-Thompson Rd, where an outbuilding was destroyed and a nearby 100 year old home had minor to moderate roof and siding damage but was left standing. The tornado lifted as it crossed Robinson-Thompson Rd. The maximum estimated wind gusts in Carroll County were 165 mph. The total path length was 29.57 miles across the two counties."
MS-ACTION-2023-03-25-governor-reeves-issues-state-of-emergency-following-severe,,Tate Reeves,Governor Reeves Issues State of Emergency Following Severe Storms,2023-03-25,https://governorreeves.ms.gov/wp-json/wp/v2/posts/1204,1106741,180848,2023-03-24 21:54:00,2023-03-24 23:00:00,C,county/county-equivalent,15,CARROLL,Flash Flood,,,0,0,1.00K,0.00K,Public,"In the afternoon and evening of the 24th, clusters of strong to severe storms were stretched from southwest to northeast across southeastern Arkansas as robust instability and very strong wind shear served to produce a volatile severe weather environment. To the east in Mississippi, storm activity proved to be more isolated as deep convection struggled develop across the state. With much of the area not being convectively overturned, an area of thunderstorm activity near the Mississippi River near Vicksburg, MS began to become stronger and took advantage of the open warm sector environment, well east of the competitive storm environment to the west that had thus far impeded tornado development. This area of thunderstorm activity quickly consolidated into an organized supercell and produced a family of long track, strong to violent tornadoes from the Mississippi Delta, across central Mississippi, and finally into portions of northeast Mississippi. This cyclical tornado-producing supercell was responsible for the vast majority of severe weather reports from the day and would claim 22 lives across the state. Dozens more were injured, and hundreds of homes were damaged or destroyed by these tornadoes. Having wrought widespread destruction across the area, this tornado event by most any measure represents a historic degree of devastation for the state of Mississippi and the region at large.",Roads west of Winona were flooded.
MS-ACTION-2023-03-25-governor-reeves-issues-state-of-emergency-following-severe,,Tate Reeves,Governor Reeves Issues State of Emergency Following Severe Storms,2023-03-25,https://governorreeves.ms.gov/wp-json/wp/v2/posts/1204,1087455,178596,2023-03-24 21:37:00,2023-03-24 21:38:00,C,county/county-equivalent,17,CHICKASAW,Thunderstorm Wind,50.0,EG,0,0,5.00K,0.00K,NWS Storm Survey,"The first significant event to produce widespread severe weather across the Mid-South for 2023 occurred on March 24, during the afternoon and evening hours.  This severe weather episode occurred mainly over portions of the Lower Mississippi and Tennessee Valleys. Surface analysis for this day depicted a quasi-stationary boundary from the Mid-Atlantic States and Ohio Valley through northern portions of West Tennessee and Arkansas and stretching back through Central Texas. Low pressure tracked along the stalled front into southeast Missouri during the evening. Meanwhile, a potent mid-level trough ejected out of the southwest U.S. Upper air analysis indicated the Lower Mississippi Valley was in the right entrance region of a strong 300 mb upper-level jet streak. This produced sufficient upper-level divergence and lift needed for severe thunderstorm development. ||Moderate instability combined with strong wind shear resulted in a QLCS (Quasi-Linear Convective System) convective mode. This northern part of the QLCS initially started over Western Arkansas Friday afternoon and moved east into Eastern Arkansas by early evening and then across West Tennessee. The northern part of QLCS produced scattered wind damage, flash flooding, and a weak tornado.  The southern end of this QLCS scraped across north Mississippi with numerous reports of flash flooding, damaging winds, and several weak tornadoes. ||The most significant storm of the night occurred during the late evening hours of March 24, as thunderstorms developing in advance of the QLCS streamed northeast Calhoun and Chickasaw Counties. A tight and small circulation developed in Chickasaw County (MS) about 5 miles east-northeast of Trebloc and quickly grew in strength as it moved into Monroe County (MS), producing significant damage from New Wren to Amory and Smithville, with the most significant damage occurring in Amory.",Minor siding and roof damage to a mobile home on Highway 8 East.
MS-ACTION-2023-03-25-governor-reeves-issues-state-of-emergency-following-severe,,Tate Reeves,Governor Reeves Issues State of Emergency Following Severe Storms,2023-03-25,https://governorreeves.ms.gov/wp-json/wp/v2/posts/1204,1087392,178596,2023-03-24 21:38:00,2023-03-24 21:40:00,C,county/county-equivalent,17,CHICKASAW,Tornado,,,0,0,20.00K,0.00K,NWS Storm Survey,"The first significant event to produce widespread severe weather across the Mid-South for 2023 occurred on March 24, during the afternoon and evening hours.  This severe weather episode occurred mainly over portions of the Lower Mississippi and Tennessee Valleys. Surface analysis for this day depicted a quasi-stationary boundary from the Mid-Atlantic States and Ohio Valley through northern portions of West Tennessee and Arkansas and stretching back through Central Texas. Low pressure tracked along the stalled front into southeast Missouri during the evening. Meanwhile, a potent mid-level trough ejected out of the southwest U.S. Upper air analysis indicated the Lower Mississippi Valley was in the right entrance region of a strong 300 mb upper-level jet streak. This produced sufficient upper-level divergence and lift needed for severe thunderstorm development. ||Moderate instability combined with strong wind shear resulted in a QLCS (Quasi-Linear Convective System) convective mode. This northern part of the QLCS initially started over Western Arkansas Friday afternoon and moved east into Eastern Arkansas by early evening and then across West Tennessee. The northern part of QLCS produced scattered wind damage, flash flooding, and a weak tornado.  The southern end of this QLCS scraped across north Mississippi with numerous reports of flash flooding, damaging winds, and several weak tornadoes. ||The most significant storm of the night occurred during the late evening hours of March 24, as thunderstorms developing in advance of the QLCS streamed northeast Calhoun and Chickasaw Counties. A tight and small circulation developed in Chickasaw County (MS) about 5 miles east-northeast of Trebloc and quickly grew in strength as it moved into Monroe County (MS), producing significant damage from New Wren to Amory and Smithville, with the most significant damage occurring in Amory.","The tornado began near County Roads 173 and 182 southwest of Egypt in far eastern Chickasaw County. It traveled northeast across County Road 179, causing numerous snapped and uprooted trees. This tornado moved into Monroe County as it crossed Highway 45 near the intersection of Old Houston Road. Peak winds were estimated at 95 mph in Chickasaw County."
MS-ACTION-2023-03-25-governor-reeves-issues-state-of-emergency-following-severe,,Tate Reeves,Governor Reeves Issues State of Emergency Following Severe Storms,2023-03-25,https://governorreeves.ms.gov/wp-json/wp/v2/posts/1204,1106566,181723,2023-03-26 18:10:00,2023-03-26 18:10:00,C,county/county-equivalent,23,CLARKE,Hail,1.0,,0,0,100.00K,0.00K,Public,"On Sunday, March 26th 2023 the juxtaposition of high instability and strong mid and upper level shear was confined to central and southern Mississippi. A few predawn supercell thunderstorms developed along an eastward moving line with a break in activity through the remainder of the morning. Heating during the day resulted in vigorous redevelopment by afternoon. Near interstate 20, a stalled composite outflow boundary/cold front was lingering in the area and separated the unstable environment from a cooler, stable airmass to the north. The environment supported numerous supercell thunderstorms which produced swaths of large to very large hail, some as large as baseballs (2.75 inch), with much of the destructive hail confined to the vicinity of the boundary. A few of these storms would also produce damaging wind gusts.",Hail as large as 1 inch fell.
MS-ACTION-2023-03-25-governor-reeves-issues-state-of-emergency-following-severe,,Tate Reeves,Governor Reeves Issues State of Emergency Following Severe Storms,2023-03-25,https://governorreeves.ms.gov/wp-json/wp/v2/posts/1204,1106737,180848,2023-03-24 16:45:00,2023-03-24 16:45:00,C,county/county-equivalent,29,COPIAH,Thunderstorm Wind,52.0,EG,0,0,15.00K,0.00K,Emergency Manager,"In the afternoon and evening of the 24th, clusters of strong to severe storms were stretched from southwest to northeast across southeastern Arkansas as robust instability and very strong wind shear served to produce a volatile severe weather environment. To the east in Mississippi, storm activity proved to be more isolated as deep convection struggled develop across the state. With much of the area not being convectively overturned, an area of thunderstorm activity near the Mississippi River near Vicksburg, MS began to become stronger and took advantage of the open warm sector environment, well east of the competitive storm environment to the west that had thus far impeded tornado development. This area of thunderstorm activity quickly consolidated into an organized supercell and produced a family of long track, strong to violent tornadoes from the Mississippi Delta, across central Mississippi, and finally into portions of northeast Mississippi. This cyclical tornado-producing supercell was responsible for the vast majority of severe weather reports from the day and would claim 22 lives across the state. Dozens more were injured, and hundreds of homes were damaged or destroyed by these tornadoes. Having wrought widespread destruction across the area, this tornado event by most any measure represents a historic degree of devastation for the state of Mississippi and the region at large.",Trees and power lines down along Ashley Road.
MS-ACTION-2023-03-25-governor-reeves-issues-state-of-emergency-following-severe,,Tate Reeves,Governor Reeves Issues State of Emergency Following Severe Storms,2023-03-25,https://governorreeves.ms.gov/wp-json/wp/v2/posts/1204,1088966,178888,2023-03-27 08:02:00,2023-03-27 08:02:00,C,county/county-equivalent,47,HARRISON,Thunderstorm Wind,50.0,EG,0,0,0.85K,0.00K,Broadcast Media,"Two surface boundaries brought strong to severe thunderstorms to MS on March 27th. The first came in the way of an old frontal boundary that pushed into the CWA during the early morning hours. Showers and thunderstorms very quickly started to pop up along the boundary before sunrise. One cell briefly turned severe as it moved across the Mississippi coast, producing some damaging wind gusts in Harrison County where it caused minor tree damage and destroyed a metal car cover. The stronger thunderstorms moved off the coast and dissipated a few hours later. In the evening a second surface boundary associated with a shortwave trough slid into the area, with showers and thunderstorms popping up along it. One storm briefly turned severe as it crossed the border into Pearl River County, bringing quart inch hail. These storms exited the CWA a couple hours later.","Video of damaging wind gusts near white plains, ms. Minor tree damage and metal car cover destroyed. Video relayed via social media."
MS-ACTION-2023-03-25-governor-reeves-issues-state-of-emergency-following-severe,,Tate Reeves,Governor Reeves Issues State of Emergency Following Severe Storms,2023-03-25,https://governorreeves.ms.gov/wp-json/wp/v2/posts/1204,1106490,181723,2023-03-26 15:31:00,2023-03-26 16:23:00,C,county/county-equivalent,49,HINDS,Hail,2.0,,0,0,10.00M,0.00K,Broadcast Media,"On Sunday, March 26th 2023 the juxtaposition of high instability and strong mid and upper level shear was confined to central and southern Mississippi. A few predawn supercell thunderstorms developed along an eastward moving line with a break in activity through the remainder of the morning. Heating during the day resulted in vigorous redevelopment by afternoon. Near interstate 20, a stalled composite outflow boundary/cold front was lingering in the area and separated the unstable environment from a cooler, stable airmass to the north. The environment supported numerous supercell thunderstorms which produced swaths of large to very large hail, some as large as baseballs (2.75 inch), with much of the destructive hail confined to the vicinity of the boundary. A few of these storms would also produce damaging wind gusts.","A swath of large hail fell across Hinds county, continuing from the Warren county line near I-20 and then east-northeastward across the city of Edwards where hail as large as 2 inches was found. The hail swath continued eastward just north of I-20, impacting the city of Clinton and subsequently the northern Jackson metro area where hail as large as 1.75 inches fell. Hail continued to fall as the storm moved east into Rankin county."
MS-ACTION-2023-03-25-governor-reeves-issues-state-of-emergency-following-severe,,Tate Reeves,Governor Reeves Issues State of Emergency Following Severe Storms,2023-03-25,https://governorreeves.ms.gov/wp-json/wp/v2/posts/1204,1106505,181723,2023-03-26 15:37:00,2023-03-26 15:37:00,C,county/county-equivalent,49,HINDS,Thunderstorm Wind,52.0,EG,0,0,30.00K,0.00K,Broadcast Media,"On Sunday, March 26th 2023 the juxtaposition of high instability and strong mid and upper level shear was confined to central and southern Mississippi. A few predawn supercell thunderstorms developed along an eastward moving line with a break in activity through the remainder of the morning. Heating during the day resulted in vigorous redevelopment by afternoon. Near interstate 20, a stalled composite outflow boundary/cold front was lingering in the area and separated the unstable environment from a cooler, stable airmass to the north. The environment supported numerous supercell thunderstorms which produced swaths of large to very large hail, some as large as baseballs (2.75 inch), with much of the destructive hail confined to the vicinity of the boundary. A few of these storms would also produce damaging wind gusts.",Scattered trees down and some minor building damage in Edwards.
MS-ACTION-2023-03-25-governor-reeves-issues-state-of-emergency-following-severe,,Tate Reeves,Governor Reeves Issues State of Emergency Following Severe Storms,2023-03-25,https://governorreeves.ms.gov/wp-json/wp/v2/posts/1204,1106515,181723,2023-03-26 15:50:00,2023-03-26 15:50:00,C,county/county-equivalent,49,HINDS,Thunderstorm Wind,61.0,EG,0,0,50.00K,0.00K,Emergency Manager,"On Sunday, March 26th 2023 the juxtaposition of high instability and strong mid and upper level shear was confined to central and southern Mississippi. A few predawn supercell thunderstorms developed along an eastward moving line with a break in activity through the remainder of the morning. Heating during the day resulted in vigorous redevelopment by afternoon. Near interstate 20, a stalled composite outflow boundary/cold front was lingering in the area and separated the unstable environment from a cooler, stable airmass to the north. The environment supported numerous supercell thunderstorms which produced swaths of large to very large hail, some as large as baseballs (2.75 inch), with much of the destructive hail confined to the vicinity of the boundary. A few of these storms would also produce damaging wind gusts.",The roof was blown off at Bolton fire station and the Merchant and Planters Bank Supply also had roof damage.
MS-ACTION-2023-03-25-governor-reeves-issues-state-of-emergency-following-severe,,Tate Reeves,Governor Reeves Issues State of Emergency Following Severe Storms,2023-03-25,https://governorreeves.ms.gov/wp-json/wp/v2/posts/1204,1106506,181723,2023-03-26 15:50:00,2023-03-26 15:50:00,C,county/county-equivalent,49,HINDS,Thunderstorm Wind,52.0,EG,0,0,1.00K,0.00K,Emergency Manager,"On Sunday, March 26th 2023 the juxtaposition of high instability and strong mid and upper level shear was confined to central and southern Mississippi. A few predawn supercell thunderstorms developed along an eastward moving line with a break in activity through the remainder of the morning. Heating during the day resulted in vigorous redevelopment by afternoon. Near interstate 20, a stalled composite outflow boundary/cold front was lingering in the area and separated the unstable environment from a cooler, stable airmass to the north. The environment supported numerous supercell thunderstorms which produced swaths of large to very large hail, some as large as baseballs (2.75 inch), with much of the destructive hail confined to the vicinity of the boundary. A few of these storms would also produce damaging wind gusts.","EM reported tree on railroad tracks at Ben Warren Road in Bolton, MS."
MS-ACTION-2023-03-25-governor-reeves-issues-state-of-emergency-following-severe,,Tate Reeves,Governor Reeves Issues State of Emergency Following Severe Storms,2023-03-25,https://governorreeves.ms.gov/wp-json/wp/v2/posts/1204,1106519,181723,2023-03-26 15:53:00,2023-03-26 15:53:00,C,county/county-equivalent,49,HINDS,Thunderstorm Wind,52.0,EG,0,0,1.00K,0.00K,Emergency Manager,"On Sunday, March 26th 2023 the juxtaposition of high instability and strong mid and upper level shear was confined to central and southern Mississippi. A few predawn supercell thunderstorms developed along an eastward moving line with a break in activity through the remainder of the morning. Heating during the day resulted in vigorous redevelopment by afternoon. Near interstate 20, a stalled composite outflow boundary/cold front was lingering in the area and separated the unstable environment from a cooler, stable airmass to the north. The environment supported numerous supercell thunderstorms which produced swaths of large to very large hail, some as large as baseballs (2.75 inch), with much of the destructive hail confined to the vicinity of the boundary. A few of these storms would also produce damaging wind gusts.",A tree was downed on the roadway on E Airport Road near the Natchez trace parkway intersection.
MS-ACTION-2023-03-25-governor-reeves-issues-state-of-emergency-following-severe,,Tate Reeves,Governor Reeves Issues State of Emergency Following Severe Storms,2023-03-25,https://governorreeves.ms.gov/wp-json/wp/v2/posts/1204,1106521,181723,2023-03-26 15:57:00,2023-03-26 15:57:00,C,county/county-equivalent,49,HINDS,Thunderstorm Wind,52.0,EG,0,0,5.00K,0.00K,NWS Employee,"On Sunday, March 26th 2023 the juxtaposition of high instability and strong mid and upper level shear was confined to central and southern Mississippi. A few predawn supercell thunderstorms developed along an eastward moving line with a break in activity through the remainder of the morning. Heating during the day resulted in vigorous redevelopment by afternoon. Near interstate 20, a stalled composite outflow boundary/cold front was lingering in the area and separated the unstable environment from a cooler, stable airmass to the north. The environment supported numerous supercell thunderstorms which produced swaths of large to very large hail, some as large as baseballs (2.75 inch), with much of the destructive hail confined to the vicinity of the boundary. A few of these storms would also produce damaging wind gusts.",A large tree limb fell through the roof of a house along Springridge Road.
MS-ACTION-2023-03-25-governor-reeves-issues-state-of-emergency-following-severe,,Tate Reeves,Governor Reeves Issues State of Emergency Following Severe Storms,2023-03-25,https://governorreeves.ms.gov/wp-json/wp/v2/posts/1204,1106522,181723,2023-03-26 15:59:00,2023-03-26 15:59:00,C,county/county-equivalent,49,HINDS,Thunderstorm Wind,52.0,EG,0,0,15.00K,0.00K,Broadcast Media,"On Sunday, March 26th 2023 the juxtaposition of high instability and strong mid and upper level shear was confined to central and southern Mississippi. A few predawn supercell thunderstorms developed along an eastward moving line with a break in activity through the remainder of the morning. Heating during the day resulted in vigorous redevelopment by afternoon. Near interstate 20, a stalled composite outflow boundary/cold front was lingering in the area and separated the unstable environment from a cooler, stable airmass to the north. The environment supported numerous supercell thunderstorms which produced swaths of large to very large hail, some as large as baseballs (2.75 inch), with much of the destructive hail confined to the vicinity of the boundary. A few of these storms would also produce damaging wind gusts.",A tree fell into a home.
MS-ACTION-2023-03-25-governor-reeves-issues-state-of-emergency-following-severe,,Tate Reeves,Governor Reeves Issues State of Emergency Following Severe Storms,2023-03-25,https://governorreeves.ms.gov/wp-json/wp/v2/posts/1204,1106531,181723,2023-03-26 16:02:00,2023-03-26 16:02:00,C,county/county-equivalent,49,HINDS,Thunderstorm Wind,52.0,EG,0,0,25.00K,0.00K,Emergency Manager,"On Sunday, March 26th 2023 the juxtaposition of high instability and strong mid and upper level shear was confined to central and southern Mississippi. A few predawn supercell thunderstorms developed along an eastward moving line with a break in activity through the remainder of the morning. Heating during the day resulted in vigorous redevelopment by afternoon. Near interstate 20, a stalled composite outflow boundary/cold front was lingering in the area and separated the unstable environment from a cooler, stable airmass to the north. The environment supported numerous supercell thunderstorms which produced swaths of large to very large hail, some as large as baseballs (2.75 inch), with much of the destructive hail confined to the vicinity of the boundary. A few of these storms would also produce damaging wind gusts.",Structural damage occurred at the Sonic Drive-in at 849 East Northside Drive.
MS-ACTION-2023-03-25-governor-reeves-issues-state-of-emergency-following-severe,,Tate Reeves,Governor Reeves Issues State of Emergency Following Severe Storms,2023-03-25,https://governorreeves.ms.gov/wp-json/wp/v2/posts/1204,1106534,181723,2023-03-26 16:02:00,2023-03-26 16:02:00,C,county/county-equivalent,49,HINDS,Thunderstorm Wind,52.0,EG,0,0,5.00K,0.00K,Fire Department/Rescue,"On Sunday, March 26th 2023 the juxtaposition of high instability and strong mid and upper level shear was confined to central and southern Mississippi. A few predawn supercell thunderstorms developed along an eastward moving line with a break in activity through the remainder of the morning. Heating during the day resulted in vigorous redevelopment by afternoon. Near interstate 20, a stalled composite outflow boundary/cold front was lingering in the area and separated the unstable environment from a cooler, stable airmass to the north. The environment supported numerous supercell thunderstorms which produced swaths of large to very large hail, some as large as baseballs (2.75 inch), with much of the destructive hail confined to the vicinity of the boundary. A few of these storms would also produce damaging wind gusts.",Trees and limbs were downed in the Trailwood subdivision.
MS-ACTION-2023-03-25-governor-reeves-issues-state-of-emergency-following-severe,,Tate Reeves,Governor Reeves Issues State of Emergency Following Severe Storms,2023-03-25,https://governorreeves.ms.gov/wp-json/wp/v2/posts/1204,1106538,181723,2023-03-26 16:02:00,2023-03-26 16:02:00,C,county/county-equivalent,49,HINDS,Thunderstorm Wind,52.0,EG,0,0,5.00K,0.00K,Public,"On Sunday, March 26th 2023 the juxtaposition of high instability and strong mid and upper level shear was confined to central and southern Mississippi. A few predawn supercell thunderstorms developed along an eastward moving line with a break in activity through the remainder of the morning. Heating during the day resulted in vigorous redevelopment by afternoon. Near interstate 20, a stalled composite outflow boundary/cold front was lingering in the area and separated the unstable environment from a cooler, stable airmass to the north. The environment supported numerous supercell thunderstorms which produced swaths of large to very large hail, some as large as baseballs (2.75 inch), with much of the destructive hail confined to the vicinity of the boundary. A few of these storms would also produce damaging wind gusts.",A tree was downed onto a building.
MS-ACTION-2023-03-25-governor-reeves-issues-state-of-emergency-following-severe,,Tate Reeves,Governor Reeves Issues State of Emergency Following Severe Storms,2023-03-25,https://governorreeves.ms.gov/wp-json/wp/v2/posts/1204,1106535,181723,2023-03-26 16:03:00,2023-03-26 16:03:00,C,county/county-equivalent,49,HINDS,Thunderstorm Wind,52.0,EG,0,0,20.00K,0.00K,Broadcast Media,"On Sunday, March 26th 2023 the juxtaposition of high instability and strong mid and upper level shear was confined to central and southern Mississippi. A few predawn supercell thunderstorms developed along an eastward moving line with a break in activity through the remainder of the morning. Heating during the day resulted in vigorous redevelopment by afternoon. Near interstate 20, a stalled composite outflow boundary/cold front was lingering in the area and separated the unstable environment from a cooler, stable airmass to the north. The environment supported numerous supercell thunderstorms which produced swaths of large to very large hail, some as large as baseballs (2.75 inch), with much of the destructive hail confined to the vicinity of the boundary. A few of these storms would also produce damaging wind gusts.",Windows were shattered and a light post was downed at Metrocenter mall.
MS-ACTION-2023-03-25-governor-reeves-issues-state-of-emergency-following-severe,,Tate Reeves,Governor Reeves Issues State of Emergency Following Severe Storms,2023-03-25,https://governorreeves.ms.gov/wp-json/wp/v2/posts/1204,1106524,181723,2023-03-26 16:04:00,2023-03-26 16:04:00,C,county/county-equivalent,49,HINDS,Thunderstorm Wind,52.0,EG,0,0,300.00K,0.00K,Broadcast Media,"On Sunday, March 26th 2023 the juxtaposition of high instability and strong mid and upper level shear was confined to central and southern Mississippi. A few predawn supercell thunderstorms developed along an eastward moving line with a break in activity through the remainder of the morning. Heating during the day resulted in vigorous redevelopment by afternoon. Near interstate 20, a stalled composite outflow boundary/cold front was lingering in the area and separated the unstable environment from a cooler, stable airmass to the north. The environment supported numerous supercell thunderstorms which produced swaths of large to very large hail, some as large as baseballs (2.75 inch), with much of the destructive hail confined to the vicinity of the boundary. A few of these storms would also produce damaging wind gusts.",Numerous houses had trees on them in Clinton.
MS-ACTION-2023-03-25-governor-reeves-issues-state-of-emergency-following-severe,,Tate Reeves,Governor Reeves Issues State of Emergency Following Severe Storms,2023-03-25,https://governorreeves.ms.gov/wp-json/wp/v2/posts/1204,1106533,181723,2023-03-26 16:04:00,2023-03-26 16:04:00,C,county/county-equivalent,49,HINDS,Thunderstorm Wind,52.0,EG,0,0,10.00K,0.00K,Fire Department/Rescue,"On Sunday, March 26th 2023 the juxtaposition of high instability and strong mid and upper level shear was confined to central and southern Mississippi. A few predawn supercell thunderstorms developed along an eastward moving line with a break in activity through the remainder of the morning. Heating during the day resulted in vigorous redevelopment by afternoon. Near interstate 20, a stalled composite outflow boundary/cold front was lingering in the area and separated the unstable environment from a cooler, stable airmass to the north. The environment supported numerous supercell thunderstorms which produced swaths of large to very large hail, some as large as baseballs (2.75 inch), with much of the destructive hail confined to the vicinity of the boundary. A few of these storms would also produce damaging wind gusts.",Powerlines were downed and the tops of power poles broken off at Spring Ridge Road and Highway 80.
MS-ACTION-2023-03-25-governor-reeves-issues-state-of-emergency-following-severe,,Tate Reeves,Governor Reeves Issues State of Emergency Following Severe Storms,2023-03-25,https://governorreeves.ms.gov/wp-json/wp/v2/posts/1204,1106541,181723,2023-03-26 16:05:00,2023-03-26 16:05:00,C,county/county-equivalent,49,HINDS,Thunderstorm Wind,52.0,EG,0,0,25.00K,0.00K,Emergency Manager,"On Sunday, March 26th 2023 the juxtaposition of high instability and strong mid and upper level shear was confined to central and southern Mississippi. A few predawn supercell thunderstorms developed along an eastward moving line with a break in activity through the remainder of the morning. Heating during the day resulted in vigorous redevelopment by afternoon. Near interstate 20, a stalled composite outflow boundary/cold front was lingering in the area and separated the unstable environment from a cooler, stable airmass to the north. The environment supported numerous supercell thunderstorms which produced swaths of large to very large hail, some as large as baseballs (2.75 inch), with much of the destructive hail confined to the vicinity of the boundary. A few of these storms would also produce damaging wind gusts.",A tree was downed onto a house on Waycona Drive.
MS-ACTION-2023-03-25-governor-reeves-issues-state-of-emergency-following-severe,,Tate Reeves,Governor Reeves Issues State of Emergency Following Severe Storms,2023-03-25,https://governorreeves.ms.gov/wp-json/wp/v2/posts/1204,1106540,181723,2023-03-26 16:08:00,2023-03-26 16:08:00,C,county/county-equivalent,49,HINDS,Thunderstorm Wind,52.0,EG,0,0,5.00K,0.00K,Emergency Manager,"On Sunday, March 26th 2023 the juxtaposition of high instability and strong mid and upper level shear was confined to central and southern Mississippi. A few predawn supercell thunderstorms developed along an eastward moving line with a break in activity through the remainder of the morning. Heating during the day resulted in vigorous redevelopment by afternoon. Near interstate 20, a stalled composite outflow boundary/cold front was lingering in the area and separated the unstable environment from a cooler, stable airmass to the north. The environment supported numerous supercell thunderstorms which produced swaths of large to very large hail, some as large as baseballs (2.75 inch), with much of the destructive hail confined to the vicinity of the boundary. A few of these storms would also produce damaging wind gusts.",A tree was downed onto a house on Winn Street.
MS-ACTION-2023-03-25-governor-reeves-issues-state-of-emergency-following-severe,,Tate Reeves,Governor Reeves Issues State of Emergency Following Severe Storms,2023-03-25,https://governorreeves.ms.gov/wp-json/wp/v2/posts/1204,1106543,181723,2023-03-26 16:27:00,2023-03-26 16:27:00,C,county/county-equivalent,49,HINDS,Hail,1.75,,0,0,750.00K,0.00K,Emergency Manager,"On Sunday, March 26th 2023 the juxtaposition of high instability and strong mid and upper level shear was confined to central and southern Mississippi. A few predawn supercell thunderstorms developed along an eastward moving line with a break in activity through the remainder of the morning. Heating during the day resulted in vigorous redevelopment by afternoon. Near interstate 20, a stalled composite outflow boundary/cold front was lingering in the area and separated the unstable environment from a cooler, stable airmass to the north. The environment supported numerous supercell thunderstorms which produced swaths of large to very large hail, some as large as baseballs (2.75 inch), with much of the destructive hail confined to the vicinity of the boundary. A few of these storms would also produce damaging wind gusts.",Hail as large as 1.75 inches fell.
MS-ACTION-2023-03-25-governor-reeves-issues-state-of-emergency-following-severe,,Tate Reeves,Governor Reeves Issues State of Emergency Following Severe Storms,2023-03-25,https://governorreeves.ms.gov/wp-json/wp/v2/posts/1204,1106537,181723,2023-03-26 16:27:00,2023-03-26 16:27:00,C,county/county-equivalent,49,HINDS,Thunderstorm Wind,52.0,EG,0,0,1.00K,0.00K,Amateur Radio,"On Sunday, March 26th 2023 the juxtaposition of high instability and strong mid and upper level shear was confined to central and southern Mississippi. A few predawn supercell thunderstorms developed along an eastward moving line with a break in activity through the remainder of the morning. Heating during the day resulted in vigorous redevelopment by afternoon. Near interstate 20, a stalled composite outflow boundary/cold front was lingering in the area and separated the unstable environment from a cooler, stable airmass to the north. The environment supported numerous supercell thunderstorms which produced swaths of large to very large hail, some as large as baseballs (2.75 inch), with much of the destructive hail confined to the vicinity of the boundary. A few of these storms would also produce damaging wind gusts.",A tree was downed on the intersection of Kickapoo and Pinehaven.
MS-ACTION-2023-03-25-governor-reeves-issues-state-of-emergency-following-severe,,Tate Reeves,Governor Reeves Issues State of Emergency Following Severe Storms,2023-03-25,https://governorreeves.ms.gov/wp-json/wp/v2/posts/1204,1106546,181723,2023-03-26 16:28:00,2023-03-26 16:28:00,C,county/county-equivalent,49,HINDS,Thunderstorm Wind,52.0,EG,0,0,10.00K,0.00K,Emergency Manager,"On Sunday, March 26th 2023 the juxtaposition of high instability and strong mid and upper level shear was confined to central and southern Mississippi. A few predawn supercell thunderstorms developed along an eastward moving line with a break in activity through the remainder of the morning. Heating during the day resulted in vigorous redevelopment by afternoon. Near interstate 20, a stalled composite outflow boundary/cold front was lingering in the area and separated the unstable environment from a cooler, stable airmass to the north. The environment supported numerous supercell thunderstorms which produced swaths of large to very large hail, some as large as baseballs (2.75 inch), with much of the destructive hail confined to the vicinity of the boundary. A few of these storms would also produce damaging wind gusts.","Powerlines were downed on the rail road tracks at Parker Drive and Clinton Blvd. intersection in Clinton, MS."
MS-ACTION-2023-03-25-governor-reeves-issues-state-of-emergency-following-severe,,Tate Reeves,Governor Reeves Issues State of Emergency Following Severe Storms,2023-03-25,https://governorreeves.ms.gov/wp-json/wp/v2/posts/1204,1106742,181723,2023-03-26 17:02:00,2023-03-26 18:00:00,C,county/county-equivalent,49,HINDS,Flash Flood,,,0,0,50.00K,0.00K,Emergency Manager,"On Sunday, March 26th 2023 the juxtaposition of high instability and strong mid and upper level shear was confined to central and southern Mississippi. A few predawn supercell thunderstorms developed along an eastward moving line with a break in activity through the remainder of the morning. Heating during the day resulted in vigorous redevelopment by afternoon. Near interstate 20, a stalled composite outflow boundary/cold front was lingering in the area and separated the unstable environment from a cooler, stable airmass to the north. The environment supported numerous supercell thunderstorms which produced swaths of large to very large hail, some as large as baseballs (2.75 inch), with much of the destructive hail confined to the vicinity of the boundary. A few of these storms would also produce damaging wind gusts.",Car stuck in flood waters on Autumn Street at Fleetwood Drive off of Suncrest Drive.
MS-ACTION-2023-03-25-governor-reeves-issues-state-of-emergency-following-severe,,Tate Reeves,Governor Reeves Issues State of Emergency Following Severe Storms,2023-03-25,https://governorreeves.ms.gov/wp-json/wp/v2/posts/1204,1106530,181723,2023-03-26 17:06:00,2023-03-26 17:06:00,C,county/county-equivalent,49,HINDS,Thunderstorm Wind,52.0,EG,0,0,1.00K,0.00K,Emergency Manager,"On Sunday, March 26th 2023 the juxtaposition of high instability and strong mid and upper level shear was confined to central and southern Mississippi. A few predawn supercell thunderstorms developed along an eastward moving line with a break in activity through the remainder of the morning. Heating during the day resulted in vigorous redevelopment by afternoon. Near interstate 20, a stalled composite outflow boundary/cold front was lingering in the area and separated the unstable environment from a cooler, stable airmass to the north. The environment supported numerous supercell thunderstorms which produced swaths of large to very large hail, some as large as baseballs (2.75 inch), with much of the destructive hail confined to the vicinity of the boundary. A few of these storms would also produce damaging wind gusts.",A fallen tree blocked Jones Loop Road.
MS-ACTION-2023-03-25-governor-reeves-issues-state-of-emergency-following-severe,,Tate Reeves,Governor Reeves Issues State of Emergency Following Severe Storms,2023-03-25,https://governorreeves.ms.gov/wp-json/wp/v2/posts/1204,1106744,181723,2023-03-26 17:24:00,2023-03-26 18:00:00,C,county/county-equivalent,49,HINDS,Flash Flood,,,0,0,20.00K,0.00K,Emergency Manager,"On Sunday, March 26th 2023 the juxtaposition of high instability and strong mid and upper level shear was confined to central and southern Mississippi. A few predawn supercell thunderstorms developed along an eastward moving line with a break in activity through the remainder of the morning. Heating during the day resulted in vigorous redevelopment by afternoon. Near interstate 20, a stalled composite outflow boundary/cold front was lingering in the area and separated the unstable environment from a cooler, stable airmass to the north. The environment supported numerous supercell thunderstorms which produced swaths of large to very large hail, some as large as baseballs (2.75 inch), with much of the destructive hail confined to the vicinity of the boundary. A few of these storms would also produce damaging wind gusts.",Vehicle submerged in flood water on West Monument street near the viaduct.
MS-ACTION-2023-03-25-governor-reeves-issues-state-of-emergency-following-severe,,Tate Reeves,Governor Reeves Issues State of Emergency Following Severe Storms,2023-03-25,https://governorreeves.ms.gov/wp-json/wp/v2/posts/1204,1106745,181723,2023-03-26 17:50:00,2023-03-26 19:00:00,C,county/county-equivalent,49,HINDS,Flash Flood,,,0,0,1.00K,0.00K,Emergency Manager,"On Sunday, March 26th 2023 the juxtaposition of high instability and strong mid and upper level shear was confined to central and southern Mississippi. A few predawn supercell thunderstorms developed along an eastward moving line with a break in activity through the remainder of the morning. Heating during the day resulted in vigorous redevelopment by afternoon. Near interstate 20, a stalled composite outflow boundary/cold front was lingering in the area and separated the unstable environment from a cooler, stable airmass to the north. The environment supported numerous supercell thunderstorms which produced swaths of large to very large hail, some as large as baseballs (2.75 inch), with much of the destructive hail confined to the vicinity of the boundary. A few of these storms would also produce damaging wind gusts.",Flash flooding was observed at Forest Hill Road and Mccluer Road.
MS-ACTION-2023-03-25-governor-reeves-issues-state-of-emergency-following-severe,,Tate Reeves,Governor Reeves Issues State of Emergency Following Severe Storms,2023-03-25,https://governorreeves.ms.gov/wp-json/wp/v2/posts/1204,1106746,181723,2023-03-26 18:05:00,2023-03-26 19:00:00,C,county/county-equivalent,49,HINDS,Flash Flood,,,0,0,1.00K,0.00K,Broadcast Media,"On Sunday, March 26th 2023 the juxtaposition of high instability and strong mid and upper level shear was confined to central and southern Mississippi. A few predawn supercell thunderstorms developed along an eastward moving line with a break in activity through the remainder of the morning. Heating during the day resulted in vigorous redevelopment by afternoon. Near interstate 20, a stalled composite outflow boundary/cold front was lingering in the area and separated the unstable environment from a cooler, stable airmass to the north. The environment supported numerous supercell thunderstorms which produced swaths of large to very large hail, some as large as baseballs (2.75 inch), with much of the destructive hail confined to the vicinity of the boundary. A few of these storms would also produce damaging wind gusts.",Standing water as a result of flash flooding was observed at the intersection of Lynch Street and Highway 80.
MS-ACTION-2023-03-25-governor-reeves-issues-state-of-emergency-following-severe,,Tate Reeves,Governor Reeves Issues State of Emergency Following Severe Storms,2023-03-25,https://governorreeves.ms.gov/wp-json/wp/v2/posts/1204,1102160,180848,2023-03-24 19:51:00,2023-03-24 20:08:00,C,county/county-equivalent,51,HOLMES,Tornado,,,0,0,100.00K,0.00K,NWS Storm Survey,"In the afternoon and evening of the 24th, clusters of strong to severe storms were stretched from southwest to northeast across southeastern Arkansas as robust instability and very strong wind shear served to produce a volatile severe weather environment. To the east in Mississippi, storm activity proved to be more isolated as deep convection struggled develop across the state. With much of the area not being convectively overturned, an area of thunderstorm activity near the Mississippi River near Vicksburg, MS began to become stronger and took advantage of the open warm sector environment, well east of the competitive storm environment to the west that had thus far impeded tornado development. This area of thunderstorm activity quickly consolidated into an organized supercell and produced a family of long track, strong to violent tornadoes from the Mississippi Delta, across central Mississippi, and finally into portions of northeast Mississippi. This cyclical tornado-producing supercell was responsible for the vast majority of severe weather reports from the day and would claim 22 lives across the state. Dozens more were injured, and hundreds of homes were damaged or destroyed by these tornadoes. Having wrought widespread destruction across the area, this tornado event by most any measure represents a historic degree of devastation for the state of Mississippi and the region at large.","This long track, violent tornado began over northern |Issaquena County near Grant Rd, downing multiple trees and damaging |two older outbuildings. It tracked northeastward, producing tree |damage as it crossed the Steele Bayou Canal before crossing into |Sharkey County. At this point, the tornado began to substantially |increase in size and intensity. A very high percentage of trees were |snapped along the path through a wooded area south of Bear Lake Rd. |It was in this wooded area where the first indications of EF3 to EF4 |damage were noted, with at least one tree and root ball and several |more large tree pieces fully displaced into the downstream field. |From this point along the path in Sharkey County, there was a well |defined confluence zone in damage along the center of the tornado |track. ||On the western outskirts of the city of Rolling Fork, homes began to |be impacted with significant roof damage along Bear Lake Rd. Several |tall wooden utility transmission poles were snapped along Bear |Lake Rd and MS Highway 826. Along Pinkins Rd, each structure along|the road, including several manufactured homes and two site built|homes, was demolished. Structures on the west end of the road |were scattered radially southeastward, and structures on the east |end of the road were scattered northward. An occupant of one of |the mobile homes was critically injured during the tornado and |eventually passed away nearly four weeks later. Debarking was |observed on several hardwood trees, with only stubs of the main |branches of some trees remaining. Crossing MS 826 and along |Fleetwood Rd, an older metal building was swept away, a small home|was destroyed and numerous manufactured homes were destroyed. ||As the tornado moved into the western side of Rolling Fork, the |tornadic wind field was broad, encompassing the area from Race St, |where exterior damage occurred to the Sharkey Issaquena Hospital, to |Bear Lake Rd on the south end where several utility poles were |snapped. The corridor of greatest damage on the west side of the |city, rated high end EF3, extended from 7th St between Martin Ave |and Joor Ave to 3rd St between Southern Ave and Lewis Ave. In this |area, multiple homes lost most exterior walls, several more lost |roofs and some walls, and even more received at least minor damage. |Two fatalities occurred along 7th St when a trailer truck was tossed |into a home. Through this corridor, additional debarking of trees |was noted near the center of the path. Brief and minor weakening |occurred as the tornado moved east of 3rd St and began to approach |Deer Creek, with EF2 damage still common. Along the creek, the |fire station, Rolling Fork Elementary School, and South Delta High|School all sustained roof and other exterior damage.||After the tornado crossed Deer Creek and began to move into the |downtown area of Rolling Fork, reintensification occurred. |Additional EF4 damage was noted in the block between Sharkey St and |Worthington Ave and north of Collette Ave where a home and a duplex |apartment were entirely demolished, with the foundation of the |duplex partially swept. Large metal buildings at an agriculture |business at the intersection of East St and West Ave were destroyed. |A fatality occurred when a mobile home along Worthington Ave was |destroyed. On Parkway Ave, a Masonic lodge was leveled and a gas |station was substantially damaged. ||The tornado then crossed Rolling Fork Creek, damaging and destroying |several structures along McLaurin St and China St. A water tower |east of Hicks Ave, which was in service at the time of the tornado, |was felled in a southeastward direction, perpendicular to the |tornado path. In the downtown area, the roof was removed from the |Rolling Fork US Post Office, portions of Rolling Fork City Hall, and |portions of the Rolling Fork Police Department. The Sharkey County |Courthouse received damage to the roof and some windows, with the |cupola removed. Additional EF4 damage was observed as the tornado |crossed Walnut St, with multiple homes and businesses having all or |most walls downed. One building in this corridor was compromised by |two tossed tractor trailers and another was compromised by a |southward facing metal door. A fatality occurred when a mobile home |off Sidney Alexander St north of Walnut St was destroyed.||The tornado reached its peak intensity as it approached US Highway |61 just north of Walnut St. Multiple brick homes along Mulberry St |were leveled, with debris remaining on the foundations. A discount |retail chain store was completely destroyed, with much of the debris |swept to the downstream side of the foundation and rowed along the |tornado path. Two people died at this location. A gift/floral shop |was destroyed, with most debris swept from the foundation. |Additional businesses, including a lumber/hardware store, two |restaurants, a furniture store, and an insurance agency were also |destroyed in this area. One occupant of a truck traveling along US |61 was killed when the tornado tossed his vehicle from the highway |to near the lumber/hardware store. A mobile/manufactured home park |on the east side of US 61 was devastated, with all 30-35 homes |destroyed. Considerable debris from these homes was rowed 300-400|yards downstream along the tornado path into an adjacent field |and stand of trees. Six occupants of these homes died in the |tornado.||The tornado remained strong to violent as it continued northeast of |Rolling Fork across mainly open fields. Through these fields, aerial |imagery revealed multiple areas of ground scarring. The tornado |crossed Matthews Rd near a catfish farm, where several utility poles |were snapped near the ground and covered in 1 to 2 inches of mud. |Some of the poles were tossed into nearby ponds. Prolific tree |damage occurred along Sandy Bayou, with a few buildings along the |outer edges of the path damaged and a tractor trailer flipped. |Another area of EF4 damage was observed from Widow Bayou and E River |Rd northeastward through Dogwood Rd and Linsey Rd. Through this |corridor, extraordinary hardwood tree damage occurred with most |trees completely mangled and debarking noted. There was additional |evidence of trees or large parts of trees being tossed or dragged a |short distance. Several utility poles were snapped, with some tossed |a short distance. An outbuilding type structure off Dogwood Rd was |blown away, with a school bus from the property tossed into nearby |trees. Ground scarring and cycloidal marks were observed in the |field between Dogwood Rd and Linsey Rd, along with mulched tree |debris which was rowed into a narrow line along the center of the |tornado path. Tree damage continued across Keith Rd and Charlie Pitt |Rd as the tornado approached MS Highway 14.||East of Anguilla along MS Highway 14, a frame home was completely|destroyed. Near the home, several power poles were snapped or |broken. Tree damage was extensive with large areas mowed down. A |tenth of a mile east, a mobile home was rolled into nearby trees. |Moving into Humphreys County, along Prudent Rd, most of the roof |was taken off of a home, where the garage collapsed along with a |portion of the front porch. One vehicle was flipped and another |was moved. A metal workshop was destroyed and structural beams |were bent. Along the road, several power poles were snapped and |thrown a couple hundred feet into a nearby field. As the tornado |approached and crossed Seven Mile Rd, intensity increased. Here, |several metal buildings were heavily damaged or destroyed with |structural beams bent. Grain bins had sides collapsed and the tops|blown off. A small brick home was completely destroyed with all |of the exterior walls collapsed. The home next door had a large |portion of the roof removed and part of a wall had collapsed. |Debris from the home was thrown several hundred feet into a nearby|field. Vehicles were moved out of the garage and a large grain |storage cart was thrown into the field as well. ||For several miles, the tornado traveled along MS Highway 149 |moving toward Silver City where large areas of hardwood trees were|snapped and uprooted. Multiple center pivot irrigation systems |were flipped. A mobile home was completely destroyed when it was |rolled into a nearby field. A portion of the roof was blown off a |school. A community along the same road had several homes with |significant roof damage, and at least one home had decking |material partially removed. Several homes and a large metal |building were severely damaged when portions of the roof were |blown off. A second metal building was completely destroyed with |large structural posts bent. ||As the tornado came into Silver City from the west along Highway |149, an apartment complex was heavily damaged. Several buildings |had sections of the roof removed and one building had portions of |the western walls partially collapsed. A fatality occurred in one|of the single story apartment buildings. In the nearby |neighborhood, numerous homes had roof damage. At least two frame |homes were destroyed where one or more exterior walls collapsed. A|large number of old hardwood trees were snapped or uprooted. As |the storm moved east toward US 49W, more trees were snapped and |uprooted. Several homes and a church near the intersection of |MS Highway 14 and US 49W had areas of the roof damaged or |removed. Four mobile homes were completely destroyed. One person |died when a mobile home was tossed into a house, and a child died|in one of the mobile homes that was destroyed. Numerous trees |were snapped and uprooted, a few of which fell on homes. The |rating in the Silver City area ranged from EF1-EF2. ||The tornado continued to track east where mostly tree damage |occurred. In rural portions of Holmes County northeast of Tchula, |there was substantial tree damage with swaths of snapped and |uprooted trees. Several center pivot irrigation systems were |overturned and grain bins were flipped or destroyed. The tornado |continued to move northeast before dissipating in a wooded area |north of Randall Road. The maximum estimated wind gusts in Holmes County were 115 mph. The total path length was 59.35 miles across the four counties. An estimated 165 injuries were caused by this tornado, including 150 in Sharkey County and 15 in Humphreys County."
MS-ACTION-2023-03-25-governor-reeves-issues-state-of-emergency-following-severe,,Tate Reeves,Governor Reeves Issues State of Emergency Following Severe Storms,2023-03-25,https://governorreeves.ms.gov/wp-json/wp/v2/posts/1204,1102155,180848,2023-03-24 19:25:00,2023-03-24 19:51:00,C,county/county-equivalent,53,HUMPHREYS,Tornado,,,3,15,13.30M,78.20K,NWS Storm Survey,"In the afternoon and evening of the 24th, clusters of strong to severe storms were stretched from southwest to northeast across southeastern Arkansas as robust instability and very strong wind shear served to produce a volatile severe weather environment. To the east in Mississippi, storm activity proved to be more isolated as deep convection struggled develop across the state. With much of the area not being convectively overturned, an area of thunderstorm activity near the Mississippi River near Vicksburg, MS began to become stronger and took advantage of the open warm sector environment, well east of the competitive storm environment to the west that had thus far impeded tornado development. This area of thunderstorm activity quickly consolidated into an organized supercell and produced a family of long track, strong to violent tornadoes from the Mississippi Delta, across central Mississippi, and finally into portions of northeast Mississippi. This cyclical tornado-producing supercell was responsible for the vast majority of severe weather reports from the day and would claim 22 lives across the state. Dozens more were injured, and hundreds of homes were damaged or destroyed by these tornadoes. Having wrought widespread destruction across the area, this tornado event by most any measure represents a historic degree of devastation for the state of Mississippi and the region at large.","This long track, violent tornado began over northern Issaquena County near Grant Rd, downing multiple trees and damaging two older outbuildings. It tracked northeastward, producing tree damage as it crossed the Steele Bayou Canal before crossing into Sharkey County. At this point, the tornado began to substantially increase in size and intensity. A very high percentage of trees were snapped along the path through a wooded area south of Bear Lake Rd. It was in this wooded area where the first indications of EF3 to EF4 damage were noted, with at least one tree and root ball and several more large tree pieces fully displaced into the downstream field. From this point along the path in Sharkey County, there was a well defined confluence zone in damage along the center of the tornado track. On the western outskirts of the city of Rolling Fork, homes began to be impacted with significant roof damage along Bear Lake Rd. Several tall wooden utility transmission poles were snapped along Bear Lake Rd and MS Highway 826. Along Pinkins Rd, each structure along the road, including several manufactured homes and two site built homes, was demolished. Structures on the west end of the road were scattered radially southeastward, and structures on the east end of the road were scattered northward. An occupant of one of the mobile homes was critically injured during the tornado and eventually passed away nearly four weeks later. Debarking was observed on several hardwood trees, with only stubs of the main branches of some trees remaining. Crossing MS 826 and along Fleetwood Rd, an older metal building was swept away, a small home was destroyed and numerous manufactured homes were destroyed. As the tornado moved into the western side of Rolling Fork, the tornadic wind field was broad, encompassing the area from Race St, where exterior damage occurred to the Sharkey Issaquena Hospital, to Bear Lake Rd on the south end where several utility poles were snapped. The corridor of greatest damage on the west side of the city, rated high end EF3, extended from 7th St between Martin Ave and Joor Ave to 3rd St between Southern Ave and Lewis Ave. In this area, multiple homes lost most exterior walls, several more lost roofs and some walls, and even more received at least minor damage. Two fatalities occurred along 7th St when a trailer truck was tossed into a home. Through this corridor, additional debarking of trees was noted near the center of the path. Brief and minor weakening occurred as the tornado moved east of 3rd St and began to approach Deer Creek, with EF2 damage still common. Along the creek, the fire station, Rolling Fork Elementary School, and South Delta High School all sustained roof and other exterior damage. After the tornado crossed Deer Creek and began to move into the downtown area of Rolling Fork, reintensification occurred. Additional EF4 damage was noted in the block between Sharkey St and Worthington Ave and north of Collette Ave where a home and a duplex apartment were entirely demolished, with the foundation of the duplex partially swept. Large metal buildings at an agriculture business at the intersection of East St and West Ave were destroyed. A fatality occurred when a mobile home along Worthington Ave was destroyed. On Parkway Ave, a Masonic lodge was leveled and a gas station was substantially damaged. The tornado then crossed Rolling Fork Creek, damaging and destroying several structures along McLaurin St and China St. A water tower east of Hicks Ave, which was in service at the time of the tornado, was felled in a southeastward direction, perpendicular to the tornado path. In the downtown area, the roof was removed from the Rolling Fork US Post Office, portions of Rolling Fork City Hall, and portions of the Rolling Fork Police Department. The Sharkey County Courthouse received damage to the roof and some windows, with the cupola removed. Additional EF4 damage was observed as the tornado crossed Walnut St, with multiple homes and businesses having all or most walls downed. One building in this corridor was compromised by two tossed tractor trailers and another was compromised by a southward facing metal door. A fatality occurred when a mobile home off Sidney Alexander St north of Walnut St was destroyed. The tornado reached its peak intensity as it approached US Highway 61 just north of Walnut St. Multiple brick homes along Mulberry St were leveled, with debris remaining on the foundations. A discount retail chain store was completely destroyed, with much of the debris swept to the downstream side of the foundation and rowed along the tornado path. Two people died at this location. A gift/floral shop was destroyed, with most debris swept from the foundation. Additional businesses, including a lumber/hardware store, two restaurants, a furniture store, and an insurance agency were also destroyed in this area. One occupant of a truck traveling along US 61 was killed when the tornado tossed his vehicle from the highway to near the lumber/hardware store. A mobile/manufactured home park on the east side of US 61 was devastated, with all 30-35 homes destroyed. Considerable debris from these homes was rowed 300-400 yards downstream along the tornado path into an adjacent field and stand of trees. Six occupants of these homes died in the tornado. The tornado remained strong to violent as it continued northeast of Rolling Fork across mainly open fields. Through these fields, aerial imagery revealed multiple areas of ground scarring. The tornado crossed Matthews Rd near a catfish farm, where several utility poles were snapped near the ground and covered in 1 to 2 inches of mud. Some of the poles were tossed into nearby ponds. Prolific tree damage occurred along Sandy Bayou, with a few buildings along the outer edges of the path damaged and a tractor trailer flipped. Another area of EF4 damage was observed from Widow Bayou and E River Rd northeastward through Dogwood Rd and Linsey Rd. Through this corridor, extraordinary hardwood tree damage occurred with most trees completely mangled and debarking noted. There was additional evidence of trees or large parts of trees being tossed or dragged a short distance. Several utility poles were snapped, with some tossed a short distance. An outbuilding type structure off Dogwood Rd was blown away, with a school bus from the property tossed into nearby trees. Ground scarring and cycloidal marks were observed in the field between Dogwood Rd and Linsey Rd, along with mulched tree debris which was rowed into a narrow line along the center of the tornado path. Tree damage continued across Keith Rd and Charlie Pitt Rd as the tornado approached MS Highway 14. East of Anguilla along MS Highway 14, a frame home was completely destroyed. Near the home, several power poles were snapped or broken. Tree damage was extensive with large areas mowed down. A tenth of a mile east, a mobile home was rolled into nearby trees. Moving into Humphreys County, along Prudent Rd, most of the roof was taken off of a home, where the garage collapsed along with a portion of the front porch. One vehicle was flipped and another was moved. A metal workshop was destroyed and structural beams were bent. Along the road, several power poles were snapped and thrown a couple hundred feet into a nearby field. As the tornado approached and crossed Seven Mile Rd, intensity increased. Here, several metal buildings were heavily damaged or destroyed with structural beams bent. Grain bins had sides collapsed and the tops blown off. A small brick home was completely destroyed with all of the exterior walls collapsed. The home next door had a large portion of the roof removed and part of a wall had collapsed. Debris from the home was thrown several hundred feet into a nearby field. Vehicles were moved out of the garage and a large grain storage cart was thrown into the field as well. For several miles, the tornado traveled along MS Highway 149 moving toward Silver City where large areas of hardwood trees were snapped and uprooted. Multiple center pivot irrigation systems were flipped. A mobile home was completely destroyed when it was rolled into a nearby field. A portion of the roof was blown off a school. A community along the same road had several homes with significant roof damage, and at least one home had decking material partially removed. Several homes and a large metal building were severely damaged when portions of the roof were blown off. A second metal building was completely destroyed with large structural posts bent. As the tornado came into Silver City from the west along Highway 149, an apartment complex was heavily damaged. Several buildings had sections of the roof removed and one building had portions of the western walls partially collapsed. A fatality occurred in one of the single story apartment buildings. In the nearby neighborhood, numerous homes had roof damage. At least two frame homes were destroyed where one or more exterior walls collapsed. A large number of old hardwood trees were snapped or uprooted. As the storm moved east toward US 49W, more trees were snapped and uprooted. Several homes and a church near the intersection of MS Highway 14 and US 49W had areas of the roof damaged or removed. Four mobile homes were completely destroyed. One person died when a mobile home was tossed into a house, and a child died in one of the mobile homes that was destroyed. Numerous trees were snapped and uprooted, a few of which fell on homes. The rating in the Silver City area ranged from EF1-EF2. The tornado continued to track east where mostly tree damage occurred. In rural portions of Holmes County northeast of Tchula, there was substantial tree damage with swaths of snapped and uprooted trees. Several center pivot irrigation systems were overturned and grain bins were flipped or destroyed. The tornado continued to move northeast before dissipating in a wooded area north of Randall Road. The maximum estimated wind gusts in Humphreys County were 160 mph. The total path length was 59.35 miles across the four counties. An estimated 165 injuries were caused by this tornado, including 150 in Sharkey County and 15 in Humphreys County."
MS-ACTION-2023-03-25-governor-reeves-issues-state-of-emergency-following-severe,,Tate Reeves,Governor Reeves Issues State of Emergency Following Severe Storms,2023-03-25,https://governorreeves.ms.gov/wp-json/wp/v2/posts/1204,1102151,180848,2023-03-24 18:57:00,2023-03-24 19:03:00,C,county/county-equivalent,55,ISSAQUENA,Tornado,,,0,0,30.00K,0.00K,NWS Storm Survey,"In the afternoon and evening of the 24th, clusters of strong to severe storms were stretched from southwest to northeast across southeastern Arkansas as robust instability and very strong wind shear served to produce a volatile severe weather environment. To the east in Mississippi, storm activity proved to be more isolated as deep convection struggled develop across the state. With much of the area not being convectively overturned, an area of thunderstorm activity near the Mississippi River near Vicksburg, MS began to become stronger and took advantage of the open warm sector environment, well east of the competitive storm environment to the west that had thus far impeded tornado development. This area of thunderstorm activity quickly consolidated into an organized supercell and produced a family of long track, strong to violent tornadoes from the Mississippi Delta, across central Mississippi, and finally into portions of northeast Mississippi. This cyclical tornado-producing supercell was responsible for the vast majority of severe weather reports from the day and would claim 22 lives across the state. Dozens more were injured, and hundreds of homes were damaged or destroyed by these tornadoes. Having wrought widespread destruction across the area, this tornado event by most any measure represents a historic degree of devastation for the state of Mississippi and the region at large.","This long track, violent tornado began over northern |Issaquena County near Grant Rd, downing multiple trees and damaging |two older outbuildings. It tracked northeastward, producing tree |damage as it crossed the Steele Bayou Canal before crossing into |Sharkey County. At this point, the tornado began to substantially |increase in size and intensity. A very high percentage of trees were |snapped along the path through a wooded area south of Bear Lake Rd. |It was in this wooded area where the first indications of EF3 to EF4 |damage were noted, with at least one tree and root ball and several |more large tree pieces fully displaced into the downstream field. |From this point along the path in Sharkey County, there was a well |defined confluence zone in damage along the center of the tornado |track. ||On the western outskirts of the city of Rolling Fork, homes began to |be impacted with significant roof damage along Bear Lake Rd. Several |tall wooden utility transmission poles were snapped along Bear |Lake Rd and MS Highway 826. Along Pinkins Rd, each structure along|the road, including several manufactured homes and two site built|homes, was demolished. Structures on the west end of the road |were scattered radially southeastward, and structures on the east |end of the road were scattered northward. An occupant of one of |the mobile homes was critically injured during the tornado and |eventually passed away nearly four weeks later. Debarking was |observed on several hardwood trees, with only stubs of the main |branches of some trees remaining. Crossing MS 826 and along |Fleetwood Rd, an older metal building was swept away, a small home|was destroyed and numerous manufactured homes were destroyed. ||As the tornado moved into the western side of Rolling Fork, the |tornadic wind field was broad, encompassing the area from Race St, |where exterior damage occurred to the Sharkey Issaquena Hospital, to |Bear Lake Rd on the south end where several utility poles were |snapped. The corridor of greatest damage on the west side of the |city, rated high end EF3, extended from 7th St between Martin Ave |and Joor Ave to 3rd St between Southern Ave and Lewis Ave. In this |area, multiple homes lost most exterior walls, several more lost |roofs and some walls, and even more received at least minor damage. |Two fatalities occurred along 7th St when a trailer truck was tossed |into a home. Through this corridor, additional debarking of trees |was noted near the center of the path. Brief and minor weakening |occurred as the tornado moved east of 3rd St and began to approach |Deer Creek, with EF2 damage still common. Along the creek, the |fire station, Rolling Fork Elementary School, and South Delta High|School all sustained roof and other exterior damage.||After the tornado crossed Deer Creek and began to move into the |downtown area of Rolling Fork, reintensification occurred. |Additional EF4 damage was noted in the block between Sharkey St and |Worthington Ave and north of Collette Ave where a home and a duplex |apartment were entirely demolished, with the foundation of the |duplex partially swept. Large metal buildings at an agriculture |business at the intersection of East St and West Ave were destroyed. |A fatality occurred when a mobile home along Worthington Ave was |destroyed. On Parkway Ave, a Masonic lodge was leveled and a gas |station was substantially damaged. ||The tornado then crossed Rolling Fork Creek, damaging and destroying |several structures along McLaurin St and China St. A water tower |east of Hicks Ave, which was in service at the time of the tornado, |was felled in a southeastward direction, perpendicular to the |tornado path. In the downtown area, the roof was removed from the |Rolling Fork US Post Office, portions of Rolling Fork City Hall, and |portions of the Rolling Fork Police Department. The Sharkey County |Courthouse received damage to the roof and some windows, with the |cupola removed. Additional EF4 damage was observed as the tornado |crossed Walnut St, with multiple homes and businesses having all or |most walls downed. One building in this corridor was compromised by |two tossed tractor trailers and another was compromised by a |southward facing metal door. A fatality occurred when a mobile home |off Sidney Alexander St north of Walnut St was destroyed.||The tornado reached its peak intensity as it approached US Highway |61 just north of Walnut St. Multiple brick homes along Mulberry St |were leveled, with debris remaining on the foundations. A discount |retail chain store was completely destroyed, with much of the debris |swept to the downstream side of the foundation and rowed along the |tornado path. Two people died at this location. A gift/floral shop |was destroyed, with most debris swept from the foundation. |Additional businesses, including a lumber/hardware store, two |restaurants, a furniture store, and an insurance agency were also |destroyed in this area. One occupant of a truck traveling along US |61 was killed when the tornado tossed his vehicle from the highway |to near the lumber/hardware store. A mobile/manufactured home park |on the east side of US 61 was devastated, with all 30-35 homes |destroyed. Considerable debris from these homes was rowed 300-400|yards downstream along the tornado path into an adjacent field |and stand of trees. Six occupants of these homes died in the |tornado.||The tornado remained strong to violent as it continued northeast of |Rolling Fork across mainly open fields. Through these fields, aerial |imagery revealed multiple areas of ground scarring. The tornado |crossed Matthews Rd near a catfish farm, where several utility poles |were snapped near the ground and covered in 1 to 2 inches of mud. |Some of the poles were tossed into nearby ponds. Prolific tree |damage occurred along Sandy Bayou, with a few buildings along the |outer edges of the path damaged and a tractor trailer flipped. |Another area of EF4 damage was observed from Widow Bayou and E River |Rd northeastward through Dogwood Rd and Linsey Rd. Through this |corridor, extraordinary hardwood tree damage occurred with most |trees completely mangled and debarking noted. There was additional |evidence of trees or large parts of trees being tossed or dragged a |short distance. Several utility poles were snapped, with some tossed |a short distance. An outbuilding type structure off Dogwood Rd was |blown away, with a school bus from the property tossed into nearby |trees. Ground scarring and cycloidal marks were observed in the |field between Dogwood Rd and Linsey Rd, along with mulched tree |debris which was rowed into a narrow line along the center of the |tornado path. Tree damage continued across Keith Rd and Charlie Pitt |Rd as the tornado approached MS Highway 14.||East of Anguilla along MS Highway 14, a frame home was completely|destroyed. Near the home, several power poles were snapped or |broken. Tree damage was extensive with large areas mowed down. A |tenth of a mile east, a mobile home was rolled into nearby trees. |Moving into Humphreys County, along Prudent Rd, most of the roof |was taken off of a home, where the garage collapsed along with a |portion of the front porch. One vehicle was flipped and another |was moved. A metal workshop was destroyed and structural beams |were bent. Along the road, several power poles were snapped and |thrown a couple hundred feet into a nearby field. As the tornado |approached and crossed Seven Mile Rd, intensity increased. Here, |several metal buildings were heavily damaged or destroyed with |structural beams bent. Grain bins had sides collapsed and the tops|blown off. A small brick home was completely destroyed with all |of the exterior walls collapsed. The home next door had a large |portion of the roof removed and part of a wall had collapsed. |Debris from the home was thrown several hundred feet into a nearby|field. Vehicles were moved out of the garage and a large grain |storage cart was thrown into the field as well. ||For several miles, the tornado traveled along MS Highway 149 |moving toward Silver City where large areas of hardwood trees were|snapped and uprooted. Multiple center pivot irrigation systems |were flipped. A mobile home was completely destroyed when it was |rolled into a nearby field. A portion of the roof was blown off a |school. A community along the same road had several homes with |significant roof damage, and at least one home had decking |material partially removed. Several homes and a large metal |building were severely damaged when portions of the roof were |blown off. A second metal building was completely destroyed with |large structural posts bent. ||As the tornado came into Silver City from the west along Highway |149, an apartment complex was heavily damaged. Several buildings |had sections of the roof removed and one building had portions of |the western walls partially collapsed. A fatality occurred in one|of the single story apartment buildings. In the nearby |neighborhood, numerous homes had roof damage. At least two frame |homes were destroyed where one or more exterior walls collapsed. A|large number of old hardwood trees were snapped or uprooted. As |the storm moved east toward US 49W, more trees were snapped and |uprooted. Several homes and a church near the intersection of |MS Highway 14 and US 49W had areas of the roof damaged or |removed. Four mobile homes were completely destroyed. One person |died when a mobile home was tossed into a house, and a child died|in one of the mobile homes that was destroyed. Numerous trees |were snapped and uprooted, a few of which fell on homes. The |rating in the Silver City area ranged from EF1-EF2. ||The tornado continued to track east where mostly tree damage |occurred. In rural portions of Holmes County northeast of Tchula, |there was substantial tree damage with swaths of snapped and |uprooted trees. Several center pivot irrigation systems were |overturned and grain bins were flipped or destroyed. The tornado |continued to move northeast before dissipating in a wooded area |north of Randall Road. The maximum estimated wind gusts in Issaquena County were 95 mph. The total path length was 59.35 miles across the four counties. An estimated 165 injuries were caused by this tornado, including 150 in Sharkey County and 15 in Humphreys County."
MS-ACTION-2023-03-25-governor-reeves-issues-state-of-emergency-following-severe,,Tate Reeves,Governor Reeves Issues State of Emergency Following Severe Storms,2023-03-25,https://governorreeves.ms.gov/wp-json/wp/v2/posts/1204,1087421,178596,2023-03-24 22:04:00,2023-03-24 22:09:00,C,county/county-equivalent,57,ITAWAMBA,Tornado,,,0,0,25.00K,0.00K,NWS Storm Survey,"The first significant event to produce widespread severe weather across the Mid-South for 2023 occurred on March 24, during the afternoon and evening hours.  This severe weather episode occurred mainly over portions of the Lower Mississippi and Tennessee Valleys. Surface analysis for this day depicted a quasi-stationary boundary from the Mid-Atlantic States and Ohio Valley through northern portions of West Tennessee and Arkansas and stretching back through Central Texas. Low pressure tracked along the stalled front into southeast Missouri during the evening. Meanwhile, a potent mid-level trough ejected out of the southwest U.S. Upper air analysis indicated the Lower Mississippi Valley was in the right entrance region of a strong 300 mb upper-level jet streak. This produced sufficient upper-level divergence and lift needed for severe thunderstorm development. ||Moderate instability combined with strong wind shear resulted in a QLCS (Quasi-Linear Convective System) convective mode. This northern part of the QLCS initially started over Western Arkansas Friday afternoon and moved east into Eastern Arkansas by early evening and then across West Tennessee. The northern part of QLCS produced scattered wind damage, flash flooding, and a weak tornado.  The southern end of this QLCS scraped across north Mississippi with numerous reports of flash flooding, damaging winds, and several weak tornadoes. ||The most significant storm of the night occurred during the late evening hours of March 24, as thunderstorms developing in advance of the QLCS streamed northeast Calhoun and Chickasaw Counties. A tight and small circulation developed in Chickasaw County (MS) about 5 miles east-northeast of Trebloc and quickly grew in strength as it moved into Monroe County (MS), producing significant damage from New Wren to Amory and Smithville, with the most significant damage occurring in Amory.",A tornado crossed from northern Monroe County into southern Itawamba County. Tree damage became more intermittent as the tornado moved into southern Itawamba County with additional trees down across State Line Road. The tornado finally lifted as it approached Wilson Road. Peak winds were estimated at 90 mph in Itawamba County.
MS-ACTION-2023-03-25-governor-reeves-issues-state-of-emergency-following-severe,,Tate Reeves,Governor Reeves Issues State of Emergency Following Severe Storms,2023-03-25,https://governorreeves.ms.gov/wp-json/wp/v2/posts/1204,1106558,181723,2023-03-26 17:45:00,2023-03-26 17:45:00,C,county/county-equivalent,61,JASPER,Thunderstorm Wind,52.0,EG,0,0,15.00K,0.00K,Emergency Manager,"On Sunday, March 26th 2023 the juxtaposition of high instability and strong mid and upper level shear was confined to central and southern Mississippi. A few predawn supercell thunderstorms developed along an eastward moving line with a break in activity through the remainder of the morning. Heating during the day resulted in vigorous redevelopment by afternoon. Near interstate 20, a stalled composite outflow boundary/cold front was lingering in the area and separated the unstable environment from a cooler, stable airmass to the north. The environment supported numerous supercell thunderstorms which produced swaths of large to very large hail, some as large as baseballs (2.75 inch), with much of the destructive hail confined to the vicinity of the boundary. A few of these storms would also produce damaging wind gusts.",Roof blown off old tire store causing some minor damage to a church.
MS-ACTION-2023-03-25-governor-reeves-issues-state-of-emergency-following-severe,,Tate Reeves,Governor Reeves Issues State of Emergency Following Severe Storms,2023-03-25,https://governorreeves.ms.gov/wp-json/wp/v2/posts/1204,1106560,181723,2023-03-26 17:50:00,2023-03-26 17:50:00,C,county/county-equivalent,61,JASPER,Hail,1.0,,0,0,100.00K,0.00K,Public,"On Sunday, March 26th 2023 the juxtaposition of high instability and strong mid and upper level shear was confined to central and southern Mississippi. A few predawn supercell thunderstorms developed along an eastward moving line with a break in activity through the remainder of the morning. Heating during the day resulted in vigorous redevelopment by afternoon. Near interstate 20, a stalled composite outflow boundary/cold front was lingering in the area and separated the unstable environment from a cooler, stable airmass to the north. The environment supported numerous supercell thunderstorms which produced swaths of large to very large hail, some as large as baseballs (2.75 inch), with much of the destructive hail confined to the vicinity of the boundary. A few of these storms would also produce damaging wind gusts.",Hail as large as 1 inch fell.
MS-ACTION-2023-03-25-governor-reeves-issues-state-of-emergency-following-severe,,Tate Reeves,Governor Reeves Issues State of Emergency Following Severe Storms,2023-03-25,https://governorreeves.ms.gov/wp-json/wp/v2/posts/1204,1106554,181723,2023-03-26 17:37:00,2023-03-26 17:37:00,C,county/county-equivalent,65,JEFFERSON DAVIS,Hail,2.5,,0,0,150.00K,0.00K,Public,"On Sunday, March 26th 2023 the juxtaposition of high instability and strong mid and upper level shear was confined to central and southern Mississippi. A few predawn supercell thunderstorms developed along an eastward moving line with a break in activity through the remainder of the morning. Heating during the day resulted in vigorous redevelopment by afternoon. Near interstate 20, a stalled composite outflow boundary/cold front was lingering in the area and separated the unstable environment from a cooler, stable airmass to the north. The environment supported numerous supercell thunderstorms which produced swaths of large to very large hail, some as large as baseballs (2.75 inch), with much of the destructive hail confined to the vicinity of the boundary. A few of these storms would also produce damaging wind gusts.","Tennis ball size hail fell on Highway 13, two miles north of Prentiss."
MS-ACTION-2023-03-25-governor-reeves-issues-state-of-emergency-following-severe,,Tate Reeves,Governor Reeves Issues State of Emergency Following Severe Storms,2023-03-25,https://governorreeves.ms.gov/wp-json/wp/v2/posts/1204,1106577,181723,2023-03-26 18:25:00,2023-03-26 18:25:00,C,county/county-equivalent,67,JONES,Hail,1.0,,0,0,150.00K,0.00K,Emergency Manager,"On Sunday, March 26th 2023 the juxtaposition of high instability and strong mid and upper level shear was confined to central and southern Mississippi. A few predawn supercell thunderstorms developed along an eastward moving line with a break in activity through the remainder of the morning. Heating during the day resulted in vigorous redevelopment by afternoon. Near interstate 20, a stalled composite outflow boundary/cold front was lingering in the area and separated the unstable environment from a cooler, stable airmass to the north. The environment supported numerous supercell thunderstorms which produced swaths of large to very large hail, some as large as baseballs (2.75 inch), with much of the destructive hail confined to the vicinity of the boundary. A few of these storms would also produce damaging wind gusts.",Quarter sized hail was reported in Soso.
MS-ACTION-2023-03-25-governor-reeves-issues-state-of-emergency-following-severe,,Tate Reeves,Governor Reeves Issues State of Emergency Following Severe Storms,2023-03-25,https://governorreeves.ms.gov/wp-json/wp/v2/posts/1204,1087444,178596,2023-03-24 19:47:00,2023-03-24 19:48:00,C,county/county-equivalent,71,LAFAYETTE,Thunderstorm Wind,74.0,EG,0,0,10.00K,0.00K,NWS Storm Survey,"The first significant event to produce widespread severe weather across the Mid-South for 2023 occurred on March 24, during the afternoon and evening hours.  This severe weather episode occurred mainly over portions of the Lower Mississippi and Tennessee Valleys. Surface analysis for this day depicted a quasi-stationary boundary from the Mid-Atlantic States and Ohio Valley through northern portions of West Tennessee and Arkansas and stretching back through Central Texas. Low pressure tracked along the stalled front into southeast Missouri during the evening. Meanwhile, a potent mid-level trough ejected out of the southwest U.S. Upper air analysis indicated the Lower Mississippi Valley was in the right entrance region of a strong 300 mb upper-level jet streak. This produced sufficient upper-level divergence and lift needed for severe thunderstorm development. ||Moderate instability combined with strong wind shear resulted in a QLCS (Quasi-Linear Convective System) convective mode. This northern part of the QLCS initially started over Western Arkansas Friday afternoon and moved east into Eastern Arkansas by early evening and then across West Tennessee. The northern part of QLCS produced scattered wind damage, flash flooding, and a weak tornado.  The southern end of this QLCS scraped across north Mississippi with numerous reports of flash flooding, damaging winds, and several weak tornadoes. ||The most significant storm of the night occurred during the late evening hours of March 24, as thunderstorms developing in advance of the QLCS streamed northeast Calhoun and Chickasaw Counties. A tight and small circulation developed in Chickasaw County (MS) about 5 miles east-northeast of Trebloc and quickly grew in strength as it moved into Monroe County (MS), producing significant damage from New Wren to Amory and Smithville, with the most significant damage occurring in Amory.",The rear flank down draft from a nearby tornado damaged an outbuilding and uprooted trees along County Road 317.
MS-ACTION-2023-03-25-governor-reeves-issues-state-of-emergency-following-severe,,Tate Reeves,Governor Reeves Issues State of Emergency Following Severe Storms,2023-03-25,https://governorreeves.ms.gov/wp-json/wp/v2/posts/1204,1087340,178596,2023-03-24 19:48:00,2023-03-24 19:51:00,C,county/county-equivalent,71,LAFAYETTE,Tornado,,,0,0,70.00K,0.00K,NWS Storm Survey,"The first significant event to produce widespread severe weather across the Mid-South for 2023 occurred on March 24, during the afternoon and evening hours.  This severe weather episode occurred mainly over portions of the Lower Mississippi and Tennessee Valleys. Surface analysis for this day depicted a quasi-stationary boundary from the Mid-Atlantic States and Ohio Valley through northern portions of West Tennessee and Arkansas and stretching back through Central Texas. Low pressure tracked along the stalled front into southeast Missouri during the evening. Meanwhile, a potent mid-level trough ejected out of the southwest U.S. Upper air analysis indicated the Lower Mississippi Valley was in the right entrance region of a strong 300 mb upper-level jet streak. This produced sufficient upper-level divergence and lift needed for severe thunderstorm development. ||Moderate instability combined with strong wind shear resulted in a QLCS (Quasi-Linear Convective System) convective mode. This northern part of the QLCS initially started over Western Arkansas Friday afternoon and moved east into Eastern Arkansas by early evening and then across West Tennessee. The northern part of QLCS produced scattered wind damage, flash flooding, and a weak tornado.  The southern end of this QLCS scraped across north Mississippi with numerous reports of flash flooding, damaging winds, and several weak tornadoes. ||The most significant storm of the night occurred during the late evening hours of March 24, as thunderstorms developing in advance of the QLCS streamed northeast Calhoun and Chickasaw Counties. A tight and small circulation developed in Chickasaw County (MS) about 5 miles east-northeast of Trebloc and quickly grew in strength as it moved into Monroe County (MS), producing significant damage from New Wren to Amory and Smithville, with the most significant damage occurring in Amory.","This tornado moved from Panola County into LaFayette County. The tornado generally followed County Road 317 and caused sporadic, but significant, tree damage from Murphy Ridge Road to County Road 362. Minor structural damage was noted along the path, mainly to barns and outbuildings. Peak winds in LaFayette County were estimated at 100 mph."
MS-ACTION-2023-03-25-governor-reeves-issues-state-of-emergency-following-severe,,Tate Reeves,Governor Reeves Issues State of Emergency Following Severe Storms,2023-03-25,https://governorreeves.ms.gov/wp-json/wp/v2/posts/1204,1087359,178596,2023-03-24 19:57:00,2023-03-24 20:02:00,C,county/county-equivalent,71,LAFAYETTE,Thunderstorm Wind,50.0,EG,0,0,10.00K,0.00K,Emergency Manager,"The first significant event to produce widespread severe weather across the Mid-South for 2023 occurred on March 24, during the afternoon and evening hours.  This severe weather episode occurred mainly over portions of the Lower Mississippi and Tennessee Valleys. Surface analysis for this day depicted a quasi-stationary boundary from the Mid-Atlantic States and Ohio Valley through northern portions of West Tennessee and Arkansas and stretching back through Central Texas. Low pressure tracked along the stalled front into southeast Missouri during the evening. Meanwhile, a potent mid-level trough ejected out of the southwest U.S. Upper air analysis indicated the Lower Mississippi Valley was in the right entrance region of a strong 300 mb upper-level jet streak. This produced sufficient upper-level divergence and lift needed for severe thunderstorm development. ||Moderate instability combined with strong wind shear resulted in a QLCS (Quasi-Linear Convective System) convective mode. This northern part of the QLCS initially started over Western Arkansas Friday afternoon and moved east into Eastern Arkansas by early evening and then across West Tennessee. The northern part of QLCS produced scattered wind damage, flash flooding, and a weak tornado.  The southern end of this QLCS scraped across north Mississippi with numerous reports of flash flooding, damaging winds, and several weak tornadoes. ||The most significant storm of the night occurred during the late evening hours of March 24, as thunderstorms developing in advance of the QLCS streamed northeast Calhoun and Chickasaw Counties. A tight and small circulation developed in Chickasaw County (MS) about 5 miles east-northeast of Trebloc and quickly grew in strength as it moved into Monroe County (MS), producing significant damage from New Wren to Amory and Smithville, with the most significant damage occurring in Amory.",A tree was knocked down on a house on County Road 104 north of Oxford.
MS-ACTION-2023-03-25-governor-reeves-issues-state-of-emergency-following-severe,,Tate Reeves,Governor Reeves Issues State of Emergency Following Severe Storms,2023-03-25,https://governorreeves.ms.gov/wp-json/wp/v2/posts/1204,1087461,178596,2023-03-24 20:00:00,2023-03-24 20:05:00,C,county/county-equivalent,71,LAFAYETTE,Hail,1.0,,0,0,0.00K,0.00K,Trained Spotter,"The first significant event to produce widespread severe weather across the Mid-South for 2023 occurred on March 24, during the afternoon and evening hours.  This severe weather episode occurred mainly over portions of the Lower Mississippi and Tennessee Valleys. Surface analysis for this day depicted a quasi-stationary boundary from the Mid-Atlantic States and Ohio Valley through northern portions of West Tennessee and Arkansas and stretching back through Central Texas. Low pressure tracked along the stalled front into southeast Missouri during the evening. Meanwhile, a potent mid-level trough ejected out of the southwest U.S. Upper air analysis indicated the Lower Mississippi Valley was in the right entrance region of a strong 300 mb upper-level jet streak. This produced sufficient upper-level divergence and lift needed for severe thunderstorm development. ||Moderate instability combined with strong wind shear resulted in a QLCS (Quasi-Linear Convective System) convective mode. This northern part of the QLCS initially started over Western Arkansas Friday afternoon and moved east into Eastern Arkansas by early evening and then across West Tennessee. The northern part of QLCS produced scattered wind damage, flash flooding, and a weak tornado.  The southern end of this QLCS scraped across north Mississippi with numerous reports of flash flooding, damaging winds, and several weak tornadoes. ||The most significant storm of the night occurred during the late evening hours of March 24, as thunderstorms developing in advance of the QLCS streamed northeast Calhoun and Chickasaw Counties. A tight and small circulation developed in Chickasaw County (MS) about 5 miles east-northeast of Trebloc and quickly grew in strength as it moved into Monroe County (MS), producing significant damage from New Wren to Amory and Smithville, with the most significant damage occurring in Amory.",
MS-ACTION-2023-03-25-governor-reeves-issues-state-of-emergency-following-severe,,Tate Reeves,Governor Reeves Issues State of Emergency Following Severe Storms,2023-03-25,https://governorreeves.ms.gov/wp-json/wp/v2/posts/1204,1086754,178596,2023-03-24 21:18:00,2023-03-24 22:18:00,C,county/county-equivalent,71,LAFAYETTE,Flash Flood,,,0,0,0.00K,0.00K,Emergency Manager,"The first significant event to produce widespread severe weather across the Mid-South for 2023 occurred on March 24, during the afternoon and evening hours.  This severe weather episode occurred mainly over portions of the Lower Mississippi and Tennessee Valleys. Surface analysis for this day depicted a quasi-stationary boundary from the Mid-Atlantic States and Ohio Valley through northern portions of West Tennessee and Arkansas and stretching back through Central Texas. Low pressure tracked along the stalled front into southeast Missouri during the evening. Meanwhile, a potent mid-level trough ejected out of the southwest U.S. Upper air analysis indicated the Lower Mississippi Valley was in the right entrance region of a strong 300 mb upper-level jet streak. This produced sufficient upper-level divergence and lift needed for severe thunderstorm development. ||Moderate instability combined with strong wind shear resulted in a QLCS (Quasi-Linear Convective System) convective mode. This northern part of the QLCS initially started over Western Arkansas Friday afternoon and moved east into Eastern Arkansas by early evening and then across West Tennessee. The northern part of QLCS produced scattered wind damage, flash flooding, and a weak tornado.  The southern end of this QLCS scraped across north Mississippi with numerous reports of flash flooding, damaging winds, and several weak tornadoes. ||The most significant storm of the night occurred during the late evening hours of March 24, as thunderstorms developing in advance of the QLCS streamed northeast Calhoun and Chickasaw Counties. A tight and small circulation developed in Chickasaw County (MS) about 5 miles east-northeast of Trebloc and quickly grew in strength as it moved into Monroe County (MS), producing significant damage from New Wren to Amory and Smithville, with the most significant damage occurring in Amory.",Flash flooding occurred in the Twelve Oaks Subdivision northwest of Oxford. Water was several feet deep on Ohara Road.
MS-ACTION-2023-03-25-governor-reeves-issues-state-of-emergency-following-severe,,Tate Reeves,Governor Reeves Issues State of Emergency Following Severe Storms,2023-03-25,https://governorreeves.ms.gov/wp-json/wp/v2/posts/1204,1106442,181723,2023-03-26 03:23:00,2023-03-26 03:39:00,C,county/county-equivalent,75,LAUDERDALE,Hail,1.25,,0,0,750.00K,0.00K,Public,"On Sunday, March 26th 2023 the juxtaposition of high instability and strong mid and upper level shear was confined to central and southern Mississippi. A few predawn supercell thunderstorms developed along an eastward moving line with a break in activity through the remainder of the morning. Heating during the day resulted in vigorous redevelopment by afternoon. Near interstate 20, a stalled composite outflow boundary/cold front was lingering in the area and separated the unstable environment from a cooler, stable airmass to the north. The environment supported numerous supercell thunderstorms which produced swaths of large to very large hail, some as large as baseballs (2.75 inch), with much of the destructive hail confined to the vicinity of the boundary. A few of these storms would also produce damaging wind gusts.",A swath of hail as large as 1.25 inches fell across the area. A few vehicles were dented.
MS-ACTION-2023-03-25-governor-reeves-issues-state-of-emergency-following-severe,,Tate Reeves,Governor Reeves Issues State of Emergency Following Severe Storms,2023-03-25,https://governorreeves.ms.gov/wp-json/wp/v2/posts/1204,1106498,181723,2023-03-26 16:23:00,2023-03-26 16:23:00,C,county/county-equivalent,75,LAUDERDALE,Hail,1.0,,0,0,30.00K,0.00K,Public,"On Sunday, March 26th 2023 the juxtaposition of high instability and strong mid and upper level shear was confined to central and southern Mississippi. A few predawn supercell thunderstorms developed along an eastward moving line with a break in activity through the remainder of the morning. Heating during the day resulted in vigorous redevelopment by afternoon. Near interstate 20, a stalled composite outflow boundary/cold front was lingering in the area and separated the unstable environment from a cooler, stable airmass to the north. The environment supported numerous supercell thunderstorms which produced swaths of large to very large hail, some as large as baseballs (2.75 inch), with much of the destructive hail confined to the vicinity of the boundary. A few of these storms would also produce damaging wind gusts.",Nickel to quarter sized hail fell in the area.
MS-ACTION-2023-03-25-governor-reeves-issues-state-of-emergency-following-severe,,Tate Reeves,Governor Reeves Issues State of Emergency Following Severe Storms,2023-03-25,https://governorreeves.ms.gov/wp-json/wp/v2/posts/1204,1106499,181723,2023-03-26 16:52:00,2023-03-26 16:52:00,C,county/county-equivalent,75,LAUDERDALE,Hail,2.0,,0,0,100.00K,0.00K,Public,"On Sunday, March 26th 2023 the juxtaposition of high instability and strong mid and upper level shear was confined to central and southern Mississippi. A few predawn supercell thunderstorms developed along an eastward moving line with a break in activity through the remainder of the morning. Heating during the day resulted in vigorous redevelopment by afternoon. Near interstate 20, a stalled composite outflow boundary/cold front was lingering in the area and separated the unstable environment from a cooler, stable airmass to the north. The environment supported numerous supercell thunderstorms which produced swaths of large to very large hail, some as large as baseballs (2.75 inch), with much of the destructive hail confined to the vicinity of the boundary. A few of these storms would also produce damaging wind gusts.",Hail as large as 2 inches fell.
MS-ACTION-2023-03-25-governor-reeves-issues-state-of-emergency-following-severe,,Tate Reeves,Governor Reeves Issues State of Emergency Following Severe Storms,2023-03-25,https://governorreeves.ms.gov/wp-json/wp/v2/posts/1204,1106500,181723,2023-03-26 16:53:00,2023-03-26 16:53:00,C,county/county-equivalent,75,LAUDERDALE,Hail,1.0,,0,0,20.00K,0.00K,Trained Spotter,"On Sunday, March 26th 2023 the juxtaposition of high instability and strong mid and upper level shear was confined to central and southern Mississippi. A few predawn supercell thunderstorms developed along an eastward moving line with a break in activity through the remainder of the morning. Heating during the day resulted in vigorous redevelopment by afternoon. Near interstate 20, a stalled composite outflow boundary/cold front was lingering in the area and separated the unstable environment from a cooler, stable airmass to the north. The environment supported numerous supercell thunderstorms which produced swaths of large to very large hail, some as large as baseballs (2.75 inch), with much of the destructive hail confined to the vicinity of the boundary. A few of these storms would also produce damaging wind gusts.",Hail as large as quarters fell.
MS-ACTION-2023-03-25-governor-reeves-issues-state-of-emergency-following-severe,,Tate Reeves,Governor Reeves Issues State of Emergency Following Severe Storms,2023-03-25,https://governorreeves.ms.gov/wp-json/wp/v2/posts/1204,1106548,181723,2023-03-26 17:15:00,2023-03-26 17:15:00,C,county/county-equivalent,75,LAUDERDALE,Hail,1.25,,0,0,30.00K,0.00K,Emergency Manager,"On Sunday, March 26th 2023 the juxtaposition of high instability and strong mid and upper level shear was confined to central and southern Mississippi. A few predawn supercell thunderstorms developed along an eastward moving line with a break in activity through the remainder of the morning. Heating during the day resulted in vigorous redevelopment by afternoon. Near interstate 20, a stalled composite outflow boundary/cold front was lingering in the area and separated the unstable environment from a cooler, stable airmass to the north. The environment supported numerous supercell thunderstorms which produced swaths of large to very large hail, some as large as baseballs (2.75 inch), with much of the destructive hail confined to the vicinity of the boundary. A few of these storms would also produce damaging wind gusts.",Hail up the the size of half dollars (1.25) fell.
MS-ACTION-2023-03-25-governor-reeves-issues-state-of-emergency-following-severe,,Tate Reeves,Governor Reeves Issues State of Emergency Following Severe Storms,2023-03-25,https://governorreeves.ms.gov/wp-json/wp/v2/posts/1204,1106562,181723,2023-03-26 18:08:00,2023-03-26 18:08:00,C,county/county-equivalent,75,LAUDERDALE,Thunderstorm Wind,52.0,EG,0,0,5.00K,0.00K,Broadcast Media,"On Sunday, March 26th 2023 the juxtaposition of high instability and strong mid and upper level shear was confined to central and southern Mississippi. A few predawn supercell thunderstorms developed along an eastward moving line with a break in activity through the remainder of the morning. Heating during the day resulted in vigorous redevelopment by afternoon. Near interstate 20, a stalled composite outflow boundary/cold front was lingering in the area and separated the unstable environment from a cooler, stable airmass to the north. The environment supported numerous supercell thunderstorms which produced swaths of large to very large hail, some as large as baseballs (2.75 inch), with much of the destructive hail confined to the vicinity of the boundary. A few of these storms would also produce damaging wind gusts.",A tree was downed on a house near 10th street. No injuries occurred as family was not home at the time.
MS-ACTION-2023-03-25-governor-reeves-issues-state-of-emergency-following-severe,,Tate Reeves,Governor Reeves Issues State of Emergency Following Severe Storms,2023-03-25,https://governorreeves.ms.gov/wp-json/wp/v2/posts/1204,1106563,181723,2023-03-26 18:08:00,2023-03-26 18:08:00,C,county/county-equivalent,75,LAUDERDALE,Thunderstorm Wind,52.0,EG,0,0,10.00K,0.00K,Broadcast Media,"On Sunday, March 26th 2023 the juxtaposition of high instability and strong mid and upper level shear was confined to central and southern Mississippi. A few predawn supercell thunderstorms developed along an eastward moving line with a break in activity through the remainder of the morning. Heating during the day resulted in vigorous redevelopment by afternoon. Near interstate 20, a stalled composite outflow boundary/cold front was lingering in the area and separated the unstable environment from a cooler, stable airmass to the north. The environment supported numerous supercell thunderstorms which produced swaths of large to very large hail, some as large as baseballs (2.75 inch), with much of the destructive hail confined to the vicinity of the boundary. A few of these storms would also produce damaging wind gusts.",Multiple trees and powerlines down across Highway 39 n near Old Country Club Road.
MS-ACTION-2023-03-25-governor-reeves-issues-state-of-emergency-following-severe,,Tate Reeves,Governor Reeves Issues State of Emergency Following Severe Storms,2023-03-25,https://governorreeves.ms.gov/wp-json/wp/v2/posts/1204,1106568,181723,2023-03-26 18:10:00,2023-03-26 18:10:00,C,county/county-equivalent,75,LAUDERDALE,Thunderstorm Wind,52.0,EG,0,0,20.00K,0.00K,Broadcast Media,"On Sunday, March 26th 2023 the juxtaposition of high instability and strong mid and upper level shear was confined to central and southern Mississippi. A few predawn supercell thunderstorms developed along an eastward moving line with a break in activity through the remainder of the morning. Heating during the day resulted in vigorous redevelopment by afternoon. Near interstate 20, a stalled composite outflow boundary/cold front was lingering in the area and separated the unstable environment from a cooler, stable airmass to the north. The environment supported numerous supercell thunderstorms which produced swaths of large to very large hail, some as large as baseballs (2.75 inch), with much of the destructive hail confined to the vicinity of the boundary. A few of these storms would also produce damaging wind gusts.",Multiple trees and powerlines were downed near Meridian high school.
MS-ACTION-2023-03-25-governor-reeves-issues-state-of-emergency-following-severe,,Tate Reeves,Governor Reeves Issues State of Emergency Following Severe Storms,2023-03-25,https://governorreeves.ms.gov/wp-json/wp/v2/posts/1204,1106573,181723,2023-03-26 18:13:00,2023-03-26 18:13:00,C,county/county-equivalent,75,LAUDERDALE,Thunderstorm Wind,52.0,EG,0,0,25.00K,0.00K,Other Federal Agency,"On Sunday, March 26th 2023 the juxtaposition of high instability and strong mid and upper level shear was confined to central and southern Mississippi. A few predawn supercell thunderstorms developed along an eastward moving line with a break in activity through the remainder of the morning. Heating during the day resulted in vigorous redevelopment by afternoon. Near interstate 20, a stalled composite outflow boundary/cold front was lingering in the area and separated the unstable environment from a cooler, stable airmass to the north. The environment supported numerous supercell thunderstorms which produced swaths of large to very large hail, some as large as baseballs (2.75 inch), with much of the destructive hail confined to the vicinity of the boundary. A few of these storms would also produce damaging wind gusts.",Roof damage and downed trees were observed at Meridian NAS.
MS-ACTION-2023-03-25-governor-reeves-issues-state-of-emergency-following-severe,,Tate Reeves,Governor Reeves Issues State of Emergency Following Severe Storms,2023-03-25,https://governorreeves.ms.gov/wp-json/wp/v2/posts/1204,1106570,181723,2023-03-26 18:20:00,2023-03-26 18:20:00,C,county/county-equivalent,75,LAUDERDALE,Thunderstorm Wind,52.0,EG,0,0,20.00K,0.00K,Broadcast Media,"On Sunday, March 26th 2023 the juxtaposition of high instability and strong mid and upper level shear was confined to central and southern Mississippi. A few predawn supercell thunderstorms developed along an eastward moving line with a break in activity through the remainder of the morning. Heating during the day resulted in vigorous redevelopment by afternoon. Near interstate 20, a stalled composite outflow boundary/cold front was lingering in the area and separated the unstable environment from a cooler, stable airmass to the north. The environment supported numerous supercell thunderstorms which produced swaths of large to very large hail, some as large as baseballs (2.75 inch), with much of the destructive hail confined to the vicinity of the boundary. A few of these storms would also produce damaging wind gusts.",Tree down on Causeyvile Road resulted in a vehicle crashing into it. Powerlines were also downed in the area.
MS-ACTION-2023-03-25-governor-reeves-issues-state-of-emergency-following-severe,,Tate Reeves,Governor Reeves Issues State of Emergency Following Severe Storms,2023-03-25,https://governorreeves.ms.gov/wp-json/wp/v2/posts/1204,1086755,178596,2023-03-24 20:45:00,2023-03-24 20:57:00,C,county/county-equivalent,81,LEE,Tornado,,,0,0,300.00K,0.00K,NWS Storm Survey,"The first significant event to produce widespread severe weather across the Mid-South for 2023 occurred on March 24, during the afternoon and evening hours.  This severe weather episode occurred mainly over portions of the Lower Mississippi and Tennessee Valleys. Surface analysis for this day depicted a quasi-stationary boundary from the Mid-Atlantic States and Ohio Valley through northern portions of West Tennessee and Arkansas and stretching back through Central Texas. Low pressure tracked along the stalled front into southeast Missouri during the evening. Meanwhile, a potent mid-level trough ejected out of the southwest U.S. Upper air analysis indicated the Lower Mississippi Valley was in the right entrance region of a strong 300 mb upper-level jet streak. This produced sufficient upper-level divergence and lift needed for severe thunderstorm development. ||Moderate instability combined with strong wind shear resulted in a QLCS (Quasi-Linear Convective System) convective mode. This northern part of the QLCS initially started over Western Arkansas Friday afternoon and moved east into Eastern Arkansas by early evening and then across West Tennessee. The northern part of QLCS produced scattered wind damage, flash flooding, and a weak tornado.  The southern end of this QLCS scraped across north Mississippi with numerous reports of flash flooding, damaging winds, and several weak tornadoes. ||The most significant storm of the night occurred during the late evening hours of March 24, as thunderstorms developing in advance of the QLCS streamed northeast Calhoun and Chickasaw Counties. A tight and small circulation developed in Chickasaw County (MS) about 5 miles east-northeast of Trebloc and quickly grew in strength as it moved into Monroe County (MS), producing significant damage from New Wren to Amory and Smithville, with the most significant damage occurring in Amory.","The tornado initially touched down just east of the Lee and Union County border at the intersection of County Roads 251 and 2250. A house sustained minor roof damage and had its carport destroyed. The majority of the track was highlighted by snapped and/or uprooted trees, outbuilding damage, and minor roof damage to several homes. The most significant damage occurred near the railroad tracks on Main Street in Guntown, where two large sheds were destroyed and an adjacent house had its wall shifted. The tornado then tracked northeastward to the north side of Five County Sportsman Lake where several trees were damaged. Intermittent damage continued into the northeast portion of the county before dissipating near the Prentiss and Lee County line. Peak winds were estimated at 100 mph."
MS-ACTION-2023-03-25-governor-reeves-issues-state-of-emergency-following-severe,,Tate Reeves,Governor Reeves Issues State of Emergency Following Severe Storms,2023-03-25,https://governorreeves.ms.gov/wp-json/wp/v2/posts/1204,1086757,178596,2023-03-24 20:50:00,2023-03-24 20:52:00,C,county/county-equivalent,81,LEE,Thunderstorm Wind,55.0,EG,0,0,30.00K,0.00K,Public,"The first significant event to produce widespread severe weather across the Mid-South for 2023 occurred on March 24, during the afternoon and evening hours.  This severe weather episode occurred mainly over portions of the Lower Mississippi and Tennessee Valleys. Surface analysis for this day depicted a quasi-stationary boundary from the Mid-Atlantic States and Ohio Valley through northern portions of West Tennessee and Arkansas and stretching back through Central Texas. Low pressure tracked along the stalled front into southeast Missouri during the evening. Meanwhile, a potent mid-level trough ejected out of the southwest U.S. Upper air analysis indicated the Lower Mississippi Valley was in the right entrance region of a strong 300 mb upper-level jet streak. This produced sufficient upper-level divergence and lift needed for severe thunderstorm development. ||Moderate instability combined with strong wind shear resulted in a QLCS (Quasi-Linear Convective System) convective mode. This northern part of the QLCS initially started over Western Arkansas Friday afternoon and moved east into Eastern Arkansas by early evening and then across West Tennessee. The northern part of QLCS produced scattered wind damage, flash flooding, and a weak tornado.  The southern end of this QLCS scraped across north Mississippi with numerous reports of flash flooding, damaging winds, and several weak tornadoes. ||The most significant storm of the night occurred during the late evening hours of March 24, as thunderstorms developing in advance of the QLCS streamed northeast Calhoun and Chickasaw Counties. A tight and small circulation developed in Chickasaw County (MS) about 5 miles east-northeast of Trebloc and quickly grew in strength as it moved into Monroe County (MS), producing significant damage from New Wren to Amory and Smithville, with the most significant damage occurring in Amory.",Fifteen trees were uprooted at a residence along County Road 2726.
MS-ACTION-2023-03-25-governor-reeves-issues-state-of-emergency-following-severe,,Tate Reeves,Governor Reeves Issues State of Emergency Following Severe Storms,2023-03-25,https://governorreeves.ms.gov/wp-json/wp/v2/posts/1204,1086750,178596,2023-03-24 21:00:00,2023-03-24 21:05:00,C,county/county-equivalent,81,LEE,Hail,1.75,,0,0,0.00K,0.00K,Emergency Manager,"The first significant event to produce widespread severe weather across the Mid-South for 2023 occurred on March 24, during the afternoon and evening hours.  This severe weather episode occurred mainly over portions of the Lower Mississippi and Tennessee Valleys. Surface analysis for this day depicted a quasi-stationary boundary from the Mid-Atlantic States and Ohio Valley through northern portions of West Tennessee and Arkansas and stretching back through Central Texas. Low pressure tracked along the stalled front into southeast Missouri during the evening. Meanwhile, a potent mid-level trough ejected out of the southwest U.S. Upper air analysis indicated the Lower Mississippi Valley was in the right entrance region of a strong 300 mb upper-level jet streak. This produced sufficient upper-level divergence and lift needed for severe thunderstorm development. ||Moderate instability combined with strong wind shear resulted in a QLCS (Quasi-Linear Convective System) convective mode. This northern part of the QLCS initially started over Western Arkansas Friday afternoon and moved east into Eastern Arkansas by early evening and then across West Tennessee. The northern part of QLCS produced scattered wind damage, flash flooding, and a weak tornado.  The southern end of this QLCS scraped across north Mississippi with numerous reports of flash flooding, damaging winds, and several weak tornadoes. ||The most significant storm of the night occurred during the late evening hours of March 24, as thunderstorms developing in advance of the QLCS streamed northeast Calhoun and Chickasaw Counties. A tight and small circulation developed in Chickasaw County (MS) about 5 miles east-northeast of Trebloc and quickly grew in strength as it moved into Monroe County (MS), producing significant damage from New Wren to Amory and Smithville, with the most significant damage occurring in Amory.",Golfball sized hail reported in Baldwyn.
MS-ACTION-2023-03-25-governor-reeves-issues-state-of-emergency-following-severe,,Tate Reeves,Governor Reeves Issues State of Emergency Following Severe Storms,2023-03-25,https://governorreeves.ms.gov/wp-json/wp/v2/posts/1204,1106575,181723,2023-03-26 18:20:00,2023-03-26 18:20:00,C,county/county-equivalent,89,MADISON,Hail,1.0,,0,0,50.00K,0.00K,Emergency Manager,"On Sunday, March 26th 2023 the juxtaposition of high instability and strong mid and upper level shear was confined to central and southern Mississippi. A few predawn supercell thunderstorms developed along an eastward moving line with a break in activity through the remainder of the morning. Heating during the day resulted in vigorous redevelopment by afternoon. Near interstate 20, a stalled composite outflow boundary/cold front was lingering in the area and separated the unstable environment from a cooler, stable airmass to the north. The environment supported numerous supercell thunderstorms which produced swaths of large to very large hail, some as large as baseballs (2.75 inch), with much of the destructive hail confined to the vicinity of the boundary. A few of these storms would also produce damaging wind gusts.",Hail as large as 1 inch fell.
MS-ACTION-2023-03-25-governor-reeves-issues-state-of-emergency-following-severe,,Tate Reeves,Governor Reeves Issues State of Emergency Following Severe Storms,2023-03-25,https://governorreeves.ms.gov/wp-json/wp/v2/posts/1204,1101950,180931,2023-03-28 05:50:00,2023-03-28 05:50:00,C,county/county-equivalent,91,MARION,Hail,1.0,,0,0,50.00K,0.00K,Emergency Manager,"A few stronger storms, buoyed by day time instability and adequate wind shear, developed across south Mississippi on the 28th of March. Mostly small hail was reported but some isolated stones as large as quarters was noted.","Mostly pea to penny hail, but a few oblate shaped hail stones with a maximum diameter of 1 inch fell across the area."
MS-ACTION-2023-03-25-governor-reeves-issues-state-of-emergency-following-severe,,Tate Reeves,Governor Reeves Issues State of Emergency Following Severe Storms,2023-03-25,https://governorreeves.ms.gov/wp-json/wp/v2/posts/1204,1087456,178596,2023-03-24 21:39:00,2023-03-24 21:47:00,C,county/county-equivalent,95,MONROE,Thunderstorm Wind,70.0,EG,0,0,15.00K,0.00K,NWS Storm Survey,"The first significant event to produce widespread severe weather across the Mid-South for 2023 occurred on March 24, during the afternoon and evening hours.  This severe weather episode occurred mainly over portions of the Lower Mississippi and Tennessee Valleys. Surface analysis for this day depicted a quasi-stationary boundary from the Mid-Atlantic States and Ohio Valley through northern portions of West Tennessee and Arkansas and stretching back through Central Texas. Low pressure tracked along the stalled front into southeast Missouri during the evening. Meanwhile, a potent mid-level trough ejected out of the southwest U.S. Upper air analysis indicated the Lower Mississippi Valley was in the right entrance region of a strong 300 mb upper-level jet streak. This produced sufficient upper-level divergence and lift needed for severe thunderstorm development. ||Moderate instability combined with strong wind shear resulted in a QLCS (Quasi-Linear Convective System) convective mode. This northern part of the QLCS initially started over Western Arkansas Friday afternoon and moved east into Eastern Arkansas by early evening and then across West Tennessee. The northern part of QLCS produced scattered wind damage, flash flooding, and a weak tornado.  The southern end of this QLCS scraped across north Mississippi with numerous reports of flash flooding, damaging winds, and several weak tornadoes. ||The most significant storm of the night occurred during the late evening hours of March 24, as thunderstorms developing in advance of the QLCS streamed northeast Calhoun and Chickasaw Counties. A tight and small circulation developed in Chickasaw County (MS) about 5 miles east-northeast of Trebloc and quickly grew in strength as it moved into Monroe County (MS), producing significant damage from New Wren to Amory and Smithville, with the most significant damage occurring in Amory.","The rear flank downdraft of the Monroe County tornado caused a swatch of straight-line wind damage from Highway 45 to McAllister Road. A road sign was damaged, trees were snapped and an outbuilding was damaged."
MS-ACTION-2023-03-25-governor-reeves-issues-state-of-emergency-following-severe,,Tate Reeves,Governor Reeves Issues State of Emergency Following Severe Storms,2023-03-25,https://governorreeves.ms.gov/wp-json/wp/v2/posts/1204,1087403,178596,2023-03-24 21:40:00,2023-03-24 22:04:00,C,county/county-equivalent,95,MONROE,Tornado,,,2,55,80.00M,0.00K,NWS Storm Survey,"The first significant event to produce widespread severe weather across the Mid-South for 2023 occurred on March 24, during the afternoon and evening hours.  This severe weather episode occurred mainly over portions of the Lower Mississippi and Tennessee Valleys. Surface analysis for this day depicted a quasi-stationary boundary from the Mid-Atlantic States and Ohio Valley through northern portions of West Tennessee and Arkansas and stretching back through Central Texas. Low pressure tracked along the stalled front into southeast Missouri during the evening. Meanwhile, a potent mid-level trough ejected out of the southwest U.S. Upper air analysis indicated the Lower Mississippi Valley was in the right entrance region of a strong 300 mb upper-level jet streak. This produced sufficient upper-level divergence and lift needed for severe thunderstorm development. ||Moderate instability combined with strong wind shear resulted in a QLCS (Quasi-Linear Convective System) convective mode. This northern part of the QLCS initially started over Western Arkansas Friday afternoon and moved east into Eastern Arkansas by early evening and then across West Tennessee. The northern part of QLCS produced scattered wind damage, flash flooding, and a weak tornado.  The southern end of this QLCS scraped across north Mississippi with numerous reports of flash flooding, damaging winds, and several weak tornadoes. ||The most significant storm of the night occurred during the late evening hours of March 24, as thunderstorms developing in advance of the QLCS streamed northeast Calhoun and Chickasaw Counties. A tight and small circulation developed in Chickasaw County (MS) about 5 miles east-northeast of Trebloc and quickly grew in strength as it moved into Monroe County (MS), producing significant damage from New Wren to Amory and Smithville, with the most significant damage occurring in Amory.","This tornado crossed into Monroe County from Chickasaw County near the Highway 45 and Old Houston Road intersection, rapidly intensifying as it approached Egypt and Tumblin Roads. Several structures sustained significant damage, including the total destruction of a couple of single-wide, manufactured homes. Numerous trees and utility poles were heavily damaged in the area and roof damage was noted on several homes. |Several injuries were reported in this area. The tornado continued to move northeast, crossing White Rock Road and causing widespread, significant tree damage, and roof damage to several homes in the path. The tornado strengthened further as it approached McAllister Road. Several homes in the area of McAllister and Herndon Roads suffered significant damage with missing roofs and collapsed walls. A single-wide, manufactured home on Herndon Road was separated from its frame and completely destroyed, resulting in 2 fatalities and multiple significant injuries. Tree damage was severe with many hardwood trees snapped or uprooted. Additional home and widespread, significant tree damage was observed along Whatley Road near the intersection with Highway 45 East south of New Wren. The tornado was nearly one mile wide at this point. One manufactured home was destroyed with debris blown 200 yards down to the highway. A church was destroyed and several homes suffered significant damage. Several homes sustained severe damage along Little Coontail Road, including the complete destruction of multiple manufactured homes. A boat was tossed more than 50 yards and an SUV was thrown into a tree. Some of this damage along Highway 45 East and Little Coontail Road was rated EF3. Farther east along Coontail Road, damage to homes was less significant and was generally confined to minor roof damage. However, severe tree damage continued. The tornado then moved into more wooded, wetland areas, crossing Highway 278 where it intersects with the Tennessee Tombigbee Waterway. Widespread, significant damage to homes and trees was observed all throughout the northern half of Amory. Several locations in Amory sustained damage rated as EF3. The tornado continued to cause damage to trees and homes as it moved across the Amory Golf Course and then affected Myrtle and Elliott Roads. A few homes suffered significant roof damage to the south of Smithville near Parham Store Road and Williams Young Road and widespread tree damage continued. The tornado path began to narrow as the storm moved into northern Monroe County with tree damage found along Highway 23 and State Line Road.  Peak winds were estimated at 155 mph in Monroe County."
MS-ACTION-2023-03-25-governor-reeves-issues-state-of-emergency-following-severe,,Tate Reeves,Governor Reeves Issues State of Emergency Following Severe Storms,2023-03-25,https://governorreeves.ms.gov/wp-json/wp/v2/posts/1204,1087458,178596,2023-03-24 21:58:00,2023-03-24 22:00:00,C,county/county-equivalent,95,MONROE,Thunderstorm Wind,70.0,EG,0,0,5.00K,0.00K,NWS Storm Survey,"The first significant event to produce widespread severe weather across the Mid-South for 2023 occurred on March 24, during the afternoon and evening hours.  This severe weather episode occurred mainly over portions of the Lower Mississippi and Tennessee Valleys. Surface analysis for this day depicted a quasi-stationary boundary from the Mid-Atlantic States and Ohio Valley through northern portions of West Tennessee and Arkansas and stretching back through Central Texas. Low pressure tracked along the stalled front into southeast Missouri during the evening. Meanwhile, a potent mid-level trough ejected out of the southwest U.S. Upper air analysis indicated the Lower Mississippi Valley was in the right entrance region of a strong 300 mb upper-level jet streak. This produced sufficient upper-level divergence and lift needed for severe thunderstorm development. ||Moderate instability combined with strong wind shear resulted in a QLCS (Quasi-Linear Convective System) convective mode. This northern part of the QLCS initially started over Western Arkansas Friday afternoon and moved east into Eastern Arkansas by early evening and then across West Tennessee. The northern part of QLCS produced scattered wind damage, flash flooding, and a weak tornado.  The southern end of this QLCS scraped across north Mississippi with numerous reports of flash flooding, damaging winds, and several weak tornadoes. ||The most significant storm of the night occurred during the late evening hours of March 24, as thunderstorms developing in advance of the QLCS streamed northeast Calhoun and Chickasaw Counties. A tight and small circulation developed in Chickasaw County (MS) about 5 miles east-northeast of Trebloc and quickly grew in strength as it moved into Monroe County (MS), producing significant damage from New Wren to Amory and Smithville, with the most significant damage occurring in Amory.",The rear flank downdraft of the Monroe County tornado heavily damaged an outbuilding along Phillips Schoolhouse Road.
MS-ACTION-2023-03-25-governor-reeves-issues-state-of-emergency-following-severe,,Tate Reeves,Governor Reeves Issues State of Emergency Following Severe Storms,2023-03-25,https://governorreeves.ms.gov/wp-json/wp/v2/posts/1204,1102166,180848,2023-03-24 20:30:00,2023-03-24 20:42:00,C,county/county-equivalent,97,MONTGOMERY,Tornado,,,0,0,4.50M,1.17M,NWS Storm Survey,"In the afternoon and evening of the 24th, clusters of strong to severe storms were stretched from southwest to northeast across southeastern Arkansas as robust instability and very strong wind shear served to produce a volatile severe weather environment. To the east in Mississippi, storm activity proved to be more isolated as deep convection struggled develop across the state. With much of the area not being convectively overturned, an area of thunderstorm activity near the Mississippi River near Vicksburg, MS began to become stronger and took advantage of the open warm sector environment, well east of the competitive storm environment to the west that had thus far impeded tornado development. This area of thunderstorm activity quickly consolidated into an organized supercell and produced a family of long track, strong to violent tornadoes from the Mississippi Delta, across central Mississippi, and finally into portions of northeast Mississippi. This cyclical tornado-producing supercell was responsible for the vast majority of severe weather reports from the day and would claim 22 lives across the state. Dozens more were injured, and hundreds of homes were damaged or destroyed by these tornadoes. Having wrought widespread destruction across the area, this tornado event by most any measure represents a historic degree of devastation for the state of Mississippi and the region at large.","This long track tornado began just southwest of Black Hawk in a wooded area with widespread tree damage, including snapped and uprooted trees. Satellite imagery indicates major tree damage of EF2 intensity. It continued northeast before crossing Highway 430, CR 235, and Highway 17. In this area, numerous residential structures were damaged, including 2 homes that were destroyed, with both losing outer walls and another with collapsed brick on the exterior with the interior slab exposed. Large farming equipment was also blown over on the side. No injuries were reported in this area. The tornado was strongest just northeast of here at EF3 intensity, around 155mph, where Black Hawk Independent Church, Historic Blackhawk School and parsonage were completely destroyed. Both the school and church had stood for nearly 100 years. The church steeple was gone with the bell thrown out and not seen by the survey team. The slab to the church remained intact with a few exterior walls standing. A nearby well building made of cinder block masonry stood mostly untouched outside of minor damage to the roof and doorway. The tornado then continued to the northeast before crossing Highway 17 where widespread tree damage and some structural damage continued. It then continued northeast, just north of Highway 243, before crossing Highway 218 and Nebo Rd, where widespread tree damage occurred. Some areas beyond this were inaccessible due to fallen trees. Satellite imagery indicates potential EF2 to EF3 tree damage in the nearby wooded area. The tornado crossed CR 144, CR 163, CR 211, Good Hope Rd and Spring Lake Rd between Burkhead Lake, Spring Lake and Water Lake. In this area, the tornado was an estimated one half to three quarters of a mile wide and caused EF2 to EF3 tree damage to the forested areas. Some damage was noted to structures along these inaccessible areas. It then crossed Enon Rd, where damage was noted to a home, and Highway 35, where widespread tree damage, major roof, and minor siding damage occurred to a mobile home. One mobile home just north of Highway 35 was thrown off the blocks and into a nearby wooded area some 50 yards away. In this location, 3 fatalities occurred. An 18 wheeler tractor trailer was also blown over on the side. Just to the northeast, satellite imagery indicates a structure had major damage, with the majority of it destroyed. The tornado then crossed CR 278 and CR 61, with minor tree damage, but the majority of the more intense tree damage as viewed within satellite imagery occurred in inaccessible areas just to the north. It then crossed Gum Branch Rd before crossing Interstate 55, where ground surveys and satellite imagery indicated the tornado was nearly a half mile wide. The tornado then crossed Highway 51, Stafford Wells Rd and Highway 407, where major roof damage occurred to residential homes consistent with EF2 intensity. The tornado then crossed Highway 82, where numerous power lines were downed, causing high end EF1 to low end EF2 damage. The tornado then crossed the intersection of Bethlehem Community Rd and Bethlehem Church Rd, where EF2 damage occurred. Three outbuildings were destroyed. A home had major roof damage, and another structure moved off the foundation. The tornado then crossed Hammond Rd, causing major tree damage in the wooded areas. The tornado then caused low end EF2 damage just south of Robinson-Thompson Rd, where an outbuilding was destroyed and a nearby 100 year old home had minor to moderate roof and siding damage but was left standing. The tornado lifted as it crossed Robinson-Thompson Rd. The maximum estimated wind gusts in Montgomery County were 155 mph. The total path length was 29.57 miles across the two counties."
MS-ACTION-2023-03-25-governor-reeves-issues-state-of-emergency-following-severe,,Tate Reeves,Governor Reeves Issues State of Emergency Following Severe Storms,2023-03-25,https://governorreeves.ms.gov/wp-json/wp/v2/posts/1204,1106496,181723,2023-03-26 15:21:00,2023-03-26 15:47:00,C,county/county-equivalent,101,NEWTON,Hail,2.25,,0,0,25.00K,0.00K,Broadcast Media,"On Sunday, March 26th 2023 the juxtaposition of high instability and strong mid and upper level shear was confined to central and southern Mississippi. A few predawn supercell thunderstorms developed along an eastward moving line with a break in activity through the remainder of the morning. Heating during the day resulted in vigorous redevelopment by afternoon. Near interstate 20, a stalled composite outflow boundary/cold front was lingering in the area and separated the unstable environment from a cooler, stable airmass to the north. The environment supported numerous supercell thunderstorms which produced swaths of large to very large hail, some as large as baseballs (2.75 inch), with much of the destructive hail confined to the vicinity of the boundary. A few of these storms would also produce damaging wind gusts.",A swath of very large hail occurred in western Newton County from near Lake to just east of Conehatta. Hail as large as 2.25 inches fell in Conehatta.
MS-ACTION-2023-03-25-governor-reeves-issues-state-of-emergency-following-severe,,Tate Reeves,Governor Reeves Issues State of Emergency Following Severe Storms,2023-03-25,https://governorreeves.ms.gov/wp-json/wp/v2/posts/1204,1106508,181723,2023-03-26 16:50:00,2023-03-26 16:50:00,C,county/county-equivalent,101,NEWTON,Thunderstorm Wind,52.0,EG,0,0,20.00K,0.00K,Public,"On Sunday, March 26th 2023 the juxtaposition of high instability and strong mid and upper level shear was confined to central and southern Mississippi. A few predawn supercell thunderstorms developed along an eastward moving line with a break in activity through the remainder of the morning. Heating during the day resulted in vigorous redevelopment by afternoon. Near interstate 20, a stalled composite outflow boundary/cold front was lingering in the area and separated the unstable environment from a cooler, stable airmass to the north. The environment supported numerous supercell thunderstorms which produced swaths of large to very large hail, some as large as baseballs (2.75 inch), with much of the destructive hail confined to the vicinity of the boundary. A few of these storms would also produce damaging wind gusts.",A tree fell on a vehicle.
MS-ACTION-2023-03-25-governor-reeves-issues-state-of-emergency-following-severe,,Tate Reeves,Governor Reeves Issues State of Emergency Following Severe Storms,2023-03-25,https://governorreeves.ms.gov/wp-json/wp/v2/posts/1204,1106557,181723,2023-03-26 17:44:00,2023-03-26 17:44:00,C,county/county-equivalent,101,NEWTON,Thunderstorm Wind,52.0,EG,0,0,5.00K,0.00K,Department of Highways,"On Sunday, March 26th 2023 the juxtaposition of high instability and strong mid and upper level shear was confined to central and southern Mississippi. A few predawn supercell thunderstorms developed along an eastward moving line with a break in activity through the remainder of the morning. Heating during the day resulted in vigorous redevelopment by afternoon. Near interstate 20, a stalled composite outflow boundary/cold front was lingering in the area and separated the unstable environment from a cooler, stable airmass to the north. The environment supported numerous supercell thunderstorms which produced swaths of large to very large hail, some as large as baseballs (2.75 inch), with much of the destructive hail confined to the vicinity of the boundary. A few of these storms would also produce damaging wind gusts.",Trees downed at MS 503 and Brand Road.
MS-ACTION-2023-03-25-governor-reeves-issues-state-of-emergency-following-severe,,Tate Reeves,Governor Reeves Issues State of Emergency Following Severe Storms,2023-03-25,https://governorreeves.ms.gov/wp-json/wp/v2/posts/1204,1086886,178596,2023-03-24 19:25:00,2023-03-24 19:34:00,C,county/county-equivalent,107,PANOLA,Tornado,,,0,0,75.00K,0.00K,NWS Storm Survey,"The first significant event to produce widespread severe weather across the Mid-South for 2023 occurred on March 24, during the afternoon and evening hours.  This severe weather episode occurred mainly over portions of the Lower Mississippi and Tennessee Valleys. Surface analysis for this day depicted a quasi-stationary boundary from the Mid-Atlantic States and Ohio Valley through northern portions of West Tennessee and Arkansas and stretching back through Central Texas. Low pressure tracked along the stalled front into southeast Missouri during the evening. Meanwhile, a potent mid-level trough ejected out of the southwest U.S. Upper air analysis indicated the Lower Mississippi Valley was in the right entrance region of a strong 300 mb upper-level jet streak. This produced sufficient upper-level divergence and lift needed for severe thunderstorm development. ||Moderate instability combined with strong wind shear resulted in a QLCS (Quasi-Linear Convective System) convective mode. This northern part of the QLCS initially started over Western Arkansas Friday afternoon and moved east into Eastern Arkansas by early evening and then across West Tennessee. The northern part of QLCS produced scattered wind damage, flash flooding, and a weak tornado.  The southern end of this QLCS scraped across north Mississippi with numerous reports of flash flooding, damaging winds, and several weak tornadoes. ||The most significant storm of the night occurred during the late evening hours of March 24, as thunderstorms developing in advance of the QLCS streamed northeast Calhoun and Chickasaw Counties. A tight and small circulation developed in Chickasaw County (MS) about 5 miles east-northeast of Trebloc and quickly grew in strength as it moved into Monroe County (MS), producing significant damage from New Wren to Amory and Smithville, with the most significant damage occurring in Amory.","The tornado developed along Three Wheeler Road in extreme southern Panola County. This tornado caused intermittent tree damage as it moved northeast across Cole Road and Crowder Pope Road. Additional tree damage was noted along Gleaton Road and Main Street on the southwest side of Pope. A structure sustained minor roof damage in this area. Numerous trees were uprooted across eastern Pope with one large tree falling on a home and causing structural damage. The tornado continued to move northeast across Green Road, causing damage to trees and an outbuilding near Interstate 55 and Hentz Road. This tornado lifted shortly after crossing the Interstate. Peak winds were estimated at 95 mph."
MS-ACTION-2023-03-25-governor-reeves-issues-state-of-emergency-following-severe,,Tate Reeves,Governor Reeves Issues State of Emergency Following Severe Storms,2023-03-25,https://governorreeves.ms.gov/wp-json/wp/v2/posts/1204,1086888,178596,2023-03-24 19:38:00,2023-03-24 19:44:00,C,county/county-equivalent,107,PANOLA,Tornado,,,0,0,140.00K,0.00K,NWS Storm Survey,"The first significant event to produce widespread severe weather across the Mid-South for 2023 occurred on March 24, during the afternoon and evening hours.  This severe weather episode occurred mainly over portions of the Lower Mississippi and Tennessee Valleys. Surface analysis for this day depicted a quasi-stationary boundary from the Mid-Atlantic States and Ohio Valley through northern portions of West Tennessee and Arkansas and stretching back through Central Texas. Low pressure tracked along the stalled front into southeast Missouri during the evening. Meanwhile, a potent mid-level trough ejected out of the southwest U.S. Upper air analysis indicated the Lower Mississippi Valley was in the right entrance region of a strong 300 mb upper-level jet streak. This produced sufficient upper-level divergence and lift needed for severe thunderstorm development. ||Moderate instability combined with strong wind shear resulted in a QLCS (Quasi-Linear Convective System) convective mode. This northern part of the QLCS initially started over Western Arkansas Friday afternoon and moved east into Eastern Arkansas by early evening and then across West Tennessee. The northern part of QLCS produced scattered wind damage, flash flooding, and a weak tornado.  The southern end of this QLCS scraped across north Mississippi with numerous reports of flash flooding, damaging winds, and several weak tornadoes. ||The most significant storm of the night occurred during the late evening hours of March 24, as thunderstorms developing in advance of the QLCS streamed northeast Calhoun and Chickasaw Counties. A tight and small circulation developed in Chickasaw County (MS) about 5 miles east-northeast of Trebloc and quickly grew in strength as it moved into Monroe County (MS), producing significant damage from New Wren to Amory and Smithville, with the most significant damage occurring in Amory.","The tornado formed near the intersection of Eureka Road and Crouch Road, moving northeast and affecting the areas along Holmes Road and Henderson Road. Numerous trees were snapped or uprooted along this path with minor roof damage observed and a few snapped utility poles. This tornado then crossed both Dees Road and Highway 315 where significant tree damage was observed. Minor damage occurred to trees and a few outbuildings along Joiner Road where the tornado finally lifted. Peak winds were estimated at 110 mph."
MS-ACTION-2023-03-25-governor-reeves-issues-state-of-emergency-following-severe,,Tate Reeves,Governor Reeves Issues State of Emergency Following Severe Storms,2023-03-25,https://governorreeves.ms.gov/wp-json/wp/v2/posts/1204,1087435,178596,2023-03-24 19:38:00,2023-03-24 19:43:00,C,county/county-equivalent,107,PANOLA,Thunderstorm Wind,50.0,EG,0,0,5.00K,0.00K,NWS Storm Survey,"The first significant event to produce widespread severe weather across the Mid-South for 2023 occurred on March 24, during the afternoon and evening hours.  This severe weather episode occurred mainly over portions of the Lower Mississippi and Tennessee Valleys. Surface analysis for this day depicted a quasi-stationary boundary from the Mid-Atlantic States and Ohio Valley through northern portions of West Tennessee and Arkansas and stretching back through Central Texas. Low pressure tracked along the stalled front into southeast Missouri during the evening. Meanwhile, a potent mid-level trough ejected out of the southwest U.S. Upper air analysis indicated the Lower Mississippi Valley was in the right entrance region of a strong 300 mb upper-level jet streak. This produced sufficient upper-level divergence and lift needed for severe thunderstorm development. ||Moderate instability combined with strong wind shear resulted in a QLCS (Quasi-Linear Convective System) convective mode. This northern part of the QLCS initially started over Western Arkansas Friday afternoon and moved east into Eastern Arkansas by early evening and then across West Tennessee. The northern part of QLCS produced scattered wind damage, flash flooding, and a weak tornado.  The southern end of this QLCS scraped across north Mississippi with numerous reports of flash flooding, damaging winds, and several weak tornadoes. ||The most significant storm of the night occurred during the late evening hours of March 24, as thunderstorms developing in advance of the QLCS streamed northeast Calhoun and Chickasaw Counties. A tight and small circulation developed in Chickasaw County (MS) about 5 miles east-northeast of Trebloc and quickly grew in strength as it moved into Monroe County (MS), producing significant damage from New Wren to Amory and Smithville, with the most significant damage occurring in Amory.",Trees were uprooted on Bell Road.
MS-ACTION-2023-03-25-governor-reeves-issues-state-of-emergency-following-severe,,Tate Reeves,Governor Reeves Issues State of Emergency Following Severe Storms,2023-03-25,https://governorreeves.ms.gov/wp-json/wp/v2/posts/1204,1087438,178596,2023-03-24 19:40:00,2023-03-24 19:41:00,C,county/county-equivalent,107,PANOLA,Thunderstorm Wind,74.0,EG,0,0,15.00K,0.00K,NWS Storm Survey,"The first significant event to produce widespread severe weather across the Mid-South for 2023 occurred on March 24, during the afternoon and evening hours.  This severe weather episode occurred mainly over portions of the Lower Mississippi and Tennessee Valleys. Surface analysis for this day depicted a quasi-stationary boundary from the Mid-Atlantic States and Ohio Valley through northern portions of West Tennessee and Arkansas and stretching back through Central Texas. Low pressure tracked along the stalled front into southeast Missouri during the evening. Meanwhile, a potent mid-level trough ejected out of the southwest U.S. Upper air analysis indicated the Lower Mississippi Valley was in the right entrance region of a strong 300 mb upper-level jet streak. This produced sufficient upper-level divergence and lift needed for severe thunderstorm development. ||Moderate instability combined with strong wind shear resulted in a QLCS (Quasi-Linear Convective System) convective mode. This northern part of the QLCS initially started over Western Arkansas Friday afternoon and moved east into Eastern Arkansas by early evening and then across West Tennessee. The northern part of QLCS produced scattered wind damage, flash flooding, and a weak tornado.  The southern end of this QLCS scraped across north Mississippi with numerous reports of flash flooding, damaging winds, and several weak tornadoes. ||The most significant storm of the night occurred during the late evening hours of March 24, as thunderstorms developing in advance of the QLCS streamed northeast Calhoun and Chickasaw Counties. A tight and small circulation developed in Chickasaw County (MS) about 5 miles east-northeast of Trebloc and quickly grew in strength as it moved into Monroe County (MS), producing significant damage from New Wren to Amory and Smithville, with the most significant damage occurring in Amory.",The rear flank downdraft from a nearby tornado uprooted trees from Crouch Road to Dees Road.
MS-ACTION-2023-03-25-governor-reeves-issues-state-of-emergency-following-severe,,Tate Reeves,Governor Reeves Issues State of Emergency Following Severe Storms,2023-03-25,https://governorreeves.ms.gov/wp-json/wp/v2/posts/1204,1087441,178596,2023-03-24 19:47:00,2023-03-24 19:48:00,C,county/county-equivalent,107,PANOLA,Thunderstorm Wind,74.0,EG,0,0,25.00K,0.00K,NWS Storm Survey,"The first significant event to produce widespread severe weather across the Mid-South for 2023 occurred on March 24, during the afternoon and evening hours.  This severe weather episode occurred mainly over portions of the Lower Mississippi and Tennessee Valleys. Surface analysis for this day depicted a quasi-stationary boundary from the Mid-Atlantic States and Ohio Valley through northern portions of West Tennessee and Arkansas and stretching back through Central Texas. Low pressure tracked along the stalled front into southeast Missouri during the evening. Meanwhile, a potent mid-level trough ejected out of the southwest U.S. Upper air analysis indicated the Lower Mississippi Valley was in the right entrance region of a strong 300 mb upper-level jet streak. This produced sufficient upper-level divergence and lift needed for severe thunderstorm development. ||Moderate instability combined with strong wind shear resulted in a QLCS (Quasi-Linear Convective System) convective mode. This northern part of the QLCS initially started over Western Arkansas Friday afternoon and moved east into Eastern Arkansas by early evening and then across West Tennessee. The northern part of QLCS produced scattered wind damage, flash flooding, and a weak tornado.  The southern end of this QLCS scraped across north Mississippi with numerous reports of flash flooding, damaging winds, and several weak tornadoes. ||The most significant storm of the night occurred during the late evening hours of March 24, as thunderstorms developing in advance of the QLCS streamed northeast Calhoun and Chickasaw Counties. A tight and small circulation developed in Chickasaw County (MS) about 5 miles east-northeast of Trebloc and quickly grew in strength as it moved into Monroe County (MS), producing significant damage from New Wren to Amory and Smithville, with the most significant damage occurring in Amory.",The rear flank downdraft of a nearby tornado uprooted trees and caused roof damage to a house along Shady Grove Road.
MS-ACTION-2023-03-25-governor-reeves-issues-state-of-emergency-following-severe,,Tate Reeves,Governor Reeves Issues State of Emergency Following Severe Storms,2023-03-25,https://governorreeves.ms.gov/wp-json/wp/v2/posts/1204,1086890,178596,2023-03-24 19:47:00,2023-03-24 19:48:00,C,county/county-equivalent,107,PANOLA,Tornado,,,0,0,10.00K,0.00K,NWS Storm Survey,"The first significant event to produce widespread severe weather across the Mid-South for 2023 occurred on March 24, during the afternoon and evening hours.  This severe weather episode occurred mainly over portions of the Lower Mississippi and Tennessee Valleys. Surface analysis for this day depicted a quasi-stationary boundary from the Mid-Atlantic States and Ohio Valley through northern portions of West Tennessee and Arkansas and stretching back through Central Texas. Low pressure tracked along the stalled front into southeast Missouri during the evening. Meanwhile, a potent mid-level trough ejected out of the southwest U.S. Upper air analysis indicated the Lower Mississippi Valley was in the right entrance region of a strong 300 mb upper-level jet streak. This produced sufficient upper-level divergence and lift needed for severe thunderstorm development. ||Moderate instability combined with strong wind shear resulted in a QLCS (Quasi-Linear Convective System) convective mode. This northern part of the QLCS initially started over Western Arkansas Friday afternoon and moved east into Eastern Arkansas by early evening and then across West Tennessee. The northern part of QLCS produced scattered wind damage, flash flooding, and a weak tornado.  The southern end of this QLCS scraped across north Mississippi with numerous reports of flash flooding, damaging winds, and several weak tornadoes. ||The most significant storm of the night occurred during the late evening hours of March 24, as thunderstorms developing in advance of the QLCS streamed northeast Calhoun and Chickasaw Counties. A tight and small circulation developed in Chickasaw County (MS) about 5 miles east-northeast of Trebloc and quickly grew in strength as it moved into Monroe County (MS), producing significant damage from New Wren to Amory and Smithville, with the most significant damage occurring in Amory.",The tornado produced minor damage near the intersection of Shady Grove Road and Perkins Road in extreme eastern Panola County. It then moved east-northeast into Lafayette County. Peak winds in Panola County were estimated at 85 mph.
MS-ACTION-2023-03-25-governor-reeves-issues-state-of-emergency-following-severe,,Tate Reeves,Governor Reeves Issues State of Emergency Following Severe Storms,2023-03-25,https://governorreeves.ms.gov/wp-json/wp/v2/posts/1204,1086875,178596,2023-03-24 21:00:00,2023-03-24 22:00:00,C,county/county-equivalent,107,PANOLA,Flash Flood,,,0,0,40.00K,0.00K,Emergency Manager,"The first significant event to produce widespread severe weather across the Mid-South for 2023 occurred on March 24, during the afternoon and evening hours.  This severe weather episode occurred mainly over portions of the Lower Mississippi and Tennessee Valleys. Surface analysis for this day depicted a quasi-stationary boundary from the Mid-Atlantic States and Ohio Valley through northern portions of West Tennessee and Arkansas and stretching back through Central Texas. Low pressure tracked along the stalled front into southeast Missouri during the evening. Meanwhile, a potent mid-level trough ejected out of the southwest U.S. Upper air analysis indicated the Lower Mississippi Valley was in the right entrance region of a strong 300 mb upper-level jet streak. This produced sufficient upper-level divergence and lift needed for severe thunderstorm development. ||Moderate instability combined with strong wind shear resulted in a QLCS (Quasi-Linear Convective System) convective mode. This northern part of the QLCS initially started over Western Arkansas Friday afternoon and moved east into Eastern Arkansas by early evening and then across West Tennessee. The northern part of QLCS produced scattered wind damage, flash flooding, and a weak tornado.  The southern end of this QLCS scraped across north Mississippi with numerous reports of flash flooding, damaging winds, and several weak tornadoes. ||The most significant storm of the night occurred during the late evening hours of March 24, as thunderstorms developing in advance of the QLCS streamed northeast Calhoun and Chickasaw Counties. A tight and small circulation developed in Chickasaw County (MS) about 5 miles east-northeast of Trebloc and quickly grew in strength as it moved into Monroe County (MS), producing significant damage from New Wren to Amory and Smithville, with the most significant damage occurring in Amory.",Brewer Road was washed out due to flash flooding at Buck Horn Creek.
MS-ACTION-2023-03-25-governor-reeves-issues-state-of-emergency-following-severe,,Tate Reeves,Governor Reeves Issues State of Emergency Following Severe Storms,2023-03-25,https://governorreeves.ms.gov/wp-json/wp/v2/posts/1204,1088965,178888,2023-03-27 05:28:00,2023-03-27 05:28:00,C,county/county-equivalent,109,PEARL RIVER,Hail,1.0,,0,0,0.00K,0.00K,Broadcast Media,"Two surface boundaries brought strong to severe thunderstorms to MS on March 27th. The first came in the way of an old frontal boundary that pushed into the CWA during the early morning hours. Showers and thunderstorms very quickly started to pop up along the boundary before sunrise. One cell briefly turned severe as it moved across the Mississippi coast, producing some damaging wind gusts in Harrison County where it caused minor tree damage and destroyed a metal car cover. The stronger thunderstorms moved off the coast and dissipated a few hours later. In the evening a second surface boundary associated with a shortwave trough slid into the area, with showers and thunderstorms popping up along it. One storm briefly turned severe as it crossed the border into Pearl River County, bringing quart inch hail. These storms exited the CWA a couple hours later.",Broadcast media reported quarter inch hail.
MS-ACTION-2023-03-25-governor-reeves-issues-state-of-emergency-following-severe,,Tate Reeves,Governor Reeves Issues State of Emergency Following Severe Storms,2023-03-25,https://governorreeves.ms.gov/wp-json/wp/v2/posts/1204,1087424,178596,2023-03-24 20:32:00,2023-03-24 20:37:00,C,county/county-equivalent,115,PONTOTOC,Thunderstorm Wind,50.0,EG,0,0,15.00K,0.00K,Emergency Manager,"The first significant event to produce widespread severe weather across the Mid-South for 2023 occurred on March 24, during the afternoon and evening hours.  This severe weather episode occurred mainly over portions of the Lower Mississippi and Tennessee Valleys. Surface analysis for this day depicted a quasi-stationary boundary from the Mid-Atlantic States and Ohio Valley through northern portions of West Tennessee and Arkansas and stretching back through Central Texas. Low pressure tracked along the stalled front into southeast Missouri during the evening. Meanwhile, a potent mid-level trough ejected out of the southwest U.S. Upper air analysis indicated the Lower Mississippi Valley was in the right entrance region of a strong 300 mb upper-level jet streak. This produced sufficient upper-level divergence and lift needed for severe thunderstorm development. ||Moderate instability combined with strong wind shear resulted in a QLCS (Quasi-Linear Convective System) convective mode. This northern part of the QLCS initially started over Western Arkansas Friday afternoon and moved east into Eastern Arkansas by early evening and then across West Tennessee. The northern part of QLCS produced scattered wind damage, flash flooding, and a weak tornado.  The southern end of this QLCS scraped across north Mississippi with numerous reports of flash flooding, damaging winds, and several weak tornadoes. ||The most significant storm of the night occurred during the late evening hours of March 24, as thunderstorms developing in advance of the QLCS streamed northeast Calhoun and Chickasaw Counties. A tight and small circulation developed in Chickasaw County (MS) about 5 miles east-northeast of Trebloc and quickly grew in strength as it moved into Monroe County (MS), producing significant damage from New Wren to Amory and Smithville, with the most significant damage occurring in Amory.",A metal carport was flipped over. Several trees and power lines were knocked down.
MS-ACTION-2023-03-25-governor-reeves-issues-state-of-emergency-following-severe,,Tate Reeves,Governor Reeves Issues State of Emergency Following Severe Storms,2023-03-25,https://governorreeves.ms.gov/wp-json/wp/v2/posts/1204,1086752,178596,2023-03-24 20:35:00,2023-03-24 20:40:00,C,county/county-equivalent,115,PONTOTOC,Thunderstorm Wind,50.0,EG,0,0,5.00K,0.00K,Emergency Manager,"The first significant event to produce widespread severe weather across the Mid-South for 2023 occurred on March 24, during the afternoon and evening hours.  This severe weather episode occurred mainly over portions of the Lower Mississippi and Tennessee Valleys. Surface analysis for this day depicted a quasi-stationary boundary from the Mid-Atlantic States and Ohio Valley through northern portions of West Tennessee and Arkansas and stretching back through Central Texas. Low pressure tracked along the stalled front into southeast Missouri during the evening. Meanwhile, a potent mid-level trough ejected out of the southwest U.S. Upper air analysis indicated the Lower Mississippi Valley was in the right entrance region of a strong 300 mb upper-level jet streak. This produced sufficient upper-level divergence and lift needed for severe thunderstorm development. ||Moderate instability combined with strong wind shear resulted in a QLCS (Quasi-Linear Convective System) convective mode. This northern part of the QLCS initially started over Western Arkansas Friday afternoon and moved east into Eastern Arkansas by early evening and then across West Tennessee. The northern part of QLCS produced scattered wind damage, flash flooding, and a weak tornado.  The southern end of this QLCS scraped across north Mississippi with numerous reports of flash flooding, damaging winds, and several weak tornadoes. ||The most significant storm of the night occurred during the late evening hours of March 24, as thunderstorms developing in advance of the QLCS streamed northeast Calhoun and Chickasaw Counties. A tight and small circulation developed in Chickasaw County (MS) about 5 miles east-northeast of Trebloc and quickly grew in strength as it moved into Monroe County (MS), producing significant damage from New Wren to Amory and Smithville, with the most significant damage occurring in Amory.",A tree and powerline were knocked down.
MS-ACTION-2023-03-25-governor-reeves-issues-state-of-emergency-following-severe,,Tate Reeves,Governor Reeves Issues State of Emergency Following Severe Storms,2023-03-25,https://governorreeves.ms.gov/wp-json/wp/v2/posts/1204,1087382,178596,2023-03-24 21:27:00,2023-03-24 22:27:00,C,county/county-equivalent,115,PONTOTOC,Flash Flood,,,0,0,0.00K,0.00K,Emergency Manager,"The first significant event to produce widespread severe weather across the Mid-South for 2023 occurred on March 24, during the afternoon and evening hours.  This severe weather episode occurred mainly over portions of the Lower Mississippi and Tennessee Valleys. Surface analysis for this day depicted a quasi-stationary boundary from the Mid-Atlantic States and Ohio Valley through northern portions of West Tennessee and Arkansas and stretching back through Central Texas. Low pressure tracked along the stalled front into southeast Missouri during the evening. Meanwhile, a potent mid-level trough ejected out of the southwest U.S. Upper air analysis indicated the Lower Mississippi Valley was in the right entrance region of a strong 300 mb upper-level jet streak. This produced sufficient upper-level divergence and lift needed for severe thunderstorm development. ||Moderate instability combined with strong wind shear resulted in a QLCS (Quasi-Linear Convective System) convective mode. This northern part of the QLCS initially started over Western Arkansas Friday afternoon and moved east into Eastern Arkansas by early evening and then across West Tennessee. The northern part of QLCS produced scattered wind damage, flash flooding, and a weak tornado.  The southern end of this QLCS scraped across north Mississippi with numerous reports of flash flooding, damaging winds, and several weak tornadoes. ||The most significant storm of the night occurred during the late evening hours of March 24, as thunderstorms developing in advance of the QLCS streamed northeast Calhoun and Chickasaw Counties. A tight and small circulation developed in Chickasaw County (MS) about 5 miles east-northeast of Trebloc and quickly grew in strength as it moved into Monroe County (MS), producing significant damage from New Wren to Amory and Smithville, with the most significant damage occurring in Amory.",Highway 336 was flooded in Thaxton.
MS-ACTION-2023-03-25-governor-reeves-issues-state-of-emergency-following-severe,,Tate Reeves,Governor Reeves Issues State of Emergency Following Severe Storms,2023-03-25,https://governorreeves.ms.gov/wp-json/wp/v2/posts/1204,1086876,178596,2023-03-24 21:28:00,2023-03-24 22:28:00,C,county/county-equivalent,117,PRENTISS,Flash Flood,,,0,0,0.00K,0.00K,Fire Department/Rescue,"The first significant event to produce widespread severe weather across the Mid-South for 2023 occurred on March 24, during the afternoon and evening hours.  This severe weather episode occurred mainly over portions of the Lower Mississippi and Tennessee Valleys. Surface analysis for this day depicted a quasi-stationary boundary from the Mid-Atlantic States and Ohio Valley through northern portions of West Tennessee and Arkansas and stretching back through Central Texas. Low pressure tracked along the stalled front into southeast Missouri during the evening. Meanwhile, a potent mid-level trough ejected out of the southwest U.S. Upper air analysis indicated the Lower Mississippi Valley was in the right entrance region of a strong 300 mb upper-level jet streak. This produced sufficient upper-level divergence and lift needed for severe thunderstorm development. ||Moderate instability combined with strong wind shear resulted in a QLCS (Quasi-Linear Convective System) convective mode. This northern part of the QLCS initially started over Western Arkansas Friday afternoon and moved east into Eastern Arkansas by early evening and then across West Tennessee. The northern part of QLCS produced scattered wind damage, flash flooding, and a weak tornado.  The southern end of this QLCS scraped across north Mississippi with numerous reports of flash flooding, damaging winds, and several weak tornadoes. ||The most significant storm of the night occurred during the late evening hours of March 24, as thunderstorms developing in advance of the QLCS streamed northeast Calhoun and Chickasaw Counties. A tight and small circulation developed in Chickasaw County (MS) about 5 miles east-northeast of Trebloc and quickly grew in strength as it moved into Monroe County (MS), producing significant damage from New Wren to Amory and Smithville, with the most significant damage occurring in Amory.",The downtown area of Baldwyn was heavily flooded.
MS-ACTION-2023-03-25-governor-reeves-issues-state-of-emergency-following-severe,,Tate Reeves,Governor Reeves Issues State of Emergency Following Severe Storms,2023-03-25,https://governorreeves.ms.gov/wp-json/wp/v2/posts/1204,1106425,181723,2023-03-26 02:12:00,2023-03-26 02:22:00,C,county/county-equivalent,121,RANKIN,Hail,1.25,,0,0,200.00K,0.00K,Public,"On Sunday, March 26th 2023 the juxtaposition of high instability and strong mid and upper level shear was confined to central and southern Mississippi. A few predawn supercell thunderstorms developed along an eastward moving line with a break in activity through the remainder of the morning. Heating during the day resulted in vigorous redevelopment by afternoon. Near interstate 20, a stalled composite outflow boundary/cold front was lingering in the area and separated the unstable environment from a cooler, stable airmass to the north. The environment supported numerous supercell thunderstorms which produced swaths of large to very large hail, some as large as baseballs (2.75 inch), with much of the destructive hail confined to the vicinity of the boundary. A few of these storms would also produce damaging wind gusts.",A swath of hail from quarter to half dollar size fell from near Fannin to the Goshen Springs area.
MS-ACTION-2023-03-25-governor-reeves-issues-state-of-emergency-following-severe,,Tate Reeves,Governor Reeves Issues State of Emergency Following Severe Storms,2023-03-25,https://governorreeves.ms.gov/wp-json/wp/v2/posts/1204,1106497,181723,2023-03-26 16:17:00,2023-03-26 16:29:00,C,county/county-equivalent,121,RANKIN,Hail,2.75,,0,0,7.00M,0.00K,Public,"On Sunday, March 26th 2023 the juxtaposition of high instability and strong mid and upper level shear was confined to central and southern Mississippi. A few predawn supercell thunderstorms developed along an eastward moving line with a break in activity through the remainder of the morning. Heating during the day resulted in vigorous redevelopment by afternoon. Near interstate 20, a stalled composite outflow boundary/cold front was lingering in the area and separated the unstable environment from a cooler, stable airmass to the north. The environment supported numerous supercell thunderstorms which produced swaths of large to very large hail, some as large as baseballs (2.75 inch), with much of the destructive hail confined to the vicinity of the boundary. A few of these storms would also produce damaging wind gusts.",A merger of two storms resulted in a hail swath extending int Rankin County from Hinds County just north of Lakeland Drive to near the intersection of S471. Hail as large as baseballs (2.75 inches) was observed within this swath.
MS-ACTION-2023-03-25-governor-reeves-issues-state-of-emergency-following-severe,,Tate Reeves,Governor Reeves Issues State of Emergency Following Severe Storms,2023-03-25,https://governorreeves.ms.gov/wp-json/wp/v2/posts/1204,1106527,181723,2023-03-26 16:20:00,2023-03-26 16:20:00,C,county/county-equivalent,121,RANKIN,Thunderstorm Wind,52.0,EG,0,0,10.00K,0.00K,Social Media,"On Sunday, March 26th 2023 the juxtaposition of high instability and strong mid and upper level shear was confined to central and southern Mississippi. A few predawn supercell thunderstorms developed along an eastward moving line with a break in activity through the remainder of the morning. Heating during the day resulted in vigorous redevelopment by afternoon. Near interstate 20, a stalled composite outflow boundary/cold front was lingering in the area and separated the unstable environment from a cooler, stable airmass to the north. The environment supported numerous supercell thunderstorms which produced swaths of large to very large hail, some as large as baseballs (2.75 inch), with much of the destructive hail confined to the vicinity of the boundary. A few of these storms would also produce damaging wind gusts.",Tree and powerlines were downed in the road.
MS-ACTION-2023-03-25-governor-reeves-issues-state-of-emergency-following-severe,,Tate Reeves,Governor Reeves Issues State of Emergency Following Severe Storms,2023-03-25,https://governorreeves.ms.gov/wp-json/wp/v2/posts/1204,1101951,180850,2023-03-26 17:40:00,2023-03-26 19:00:00,C,county/county-equivalent,121,RANKIN,Flash Flood,,,0,0,1.00K,0.00K,Fire Department/Rescue,"In a seasonably very unstable airmass south of a frontal boundary and ahead of an approaching upper level shortwave, scattered storms developed across central Mississippi in the early morning. In the presence of robust mid-level wind shear, these storms rapidly became severe and produced several instances of hail as large as 1.5 inches. A break in severe thunderstorm activity was noted from mid morning into mid afternoon when diurnal building instability fostered redevelopment of robust and severe thunderstorm activity. Storms in the afternoon into the evening would prove to be substantially more intense, with numerous reports of downed trees and hail as large as 2.75 inches, or approximately baseball size. Numerous rounds of strong to severe storms would also contribute to instances of flash flooding in the area. This activity was focused along the interstate-20 corridor where the most intense storm damage was noted with impacts that also extended into southern portions of the state. The activity would persist into the evening before diminishing.",Williams Road behind Florence High School became flooded due to heavy rainfall.
MS-ACTION-2023-03-25-governor-reeves-issues-state-of-emergency-following-severe,,Tate Reeves,Governor Reeves Issues State of Emergency Following Severe Storms,2023-03-25,https://governorreeves.ms.gov/wp-json/wp/v2/posts/1204,1101952,180850,2023-03-26 18:15:00,2023-03-26 19:00:00,C,county/county-equivalent,121,RANKIN,Flash Flood,,,0,0,1.00K,0.00K,Broadcast Media,"In a seasonably very unstable airmass south of a frontal boundary and ahead of an approaching upper level shortwave, scattered storms developed across central Mississippi in the early morning. In the presence of robust mid-level wind shear, these storms rapidly became severe and produced several instances of hail as large as 1.5 inches. A break in severe thunderstorm activity was noted from mid morning into mid afternoon when diurnal building instability fostered redevelopment of robust and severe thunderstorm activity. Storms in the afternoon into the evening would prove to be substantially more intense, with numerous reports of downed trees and hail as large as 2.75 inches, or approximately baseball size. Numerous rounds of strong to severe storms would also contribute to instances of flash flooding in the area. This activity was focused along the interstate-20 corridor where the most intense storm damage was noted with impacts that also extended into southern portions of the state. The activity would persist into the evening before diminishing.",Standing flood water was observed near the Roses outlet store in Pearl.
MS-ACTION-2023-03-25-governor-reeves-issues-state-of-emergency-following-severe,,Tate Reeves,Governor Reeves Issues State of Emergency Following Severe Storms,2023-03-25,https://governorreeves.ms.gov/wp-json/wp/v2/posts/1204,1106439,181723,2023-03-26 02:12:00,2023-03-26 02:12:00,C,county/county-equivalent,123,SCOTT,Hail,1.0,,0,0,30.00K,0.00K,Public,"On Sunday, March 26th 2023 the juxtaposition of high instability and strong mid and upper level shear was confined to central and southern Mississippi. A few predawn supercell thunderstorms developed along an eastward moving line with a break in activity through the remainder of the morning. Heating during the day resulted in vigorous redevelopment by afternoon. Near interstate 20, a stalled composite outflow boundary/cold front was lingering in the area and separated the unstable environment from a cooler, stable airmass to the north. The environment supported numerous supercell thunderstorms which produced swaths of large to very large hail, some as large as baseballs (2.75 inch), with much of the destructive hail confined to the vicinity of the boundary. A few of these storms would also produce damaging wind gusts.",Nickel to quarter hail fell in the area.
MS-ACTION-2023-03-25-governor-reeves-issues-state-of-emergency-following-severe,,Tate Reeves,Governor Reeves Issues State of Emergency Following Severe Storms,2023-03-25,https://governorreeves.ms.gov/wp-json/wp/v2/posts/1204,1102153,180848,2023-03-24 19:03:00,2023-03-24 19:25:00,C,county/county-equivalent,125,SHARKEY,Tornado,,,14,150,83.00M,136.00K,NWS Storm Survey,"In the afternoon and evening of the 24th, clusters of strong to severe storms were stretched from southwest to northeast across southeastern Arkansas as robust instability and very strong wind shear served to produce a volatile severe weather environment. To the east in Mississippi, storm activity proved to be more isolated as deep convection struggled develop across the state. With much of the area not being convectively overturned, an area of thunderstorm activity near the Mississippi River near Vicksburg, MS began to become stronger and took advantage of the open warm sector environment, well east of the competitive storm environment to the west that had thus far impeded tornado development. This area of thunderstorm activity quickly consolidated into an organized supercell and produced a family of long track, strong to violent tornadoes from the Mississippi Delta, across central Mississippi, and finally into portions of northeast Mississippi. This cyclical tornado-producing supercell was responsible for the vast majority of severe weather reports from the day and would claim 22 lives across the state. Dozens more were injured, and hundreds of homes were damaged or destroyed by these tornadoes. Having wrought widespread destruction across the area, this tornado event by most any measure represents a historic degree of devastation for the state of Mississippi and the region at large.","This long track, violent tornado began over northern |Issaquena County near Grant Rd, downing multiple trees and damaging |two older outbuildings. It tracked northeastward, producing tree |damage as it crossed the Steele Bayou Canal before crossing into |Sharkey County. At this point, the tornado began to substantially |increase in size and intensity. A very high percentage of trees were |snapped along the path through a wooded area south of Bear Lake Rd. |It was in this wooded area where the first indications of EF3 to EF4 |damage were noted, with at least one tree and root ball and several |more large tree pieces fully displaced into the downstream field. |From this point along the path in Sharkey County, there was a well |defined confluence zone in damage along the center of the tornado |track. ||On the western outskirts of the city of Rolling Fork, homes began to |be impacted with significant roof damage along Bear Lake Rd. Several |tall wooden utility transmission poles were snapped along Bear |Lake Rd and MS Highway 826. Along Pinkins Rd, each structure along|the road, including several manufactured homes and two site built|homes, was demolished. Structures on the west end of the road |were scattered radially southeastward, and structures on the east |end of the road were scattered northward. An occupant of one of |the mobile homes was critically injured during the tornado and |eventually passed away nearly four weeks later. Debarking was |observed on several hardwood trees, with only stubs of the main |branches of some trees remaining. Crossing MS 826 and along |Fleetwood Rd, an older metal building was swept away, a small home|was destroyed and numerous manufactured homes were destroyed. ||As the tornado moved into the western side of Rolling Fork, the |tornadic wind field was broad, encompassing the area from Race St, |where exterior damage occurred to the Sharkey Issaquena Hospital, to |Bear Lake Rd on the south end where several utility poles were |snapped. The corridor of greatest damage on the west side of the |city, rated high end EF3, extended from 7th St between Martin Ave |and Joor Ave to 3rd St between Southern Ave and Lewis Ave. In this |area, multiple homes lost most exterior walls, several more lost |roofs and some walls, and even more received at least minor damage. |Two fatalities occurred along 7th St when a trailer truck was tossed |into a home. Through this corridor, additional debarking of trees |was noted near the center of the path. Brief and minor weakening |occurred as the tornado moved east of 3rd St and began to approach |Deer Creek, with EF2 damage still common. Along the creek, the |fire station, Rolling Fork Elementary School, and South Delta High|School all sustained roof and other exterior damage.||After the tornado crossed Deer Creek and began to move into the |downtown area of Rolling Fork, reintensification occurred. |Additional EF4 damage was noted in the block between Sharkey St and |Worthington Ave and north of Collette Ave where a home and a duplex |apartment were entirely demolished, with the foundation of the |duplex partially swept. Large metal buildings at an agriculture |business at the intersection of East St and West Ave were destroyed. |A fatality occurred when a mobile home along Worthington Ave was |destroyed. On Parkway Ave, a Masonic lodge was leveled and a gas |station was substantially damaged. ||The tornado then crossed Rolling Fork Creek, damaging and destroying |several structures along McLaurin St and China St. A water tower |east of Hicks Ave, which was in service at the time of the tornado, |was felled in a southeastward direction, perpendicular to the |tornado path. In the downtown area, the roof was removed from the |Rolling Fork US Post Office, portions of Rolling Fork City Hall, and |portions of the Rolling Fork Police Department. The Sharkey County |Courthouse received damage to the roof and some windows, with the |cupola removed. Additional EF4 damage was observed as the tornado |crossed Walnut St, with multiple homes and businesses having all or |most walls downed. One building in this corridor was compromised by |two tossed tractor trailers and another was compromised by a |southward facing metal door. A fatality occurred when a mobile home |off Sidney Alexander St north of Walnut St was destroyed.||The tornado reached its peak intensity as it approached US Highway |61 just north of Walnut St. Multiple brick homes along Mulberry St |were leveled, with debris remaining on the foundations. A discount |retail chain store was completely destroyed, with much of the debris |swept to the downstream side of the foundation and rowed along the |tornado path. Two people died at this location. A gift/floral shop |was destroyed, with most debris swept from the foundation. |Additional businesses, including a lumber/hardware store, two |restaurants, a furniture store, and an insurance agency were also |destroyed in this area. One occupant of a truck traveling along US |61 was killed when the tornado tossed his vehicle from the highway |to near the lumber/hardware store. A mobile/manufactured home park |on the east side of US 61 was devastated, with all 30-35 homes |destroyed. Considerable debris from these homes was rowed 300-400|yards downstream along the tornado path into an adjacent field |and stand of trees. Six occupants of these homes died in the |tornado.||The tornado remained strong to violent as it continued northeast of |Rolling Fork across mainly open fields. Through these fields, aerial |imagery revealed multiple areas of ground scarring. The tornado |crossed Matthews Rd near a catfish farm, where several utility poles |were snapped near the ground and covered in 1 to 2 inches of mud. |Some of the poles were tossed into nearby ponds. Prolific tree |damage occurred along Sandy Bayou, with a few buildings along the |outer edges of the path damaged and a tractor trailer flipped. |Another area of EF4 damage was observed from Widow Bayou and E River |Rd northeastward through Dogwood Rd and Linsey Rd. Through this |corridor, extraordinary hardwood tree damage occurred with most |trees completely mangled and debarking noted. There was additional |evidence of trees or large parts of trees being tossed or dragged a |short distance. Several utility poles were snapped, with some tossed |a short distance. An outbuilding type structure off Dogwood Rd was |blown away, with a school bus from the property tossed into nearby |trees. Ground scarring and cycloidal marks were observed in the |field between Dogwood Rd and Linsey Rd, along with mulched tree |debris which was rowed into a narrow line along the center of the |tornado path. Tree damage continued across Keith Rd and Charlie Pitt |Rd as the tornado approached MS Highway 14.||East of Anguilla along MS Highway 14, a frame home was completely|destroyed. Near the home, several power poles were snapped or |broken. Tree damage was extensive with large areas mowed down. A |tenth of a mile east, a mobile home was rolled into nearby trees. |Moving into Humphreys County, along Prudent Rd, most of the roof |was taken off of a home, where the garage collapsed along with a |portion of the front porch. One vehicle was flipped and another |was moved. A metal workshop was destroyed and structural beams |were bent. Along the road, several power poles were snapped and |thrown a couple hundred feet into a nearby field. As the tornado |approached and crossed Seven Mile Rd, intensity increased. Here, |several metal buildings were heavily damaged or destroyed with |structural beams bent. Grain bins had sides collapsed and the tops|blown off. A small brick home was completely destroyed with all |of the exterior walls collapsed. The home next door had a large |portion of the roof removed and part of a wall had collapsed. |Debris from the home was thrown several hundred feet into a nearby|field. Vehicles were moved out of the garage and a large grain |storage cart was thrown into the field as well. ||For several miles, the tornado traveled along MS Highway 149 |moving toward Silver City where large areas of hardwood trees were|snapped and uprooted. Multiple center pivot irrigation systems |were flipped. A mobile home was completely destroyed when it was |rolled into a nearby field. A portion of the roof was blown off a |school. A community along the same road had several homes with |significant roof damage, and at least one home had decking |material partially removed. Several homes and a large metal |building were severely damaged when portions of the roof were |blown off. A second metal building was completely destroyed with |large structural posts bent. ||As the tornado came into Silver City from the west along Highway |149, an apartment complex was heavily damaged. Several buildings |had sections of the roof removed and one building had portions of |the western walls partially collapsed. A fatality occurred in one|of the single story apartment buildings. In the nearby |neighborhood, numerous homes had roof damage. At least two frame |homes were destroyed where one or more exterior walls collapsed. A|large number of old hardwood trees were snapped or uprooted. As |the storm moved east toward US 49W, more trees were snapped and |uprooted. Several homes and a church near the intersection of |MS Highway 14 and US 49W had areas of the roof damaged or |removed. Four mobile homes were completely destroyed. One person |died when a mobile home was tossed into a house, and a child died|in one of the mobile homes that was destroyed. Numerous trees |were snapped and uprooted, a few of which fell on homes. The |rating in the Silver City area ranged from EF1-EF2. ||The tornado continued to track east where mostly tree damage |occurred. In rural portions of Holmes County northeast of Tchula, |there was substantial tree damage with swaths of snapped and |uprooted trees. Several center pivot irrigation systems were |overturned and grain bins were flipped or destroyed. The tornado |continued to move northeast before dissipating in a wooded area |north of Randall Road. The maximum estimated wind gusts in Sharkey County were 195 mph. The total path length was 59.35 miles across the four counties. An estimated 165 injuries were caused by this tornado, including 150 in Sharkey County and 15 in Humphreys County."
MS-ACTION-2023-03-25-governor-reeves-issues-state-of-emergency-following-severe,,Tate Reeves,Governor Reeves Issues State of Emergency Following Severe Storms,2023-03-25,https://governorreeves.ms.gov/wp-json/wp/v2/posts/1204,1106736,180848,2023-03-24 17:11:00,2023-03-24 17:11:00,C,county/county-equivalent,127,SIMPSON,Thunderstorm Wind,52.0,EG,0,0,10.00K,0.00K,Law Enforcement,"In the afternoon and evening of the 24th, clusters of strong to severe storms were stretched from southwest to northeast across southeastern Arkansas as robust instability and very strong wind shear served to produce a volatile severe weather environment. To the east in Mississippi, storm activity proved to be more isolated as deep convection struggled develop across the state. With much of the area not being convectively overturned, an area of thunderstorm activity near the Mississippi River near Vicksburg, MS began to become stronger and took advantage of the open warm sector environment, well east of the competitive storm environment to the west that had thus far impeded tornado development. This area of thunderstorm activity quickly consolidated into an organized supercell and produced a family of long track, strong to violent tornadoes from the Mississippi Delta, across central Mississippi, and finally into portions of northeast Mississippi. This cyclical tornado-producing supercell was responsible for the vast majority of severe weather reports from the day and would claim 22 lives across the state. Dozens more were injured, and hundreds of homes were damaged or destroyed by these tornadoes. Having wrought widespread destruction across the area, this tornado event by most any measure represents a historic degree of devastation for the state of Mississippi and the region at large.",Multiple trees were downed near Pinola near MS-28.
MS-ACTION-2023-03-25-governor-reeves-issues-state-of-emergency-following-severe,,Tate Reeves,Governor Reeves Issues State of Emergency Following Severe Storms,2023-03-25,https://governorreeves.ms.gov/wp-json/wp/v2/posts/1204,1106445,181723,2023-03-26 04:01:00,2023-03-26 04:01:00,C,county/county-equivalent,129,SMITH,Hail,1.5,,0,0,250.00K,0.00K,Public,"On Sunday, March 26th 2023 the juxtaposition of high instability and strong mid and upper level shear was confined to central and southern Mississippi. A few predawn supercell thunderstorms developed along an eastward moving line with a break in activity through the remainder of the morning. Heating during the day resulted in vigorous redevelopment by afternoon. Near interstate 20, a stalled composite outflow boundary/cold front was lingering in the area and separated the unstable environment from a cooler, stable airmass to the north. The environment supported numerous supercell thunderstorms which produced swaths of large to very large hail, some as large as baseballs (2.75 inch), with much of the destructive hail confined to the vicinity of the boundary. A few of these storms would also produce damaging wind gusts.",Hail as large as ping pong ball (1.5) was observed near Taylorsville.
MS-ACTION-2023-03-25-governor-reeves-issues-state-of-emergency-following-severe,,Tate Reeves,Governor Reeves Issues State of Emergency Following Severe Storms,2023-03-25,https://governorreeves.ms.gov/wp-json/wp/v2/posts/1204,1106549,181723,2023-03-26 17:09:00,2023-03-26 17:09:00,C,county/county-equivalent,129,SMITH,Thunderstorm Wind,52.0,EG,0,0,2.00K,0.00K,Emergency Manager,"On Sunday, March 26th 2023 the juxtaposition of high instability and strong mid and upper level shear was confined to central and southern Mississippi. A few predawn supercell thunderstorms developed along an eastward moving line with a break in activity through the remainder of the morning. Heating during the day resulted in vigorous redevelopment by afternoon. Near interstate 20, a stalled composite outflow boundary/cold front was lingering in the area and separated the unstable environment from a cooler, stable airmass to the north. The environment supported numerous supercell thunderstorms which produced swaths of large to very large hail, some as large as baseballs (2.75 inch), with much of the destructive hail confined to the vicinity of the boundary. A few of these storms would also produce damaging wind gusts.",A couple of trees were downed along SCR 558.
MS-ACTION-2023-03-25-governor-reeves-issues-state-of-emergency-following-severe,,Tate Reeves,Governor Reeves Issues State of Emergency Following Severe Storms,2023-03-25,https://governorreeves.ms.gov/wp-json/wp/v2/posts/1204,1106550,181723,2023-03-26 17:15:00,2023-03-26 17:15:00,C,county/county-equivalent,129,SMITH,Thunderstorm Wind,52.0,EG,0,0,15.00K,0.00K,Emergency Manager,"On Sunday, March 26th 2023 the juxtaposition of high instability and strong mid and upper level shear was confined to central and southern Mississippi. A few predawn supercell thunderstorms developed along an eastward moving line with a break in activity through the remainder of the morning. Heating during the day resulted in vigorous redevelopment by afternoon. Near interstate 20, a stalled composite outflow boundary/cold front was lingering in the area and separated the unstable environment from a cooler, stable airmass to the north. The environment supported numerous supercell thunderstorms which produced swaths of large to very large hail, some as large as baseballs (2.75 inch), with much of the destructive hail confined to the vicinity of the boundary. A few of these storms would also produce damaging wind gusts.",A roof was blown off a double wide mobile home.
MS-ACTION-2023-03-25-governor-reeves-issues-state-of-emergency-following-severe,,Tate Reeves,Governor Reeves Issues State of Emergency Following Severe Storms,2023-03-25,https://governorreeves.ms.gov/wp-json/wp/v2/posts/1204,1087433,178596,2023-03-24 19:25:00,2023-03-24 19:26:00,C,county/county-equivalent,135,TALLAHATCHIE,Thunderstorm Wind,50.0,EG,0,0,5.00K,0.00K,NWS Storm Survey,"The first significant event to produce widespread severe weather across the Mid-South for 2023 occurred on March 24, during the afternoon and evening hours.  This severe weather episode occurred mainly over portions of the Lower Mississippi and Tennessee Valleys. Surface analysis for this day depicted a quasi-stationary boundary from the Mid-Atlantic States and Ohio Valley through northern portions of West Tennessee and Arkansas and stretching back through Central Texas. Low pressure tracked along the stalled front into southeast Missouri during the evening. Meanwhile, a potent mid-level trough ejected out of the southwest U.S. Upper air analysis indicated the Lower Mississippi Valley was in the right entrance region of a strong 300 mb upper-level jet streak. This produced sufficient upper-level divergence and lift needed for severe thunderstorm development. ||Moderate instability combined with strong wind shear resulted in a QLCS (Quasi-Linear Convective System) convective mode. This northern part of the QLCS initially started over Western Arkansas Friday afternoon and moved east into Eastern Arkansas by early evening and then across West Tennessee. The northern part of QLCS produced scattered wind damage, flash flooding, and a weak tornado.  The southern end of this QLCS scraped across north Mississippi with numerous reports of flash flooding, damaging winds, and several weak tornadoes. ||The most significant storm of the night occurred during the late evening hours of March 24, as thunderstorms developing in advance of the QLCS streamed northeast Calhoun and Chickasaw Counties. A tight and small circulation developed in Chickasaw County (MS) about 5 miles east-northeast of Trebloc and quickly grew in strength as it moved into Monroe County (MS), producing significant damage from New Wren to Amory and Smithville, with the most significant damage occurring in Amory.",Trees were knocked down along Bethel Road.
MS-ACTION-2023-03-25-governor-reeves-issues-state-of-emergency-following-severe,,Tate Reeves,Governor Reeves Issues State of Emergency Following Severe Storms,2023-03-25,https://governorreeves.ms.gov/wp-json/wp/v2/posts/1204,1087453,178596,2023-03-24 20:20:00,2023-03-24 20:25:00,C,county/county-equivalent,145,UNION,Thunderstorm Wind,70.0,EG,0,0,10.00K,0.00K,NWS Storm Survey,"The first significant event to produce widespread severe weather across the Mid-South for 2023 occurred on March 24, during the afternoon and evening hours.  This severe weather episode occurred mainly over portions of the Lower Mississippi and Tennessee Valleys. Surface analysis for this day depicted a quasi-stationary boundary from the Mid-Atlantic States and Ohio Valley through northern portions of West Tennessee and Arkansas and stretching back through Central Texas. Low pressure tracked along the stalled front into southeast Missouri during the evening. Meanwhile, a potent mid-level trough ejected out of the southwest U.S. Upper air analysis indicated the Lower Mississippi Valley was in the right entrance region of a strong 300 mb upper-level jet streak. This produced sufficient upper-level divergence and lift needed for severe thunderstorm development. ||Moderate instability combined with strong wind shear resulted in a QLCS (Quasi-Linear Convective System) convective mode. This northern part of the QLCS initially started over Western Arkansas Friday afternoon and moved east into Eastern Arkansas by early evening and then across West Tennessee. The northern part of QLCS produced scattered wind damage, flash flooding, and a weak tornado.  The southern end of this QLCS scraped across north Mississippi with numerous reports of flash flooding, damaging winds, and several weak tornadoes. ||The most significant storm of the night occurred during the late evening hours of March 24, as thunderstorms developing in advance of the QLCS streamed northeast Calhoun and Chickasaw Counties. A tight and small circulation developed in Chickasaw County (MS) about 5 miles east-northeast of Trebloc and quickly grew in strength as it moved into Monroe County (MS), producing significant damage from New Wren to Amory and Smithville, with the most significant damage occurring in Amory.",Trees were uprooted along Highway 30 east of Etta.
MS-ACTION-2023-03-25-governor-reeves-issues-state-of-emergency-following-severe,,Tate Reeves,Governor Reeves Issues State of Emergency Following Severe Storms,2023-03-25,https://governorreeves.ms.gov/wp-json/wp/v2/posts/1204,1086884,178596,2023-03-24 20:38:00,2023-03-24 20:39:00,C,county/county-equivalent,145,UNION,Tornado,,,0,1,55.00K,0.00K,NWS Storm Survey,"The first significant event to produce widespread severe weather across the Mid-South for 2023 occurred on March 24, during the afternoon and evening hours.  This severe weather episode occurred mainly over portions of the Lower Mississippi and Tennessee Valleys. Surface analysis for this day depicted a quasi-stationary boundary from the Mid-Atlantic States and Ohio Valley through northern portions of West Tennessee and Arkansas and stretching back through Central Texas. Low pressure tracked along the stalled front into southeast Missouri during the evening. Meanwhile, a potent mid-level trough ejected out of the southwest U.S. Upper air analysis indicated the Lower Mississippi Valley was in the right entrance region of a strong 300 mb upper-level jet streak. This produced sufficient upper-level divergence and lift needed for severe thunderstorm development. ||Moderate instability combined with strong wind shear resulted in a QLCS (Quasi-Linear Convective System) convective mode. This northern part of the QLCS initially started over Western Arkansas Friday afternoon and moved east into Eastern Arkansas by early evening and then across West Tennessee. The northern part of QLCS produced scattered wind damage, flash flooding, and a weak tornado.  The southern end of this QLCS scraped across north Mississippi with numerous reports of flash flooding, damaging winds, and several weak tornadoes. ||The most significant storm of the night occurred during the late evening hours of March 24, as thunderstorms developing in advance of the QLCS streamed northeast Calhoun and Chickasaw Counties. A tight and small circulation developed in Chickasaw County (MS) about 5 miles east-northeast of Trebloc and quickly grew in strength as it moved into Monroe County (MS), producing significant damage from New Wren to Amory and Smithville, with the most significant damage occurring in Amory.",The short-lived tornado initially touched down just southwest of County Road 222. Numerous trees were snapped and uprooted at the beginning of the path. The tornado traveled northeast and damaged an outbuilding and patio at a residence. Numerous trees were uprooted on the same property. This tornado traveled up County Road 180 causing minor roof damage to several homes. The tornado lifted just north of the intersection of County Roads 180 and 222. A lone injury occurred in the same area as a tree fell on a moving vehicle with a male passenger inside. Peak winds were estimated at 90 mph.
MS-ACTION-2023-03-25-governor-reeves-issues-state-of-emergency-following-severe,,Tate Reeves,Governor Reeves Issues State of Emergency Following Severe Storms,2023-03-25,https://governorreeves.ms.gov/wp-json/wp/v2/posts/1204,1087454,178596,2023-03-24 20:39:00,2023-03-24 20:40:00,C,county/county-equivalent,145,UNION,Thunderstorm Wind,70.0,EG,0,0,15.00K,0.00K,NWS Storm Survey,"The first significant event to produce widespread severe weather across the Mid-South for 2023 occurred on March 24, during the afternoon and evening hours.  This severe weather episode occurred mainly over portions of the Lower Mississippi and Tennessee Valleys. Surface analysis for this day depicted a quasi-stationary boundary from the Mid-Atlantic States and Ohio Valley through northern portions of West Tennessee and Arkansas and stretching back through Central Texas. Low pressure tracked along the stalled front into southeast Missouri during the evening. Meanwhile, a potent mid-level trough ejected out of the southwest U.S. Upper air analysis indicated the Lower Mississippi Valley was in the right entrance region of a strong 300 mb upper-level jet streak. This produced sufficient upper-level divergence and lift needed for severe thunderstorm development. ||Moderate instability combined with strong wind shear resulted in a QLCS (Quasi-Linear Convective System) convective mode. This northern part of the QLCS initially started over Western Arkansas Friday afternoon and moved east into Eastern Arkansas by early evening and then across West Tennessee. The northern part of QLCS produced scattered wind damage, flash flooding, and a weak tornado.  The southern end of this QLCS scraped across north Mississippi with numerous reports of flash flooding, damaging winds, and several weak tornadoes. ||The most significant storm of the night occurred during the late evening hours of March 24, as thunderstorms developing in advance of the QLCS streamed northeast Calhoun and Chickasaw Counties. A tight and small circulation developed in Chickasaw County (MS) about 5 miles east-northeast of Trebloc and quickly grew in strength as it moved into Monroe County (MS), producing significant damage from New Wren to Amory and Smithville, with the most significant damage occurring in Amory.",The rear flank downdraft from a nearby tornado uprooted trees along County Road 180 and caused roof damage to a home.
MS-ACTION-2023-03-25-governor-reeves-issues-state-of-emergency-following-severe,,Tate Reeves,Governor Reeves Issues State of Emergency Following Severe Storms,2023-03-25,https://governorreeves.ms.gov/wp-json/wp/v2/posts/1204,1088971,178890,2023-03-28 06:14:00,2023-03-28 06:14:00,C,county/county-equivalent,147,WALTHALL,Hail,1.25,,0,0,0.00K,0.00K,Emergency Manager,"A surface boundary associated with shortwave trough was draped across the CWA during the morning hours of March 28th. A few hours after midnight, stronger thunderstorms began to pop up along the boundary. One cell briefly turn severe as it moved into Southwest Mississippi, producing half dollar sized hail. This storm moved off to the northeast out of our CWA and no additional storms turned severe.",Emergency management reported half dollar sized hail.
MS-ACTION-2023-03-25-governor-reeves-issues-state-of-emergency-following-severe,,Tate Reeves,Governor Reeves Issues State of Emergency Following Severe Storms,2023-03-25,https://governorreeves.ms.gov/wp-json/wp/v2/posts/1204,1106454,181723,2023-03-26 15:18:00,2023-03-26 15:31:00,C,county/county-equivalent,149,WARREN,Hail,1.75,,0,0,1.00K,0.00K,Emergency Manager,"On Sunday, March 26th 2023 the juxtaposition of high instability and strong mid and upper level shear was confined to central and southern Mississippi. A few predawn supercell thunderstorms developed along an eastward moving line with a break in activity through the remainder of the morning. Heating during the day resulted in vigorous redevelopment by afternoon. Near interstate 20, a stalled composite outflow boundary/cold front was lingering in the area and separated the unstable environment from a cooler, stable airmass to the north. The environment supported numerous supercell thunderstorms which produced swaths of large to very large hail, some as large as baseballs (2.75 inch), with much of the destructive hail confined to the vicinity of the boundary. A few of these storms would also produce damaging wind gusts.",A swath of hail as large as ping pong balls fell across Warren County from near the Mississippi River in northern Vicksburg along I-20 eastward to the Hinds County border.
MS-ACTION-2023-03-25-governor-reeves-issues-state-of-emergency-following-severe,,Tate Reeves,Governor Reeves Issues State of Emergency Following Severe Storms,2023-03-25,https://governorreeves.ms.gov/wp-json/wp/v2/posts/1204,1106452,181723,2023-03-26 15:21:00,2023-03-26 15:21:00,C,county/county-equivalent,149,WARREN,Thunderstorm Wind,52.0,EG,0,0,20.00K,0.00K,Emergency Manager,"On Sunday, March 26th 2023 the juxtaposition of high instability and strong mid and upper level shear was confined to central and southern Mississippi. A few predawn supercell thunderstorms developed along an eastward moving line with a break in activity through the remainder of the morning. Heating during the day resulted in vigorous redevelopment by afternoon. Near interstate 20, a stalled composite outflow boundary/cold front was lingering in the area and separated the unstable environment from a cooler, stable airmass to the north. The environment supported numerous supercell thunderstorms which produced swaths of large to very large hail, some as large as baseballs (2.75 inch), with much of the destructive hail confined to the vicinity of the boundary. A few of these storms would also produce damaging wind gusts.",Emergency manager reported multiple trees and powerlines down across I-20 and on Porters Chapel Road.
MS-ACTION-2023-03-25-governor-reeves-issues-state-of-emergency-following-severe,,Tate Reeves,Governor Reeves Issues State of Emergency Following Severe Storms,2023-03-25,https://governorreeves.ms.gov/wp-json/wp/v2/posts/1204,1106456,181723,2023-03-26 15:25:00,2023-03-26 15:25:00,C,county/county-equivalent,149,WARREN,Thunderstorm Wind,52.0,EG,0,0,100.00K,0.00K,Emergency Manager,"On Sunday, March 26th 2023 the juxtaposition of high instability and strong mid and upper level shear was confined to central and southern Mississippi. A few predawn supercell thunderstorms developed along an eastward moving line with a break in activity through the remainder of the morning. Heating during the day resulted in vigorous redevelopment by afternoon. Near interstate 20, a stalled composite outflow boundary/cold front was lingering in the area and separated the unstable environment from a cooler, stable airmass to the north. The environment supported numerous supercell thunderstorms which produced swaths of large to very large hail, some as large as baseballs (2.75 inch), with much of the destructive hail confined to the vicinity of the boundary. A few of these storms would also produce damaging wind gusts.","Trees were downed across train tracks, causing a train to derail when it ran into the downed trees."
MS-ACTION-2023-03-25-governor-reeves-issues-state-of-emergency-following-severe,,Tate Reeves,Governor Reeves Issues State of Emergency Following Severe Storms,2023-03-25,https://governorreeves.ms.gov/wp-json/wp/v2/posts/1204,1106574,181723,2023-03-26 18:20:00,2023-03-26 18:20:00,C,county/county-equivalent,149,WARREN,Hail,1.0,,0,0,20.00K,0.00K,Public,"On Sunday, March 26th 2023 the juxtaposition of high instability and strong mid and upper level shear was confined to central and southern Mississippi. A few predawn supercell thunderstorms developed along an eastward moving line with a break in activity through the remainder of the morning. Heating during the day resulted in vigorous redevelopment by afternoon. Near interstate 20, a stalled composite outflow boundary/cold front was lingering in the area and separated the unstable environment from a cooler, stable airmass to the north. The environment supported numerous supercell thunderstorms which produced swaths of large to very large hail, some as large as baseballs (2.75 inch), with much of the destructive hail confined to the vicinity of the boundary. A few of these storms would also produce damaging wind gusts.",Hail as large as 1 inch fell.
MS-ACTION-2023-03-25-governor-reeves-issues-state-of-emergency-following-severe,,Tate Reeves,Governor Reeves Issues State of Emergency Following Severe Storms,2023-03-25,https://governorreeves.ms.gov/wp-json/wp/v2/posts/1204,1107078,180848,2023-03-24 19:34:00,2023-03-24 19:34:00,C,county/county-equivalent,151,WASHINGTON,Thunderstorm Wind,52.0,MG,0,0,1.00K,0.00K,ASOS,"In the afternoon and evening of the 24th, clusters of strong to severe storms were stretched from southwest to northeast across southeastern Arkansas as robust instability and very strong wind shear served to produce a volatile severe weather environment. To the east in Mississippi, storm activity proved to be more isolated as deep convection struggled develop across the state. With much of the area not being convectively overturned, an area of thunderstorm activity near the Mississippi River near Vicksburg, MS began to become stronger and took advantage of the open warm sector environment, well east of the competitive storm environment to the west that had thus far impeded tornado development. This area of thunderstorm activity quickly consolidated into an organized supercell and produced a family of long track, strong to violent tornadoes from the Mississippi Delta, across central Mississippi, and finally into portions of northeast Mississippi. This cyclical tornado-producing supercell was responsible for the vast majority of severe weather reports from the day and would claim 22 lives across the state. Dozens more were injured, and hundreds of homes were damaged or destroyed by these tornadoes. Having wrought widespread destruction across the area, this tornado event by most any measure represents a historic degree of devastation for the state of Mississippi and the region at large.",The GLH ASOS station reported a wind gust of 54 kts as a band of thunderstorms moved east across the site.
MS-ACTION-2023-03-25-governor-reeves-issues-state-of-emergency-following-severe,,Tate Reeves,Governor Reeves Issues State of Emergency Following Severe Storms,2023-03-25,https://governorreeves.ms.gov/wp-json/wp/v2/posts/1204,1086751,178596,2023-03-24 19:40:00,2023-03-24 19:45:00,C,county/county-equivalent,161,YALOBUSHA,Thunderstorm Wind,50.0,EG,0,0,10.00K,0.00K,Emergency Manager,"The first significant event to produce widespread severe weather across the Mid-South for 2023 occurred on March 24, during the afternoon and evening hours.  This severe weather episode occurred mainly over portions of the Lower Mississippi and Tennessee Valleys. Surface analysis for this day depicted a quasi-stationary boundary from the Mid-Atlantic States and Ohio Valley through northern portions of West Tennessee and Arkansas and stretching back through Central Texas. Low pressure tracked along the stalled front into southeast Missouri during the evening. Meanwhile, a potent mid-level trough ejected out of the southwest U.S. Upper air analysis indicated the Lower Mississippi Valley was in the right entrance region of a strong 300 mb upper-level jet streak. This produced sufficient upper-level divergence and lift needed for severe thunderstorm development. ||Moderate instability combined with strong wind shear resulted in a QLCS (Quasi-Linear Convective System) convective mode. This northern part of the QLCS initially started over Western Arkansas Friday afternoon and moved east into Eastern Arkansas by early evening and then across West Tennessee. The northern part of QLCS produced scattered wind damage, flash flooding, and a weak tornado.  The southern end of this QLCS scraped across north Mississippi with numerous reports of flash flooding, damaging winds, and several weak tornadoes. ||The most significant storm of the night occurred during the late evening hours of March 24, as thunderstorms developing in advance of the QLCS streamed northeast Calhoun and Chickasaw Counties. A tight and small circulation developed in Chickasaw County (MS) about 5 miles east-northeast of Trebloc and quickly grew in strength as it moved into Monroe County (MS), producing significant damage from New Wren to Amory and Smithville, with the most significant damage occurring in Amory.",Large tree fell on a home near Enid Lake causing significant damage to the roof.
MS-ACTION-2023-04-04-governor-reeves-issues-state-of-emergency-following-severe,,Tate Reeves,Governor Reeves Issues State of Emergency Following Severe Storms,2023-04-04,https://governorreeves.ms.gov/wp-json/wp/v2/posts/1211,1096102,179935,2023-04-06 14:01:00,2023-04-06 14:01:00,C,county/county-equivalent,5,AMITE,Hail,1.0,,0,0,0.00K,0.00K,Law Enforcement,"A stalled surface boundary was draped over the the northwestern portions of the area during the afternoon hours. In the early afternoon, storms began to develop in response to the improving instability and one dominant cell emerged along the boundary over southwest Mississippi. At peak intensity, the cell produced quarter sized hail in Wilkinson and Amite county in southwest Mississippi before weakening as it moved off of the boundary to the east-northeast.",Gloster police department reported quarter sized hail.
MS-ACTION-2023-04-04-governor-reeves-issues-state-of-emergency-following-severe,,Tate Reeves,Governor Reeves Issues State of Emergency Following Severe Storms,2023-04-04,https://governorreeves.ms.gov/wp-json/wp/v2/posts/1211,1102055,180962,2023-04-03 02:58:00,2023-04-03 02:59:00,C,county/county-equivalent,29,COPIAH,Hail,1.0,,0,0,200.00K,0.00K,Public,Multiple storms developed across the region and produced tornadoes along with large hail.,Hail up to quarter size fell in Crystal Springs.
MS-ACTION-2023-04-04-governor-reeves-issues-state-of-emergency-following-severe,,Tate Reeves,Governor Reeves Issues State of Emergency Following Severe Storms,2023-04-04,https://governorreeves.ms.gov/wp-json/wp/v2/posts/1211,1102058,180962,2023-04-03 03:10:00,2023-04-03 03:11:00,C,county/county-equivalent,29,COPIAH,Thunderstorm Wind,52.0,EG,0,0,2.00K,0.00K,Public,Multiple storms developed across the region and produced tornadoes along with large hail.,Trees were downed in Gallman.
MS-ACTION-2023-04-04-governor-reeves-issues-state-of-emergency-following-severe,,Tate Reeves,Governor Reeves Issues State of Emergency Following Severe Storms,2023-04-04,https://governorreeves.ms.gov/wp-json/wp/v2/posts/1211,1102054,180962,2023-04-03 02:23:00,2023-04-03 02:24:00,C,county/county-equivalent,49,HINDS,Hail,1.0,,0,0,100.00K,0.00K,Law Enforcement,Multiple storms developed across the region and produced tornadoes along with large hail.,Hail to quarter size fell in Utica.
MS-ACTION-2023-04-04-governor-reeves-issues-state-of-emergency-following-severe,,Tate Reeves,Governor Reeves Issues State of Emergency Following Severe Storms,2023-04-04,https://governorreeves.ms.gov/wp-json/wp/v2/posts/1211,1152565,180963,2023-04-05 15:15:00,2023-04-05 15:15:00,C,county/county-equivalent,49,HINDS,Hail,0.88,,0,0,0.00K,0.00K,Emergency Manager,Storms developed and produced large hail.,Hail up to the size of nickels fell near the intersection of Gary Road and Terry Road.
MS-ACTION-2023-04-04-governor-reeves-issues-state-of-emergency-following-severe,,Tate Reeves,Governor Reeves Issues State of Emergency Following Severe Storms,2023-04-04,https://governorreeves.ms.gov/wp-json/wp/v2/posts/1211,1102118,180963,2023-04-05 17:50:00,2023-04-05 18:30:00,C,county/county-equivalent,49,HINDS,Flash Flood,,,0,0,1.00K,0.00K,Emergency Manager,Storms developed and produced large hail.,Flash flooding on Highway 80 just east of intersection with Lynch Street.
MS-ACTION-2023-04-04-governor-reeves-issues-state-of-emergency-following-severe,,Tate Reeves,Governor Reeves Issues State of Emergency Following Severe Storms,2023-04-04,https://governorreeves.ms.gov/wp-json/wp/v2/posts/1211,1096099,179934,2023-04-01 13:47:00,2023-04-01 13:47:00,C,county/county-equivalent,59,JACKSON,Hail,1.0,,0,0,0.00K,0.00K,Broadcast Media,"A cold front sweeping from the northwest came through during the afternoon on April 1st. Out ahead of the front, moderately unstable air paired with the forcing of the front triggered many cells along it. The strongest cell formed along the Mississippi coast where the air was most unstable and overall conditions were most favorable. It was there in Vancleave, MS where quarter-sized hail fell out of that storm as it reached peak intensity before it weakened as the front pushed offshore.",Picture of hail in Vancleave estimated to be an inch in size shared by media via social media.
MS-ACTION-2023-04-04-governor-reeves-issues-state-of-emergency-following-severe,,Tate Reeves,Governor Reeves Issues State of Emergency Following Severe Storms,2023-04-04,https://governorreeves.ms.gov/wp-json/wp/v2/posts/1211,1102056,180962,2023-04-03 04:41:00,2023-04-03 04:42:00,C,county/county-equivalent,67,JONES,Hail,1.25,,0,0,200.00K,0.00K,Broadcast Media,Multiple storms developed across the region and produced tornadoes along with large hail.,"Hail up to half dollar size was reported in rural Jones County, north of Laurel."
MS-ACTION-2023-04-04-governor-reeves-issues-state-of-emergency-following-severe,,Tate Reeves,Governor Reeves Issues State of Emergency Following Severe Storms,2023-04-04,https://governorreeves.ms.gov/wp-json/wp/v2/posts/1211,1102052,180962,2023-04-03 04:45:00,2023-04-03 04:51:00,C,county/county-equivalent,67,JONES,Tornado,,,0,0,20.00K,0.00K,NWS Storm Survey,Multiple storms developed across the region and produced tornadoes along with large hail.,"A tornado touched down 2 miles southeast of Moss, traveling southeast snapping branches and uprooting trees from near the intersection of Sharon Moss Road and Pacocean Acrs, Bullock road, then at the intersection of Lake Como Road and Ward Road. The tornado continued east-southeast and crossed Sharon Road near Tony Watkins Road where several large branches were snapped. The tornado finally dissipated near the intersection of McMillan Road and King McMillan Road, but not before causing roof, awning, and siding damage to a home nearby."
MS-ACTION-2023-04-04-governor-reeves-issues-state-of-emergency-following-severe,,Tate Reeves,Governor Reeves Issues State of Emergency Following Severe Storms,2023-04-04,https://governorreeves.ms.gov/wp-json/wp/v2/posts/1211,1102057,180962,2023-04-03 04:47:00,2023-04-03 04:48:00,C,county/county-equivalent,67,JONES,Hail,1.0,,0,0,100.00K,0.00K,Public,Multiple storms developed across the region and produced tornadoes along with large hail.,Hail up to the size of quarters fell in Laurel.
MS-ACTION-2023-04-04-governor-reeves-issues-state-of-emergency-following-severe,,Tate Reeves,Governor Reeves Issues State of Emergency Following Severe Storms,2023-04-04,https://governorreeves.ms.gov/wp-json/wp/v2/posts/1211,1102116,180962,2023-04-03 04:12:00,2023-04-03 05:12:00,C,county/county-equivalent,75,LAUDERDALE,Flash Flood,,,0,0,5.00K,0.00K,Department of Highways,Multiple storms developed across the region and produced tornadoes along with large hail.,MDOT reported flooding on US 80 between Hawkins Crossing Drive and Jimmie Rodgers  Parkway. Road was closed off both directions due to flooding.
MS-ACTION-2023-04-04-governor-reeves-issues-state-of-emergency-following-severe,,Tate Reeves,Governor Reeves Issues State of Emergency Following Severe Storms,2023-04-04,https://governorreeves.ms.gov/wp-json/wp/v2/posts/1211,1089592,179007,2023-04-01 00:00:00,2023-04-01 00:02:00,C,county/county-equivalent,81,LEE,Tornado,,,0,0,0.00K,0.00K,NWS Storm Survey,"A regional tornado outbreak occurred during the late afternoon of Friday, March 31, 2023, and continued into the early morning hours of Saturday, April 1, 2023. This outbreak covered portions of the Ohio Valley, and the Middle and Lower Mississippi Valleys, including a good portion of the Mid-South and stretching into the Tennessee Valley. On Friday, March 31, a surface low was located near La Crosse, WI, with a cold front stretching south into central/southwest Missouri, western Arkansas, and into eastern Texas. Surface temperatures were mainly in the 70s to approaching 80 degrees with surface dewpoints in the lower to middle 60s, yielding Surface-Based CAPE (SBCAPE) values between 1500-2000 J/kg by Friday evening. Favorable upper-level divergence produced by the right entrance region of a 140-kt jet streak at 300 mb provided ample lift to produce strong to severe thunderstorms across the region. Directional and speed shear were impressive with 70-80 knots of Effective Bulk Shear present and 0-1 km Storm Relative Helicity values between 500-600 m2/s2, all more than enough for organized thunderstorms across the area. Discrete supercells started to develop across the Lower Mississippi Valley during the afternoon hours on March 31, 2023, eventually tracking into the Mid-South by late afternoon. The first supercell that developed in the Mid-South produced an EF-3 that caused major damage in Wynne, Arkansas. Tornadic supercells continued to produce significant tornado damage across the Mid-South into the early morning hours of April 1, 2023. The hardest hit areas besides Wynne, Arkansas included Covington, Tennessee, and McNairy County, Tennessee. Overall, 14 tornadoes occurred across the Mid-South along with several reports of wind damage and measured damaging wind speeds. Eighteen people in the Mid-South lost their lives in this outbreak.","This tornado crossed from Union County to Lee County along County Road 2700 around 12:00 a.m. CST on April 1.  A poorly anchored home sustained roof removal and collapse of several walls, consistent with a high-end EF1 rating. A church had significant roof damage along County Road 231, and other structures were damaged along County Roads 341 and 2726. In particular, a mobile home/camper trailer was flipped and destroyed in this area. The intensity of the damage picked up along County Road 417, where a vacant double-wide mobile home was swept away and a couple of other homes sustained minor damage. Tree damage here was significant as well. The tornado attained EF2 intensity along County Road 503, where a two-story brick home sustained major roof loss, which began with the uplift of the front porch awning. An adjacent 32x32 two-story garage was swept completely away and destroyed, although it appeared to be poorly anchored. Along County Road 601, another home had total roof loss and several walls collapsed, and extensive tree damage was observed across the road. Further eastward along County Road 601, another home was damaged, and several cedar trees were snapped, consistent with an EF1 rating. Another area of heavier tree damage occurred along County Road 2788 at Highway 45. In addition, the sign at the entrance to an industrial park was damaged. Along Pratts Road, a church and a shop building were damaged, and a few more homes were damaged along the north side of Pratts Road. The tornado weakened significantly after this point, with only lighter, more sporadic tree damage. A couple more homes sustained minor roof damage along Cemetery Road and Highway 370 before the tornado dissipated after crossing County Road 2890.  Peak estimated winds in Lee County were 120 mph. Note that part of this tornado occurred before 12:00 am CST on April 1 and much of that data is included in March's Storm Data. The complete narrative for Lee County is included in both March Storm Data and April Storm Data."
MS-ACTION-2023-04-04-governor-reeves-issues-state-of-emergency-following-severe,,Tate Reeves,Governor Reeves Issues State of Emergency Following Severe Storms,2023-04-04,https://governorreeves.ms.gov/wp-json/wp/v2/posts/1211,1094718,179007,2023-04-01 00:28:00,2023-04-01 00:31:00,C,county/county-equivalent,81,LEE,Tornado,,,0,0,105.00M,0.00K,NWS Storm Survey,"A regional tornado outbreak occurred during the late afternoon of Friday, March 31, 2023, and continued into the early morning hours of Saturday, April 1, 2023. This outbreak covered portions of the Ohio Valley, and the Middle and Lower Mississippi Valleys, including a good portion of the Mid-South and stretching into the Tennessee Valley. On Friday, March 31, a surface low was located near La Crosse, WI, with a cold front stretching south into central/southwest Missouri, western Arkansas, and into eastern Texas. Surface temperatures were mainly in the 70s to approaching 80 degrees with surface dewpoints in the lower to middle 60s, yielding Surface-Based CAPE (SBCAPE) values between 1500-2000 J/kg by Friday evening. Favorable upper-level divergence produced by the right entrance region of a 140-kt jet streak at 300 mb provided ample lift to produce strong to severe thunderstorms across the region. Directional and speed shear were impressive with 70-80 knots of Effective Bulk Shear present and 0-1 km Storm Relative Helicity values between 500-600 m2/s2, all more than enough for organized thunderstorms across the area. Discrete supercells started to develop across the Lower Mississippi Valley during the afternoon hours on March 31, 2023, eventually tracking into the Mid-South by late afternoon. The first supercell that developed in the Mid-South produced an EF-3 that caused major damage in Wynne, Arkansas. Tornadic supercells continued to produce significant tornado damage across the Mid-South into the early morning hours of April 1, 2023. The hardest hit areas besides Wynne, Arkansas included Covington, Tennessee, and McNairy County, Tennessee. Overall, 14 tornadoes occurred across the Mid-South along with several reports of wind damage and measured damaging wind speeds. Eighteen people in the Mid-South lost their lives in this outbreak.","NWS meteorologists surveyed the damage in southern Tupelo and confirmed a relatively brief but strong EF1 tornado. The damage began along Nixon Drive, with minor roof and tree damage. Several roofs sustained damage along Chickasaw Trail, several trees were downed and a privacy fence was blown over near the North Mississippi Medical Center Women's Hospital. Several vehicles in this area were damaged as well. The damage intensified dramatically at the Legget and Platt warehouse, with likely failure of west-facing garage doors leading to roof uplift and collapse of most exterior walls. Damage here was rated high-end EF1, with winds estimated at 110 mph. Several semi-trailers were shifted in the back parking lot, with one being flipped. After crossing South Green Street, the Cooper Tire facility sustained considerable roof loss to several buildings, with insulation and roofing material scattered downwind. This damage was also rated EF1, with estimated winds of 100 mph. After crossing Highway 45, the damage path became weaker and slightly wider, with numerous small trees and tree limbs being damaged amid an extensive debris field from Cooper Tire. A small outbuilding was knocked down near the end of South Veterans Blvd as the damage path ended. It should be noted that excessive debris fallout continued for several miles eastward, although no visible damage was observed past South Veterans Blvd. Peak winds were estimated at 110 mph."
MS-ACTION-2023-04-04-governor-reeves-issues-state-of-emergency-following-severe,,Tate Reeves,Governor Reeves Issues State of Emergency Following Severe Storms,2023-04-04,https://governorreeves.ms.gov/wp-json/wp/v2/posts/1211,1102068,180963,2023-04-05 15:47:00,2023-04-05 15:48:00,C,county/county-equivalent,89,MADISON,Thunderstorm Wind,52.0,EG,0,0,3.00K,0.00K,NWS Employee,Storms developed and produced large hail.,NWS employee reported trees down across Natchez Trace Parkway.
MS-ACTION-2023-04-04-governor-reeves-issues-state-of-emergency-following-severe,,Tate Reeves,Governor Reeves Issues State of Emergency Following Severe Storms,2023-04-04,https://governorreeves.ms.gov/wp-json/wp/v2/posts/1211,1089589,179007,2023-04-01 00:00:00,2023-04-01 00:21:00,C,county/county-equivalent,115,PONTOTOC,Tornado,,,1,5,0.00K,0.00K,NWS Storm Survey,"A regional tornado outbreak occurred during the late afternoon of Friday, March 31, 2023, and continued into the early morning hours of Saturday, April 1, 2023. This outbreak covered portions of the Ohio Valley, and the Middle and Lower Mississippi Valleys, including a good portion of the Mid-South and stretching into the Tennessee Valley. On Friday, March 31, a surface low was located near La Crosse, WI, with a cold front stretching south into central/southwest Missouri, western Arkansas, and into eastern Texas. Surface temperatures were mainly in the 70s to approaching 80 degrees with surface dewpoints in the lower to middle 60s, yielding Surface-Based CAPE (SBCAPE) values between 1500-2000 J/kg by Friday evening. Favorable upper-level divergence produced by the right entrance region of a 140-kt jet streak at 300 mb provided ample lift to produce strong to severe thunderstorms across the region. Directional and speed shear were impressive with 70-80 knots of Effective Bulk Shear present and 0-1 km Storm Relative Helicity values between 500-600 m2/s2, all more than enough for organized thunderstorms across the area. Discrete supercells started to develop across the Lower Mississippi Valley during the afternoon hours on March 31, 2023, eventually tracking into the Mid-South by late afternoon. The first supercell that developed in the Mid-South produced an EF-3 that caused major damage in Wynne, Arkansas. Tornadic supercells continued to produce significant tornado damage across the Mid-South into the early morning hours of April 1, 2023. The hardest hit areas besides Wynne, Arkansas included Covington, Tennessee, and McNairy County, Tennessee. Overall, 14 tornadoes occurred across the Mid-South along with several reports of wind damage and measured damaging wind speeds. Eighteen people in the Mid-South lost their lives in this outbreak.","A storm survey of Pontotoc County confirmed an EF-2 tornado moved across the area around 12:00 a.m. CST on April 1. The tornado began in far western Pontotoc County, around Antioch Road, with a few trees downed and tree limbs snapped. Along Highway 9 and Houpt Road, tree damage became more significant, and a few homes and outbuildings sustained damage. A brick home on Highway 9 sustained heavy damage to the front side, mostly caused by a large uprooted tree. Damage in this area was rated EF-1. Weaker damage continued south of the Springville community before another area of EF-1 damage was noted along Highway 341 at Foster Lane. Here a brick home sustained significant roof loss, caused partially by the uplift of an open-air carport. A few other homes had roof damage as the tornado continued to the south side of Pontotoc. A swath of more intense damage ran from Highway 15 across Highway 41 and East 10th Street, with numerous homes sustaining considerable damage. The tornado reached EF-2 intensity in this area, based on a double-wide mobile home being swept away, two brick homes having significant roof loss, and a large anchored garage being destroyed. Bolted footings that remained in place were observed in the garage. Damage to other homes in the area was rated EF-1, and many trees were uprooted, with a good number of snaps as well. Significant tree damage, along with minor structural damage, continued across Horseshoe Bend, Hall Road, and New Hope Road, maintaining EF-1 intensity. After briefly weakening near Highway 278, the tornado encountered the College Hill Lane neighborhood along Old Highway 6. Here, more significant damage was observed to structures and trees, mostly pines. A site-built home lost part of its roof, and a neighboring double-wide was swept away and scattered south and east, resulting in a fatality. Additionally, other homes sustained minor damage, and a small barber shop building was rolled and destroyed. Damage continued in the EF-0 range from Faulkner Road to near the Lee County line, with several more homes being damaged and numerous trees being uprooted. The more severe home damage in this area appeared to be a combination of tree failure or uplift of garages/carports, thus the rating was kept at high-end EF-0. At Country Oaks Circle, a church sign and cemetery sign were blown down, and several headstones in the cemetery sustained damage. The damage path appeared to end in a grove of trees just south of Old Highway 6, and no damage was observed on County Road 41 at the Pontotoc/Lee county line. Along the track, 12 homes were destroyed and 120 were damaged. Peak estimated winds in Pontotoc County were 120 mph. Note that part of this tornado occurred before 12:00 am CST on April 1 and much of that data is included in March's Storm Data. The complete narrative is included in both March Storm Data and April Storm Data."
MS-ACTION-2023-04-04-governor-reeves-issues-state-of-emergency-following-severe,,Tate Reeves,Governor Reeves Issues State of Emergency Following Severe Storms,2023-04-04,https://governorreeves.ms.gov/wp-json/wp/v2/posts/1211,1094727,179007,2023-04-01 00:20:00,2023-04-01 00:25:00,C,county/county-equivalent,117,PRENTISS,Thunderstorm Wind,50.0,EG,0,0,5.00K,0.00K,Public,"A regional tornado outbreak occurred during the late afternoon of Friday, March 31, 2023, and continued into the early morning hours of Saturday, April 1, 2023. This outbreak covered portions of the Ohio Valley, and the Middle and Lower Mississippi Valleys, including a good portion of the Mid-South and stretching into the Tennessee Valley. On Friday, March 31, a surface low was located near La Crosse, WI, with a cold front stretching south into central/southwest Missouri, western Arkansas, and into eastern Texas. Surface temperatures were mainly in the 70s to approaching 80 degrees with surface dewpoints in the lower to middle 60s, yielding Surface-Based CAPE (SBCAPE) values between 1500-2000 J/kg by Friday evening. Favorable upper-level divergence produced by the right entrance region of a 140-kt jet streak at 300 mb provided ample lift to produce strong to severe thunderstorms across the region. Directional and speed shear were impressive with 70-80 knots of Effective Bulk Shear present and 0-1 km Storm Relative Helicity values between 500-600 m2/s2, all more than enough for organized thunderstorms across the area. Discrete supercells started to develop across the Lower Mississippi Valley during the afternoon hours on March 31, 2023, eventually tracking into the Mid-South by late afternoon. The first supercell that developed in the Mid-South produced an EF-3 that caused major damage in Wynne, Arkansas. Tornadic supercells continued to produce significant tornado damage across the Mid-South into the early morning hours of April 1, 2023. The hardest hit areas besides Wynne, Arkansas included Covington, Tennessee, and McNairy County, Tennessee. Overall, 14 tornadoes occurred across the Mid-South along with several reports of wind damage and measured damaging wind speeds. Eighteen people in the Mid-South lost their lives in this outbreak.",Straight-line winds broke one inch tree limbs and tore shingles off a roof.
MS-ACTION-2023-04-04-governor-reeves-issues-state-of-emergency-following-severe,,Tate Reeves,Governor Reeves Issues State of Emergency Following Severe Storms,2023-04-04,https://governorreeves.ms.gov/wp-json/wp/v2/posts/1211,1102063,180963,2023-04-05 15:47:00,2023-04-05 15:48:00,C,county/county-equivalent,121,RANKIN,Hail,1.0,,0,0,50.00K,0.00K,NWS Employee,Storms developed and produced large hail.,Quarter size hail fell in the Laurelwood subdivision.
MS-ACTION-2023-04-04-governor-reeves-issues-state-of-emergency-following-severe,,Tate Reeves,Governor Reeves Issues State of Emergency Following Severe Storms,2023-04-04,https://governorreeves.ms.gov/wp-json/wp/v2/posts/1211,1102065,180963,2023-04-05 15:51:00,2023-04-05 15:51:00,C,county/county-equivalent,121,RANKIN,Hail,1.0,,0,0,50.00K,0.00K,Broadcast Media,Storms developed and produced large hail.,Quarter size hail fell near Hugh Ward Boulevard.
MS-ACTION-2023-04-04-governor-reeves-issues-state-of-emergency-following-severe,,Tate Reeves,Governor Reeves Issues State of Emergency Following Severe Storms,2023-04-04,https://governorreeves.ms.gov/wp-json/wp/v2/posts/1211,1102064,180963,2023-04-05 15:53:00,2023-04-05 15:54:00,C,county/county-equivalent,121,RANKIN,Hail,1.0,,0,0,50.00K,0.00K,Public,Storms developed and produced large hail.,Quarter size hail fell near Fannin.
MS-ACTION-2023-04-04-governor-reeves-issues-state-of-emergency-following-severe,,Tate Reeves,Governor Reeves Issues State of Emergency Following Severe Storms,2023-04-04,https://governorreeves.ms.gov/wp-json/wp/v2/posts/1211,1102051,180962,2023-04-03 03:37:00,2023-04-03 03:46:00,C,county/county-equivalent,127,SIMPSON,Tornado,,,0,0,20.00K,0.00K,NWS Storm Survey,Multiple storms developed across the region and produced tornadoes along with large hail.,"A tornado touched down 3 miles south southwest of Mendenhall, just west of Highway 13 near the intersection with Merit Welch Road. Multiple trees were snapped and uprooted as the tornado crossed Highway 13. The tornado continued to move northeastward through mainly rural locations of Simpson County, continuing to uproot trees and snapping branches. The tornado dissipated just under a mile east after crossing Highway 49 near John L. May Road."
MS-ACTION-2023-04-04-governor-reeves-issues-state-of-emergency-following-severe,,Tate Reeves,Governor Reeves Issues State of Emergency Following Severe Storms,2023-04-04,https://governorreeves.ms.gov/wp-json/wp/v2/posts/1211,1102060,180962,2023-04-03 03:53:00,2023-04-03 03:54:00,C,county/county-equivalent,127,SIMPSON,Thunderstorm Wind,52.0,EG,0,0,3.00K,0.00K,NWS Storm Survey,Multiple storms developed across the region and produced tornadoes along with large hail.,Trees down along State Highway 28 near Magee.
MS-ACTION-2023-04-04-governor-reeves-issues-state-of-emergency-following-severe,,Tate Reeves,Governor Reeves Issues State of Emergency Following Severe Storms,2023-04-04,https://governorreeves.ms.gov/wp-json/wp/v2/posts/1211,1102061,180962,2023-04-03 04:08:00,2023-04-03 04:09:00,C,county/county-equivalent,129,SMITH,Thunderstorm Wind,52.0,EG,0,0,3.00K,0.00K,NWS Storm Survey,Multiple storms developed across the region and produced tornadoes along with large hail.,Trees downed along State Highway 28 in Mize.
MS-ACTION-2023-04-04-governor-reeves-issues-state-of-emergency-following-severe,,Tate Reeves,Governor Reeves Issues State of Emergency Following Severe Storms,2023-04-04,https://governorreeves.ms.gov/wp-json/wp/v2/posts/1211,1102062,180962,2023-04-03 04:18:00,2023-04-03 04:19:00,C,county/county-equivalent,129,SMITH,Thunderstorm Wind,52.0,EG,0,0,3.00K,0.00K,NWS Storm Survey,Multiple storms developed across the region and produced tornadoes along with large hail.,Trees downed along State Highway 28 in Taylorsville.
MS-ACTION-2023-04-04-governor-reeves-issues-state-of-emergency-following-severe,,Tate Reeves,Governor Reeves Issues State of Emergency Following Severe Storms,2023-04-04,https://governorreeves.ms.gov/wp-json/wp/v2/posts/1211,1094719,179007,2023-04-01 00:30:00,2023-04-01 00:32:00,C,county/county-equivalent,141,TISHOMINGO,Tornado,,,0,0,50.00K,0.00K,NWS Storm Survey,"A regional tornado outbreak occurred during the late afternoon of Friday, March 31, 2023, and continued into the early morning hours of Saturday, April 1, 2023. This outbreak covered portions of the Ohio Valley, and the Middle and Lower Mississippi Valleys, including a good portion of the Mid-South and stretching into the Tennessee Valley. On Friday, March 31, a surface low was located near La Crosse, WI, with a cold front stretching south into central/southwest Missouri, western Arkansas, and into eastern Texas. Surface temperatures were mainly in the 70s to approaching 80 degrees with surface dewpoints in the lower to middle 60s, yielding Surface-Based CAPE (SBCAPE) values between 1500-2000 J/kg by Friday evening. Favorable upper-level divergence produced by the right entrance region of a 140-kt jet streak at 300 mb provided ample lift to produce strong to severe thunderstorms across the region. Directional and speed shear were impressive with 70-80 knots of Effective Bulk Shear present and 0-1 km Storm Relative Helicity values between 500-600 m2/s2, all more than enough for organized thunderstorms across the area. Discrete supercells started to develop across the Lower Mississippi Valley during the afternoon hours on March 31, 2023, eventually tracking into the Mid-South by late afternoon. The first supercell that developed in the Mid-South produced an EF-3 that caused major damage in Wynne, Arkansas. Tornadic supercells continued to produce significant tornado damage across the Mid-South into the early morning hours of April 1, 2023. The hardest hit areas besides Wynne, Arkansas included Covington, Tennessee, and McNairy County, Tennessee. Overall, 14 tornadoes occurred across the Mid-South along with several reports of wind damage and measured damaging wind speeds. Eighteen people in the Mid-South lost their lives in this outbreak.","A brief tornado passed through Golden, with damage first beginning along Patterson Street in the form of small tree limbs and a power line downed. The most significant damage was along Front Street, where a towing service building was knocked down, a shed was flipped, and the framing of a house under construction collapsed. Also, along Line Road, a shed was destroyed and power lines were downed. Numerous trees were uprooted from Line Road to Moore Road as well. Additional trees were uprooted just north of Bear Creek Road until the tornado dissipated on the banks of Bear Creek. Peak winds were estimated at 85 mph."
MS-ACTION-2023-04-04-governor-reeves-issues-state-of-emergency-following-severe,,Tate Reeves,Governor Reeves Issues State of Emergency Following Severe Storms,2023-04-04,https://governorreeves.ms.gov/wp-json/wp/v2/posts/1211,1095859,179884,2023-04-03 05:10:00,2023-04-03 05:12:00,C,county/county-equivalent,153,WAYNE,Thunderstorm Wind,52.0,EG,0,0,,0.00K,Broadcast Media,A very moist and unstable airmass developed ahead of a cold front. Thunderstorms developed ahead of the front and produced damaging winds and large hail.,High winds caused tree and fence damage.
MS-ACTION-2023-04-04-governor-reeves-issues-state-of-emergency-following-severe,,Tate Reeves,Governor Reeves Issues State of Emergency Following Severe Storms,2023-04-04,https://governorreeves.ms.gov/wp-json/wp/v2/posts/1211,1096101,179935,2023-04-06 11:13:00,2023-04-06 11:13:00,C,county/county-equivalent,157,WILKINSON,Hail,1.0,,0,0,0.00K,0.00K,Emergency Manager,"A stalled surface boundary was draped over the the northwestern portions of the area during the afternoon hours. In the early afternoon, storms began to develop in response to the improving instability and one dominant cell emerged along the boundary over southwest Mississippi. At peak intensity, the cell produced quarter sized hail in Wilkinson and Amite county in southwest Mississippi before weakening as it moved off of the boundary to the east-northeast.",Wilkinson County emergency management reported quarter sized hail.
MS-ACTION-2024-01-14-governor-reeves-issues-state-of-emergency-ahead-of-winter-,,Tate Reeves,Governor Reeves Issues State of Emergency Ahead of Winter Weather,2024-01-14,https://governorreeves.ms.gov/wp-json/wp/v2/posts/1339,1157646,188377,2024-01-14 16:00:00,2024-01-15 18:00:00,Z,NWS forecast zone,5,ALCORN,Winter Storm,,,0,0,0.00K,0.00K,Trained Spotter,"A major winter storm impacted the Mid-South on January 14-15, 2024. Transportation was greatly affected. Snow spread across the Mid-South during the afternoon hours on January 14th as an upper jet intensified across the region in advance of a potent upper trough. By early morning Monday, areas along and south of I-40 and especially near the Tennessee/Mississippi border were located under the right entrance region of the upper jet streak. The lift associated with the jet streak combined with a steady influx of mid-level moisture and strong mid-level frontogenesis resulted in heavy snowfall. The heaviest snowfall in north Mississippi was just south of the Tennessee/Mississippi line where four to eight inches fell.  Further south from Tupelo to Charleston and points south, precipitation was mainly in the form of sleet with amounts up to an inch. The entrance region of the upper jet slowly sagged south through north Mississippi on January 15th and precipitation gradually tapered off.",Around seven inches of snow and fell across Alcorn County.
MS-ACTION-2024-01-14-governor-reeves-issues-state-of-emergency-ahead-of-winter-,,Tate Reeves,Governor Reeves Issues State of Emergency Ahead of Winter Weather,2024-01-14,https://governorreeves.ms.gov/wp-json/wp/v2/posts/1339,1157704,188383,2024-01-14 21:00:00,2024-01-17 10:00:00,Z,NWS forecast zone,5,ALCORN,Extreme Cold/Wind Chill,,,0,0,0.00K,0.00K,AWOS,"An arctic air mass brought very cold air temperatures and sub-zero wind chills across north Mississippi during the January 14-17, 2024 timeframe. As a surface high shifted directly over the Mid-South, clear skies, light winds, and snowpack left the region bitterly cold with well below zero temperatures across extreme north Mississippi on the morning of January 17th.",Wind chill values were 0 degrees to 15 below zero degrees at times. Air temperature was 9 degrees below zero on the morning of 01/17/2024.
MS-ACTION-2024-01-14-governor-reeves-issues-state-of-emergency-ahead-of-winter-,,Tate Reeves,Governor Reeves Issues State of Emergency Ahead of Winter Weather,2024-01-14,https://governorreeves.ms.gov/wp-json/wp/v2/posts/1339,1159463,188475,2024-01-15 23:00:00,2024-01-16 04:00:00,Z,NWS forecast zone,69,AMITE,Winter Weather,,,0,0,0.00K,0.00K,Mesonet,"A very amplified longwave upper level trough situated west of the Mississippi River Valley drove an arctic airmass well into the Gulf of Mexico. It's position, west of the Mississippi River, is common for previous events of very cold airmasses and frozen precipitation locally. Temperatures locally began to plummet from west to east on the evening of January 15th and into the morning hours of January 16th. A layer of mid-level of moisture riding over the colder surface was able to precipitate to the ground. Although temperatures aloft were too warm to support snow, subfreezing surface temperatures resulted in freezing rain and some sleet, even as far south as coastal Louisiana. Accumulation amounts ranged from a slight glazing to around one quarter of an inch. All local interstates, many state highways and local roads with bridges were shutdown due to icy roadways.","Nearby mesonet observations showed temperatures falling below freezing around 5pm. At the same time, radar showed precipitation beginning across the county. Off and on freezing rain persisted for about 5 hours. It's estimated that 0.1 to 0.2 of freezing based on radar."
MS-ACTION-2024-01-14-governor-reeves-issues-state-of-emergency-ahead-of-winter-,,Tate Reeves,Governor Reeves Issues State of Emergency Ahead of Winter Weather,2024-01-14,https://governorreeves.ms.gov/wp-json/wp/v2/posts/1339,1159857,187901,2024-01-15 14:00:00,2024-01-15 23:00:00,Z,NWS forecast zone,37,ATTALA,Winter Storm,,,0,0,0.00K,0.00K,Public,"As an Arctic air mass moved south through Mississippi, light to moderate precipitation was quick to freeze as it fell through the cold surface air. Although light accumulations of freezing rain, and sleet fell across much of the state of Mississippi, more significant accumulations of sleet over one half inch fell primarily north and west of the Natchez Trace corridor. Accumulations of 2 to 3 inches of sleet were measured in the Greenville to Cleveland areas. Area roads were impacted by slick conditions due to the glaze of ice and accumulated sleet.","Accumulations of 0.5 to as much as 1.3 inches of sleet fell across the county, but light snow and freezing rain also fell. Area roads were covered by the sleet and glaze of ice."
MS-ACTION-2024-01-14-governor-reeves-issues-state-of-emergency-ahead-of-winter-,,Tate Reeves,Governor Reeves Issues State of Emergency Ahead of Winter Weather,2024-01-14,https://governorreeves.ms.gov/wp-json/wp/v2/posts/1339,1157642,188377,2024-01-14 16:00:00,2024-01-15 18:00:00,Z,NWS forecast zone,3,BENTON,Winter Storm,,,0,0,0.00K,0.00K,Trained Spotter,"A major winter storm impacted the Mid-South on January 14-15, 2024. Transportation was greatly affected. Snow spread across the Mid-South during the afternoon hours on January 14th as an upper jet intensified across the region in advance of a potent upper trough. By early morning Monday, areas along and south of I-40 and especially near the Tennessee/Mississippi border were located under the right entrance region of the upper jet streak. The lift associated with the jet streak combined with a steady influx of mid-level moisture and strong mid-level frontogenesis resulted in heavy snowfall. The heaviest snowfall in north Mississippi was just south of the Tennessee/Mississippi line where four to eight inches fell.  Further south from Tupelo to Charleston and points south, precipitation was mainly in the form of sleet with amounts up to an inch. The entrance region of the upper jet slowly sagged south through north Mississippi on January 15th and precipitation gradually tapered off.",Around seven inches of snow fell across Benton County.
MS-ACTION-2024-01-14-governor-reeves-issues-state-of-emergency-ahead-of-winter-,,Tate Reeves,Governor Reeves Issues State of Emergency Ahead of Winter Weather,2024-01-14,https://governorreeves.ms.gov/wp-json/wp/v2/posts/1339,1157702,188383,2024-01-14 21:00:00,2024-01-17 10:00:00,Z,NWS forecast zone,3,BENTON,Extreme Cold/Wind Chill,,,0,0,0.00K,0.00K,AWOS,"An arctic air mass brought very cold air temperatures and sub-zero wind chills across north Mississippi during the January 14-17, 2024 timeframe. As a surface high shifted directly over the Mid-South, clear skies, light winds, and snowpack left the region bitterly cold with well below zero temperatures across extreme north Mississippi on the morning of January 17th.",Wind chill values were 0 degrees to 15 below zero degrees at times. Air temperature ranged from 8 degrees below zero to 10 degrees below zero on the morning of 01/17/2024.
MS-ACTION-2024-01-14-governor-reeves-issues-state-of-emergency-ahead-of-winter-,,Tate Reeves,Governor Reeves Issues State of Emergency Ahead of Winter Weather,2024-01-14,https://governorreeves.ms.gov/wp-json/wp/v2/posts/1339,1159816,187901,2024-01-14 14:00:00,2024-01-15 16:00:00,Z,NWS forecast zone,18,BOLIVAR,Winter Storm,,,0,0,0.00K,0.00K,Emergency Manager,"As an Arctic air mass moved south through Mississippi, light to moderate precipitation was quick to freeze as it fell through the cold surface air. Although light accumulations of freezing rain, and sleet fell across much of the state of Mississippi, more significant accumulations of sleet over one half inch fell primarily north and west of the Natchez Trace corridor. Accumulations of 2 to 3 inches of sleet were measured in the Greenville to Cleveland areas. Area roads were impacted by slick conditions due to the glaze of ice and accumulated sleet.","Accumulations of sleet, light snow, light freezing rain fell across the county, with 3 inch accumulations of mostly sleet in Cleveland. Area roads were covered by sleet."
MS-ACTION-2024-01-14-governor-reeves-issues-state-of-emergency-ahead-of-winter-,,Tate Reeves,Governor Reeves Issues State of Emergency Ahead of Winter Weather,2024-01-14,https://governorreeves.ms.gov/wp-json/wp/v2/posts/1339,1157660,188377,2024-01-14 14:00:00,2024-01-15 18:00:00,Z,NWS forecast zone,22,CALHOUN,Winter Weather,,,0,0,0.00K,0.00K,Trained Spotter,"A major winter storm impacted the Mid-South on January 14-15, 2024. Transportation was greatly affected. Snow spread across the Mid-South during the afternoon hours on January 14th as an upper jet intensified across the region in advance of a potent upper trough. By early morning Monday, areas along and south of I-40 and especially near the Tennessee/Mississippi border were located under the right entrance region of the upper jet streak. The lift associated with the jet streak combined with a steady influx of mid-level moisture and strong mid-level frontogenesis resulted in heavy snowfall. The heaviest snowfall in north Mississippi was just south of the Tennessee/Mississippi line where four to eight inches fell.  Further south from Tupelo to Charleston and points south, precipitation was mainly in the form of sleet with amounts up to an inch. The entrance region of the upper jet slowly sagged south through north Mississippi on January 15th and precipitation gradually tapered off.",Less than a half inch of sleet fell across Calhoun County.
MS-ACTION-2024-01-14-governor-reeves-issues-state-of-emergency-ahead-of-winter-,,Tate Reeves,Governor Reeves Issues State of Emergency Ahead of Winter Weather,2024-01-14,https://governorreeves.ms.gov/wp-json/wp/v2/posts/1339,1157719,188383,2024-01-15 04:00:00,2024-01-17 10:00:00,Z,NWS forecast zone,22,CALHOUN,Cold/Wind Chill,,,0,0,0.00K,0.00K,AWOS,"An arctic air mass brought very cold air temperatures and sub-zero wind chills across north Mississippi during the January 14-17, 2024 timeframe. As a surface high shifted directly over the Mid-South, clear skies, light winds, and snowpack left the region bitterly cold with well below zero temperatures across extreme north Mississippi on the morning of January 17th.",Wind chills fell to 0 degrees to 10 degrees below zero at times.
MS-ACTION-2024-01-14-governor-reeves-issues-state-of-emergency-ahead-of-winter-,,Tate Reeves,Governor Reeves Issues State of Emergency Ahead of Winter Weather,2024-01-14,https://governorreeves.ms.gov/wp-json/wp/v2/posts/1339,1159821,187901,2024-01-14 17:00:00,2024-01-15 21:00:00,Z,NWS forecast zone,27,CARROLL,Winter Storm,,,0,0,0.00K,0.00K,Emergency Manager,"As an Arctic air mass moved south through Mississippi, light to moderate precipitation was quick to freeze as it fell through the cold surface air. Although light accumulations of freezing rain, and sleet fell across much of the state of Mississippi, more significant accumulations of sleet over one half inch fell primarily north and west of the Natchez Trace corridor. Accumulations of 2 to 3 inches of sleet were measured in the Greenville to Cleveland areas. Area roads were impacted by slick conditions due to the glaze of ice and accumulated sleet.","Around one quarter to one half inch of mainly sleet fell across the county, but light snow and freezing rain also fell. Area roads were covered by the glaze of ice and sleet."
MS-ACTION-2024-01-14-governor-reeves-issues-state-of-emergency-ahead-of-winter-,,Tate Reeves,Governor Reeves Issues State of Emergency Ahead of Winter Weather,2024-01-14,https://governorreeves.ms.gov/wp-json/wp/v2/posts/1339,1157661,188377,2024-01-14 14:00:00,2024-01-15 18:00:00,Z,NWS forecast zone,23,CHICKASAW,Winter Weather,,,0,0,0.00K,0.00K,Trained Spotter,"A major winter storm impacted the Mid-South on January 14-15, 2024. Transportation was greatly affected. Snow spread across the Mid-South during the afternoon hours on January 14th as an upper jet intensified across the region in advance of a potent upper trough. By early morning Monday, areas along and south of I-40 and especially near the Tennessee/Mississippi border were located under the right entrance region of the upper jet streak. The lift associated with the jet streak combined with a steady influx of mid-level moisture and strong mid-level frontogenesis resulted in heavy snowfall. The heaviest snowfall in north Mississippi was just south of the Tennessee/Mississippi line where four to eight inches fell.  Further south from Tupelo to Charleston and points south, precipitation was mainly in the form of sleet with amounts up to an inch. The entrance region of the upper jet slowly sagged south through north Mississippi on January 15th and precipitation gradually tapered off.",Less than a half inch of sleet fell and a light glaze of ice accumulated across Chickasaw County.
MS-ACTION-2024-01-14-governor-reeves-issues-state-of-emergency-ahead-of-winter-,,Tate Reeves,Governor Reeves Issues State of Emergency Ahead of Winter Weather,2024-01-14,https://governorreeves.ms.gov/wp-json/wp/v2/posts/1339,1157721,188383,2024-01-15 04:00:00,2024-01-17 10:00:00,Z,NWS forecast zone,23,CHICKASAW,Cold/Wind Chill,,,0,0,0.00K,0.00K,AWOS,"An arctic air mass brought very cold air temperatures and sub-zero wind chills across north Mississippi during the January 14-17, 2024 timeframe. As a surface high shifted directly over the Mid-South, clear skies, light winds, and snowpack left the region bitterly cold with well below zero temperatures across extreme north Mississippi on the morning of January 17th.",Wind chills fell to 0 degrees to 10 degrees below zero at times.
MS-ACTION-2024-01-14-governor-reeves-issues-state-of-emergency-ahead-of-winter-,,Tate Reeves,Governor Reeves Issues State of Emergency Ahead of Winter Weather,2024-01-14,https://governorreeves.ms.gov/wp-json/wp/v2/posts/1339,1159842,187901,2024-01-15 11:00:00,2024-01-15 23:00:00,Z,NWS forecast zone,32,CHOCTAW,Winter Storm,,,0,0,0.00K,0.00K,Emergency Manager,"As an Arctic air mass moved south through Mississippi, light to moderate precipitation was quick to freeze as it fell through the cold surface air. Although light accumulations of freezing rain, and sleet fell across much of the state of Mississippi, more significant accumulations of sleet over one half inch fell primarily north and west of the Natchez Trace corridor. Accumulations of 2 to 3 inches of sleet were measured in the Greenville to Cleveland areas. Area roads were impacted by slick conditions due to the glaze of ice and accumulated sleet.","Accumulations of up to one half inch of sleet fell across the county, with the greatest amounts measured in the northern part of the county. Light snow and freezing rain also fell. Area roads were covered by the sleet."
MS-ACTION-2024-01-14-governor-reeves-issues-state-of-emergency-ahead-of-winter-,,Tate Reeves,Governor Reeves Issues State of Emergency Ahead of Winter Weather,2024-01-14,https://governorreeves.ms.gov/wp-json/wp/v2/posts/1339,1159840,187901,2024-01-15 06:00:00,2024-01-15 22:30:00,Z,NWS forecast zone,30,CLAY,Winter Storm,,,0,0,0.00K,0.00K,Emergency Manager,"As an Arctic air mass moved south through Mississippi, light to moderate precipitation was quick to freeze as it fell through the cold surface air. Although light accumulations of freezing rain, and sleet fell across much of the state of Mississippi, more significant accumulations of sleet over one half inch fell primarily north and west of the Natchez Trace corridor. Accumulations of 2 to 3 inches of sleet were measured in the Greenville to Cleveland areas. Area roads were impacted by slick conditions due to the glaze of ice and accumulated sleet.","Accumulations of up to one half inch of sleet fell across the county, but light snow and freezing rain also fell. Area roads were covered by the sleet."
MS-ACTION-2024-01-14-governor-reeves-issues-state-of-emergency-ahead-of-winter-,,Tate Reeves,Governor Reeves Issues State of Emergency Ahead of Winter Weather,2024-01-14,https://governorreeves.ms.gov/wp-json/wp/v2/posts/1339,1157634,188377,2024-01-14 13:00:00,2024-01-15 18:00:00,Z,NWS forecast zone,10,COAHOMA,Winter Storm,,,0,0,0.00K,0.00K,Trained Spotter,"A major winter storm impacted the Mid-South on January 14-15, 2024. Transportation was greatly affected. Snow spread across the Mid-South during the afternoon hours on January 14th as an upper jet intensified across the region in advance of a potent upper trough. By early morning Monday, areas along and south of I-40 and especially near the Tennessee/Mississippi border were located under the right entrance region of the upper jet streak. The lift associated with the jet streak combined with a steady influx of mid-level moisture and strong mid-level frontogenesis resulted in heavy snowfall. The heaviest snowfall in north Mississippi was just south of the Tennessee/Mississippi line where four to eight inches fell.  Further south from Tupelo to Charleston and points south, precipitation was mainly in the form of sleet with amounts up to an inch. The entrance region of the upper jet slowly sagged south through north Mississippi on January 15th and precipitation gradually tapered off.",Two to three inches of snow and sleet fell in Coahoma County.
MS-ACTION-2024-01-14-governor-reeves-issues-state-of-emergency-ahead-of-winter-,,Tate Reeves,Governor Reeves Issues State of Emergency Ahead of Winter Weather,2024-01-14,https://governorreeves.ms.gov/wp-json/wp/v2/posts/1339,1157710,188383,2024-01-15 00:00:00,2024-01-17 10:00:00,Z,NWS forecast zone,10,COAHOMA,Cold/Wind Chill,,,0,0,0.00K,0.00K,AWOS,"An arctic air mass brought very cold air temperatures and sub-zero wind chills across north Mississippi during the January 14-17, 2024 timeframe. As a surface high shifted directly over the Mid-South, clear skies, light winds, and snowpack left the region bitterly cold with well below zero temperatures across extreme north Mississippi on the morning of January 17th.",Wind chills fell to 0 degrees to 10 degrees below zero at times.
MS-ACTION-2024-01-14-governor-reeves-issues-state-of-emergency-ahead-of-winter-,,Tate Reeves,Governor Reeves Issues State of Emergency Ahead of Winter Weather,2024-01-14,https://governorreeves.ms.gov/wp-json/wp/v2/posts/1339,1157636,188377,2024-01-14 15:00:00,2024-01-15 18:00:00,Z,NWS forecast zone,1,DE SOTO,Winter Storm,,,0,0,0.00K,0.00K,Trained Spotter,"A major winter storm impacted the Mid-South on January 14-15, 2024. Transportation was greatly affected. Snow spread across the Mid-South during the afternoon hours on January 14th as an upper jet intensified across the region in advance of a potent upper trough. By early morning Monday, areas along and south of I-40 and especially near the Tennessee/Mississippi border were located under the right entrance region of the upper jet streak. The lift associated with the jet streak combined with a steady influx of mid-level moisture and strong mid-level frontogenesis resulted in heavy snowfall. The heaviest snowfall in north Mississippi was just south of the Tennessee/Mississippi line where four to eight inches fell.  Further south from Tupelo to Charleston and points south, precipitation was mainly in the form of sleet with amounts up to an inch. The entrance region of the upper jet slowly sagged south through north Mississippi on January 15th and precipitation gradually tapered off.",Four to eight inches of sleet and snow fell across DeSoto County.
MS-ACTION-2024-01-14-governor-reeves-issues-state-of-emergency-ahead-of-winter-,,Tate Reeves,Governor Reeves Issues State of Emergency Ahead of Winter Weather,2024-01-14,https://governorreeves.ms.gov/wp-json/wp/v2/posts/1339,1157700,188383,2024-01-14 21:00:00,2024-01-17 10:00:00,Z,NWS forecast zone,1,DE SOTO,Extreme Cold/Wind Chill,,,0,0,0.00K,0.00K,AWOS,"An arctic air mass brought very cold air temperatures and sub-zero wind chills across north Mississippi during the January 14-17, 2024 timeframe. As a surface high shifted directly over the Mid-South, clear skies, light winds, and snowpack left the region bitterly cold with well below zero temperatures across extreme north Mississippi on the morning of January 17th.",Wind chill values were 0 degrees to 15 below zero degrees at times. Air temperature fell to 4 degrees below zero on the morning of 01/17/2024.
MS-ACTION-2024-01-14-governor-reeves-issues-state-of-emergency-ahead-of-winter-,,Tate Reeves,Governor Reeves Issues State of Emergency Ahead of Winter Weather,2024-01-14,https://governorreeves.ms.gov/wp-json/wp/v2/posts/1339,1159819,187901,2024-01-14 16:00:00,2024-01-15 18:30:00,Z,NWS forecast zone,26,GRENADA,Winter Storm,,,0,0,0.00K,0.00K,Public,"As an Arctic air mass moved south through Mississippi, light to moderate precipitation was quick to freeze as it fell through the cold surface air. Although light accumulations of freezing rain, and sleet fell across much of the state of Mississippi, more significant accumulations of sleet over one half inch fell primarily north and west of the Natchez Trace corridor. Accumulations of 2 to 3 inches of sleet were measured in the Greenville to Cleveland areas. Area roads were impacted by slick conditions due to the glaze of ice and accumulated sleet.","Around one half inch of mainly sleet fell across the county, but light snow and freezing rain also fell. Area roads were covered by sleet. Two injuries occurred in car wrecks on slick roads."
MS-ACTION-2024-01-14-governor-reeves-issues-state-of-emergency-ahead-of-winter-,,Tate Reeves,Governor Reeves Issues State of Emergency Ahead of Winter Weather,2024-01-14,https://governorreeves.ms.gov/wp-json/wp/v2/posts/1339,1159856,187901,2024-01-15 12:00:00,2024-01-15 20:30:00,Z,NWS forecast zone,36,HOLMES,Winter Storm,,,0,0,0.00K,0.00K,Public,"As an Arctic air mass moved south through Mississippi, light to moderate precipitation was quick to freeze as it fell through the cold surface air. Although light accumulations of freezing rain, and sleet fell across much of the state of Mississippi, more significant accumulations of sleet over one half inch fell primarily north and west of the Natchez Trace corridor. Accumulations of 2 to 3 inches of sleet were measured in the Greenville to Cleveland areas. Area roads were impacted by slick conditions due to the glaze of ice and accumulated sleet.","Accumulations of up to 1.3 inches of sleet fell across the county, but light snow and freezing rain also fell. Area roads were covered by the sleet and glaze of ice."
MS-ACTION-2024-01-14-governor-reeves-issues-state-of-emergency-ahead-of-winter-,,Tate Reeves,Governor Reeves Issues State of Emergency Ahead of Winter Weather,2024-01-14,https://governorreeves.ms.gov/wp-json/wp/v2/posts/1339,1159853,187901,2024-01-14 19:00:00,2024-01-15 20:30:00,Z,NWS forecast zone,35,HUMPHREYS,Winter Storm,,,0,0,0.00K,0.00K,Emergency Manager,"As an Arctic air mass moved south through Mississippi, light to moderate precipitation was quick to freeze as it fell through the cold surface air. Although light accumulations of freezing rain, and sleet fell across much of the state of Mississippi, more significant accumulations of sleet over one half inch fell primarily north and west of the Natchez Trace corridor. Accumulations of 2 to 3 inches of sleet were measured in the Greenville to Cleveland areas. Area roads were impacted by slick conditions due to the glaze of ice and accumulated sleet.","Accumulations of around 0.5 to 1 inch of sleet fell across the county, but light snow and freezing rain also fell. Area roads were covered by the sleet and glaze of ice. A fatal hit-and-run crash occurred at 8 p.m. on January 14th on Highway 49 West near the Will Whittington Auxiliary Channel Bridge. The victim was outside his vehicle assessing the damage from a previous crash when a passing truck struck him."
MS-ACTION-2024-01-14-governor-reeves-issues-state-of-emergency-ahead-of-winter-,,Tate Reeves,Governor Reeves Issues State of Emergency Ahead of Winter Weather,2024-01-14,https://governorreeves.ms.gov/wp-json/wp/v2/posts/1339,1159860,187901,2024-01-14 19:00:00,2024-01-15 20:00:00,Z,NWS forecast zone,40,ISSAQUENA,Winter Storm,,,0,0,0.00K,0.00K,Law Enforcement,"As an Arctic air mass moved south through Mississippi, light to moderate precipitation was quick to freeze as it fell through the cold surface air. Although light accumulations of freezing rain, and sleet fell across much of the state of Mississippi, more significant accumulations of sleet over one half inch fell primarily north and west of the Natchez Trace corridor. Accumulations of 2 to 3 inches of sleet were measured in the Greenville to Cleveland areas. Area roads were impacted by slick conditions due to the glaze of ice and accumulated sleet.","Up to 1 inch of sleet fell across the county, but light snow and freezing rain also fell. Area roads were covered by the sleet."
MS-ACTION-2024-01-14-governor-reeves-issues-state-of-emergency-ahead-of-winter-,,Tate Reeves,Governor Reeves Issues State of Emergency Ahead of Winter Weather,2024-01-14,https://governorreeves.ms.gov/wp-json/wp/v2/posts/1339,1157663,188377,2024-01-14 14:00:00,2024-01-15 18:00:00,Z,NWS forecast zone,17,ITAWAMBA,Winter Weather,,,0,0,0.00K,0.00K,Trained Spotter,"A major winter storm impacted the Mid-South on January 14-15, 2024. Transportation was greatly affected. Snow spread across the Mid-South during the afternoon hours on January 14th as an upper jet intensified across the region in advance of a potent upper trough. By early morning Monday, areas along and south of I-40 and especially near the Tennessee/Mississippi border were located under the right entrance region of the upper jet streak. The lift associated with the jet streak combined with a steady influx of mid-level moisture and strong mid-level frontogenesis resulted in heavy snowfall. The heaviest snowfall in north Mississippi was just south of the Tennessee/Mississippi line where four to eight inches fell.  Further south from Tupelo to Charleston and points south, precipitation was mainly in the form of sleet with amounts up to an inch. The entrance region of the upper jet slowly sagged south through north Mississippi on January 15th and precipitation gradually tapered off.",Less than a half inch of sleet fell across Itawamba County.
MS-ACTION-2024-01-14-governor-reeves-issues-state-of-emergency-ahead-of-winter-,,Tate Reeves,Governor Reeves Issues State of Emergency Ahead of Winter Weather,2024-01-14,https://governorreeves.ms.gov/wp-json/wp/v2/posts/1339,1157722,188383,2024-01-15 04:00:00,2024-01-17 10:00:00,Z,NWS forecast zone,17,ITAWAMBA,Cold/Wind Chill,,,0,0,0.00K,0.00K,AWOS,"An arctic air mass brought very cold air temperatures and sub-zero wind chills across north Mississippi during the January 14-17, 2024 timeframe. As a surface high shifted directly over the Mid-South, clear skies, light winds, and snowpack left the region bitterly cold with well below zero temperatures across extreme north Mississippi on the morning of January 17th.",Wind chills fell to 0 degrees to 10 degrees below zero at times.
MS-ACTION-2024-01-14-governor-reeves-issues-state-of-emergency-ahead-of-winter-,,Tate Reeves,Governor Reeves Issues State of Emergency Ahead of Winter Weather,2024-01-14,https://governorreeves.ms.gov/wp-json/wp/v2/posts/1339,1159874,187901,2024-01-15 21:00:00,2024-01-16 02:30:00,Z,NWS forecast zone,66,JONES,Winter Weather,,,0,0,20.00K,0.00K,Emergency Manager,"As an Arctic air mass moved south through Mississippi, light to moderate precipitation was quick to freeze as it fell through the cold surface air. Although light accumulations of freezing rain, and sleet fell across much of the state of Mississippi, more significant accumulations of sleet over one half inch fell primarily north and west of the Natchez Trace corridor. Accumulations of 2 to 3 inches of sleet were measured in the Greenville to Cleveland areas. Area roads were impacted by slick conditions due to the glaze of ice and accumulated sleet.","Light accumulations of freezing rain and sleet caused slick road conditions across the county, and a single car accident occurred on Interstate 59 near Exit 90 due to slick road conditions."
MS-ACTION-2024-01-14-governor-reeves-issues-state-of-emergency-ahead-of-winter-,,Tate Reeves,Governor Reeves Issues State of Emergency Ahead of Winter Weather,2024-01-14,https://governorreeves.ms.gov/wp-json/wp/v2/posts/1339,1157641,188377,2024-01-14 15:00:00,2024-01-15 18:00:00,Z,NWS forecast zone,13,LAFAYETTE,Winter Storm,,,0,0,0.00K,0.00K,Trained Spotter,"A major winter storm impacted the Mid-South on January 14-15, 2024. Transportation was greatly affected. Snow spread across the Mid-South during the afternoon hours on January 14th as an upper jet intensified across the region in advance of a potent upper trough. By early morning Monday, areas along and south of I-40 and especially near the Tennessee/Mississippi border were located under the right entrance region of the upper jet streak. The lift associated with the jet streak combined with a steady influx of mid-level moisture and strong mid-level frontogenesis resulted in heavy snowfall. The heaviest snowfall in north Mississippi was just south of the Tennessee/Mississippi line where four to eight inches fell.  Further south from Tupelo to Charleston and points south, precipitation was mainly in the form of sleet with amounts up to an inch. The entrance region of the upper jet slowly sagged south through north Mississippi on January 15th and precipitation gradually tapered off.",Two to four inches of snow and sleet fell across Lafayette County.
MS-ACTION-2024-01-14-governor-reeves-issues-state-of-emergency-ahead-of-winter-,,Tate Reeves,Governor Reeves Issues State of Emergency Ahead of Winter Weather,2024-01-14,https://governorreeves.ms.gov/wp-json/wp/v2/posts/1339,1157715,188383,2024-01-15 04:00:00,2024-01-17 10:00:00,Z,NWS forecast zone,13,LAFAYETTE,Cold/Wind Chill,,,0,0,0.00K,0.00K,AWOS,"An arctic air mass brought very cold air temperatures and sub-zero wind chills across north Mississippi during the January 14-17, 2024 timeframe. As a surface high shifted directly over the Mid-South, clear skies, light winds, and snowpack left the region bitterly cold with well below zero temperatures across extreme north Mississippi on the morning of January 17th.",Wind chills fell to 0 degrees to 10 degrees below zero at times.
MS-ACTION-2024-01-14-governor-reeves-issues-state-of-emergency-ahead-of-winter-,,Tate Reeves,Governor Reeves Issues State of Emergency Ahead of Winter Weather,2024-01-14,https://governorreeves.ms.gov/wp-json/wp/v2/posts/1339,1157648,188377,2024-01-14 16:00:00,2024-01-15 18:00:00,Z,NWS forecast zone,16,LEE,Winter Storm,,,0,0,0.00K,0.00K,Trained Spotter,"A major winter storm impacted the Mid-South on January 14-15, 2024. Transportation was greatly affected. Snow spread across the Mid-South during the afternoon hours on January 14th as an upper jet intensified across the region in advance of a potent upper trough. By early morning Monday, areas along and south of I-40 and especially near the Tennessee/Mississippi border were located under the right entrance region of the upper jet streak. The lift associated with the jet streak combined with a steady influx of mid-level moisture and strong mid-level frontogenesis resulted in heavy snowfall. The heaviest snowfall in north Mississippi was just south of the Tennessee/Mississippi line where four to eight inches fell.  Further south from Tupelo to Charleston and points south, precipitation was mainly in the form of sleet with amounts up to an inch. The entrance region of the upper jet slowly sagged south through north Mississippi on January 15th and precipitation gradually tapered off.",Around one inch of sleet and fell across Lee County.
MS-ACTION-2024-01-14-governor-reeves-issues-state-of-emergency-ahead-of-winter-,,Tate Reeves,Governor Reeves Issues State of Emergency Ahead of Winter Weather,2024-01-14,https://governorreeves.ms.gov/wp-json/wp/v2/posts/1339,1157720,188383,2024-01-15 04:00:00,2024-01-17 10:00:00,Z,NWS forecast zone,16,LEE,Cold/Wind Chill,,,0,0,0.00K,0.00K,ASOS,"An arctic air mass brought very cold air temperatures and sub-zero wind chills across north Mississippi during the January 14-17, 2024 timeframe. As a surface high shifted directly over the Mid-South, clear skies, light winds, and snowpack left the region bitterly cold with well below zero temperatures across extreme north Mississippi on the morning of January 17th.",Wind chills fell to 0 degrees to 10 degrees below zero at times.
MS-ACTION-2024-01-14-governor-reeves-issues-state-of-emergency-ahead-of-winter-,,Tate Reeves,Governor Reeves Issues State of Emergency Ahead of Winter Weather,2024-01-14,https://governorreeves.ms.gov/wp-json/wp/v2/posts/1339,1159818,187901,2024-01-14 16:00:00,2024-01-15 18:00:00,Z,NWS forecast zone,25,LEFLORE,Winter Storm,,,0,0,0.00K,0.00K,Emergency Manager,"As an Arctic air mass moved south through Mississippi, light to moderate precipitation was quick to freeze as it fell through the cold surface air. Although light accumulations of freezing rain, and sleet fell across much of the state of Mississippi, more significant accumulations of sleet over one half inch fell primarily north and west of the Natchez Trace corridor. Accumulations of 2 to 3 inches of sleet were measured in the Greenville to Cleveland areas. Area roads were impacted by slick conditions due to the glaze of ice and accumulated sleet.","Around one half inch of mainly sleet fell across the county, but light snow and freezing rain also fell. Area roads were covered by sleet. Two fatalities occurred on the morning of January 20th when a car slid off the road due to residual ice on the road from the winter storm."
MS-ACTION-2024-01-14-governor-reeves-issues-state-of-emergency-ahead-of-winter-,,Tate Reeves,Governor Reeves Issues State of Emergency Ahead of Winter Weather,2024-01-14,https://governorreeves.ms.gov/wp-json/wp/v2/posts/1339,1159849,187901,2024-01-15 08:00:00,2024-01-16 01:00:00,Z,NWS forecast zone,31,LOWNDES,Winter Storm,,,0,0,0.00K,0.00K,Broadcast Media,"As an Arctic air mass moved south through Mississippi, light to moderate precipitation was quick to freeze as it fell through the cold surface air. Although light accumulations of freezing rain, and sleet fell across much of the state of Mississippi, more significant accumulations of sleet over one half inch fell primarily north and west of the Natchez Trace corridor. Accumulations of 2 to 3 inches of sleet were measured in the Greenville to Cleveland areas. Area roads were impacted by slick conditions due to the glaze of ice and accumulated sleet.","Accumulations of 0.5 inches of sleet fell across the county, but light snow and freezing rain also fell. Area roads were covered by the sleet and glaze of ice."
MS-ACTION-2024-01-14-governor-reeves-issues-state-of-emergency-ahead-of-winter-,,Tate Reeves,Governor Reeves Issues State of Emergency Ahead of Winter Weather,2024-01-14,https://governorreeves.ms.gov/wp-json/wp/v2/posts/1339,1159864,187901,2024-01-15 15:15:00,2024-01-16 00:00:00,Z,NWS forecast zone,43,MADISON,Winter Weather,,,0,0,100.00K,0.00K,Public,"As an Arctic air mass moved south through Mississippi, light to moderate precipitation was quick to freeze as it fell through the cold surface air. Although light accumulations of freezing rain, and sleet fell across much of the state of Mississippi, more significant accumulations of sleet over one half inch fell primarily north and west of the Natchez Trace corridor. Accumulations of 2 to 3 inches of sleet were measured in the Greenville to Cleveland areas. Area roads were impacted by slick conditions due to the glaze of ice and accumulated sleet.","Light accumulations of freezing rain and sleet caused slick road conditions across the county, and several motor vehicle accidents occurred."
MS-ACTION-2024-01-14-governor-reeves-issues-state-of-emergency-ahead-of-winter-,,Tate Reeves,Governor Reeves Issues State of Emergency Ahead of Winter Weather,2024-01-14,https://governorreeves.ms.gov/wp-json/wp/v2/posts/1339,1157640,188377,2024-01-14 16:00:00,2024-01-15 18:00:00,Z,NWS forecast zone,2,MARSHALL,Winter Storm,,,0,0,0.00K,0.00K,Trained Spotter,"A major winter storm impacted the Mid-South on January 14-15, 2024. Transportation was greatly affected. Snow spread across the Mid-South during the afternoon hours on January 14th as an upper jet intensified across the region in advance of a potent upper trough. By early morning Monday, areas along and south of I-40 and especially near the Tennessee/Mississippi border were located under the right entrance region of the upper jet streak. The lift associated with the jet streak combined with a steady influx of mid-level moisture and strong mid-level frontogenesis resulted in heavy snowfall. The heaviest snowfall in north Mississippi was just south of the Tennessee/Mississippi line where four to eight inches fell.  Further south from Tupelo to Charleston and points south, precipitation was mainly in the form of sleet with amounts up to an inch. The entrance region of the upper jet slowly sagged south through north Mississippi on January 15th and precipitation gradually tapered off.",Four to seven inches of snow fell across Marshall County.
MS-ACTION-2024-01-14-governor-reeves-issues-state-of-emergency-ahead-of-winter-,,Tate Reeves,Governor Reeves Issues State of Emergency Ahead of Winter Weather,2024-01-14,https://governorreeves.ms.gov/wp-json/wp/v2/posts/1339,1157701,188383,2024-01-14 21:00:00,2024-01-17 10:00:00,Z,NWS forecast zone,2,MARSHALL,Extreme Cold/Wind Chill,,,0,0,0.00K,0.00K,AWOS,"An arctic air mass brought very cold air temperatures and sub-zero wind chills across north Mississippi during the January 14-17, 2024 timeframe. As a surface high shifted directly over the Mid-South, clear skies, light winds, and snowpack left the region bitterly cold with well below zero temperatures across extreme north Mississippi on the morning of January 17th.",Wind chill values were 0 degrees to 15 below zero degrees at times. Air temperature fell to 10 degrees below zero on the morning of 01/17/2024.
MS-ACTION-2024-01-14-governor-reeves-issues-state-of-emergency-ahead-of-winter-,,Tate Reeves,Governor Reeves Issues State of Emergency Ahead of Winter Weather,2024-01-14,https://governorreeves.ms.gov/wp-json/wp/v2/posts/1339,1157662,188377,2024-01-14 14:00:00,2024-01-15 18:00:00,Z,NWS forecast zone,24,MONROE,Winter Weather,,,0,0,0.00K,0.00K,Trained Spotter,"A major winter storm impacted the Mid-South on January 14-15, 2024. Transportation was greatly affected. Snow spread across the Mid-South during the afternoon hours on January 14th as an upper jet intensified across the region in advance of a potent upper trough. By early morning Monday, areas along and south of I-40 and especially near the Tennessee/Mississippi border were located under the right entrance region of the upper jet streak. The lift associated with the jet streak combined with a steady influx of mid-level moisture and strong mid-level frontogenesis resulted in heavy snowfall. The heaviest snowfall in north Mississippi was just south of the Tennessee/Mississippi line where four to eight inches fell.  Further south from Tupelo to Charleston and points south, precipitation was mainly in the form of sleet with amounts up to an inch. The entrance region of the upper jet slowly sagged south through north Mississippi on January 15th and precipitation gradually tapered off.",Less than a half inch of sleet fell and a light glaze of ice accumulated across Monroe County.
MS-ACTION-2024-01-14-governor-reeves-issues-state-of-emergency-ahead-of-winter-,,Tate Reeves,Governor Reeves Issues State of Emergency Ahead of Winter Weather,2024-01-14,https://governorreeves.ms.gov/wp-json/wp/v2/posts/1339,1157723,188383,2024-01-15 04:00:00,2024-01-17 10:00:00,Z,NWS forecast zone,24,MONROE,Cold/Wind Chill,,,0,0,0.00K,0.00K,AWOS,"An arctic air mass brought very cold air temperatures and sub-zero wind chills across north Mississippi during the January 14-17, 2024 timeframe. As a surface high shifted directly over the Mid-South, clear skies, light winds, and snowpack left the region bitterly cold with well below zero temperatures across extreme north Mississippi on the morning of January 17th.",Wind chills fell to 0 degrees to 10 degrees below zero at times.
MS-ACTION-2024-01-14-governor-reeves-issues-state-of-emergency-ahead-of-winter-,,Tate Reeves,Governor Reeves Issues State of Emergency Ahead of Winter Weather,2024-01-14,https://governorreeves.ms.gov/wp-json/wp/v2/posts/1339,1159830,187901,2024-01-15 06:00:00,2024-01-15 21:00:00,Z,NWS forecast zone,28,MONTGOMERY,Winter Storm,,,0,0,0.00K,0.00K,Public,"As an Arctic air mass moved south through Mississippi, light to moderate precipitation was quick to freeze as it fell through the cold surface air. Although light accumulations of freezing rain, and sleet fell across much of the state of Mississippi, more significant accumulations of sleet over one half inch fell primarily north and west of the Natchez Trace corridor. Accumulations of 2 to 3 inches of sleet were measured in the Greenville to Cleveland areas. Area roads were impacted by slick conditions due to the glaze of ice and accumulated sleet.","Mainly sleet fell across the county, but light snow and freezing rain also fell. 1.5 inches of sleet was measured in Duck Hill. Area roads were covered by the sleet."
MS-ACTION-2024-01-14-governor-reeves-issues-state-of-emergency-ahead-of-winter-,,Tate Reeves,Governor Reeves Issues State of Emergency Ahead of Winter Weather,2024-01-14,https://governorreeves.ms.gov/wp-json/wp/v2/posts/1339,1159477,188475,2024-01-16 02:00:00,2024-01-16 05:30:00,Z,NWS forecast zone,83,NORTHERN HANCOCK COUNTY,Winter Weather,,,0,0,0.00K,0.00K,Mesonet,"A very amplified longwave upper level trough situated west of the Mississippi River Valley drove an arctic airmass well into the Gulf of Mexico. It's position, west of the Mississippi River, is common for previous events of very cold airmasses and frozen precipitation locally. Temperatures locally began to plummet from west to east on the evening of January 15th and into the morning hours of January 16th. A layer of mid-level of moisture riding over the colder surface was able to precipitate to the ground. Although temperatures aloft were too warm to support snow, subfreezing surface temperatures resulted in freezing rain and some sleet, even as far south as coastal Louisiana. Accumulation amounts ranged from a slight glazing to around one quarter of an inch. All local interstates, many state highways and local roads with bridges were shutdown due to icy roadways.",Nearby mesonet observations showed temperatures dropping below freezing around midnight on the 16th A short window of a few hours of freezing rain did occur which resulted in around 0.1 inches of freezing rainfall. It can be assumed similar amounts fell across the county as radar reflectivity was relatively similar over that area.
MS-ACTION-2024-01-14-governor-reeves-issues-state-of-emergency-ahead-of-winter-,,Tate Reeves,Governor Reeves Issues State of Emergency Ahead of Winter Weather,2024-01-14,https://governorreeves.ms.gov/wp-json/wp/v2/posts/1339,1159515,188475,2024-01-16 06:00:00,2024-01-16 11:00:00,Z,NWS forecast zone,85,NORTHERN JACKSON COUNTY,Winter Weather,,,0,0,0.00K,0.00K,ASOS,"A very amplified longwave upper level trough situated west of the Mississippi River Valley drove an arctic airmass well into the Gulf of Mexico. It's position, west of the Mississippi River, is common for previous events of very cold airmasses and frozen precipitation locally. Temperatures locally began to plummet from west to east on the evening of January 15th and into the morning hours of January 16th. A layer of mid-level of moisture riding over the colder surface was able to precipitate to the ground. Although temperatures aloft were too warm to support snow, subfreezing surface temperatures resulted in freezing rain and some sleet, even as far south as coastal Louisiana. Accumulation amounts ranged from a slight glazing to around one quarter of an inch. All local interstates, many state highways and local roads with bridges were shutdown due to icy roadways.",Nearby mesonet and ASOS observations showed temperatures dropping below freezing around 6am on the 16th. Rain switched over to freezing rainfall and resulted in around 0.1 inches of accumulation. It can be assumed similar amounts fell across the county as radar reflectivity was relatively similar over that area.
MS-ACTION-2024-01-14-governor-reeves-issues-state-of-emergency-ahead-of-winter-,,Tate Reeves,Governor Reeves Issues State of Emergency Ahead of Winter Weather,2024-01-14,https://governorreeves.ms.gov/wp-json/wp/v2/posts/1339,1159845,187901,2024-01-15 10:00:00,2024-01-15 23:30:00,Z,NWS forecast zone,33,OKTIBBEHA,Winter Storm,,,0,0,100.00K,0.00K,Trained Spotter,"As an Arctic air mass moved south through Mississippi, light to moderate precipitation was quick to freeze as it fell through the cold surface air. Although light accumulations of freezing rain, and sleet fell across much of the state of Mississippi, more significant accumulations of sleet over one half inch fell primarily north and west of the Natchez Trace corridor. Accumulations of 2 to 3 inches of sleet were measured in the Greenville to Cleveland areas. Area roads were impacted by slick conditions due to the glaze of ice and accumulated sleet.","Accumulations of 0.8 inches of sleet fell across the county, but light snow and freezing rain also fell. Area roads were covered by the sleet and caused a multi-vehicle accident near Davis Wade Stadium."
MS-ACTION-2024-01-14-governor-reeves-issues-state-of-emergency-ahead-of-winter-,,Tate Reeves,Governor Reeves Issues State of Emergency Ahead of Winter Weather,2024-01-14,https://governorreeves.ms.gov/wp-json/wp/v2/posts/1339,1157639,188377,2024-01-14 15:00:00,2024-01-15 18:00:00,Z,NWS forecast zone,12,PANOLA,Winter Storm,,,0,0,0.00K,0.00K,Trained Spotter,"A major winter storm impacted the Mid-South on January 14-15, 2024. Transportation was greatly affected. Snow spread across the Mid-South during the afternoon hours on January 14th as an upper jet intensified across the region in advance of a potent upper trough. By early morning Monday, areas along and south of I-40 and especially near the Tennessee/Mississippi border were located under the right entrance region of the upper jet streak. The lift associated with the jet streak combined with a steady influx of mid-level moisture and strong mid-level frontogenesis resulted in heavy snowfall. The heaviest snowfall in north Mississippi was just south of the Tennessee/Mississippi line where four to eight inches fell.  Further south from Tupelo to Charleston and points south, precipitation was mainly in the form of sleet with amounts up to an inch. The entrance region of the upper jet slowly sagged south through north Mississippi on January 15th and precipitation gradually tapered off.",Two to four inches of sleet and snow fell across Panola County.
MS-ACTION-2024-01-14-governor-reeves-issues-state-of-emergency-ahead-of-winter-,,Tate Reeves,Governor Reeves Issues State of Emergency Ahead of Winter Weather,2024-01-14,https://governorreeves.ms.gov/wp-json/wp/v2/posts/1339,1157712,188383,2024-01-15 00:00:00,2024-01-17 10:00:00,Z,NWS forecast zone,12,PANOLA,Cold/Wind Chill,,,0,0,0.00K,0.00K,AWOS,"An arctic air mass brought very cold air temperatures and sub-zero wind chills across north Mississippi during the January 14-17, 2024 timeframe. As a surface high shifted directly over the Mid-South, clear skies, light winds, and snowpack left the region bitterly cold with well below zero temperatures across extreme north Mississippi on the morning of January 17th.",Wind chills fell to 0 degrees to 10 degrees below zero at times.
MS-ACTION-2024-01-14-governor-reeves-issues-state-of-emergency-ahead-of-winter-,,Tate Reeves,Governor Reeves Issues State of Emergency Ahead of Winter Weather,2024-01-14,https://governorreeves.ms.gov/wp-json/wp/v2/posts/1339,1159465,188475,2024-01-16 00:00:00,2024-01-16 07:00:00,Z,NWS forecast zone,70,PIKE,Winter Weather,,,0,0,0.00K,0.00K,ASOS,"A very amplified longwave upper level trough situated west of the Mississippi River Valley drove an arctic airmass well into the Gulf of Mexico. It's position, west of the Mississippi River, is common for previous events of very cold airmasses and frozen precipitation locally. Temperatures locally began to plummet from west to east on the evening of January 15th and into the morning hours of January 16th. A layer of mid-level of moisture riding over the colder surface was able to precipitate to the ground. Although temperatures aloft were too warm to support snow, subfreezing surface temperatures resulted in freezing rain and some sleet, even as far south as coastal Louisiana. Accumulation amounts ranged from a slight glazing to around one quarter of an inch. All local interstates, many state highways and local roads with bridges were shutdown due to icy roadways.","Nearby mesonet observations as well as ASOS showed temperatures never rose above freezing on the 15th. Around 6pm, radar showed precipitation beginning across the county. Off and on freezing rain persisted for about 7 hours. ASOS measured 0.27 of freezing rain. Although amounts varied across the county, they were likely around 0.25 as radar reflectivity was relatively similar over that area."
MS-ACTION-2024-01-14-governor-reeves-issues-state-of-emergency-ahead-of-winter-,,Tate Reeves,Governor Reeves Issues State of Emergency Ahead of Winter Weather,2024-01-14,https://governorreeves.ms.gov/wp-json/wp/v2/posts/1339,1157645,188377,2024-01-14 16:00:00,2024-01-15 18:00:00,Z,NWS forecast zone,15,PONTOTOC,Winter Storm,,,0,0,0.00K,0.00K,Trained Spotter,"A major winter storm impacted the Mid-South on January 14-15, 2024. Transportation was greatly affected. Snow spread across the Mid-South during the afternoon hours on January 14th as an upper jet intensified across the region in advance of a potent upper trough. By early morning Monday, areas along and south of I-40 and especially near the Tennessee/Mississippi border were located under the right entrance region of the upper jet streak. The lift associated with the jet streak combined with a steady influx of mid-level moisture and strong mid-level frontogenesis resulted in heavy snowfall. The heaviest snowfall in north Mississippi was just south of the Tennessee/Mississippi line where four to eight inches fell.  Further south from Tupelo to Charleston and points south, precipitation was mainly in the form of sleet with amounts up to an inch. The entrance region of the upper jet slowly sagged south through north Mississippi on January 15th and precipitation gradually tapered off.",Two to three inches of snow and sleet fell across Pontotoc County.
MS-ACTION-2024-01-14-governor-reeves-issues-state-of-emergency-ahead-of-winter-,,Tate Reeves,Governor Reeves Issues State of Emergency Ahead of Winter Weather,2024-01-14,https://governorreeves.ms.gov/wp-json/wp/v2/posts/1339,1157718,188383,2024-01-15 04:00:00,2024-01-17 10:00:00,Z,NWS forecast zone,15,PONTOTOC,Cold/Wind Chill,,,0,0,0.00K,0.00K,AWOS,"An arctic air mass brought very cold air temperatures and sub-zero wind chills across north Mississippi during the January 14-17, 2024 timeframe. As a surface high shifted directly over the Mid-South, clear skies, light winds, and snowpack left the region bitterly cold with well below zero temperatures across extreme north Mississippi on the morning of January 17th.",Wind chills fell to 0 degrees to 10 degrees below zero at times.
MS-ACTION-2024-01-14-governor-reeves-issues-state-of-emergency-ahead-of-winter-,,Tate Reeves,Governor Reeves Issues State of Emergency Ahead of Winter Weather,2024-01-14,https://governorreeves.ms.gov/wp-json/wp/v2/posts/1339,1157647,188377,2024-01-14 16:00:00,2024-01-15 18:00:00,Z,NWS forecast zone,9,PRENTISS,Winter Storm,,,0,0,0.00K,0.00K,Trained Spotter,"A major winter storm impacted the Mid-South on January 14-15, 2024. Transportation was greatly affected. Snow spread across the Mid-South during the afternoon hours on January 14th as an upper jet intensified across the region in advance of a potent upper trough. By early morning Monday, areas along and south of I-40 and especially near the Tennessee/Mississippi border were located under the right entrance region of the upper jet streak. The lift associated with the jet streak combined with a steady influx of mid-level moisture and strong mid-level frontogenesis resulted in heavy snowfall. The heaviest snowfall in north Mississippi was just south of the Tennessee/Mississippi line where four to eight inches fell.  Further south from Tupelo to Charleston and points south, precipitation was mainly in the form of sleet with amounts up to an inch. The entrance region of the upper jet slowly sagged south through north Mississippi on January 15th and precipitation gradually tapered off.",Three to four inches of snow and fell across Prentiss County.
MS-ACTION-2024-01-14-governor-reeves-issues-state-of-emergency-ahead-of-winter-,,Tate Reeves,Governor Reeves Issues State of Emergency Ahead of Winter Weather,2024-01-14,https://governorreeves.ms.gov/wp-json/wp/v2/posts/1339,1157709,188383,2024-01-14 21:00:00,2024-01-17 10:00:00,Z,NWS forecast zone,9,PRENTISS,Cold/Wind Chill,,,0,0,0.00K,0.00K,AWOS,"An arctic air mass brought very cold air temperatures and sub-zero wind chills across north Mississippi during the January 14-17, 2024 timeframe. As a surface high shifted directly over the Mid-South, clear skies, light winds, and snowpack left the region bitterly cold with well below zero temperatures across extreme north Mississippi on the morning of January 17th.",Wind chills fell to 0 degrees to 15 degrees below zero at times.
MS-ACTION-2024-01-14-governor-reeves-issues-state-of-emergency-ahead-of-winter-,,Tate Reeves,Governor Reeves Issues State of Emergency Ahead of Winter Weather,2024-01-14,https://governorreeves.ms.gov/wp-json/wp/v2/posts/1339,1157638,188377,2024-01-14 15:00:00,2024-01-15 18:00:00,Z,NWS forecast zone,11,QUITMAN,Winter Storm,,,0,0,0.00K,0.00K,Trained Spotter,"A major winter storm impacted the Mid-South on January 14-15, 2024. Transportation was greatly affected. Snow spread across the Mid-South during the afternoon hours on January 14th as an upper jet intensified across the region in advance of a potent upper trough. By early morning Monday, areas along and south of I-40 and especially near the Tennessee/Mississippi border were located under the right entrance region of the upper jet streak. The lift associated with the jet streak combined with a steady influx of mid-level moisture and strong mid-level frontogenesis resulted in heavy snowfall. The heaviest snowfall in north Mississippi was just south of the Tennessee/Mississippi line where four to eight inches fell.  Further south from Tupelo to Charleston and points south, precipitation was mainly in the form of sleet with amounts up to an inch. The entrance region of the upper jet slowly sagged south through north Mississippi on January 15th and precipitation gradually tapered off.",Two to three inches of sleet and snow fell across Quitman County.
MS-ACTION-2024-01-14-governor-reeves-issues-state-of-emergency-ahead-of-winter-,,Tate Reeves,Governor Reeves Issues State of Emergency Ahead of Winter Weather,2024-01-14,https://governorreeves.ms.gov/wp-json/wp/v2/posts/1339,1157711,188383,2024-01-15 00:00:00,2024-01-17 10:00:00,Z,NWS forecast zone,11,QUITMAN,Cold/Wind Chill,,,0,0,0.00K,0.00K,AWOS,"An arctic air mass brought very cold air temperatures and sub-zero wind chills across north Mississippi during the January 14-17, 2024 timeframe. As a surface high shifted directly over the Mid-South, clear skies, light winds, and snowpack left the region bitterly cold with well below zero temperatures across extreme north Mississippi on the morning of January 17th.",Wind chills fell to 0 degrees to 10 degrees below zero at times.
MS-ACTION-2024-01-14-governor-reeves-issues-state-of-emergency-ahead-of-winter-,,Tate Reeves,Governor Reeves Issues State of Emergency Ahead of Winter Weather,2024-01-14,https://governorreeves.ms.gov/wp-json/wp/v2/posts/1339,1162673,187901,2024-01-14 22:00:00,2024-01-18 08:00:00,Z,NWS forecast zone,49,RANKIN,Cold/Wind Chill,,,1,0,0.00K,0.00K,Emergency Manager,"As an Arctic air mass moved south through Mississippi, light to moderate precipitation was quick to freeze as it fell through the cold surface air. Although light accumulations of freezing rain, and sleet fell across much of the state of Mississippi, more significant accumulations of sleet over one half inch fell primarily north and west of the Natchez Trace corridor. Accumulations of 2 to 3 inches of sleet were measured in the Greenville to Cleveland areas. Area roads were impacted by slick conditions due to the glaze of ice and accumulated sleet.","A continuous period of below-freezing temperatures in the area began on the evening of January 14th and did not end until the afternoon of January 17th, and temperatures fell below freezing again the night of January 17th. Wind chills as low as 9 degrees were measured by the ASOS site KJAN at Jackson-Medgar Wiley Evers Airport. A 67-year old woman in the Cleary Heights area was found to have died of hypothermia."
MS-ACTION-2024-01-14-governor-reeves-issues-state-of-emergency-ahead-of-winter-,,Tate Reeves,Governor Reeves Issues State of Emergency Ahead of Winter Weather,2024-01-14,https://governorreeves.ms.gov/wp-json/wp/v2/posts/1339,1159866,187901,2024-01-15 16:00:00,2024-01-16 01:00:00,Z,NWS forecast zone,49,RANKIN,Winter Weather,,,0,0,300.00K,0.00K,Amateur Radio,"As an Arctic air mass moved south through Mississippi, light to moderate precipitation was quick to freeze as it fell through the cold surface air. Although light accumulations of freezing rain, and sleet fell across much of the state of Mississippi, more significant accumulations of sleet over one half inch fell primarily north and west of the Natchez Trace corridor. Accumulations of 2 to 3 inches of sleet were measured in the Greenville to Cleveland areas. Area roads were impacted by slick conditions due to the glaze of ice and accumulated sleet.","Light accumulations of freezing rain and sleet caused slick road conditions across the county, and a twelve vehicle accident involving an overturned 18-wheeler truck occurred on Interstate 20 near Exit 56 due to an icy road. 17 injuries were reported due to accidents on slick roads."
MS-ACTION-2024-01-14-governor-reeves-issues-state-of-emergency-ahead-of-winter-,,Tate Reeves,Governor Reeves Issues State of Emergency Ahead of Winter Weather,2024-01-14,https://governorreeves.ms.gov/wp-json/wp/v2/posts/1339,1159861,187901,2024-01-14 19:00:00,2024-01-15 21:30:00,Z,NWS forecast zone,41,SHARKEY,Winter Storm,,,1,0,0.00K,0.00K,Emergency Manager,"As an Arctic air mass moved south through Mississippi, light to moderate precipitation was quick to freeze as it fell through the cold surface air. Although light accumulations of freezing rain, and sleet fell across much of the state of Mississippi, more significant accumulations of sleet over one half inch fell primarily north and west of the Natchez Trace corridor. Accumulations of 2 to 3 inches of sleet were measured in the Greenville to Cleveland areas. Area roads were impacted by slick conditions due to the glaze of ice and accumulated sleet.","Accumulations of about one half inch of sleet fell across the county, but light snow and freezing rain also fell. Area roads were covered by the sleet and glaze of ice. A 32-year old man who was walking home during the winter storm was later found to have died from hypothermia near South Delta Elementary School. Temperatures below freezing and wind chills as low as -10 degrees Fahrenheit occurred during and after the winter storm."
MS-ACTION-2024-01-14-governor-reeves-issues-state-of-emergency-ahead-of-winter-,,Tate Reeves,Governor Reeves Issues State of Emergency Ahead of Winter Weather,2024-01-14,https://governorreeves.ms.gov/wp-json/wp/v2/posts/1339,1159500,188475,2024-01-16 02:00:00,2024-01-16 05:30:00,Z,NWS forecast zone,86,SOUTHERN HANCOCK COUNTY,Winter Weather,,,0,0,0.00K,0.00K,Mesonet,"A very amplified longwave upper level trough situated west of the Mississippi River Valley drove an arctic airmass well into the Gulf of Mexico. It's position, west of the Mississippi River, is common for previous events of very cold airmasses and frozen precipitation locally. Temperatures locally began to plummet from west to east on the evening of January 15th and into the morning hours of January 16th. A layer of mid-level of moisture riding over the colder surface was able to precipitate to the ground. Although temperatures aloft were too warm to support snow, subfreezing surface temperatures resulted in freezing rain and some sleet, even as far south as coastal Louisiana. Accumulation amounts ranged from a slight glazing to around one quarter of an inch. All local interstates, many state highways and local roads with bridges were shutdown due to icy roadways.",Nearby mesonet observations showed temperatures dropping below freezing around midnight on the 16th A short window of a few hours of freezing rain did occur which resulted in around 0.1 inches of freezing rainfall. It can be assumed similar amounts fell across the county as radar reflectivity was relatively similar over that area. Interstate 10 shutdown near the LA/MS border at the bridge across the Pearl River was icy.
MS-ACTION-2024-01-14-governor-reeves-issues-state-of-emergency-ahead-of-winter-,,Tate Reeves,Governor Reeves Issues State of Emergency Ahead of Winter Weather,2024-01-14,https://governorreeves.ms.gov/wp-json/wp/v2/posts/1339,1159520,188475,2024-01-16 06:00:00,2024-01-16 11:00:00,Z,NWS forecast zone,87,SOUTHERN HARRISON COUNTY,Winter Weather,,,0,0,0.00K,0.00K,Emergency Manager,"A very amplified longwave upper level trough situated west of the Mississippi River Valley drove an arctic airmass well into the Gulf of Mexico. It's position, west of the Mississippi River, is common for previous events of very cold airmasses and frozen precipitation locally. Temperatures locally began to plummet from west to east on the evening of January 15th and into the morning hours of January 16th. A layer of mid-level of moisture riding over the colder surface was able to precipitate to the ground. Although temperatures aloft were too warm to support snow, subfreezing surface temperatures resulted in freezing rain and some sleet, even as far south as coastal Louisiana. Accumulation amounts ranged from a slight glazing to around one quarter of an inch. All local interstates, many state highways and local roads with bridges were shutdown due to icy roadways.",Nearby mesonet and ASOS observations showed temperatures dropping below freezing around 6am on the 16th. Rain switched over to freezing rainfall and resulted in around 0.1 inches of accumulation. It can be assumed similar amounts fell across the county as radar reflectivity was relatively similar over that area.  Interstates 10 and 110 were shutdown due to icy conditions. The Wilkes bridge in Gulfport was also shutdown due to icy conditions.
MS-ACTION-2024-01-14-governor-reeves-issues-state-of-emergency-ahead-of-winter-,,Tate Reeves,Governor Reeves Issues State of Emergency Ahead of Winter Weather,2024-01-14,https://governorreeves.ms.gov/wp-json/wp/v2/posts/1339,1159521,188475,2024-01-16 06:00:00,2024-01-16 11:00:00,Z,NWS forecast zone,88,SOUTHERN JACKSON COUNTY,Winter Weather,,,0,0,0.00K,0.00K,ASOS,"A very amplified longwave upper level trough situated west of the Mississippi River Valley drove an arctic airmass well into the Gulf of Mexico. It's position, west of the Mississippi River, is common for previous events of very cold airmasses and frozen precipitation locally. Temperatures locally began to plummet from west to east on the evening of January 15th and into the morning hours of January 16th. A layer of mid-level of moisture riding over the colder surface was able to precipitate to the ground. Although temperatures aloft were too warm to support snow, subfreezing surface temperatures resulted in freezing rain and some sleet, even as far south as coastal Louisiana. Accumulation amounts ranged from a slight glazing to around one quarter of an inch. All local interstates, many state highways and local roads with bridges were shutdown due to icy roadways.",Nearby mesonet and ASOS observations showed temperatures dropping below freezing around 6am on the 16th. Rain switched over to freezing rainfall and resulted in around 0.1 inches of accumulation. It can be assumed similar amounts fell across the county as radar reflectivity was relatively similar over that area.
MS-ACTION-2024-01-14-governor-reeves-issues-state-of-emergency-ahead-of-winter-,,Tate Reeves,Governor Reeves Issues State of Emergency Ahead of Winter Weather,2024-01-14,https://governorreeves.ms.gov/wp-json/wp/v2/posts/1339,1159817,187901,2024-01-14 15:00:00,2024-01-15 17:30:00,Z,NWS forecast zone,19,SUNFLOWER,Winter Storm,,,0,0,0.00K,0.00K,Emergency Manager,"As an Arctic air mass moved south through Mississippi, light to moderate precipitation was quick to freeze as it fell through the cold surface air. Although light accumulations of freezing rain, and sleet fell across much of the state of Mississippi, more significant accumulations of sleet over one half inch fell primarily north and west of the Natchez Trace corridor. Accumulations of 2 to 3 inches of sleet were measured in the Greenville to Cleveland areas. Area roads were impacted by slick conditions due to the glaze of ice and accumulated sleet.","Mainly sleet fell across the county, with 1.5 inches of sleet measured near Drew. Light snow and freezing rain also fell. Area roads were covered by sleet. A fatality resulted from a car wreck on the slick roads."
MS-ACTION-2024-01-14-governor-reeves-issues-state-of-emergency-ahead-of-winter-,,Tate Reeves,Governor Reeves Issues State of Emergency Ahead of Winter Weather,2024-01-14,https://governorreeves.ms.gov/wp-json/wp/v2/posts/1339,1157658,188377,2024-01-14 14:00:00,2024-01-15 18:00:00,Z,NWS forecast zone,20,TALLAHATCHIE,Winter Weather,,,0,0,0.00K,0.00K,Trained Spotter,"A major winter storm impacted the Mid-South on January 14-15, 2024. Transportation was greatly affected. Snow spread across the Mid-South during the afternoon hours on January 14th as an upper jet intensified across the region in advance of a potent upper trough. By early morning Monday, areas along and south of I-40 and especially near the Tennessee/Mississippi border were located under the right entrance region of the upper jet streak. The lift associated with the jet streak combined with a steady influx of mid-level moisture and strong mid-level frontogenesis resulted in heavy snowfall. The heaviest snowfall in north Mississippi was just south of the Tennessee/Mississippi line where four to eight inches fell.  Further south from Tupelo to Charleston and points south, precipitation was mainly in the form of sleet with amounts up to an inch. The entrance region of the upper jet slowly sagged south through north Mississippi on January 15th and precipitation gradually tapered off.",Less than a half inch of sleet fell across Tallahatchie County.
MS-ACTION-2024-01-14-governor-reeves-issues-state-of-emergency-ahead-of-winter-,,Tate Reeves,Governor Reeves Issues State of Emergency Ahead of Winter Weather,2024-01-14,https://governorreeves.ms.gov/wp-json/wp/v2/posts/1339,1157713,188383,2024-01-15 00:00:00,2024-01-17 10:00:00,Z,NWS forecast zone,20,TALLAHATCHIE,Cold/Wind Chill,,,0,0,0.00K,0.00K,AWOS,"An arctic air mass brought very cold air temperatures and sub-zero wind chills across north Mississippi during the January 14-17, 2024 timeframe. As a surface high shifted directly over the Mid-South, clear skies, light winds, and snowpack left the region bitterly cold with well below zero temperatures across extreme north Mississippi on the morning of January 17th.",Wind chills fell to 0 degrees to 10 degrees below zero at times.
MS-ACTION-2024-01-14-governor-reeves-issues-state-of-emergency-ahead-of-winter-,,Tate Reeves,Governor Reeves Issues State of Emergency Ahead of Winter Weather,2024-01-14,https://governorreeves.ms.gov/wp-json/wp/v2/posts/1339,1157637,188377,2024-01-14 15:00:00,2024-01-15 18:00:00,Z,NWS forecast zone,8,TATE,Winter Storm,,,0,0,0.00K,0.00K,Trained Spotter,"A major winter storm impacted the Mid-South on January 14-15, 2024. Transportation was greatly affected. Snow spread across the Mid-South during the afternoon hours on January 14th as an upper jet intensified across the region in advance of a potent upper trough. By early morning Monday, areas along and south of I-40 and especially near the Tennessee/Mississippi border were located under the right entrance region of the upper jet streak. The lift associated with the jet streak combined with a steady influx of mid-level moisture and strong mid-level frontogenesis resulted in heavy snowfall. The heaviest snowfall in north Mississippi was just south of the Tennessee/Mississippi line where four to eight inches fell.  Further south from Tupelo to Charleston and points south, precipitation was mainly in the form of sleet with amounts up to an inch. The entrance region of the upper jet slowly sagged south through north Mississippi on January 15th and precipitation gradually tapered off.",Four to five inches of sleet and snow fell across Tate County.
MS-ACTION-2024-01-14-governor-reeves-issues-state-of-emergency-ahead-of-winter-,,Tate Reeves,Governor Reeves Issues State of Emergency Ahead of Winter Weather,2024-01-14,https://governorreeves.ms.gov/wp-json/wp/v2/posts/1339,1161147,188383,2024-01-14 21:00:00,2024-01-17 10:00:00,Z,NWS forecast zone,8,TATE,Extreme Cold/Wind Chill,,,0,0,0.00K,0.00K,AWOS,"An arctic air mass brought very cold air temperatures and sub-zero wind chills across north Mississippi during the January 14-17, 2024 timeframe. As a surface high shifted directly over the Mid-South, clear skies, light winds, and snowpack left the region bitterly cold with well below zero temperatures across extreme north Mississippi on the morning of January 17th.",Wind chill values were 0 degrees to 15 below zero degrees at times. Air temperature was 9 degrees below zero on the morning of 01/17/2024.
MS-ACTION-2024-01-14-governor-reeves-issues-state-of-emergency-ahead-of-winter-,,Tate Reeves,Governor Reeves Issues State of Emergency Ahead of Winter Weather,2024-01-14,https://governorreeves.ms.gov/wp-json/wp/v2/posts/1339,1157643,188377,2024-01-14 16:00:00,2024-01-15 18:00:00,Z,NWS forecast zone,4,TIPPAH,Winter Storm,,,0,0,0.00K,0.00K,Trained Spotter,"A major winter storm impacted the Mid-South on January 14-15, 2024. Transportation was greatly affected. Snow spread across the Mid-South during the afternoon hours on January 14th as an upper jet intensified across the region in advance of a potent upper trough. By early morning Monday, areas along and south of I-40 and especially near the Tennessee/Mississippi border were located under the right entrance region of the upper jet streak. The lift associated with the jet streak combined with a steady influx of mid-level moisture and strong mid-level frontogenesis resulted in heavy snowfall. The heaviest snowfall in north Mississippi was just south of the Tennessee/Mississippi line where four to eight inches fell.  Further south from Tupelo to Charleston and points south, precipitation was mainly in the form of sleet with amounts up to an inch. The entrance region of the upper jet slowly sagged south through north Mississippi on January 15th and precipitation gradually tapered off.",Four to seven inches of snow fell across Tippah County.
MS-ACTION-2024-01-14-governor-reeves-issues-state-of-emergency-ahead-of-winter-,,Tate Reeves,Governor Reeves Issues State of Emergency Ahead of Winter Weather,2024-01-14,https://governorreeves.ms.gov/wp-json/wp/v2/posts/1339,1157703,188383,2024-01-14 21:00:00,2024-01-17 10:00:00,Z,NWS forecast zone,4,TIPPAH,Extreme Cold/Wind Chill,,,0,0,0.00K,0.00K,AWOS,"An arctic air mass brought very cold air temperatures and sub-zero wind chills across north Mississippi during the January 14-17, 2024 timeframe. As a surface high shifted directly over the Mid-South, clear skies, light winds, and snowpack left the region bitterly cold with well below zero temperatures across extreme north Mississippi on the morning of January 17th.",Wind chill values were 0 degrees to 15 below zero degrees at times. Air temperature ranged from 8 degrees below zero to 10 degrees below zero on the morning of 01/17/2024.
MS-ACTION-2024-01-14-governor-reeves-issues-state-of-emergency-ahead-of-winter-,,Tate Reeves,Governor Reeves Issues State of Emergency Ahead of Winter Weather,2024-01-14,https://governorreeves.ms.gov/wp-json/wp/v2/posts/1339,1157649,188377,2024-01-14 16:00:00,2024-01-15 18:00:00,Z,NWS forecast zone,6,TISHOMINGO,Winter Storm,,,0,0,0.00K,0.00K,Trained Spotter,"A major winter storm impacted the Mid-South on January 14-15, 2024. Transportation was greatly affected. Snow spread across the Mid-South during the afternoon hours on January 14th as an upper jet intensified across the region in advance of a potent upper trough. By early morning Monday, areas along and south of I-40 and especially near the Tennessee/Mississippi border were located under the right entrance region of the upper jet streak. The lift associated with the jet streak combined with a steady influx of mid-level moisture and strong mid-level frontogenesis resulted in heavy snowfall. The heaviest snowfall in north Mississippi was just south of the Tennessee/Mississippi line where four to eight inches fell.  Further south from Tupelo to Charleston and points south, precipitation was mainly in the form of sleet with amounts up to an inch. The entrance region of the upper jet slowly sagged south through north Mississippi on January 15th and precipitation gradually tapered off.",Four to seven inches of snow fell across Tishomingo County.
MS-ACTION-2024-01-14-governor-reeves-issues-state-of-emergency-ahead-of-winter-,,Tate Reeves,Governor Reeves Issues State of Emergency Ahead of Winter Weather,2024-01-14,https://governorreeves.ms.gov/wp-json/wp/v2/posts/1339,1157705,188383,2024-01-14 21:00:00,2024-01-17 10:00:00,Z,NWS forecast zone,6,TISHOMINGO,Extreme Cold/Wind Chill,,,0,0,0.00K,0.00K,AWOS,"An arctic air mass brought very cold air temperatures and sub-zero wind chills across north Mississippi during the January 14-17, 2024 timeframe. As a surface high shifted directly over the Mid-South, clear skies, light winds, and snowpack left the region bitterly cold with well below zero temperatures across extreme north Mississippi on the morning of January 17th.",Wind chill values were 0 degrees to 15 below zero degrees at times. Air temperature was 3 degrees below zero on the morning of 01/17/2024.
MS-ACTION-2024-01-14-governor-reeves-issues-state-of-emergency-ahead-of-winter-,,Tate Reeves,Governor Reeves Issues State of Emergency Ahead of Winter Weather,2024-01-14,https://governorreeves.ms.gov/wp-json/wp/v2/posts/1339,1157635,188377,2024-01-14 15:00:00,2024-01-15 18:00:00,Z,NWS forecast zone,7,TUNICA,Winter Storm,,,0,0,0.00K,0.00K,Trained Spotter,"A major winter storm impacted the Mid-South on January 14-15, 2024. Transportation was greatly affected. Snow spread across the Mid-South during the afternoon hours on January 14th as an upper jet intensified across the region in advance of a potent upper trough. By early morning Monday, areas along and south of I-40 and especially near the Tennessee/Mississippi border were located under the right entrance region of the upper jet streak. The lift associated with the jet streak combined with a steady influx of mid-level moisture and strong mid-level frontogenesis resulted in heavy snowfall. The heaviest snowfall in north Mississippi was just south of the Tennessee/Mississippi line where four to eight inches fell.  Further south from Tupelo to Charleston and points south, precipitation was mainly in the form of sleet with amounts up to an inch. The entrance region of the upper jet slowly sagged south through north Mississippi on January 15th and precipitation gradually tapered off.",Three to four inches of sleet and snow fell across Tunica County.
MS-ACTION-2024-01-14-governor-reeves-issues-state-of-emergency-ahead-of-winter-,,Tate Reeves,Governor Reeves Issues State of Emergency Ahead of Winter Weather,2024-01-14,https://governorreeves.ms.gov/wp-json/wp/v2/posts/1339,1157707,188383,2024-01-14 21:00:00,2024-01-17 10:00:00,Z,NWS forecast zone,7,TUNICA,Cold/Wind Chill,,,0,0,0.00K,0.00K,AWOS,"An arctic air mass brought very cold air temperatures and sub-zero wind chills across north Mississippi during the January 14-17, 2024 timeframe. As a surface high shifted directly over the Mid-South, clear skies, light winds, and snowpack left the region bitterly cold with well below zero temperatures across extreme north Mississippi on the morning of January 17th.",Wind chills fell to 0 degrees to 15 degrees below zero at times.
MS-ACTION-2024-01-14-governor-reeves-issues-state-of-emergency-ahead-of-winter-,,Tate Reeves,Governor Reeves Issues State of Emergency Ahead of Winter Weather,2024-01-14,https://governorreeves.ms.gov/wp-json/wp/v2/posts/1339,1157644,188377,2024-01-14 16:00:00,2024-01-15 18:00:00,Z,NWS forecast zone,14,UNION,Winter Storm,,,0,0,0.00K,0.00K,Trained Spotter,"A major winter storm impacted the Mid-South on January 14-15, 2024. Transportation was greatly affected. Snow spread across the Mid-South during the afternoon hours on January 14th as an upper jet intensified across the region in advance of a potent upper trough. By early morning Monday, areas along and south of I-40 and especially near the Tennessee/Mississippi border were located under the right entrance region of the upper jet streak. The lift associated with the jet streak combined with a steady influx of mid-level moisture and strong mid-level frontogenesis resulted in heavy snowfall. The heaviest snowfall in north Mississippi was just south of the Tennessee/Mississippi line where four to eight inches fell.  Further south from Tupelo to Charleston and points south, precipitation was mainly in the form of sleet with amounts up to an inch. The entrance region of the upper jet slowly sagged south through north Mississippi on January 15th and precipitation gradually tapered off.",Around three inches of snow and sleet fell across Union County.
MS-ACTION-2024-01-14-governor-reeves-issues-state-of-emergency-ahead-of-winter-,,Tate Reeves,Governor Reeves Issues State of Emergency Ahead of Winter Weather,2024-01-14,https://governorreeves.ms.gov/wp-json/wp/v2/posts/1339,1157717,188383,2024-01-15 04:00:00,2024-01-17 10:00:00,Z,NWS forecast zone,14,UNION,Cold/Wind Chill,,,0,0,0.00K,0.00K,AWOS,"An arctic air mass brought very cold air temperatures and sub-zero wind chills across north Mississippi during the January 14-17, 2024 timeframe. As a surface high shifted directly over the Mid-South, clear skies, light winds, and snowpack left the region bitterly cold with well below zero temperatures across extreme north Mississippi on the morning of January 17th.",Wind chills fell to 0 degrees to 10 degrees below zero at times.
MS-ACTION-2024-01-14-governor-reeves-issues-state-of-emergency-ahead-of-winter-,,Tate Reeves,Governor Reeves Issues State of Emergency Ahead of Winter Weather,2024-01-14,https://governorreeves.ms.gov/wp-json/wp/v2/posts/1339,1159470,188475,2024-01-16 00:00:00,2024-01-16 07:00:00,Z,NWS forecast zone,71,WALTHALL,Winter Weather,,,0,0,0.00K,0.00K,ASOS,"A very amplified longwave upper level trough situated west of the Mississippi River Valley drove an arctic airmass well into the Gulf of Mexico. It's position, west of the Mississippi River, is common for previous events of very cold airmasses and frozen precipitation locally. Temperatures locally began to plummet from west to east on the evening of January 15th and into the morning hours of January 16th. A layer of mid-level of moisture riding over the colder surface was able to precipitate to the ground. Although temperatures aloft were too warm to support snow, subfreezing surface temperatures resulted in freezing rain and some sleet, even as far south as coastal Louisiana. Accumulation amounts ranged from a slight glazing to around one quarter of an inch. All local interstates, many state highways and local roads with bridges were shutdown due to icy roadways.","Nearby mesonet observations showed temperatures never rose above freezing on the 15th. Around 6pm, radar showed precipitation beginning across the county. Off and on freezing rain persisted for about 7 hours. Based on KMCB ASOS measuring 0.27 of freezing rain and radar reflectivity depicting similar activity over Walthall County, it can be assumed freezing rainfall amounts were relatively similar over that area."
MS-ACTION-2024-01-14-governor-reeves-issues-state-of-emergency-ahead-of-winter-,,Tate Reeves,Governor Reeves Issues State of Emergency Ahead of Winter Weather,2024-01-14,https://governorreeves.ms.gov/wp-json/wp/v2/posts/1339,1159851,187901,2024-01-14 14:00:00,2024-01-15 18:30:00,Z,NWS forecast zone,34,WASHINGTON,Winter Storm,,,0,0,0.00K,0.00K,Public,"As an Arctic air mass moved south through Mississippi, light to moderate precipitation was quick to freeze as it fell through the cold surface air. Although light accumulations of freezing rain, and sleet fell across much of the state of Mississippi, more significant accumulations of sleet over one half inch fell primarily north and west of the Natchez Trace corridor. Accumulations of 2 to 3 inches of sleet were measured in the Greenville to Cleveland areas. Area roads were impacted by slick conditions due to the glaze of ice and accumulated sleet.","Accumulations of around 2 inches of sleet fell across the county, but light snow and freezing rain also fell. Area roads were covered by the sleet. A fatality resulted from a car wreck on the slick roads. Three other injuries were reported."
MS-ACTION-2024-01-14-governor-reeves-issues-state-of-emergency-ahead-of-winter-,,Tate Reeves,Governor Reeves Issues State of Emergency Ahead of Winter Weather,2024-01-14,https://governorreeves.ms.gov/wp-json/wp/v2/posts/1339,1159837,187901,2024-01-15 06:00:00,2024-01-15 22:30:00,Z,NWS forecast zone,29,WEBSTER,Winter Storm,,,0,0,20.00K,0.00K,Amateur Radio,"As an Arctic air mass moved south through Mississippi, light to moderate precipitation was quick to freeze as it fell through the cold surface air. Although light accumulations of freezing rain, and sleet fell across much of the state of Mississippi, more significant accumulations of sleet over one half inch fell primarily north and west of the Natchez Trace corridor. Accumulations of 2 to 3 inches of sleet were measured in the Greenville to Cleveland areas. Area roads were impacted by slick conditions due to the glaze of ice and accumulated sleet.","Accumulations of up to one half inch of sleet fell across the county, but light snow and freezing rain also fell. Area roads were covered by the sleet, and a motor vehicle crashed into a bridge on US Highway 82 just east of MS Highway 9 due to an icy road."
MS-ACTION-2024-01-14-governor-reeves-issues-state-of-emergency-ahead-of-winter-,,Tate Reeves,Governor Reeves Issues State of Emergency Ahead of Winter Weather,2024-01-14,https://governorreeves.ms.gov/wp-json/wp/v2/posts/1339,1159462,188475,2024-01-15 22:00:00,2024-01-16 04:00:00,Z,NWS forecast zone,68,WILKINSON,Winter Weather,,,0,0,0.00K,0.00K,Mesonet,"A very amplified longwave upper level trough situated west of the Mississippi River Valley drove an arctic airmass well into the Gulf of Mexico. It's position, west of the Mississippi River, is common for previous events of very cold airmasses and frozen precipitation locally. Temperatures locally began to plummet from west to east on the evening of January 15th and into the morning hours of January 16th. A layer of mid-level of moisture riding over the colder surface was able to precipitate to the ground. Although temperatures aloft were too warm to support snow, subfreezing surface temperatures resulted in freezing rain and some sleet, even as far south as coastal Louisiana. Accumulation amounts ranged from a slight glazing to around one quarter of an inch. All local interstates, many state highways and local roads with bridges were shutdown due to icy roadways.","Nearby mesonet observations showed temperatures falling below freezing around 4pm. At the same time, radar showed precipitation beginning across the county. Off and on freezing rain persisted for about 6 hours. It's estimated that 0.1 to 0.2 of freezing based on radar."
MS-ACTION-2024-01-14-governor-reeves-issues-state-of-emergency-ahead-of-winter-,,Tate Reeves,Governor Reeves Issues State of Emergency Ahead of Winter Weather,2024-01-14,https://governorreeves.ms.gov/wp-json/wp/v2/posts/1339,1159858,187901,2024-01-15 18:30:00,2024-01-16 01:00:00,Z,NWS forecast zone,38,WINSTON,Winter Storm,,,0,0,0.00K,0.00K,Emergency Manager,"As an Arctic air mass moved south through Mississippi, light to moderate precipitation was quick to freeze as it fell through the cold surface air. Although light accumulations of freezing rain, and sleet fell across much of the state of Mississippi, more significant accumulations of sleet over one half inch fell primarily north and west of the Natchez Trace corridor. Accumulations of 2 to 3 inches of sleet were measured in the Greenville to Cleveland areas. Area roads were impacted by slick conditions due to the glaze of ice and accumulated sleet.","Up to 0.5 inches of sleet fell across the county, but light snow and freezing rain also fell. Area roads were covered by the sleet and glaze of ice."
MS-ACTION-2024-01-14-governor-reeves-issues-state-of-emergency-ahead-of-winter-,,Tate Reeves,Governor Reeves Issues State of Emergency Ahead of Winter Weather,2024-01-14,https://governorreeves.ms.gov/wp-json/wp/v2/posts/1339,1157659,188377,2024-01-14 14:00:00,2024-01-15 18:00:00,Z,NWS forecast zone,21,YALOBUSHA,Winter Weather,,,0,0,0.00K,0.00K,Trained Spotter,"A major winter storm impacted the Mid-South on January 14-15, 2024. Transportation was greatly affected. Snow spread across the Mid-South during the afternoon hours on January 14th as an upper jet intensified across the region in advance of a potent upper trough. By early morning Monday, areas along and south of I-40 and especially near the Tennessee/Mississippi border were located under the right entrance region of the upper jet streak. The lift associated with the jet streak combined with a steady influx of mid-level moisture and strong mid-level frontogenesis resulted in heavy snowfall. The heaviest snowfall in north Mississippi was just south of the Tennessee/Mississippi line where four to eight inches fell.  Further south from Tupelo to Charleston and points south, precipitation was mainly in the form of sleet with amounts up to an inch. The entrance region of the upper jet slowly sagged south through north Mississippi on January 15th and precipitation gradually tapered off.",Less than a half inch of sleet fell across Yalobusha County.
MS-ACTION-2024-01-14-governor-reeves-issues-state-of-emergency-ahead-of-winter-,,Tate Reeves,Governor Reeves Issues State of Emergency Ahead of Winter Weather,2024-01-14,https://governorreeves.ms.gov/wp-json/wp/v2/posts/1339,1157716,188383,2024-01-15 04:00:00,2024-01-17 10:00:00,Z,NWS forecast zone,21,YALOBUSHA,Cold/Wind Chill,,,0,0,0.00K,0.00K,AWOS,"An arctic air mass brought very cold air temperatures and sub-zero wind chills across north Mississippi during the January 14-17, 2024 timeframe. As a surface high shifted directly over the Mid-South, clear skies, light winds, and snowpack left the region bitterly cold with well below zero temperatures across extreme north Mississippi on the morning of January 17th.",Wind chills fell to 0 degrees to 10 degrees below zero at times.
MS-ACTION-2024-01-14-governor-reeves-issues-state-of-emergency-ahead-of-winter-,,Tate Reeves,Governor Reeves Issues State of Emergency Ahead of Winter Weather,2024-01-14,https://governorreeves.ms.gov/wp-json/wp/v2/posts/1339,1159862,187901,2024-01-14 19:30:00,2024-01-15 23:00:00,Z,NWS forecast zone,42,YAZOO,Winter Storm,,,0,0,0.00K,0.00K,Public,"As an Arctic air mass moved south through Mississippi, light to moderate precipitation was quick to freeze as it fell through the cold surface air. Although light accumulations of freezing rain, and sleet fell across much of the state of Mississippi, more significant accumulations of sleet over one half inch fell primarily north and west of the Natchez Trace corridor. Accumulations of 2 to 3 inches of sleet were measured in the Greenville to Cleveland areas. Area roads were impacted by slick conditions due to the glaze of ice and accumulated sleet.","Accumulations of up to one half inch of sleet fell across the county, but light snow and freezing rain also fell. Area roads were impacted by the sleet and glaze of ice."
MS-ACTION-2026-01-22-governor-reeves-issues-state-of-emergency-ahead-of-severe-,,Tate Reeves,Governor Reeves Issues State of Emergency Ahead of Severe Winter Weather,2026-01-22,https://governorreeves.ms.gov/wp-json/wp/v2/posts/1589,1311131,209652,2026-01-25 07:00:00,2026-01-25 10:45:00,Z,NWS forecast zone,60,ADAMS,Ice Storm,,,0,0,0.00K,0.00K,Emergency Manager,"A historically damaging ice storm occurred from southwestern Mississippi northeast through the Delta region into North Mississippi. The corridor of heaviest ice accretion, with ice thickness measured at up to one inch, spanned from Sharkey and Issaquena counties and southern Washington County, through Humphreys, Holmes, and northwestern Yazoo counties, through Leflore, Carroll, and Grenada counties. Tree damage in this region was tremendous, and several homes were damaged or destroyed by falling trees. Travel impacts persisted through Friday, January 30th in some areas. More than 189,000 customers in Mississippi lost power during the peak of the storm with thousands of power poles broken. Full power restoration took more than two weeks in the hardest hit areas, and it took more than one week for some customers in Attala, Bolivar, Carroll Grenada, Holmes, Humphreys, Issaquena, Leflore, Madison, Montgomery, Sharkey, Sunflower, Warren, Washington, Webster and Yazoo counties. Some meters remained unpowered for three weeks in the hardest hit portions of our area. The loss of electricity and the very cold temperatures that followed resulted in the loss of water in several communities.||Significant sleet accumulations, as high as 2 to 3 inches occurred in parts of northwest Mississippi. In these areas, the weight of the accumulation resulted in the collapse of several sheds, carports, gas station awnings and the roofs of some buildings. Sleet remained on the ground across much of Bolivar, Sunflower, and Washington counties for an entire week, with some of the deeper sleet accumulations through Bolivar County persisting through at least Sunday, February 8th.||Bitter cold conditions followed the storm, with temperatures as low as 11 at Bluff Lake, 12 at Natchez and Starkville, 13 at Ackerman, Collins, Crystal Springs, Forest, and Golden Triangle Airport; 14 at Brookhaven, Canton, Columbia, Columbus AFB, Hawkins Field in Jackson, Louisville, Madison, Newton, and Philadelphia; 15 at Jackson International; 16 at Greenville, Indianola, Meridian, and Vicksburg; and 17 at Cleveland, Laurel, and Rolling Fork. Wind chills were as low as -1 at Greenville, 2 at Golden Triangle Airport, 3 at Louisville, 4 at Natchez; 5 at Columbus AFB, Hawkins Field in Jackson, and Vicksburg; 6 at Cleveland, Crystal Springs, Jackson, Meridian, and Starkville; 7 at Madison, 8 at Philadelphia, and 9 at Canton and Laurel. Note: At several area weather stations, the lowest wind chill was unavailable because the anemometer was frozen and unable to record wind speed data.||Severn deaths occurred in the Mississippi counties in the NWS Jackson area - four due to exposure to the cold in Hinds, Sharkey, Warren, and Yazoo counties, and three in fire-related incidents in Adams, Leflore, and Jefferson counties. Additional injuries were reported in Grenada, Hinds, Sharkey, Smith, Warren, and Washington counties. At least 278 residences and nine businesses were damaged or destroyed in the Mississippi portion of our forecast area.","Trees fell in Natchez due to icing. A home on Holly Drive was damaged from a large tree |which snapped and fell onto it.  Icing was observed in trees and power lines. Maximum estimated freezing rain accumulations were 0.25 inch, mostly in northern and central portions of the area. Trees, limbs and lines were down across the county."
MS-ACTION-2026-01-22-governor-reeves-issues-state-of-emergency-ahead-of-severe-,,Tate Reeves,Governor Reeves Issues State of Emergency Ahead of Severe Winter Weather,2026-01-22,https://governorreeves.ms.gov/wp-json/wp/v2/posts/1589,1315590,209652,2026-01-25 22:00:00,2026-01-26 10:00:00,Z,NWS forecast zone,60,ADAMS,Extreme Cold/Wind Chill,,,0,0,0.00K,0.00K,Official NWS Observations,"A historically damaging ice storm occurred from southwestern Mississippi northeast through the Delta region into North Mississippi. The corridor of heaviest ice accretion, with ice thickness measured at up to one inch, spanned from Sharkey and Issaquena counties and southern Washington County, through Humphreys, Holmes, and northwestern Yazoo counties, through Leflore, Carroll, and Grenada counties. Tree damage in this region was tremendous, and several homes were damaged or destroyed by falling trees. Travel impacts persisted through Friday, January 30th in some areas. More than 189,000 customers in Mississippi lost power during the peak of the storm with thousands of power poles broken. Full power restoration took more than two weeks in the hardest hit areas, and it took more than one week for some customers in Attala, Bolivar, Carroll Grenada, Holmes, Humphreys, Issaquena, Leflore, Madison, Montgomery, Sharkey, Sunflower, Warren, Washington, Webster and Yazoo counties. Some meters remained unpowered for three weeks in the hardest hit portions of our area. The loss of electricity and the very cold temperatures that followed resulted in the loss of water in several communities.||Significant sleet accumulations, as high as 2 to 3 inches occurred in parts of northwest Mississippi. In these areas, the weight of the accumulation resulted in the collapse of several sheds, carports, gas station awnings and the roofs of some buildings. Sleet remained on the ground across much of Bolivar, Sunflower, and Washington counties for an entire week, with some of the deeper sleet accumulations through Bolivar County persisting through at least Sunday, February 8th.||Bitter cold conditions followed the storm, with temperatures as low as 11 at Bluff Lake, 12 at Natchez and Starkville, 13 at Ackerman, Collins, Crystal Springs, Forest, and Golden Triangle Airport; 14 at Brookhaven, Canton, Columbia, Columbus AFB, Hawkins Field in Jackson, Louisville, Madison, Newton, and Philadelphia; 15 at Jackson International; 16 at Greenville, Indianola, Meridian, and Vicksburg; and 17 at Cleveland, Laurel, and Rolling Fork. Wind chills were as low as -1 at Greenville, 2 at Golden Triangle Airport, 3 at Louisville, 4 at Natchez; 5 at Columbus AFB, Hawkins Field in Jackson, and Vicksburg; 6 at Cleveland, Crystal Springs, Jackson, Meridian, and Starkville; 7 at Madison, 8 at Philadelphia, and 9 at Canton and Laurel. Note: At several area weather stations, the lowest wind chill was unavailable because the anemometer was frozen and unable to record wind speed data.||Severn deaths occurred in the Mississippi counties in the NWS Jackson area - four due to exposure to the cold in Hinds, Sharkey, Warren, and Yazoo counties, and three in fire-related incidents in Adams, Leflore, and Jefferson counties. Additional injuries were reported in Grenada, Hinds, Sharkey, Smith, Warren, and Washington counties. At least 278 residences and nine businesses were damaged or destroyed in the Mississippi portion of our forecast area.",Wind chills across the county fell as low as -5 degrees during the early morning of January 26th. A 71 year old male died due to a house fire.
MS-ACTION-2026-01-22-governor-reeves-issues-state-of-emergency-ahead-of-severe-,,Tate Reeves,Governor Reeves Issues State of Emergency Ahead of Severe Winter Weather,2026-01-22,https://governorreeves.ms.gov/wp-json/wp/v2/posts/1589,1313042,210142,2026-01-24 00:00:00,2026-01-25 13:00:00,Z,NWS forecast zone,5,ALCORN,Ice Storm,,,0,0,4.00M,0.00K,Trained Spotter,"A significant winter weather event impacted the Mid-South from January 23rd through January 25th, 2026, driven by a classic southern-stream cyclone interacting with entrenched Arctic air across the region. A broad, positively tilted trough extending from the Central Plains into the Desert Southwest emerged on January 23rd. Downstream, strong surface high pressure was centered over the Midwest and Ohio Valley, promoting persistent cold air advection into the Lower Mississippi Valley and reinforcing a shallow subfreezing airmass.||Isentropic ascent intensified across the Mid-South beginning late January 23rd, as warm, moist air overran the shallow Arctic dome. This resulted in widespread precipitation developing from southwest to northeast across north Mississippi.||Thermal profiles across north Mississippi were marginal and vertically complex, with a well-pronounced warm nose between roughly 850���750 mb. This supported a mixed precipitation regime with crippling ice accumulations across portions of north Mississippi and large sleet accumulations across the Delta. ||The surface low that developed across Alabama was able to warm the surface in counties in closest proximity, resulting in mostly liquid precipitation in a few counties (Itawamba, Monroe, and Chickasaw), and there was even enough elevated instability for convective development. Liquid QPF values averaged over 3 inches, which led to crippling ice accumulations, especially from Oxford through Blue Mountain into Corinth. Widespread tree and scattered property damage occurred along with power outages that lasted several weeks in some locations across northeast Mississippi. Heavy sleet and snow resulted in transportation difficulties for up to two weeks across northwest Mississippi and widespread school cancellations.","Sleet accumulation of 1/2 to 1 inch, followed by 1/2 to 1 inch of ice."
MS-ACTION-2026-01-22-governor-reeves-issues-state-of-emergency-ahead-of-severe-,,Tate Reeves,Governor Reeves Issues State of Emergency Ahead of Severe Winter Weather,2026-01-22,https://governorreeves.ms.gov/wp-json/wp/v2/posts/1589,1312950,210321,2026-01-24 05:00:00,2026-01-24 09:00:00,Z,NWS forecast zone,5,ALCORN,Cold/Wind Chill,,,0,0,0.00K,0.00K,AWOS,"While the wintry precipitation created the initial impacts, it was the multi-day period of subfreezing temperatures that prolonged and, in many cases, worsened those impacts. The lack of meaningful thawing effectively extended the storm���s footprint from a 2���3 day event into a nearly week-long hazard across north Mississippi. Limited melting during the day and refreezing each night kept roads hazardous well beyond the end of precipitation, especially on secondary roads and bridges. Prolonged freezing temperatures increased the risk of burst pipes, particularly in homes and buildings without adequate insulation or during extended power outages. Ice-laden trees and infrastructure remained stressed in subfreezing conditions, slowing restoration efforts and prolonging outages in affected areas. The duration of cold posed risks for hypothermia and exposure, especially for vulnerable populations.",Minimum winds chill of 5F recorded.
MS-ACTION-2026-01-22-governor-reeves-issues-state-of-emergency-ahead-of-severe-,,Tate Reeves,Governor Reeves Issues State of Emergency Ahead of Severe Winter Weather,2026-01-22,https://governorreeves.ms.gov/wp-json/wp/v2/posts/1589,1311415,210263,2026-01-25 05:00:00,2026-01-25 10:00:00,Z,NWS forecast zone,69,AMITE,Winter Weather,,,0,0,0.00K,0.00K,Emergency Manager,"A strong cold front moved through the region late on January 24th into early January 25th, followed by a surge of very cold Arctic air at the surface. As this shallow cold air mass advanced southward, it undercut lingering moisture and a warm layer aloft associated with departing precipitation.  During the early morning hours of January 25th, a brief period of freezing rain developed across portions of southwest Mississippi where surface temperatures fell below freezing while rain continued. This resulted in freezing rain that lasted for a couple to several hours. Estimated peak ice was up to a little over one quarter inch which resulted in some power outages across the county.","The emergency manager reported widespread freezing rain across the county with tree branches coming down and power outages. At least 0.25 inches accumulated on trees, powerlines and other elevated surfaces. The greatest accumulations occurred in northwester portions of the county."
MS-ACTION-2026-01-22-governor-reeves-issues-state-of-emergency-ahead-of-severe-,,Tate Reeves,Governor Reeves Issues State of Emergency Ahead of Severe Winter Weather,2026-01-22,https://governorreeves.ms.gov/wp-json/wp/v2/posts/1589,1312648,209652,2026-01-24 13:45:00,2026-01-25 12:00:00,Z,NWS forecast zone,37,ATTALA,Ice Storm,,,0,0,0.00K,0.00K,Emergency Manager,"A historically damaging ice storm occurred from southwestern Mississippi northeast through the Delta region into North Mississippi. The corridor of heaviest ice accretion, with ice thickness measured at up to one inch, spanned from Sharkey and Issaquena counties and southern Washington County, through Humphreys, Holmes, and northwestern Yazoo counties, through Leflore, Carroll, and Grenada counties. Tree damage in this region was tremendous, and several homes were damaged or destroyed by falling trees. Travel impacts persisted through Friday, January 30th in some areas. More than 189,000 customers in Mississippi lost power during the peak of the storm with thousands of power poles broken. Full power restoration took more than two weeks in the hardest hit areas, and it took more than one week for some customers in Attala, Bolivar, Carroll Grenada, Holmes, Humphreys, Issaquena, Leflore, Madison, Montgomery, Sharkey, Sunflower, Warren, Washington, Webster and Yazoo counties. Some meters remained unpowered for three weeks in the hardest hit portions of our area. The loss of electricity and the very cold temperatures that followed resulted in the loss of water in several communities.||Significant sleet accumulations, as high as 2 to 3 inches occurred in parts of northwest Mississippi. In these areas, the weight of the accumulation resulted in the collapse of several sheds, carports, gas station awnings and the roofs of some buildings. Sleet remained on the ground across much of Bolivar, Sunflower, and Washington counties for an entire week, with some of the deeper sleet accumulations through Bolivar County persisting through at least Sunday, February 8th.||Bitter cold conditions followed the storm, with temperatures as low as 11 at Bluff Lake, 12 at Natchez and Starkville, 13 at Ackerman, Collins, Crystal Springs, Forest, and Golden Triangle Airport; 14 at Brookhaven, Canton, Columbia, Columbus AFB, Hawkins Field in Jackson, Louisville, Madison, Newton, and Philadelphia; 15 at Jackson International; 16 at Greenville, Indianola, Meridian, and Vicksburg; and 17 at Cleveland, Laurel, and Rolling Fork. Wind chills were as low as -1 at Greenville, 2 at Golden Triangle Airport, 3 at Louisville, 4 at Natchez; 5 at Columbus AFB, Hawkins Field in Jackson, and Vicksburg; 6 at Cleveland, Crystal Springs, Jackson, Meridian, and Starkville; 7 at Madison, 8 at Philadelphia, and 9 at Canton and Laurel. Note: At several area weather stations, the lowest wind chill was unavailable because the anemometer was frozen and unable to record wind speed data.||Severn deaths occurred in the Mississippi counties in the NWS Jackson area - four due to exposure to the cold in Hinds, Sharkey, Warren, and Yazoo counties, and three in fire-related incidents in Adams, Leflore, and Jefferson counties. Additional injuries were reported in Grenada, Hinds, Sharkey, Smith, Warren, and Washington counties. At least 278 residences and nine businesses were damaged or destroyed in the Mississippi portion of our forecast area.",Freezing rain accumulation of 0.5 to 0.75 inches occurred mainly across the northwestern portions of the county. Extensive and widespread damage occurred to trees and power lines. Numerous power outages and impassable roads were observed due to downed trees and powerlines. Lesser impacts were noted across the east and southeast areas.
MS-ACTION-2026-01-22-governor-reeves-issues-state-of-emergency-ahead-of-severe-,,Tate Reeves,Governor Reeves Issues State of Emergency Ahead of Severe Winter Weather,2026-01-22,https://governorreeves.ms.gov/wp-json/wp/v2/posts/1589,1315571,209652,2026-01-25 20:00:00,2026-01-26 09:00:00,Z,NWS forecast zone,37,ATTALA,Extreme Cold/Wind Chill,,,0,0,0.00K,0.00K,Official NWS Observations,"A historically damaging ice storm occurred from southwestern Mississippi northeast through the Delta region into North Mississippi. The corridor of heaviest ice accretion, with ice thickness measured at up to one inch, spanned from Sharkey and Issaquena counties and southern Washington County, through Humphreys, Holmes, and northwestern Yazoo counties, through Leflore, Carroll, and Grenada counties. Tree damage in this region was tremendous, and several homes were damaged or destroyed by falling trees. Travel impacts persisted through Friday, January 30th in some areas. More than 189,000 customers in Mississippi lost power during the peak of the storm with thousands of power poles broken. Full power restoration took more than two weeks in the hardest hit areas, and it took more than one week for some customers in Attala, Bolivar, Carroll Grenada, Holmes, Humphreys, Issaquena, Leflore, Madison, Montgomery, Sharkey, Sunflower, Warren, Washington, Webster and Yazoo counties. Some meters remained unpowered for three weeks in the hardest hit portions of our area. The loss of electricity and the very cold temperatures that followed resulted in the loss of water in several communities.||Significant sleet accumulations, as high as 2 to 3 inches occurred in parts of northwest Mississippi. In these areas, the weight of the accumulation resulted in the collapse of several sheds, carports, gas station awnings and the roofs of some buildings. Sleet remained on the ground across much of Bolivar, Sunflower, and Washington counties for an entire week, with some of the deeper sleet accumulations through Bolivar County persisting through at least Sunday, February 8th.||Bitter cold conditions followed the storm, with temperatures as low as 11 at Bluff Lake, 12 at Natchez and Starkville, 13 at Ackerman, Collins, Crystal Springs, Forest, and Golden Triangle Airport; 14 at Brookhaven, Canton, Columbia, Columbus AFB, Hawkins Field in Jackson, Louisville, Madison, Newton, and Philadelphia; 15 at Jackson International; 16 at Greenville, Indianola, Meridian, and Vicksburg; and 17 at Cleveland, Laurel, and Rolling Fork. Wind chills were as low as -1 at Greenville, 2 at Golden Triangle Airport, 3 at Louisville, 4 at Natchez; 5 at Columbus AFB, Hawkins Field in Jackson, and Vicksburg; 6 at Cleveland, Crystal Springs, Jackson, Meridian, and Starkville; 7 at Madison, 8 at Philadelphia, and 9 at Canton and Laurel. Note: At several area weather stations, the lowest wind chill was unavailable because the anemometer was frozen and unable to record wind speed data.||Severn deaths occurred in the Mississippi counties in the NWS Jackson area - four due to exposure to the cold in Hinds, Sharkey, Warren, and Yazoo counties, and three in fire-related incidents in Adams, Leflore, and Jefferson counties. Additional injuries were reported in Grenada, Hinds, Sharkey, Smith, Warren, and Washington counties. At least 278 residences and nine businesses were damaged or destroyed in the Mississippi portion of our forecast area.",Wind chills across the county fell as low as -5 degrees during the early morning of January 26th.
MS-ACTION-2026-01-22-governor-reeves-issues-state-of-emergency-ahead-of-severe-,,Tate Reeves,Governor Reeves Issues State of Emergency Ahead of Severe Winter Weather,2026-01-22,https://governorreeves.ms.gov/wp-json/wp/v2/posts/1589,1312885,210142,2026-01-23 23:00:00,2026-01-25 12:00:00,Z,NWS forecast zone,3,BENTON,Ice Storm,,,0,0,100.00K,0.00K,Trained Spotter,"A significant winter weather event impacted the Mid-South from January 23rd through January 25th, 2026, driven by a classic southern-stream cyclone interacting with entrenched Arctic air across the region. A broad, positively tilted trough extending from the Central Plains into the Desert Southwest emerged on January 23rd. Downstream, strong surface high pressure was centered over the Midwest and Ohio Valley, promoting persistent cold air advection into the Lower Mississippi Valley and reinforcing a shallow subfreezing airmass.||Isentropic ascent intensified across the Mid-South beginning late January 23rd, as warm, moist air overran the shallow Arctic dome. This resulted in widespread precipitation developing from southwest to northeast across north Mississippi.||Thermal profiles across north Mississippi were marginal and vertically complex, with a well-pronounced warm nose between roughly 850���750 mb. This supported a mixed precipitation regime with crippling ice accumulations across portions of north Mississippi and large sleet accumulations across the Delta. ||The surface low that developed across Alabama was able to warm the surface in counties in closest proximity, resulting in mostly liquid precipitation in a few counties (Itawamba, Monroe, and Chickasaw), and there was even enough elevated instability for convective development. Liquid QPF values averaged over 3 inches, which led to crippling ice accumulations, especially from Oxford through Blue Mountain into Corinth. Widespread tree and scattered property damage occurred along with power outages that lasted several weeks in some locations across northeast Mississippi. Heavy sleet and snow resulted in transportation difficulties for up to two weeks across northwest Mississippi and widespread school cancellations.","Sleet and snow accumulation of 1 to 2 inches, followed by 1/4 to 1/2 inch of ice."
MS-ACTION-2026-01-22-governor-reeves-issues-state-of-emergency-ahead-of-severe-,,Tate Reeves,Governor Reeves Issues State of Emergency Ahead of Severe Winter Weather,2026-01-22,https://governorreeves.ms.gov/wp-json/wp/v2/posts/1589,1312952,210321,2026-01-24 05:00:00,2026-01-24 09:00:00,Z,NWS forecast zone,3,BENTON,Cold/Wind Chill,,,0,0,0.00K,0.00K,AWOS,"While the wintry precipitation created the initial impacts, it was the multi-day period of subfreezing temperatures that prolonged and, in many cases, worsened those impacts. The lack of meaningful thawing effectively extended the storm���s footprint from a 2���3 day event into a nearly week-long hazard across north Mississippi. Limited melting during the day and refreezing each night kept roads hazardous well beyond the end of precipitation, especially on secondary roads and bridges. Prolonged freezing temperatures increased the risk of burst pipes, particularly in homes and buildings without adequate insulation or during extended power outages. Ice-laden trees and infrastructure remained stressed in subfreezing conditions, slowing restoration efforts and prolonging outages in affected areas. The duration of cold posed risks for hypothermia and exposure, especially for vulnerable populations.",Minimum winds chill of 5F recorded.
MS-ACTION-2026-01-22-governor-reeves-issues-state-of-emergency-ahead-of-severe-,,Tate Reeves,Governor Reeves Issues State of Emergency Ahead of Severe Winter Weather,2026-01-22,https://governorreeves.ms.gov/wp-json/wp/v2/posts/1589,1315343,209652,2026-01-24 04:00:00,2026-01-25 09:45:00,Z,NWS forecast zone,18,BOLIVAR,Winter Storm,,,0,0,0.00K,0.00K,Fire Department/Rescue,"A historically damaging ice storm occurred from southwestern Mississippi northeast through the Delta region into North Mississippi. The corridor of heaviest ice accretion, with ice thickness measured at up to one inch, spanned from Sharkey and Issaquena counties and southern Washington County, through Humphreys, Holmes, and northwestern Yazoo counties, through Leflore, Carroll, and Grenada counties. Tree damage in this region was tremendous, and several homes were damaged or destroyed by falling trees. Travel impacts persisted through Friday, January 30th in some areas. More than 189,000 customers in Mississippi lost power during the peak of the storm with thousands of power poles broken. Full power restoration took more than two weeks in the hardest hit areas, and it took more than one week for some customers in Attala, Bolivar, Carroll Grenada, Holmes, Humphreys, Issaquena, Leflore, Madison, Montgomery, Sharkey, Sunflower, Warren, Washington, Webster and Yazoo counties. Some meters remained unpowered for three weeks in the hardest hit portions of our area. The loss of electricity and the very cold temperatures that followed resulted in the loss of water in several communities.||Significant sleet accumulations, as high as 2 to 3 inches occurred in parts of northwest Mississippi. In these areas, the weight of the accumulation resulted in the collapse of several sheds, carports, gas station awnings and the roofs of some buildings. Sleet remained on the ground across much of Bolivar, Sunflower, and Washington counties for an entire week, with some of the deeper sleet accumulations through Bolivar County persisting through at least Sunday, February 8th.||Bitter cold conditions followed the storm, with temperatures as low as 11 at Bluff Lake, 12 at Natchez and Starkville, 13 at Ackerman, Collins, Crystal Springs, Forest, and Golden Triangle Airport; 14 at Brookhaven, Canton, Columbia, Columbus AFB, Hawkins Field in Jackson, Louisville, Madison, Newton, and Philadelphia; 15 at Jackson International; 16 at Greenville, Indianola, Meridian, and Vicksburg; and 17 at Cleveland, Laurel, and Rolling Fork. Wind chills were as low as -1 at Greenville, 2 at Golden Triangle Airport, 3 at Louisville, 4 at Natchez; 5 at Columbus AFB, Hawkins Field in Jackson, and Vicksburg; 6 at Cleveland, Crystal Springs, Jackson, Meridian, and Starkville; 7 at Madison, 8 at Philadelphia, and 9 at Canton and Laurel. Note: At several area weather stations, the lowest wind chill was unavailable because the anemometer was frozen and unable to record wind speed data.||Severn deaths occurred in the Mississippi counties in the NWS Jackson area - four due to exposure to the cold in Hinds, Sharkey, Warren, and Yazoo counties, and three in fire-related incidents in Adams, Leflore, and Jefferson counties. Additional injuries were reported in Grenada, Hinds, Sharkey, Smith, Warren, and Washington counties. At least 278 residences and nine businesses were damaged or destroyed in the Mississippi portion of our forecast area.",A winter storm brough freezing rain accumulations of up to 0.25 inches and sleet accumulations of up to 5 inches to the county. Sleet covered roads across the county before transitioning to primarily freezing rain after 2:30 PM local time on the 24th.
MS-ACTION-2026-01-22-governor-reeves-issues-state-of-emergency-ahead-of-severe-,,Tate Reeves,Governor Reeves Issues State of Emergency Ahead of Severe Winter Weather,2026-01-22,https://governorreeves.ms.gov/wp-json/wp/v2/posts/1589,1312869,210142,2026-01-23 23:00:00,2026-01-25 12:00:00,Z,NWS forecast zone,22,CALHOUN,Ice Storm,,,0,0,60.00K,0.00K,Trained Spotter,"A significant winter weather event impacted the Mid-South from January 23rd through January 25th, 2026, driven by a classic southern-stream cyclone interacting with entrenched Arctic air across the region. A broad, positively tilted trough extending from the Central Plains into the Desert Southwest emerged on January 23rd. Downstream, strong surface high pressure was centered over the Midwest and Ohio Valley, promoting persistent cold air advection into the Lower Mississippi Valley and reinforcing a shallow subfreezing airmass.||Isentropic ascent intensified across the Mid-South beginning late January 23rd, as warm, moist air overran the shallow Arctic dome. This resulted in widespread precipitation developing from southwest to northeast across north Mississippi.||Thermal profiles across north Mississippi were marginal and vertically complex, with a well-pronounced warm nose between roughly 850���750 mb. This supported a mixed precipitation regime with crippling ice accumulations across portions of north Mississippi and large sleet accumulations across the Delta. ||The surface low that developed across Alabama was able to warm the surface in counties in closest proximity, resulting in mostly liquid precipitation in a few counties (Itawamba, Monroe, and Chickasaw), and there was even enough elevated instability for convective development. Liquid QPF values averaged over 3 inches, which led to crippling ice accumulations, especially from Oxford through Blue Mountain into Corinth. Widespread tree and scattered property damage occurred along with power outages that lasted several weeks in some locations across northeast Mississippi. Heavy sleet and snow resulted in transportation difficulties for up to two weeks across northwest Mississippi and widespread school cancellations.","Sleet accumulation up to 1/2 inch, followed by 1/4 to 1/2 inch of ice."
MS-ACTION-2026-01-22-governor-reeves-issues-state-of-emergency-ahead-of-severe-,,Tate Reeves,Governor Reeves Issues State of Emergency Ahead of Severe Winter Weather,2026-01-22,https://governorreeves.ms.gov/wp-json/wp/v2/posts/1589,1312646,209652,2026-01-25 05:15:00,2026-01-25 11:15:00,Z,NWS forecast zone,27,CARROLL,Ice Storm,,,0,0,0.00K,0.00K,Law Enforcement,"A historically damaging ice storm occurred from southwestern Mississippi northeast through the Delta region into North Mississippi. The corridor of heaviest ice accretion, with ice thickness measured at up to one inch, spanned from Sharkey and Issaquena counties and southern Washington County, through Humphreys, Holmes, and northwestern Yazoo counties, through Leflore, Carroll, and Grenada counties. Tree damage in this region was tremendous, and several homes were damaged or destroyed by falling trees. Travel impacts persisted through Friday, January 30th in some areas. More than 189,000 customers in Mississippi lost power during the peak of the storm with thousands of power poles broken. Full power restoration took more than two weeks in the hardest hit areas, and it took more than one week for some customers in Attala, Bolivar, Carroll Grenada, Holmes, Humphreys, Issaquena, Leflore, Madison, Montgomery, Sharkey, Sunflower, Warren, Washington, Webster and Yazoo counties. Some meters remained unpowered for three weeks in the hardest hit portions of our area. The loss of electricity and the very cold temperatures that followed resulted in the loss of water in several communities.||Significant sleet accumulations, as high as 2 to 3 inches occurred in parts of northwest Mississippi. In these areas, the weight of the accumulation resulted in the collapse of several sheds, carports, gas station awnings and the roofs of some buildings. Sleet remained on the ground across much of Bolivar, Sunflower, and Washington counties for an entire week, with some of the deeper sleet accumulations through Bolivar County persisting through at least Sunday, February 8th.||Bitter cold conditions followed the storm, with temperatures as low as 11 at Bluff Lake, 12 at Natchez and Starkville, 13 at Ackerman, Collins, Crystal Springs, Forest, and Golden Triangle Airport; 14 at Brookhaven, Canton, Columbia, Columbus AFB, Hawkins Field in Jackson, Louisville, Madison, Newton, and Philadelphia; 15 at Jackson International; 16 at Greenville, Indianola, Meridian, and Vicksburg; and 17 at Cleveland, Laurel, and Rolling Fork. Wind chills were as low as -1 at Greenville, 2 at Golden Triangle Airport, 3 at Louisville, 4 at Natchez; 5 at Columbus AFB, Hawkins Field in Jackson, and Vicksburg; 6 at Cleveland, Crystal Springs, Jackson, Meridian, and Starkville; 7 at Madison, 8 at Philadelphia, and 9 at Canton and Laurel. Note: At several area weather stations, the lowest wind chill was unavailable because the anemometer was frozen and unable to record wind speed data.||Severn deaths occurred in the Mississippi counties in the NWS Jackson area - four due to exposure to the cold in Hinds, Sharkey, Warren, and Yazoo counties, and three in fire-related incidents in Adams, Leflore, and Jefferson counties. Additional injuries were reported in Grenada, Hinds, Sharkey, Smith, Warren, and Washington counties. At least 278 residences and nine businesses were damaged or destroyed in the Mississippi portion of our forecast area.",Significant ice accumulation was observed across the county with a range from 0.5 inch to 1 inch. Extensive damage was observed to to trees and power lines. Many roads were blocked due to fallen trees.
MS-ACTION-2026-01-22-governor-reeves-issues-state-of-emergency-ahead-of-severe-,,Tate Reeves,Governor Reeves Issues State of Emergency Ahead of Severe Winter Weather,2026-01-22,https://governorreeves.ms.gov/wp-json/wp/v2/posts/1589,1312992,210142,2026-01-24 01:00:00,2026-01-25 13:00:00,Z,NWS forecast zone,23,CHICKASAW,Ice Storm,,,0,0,0.00K,0.00K,Trained Spotter,"A significant winter weather event impacted the Mid-South from January 23rd through January 25th, 2026, driven by a classic southern-stream cyclone interacting with entrenched Arctic air across the region. A broad, positively tilted trough extending from the Central Plains into the Desert Southwest emerged on January 23rd. Downstream, strong surface high pressure was centered over the Midwest and Ohio Valley, promoting persistent cold air advection into the Lower Mississippi Valley and reinforcing a shallow subfreezing airmass.||Isentropic ascent intensified across the Mid-South beginning late January 23rd, as warm, moist air overran the shallow Arctic dome. This resulted in widespread precipitation developing from southwest to northeast across north Mississippi.||Thermal profiles across north Mississippi were marginal and vertically complex, with a well-pronounced warm nose between roughly 850���750 mb. This supported a mixed precipitation regime with crippling ice accumulations across portions of north Mississippi and large sleet accumulations across the Delta. ||The surface low that developed across Alabama was able to warm the surface in counties in closest proximity, resulting in mostly liquid precipitation in a few counties (Itawamba, Monroe, and Chickasaw), and there was even enough elevated instability for convective development. Liquid QPF values averaged over 3 inches, which led to crippling ice accumulations, especially from Oxford through Blue Mountain into Corinth. Widespread tree and scattered property damage occurred along with power outages that lasted several weeks in some locations across northeast Mississippi. Heavy sleet and snow resulted in transportation difficulties for up to two weeks across northwest Mississippi and widespread school cancellations.",Sleet accumulations of less than 1/2 inch were followed by 1/4 inch of ice across northern and western Chickasaw County.
MS-ACTION-2026-01-22-governor-reeves-issues-state-of-emergency-ahead-of-severe-,,Tate Reeves,Governor Reeves Issues State of Emergency Ahead of Severe Winter Weather,2026-01-22,https://governorreeves.ms.gov/wp-json/wp/v2/posts/1589,1311119,209652,2026-01-24 14:15:00,2026-01-25 12:15:00,Z,NWS forecast zone,32,CHOCTAW,Ice Storm,,,0,0,,,Public,"A historically damaging ice storm occurred from southwestern Mississippi northeast through the Delta region into North Mississippi. The corridor of heaviest ice accretion, with ice thickness measured at up to one inch, spanned from Sharkey and Issaquena counties and southern Washington County, through Humphreys, Holmes, and northwestern Yazoo counties, through Leflore, Carroll, and Grenada counties. Tree damage in this region was tremendous, and several homes were damaged or destroyed by falling trees. Travel impacts persisted through Friday, January 30th in some areas. More than 189,000 customers in Mississippi lost power during the peak of the storm with thousands of power poles broken. Full power restoration took more than two weeks in the hardest hit areas, and it took more than one week for some customers in Attala, Bolivar, Carroll Grenada, Holmes, Humphreys, Issaquena, Leflore, Madison, Montgomery, Sharkey, Sunflower, Warren, Washington, Webster and Yazoo counties. Some meters remained unpowered for three weeks in the hardest hit portions of our area. The loss of electricity and the very cold temperatures that followed resulted in the loss of water in several communities.||Significant sleet accumulations, as high as 2 to 3 inches occurred in parts of northwest Mississippi. In these areas, the weight of the accumulation resulted in the collapse of several sheds, carports, gas station awnings and the roofs of some buildings. Sleet remained on the ground across much of Bolivar, Sunflower, and Washington counties for an entire week, with some of the deeper sleet accumulations through Bolivar County persisting through at least Sunday, February 8th.||Bitter cold conditions followed the storm, with temperatures as low as 11 at Bluff Lake, 12 at Natchez and Starkville, 13 at Ackerman, Collins, Crystal Springs, Forest, and Golden Triangle Airport; 14 at Brookhaven, Canton, Columbia, Columbus AFB, Hawkins Field in Jackson, Louisville, Madison, Newton, and Philadelphia; 15 at Jackson International; 16 at Greenville, Indianola, Meridian, and Vicksburg; and 17 at Cleveland, Laurel, and Rolling Fork. Wind chills were as low as -1 at Greenville, 2 at Golden Triangle Airport, 3 at Louisville, 4 at Natchez; 5 at Columbus AFB, Hawkins Field in Jackson, and Vicksburg; 6 at Cleveland, Crystal Springs, Jackson, Meridian, and Starkville; 7 at Madison, 8 at Philadelphia, and 9 at Canton and Laurel. Note: At several area weather stations, the lowest wind chill was unavailable because the anemometer was frozen and unable to record wind speed data.||Severn deaths occurred in the Mississippi counties in the NWS Jackson area - four due to exposure to the cold in Hinds, Sharkey, Warren, and Yazoo counties, and three in fire-related incidents in Adams, Leflore, and Jefferson counties. Additional injuries were reported in Grenada, Hinds, Sharkey, Smith, Warren, and Washington counties. At least 278 residences and nine businesses were damaged or destroyed in the Mississippi portion of our forecast area.",Freezing rain accumulation of up to 0.5 inches brought down several large trees from near Ackerman northward to the northern Choctaw County line. These downed trees were             observed at several locations along the Highway 9 route and near Ackerman.
MS-ACTION-2026-01-22-governor-reeves-issues-state-of-emergency-ahead-of-severe-,,Tate Reeves,Governor Reeves Issues State of Emergency Ahead of Severe Winter Weather,2026-01-22,https://governorreeves.ms.gov/wp-json/wp/v2/posts/1589,1311126,209652,2026-01-25 05:30:00,2026-01-25 11:00:00,Z,NWS forecast zone,53,CLAIBORNE,Ice Storm,,,0,0,0.00K,0.00K,Emergency Manager,"A historically damaging ice storm occurred from southwestern Mississippi northeast through the Delta region into North Mississippi. The corridor of heaviest ice accretion, with ice thickness measured at up to one inch, spanned from Sharkey and Issaquena counties and southern Washington County, through Humphreys, Holmes, and northwestern Yazoo counties, through Leflore, Carroll, and Grenada counties. Tree damage in this region was tremendous, and several homes were damaged or destroyed by falling trees. Travel impacts persisted through Friday, January 30th in some areas. More than 189,000 customers in Mississippi lost power during the peak of the storm with thousands of power poles broken. Full power restoration took more than two weeks in the hardest hit areas, and it took more than one week for some customers in Attala, Bolivar, Carroll Grenada, Holmes, Humphreys, Issaquena, Leflore, Madison, Montgomery, Sharkey, Sunflower, Warren, Washington, Webster and Yazoo counties. Some meters remained unpowered for three weeks in the hardest hit portions of our area. The loss of electricity and the very cold temperatures that followed resulted in the loss of water in several communities.||Significant sleet accumulations, as high as 2 to 3 inches occurred in parts of northwest Mississippi. In these areas, the weight of the accumulation resulted in the collapse of several sheds, carports, gas station awnings and the roofs of some buildings. Sleet remained on the ground across much of Bolivar, Sunflower, and Washington counties for an entire week, with some of the deeper sleet accumulations through Bolivar County persisting through at least Sunday, February 8th.||Bitter cold conditions followed the storm, with temperatures as low as 11 at Bluff Lake, 12 at Natchez and Starkville, 13 at Ackerman, Collins, Crystal Springs, Forest, and Golden Triangle Airport; 14 at Brookhaven, Canton, Columbia, Columbus AFB, Hawkins Field in Jackson, Louisville, Madison, Newton, and Philadelphia; 15 at Jackson International; 16 at Greenville, Indianola, Meridian, and Vicksburg; and 17 at Cleveland, Laurel, and Rolling Fork. Wind chills were as low as -1 at Greenville, 2 at Golden Triangle Airport, 3 at Louisville, 4 at Natchez; 5 at Columbus AFB, Hawkins Field in Jackson, and Vicksburg; 6 at Cleveland, Crystal Springs, Jackson, Meridian, and Starkville; 7 at Madison, 8 at Philadelphia, and 9 at Canton and Laurel. Note: At several area weather stations, the lowest wind chill was unavailable because the anemometer was frozen and unable to record wind speed data.||Severn deaths occurred in the Mississippi counties in the NWS Jackson area - four due to exposure to the cold in Hinds, Sharkey, Warren, and Yazoo counties, and three in fire-related incidents in Adams, Leflore, and Jefferson counties. Additional injuries were reported in Grenada, Hinds, Sharkey, Smith, Warren, and Washington counties. At least 278 residences and nine businesses were damaged or destroyed in the Mississippi portion of our forecast area.",Freezing rain covered trees and lines with numerous trees and lines down across the county with numerous roads blocked. Freezing rain accumulation was estimated at 0.35 inch.
MS-ACTION-2026-01-22-governor-reeves-issues-state-of-emergency-ahead-of-severe-,,Tate Reeves,Governor Reeves Issues State of Emergency Ahead of Severe Winter Weather,2026-01-22,https://governorreeves.ms.gov/wp-json/wp/v2/posts/1589,1315583,209652,2026-01-25 21:00:00,2026-01-26 10:00:00,Z,NWS forecast zone,53,CLAIBORNE,Extreme Cold/Wind Chill,,,0,0,0.00K,0.00K,Official NWS Observations,"A historically damaging ice storm occurred from southwestern Mississippi northeast through the Delta region into North Mississippi. The corridor of heaviest ice accretion, with ice thickness measured at up to one inch, spanned from Sharkey and Issaquena counties and southern Washington County, through Humphreys, Holmes, and northwestern Yazoo counties, through Leflore, Carroll, and Grenada counties. Tree damage in this region was tremendous, and several homes were damaged or destroyed by falling trees. Travel impacts persisted through Friday, January 30th in some areas. More than 189,000 customers in Mississippi lost power during the peak of the storm with thousands of power poles broken. Full power restoration took more than two weeks in the hardest hit areas, and it took more than one week for some customers in Attala, Bolivar, Carroll Grenada, Holmes, Humphreys, Issaquena, Leflore, Madison, Montgomery, Sharkey, Sunflower, Warren, Washington, Webster and Yazoo counties. Some meters remained unpowered for three weeks in the hardest hit portions of our area. The loss of electricity and the very cold temperatures that followed resulted in the loss of water in several communities.||Significant sleet accumulations, as high as 2 to 3 inches occurred in parts of northwest Mississippi. In these areas, the weight of the accumulation resulted in the collapse of several sheds, carports, gas station awnings and the roofs of some buildings. Sleet remained on the ground across much of Bolivar, Sunflower, and Washington counties for an entire week, with some of the deeper sleet accumulations through Bolivar County persisting through at least Sunday, February 8th.||Bitter cold conditions followed the storm, with temperatures as low as 11 at Bluff Lake, 12 at Natchez and Starkville, 13 at Ackerman, Collins, Crystal Springs, Forest, and Golden Triangle Airport; 14 at Brookhaven, Canton, Columbia, Columbus AFB, Hawkins Field in Jackson, Louisville, Madison, Newton, and Philadelphia; 15 at Jackson International; 16 at Greenville, Indianola, Meridian, and Vicksburg; and 17 at Cleveland, Laurel, and Rolling Fork. Wind chills were as low as -1 at Greenville, 2 at Golden Triangle Airport, 3 at Louisville, 4 at Natchez; 5 at Columbus AFB, Hawkins Field in Jackson, and Vicksburg; 6 at Cleveland, Crystal Springs, Jackson, Meridian, and Starkville; 7 at Madison, 8 at Philadelphia, and 9 at Canton and Laurel. Note: At several area weather stations, the lowest wind chill was unavailable because the anemometer was frozen and unable to record wind speed data.||Severn deaths occurred in the Mississippi counties in the NWS Jackson area - four due to exposure to the cold in Hinds, Sharkey, Warren, and Yazoo counties, and three in fire-related incidents in Adams, Leflore, and Jefferson counties. Additional injuries were reported in Grenada, Hinds, Sharkey, Smith, Warren, and Washington counties. At least 278 residences and nine businesses were damaged or destroyed in the Mississippi portion of our forecast area.",Wind chills across the county fell as low as -5 degrees during the early morning of January 26th.
MS-ACTION-2026-01-22-governor-reeves-issues-state-of-emergency-ahead-of-severe-,,Tate Reeves,Governor Reeves Issues State of Emergency Ahead of Severe Winter Weather,2026-01-22,https://governorreeves.ms.gov/wp-json/wp/v2/posts/1589,1311132,209652,2026-01-25 09:00:00,2026-01-25 13:45:00,Z,NWS forecast zone,30,CLAY,Ice Storm,,,0,0,0.00K,0.00K,Emergency Manager,"A historically damaging ice storm occurred from southwestern Mississippi northeast through the Delta region into North Mississippi. The corridor of heaviest ice accretion, with ice thickness measured at up to one inch, spanned from Sharkey and Issaquena counties and southern Washington County, through Humphreys, Holmes, and northwestern Yazoo counties, through Leflore, Carroll, and Grenada counties. Tree damage in this region was tremendous, and several homes were damaged or destroyed by falling trees. Travel impacts persisted through Friday, January 30th in some areas. More than 189,000 customers in Mississippi lost power during the peak of the storm with thousands of power poles broken. Full power restoration took more than two weeks in the hardest hit areas, and it took more than one week for some customers in Attala, Bolivar, Carroll Grenada, Holmes, Humphreys, Issaquena, Leflore, Madison, Montgomery, Sharkey, Sunflower, Warren, Washington, Webster and Yazoo counties. Some meters remained unpowered for three weeks in the hardest hit portions of our area. The loss of electricity and the very cold temperatures that followed resulted in the loss of water in several communities.||Significant sleet accumulations, as high as 2 to 3 inches occurred in parts of northwest Mississippi. In these areas, the weight of the accumulation resulted in the collapse of several sheds, carports, gas station awnings and the roofs of some buildings. Sleet remained on the ground across much of Bolivar, Sunflower, and Washington counties for an entire week, with some of the deeper sleet accumulations through Bolivar County persisting through at least Sunday, February 8th.||Bitter cold conditions followed the storm, with temperatures as low as 11 at Bluff Lake, 12 at Natchez and Starkville, 13 at Ackerman, Collins, Crystal Springs, Forest, and Golden Triangle Airport; 14 at Brookhaven, Canton, Columbia, Columbus AFB, Hawkins Field in Jackson, Louisville, Madison, Newton, and Philadelphia; 15 at Jackson International; 16 at Greenville, Indianola, Meridian, and Vicksburg; and 17 at Cleveland, Laurel, and Rolling Fork. Wind chills were as low as -1 at Greenville, 2 at Golden Triangle Airport, 3 at Louisville, 4 at Natchez; 5 at Columbus AFB, Hawkins Field in Jackson, and Vicksburg; 6 at Cleveland, Crystal Springs, Jackson, Meridian, and Starkville; 7 at Madison, 8 at Philadelphia, and 9 at Canton and Laurel. Note: At several area weather stations, the lowest wind chill was unavailable because the anemometer was frozen and unable to record wind speed data.||Severn deaths occurred in the Mississippi counties in the NWS Jackson area - four due to exposure to the cold in Hinds, Sharkey, Warren, and Yazoo counties, and three in fire-related incidents in Adams, Leflore, and Jefferson counties. Additional injuries were reported in Grenada, Hinds, Sharkey, Smith, Warren, and Washington counties. At least 278 residences and nine businesses were damaged or destroyed in the Mississippi portion of our forecast area.",Trees and powerlines were downed in the county. Estimated freezing rain accumulation was 0.25 inch.
MS-ACTION-2026-01-22-governor-reeves-issues-state-of-emergency-ahead-of-severe-,,Tate Reeves,Governor Reeves Issues State of Emergency Ahead of Severe Winter Weather,2026-01-22,https://governorreeves.ms.gov/wp-json/wp/v2/posts/1589,1313418,210142,2026-01-23 21:00:00,2026-01-25 11:00:00,Z,NWS forecast zone,10,COAHOMA,Winter Storm,,,0,0,100.00K,0.00K,Trained Spotter,"A significant winter weather event impacted the Mid-South from January 23rd through January 25th, 2026, driven by a classic southern-stream cyclone interacting with entrenched Arctic air across the region. A broad, positively tilted trough extending from the Central Plains into the Desert Southwest emerged on January 23rd. Downstream, strong surface high pressure was centered over the Midwest and Ohio Valley, promoting persistent cold air advection into the Lower Mississippi Valley and reinforcing a shallow subfreezing airmass.||Isentropic ascent intensified across the Mid-South beginning late January 23rd, as warm, moist air overran the shallow Arctic dome. This resulted in widespread precipitation developing from southwest to northeast across north Mississippi.||Thermal profiles across north Mississippi were marginal and vertically complex, with a well-pronounced warm nose between roughly 850���750 mb. This supported a mixed precipitation regime with crippling ice accumulations across portions of north Mississippi and large sleet accumulations across the Delta. ||The surface low that developed across Alabama was able to warm the surface in counties in closest proximity, resulting in mostly liquid precipitation in a few counties (Itawamba, Monroe, and Chickasaw), and there was even enough elevated instability for convective development. Liquid QPF values averaged over 3 inches, which led to crippling ice accumulations, especially from Oxford through Blue Mountain into Corinth. Widespread tree and scattered property damage occurred along with power outages that lasted several weeks in some locations across northeast Mississippi. Heavy sleet and snow resulted in transportation difficulties for up to two weeks across northwest Mississippi and widespread school cancellations.",Sleet and snow accumulation of 4 to 6 inches.
MS-ACTION-2026-01-22-governor-reeves-issues-state-of-emergency-ahead-of-severe-,,Tate Reeves,Governor Reeves Issues State of Emergency Ahead of Severe Winter Weather,2026-01-22,https://governorreeves.ms.gov/wp-json/wp/v2/posts/1589,1312953,210321,2026-01-24 05:00:00,2026-01-24 09:00:00,Z,NWS forecast zone,10,COAHOMA,Cold/Wind Chill,,,0,0,0.00K,0.00K,AWOS,"While the wintry precipitation created the initial impacts, it was the multi-day period of subfreezing temperatures that prolonged and, in many cases, worsened those impacts. The lack of meaningful thawing effectively extended the storm���s footprint from a 2���3 day event into a nearly week-long hazard across north Mississippi. Limited melting during the day and refreezing each night kept roads hazardous well beyond the end of precipitation, especially on secondary roads and bridges. Prolonged freezing temperatures increased the risk of burst pipes, particularly in homes and buildings without adequate insulation or during extended power outages. Ice-laden trees and infrastructure remained stressed in subfreezing conditions, slowing restoration efforts and prolonging outages in affected areas. The duration of cold posed risks for hypothermia and exposure, especially for vulnerable populations.",Minimum winds chill of 6F recorded.
MS-ACTION-2026-01-22-governor-reeves-issues-state-of-emergency-ahead-of-severe-,,Tate Reeves,Governor Reeves Issues State of Emergency Ahead of Severe Winter Weather,2026-01-22,https://governorreeves.ms.gov/wp-json/wp/v2/posts/1589,1315346,209652,2026-01-25 05:30:00,2026-01-25 11:00:00,Z,NWS forecast zone,54,COPIAH,Winter Weather,,,0,0,0.00K,0.00K,Department of Highways,"A historically damaging ice storm occurred from southwestern Mississippi northeast through the Delta region into North Mississippi. The corridor of heaviest ice accretion, with ice thickness measured at up to one inch, spanned from Sharkey and Issaquena counties and southern Washington County, through Humphreys, Holmes, and northwestern Yazoo counties, through Leflore, Carroll, and Grenada counties. Tree damage in this region was tremendous, and several homes were damaged or destroyed by falling trees. Travel impacts persisted through Friday, January 30th in some areas. More than 189,000 customers in Mississippi lost power during the peak of the storm with thousands of power poles broken. Full power restoration took more than two weeks in the hardest hit areas, and it took more than one week for some customers in Attala, Bolivar, Carroll Grenada, Holmes, Humphreys, Issaquena, Leflore, Madison, Montgomery, Sharkey, Sunflower, Warren, Washington, Webster and Yazoo counties. Some meters remained unpowered for three weeks in the hardest hit portions of our area. The loss of electricity and the very cold temperatures that followed resulted in the loss of water in several communities.||Significant sleet accumulations, as high as 2 to 3 inches occurred in parts of northwest Mississippi. In these areas, the weight of the accumulation resulted in the collapse of several sheds, carports, gas station awnings and the roofs of some buildings. Sleet remained on the ground across much of Bolivar, Sunflower, and Washington counties for an entire week, with some of the deeper sleet accumulations through Bolivar County persisting through at least Sunday, February 8th.||Bitter cold conditions followed the storm, with temperatures as low as 11 at Bluff Lake, 12 at Natchez and Starkville, 13 at Ackerman, Collins, Crystal Springs, Forest, and Golden Triangle Airport; 14 at Brookhaven, Canton, Columbia, Columbus AFB, Hawkins Field in Jackson, Louisville, Madison, Newton, and Philadelphia; 15 at Jackson International; 16 at Greenville, Indianola, Meridian, and Vicksburg; and 17 at Cleveland, Laurel, and Rolling Fork. Wind chills were as low as -1 at Greenville, 2 at Golden Triangle Airport, 3 at Louisville, 4 at Natchez; 5 at Columbus AFB, Hawkins Field in Jackson, and Vicksburg; 6 at Cleveland, Crystal Springs, Jackson, Meridian, and Starkville; 7 at Madison, 8 at Philadelphia, and 9 at Canton and Laurel. Note: At several area weather stations, the lowest wind chill was unavailable because the anemometer was frozen and unable to record wind speed data.||Severn deaths occurred in the Mississippi counties in the NWS Jackson area - four due to exposure to the cold in Hinds, Sharkey, Warren, and Yazoo counties, and three in fire-related incidents in Adams, Leflore, and Jefferson counties. Additional injuries were reported in Grenada, Hinds, Sharkey, Smith, Warren, and Washington counties. At least 278 residences and nine businesses were damaged or destroyed in the Mississippi portion of our forecast area.",Light ice accumulations of up to around 0.10 inches occurred on trees and bridges in the county.
MS-ACTION-2026-01-22-governor-reeves-issues-state-of-emergency-ahead-of-severe-,,Tate Reeves,Governor Reeves Issues State of Emergency Ahead of Severe Winter Weather,2026-01-22,https://governorreeves.ms.gov/wp-json/wp/v2/posts/1589,1315585,209652,2026-01-25 22:00:00,2026-01-26 09:00:00,Z,NWS forecast zone,54,COPIAH,Extreme Cold/Wind Chill,,,0,0,0.00K,0.00K,Official NWS Observations,"A historically damaging ice storm occurred from southwestern Mississippi northeast through the Delta region into North Mississippi. The corridor of heaviest ice accretion, with ice thickness measured at up to one inch, spanned from Sharkey and Issaquena counties and southern Washington County, through Humphreys, Holmes, and northwestern Yazoo counties, through Leflore, Carroll, and Grenada counties. Tree damage in this region was tremendous, and several homes were damaged or destroyed by falling trees. Travel impacts persisted through Friday, January 30th in some areas. More than 189,000 customers in Mississippi lost power during the peak of the storm with thousands of power poles broken. Full power restoration took more than two weeks in the hardest hit areas, and it took more than one week for some customers in Attala, Bolivar, Carroll Grenada, Holmes, Humphreys, Issaquena, Leflore, Madison, Montgomery, Sharkey, Sunflower, Warren, Washington, Webster and Yazoo counties. Some meters remained unpowered for three weeks in the hardest hit portions of our area. The loss of electricity and the very cold temperatures that followed resulted in the loss of water in several communities.||Significant sleet accumulations, as high as 2 to 3 inches occurred in parts of northwest Mississippi. In these areas, the weight of the accumulation resulted in the collapse of several sheds, carports, gas station awnings and the roofs of some buildings. Sleet remained on the ground across much of Bolivar, Sunflower, and Washington counties for an entire week, with some of the deeper sleet accumulations through Bolivar County persisting through at least Sunday, February 8th.||Bitter cold conditions followed the storm, with temperatures as low as 11 at Bluff Lake, 12 at Natchez and Starkville, 13 at Ackerman, Collins, Crystal Springs, Forest, and Golden Triangle Airport; 14 at Brookhaven, Canton, Columbia, Columbus AFB, Hawkins Field in Jackson, Louisville, Madison, Newton, and Philadelphia; 15 at Jackson International; 16 at Greenville, Indianola, Meridian, and Vicksburg; and 17 at Cleveland, Laurel, and Rolling Fork. Wind chills were as low as -1 at Greenville, 2 at Golden Triangle Airport, 3 at Louisville, 4 at Natchez; 5 at Columbus AFB, Hawkins Field in Jackson, and Vicksburg; 6 at Cleveland, Crystal Springs, Jackson, Meridian, and Starkville; 7 at Madison, 8 at Philadelphia, and 9 at Canton and Laurel. Note: At several area weather stations, the lowest wind chill was unavailable because the anemometer was frozen and unable to record wind speed data.||Severn deaths occurred in the Mississippi counties in the NWS Jackson area - four due to exposure to the cold in Hinds, Sharkey, Warren, and Yazoo counties, and three in fire-related incidents in Adams, Leflore, and Jefferson counties. Additional injuries were reported in Grenada, Hinds, Sharkey, Smith, Warren, and Washington counties. At least 278 residences and nine businesses were damaged or destroyed in the Mississippi portion of our forecast area.",Wind chills across the county fell as low as -5 degrees during the early morning of January 26th.
MS-ACTION-2026-01-22-governor-reeves-issues-state-of-emergency-ahead-of-severe-,,Tate Reeves,Governor Reeves Issues State of Emergency Ahead of Severe Winter Weather,2026-01-22,https://governorreeves.ms.gov/wp-json/wp/v2/posts/1589,1313416,210142,2026-01-23 22:00:00,2026-01-25 11:00:00,Z,NWS forecast zone,1,DE SOTO,Winter Storm,,,0,0,300.00K,0.00K,Trained Spotter,"A significant winter weather event impacted the Mid-South from January 23rd through January 25th, 2026, driven by a classic southern-stream cyclone interacting with entrenched Arctic air across the region. A broad, positively tilted trough extending from the Central Plains into the Desert Southwest emerged on January 23rd. Downstream, strong surface high pressure was centered over the Midwest and Ohio Valley, promoting persistent cold air advection into the Lower Mississippi Valley and reinforcing a shallow subfreezing airmass.||Isentropic ascent intensified across the Mid-South beginning late January 23rd, as warm, moist air overran the shallow Arctic dome. This resulted in widespread precipitation developing from southwest to northeast across north Mississippi.||Thermal profiles across north Mississippi were marginal and vertically complex, with a well-pronounced warm nose between roughly 850���750 mb. This supported a mixed precipitation regime with crippling ice accumulations across portions of north Mississippi and large sleet accumulations across the Delta. ||The surface low that developed across Alabama was able to warm the surface in counties in closest proximity, resulting in mostly liquid precipitation in a few counties (Itawamba, Monroe, and Chickasaw), and there was even enough elevated instability for convective development. Liquid QPF values averaged over 3 inches, which led to crippling ice accumulations, especially from Oxford through Blue Mountain into Corinth. Widespread tree and scattered property damage occurred along with power outages that lasted several weeks in some locations across northeast Mississippi. Heavy sleet and snow resulted in transportation difficulties for up to two weeks across northwest Mississippi and widespread school cancellations.",Sleet and snow accumulation of 3 to 4 inches.
MS-ACTION-2026-01-22-governor-reeves-issues-state-of-emergency-ahead-of-severe-,,Tate Reeves,Governor Reeves Issues State of Emergency Ahead of Severe Winter Weather,2026-01-22,https://governorreeves.ms.gov/wp-json/wp/v2/posts/1589,1312955,210321,2026-01-24 05:00:00,2026-01-24 09:00:00,Z,NWS forecast zone,1,DE SOTO,Cold/Wind Chill,,,0,0,0.00K,0.00K,AWOS,"While the wintry precipitation created the initial impacts, it was the multi-day period of subfreezing temperatures that prolonged and, in many cases, worsened those impacts. The lack of meaningful thawing effectively extended the storm���s footprint from a 2���3 day event into a nearly week-long hazard across north Mississippi. Limited melting during the day and refreezing each night kept roads hazardous well beyond the end of precipitation, especially on secondary roads and bridges. Prolonged freezing temperatures increased the risk of burst pipes, particularly in homes and buildings without adequate insulation or during extended power outages. Ice-laden trees and infrastructure remained stressed in subfreezing conditions, slowing restoration efforts and prolonging outages in affected areas. The duration of cold posed risks for hypothermia and exposure, especially for vulnerable populations.",Minimum winds chill of -2F recorded.
MS-ACTION-2026-01-22-governor-reeves-issues-state-of-emergency-ahead-of-severe-,,Tate Reeves,Governor Reeves Issues State of Emergency Ahead of Severe Winter Weather,2026-01-22,https://governorreeves.ms.gov/wp-json/wp/v2/posts/1589,1312993,210321,2026-01-25 05:00:00,2026-01-25 09:00:00,Z,NWS forecast zone,1,DE SOTO,Cold/Wind Chill,,,0,0,0.00K,0.00K,AWOS,"While the wintry precipitation created the initial impacts, it was the multi-day period of subfreezing temperatures that prolonged and, in many cases, worsened those impacts. The lack of meaningful thawing effectively extended the storm���s footprint from a 2���3 day event into a nearly week-long hazard across north Mississippi. Limited melting during the day and refreezing each night kept roads hazardous well beyond the end of precipitation, especially on secondary roads and bridges. Prolonged freezing temperatures increased the risk of burst pipes, particularly in homes and buildings without adequate insulation or during extended power outages. Ice-laden trees and infrastructure remained stressed in subfreezing conditions, slowing restoration efforts and prolonging outages in affected areas. The duration of cold posed risks for hypothermia and exposure, especially for vulnerable populations.",Minimum wind chill of 0F reported.
MS-ACTION-2026-01-22-governor-reeves-issues-state-of-emergency-ahead-of-severe-,,Tate Reeves,Governor Reeves Issues State of Emergency Ahead of Severe Winter Weather,2026-01-22,https://governorreeves.ms.gov/wp-json/wp/v2/posts/1589,1315599,209652,2026-01-25 23:00:00,2026-01-26 09:00:00,Z,NWS forecast zone,74,FORREST,Extreme Cold/Wind Chill,,,0,0,0.00K,0.00K,Official NWS Observations,"A historically damaging ice storm occurred from southwestern Mississippi northeast through the Delta region into North Mississippi. The corridor of heaviest ice accretion, with ice thickness measured at up to one inch, spanned from Sharkey and Issaquena counties and southern Washington County, through Humphreys, Holmes, and northwestern Yazoo counties, through Leflore, Carroll, and Grenada counties. Tree damage in this region was tremendous, and several homes were damaged or destroyed by falling trees. Travel impacts persisted through Friday, January 30th in some areas. More than 189,000 customers in Mississippi lost power during the peak of the storm with thousands of power poles broken. Full power restoration took more than two weeks in the hardest hit areas, and it took more than one week for some customers in Attala, Bolivar, Carroll Grenada, Holmes, Humphreys, Issaquena, Leflore, Madison, Montgomery, Sharkey, Sunflower, Warren, Washington, Webster and Yazoo counties. Some meters remained unpowered for three weeks in the hardest hit portions of our area. The loss of electricity and the very cold temperatures that followed resulted in the loss of water in several communities.||Significant sleet accumulations, as high as 2 to 3 inches occurred in parts of northwest Mississippi. In these areas, the weight of the accumulation resulted in the collapse of several sheds, carports, gas station awnings and the roofs of some buildings. Sleet remained on the ground across much of Bolivar, Sunflower, and Washington counties for an entire week, with some of the deeper sleet accumulations through Bolivar County persisting through at least Sunday, February 8th.||Bitter cold conditions followed the storm, with temperatures as low as 11 at Bluff Lake, 12 at Natchez and Starkville, 13 at Ackerman, Collins, Crystal Springs, Forest, and Golden Triangle Airport; 14 at Brookhaven, Canton, Columbia, Columbus AFB, Hawkins Field in Jackson, Louisville, Madison, Newton, and Philadelphia; 15 at Jackson International; 16 at Greenville, Indianola, Meridian, and Vicksburg; and 17 at Cleveland, Laurel, and Rolling Fork. Wind chills were as low as -1 at Greenville, 2 at Golden Triangle Airport, 3 at Louisville, 4 at Natchez; 5 at Columbus AFB, Hawkins Field in Jackson, and Vicksburg; 6 at Cleveland, Crystal Springs, Jackson, Meridian, and Starkville; 7 at Madison, 8 at Philadelphia, and 9 at Canton and Laurel. Note: At several area weather stations, the lowest wind chill was unavailable because the anemometer was frozen and unable to record wind speed data.||Severn deaths occurred in the Mississippi counties in the NWS Jackson area - four due to exposure to the cold in Hinds, Sharkey, Warren, and Yazoo counties, and three in fire-related incidents in Adams, Leflore, and Jefferson counties. Additional injuries were reported in Grenada, Hinds, Sharkey, Smith, Warren, and Washington counties. At least 278 residences and nine businesses were damaged or destroyed in the Mississippi portion of our forecast area.",Wind chills across the county fell as low as 0 degrees during the early morning of January 26th.
MS-ACTION-2026-01-22-governor-reeves-issues-state-of-emergency-ahead-of-severe-,,Tate Reeves,Governor Reeves Issues State of Emergency Ahead of Severe Winter Weather,2026-01-22,https://governorreeves.ms.gov/wp-json/wp/v2/posts/1589,1315348,209652,2026-01-25 07:00:00,2026-01-25 11:00:00,Z,NWS forecast zone,61,FRANKLIN,Winter Weather,,,0,0,0.00K,0.00K,Newspaper,"A historically damaging ice storm occurred from southwestern Mississippi northeast through the Delta region into North Mississippi. The corridor of heaviest ice accretion, with ice thickness measured at up to one inch, spanned from Sharkey and Issaquena counties and southern Washington County, through Humphreys, Holmes, and northwestern Yazoo counties, through Leflore, Carroll, and Grenada counties. Tree damage in this region was tremendous, and several homes were damaged or destroyed by falling trees. Travel impacts persisted through Friday, January 30th in some areas. More than 189,000 customers in Mississippi lost power during the peak of the storm with thousands of power poles broken. Full power restoration took more than two weeks in the hardest hit areas, and it took more than one week for some customers in Attala, Bolivar, Carroll Grenada, Holmes, Humphreys, Issaquena, Leflore, Madison, Montgomery, Sharkey, Sunflower, Warren, Washington, Webster and Yazoo counties. Some meters remained unpowered for three weeks in the hardest hit portions of our area. The loss of electricity and the very cold temperatures that followed resulted in the loss of water in several communities.||Significant sleet accumulations, as high as 2 to 3 inches occurred in parts of northwest Mississippi. In these areas, the weight of the accumulation resulted in the collapse of several sheds, carports, gas station awnings and the roofs of some buildings. Sleet remained on the ground across much of Bolivar, Sunflower, and Washington counties for an entire week, with some of the deeper sleet accumulations through Bolivar County persisting through at least Sunday, February 8th.||Bitter cold conditions followed the storm, with temperatures as low as 11 at Bluff Lake, 12 at Natchez and Starkville, 13 at Ackerman, Collins, Crystal Springs, Forest, and Golden Triangle Airport; 14 at Brookhaven, Canton, Columbia, Columbus AFB, Hawkins Field in Jackson, Louisville, Madison, Newton, and Philadelphia; 15 at Jackson International; 16 at Greenville, Indianola, Meridian, and Vicksburg; and 17 at Cleveland, Laurel, and Rolling Fork. Wind chills were as low as -1 at Greenville, 2 at Golden Triangle Airport, 3 at Louisville, 4 at Natchez; 5 at Columbus AFB, Hawkins Field in Jackson, and Vicksburg; 6 at Cleveland, Crystal Springs, Jackson, Meridian, and Starkville; 7 at Madison, 8 at Philadelphia, and 9 at Canton and Laurel. Note: At several area weather stations, the lowest wind chill was unavailable because the anemometer was frozen and unable to record wind speed data.||Severn deaths occurred in the Mississippi counties in the NWS Jackson area - four due to exposure to the cold in Hinds, Sharkey, Warren, and Yazoo counties, and three in fire-related incidents in Adams, Leflore, and Jefferson counties. Additional injuries were reported in Grenada, Hinds, Sharkey, Smith, Warren, and Washington counties. At least 278 residences and nine businesses were damaged or destroyed in the Mississippi portion of our forecast area.",Light ice accumulations of up to around 0.05 inches occurred on trees in the county.
MS-ACTION-2026-01-22-governor-reeves-issues-state-of-emergency-ahead-of-severe-,,Tate Reeves,Governor Reeves Issues State of Emergency Ahead of Severe Winter Weather,2026-01-22,https://governorreeves.ms.gov/wp-json/wp/v2/posts/1589,1315591,209652,2026-01-25 23:00:00,2026-01-26 09:00:00,Z,NWS forecast zone,61,FRANKLIN,Extreme Cold/Wind Chill,,,0,0,0.00K,0.00K,Official NWS Observations,"A historically damaging ice storm occurred from southwestern Mississippi northeast through the Delta region into North Mississippi. The corridor of heaviest ice accretion, with ice thickness measured at up to one inch, spanned from Sharkey and Issaquena counties and southern Washington County, through Humphreys, Holmes, and northwestern Yazoo counties, through Leflore, Carroll, and Grenada counties. Tree damage in this region was tremendous, and several homes were damaged or destroyed by falling trees. Travel impacts persisted through Friday, January 30th in some areas. More than 189,000 customers in Mississippi lost power during the peak of the storm with thousands of power poles broken. Full power restoration took more than two weeks in the hardest hit areas, and it took more than one week for some customers in Attala, Bolivar, Carroll Grenada, Holmes, Humphreys, Issaquena, Leflore, Madison, Montgomery, Sharkey, Sunflower, Warren, Washington, Webster and Yazoo counties. Some meters remained unpowered for three weeks in the hardest hit portions of our area. The loss of electricity and the very cold temperatures that followed resulted in the loss of water in several communities.||Significant sleet accumulations, as high as 2 to 3 inches occurred in parts of northwest Mississippi. In these areas, the weight of the accumulation resulted in the collapse of several sheds, carports, gas station awnings and the roofs of some buildings. Sleet remained on the ground across much of Bolivar, Sunflower, and Washington counties for an entire week, with some of the deeper sleet accumulations through Bolivar County persisting through at least Sunday, February 8th.||Bitter cold conditions followed the storm, with temperatures as low as 11 at Bluff Lake, 12 at Natchez and Starkville, 13 at Ackerman, Collins, Crystal Springs, Forest, and Golden Triangle Airport; 14 at Brookhaven, Canton, Columbia, Columbus AFB, Hawkins Field in Jackson, Louisville, Madison, Newton, and Philadelphia; 15 at Jackson International; 16 at Greenville, Indianola, Meridian, and Vicksburg; and 17 at Cleveland, Laurel, and Rolling Fork. Wind chills were as low as -1 at Greenville, 2 at Golden Triangle Airport, 3 at Louisville, 4 at Natchez; 5 at Columbus AFB, Hawkins Field in Jackson, and Vicksburg; 6 at Cleveland, Crystal Springs, Jackson, Meridian, and Starkville; 7 at Madison, 8 at Philadelphia, and 9 at Canton and Laurel. Note: At several area weather stations, the lowest wind chill was unavailable because the anemometer was frozen and unable to record wind speed data.||Severn deaths occurred in the Mississippi counties in the NWS Jackson area - four due to exposure to the cold in Hinds, Sharkey, Warren, and Yazoo counties, and three in fire-related incidents in Adams, Leflore, and Jefferson counties. Additional injuries were reported in Grenada, Hinds, Sharkey, Smith, Warren, and Washington counties. At least 278 residences and nine businesses were damaged or destroyed in the Mississippi portion of our forecast area.",Wind chills across the county fell as low as 0 degrees during the early morning of January 26th.
MS-ACTION-2026-01-22-governor-reeves-issues-state-of-emergency-ahead-of-severe-,,Tate Reeves,Governor Reeves Issues State of Emergency Ahead of Severe Winter Weather,2026-01-22,https://governorreeves.ms.gov/wp-json/wp/v2/posts/1589,1311116,209652,2026-01-24 07:40:00,2026-01-25 11:00:00,Z,NWS forecast zone,26,GRENADA,Ice Storm,,,0,0,,,Public,"A historically damaging ice storm occurred from southwestern Mississippi northeast through the Delta region into North Mississippi. The corridor of heaviest ice accretion, with ice thickness measured at up to one inch, spanned from Sharkey and Issaquena counties and southern Washington County, through Humphreys, Holmes, and northwestern Yazoo counties, through Leflore, Carroll, and Grenada counties. Tree damage in this region was tremendous, and several homes were damaged or destroyed by falling trees. Travel impacts persisted through Friday, January 30th in some areas. More than 189,000 customers in Mississippi lost power during the peak of the storm with thousands of power poles broken. Full power restoration took more than two weeks in the hardest hit areas, and it took more than one week for some customers in Attala, Bolivar, Carroll Grenada, Holmes, Humphreys, Issaquena, Leflore, Madison, Montgomery, Sharkey, Sunflower, Warren, Washington, Webster and Yazoo counties. Some meters remained unpowered for three weeks in the hardest hit portions of our area. The loss of electricity and the very cold temperatures that followed resulted in the loss of water in several communities.||Significant sleet accumulations, as high as 2 to 3 inches occurred in parts of northwest Mississippi. In these areas, the weight of the accumulation resulted in the collapse of several sheds, carports, gas station awnings and the roofs of some buildings. Sleet remained on the ground across much of Bolivar, Sunflower, and Washington counties for an entire week, with some of the deeper sleet accumulations through Bolivar County persisting through at least Sunday, February 8th.||Bitter cold conditions followed the storm, with temperatures as low as 11 at Bluff Lake, 12 at Natchez and Starkville, 13 at Ackerman, Collins, Crystal Springs, Forest, and Golden Triangle Airport; 14 at Brookhaven, Canton, Columbia, Columbus AFB, Hawkins Field in Jackson, Louisville, Madison, Newton, and Philadelphia; 15 at Jackson International; 16 at Greenville, Indianola, Meridian, and Vicksburg; and 17 at Cleveland, Laurel, and Rolling Fork. Wind chills were as low as -1 at Greenville, 2 at Golden Triangle Airport, 3 at Louisville, 4 at Natchez; 5 at Columbus AFB, Hawkins Field in Jackson, and Vicksburg; 6 at Cleveland, Crystal Springs, Jackson, Meridian, and Starkville; 7 at Madison, 8 at Philadelphia, and 9 at Canton and Laurel. Note: At several area weather stations, the lowest wind chill was unavailable because the anemometer was frozen and unable to record wind speed data.||Severn deaths occurred in the Mississippi counties in the NWS Jackson area - four due to exposure to the cold in Hinds, Sharkey, Warren, and Yazoo counties, and three in fire-related incidents in Adams, Leflore, and Jefferson counties. Additional injuries were reported in Grenada, Hinds, Sharkey, Smith, Warren, and Washington counties. At least 278 residences and nine businesses were damaged or destroyed in the Mississippi portion of our forecast area.","Numerous trees were snapped or fallen, a few of them across roadways. One split in half and each half fell through two neighboring houses. Total estimated freezing rain accumulation was 0.5 inch."
MS-ACTION-2026-01-22-governor-reeves-issues-state-of-emergency-ahead-of-severe-,,Tate Reeves,Governor Reeves Issues State of Emergency Ahead of Severe Winter Weather,2026-01-22,https://governorreeves.ms.gov/wp-json/wp/v2/posts/1589,1311130,209652,2026-01-25 07:20:00,2026-01-25 11:30:00,Z,NWS forecast zone,48,HINDS,Ice Storm,,,0,1,,,Emergency Manager,"A historically damaging ice storm occurred from southwestern Mississippi northeast through the Delta region into North Mississippi. The corridor of heaviest ice accretion, with ice thickness measured at up to one inch, spanned from Sharkey and Issaquena counties and southern Washington County, through Humphreys, Holmes, and northwestern Yazoo counties, through Leflore, Carroll, and Grenada counties. Tree damage in this region was tremendous, and several homes were damaged or destroyed by falling trees. Travel impacts persisted through Friday, January 30th in some areas. More than 189,000 customers in Mississippi lost power during the peak of the storm with thousands of power poles broken. Full power restoration took more than two weeks in the hardest hit areas, and it took more than one week for some customers in Attala, Bolivar, Carroll Grenada, Holmes, Humphreys, Issaquena, Leflore, Madison, Montgomery, Sharkey, Sunflower, Warren, Washington, Webster and Yazoo counties. Some meters remained unpowered for three weeks in the hardest hit portions of our area. The loss of electricity and the very cold temperatures that followed resulted in the loss of water in several communities.||Significant sleet accumulations, as high as 2 to 3 inches occurred in parts of northwest Mississippi. In these areas, the weight of the accumulation resulted in the collapse of several sheds, carports, gas station awnings and the roofs of some buildings. Sleet remained on the ground across much of Bolivar, Sunflower, and Washington counties for an entire week, with some of the deeper sleet accumulations through Bolivar County persisting through at least Sunday, February 8th.||Bitter cold conditions followed the storm, with temperatures as low as 11 at Bluff Lake, 12 at Natchez and Starkville, 13 at Ackerman, Collins, Crystal Springs, Forest, and Golden Triangle Airport; 14 at Brookhaven, Canton, Columbia, Columbus AFB, Hawkins Field in Jackson, Louisville, Madison, Newton, and Philadelphia; 15 at Jackson International; 16 at Greenville, Indianola, Meridian, and Vicksburg; and 17 at Cleveland, Laurel, and Rolling Fork. Wind chills were as low as -1 at Greenville, 2 at Golden Triangle Airport, 3 at Louisville, 4 at Natchez; 5 at Columbus AFB, Hawkins Field in Jackson, and Vicksburg; 6 at Cleveland, Crystal Springs, Jackson, Meridian, and Starkville; 7 at Madison, 8 at Philadelphia, and 9 at Canton and Laurel. Note: At several area weather stations, the lowest wind chill was unavailable because the anemometer was frozen and unable to record wind speed data.||Severn deaths occurred in the Mississippi counties in the NWS Jackson area - four due to exposure to the cold in Hinds, Sharkey, Warren, and Yazoo counties, and three in fire-related incidents in Adams, Leflore, and Jefferson counties. Additional injuries were reported in Grenada, Hinds, Sharkey, Smith, Warren, and Washington counties. At least 278 residences and nine businesses were damaged or destroyed in the Mississippi portion of our forecast area.","Ice accumulations in trees reached 0.25 inch in western Hinds county. A few trees were down in southwestern Hinds Co, Learned and Utica with blocked roads. Power lines and poles were downed. Downed limbs fell onto a person along Darden Road, causing injury."
MS-ACTION-2026-01-22-governor-reeves-issues-state-of-emergency-ahead-of-severe-,,Tate Reeves,Governor Reeves Issues State of Emergency Ahead of Severe Winter Weather,2026-01-22,https://governorreeves.ms.gov/wp-json/wp/v2/posts/1589,1315579,209652,2026-01-25 20:00:00,2026-01-26 10:00:00,Z,NWS forecast zone,48,HINDS,Extreme Cold/Wind Chill,,,1,1,0.00K,0.00K,Official NWS Observations,"A historically damaging ice storm occurred from southwestern Mississippi northeast through the Delta region into North Mississippi. The corridor of heaviest ice accretion, with ice thickness measured at up to one inch, spanned from Sharkey and Issaquena counties and southern Washington County, through Humphreys, Holmes, and northwestern Yazoo counties, through Leflore, Carroll, and Grenada counties. Tree damage in this region was tremendous, and several homes were damaged or destroyed by falling trees. Travel impacts persisted through Friday, January 30th in some areas. More than 189,000 customers in Mississippi lost power during the peak of the storm with thousands of power poles broken. Full power restoration took more than two weeks in the hardest hit areas, and it took more than one week for some customers in Attala, Bolivar, Carroll Grenada, Holmes, Humphreys, Issaquena, Leflore, Madison, Montgomery, Sharkey, Sunflower, Warren, Washington, Webster and Yazoo counties. Some meters remained unpowered for three weeks in the hardest hit portions of our area. The loss of electricity and the very cold temperatures that followed resulted in the loss of water in several communities.||Significant sleet accumulations, as high as 2 to 3 inches occurred in parts of northwest Mississippi. In these areas, the weight of the accumulation resulted in the collapse of several sheds, carports, gas station awnings and the roofs of some buildings. Sleet remained on the ground across much of Bolivar, Sunflower, and Washington counties for an entire week, with some of the deeper sleet accumulations through Bolivar County persisting through at least Sunday, February 8th.||Bitter cold conditions followed the storm, with temperatures as low as 11 at Bluff Lake, 12 at Natchez and Starkville, 13 at Ackerman, Collins, Crystal Springs, Forest, and Golden Triangle Airport; 14 at Brookhaven, Canton, Columbia, Columbus AFB, Hawkins Field in Jackson, Louisville, Madison, Newton, and Philadelphia; 15 at Jackson International; 16 at Greenville, Indianola, Meridian, and Vicksburg; and 17 at Cleveland, Laurel, and Rolling Fork. Wind chills were as low as -1 at Greenville, 2 at Golden Triangle Airport, 3 at Louisville, 4 at Natchez; 5 at Columbus AFB, Hawkins Field in Jackson, and Vicksburg; 6 at Cleveland, Crystal Springs, Jackson, Meridian, and Starkville; 7 at Madison, 8 at Philadelphia, and 9 at Canton and Laurel. Note: At several area weather stations, the lowest wind chill was unavailable because the anemometer was frozen and unable to record wind speed data.||Severn deaths occurred in the Mississippi counties in the NWS Jackson area - four due to exposure to the cold in Hinds, Sharkey, Warren, and Yazoo counties, and three in fire-related incidents in Adams, Leflore, and Jefferson counties. Additional injuries were reported in Grenada, Hinds, Sharkey, Smith, Warren, and Washington counties. At least 278 residences and nine businesses were damaged or destroyed in the Mississippi portion of our forecast area.","Wind chills across the county fell as low as -5 degrees during the early morning of January 26th. Three people died due to cold exposure, and another individual was hospitalized due to hypothermia during this cold weather event."
MS-ACTION-2026-01-22-governor-reeves-issues-state-of-emergency-ahead-of-severe-,,Tate Reeves,Governor Reeves Issues State of Emergency Ahead of Severe Winter Weather,2026-01-22,https://governorreeves.ms.gov/wp-json/wp/v2/posts/1589,1311127,209652,2026-01-25 05:15:00,2026-01-25 11:15:00,Z,NWS forecast zone,36,HOLMES,Ice Storm,,,0,0,0.00K,0.00K,Law Enforcement,"A historically damaging ice storm occurred from southwestern Mississippi northeast through the Delta region into North Mississippi. The corridor of heaviest ice accretion, with ice thickness measured at up to one inch, spanned from Sharkey and Issaquena counties and southern Washington County, through Humphreys, Holmes, and northwestern Yazoo counties, through Leflore, Carroll, and Grenada counties. Tree damage in this region was tremendous, and several homes were damaged or destroyed by falling trees. Travel impacts persisted through Friday, January 30th in some areas. More than 189,000 customers in Mississippi lost power during the peak of the storm with thousands of power poles broken. Full power restoration took more than two weeks in the hardest hit areas, and it took more than one week for some customers in Attala, Bolivar, Carroll Grenada, Holmes, Humphreys, Issaquena, Leflore, Madison, Montgomery, Sharkey, Sunflower, Warren, Washington, Webster and Yazoo counties. Some meters remained unpowered for three weeks in the hardest hit portions of our area. The loss of electricity and the very cold temperatures that followed resulted in the loss of water in several communities.||Significant sleet accumulations, as high as 2 to 3 inches occurred in parts of northwest Mississippi. In these areas, the weight of the accumulation resulted in the collapse of several sheds, carports, gas station awnings and the roofs of some buildings. Sleet remained on the ground across much of Bolivar, Sunflower, and Washington counties for an entire week, with some of the deeper sleet accumulations through Bolivar County persisting through at least Sunday, February 8th.||Bitter cold conditions followed the storm, with temperatures as low as 11 at Bluff Lake, 12 at Natchez and Starkville, 13 at Ackerman, Collins, Crystal Springs, Forest, and Golden Triangle Airport; 14 at Brookhaven, Canton, Columbia, Columbus AFB, Hawkins Field in Jackson, Louisville, Madison, Newton, and Philadelphia; 15 at Jackson International; 16 at Greenville, Indianola, Meridian, and Vicksburg; and 17 at Cleveland, Laurel, and Rolling Fork. Wind chills were as low as -1 at Greenville, 2 at Golden Triangle Airport, 3 at Louisville, 4 at Natchez; 5 at Columbus AFB, Hawkins Field in Jackson, and Vicksburg; 6 at Cleveland, Crystal Springs, Jackson, Meridian, and Starkville; 7 at Madison, 8 at Philadelphia, and 9 at Canton and Laurel. Note: At several area weather stations, the lowest wind chill was unavailable because the anemometer was frozen and unable to record wind speed data.||Severn deaths occurred in the Mississippi counties in the NWS Jackson area - four due to exposure to the cold in Hinds, Sharkey, Warren, and Yazoo counties, and three in fire-related incidents in Adams, Leflore, and Jefferson counties. Additional injuries were reported in Grenada, Hinds, Sharkey, Smith, Warren, and Washington counties. At least 278 residences and nine businesses were damaged or destroyed in the Mississippi portion of our forecast area.",Significant ice accumulation was observed across the county with a range from 0.5 inch to 1 inch. Extensive damage was observed to to trees and power lines. Many roads including portions of US Highway 49 and Mississippi Highway 17 were blocked due to fallen trees.
MS-ACTION-2026-01-22-governor-reeves-issues-state-of-emergency-ahead-of-severe-,,Tate Reeves,Governor Reeves Issues State of Emergency Ahead of Severe Winter Weather,2026-01-22,https://governorreeves.ms.gov/wp-json/wp/v2/posts/1589,1315570,209652,2026-01-25 19:00:00,2026-01-26 12:00:00,Z,NWS forecast zone,36,HOLMES,Extreme Cold/Wind Chill,,,0,0,0.00K,0.00K,Official NWS Observations,"A historically damaging ice storm occurred from southwestern Mississippi northeast through the Delta region into North Mississippi. The corridor of heaviest ice accretion, with ice thickness measured at up to one inch, spanned from Sharkey and Issaquena counties and southern Washington County, through Humphreys, Holmes, and northwestern Yazoo counties, through Leflore, Carroll, and Grenada counties. Tree damage in this region was tremendous, and several homes were damaged or destroyed by falling trees. Travel impacts persisted through Friday, January 30th in some areas. More than 189,000 customers in Mississippi lost power during the peak of the storm with thousands of power poles broken. Full power restoration took more than two weeks in the hardest hit areas, and it took more than one week for some customers in Attala, Bolivar, Carroll Grenada, Holmes, Humphreys, Issaquena, Leflore, Madison, Montgomery, Sharkey, Sunflower, Warren, Washington, Webster and Yazoo counties. Some meters remained unpowered for three weeks in the hardest hit portions of our area. The loss of electricity and the very cold temperatures that followed resulted in the loss of water in several communities.||Significant sleet accumulations, as high as 2 to 3 inches occurred in parts of northwest Mississippi. In these areas, the weight of the accumulation resulted in the collapse of several sheds, carports, gas station awnings and the roofs of some buildings. Sleet remained on the ground across much of Bolivar, Sunflower, and Washington counties for an entire week, with some of the deeper sleet accumulations through Bolivar County persisting through at least Sunday, February 8th.||Bitter cold conditions followed the storm, with temperatures as low as 11 at Bluff Lake, 12 at Natchez and Starkville, 13 at Ackerman, Collins, Crystal Springs, Forest, and Golden Triangle Airport; 14 at Brookhaven, Canton, Columbia, Columbus AFB, Hawkins Field in Jackson, Louisville, Madison, Newton, and Philadelphia; 15 at Jackson International; 16 at Greenville, Indianola, Meridian, and Vicksburg; and 17 at Cleveland, Laurel, and Rolling Fork. Wind chills were as low as -1 at Greenville, 2 at Golden Triangle Airport, 3 at Louisville, 4 at Natchez; 5 at Columbus AFB, Hawkins Field in Jackson, and Vicksburg; 6 at Cleveland, Crystal Springs, Jackson, Meridian, and Starkville; 7 at Madison, 8 at Philadelphia, and 9 at Canton and Laurel. Note: At several area weather stations, the lowest wind chill was unavailable because the anemometer was frozen and unable to record wind speed data.||Severn deaths occurred in the Mississippi counties in the NWS Jackson area - four due to exposure to the cold in Hinds, Sharkey, Warren, and Yazoo counties, and three in fire-related incidents in Adams, Leflore, and Jefferson counties. Additional injuries were reported in Grenada, Hinds, Sharkey, Smith, Warren, and Washington counties. At least 278 residences and nine businesses were damaged or destroyed in the Mississippi portion of our forecast area.",Wind chills across the county fell as low as -5 degrees during the early morning of January 26th.
MS-ACTION-2026-01-22-governor-reeves-issues-state-of-emergency-ahead-of-severe-,,Tate Reeves,Governor Reeves Issues State of Emergency Ahead of Severe Winter Weather,2026-01-22,https://governorreeves.ms.gov/wp-json/wp/v2/posts/1589,1311137,209652,2026-01-24 04:45:00,2026-01-25 10:30:00,Z,NWS forecast zone,35,HUMPHREYS,Ice Storm,,,0,0,0.00K,0.00K,Emergency Manager,"A historically damaging ice storm occurred from southwestern Mississippi northeast through the Delta region into North Mississippi. The corridor of heaviest ice accretion, with ice thickness measured at up to one inch, spanned from Sharkey and Issaquena counties and southern Washington County, through Humphreys, Holmes, and northwestern Yazoo counties, through Leflore, Carroll, and Grenada counties. Tree damage in this region was tremendous, and several homes were damaged or destroyed by falling trees. Travel impacts persisted through Friday, January 30th in some areas. More than 189,000 customers in Mississippi lost power during the peak of the storm with thousands of power poles broken. Full power restoration took more than two weeks in the hardest hit areas, and it took more than one week for some customers in Attala, Bolivar, Carroll Grenada, Holmes, Humphreys, Issaquena, Leflore, Madison, Montgomery, Sharkey, Sunflower, Warren, Washington, Webster and Yazoo counties. Some meters remained unpowered for three weeks in the hardest hit portions of our area. The loss of electricity and the very cold temperatures that followed resulted in the loss of water in several communities.||Significant sleet accumulations, as high as 2 to 3 inches occurred in parts of northwest Mississippi. In these areas, the weight of the accumulation resulted in the collapse of several sheds, carports, gas station awnings and the roofs of some buildings. Sleet remained on the ground across much of Bolivar, Sunflower, and Washington counties for an entire week, with some of the deeper sleet accumulations through Bolivar County persisting through at least Sunday, February 8th.||Bitter cold conditions followed the storm, with temperatures as low as 11 at Bluff Lake, 12 at Natchez and Starkville, 13 at Ackerman, Collins, Crystal Springs, Forest, and Golden Triangle Airport; 14 at Brookhaven, Canton, Columbia, Columbus AFB, Hawkins Field in Jackson, Louisville, Madison, Newton, and Philadelphia; 15 at Jackson International; 16 at Greenville, Indianola, Meridian, and Vicksburg; and 17 at Cleveland, Laurel, and Rolling Fork. Wind chills were as low as -1 at Greenville, 2 at Golden Triangle Airport, 3 at Louisville, 4 at Natchez; 5 at Columbus AFB, Hawkins Field in Jackson, and Vicksburg; 6 at Cleveland, Crystal Springs, Jackson, Meridian, and Starkville; 7 at Madison, 8 at Philadelphia, and 9 at Canton and Laurel. Note: At several area weather stations, the lowest wind chill was unavailable because the anemometer was frozen and unable to record wind speed data.||Severn deaths occurred in the Mississippi counties in the NWS Jackson area - four due to exposure to the cold in Hinds, Sharkey, Warren, and Yazoo counties, and three in fire-related incidents in Adams, Leflore, and Jefferson counties. Additional injuries were reported in Grenada, Hinds, Sharkey, Smith, Warren, and Washington counties. At least 278 residences and nine businesses were damaged or destroyed in the Mississippi portion of our forecast area.",Heavy ice accumulation was observed in trees and on power lines resulting in extensive damage to trees and lines. Estimated freezing rain accumulation was 1.0 inch.
MS-ACTION-2026-01-22-governor-reeves-issues-state-of-emergency-ahead-of-severe-,,Tate Reeves,Governor Reeves Issues State of Emergency Ahead of Severe Winter Weather,2026-01-22,https://governorreeves.ms.gov/wp-json/wp/v2/posts/1589,1315568,209652,2026-01-25 20:00:00,2026-01-26 13:00:00,Z,NWS forecast zone,35,HUMPHREYS,Extreme Cold/Wind Chill,,,0,0,0.00K,0.00K,Official NWS Observations,"A historically damaging ice storm occurred from southwestern Mississippi northeast through the Delta region into North Mississippi. The corridor of heaviest ice accretion, with ice thickness measured at up to one inch, spanned from Sharkey and Issaquena counties and southern Washington County, through Humphreys, Holmes, and northwestern Yazoo counties, through Leflore, Carroll, and Grenada counties. Tree damage in this region was tremendous, and several homes were damaged or destroyed by falling trees. Travel impacts persisted through Friday, January 30th in some areas. More than 189,000 customers in Mississippi lost power during the peak of the storm with thousands of power poles broken. Full power restoration took more than two weeks in the hardest hit areas, and it took more than one week for some customers in Attala, Bolivar, Carroll Grenada, Holmes, Humphreys, Issaquena, Leflore, Madison, Montgomery, Sharkey, Sunflower, Warren, Washington, Webster and Yazoo counties. Some meters remained unpowered for three weeks in the hardest hit portions of our area. The loss of electricity and the very cold temperatures that followed resulted in the loss of water in several communities.||Significant sleet accumulations, as high as 2 to 3 inches occurred in parts of northwest Mississippi. In these areas, the weight of the accumulation resulted in the collapse of several sheds, carports, gas station awnings and the roofs of some buildings. Sleet remained on the ground across much of Bolivar, Sunflower, and Washington counties for an entire week, with some of the deeper sleet accumulations through Bolivar County persisting through at least Sunday, February 8th.||Bitter cold conditions followed the storm, with temperatures as low as 11 at Bluff Lake, 12 at Natchez and Starkville, 13 at Ackerman, Collins, Crystal Springs, Forest, and Golden Triangle Airport; 14 at Brookhaven, Canton, Columbia, Columbus AFB, Hawkins Field in Jackson, Louisville, Madison, Newton, and Philadelphia; 15 at Jackson International; 16 at Greenville, Indianola, Meridian, and Vicksburg; and 17 at Cleveland, Laurel, and Rolling Fork. Wind chills were as low as -1 at Greenville, 2 at Golden Triangle Airport, 3 at Louisville, 4 at Natchez; 5 at Columbus AFB, Hawkins Field in Jackson, and Vicksburg; 6 at Cleveland, Crystal Springs, Jackson, Meridian, and Starkville; 7 at Madison, 8 at Philadelphia, and 9 at Canton and Laurel. Note: At several area weather stations, the lowest wind chill was unavailable because the anemometer was frozen and unable to record wind speed data.||Severn deaths occurred in the Mississippi counties in the NWS Jackson area - four due to exposure to the cold in Hinds, Sharkey, Warren, and Yazoo counties, and three in fire-related incidents in Adams, Leflore, and Jefferson counties. Additional injuries were reported in Grenada, Hinds, Sharkey, Smith, Warren, and Washington counties. At least 278 residences and nine businesses were damaged or destroyed in the Mississippi portion of our forecast area.",Wind chills across the county fell as low as -5 degrees during the early morning of January 26th.
MS-ACTION-2026-01-22-governor-reeves-issues-state-of-emergency-ahead-of-severe-,,Tate Reeves,Governor Reeves Issues State of Emergency Ahead of Severe Winter Weather,2026-01-22,https://governorreeves.ms.gov/wp-json/wp/v2/posts/1589,1312636,209652,2026-01-24 18:45:00,2026-01-25 11:00:00,Z,NWS forecast zone,40,ISSAQUENA,Ice Storm,,,0,0,,,Emergency Manager,"A historically damaging ice storm occurred from southwestern Mississippi northeast through the Delta region into North Mississippi. The corridor of heaviest ice accretion, with ice thickness measured at up to one inch, spanned from Sharkey and Issaquena counties and southern Washington County, through Humphreys, Holmes, and northwestern Yazoo counties, through Leflore, Carroll, and Grenada counties. Tree damage in this region was tremendous, and several homes were damaged or destroyed by falling trees. Travel impacts persisted through Friday, January 30th in some areas. More than 189,000 customers in Mississippi lost power during the peak of the storm with thousands of power poles broken. Full power restoration took more than two weeks in the hardest hit areas, and it took more than one week for some customers in Attala, Bolivar, Carroll Grenada, Holmes, Humphreys, Issaquena, Leflore, Madison, Montgomery, Sharkey, Sunflower, Warren, Washington, Webster and Yazoo counties. Some meters remained unpowered for three weeks in the hardest hit portions of our area. The loss of electricity and the very cold temperatures that followed resulted in the loss of water in several communities.||Significant sleet accumulations, as high as 2 to 3 inches occurred in parts of northwest Mississippi. In these areas, the weight of the accumulation resulted in the collapse of several sheds, carports, gas station awnings and the roofs of some buildings. Sleet remained on the ground across much of Bolivar, Sunflower, and Washington counties for an entire week, with some of the deeper sleet accumulations through Bolivar County persisting through at least Sunday, February 8th.||Bitter cold conditions followed the storm, with temperatures as low as 11 at Bluff Lake, 12 at Natchez and Starkville, 13 at Ackerman, Collins, Crystal Springs, Forest, and Golden Triangle Airport; 14 at Brookhaven, Canton, Columbia, Columbus AFB, Hawkins Field in Jackson, Louisville, Madison, Newton, and Philadelphia; 15 at Jackson International; 16 at Greenville, Indianola, Meridian, and Vicksburg; and 17 at Cleveland, Laurel, and Rolling Fork. Wind chills were as low as -1 at Greenville, 2 at Golden Triangle Airport, 3 at Louisville, 4 at Natchez; 5 at Columbus AFB, Hawkins Field in Jackson, and Vicksburg; 6 at Cleveland, Crystal Springs, Jackson, Meridian, and Starkville; 7 at Madison, 8 at Philadelphia, and 9 at Canton and Laurel. Note: At several area weather stations, the lowest wind chill was unavailable because the anemometer was frozen and unable to record wind speed data.||Severn deaths occurred in the Mississippi counties in the NWS Jackson area - four due to exposure to the cold in Hinds, Sharkey, Warren, and Yazoo counties, and three in fire-related incidents in Adams, Leflore, and Jefferson counties. Additional injuries were reported in Grenada, Hinds, Sharkey, Smith, Warren, and Washington counties. At least 278 residences and nine businesses were damaged or destroyed in the Mississippi portion of our forecast area.","Widespread power outages were reported across the county by utility companies. Extensive damage to trees and limbs occurred and countless were down across roads and power lines. Transformers were destroyed. Damage to numerous homes/mobile homes occurred due to falling trees. Freezing rain accumulations were observed of up to 2 inches on power lines, approximately 1 inch was estimated to be the radial accumulation."
MS-ACTION-2026-01-22-governor-reeves-issues-state-of-emergency-ahead-of-severe-,,Tate Reeves,Governor Reeves Issues State of Emergency Ahead of Severe Winter Weather,2026-01-22,https://governorreeves.ms.gov/wp-json/wp/v2/posts/1589,1315566,209652,2026-01-25 21:00:00,2026-01-26 13:00:00,Z,NWS forecast zone,40,ISSAQUENA,Extreme Cold/Wind Chill,,,0,0,0.00K,0.00K,Official NWS Observations,"A historically damaging ice storm occurred from southwestern Mississippi northeast through the Delta region into North Mississippi. The corridor of heaviest ice accretion, with ice thickness measured at up to one inch, spanned from Sharkey and Issaquena counties and southern Washington County, through Humphreys, Holmes, and northwestern Yazoo counties, through Leflore, Carroll, and Grenada counties. Tree damage in this region was tremendous, and several homes were damaged or destroyed by falling trees. Travel impacts persisted through Friday, January 30th in some areas. More than 189,000 customers in Mississippi lost power during the peak of the storm with thousands of power poles broken. Full power restoration took more than two weeks in the hardest hit areas, and it took more than one week for some customers in Attala, Bolivar, Carroll Grenada, Holmes, Humphreys, Issaquena, Leflore, Madison, Montgomery, Sharkey, Sunflower, Warren, Washington, Webster and Yazoo counties. Some meters remained unpowered for three weeks in the hardest hit portions of our area. The loss of electricity and the very cold temperatures that followed resulted in the loss of water in several communities.||Significant sleet accumulations, as high as 2 to 3 inches occurred in parts of northwest Mississippi. In these areas, the weight of the accumulation resulted in the collapse of several sheds, carports, gas station awnings and the roofs of some buildings. Sleet remained on the ground across much of Bolivar, Sunflower, and Washington counties for an entire week, with some of the deeper sleet accumulations through Bolivar County persisting through at least Sunday, February 8th.||Bitter cold conditions followed the storm, with temperatures as low as 11 at Bluff Lake, 12 at Natchez and Starkville, 13 at Ackerman, Collins, Crystal Springs, Forest, and Golden Triangle Airport; 14 at Brookhaven, Canton, Columbia, Columbus AFB, Hawkins Field in Jackson, Louisville, Madison, Newton, and Philadelphia; 15 at Jackson International; 16 at Greenville, Indianola, Meridian, and Vicksburg; and 17 at Cleveland, Laurel, and Rolling Fork. Wind chills were as low as -1 at Greenville, 2 at Golden Triangle Airport, 3 at Louisville, 4 at Natchez; 5 at Columbus AFB, Hawkins Field in Jackson, and Vicksburg; 6 at Cleveland, Crystal Springs, Jackson, Meridian, and Starkville; 7 at Madison, 8 at Philadelphia, and 9 at Canton and Laurel. Note: At several area weather stations, the lowest wind chill was unavailable because the anemometer was frozen and unable to record wind speed data.||Severn deaths occurred in the Mississippi counties in the NWS Jackson area - four due to exposure to the cold in Hinds, Sharkey, Warren, and Yazoo counties, and three in fire-related incidents in Adams, Leflore, and Jefferson counties. Additional injuries were reported in Grenada, Hinds, Sharkey, Smith, Warren, and Washington counties. At least 278 residences and nine businesses were damaged or destroyed in the Mississippi portion of our forecast area.",Wind chills across the county fell as low as -5 degrees during the early morning of January 26th.
MS-ACTION-2026-01-22-governor-reeves-issues-state-of-emergency-ahead-of-severe-,,Tate Reeves,Governor Reeves Issues State of Emergency Ahead of Severe Winter Weather,2026-01-22,https://governorreeves.ms.gov/wp-json/wp/v2/posts/1589,1313065,210142,2026-01-24 02:00:00,2026-01-25 13:00:00,Z,NWS forecast zone,17,ITAWAMBA,Ice Storm,,,0,0,50.00K,0.00K,Trained Spotter,"A significant winter weather event impacted the Mid-South from January 23rd through January 25th, 2026, driven by a classic southern-stream cyclone interacting with entrenched Arctic air across the region. A broad, positively tilted trough extending from the Central Plains into the Desert Southwest emerged on January 23rd. Downstream, strong surface high pressure was centered over the Midwest and Ohio Valley, promoting persistent cold air advection into the Lower Mississippi Valley and reinforcing a shallow subfreezing airmass.||Isentropic ascent intensified across the Mid-South beginning late January 23rd, as warm, moist air overran the shallow Arctic dome. This resulted in widespread precipitation developing from southwest to northeast across north Mississippi.||Thermal profiles across north Mississippi were marginal and vertically complex, with a well-pronounced warm nose between roughly 850���750 mb. This supported a mixed precipitation regime with crippling ice accumulations across portions of north Mississippi and large sleet accumulations across the Delta. ||The surface low that developed across Alabama was able to warm the surface in counties in closest proximity, resulting in mostly liquid precipitation in a few counties (Itawamba, Monroe, and Chickasaw), and there was even enough elevated instability for convective development. Liquid QPF values averaged over 3 inches, which led to crippling ice accumulations, especially from Oxford through Blue Mountain into Corinth. Widespread tree and scattered property damage occurred along with power outages that lasted several weeks in some locations across northeast Mississippi. Heavy sleet and snow resulted in transportation difficulties for up to two weeks across northwest Mississippi and widespread school cancellations.","Sleet accumulation less than 1/2 inch, followed by 1/4 inch of ice across the northern and western part of Itawamba County."
MS-ACTION-2026-01-22-governor-reeves-issues-state-of-emergency-ahead-of-severe-,,Tate Reeves,Governor Reeves Issues State of Emergency Ahead of Severe Winter Weather,2026-01-22,https://governorreeves.ms.gov/wp-json/wp/v2/posts/1589,1315588,209652,2026-01-25 23:00:00,2026-01-26 08:00:00,Z,NWS forecast zone,57,JASPER,Extreme Cold/Wind Chill,,,0,0,0.00K,0.00K,Official NWS Observations,"A historically damaging ice storm occurred from southwestern Mississippi northeast through the Delta region into North Mississippi. The corridor of heaviest ice accretion, with ice thickness measured at up to one inch, spanned from Sharkey and Issaquena counties and southern Washington County, through Humphreys, Holmes, and northwestern Yazoo counties, through Leflore, Carroll, and Grenada counties. Tree damage in this region was tremendous, and several homes were damaged or destroyed by falling trees. Travel impacts persisted through Friday, January 30th in some areas. More than 189,000 customers in Mississippi lost power during the peak of the storm with thousands of power poles broken. Full power restoration took more than two weeks in the hardest hit areas, and it took more than one week for some customers in Attala, Bolivar, Carroll Grenada, Holmes, Humphreys, Issaquena, Leflore, Madison, Montgomery, Sharkey, Sunflower, Warren, Washington, Webster and Yazoo counties. Some meters remained unpowered for three weeks in the hardest hit portions of our area. The loss of electricity and the very cold temperatures that followed resulted in the loss of water in several communities.||Significant sleet accumulations, as high as 2 to 3 inches occurred in parts of northwest Mississippi. In these areas, the weight of the accumulation resulted in the collapse of several sheds, carports, gas station awnings and the roofs of some buildings. Sleet remained on the ground across much of Bolivar, Sunflower, and Washington counties for an entire week, with some of the deeper sleet accumulations through Bolivar County persisting through at least Sunday, February 8th.||Bitter cold conditions followed the storm, with temperatures as low as 11 at Bluff Lake, 12 at Natchez and Starkville, 13 at Ackerman, Collins, Crystal Springs, Forest, and Golden Triangle Airport; 14 at Brookhaven, Canton, Columbia, Columbus AFB, Hawkins Field in Jackson, Louisville, Madison, Newton, and Philadelphia; 15 at Jackson International; 16 at Greenville, Indianola, Meridian, and Vicksburg; and 17 at Cleveland, Laurel, and Rolling Fork. Wind chills were as low as -1 at Greenville, 2 at Golden Triangle Airport, 3 at Louisville, 4 at Natchez; 5 at Columbus AFB, Hawkins Field in Jackson, and Vicksburg; 6 at Cleveland, Crystal Springs, Jackson, Meridian, and Starkville; 7 at Madison, 8 at Philadelphia, and 9 at Canton and Laurel. Note: At several area weather stations, the lowest wind chill was unavailable because the anemometer was frozen and unable to record wind speed data.||Severn deaths occurred in the Mississippi counties in the NWS Jackson area - four due to exposure to the cold in Hinds, Sharkey, Warren, and Yazoo counties, and three in fire-related incidents in Adams, Leflore, and Jefferson counties. Additional injuries were reported in Grenada, Hinds, Sharkey, Smith, Warren, and Washington counties. At least 278 residences and nine businesses were damaged or destroyed in the Mississippi portion of our forecast area.",Wind chills across the county fell as low as -5 degrees during the early morning of January 26th.
MS-ACTION-2026-01-22-governor-reeves-issues-state-of-emergency-ahead-of-severe-,,Tate Reeves,Governor Reeves Issues State of Emergency Ahead of Severe Winter Weather,2026-01-22,https://governorreeves.ms.gov/wp-json/wp/v2/posts/1589,1311129,209652,2026-01-25 07:10:00,2026-01-25 11:00:00,Z,NWS forecast zone,59,JEFFERSON,Ice Storm,,,0,0,0.00K,0.00K,Emergency Manager,"A historically damaging ice storm occurred from southwestern Mississippi northeast through the Delta region into North Mississippi. The corridor of heaviest ice accretion, with ice thickness measured at up to one inch, spanned from Sharkey and Issaquena counties and southern Washington County, through Humphreys, Holmes, and northwestern Yazoo counties, through Leflore, Carroll, and Grenada counties. Tree damage in this region was tremendous, and several homes were damaged or destroyed by falling trees. Travel impacts persisted through Friday, January 30th in some areas. More than 189,000 customers in Mississippi lost power during the peak of the storm with thousands of power poles broken. Full power restoration took more than two weeks in the hardest hit areas, and it took more than one week for some customers in Attala, Bolivar, Carroll Grenada, Holmes, Humphreys, Issaquena, Leflore, Madison, Montgomery, Sharkey, Sunflower, Warren, Washington, Webster and Yazoo counties. Some meters remained unpowered for three weeks in the hardest hit portions of our area. The loss of electricity and the very cold temperatures that followed resulted in the loss of water in several communities.||Significant sleet accumulations, as high as 2 to 3 inches occurred in parts of northwest Mississippi. In these areas, the weight of the accumulation resulted in the collapse of several sheds, carports, gas station awnings and the roofs of some buildings. Sleet remained on the ground across much of Bolivar, Sunflower, and Washington counties for an entire week, with some of the deeper sleet accumulations through Bolivar County persisting through at least Sunday, February 8th.||Bitter cold conditions followed the storm, with temperatures as low as 11 at Bluff Lake, 12 at Natchez and Starkville, 13 at Ackerman, Collins, Crystal Springs, Forest, and Golden Triangle Airport; 14 at Brookhaven, Canton, Columbia, Columbus AFB, Hawkins Field in Jackson, Louisville, Madison, Newton, and Philadelphia; 15 at Jackson International; 16 at Greenville, Indianola, Meridian, and Vicksburg; and 17 at Cleveland, Laurel, and Rolling Fork. Wind chills were as low as -1 at Greenville, 2 at Golden Triangle Airport, 3 at Louisville, 4 at Natchez; 5 at Columbus AFB, Hawkins Field in Jackson, and Vicksburg; 6 at Cleveland, Crystal Springs, Jackson, Meridian, and Starkville; 7 at Madison, 8 at Philadelphia, and 9 at Canton and Laurel. Note: At several area weather stations, the lowest wind chill was unavailable because the anemometer was frozen and unable to record wind speed data.||Severn deaths occurred in the Mississippi counties in the NWS Jackson area - four due to exposure to the cold in Hinds, Sharkey, Warren, and Yazoo counties, and three in fire-related incidents in Adams, Leflore, and Jefferson counties. Additional injuries were reported in Grenada, Hinds, Sharkey, Smith, Warren, and Washington counties. At least 278 residences and nine businesses were damaged or destroyed in the Mississippi portion of our forecast area.",Ice covered trees and powerlines. Numerous trees and lines were down across the county  blocking roads. Estimated freezing rain accumulation was 0.25 inch.
MS-ACTION-2026-01-22-governor-reeves-issues-state-of-emergency-ahead-of-severe-,,Tate Reeves,Governor Reeves Issues State of Emergency Ahead of Severe Winter Weather,2026-01-22,https://governorreeves.ms.gov/wp-json/wp/v2/posts/1589,1315584,209652,2026-01-25 22:00:00,2026-01-26 10:00:00,Z,NWS forecast zone,59,JEFFERSON,Extreme Cold/Wind Chill,,,0,0,0.00K,0.00K,Official NWS Observations,"A historically damaging ice storm occurred from southwestern Mississippi northeast through the Delta region into North Mississippi. The corridor of heaviest ice accretion, with ice thickness measured at up to one inch, spanned from Sharkey and Issaquena counties and southern Washington County, through Humphreys, Holmes, and northwestern Yazoo counties, through Leflore, Carroll, and Grenada counties. Tree damage in this region was tremendous, and several homes were damaged or destroyed by falling trees. Travel impacts persisted through Friday, January 30th in some areas. More than 189,000 customers in Mississippi lost power during the peak of the storm with thousands of power poles broken. Full power restoration took more than two weeks in the hardest hit areas, and it took more than one week for some customers in Attala, Bolivar, Carroll Grenada, Holmes, Humphreys, Issaquena, Leflore, Madison, Montgomery, Sharkey, Sunflower, Warren, Washington, Webster and Yazoo counties. Some meters remained unpowered for three weeks in the hardest hit portions of our area. The loss of electricity and the very cold temperatures that followed resulted in the loss of water in several communities.||Significant sleet accumulations, as high as 2 to 3 inches occurred in parts of northwest Mississippi. In these areas, the weight of the accumulation resulted in the collapse of several sheds, carports, gas station awnings and the roofs of some buildings. Sleet remained on the ground across much of Bolivar, Sunflower, and Washington counties for an entire week, with some of the deeper sleet accumulations through Bolivar County persisting through at least Sunday, February 8th.||Bitter cold conditions followed the storm, with temperatures as low as 11 at Bluff Lake, 12 at Natchez and Starkville, 13 at Ackerman, Collins, Crystal Springs, Forest, and Golden Triangle Airport; 14 at Brookhaven, Canton, Columbia, Columbus AFB, Hawkins Field in Jackson, Louisville, Madison, Newton, and Philadelphia; 15 at Jackson International; 16 at Greenville, Indianola, Meridian, and Vicksburg; and 17 at Cleveland, Laurel, and Rolling Fork. Wind chills were as low as -1 at Greenville, 2 at Golden Triangle Airport, 3 at Louisville, 4 at Natchez; 5 at Columbus AFB, Hawkins Field in Jackson, and Vicksburg; 6 at Cleveland, Crystal Springs, Jackson, Meridian, and Starkville; 7 at Madison, 8 at Philadelphia, and 9 at Canton and Laurel. Note: At several area weather stations, the lowest wind chill was unavailable because the anemometer was frozen and unable to record wind speed data.||Severn deaths occurred in the Mississippi counties in the NWS Jackson area - four due to exposure to the cold in Hinds, Sharkey, Warren, and Yazoo counties, and three in fire-related incidents in Adams, Leflore, and Jefferson counties. Additional injuries were reported in Grenada, Hinds, Sharkey, Smith, Warren, and Washington counties. At least 278 residences and nine businesses were damaged or destroyed in the Mississippi portion of our forecast area.",Wind chills across the county fell as low as -5 degrees during the early morning of January 26th. A 22 year old male died from a house fire during this cold weather event.
MS-ACTION-2026-01-22-governor-reeves-issues-state-of-emergency-ahead-of-severe-,,Tate Reeves,Governor Reeves Issues State of Emergency Ahead of Severe Winter Weather,2026-01-22,https://governorreeves.ms.gov/wp-json/wp/v2/posts/1589,1315596,209652,2026-01-25 23:00:00,2026-01-26 08:00:00,Z,NWS forecast zone,66,JONES,Extreme Cold/Wind Chill,,,0,0,0.00K,0.00K,Official NWS Observations,"A historically damaging ice storm occurred from southwestern Mississippi northeast through the Delta region into North Mississippi. The corridor of heaviest ice accretion, with ice thickness measured at up to one inch, spanned from Sharkey and Issaquena counties and southern Washington County, through Humphreys, Holmes, and northwestern Yazoo counties, through Leflore, Carroll, and Grenada counties. Tree damage in this region was tremendous, and several homes were damaged or destroyed by falling trees. Travel impacts persisted through Friday, January 30th in some areas. More than 189,000 customers in Mississippi lost power during the peak of the storm with thousands of power poles broken. Full power restoration took more than two weeks in the hardest hit areas, and it took more than one week for some customers in Attala, Bolivar, Carroll Grenada, Holmes, Humphreys, Issaquena, Leflore, Madison, Montgomery, Sharkey, Sunflower, Warren, Washington, Webster and Yazoo counties. Some meters remained unpowered for three weeks in the hardest hit portions of our area. The loss of electricity and the very cold temperatures that followed resulted in the loss of water in several communities.||Significant sleet accumulations, as high as 2 to 3 inches occurred in parts of northwest Mississippi. In these areas, the weight of the accumulation resulted in the collapse of several sheds, carports, gas station awnings and the roofs of some buildings. Sleet remained on the ground across much of Bolivar, Sunflower, and Washington counties for an entire week, with some of the deeper sleet accumulations through Bolivar County persisting through at least Sunday, February 8th.||Bitter cold conditions followed the storm, with temperatures as low as 11 at Bluff Lake, 12 at Natchez and Starkville, 13 at Ackerman, Collins, Crystal Springs, Forest, and Golden Triangle Airport; 14 at Brookhaven, Canton, Columbia, Columbus AFB, Hawkins Field in Jackson, Louisville, Madison, Newton, and Philadelphia; 15 at Jackson International; 16 at Greenville, Indianola, Meridian, and Vicksburg; and 17 at Cleveland, Laurel, and Rolling Fork. Wind chills were as low as -1 at Greenville, 2 at Golden Triangle Airport, 3 at Louisville, 4 at Natchez; 5 at Columbus AFB, Hawkins Field in Jackson, and Vicksburg; 6 at Cleveland, Crystal Springs, Jackson, Meridian, and Starkville; 7 at Madison, 8 at Philadelphia, and 9 at Canton and Laurel. Note: At several area weather stations, the lowest wind chill was unavailable because the anemometer was frozen and unable to record wind speed data.||Severn deaths occurred in the Mississippi counties in the NWS Jackson area - four due to exposure to the cold in Hinds, Sharkey, Warren, and Yazoo counties, and three in fire-related incidents in Adams, Leflore, and Jefferson counties. Additional injuries were reported in Grenada, Hinds, Sharkey, Smith, Warren, and Washington counties. At least 278 residences and nine businesses were damaged or destroyed in the Mississippi portion of our forecast area.",Wind chills across the county fell as low as 0 degrees during the early morning of January 26th.
MS-ACTION-2026-01-22-governor-reeves-issues-state-of-emergency-ahead-of-severe-,,Tate Reeves,Governor Reeves Issues State of Emergency Ahead of Severe Winter Weather,2026-01-22,https://governorreeves.ms.gov/wp-json/wp/v2/posts/1589,1315577,209652,2026-01-25 22:00:00,2026-01-26 10:00:00,Z,NWS forecast zone,46,KEMPER,Extreme Cold/Wind Chill,,,0,0,0.00K,0.00K,Official NWS Observations,"A historically damaging ice storm occurred from southwestern Mississippi northeast through the Delta region into North Mississippi. The corridor of heaviest ice accretion, with ice thickness measured at up to one inch, spanned from Sharkey and Issaquena counties and southern Washington County, through Humphreys, Holmes, and northwestern Yazoo counties, through Leflore, Carroll, and Grenada counties. Tree damage in this region was tremendous, and several homes were damaged or destroyed by falling trees. Travel impacts persisted through Friday, January 30th in some areas. More than 189,000 customers in Mississippi lost power during the peak of the storm with thousands of power poles broken. Full power restoration took more than two weeks in the hardest hit areas, and it took more than one week for some customers in Attala, Bolivar, Carroll Grenada, Holmes, Humphreys, Issaquena, Leflore, Madison, Montgomery, Sharkey, Sunflower, Warren, Washington, Webster and Yazoo counties. Some meters remained unpowered for three weeks in the hardest hit portions of our area. The loss of electricity and the very cold temperatures that followed resulted in the loss of water in several communities.||Significant sleet accumulations, as high as 2 to 3 inches occurred in parts of northwest Mississippi. In these areas, the weight of the accumulation resulted in the collapse of several sheds, carports, gas station awnings and the roofs of some buildings. Sleet remained on the ground across much of Bolivar, Sunflower, and Washington counties for an entire week, with some of the deeper sleet accumulations through Bolivar County persisting through at least Sunday, February 8th.||Bitter cold conditions followed the storm, with temperatures as low as 11 at Bluff Lake, 12 at Natchez and Starkville, 13 at Ackerman, Collins, Crystal Springs, Forest, and Golden Triangle Airport; 14 at Brookhaven, Canton, Columbia, Columbus AFB, Hawkins Field in Jackson, Louisville, Madison, Newton, and Philadelphia; 15 at Jackson International; 16 at Greenville, Indianola, Meridian, and Vicksburg; and 17 at Cleveland, Laurel, and Rolling Fork. Wind chills were as low as -1 at Greenville, 2 at Golden Triangle Airport, 3 at Louisville, 4 at Natchez; 5 at Columbus AFB, Hawkins Field in Jackson, and Vicksburg; 6 at Cleveland, Crystal Springs, Jackson, Meridian, and Starkville; 7 at Madison, 8 at Philadelphia, and 9 at Canton and Laurel. Note: At several area weather stations, the lowest wind chill was unavailable because the anemometer was frozen and unable to record wind speed data.||Severn deaths occurred in the Mississippi counties in the NWS Jackson area - four due to exposure to the cold in Hinds, Sharkey, Warren, and Yazoo counties, and three in fire-related incidents in Adams, Leflore, and Jefferson counties. Additional injuries were reported in Grenada, Hinds, Sharkey, Smith, Warren, and Washington counties. At least 278 residences and nine businesses were damaged or destroyed in the Mississippi portion of our forecast area.",Wind chills across the county fell as low as -5 degrees during the early morning of January 26th.
MS-ACTION-2026-01-22-governor-reeves-issues-state-of-emergency-ahead-of-severe-,,Tate Reeves,Governor Reeves Issues State of Emergency Ahead of Severe Winter Weather,2026-01-22,https://governorreeves.ms.gov/wp-json/wp/v2/posts/1589,1312849,210142,2026-01-23 23:00:00,2026-01-25 11:00:00,Z,NWS forecast zone,13,LAFAYETTE,Ice Storm,,,0,0,8.00M,0.00K,Trained Spotter,"A significant winter weather event impacted the Mid-South from January 23rd through January 25th, 2026, driven by a classic southern-stream cyclone interacting with entrenched Arctic air across the region. A broad, positively tilted trough extending from the Central Plains into the Desert Southwest emerged on January 23rd. Downstream, strong surface high pressure was centered over the Midwest and Ohio Valley, promoting persistent cold air advection into the Lower Mississippi Valley and reinforcing a shallow subfreezing airmass.||Isentropic ascent intensified across the Mid-South beginning late January 23rd, as warm, moist air overran the shallow Arctic dome. This resulted in widespread precipitation developing from southwest to northeast across north Mississippi.||Thermal profiles across north Mississippi were marginal and vertically complex, with a well-pronounced warm nose between roughly 850���750 mb. This supported a mixed precipitation regime with crippling ice accumulations across portions of north Mississippi and large sleet accumulations across the Delta. ||The surface low that developed across Alabama was able to warm the surface in counties in closest proximity, resulting in mostly liquid precipitation in a few counties (Itawamba, Monroe, and Chickasaw), and there was even enough elevated instability for convective development. Liquid QPF values averaged over 3 inches, which led to crippling ice accumulations, especially from Oxford through Blue Mountain into Corinth. Widespread tree and scattered property damage occurred along with power outages that lasted several weeks in some locations across northeast Mississippi. Heavy sleet and snow resulted in transportation difficulties for up to two weeks across northwest Mississippi and widespread school cancellations.","Sleet and snow accumulation of 1 to 2 inches over the western part of Lafayette County, followed by 1/2 to 1 inch of ice over the entire county."
MS-ACTION-2026-01-22-governor-reeves-issues-state-of-emergency-ahead-of-severe-,,Tate Reeves,Governor Reeves Issues State of Emergency Ahead of Severe Winter Weather,2026-01-22,https://governorreeves.ms.gov/wp-json/wp/v2/posts/1589,1312956,210321,2026-01-24 05:00:00,2026-01-24 09:00:00,Z,NWS forecast zone,13,LAFAYETTE,Cold/Wind Chill,,,0,0,0.00K,0.00K,AWOS,"While the wintry precipitation created the initial impacts, it was the multi-day period of subfreezing temperatures that prolonged and, in many cases, worsened those impacts. The lack of meaningful thawing effectively extended the storm���s footprint from a 2���3 day event into a nearly week-long hazard across north Mississippi. Limited melting during the day and refreezing each night kept roads hazardous well beyond the end of precipitation, especially on secondary roads and bridges. Prolonged freezing temperatures increased the risk of burst pipes, particularly in homes and buildings without adequate insulation or during extended power outages. Ice-laden trees and infrastructure remained stressed in subfreezing conditions, slowing restoration efforts and prolonging outages in affected areas. The duration of cold posed risks for hypothermia and exposure, especially for vulnerable populations.",Minimum winds chill of 9F recorded.
MS-ACTION-2026-01-22-governor-reeves-issues-state-of-emergency-ahead-of-severe-,,Tate Reeves,Governor Reeves Issues State of Emergency Ahead of Severe Winter Weather,2026-01-22,https://governorreeves.ms.gov/wp-json/wp/v2/posts/1589,1315598,209652,2026-01-25 22:00:00,2026-01-26 09:00:00,Z,NWS forecast zone,73,LAMAR,Extreme Cold/Wind Chill,,,0,0,0.00K,0.00K,Official NWS Observations,"A historically damaging ice storm occurred from southwestern Mississippi northeast through the Delta region into North Mississippi. The corridor of heaviest ice accretion, with ice thickness measured at up to one inch, spanned from Sharkey and Issaquena counties and southern Washington County, through Humphreys, Holmes, and northwestern Yazoo counties, through Leflore, Carroll, and Grenada counties. Tree damage in this region was tremendous, and several homes were damaged or destroyed by falling trees. Travel impacts persisted through Friday, January 30th in some areas. More than 189,000 customers in Mississippi lost power during the peak of the storm with thousands of power poles broken. Full power restoration took more than two weeks in the hardest hit areas, and it took more than one week for some customers in Attala, Bolivar, Carroll Grenada, Holmes, Humphreys, Issaquena, Leflore, Madison, Montgomery, Sharkey, Sunflower, Warren, Washington, Webster and Yazoo counties. Some meters remained unpowered for three weeks in the hardest hit portions of our area. The loss of electricity and the very cold temperatures that followed resulted in the loss of water in several communities.||Significant sleet accumulations, as high as 2 to 3 inches occurred in parts of northwest Mississippi. In these areas, the weight of the accumulation resulted in the collapse of several sheds, carports, gas station awnings and the roofs of some buildings. Sleet remained on the ground across much of Bolivar, Sunflower, and Washington counties for an entire week, with some of the deeper sleet accumulations through Bolivar County persisting through at least Sunday, February 8th.||Bitter cold conditions followed the storm, with temperatures as low as 11 at Bluff Lake, 12 at Natchez and Starkville, 13 at Ackerman, Collins, Crystal Springs, Forest, and Golden Triangle Airport; 14 at Brookhaven, Canton, Columbia, Columbus AFB, Hawkins Field in Jackson, Louisville, Madison, Newton, and Philadelphia; 15 at Jackson International; 16 at Greenville, Indianola, Meridian, and Vicksburg; and 17 at Cleveland, Laurel, and Rolling Fork. Wind chills were as low as -1 at Greenville, 2 at Golden Triangle Airport, 3 at Louisville, 4 at Natchez; 5 at Columbus AFB, Hawkins Field in Jackson, and Vicksburg; 6 at Cleveland, Crystal Springs, Jackson, Meridian, and Starkville; 7 at Madison, 8 at Philadelphia, and 9 at Canton and Laurel. Note: At several area weather stations, the lowest wind chill was unavailable because the anemometer was frozen and unable to record wind speed data.||Severn deaths occurred in the Mississippi counties in the NWS Jackson area - four due to exposure to the cold in Hinds, Sharkey, Warren, and Yazoo counties, and three in fire-related incidents in Adams, Leflore, and Jefferson counties. Additional injuries were reported in Grenada, Hinds, Sharkey, Smith, Warren, and Washington counties. At least 278 residences and nine businesses were damaged or destroyed in the Mississippi portion of our forecast area.",Wind chills across the county fell as low as 0 degrees during the early morning of January 26th.
MS-ACTION-2026-01-22-governor-reeves-issues-state-of-emergency-ahead-of-severe-,,Tate Reeves,Governor Reeves Issues State of Emergency Ahead of Severe Winter Weather,2026-01-22,https://governorreeves.ms.gov/wp-json/wp/v2/posts/1589,1315582,209652,2026-01-25 23:00:00,2026-01-26 09:00:00,Z,NWS forecast zone,52,LAUDERDALE,Extreme Cold/Wind Chill,,,0,0,0.00K,0.00K,Official NWS Observations,"A historically damaging ice storm occurred from southwestern Mississippi northeast through the Delta region into North Mississippi. The corridor of heaviest ice accretion, with ice thickness measured at up to one inch, spanned from Sharkey and Issaquena counties and southern Washington County, through Humphreys, Holmes, and northwestern Yazoo counties, through Leflore, Carroll, and Grenada counties. Tree damage in this region was tremendous, and several homes were damaged or destroyed by falling trees. Travel impacts persisted through Friday, January 30th in some areas. More than 189,000 customers in Mississippi lost power during the peak of the storm with thousands of power poles broken. Full power restoration took more than two weeks in the hardest hit areas, and it took more than one week for some customers in Attala, Bolivar, Carroll Grenada, Holmes, Humphreys, Issaquena, Leflore, Madison, Montgomery, Sharkey, Sunflower, Warren, Washington, Webster and Yazoo counties. Some meters remained unpowered for three weeks in the hardest hit portions of our area. The loss of electricity and the very cold temperatures that followed resulted in the loss of water in several communities.||Significant sleet accumulations, as high as 2 to 3 inches occurred in parts of northwest Mississippi. In these areas, the weight of the accumulation resulted in the collapse of several sheds, carports, gas station awnings and the roofs of some buildings. Sleet remained on the ground across much of Bolivar, Sunflower, and Washington counties for an entire week, with some of the deeper sleet accumulations through Bolivar County persisting through at least Sunday, February 8th.||Bitter cold conditions followed the storm, with temperatures as low as 11 at Bluff Lake, 12 at Natchez and Starkville, 13 at Ackerman, Collins, Crystal Springs, Forest, and Golden Triangle Airport; 14 at Brookhaven, Canton, Columbia, Columbus AFB, Hawkins Field in Jackson, Louisville, Madison, Newton, and Philadelphia; 15 at Jackson International; 16 at Greenville, Indianola, Meridian, and Vicksburg; and 17 at Cleveland, Laurel, and Rolling Fork. Wind chills were as low as -1 at Greenville, 2 at Golden Triangle Airport, 3 at Louisville, 4 at Natchez; 5 at Columbus AFB, Hawkins Field in Jackson, and Vicksburg; 6 at Cleveland, Crystal Springs, Jackson, Meridian, and Starkville; 7 at Madison, 8 at Philadelphia, and 9 at Canton and Laurel. Note: At several area weather stations, the lowest wind chill was unavailable because the anemometer was frozen and unable to record wind speed data.||Severn deaths occurred in the Mississippi counties in the NWS Jackson area - four due to exposure to the cold in Hinds, Sharkey, Warren, and Yazoo counties, and three in fire-related incidents in Adams, Leflore, and Jefferson counties. Additional injuries were reported in Grenada, Hinds, Sharkey, Smith, Warren, and Washington counties. At least 278 residences and nine businesses were damaged or destroyed in the Mississippi portion of our forecast area.",Wind chills across the county fell as low as -5 degrees during the early morning of January 26th.
MS-ACTION-2026-01-22-governor-reeves-issues-state-of-emergency-ahead-of-severe-,,Tate Reeves,Governor Reeves Issues State of Emergency Ahead of Severe Winter Weather,2026-01-22,https://governorreeves.ms.gov/wp-json/wp/v2/posts/1589,1315573,209652,2026-01-25 20:00:00,2026-01-26 09:00:00,Z,NWS forecast zone,44,LEAKE,Extreme Cold/Wind Chill,,,0,0,0.00K,0.00K,Official NWS Observations,"A historically damaging ice storm occurred from southwestern Mississippi northeast through the Delta region into North Mississippi. The corridor of heaviest ice accretion, with ice thickness measured at up to one inch, spanned from Sharkey and Issaquena counties and southern Washington County, through Humphreys, Holmes, and northwestern Yazoo counties, through Leflore, Carroll, and Grenada counties. Tree damage in this region was tremendous, and several homes were damaged or destroyed by falling trees. Travel impacts persisted through Friday, January 30th in some areas. More than 189,000 customers in Mississippi lost power during the peak of the storm with thousands of power poles broken. Full power restoration took more than two weeks in the hardest hit areas, and it took more than one week for some customers in Attala, Bolivar, Carroll Grenada, Holmes, Humphreys, Issaquena, Leflore, Madison, Montgomery, Sharkey, Sunflower, Warren, Washington, Webster and Yazoo counties. Some meters remained unpowered for three weeks in the hardest hit portions of our area. The loss of electricity and the very cold temperatures that followed resulted in the loss of water in several communities.||Significant sleet accumulations, as high as 2 to 3 inches occurred in parts of northwest Mississippi. In these areas, the weight of the accumulation resulted in the collapse of several sheds, carports, gas station awnings and the roofs of some buildings. Sleet remained on the ground across much of Bolivar, Sunflower, and Washington counties for an entire week, with some of the deeper sleet accumulations through Bolivar County persisting through at least Sunday, February 8th.||Bitter cold conditions followed the storm, with temperatures as low as 11 at Bluff Lake, 12 at Natchez and Starkville, 13 at Ackerman, Collins, Crystal Springs, Forest, and Golden Triangle Airport; 14 at Brookhaven, Canton, Columbia, Columbus AFB, Hawkins Field in Jackson, Louisville, Madison, Newton, and Philadelphia; 15 at Jackson International; 16 at Greenville, Indianola, Meridian, and Vicksburg; and 17 at Cleveland, Laurel, and Rolling Fork. Wind chills were as low as -1 at Greenville, 2 at Golden Triangle Airport, 3 at Louisville, 4 at Natchez; 5 at Columbus AFB, Hawkins Field in Jackson, and Vicksburg; 6 at Cleveland, Crystal Springs, Jackson, Meridian, and Starkville; 7 at Madison, 8 at Philadelphia, and 9 at Canton and Laurel. Note: At several area weather stations, the lowest wind chill was unavailable because the anemometer was frozen and unable to record wind speed data.||Severn deaths occurred in the Mississippi counties in the NWS Jackson area - four due to exposure to the cold in Hinds, Sharkey, Warren, and Yazoo counties, and three in fire-related incidents in Adams, Leflore, and Jefferson counties. Additional injuries were reported in Grenada, Hinds, Sharkey, Smith, Warren, and Washington counties. At least 278 residences and nine businesses were damaged or destroyed in the Mississippi portion of our forecast area.",Wind chills across the county fell as low as -5 degrees during the early morning of January 26th.
MS-ACTION-2026-01-22-governor-reeves-issues-state-of-emergency-ahead-of-severe-,,Tate Reeves,Governor Reeves Issues State of Emergency Ahead of Severe Winter Weather,2026-01-22,https://governorreeves.ms.gov/wp-json/wp/v2/posts/1589,1313053,210142,2026-01-24 02:00:00,2026-01-25 13:00:00,Z,NWS forecast zone,16,LEE,Ice Storm,,,0,0,50.00K,0.00K,Trained Spotter,"A significant winter weather event impacted the Mid-South from January 23rd through January 25th, 2026, driven by a classic southern-stream cyclone interacting with entrenched Arctic air across the region. A broad, positively tilted trough extending from the Central Plains into the Desert Southwest emerged on January 23rd. Downstream, strong surface high pressure was centered over the Midwest and Ohio Valley, promoting persistent cold air advection into the Lower Mississippi Valley and reinforcing a shallow subfreezing airmass.||Isentropic ascent intensified across the Mid-South beginning late January 23rd, as warm, moist air overran the shallow Arctic dome. This resulted in widespread precipitation developing from southwest to northeast across north Mississippi.||Thermal profiles across north Mississippi were marginal and vertically complex, with a well-pronounced warm nose between roughly 850���750 mb. This supported a mixed precipitation regime with crippling ice accumulations across portions of north Mississippi and large sleet accumulations across the Delta. ||The surface low that developed across Alabama was able to warm the surface in counties in closest proximity, resulting in mostly liquid precipitation in a few counties (Itawamba, Monroe, and Chickasaw), and there was even enough elevated instability for convective development. Liquid QPF values averaged over 3 inches, which led to crippling ice accumulations, especially from Oxford through Blue Mountain into Corinth. Widespread tree and scattered property damage occurred along with power outages that lasted several weeks in some locations across northeast Mississippi. Heavy sleet and snow resulted in transportation difficulties for up to two weeks across northwest Mississippi and widespread school cancellations.","Sleet accumulation up to 1/2 inch, followed by 1/4 inch of ice across the northern part of Lee County."
MS-ACTION-2026-01-22-governor-reeves-issues-state-of-emergency-ahead-of-severe-,,Tate Reeves,Governor Reeves Issues State of Emergency Ahead of Severe Winter Weather,2026-01-22,https://governorreeves.ms.gov/wp-json/wp/v2/posts/1589,1311115,209652,2026-01-24 07:10:00,2026-01-25 10:00:00,Z,NWS forecast zone,25,LEFLORE,Ice Storm,,,0,0,,,Broadcast Media,"A historically damaging ice storm occurred from southwestern Mississippi northeast through the Delta region into North Mississippi. The corridor of heaviest ice accretion, with ice thickness measured at up to one inch, spanned from Sharkey and Issaquena counties and southern Washington County, through Humphreys, Holmes, and northwestern Yazoo counties, through Leflore, Carroll, and Grenada counties. Tree damage in this region was tremendous, and several homes were damaged or destroyed by falling trees. Travel impacts persisted through Friday, January 30th in some areas. More than 189,000 customers in Mississippi lost power during the peak of the storm with thousands of power poles broken. Full power restoration took more than two weeks in the hardest hit areas, and it took more than one week for some customers in Attala, Bolivar, Carroll Grenada, Holmes, Humphreys, Issaquena, Leflore, Madison, Montgomery, Sharkey, Sunflower, Warren, Washington, Webster and Yazoo counties. Some meters remained unpowered for three weeks in the hardest hit portions of our area. The loss of electricity and the very cold temperatures that followed resulted in the loss of water in several communities.||Significant sleet accumulations, as high as 2 to 3 inches occurred in parts of northwest Mississippi. In these areas, the weight of the accumulation resulted in the collapse of several sheds, carports, gas station awnings and the roofs of some buildings. Sleet remained on the ground across much of Bolivar, Sunflower, and Washington counties for an entire week, with some of the deeper sleet accumulations through Bolivar County persisting through at least Sunday, February 8th.||Bitter cold conditions followed the storm, with temperatures as low as 11 at Bluff Lake, 12 at Natchez and Starkville, 13 at Ackerman, Collins, Crystal Springs, Forest, and Golden Triangle Airport; 14 at Brookhaven, Canton, Columbia, Columbus AFB, Hawkins Field in Jackson, Louisville, Madison, Newton, and Philadelphia; 15 at Jackson International; 16 at Greenville, Indianola, Meridian, and Vicksburg; and 17 at Cleveland, Laurel, and Rolling Fork. Wind chills were as low as -1 at Greenville, 2 at Golden Triangle Airport, 3 at Louisville, 4 at Natchez; 5 at Columbus AFB, Hawkins Field in Jackson, and Vicksburg; 6 at Cleveland, Crystal Springs, Jackson, Meridian, and Starkville; 7 at Madison, 8 at Philadelphia, and 9 at Canton and Laurel. Note: At several area weather stations, the lowest wind chill was unavailable because the anemometer was frozen and unable to record wind speed data.||Severn deaths occurred in the Mississippi counties in the NWS Jackson area - four due to exposure to the cold in Hinds, Sharkey, Warren, and Yazoo counties, and three in fire-related incidents in Adams, Leflore, and Jefferson counties. Additional injuries were reported in Grenada, Hinds, Sharkey, Smith, Warren, and Washington counties. At least 278 residences and nine businesses were damaged or destroyed in the Mississippi portion of our forecast area.",Estimate of 0.5 inch of accumulated freezing rain in Greenwood with downed trees and powerlines with thick ice cover.
MS-ACTION-2026-01-22-governor-reeves-issues-state-of-emergency-ahead-of-severe-,,Tate Reeves,Governor Reeves Issues State of Emergency Ahead of Severe Winter Weather,2026-01-22,https://governorreeves.ms.gov/wp-json/wp/v2/posts/1589,1315352,209652,2026-01-25 07:00:00,2026-01-25 11:00:00,Z,NWS forecast zone,62,LINCOLN,Winter Weather,,,0,0,0.00K,0.00K,Emergency Manager,"A historically damaging ice storm occurred from southwestern Mississippi northeast through the Delta region into North Mississippi. The corridor of heaviest ice accretion, with ice thickness measured at up to one inch, spanned from Sharkey and Issaquena counties and southern Washington County, through Humphreys, Holmes, and northwestern Yazoo counties, through Leflore, Carroll, and Grenada counties. Tree damage in this region was tremendous, and several homes were damaged or destroyed by falling trees. Travel impacts persisted through Friday, January 30th in some areas. More than 189,000 customers in Mississippi lost power during the peak of the storm with thousands of power poles broken. Full power restoration took more than two weeks in the hardest hit areas, and it took more than one week for some customers in Attala, Bolivar, Carroll Grenada, Holmes, Humphreys, Issaquena, Leflore, Madison, Montgomery, Sharkey, Sunflower, Warren, Washington, Webster and Yazoo counties. Some meters remained unpowered for three weeks in the hardest hit portions of our area. The loss of electricity and the very cold temperatures that followed resulted in the loss of water in several communities.||Significant sleet accumulations, as high as 2 to 3 inches occurred in parts of northwest Mississippi. In these areas, the weight of the accumulation resulted in the collapse of several sheds, carports, gas station awnings and the roofs of some buildings. Sleet remained on the ground across much of Bolivar, Sunflower, and Washington counties for an entire week, with some of the deeper sleet accumulations through Bolivar County persisting through at least Sunday, February 8th.||Bitter cold conditions followed the storm, with temperatures as low as 11 at Bluff Lake, 12 at Natchez and Starkville, 13 at Ackerman, Collins, Crystal Springs, Forest, and Golden Triangle Airport; 14 at Brookhaven, Canton, Columbia, Columbus AFB, Hawkins Field in Jackson, Louisville, Madison, Newton, and Philadelphia; 15 at Jackson International; 16 at Greenville, Indianola, Meridian, and Vicksburg; and 17 at Cleveland, Laurel, and Rolling Fork. Wind chills were as low as -1 at Greenville, 2 at Golden Triangle Airport, 3 at Louisville, 4 at Natchez; 5 at Columbus AFB, Hawkins Field in Jackson, and Vicksburg; 6 at Cleveland, Crystal Springs, Jackson, Meridian, and Starkville; 7 at Madison, 8 at Philadelphia, and 9 at Canton and Laurel. Note: At several area weather stations, the lowest wind chill was unavailable because the anemometer was frozen and unable to record wind speed data.||Severn deaths occurred in the Mississippi counties in the NWS Jackson area - four due to exposure to the cold in Hinds, Sharkey, Warren, and Yazoo counties, and three in fire-related incidents in Adams, Leflore, and Jefferson counties. Additional injuries were reported in Grenada, Hinds, Sharkey, Smith, Warren, and Washington counties. At least 278 residences and nine businesses were damaged or destroyed in the Mississippi portion of our forecast area.",Light ice accumulations of up to around 0.15 inches occurred on trees and bridges in the county.
MS-ACTION-2026-01-22-governor-reeves-issues-state-of-emergency-ahead-of-severe-,,Tate Reeves,Governor Reeves Issues State of Emergency Ahead of Severe Winter Weather,2026-01-22,https://governorreeves.ms.gov/wp-json/wp/v2/posts/1589,1315592,209652,2026-01-25 23:00:00,2026-01-26 09:00:00,Z,NWS forecast zone,62,LINCOLN,Extreme Cold/Wind Chill,,,0,0,0.00K,0.00K,Official NWS Observations,"A historically damaging ice storm occurred from southwestern Mississippi northeast through the Delta region into North Mississippi. The corridor of heaviest ice accretion, with ice thickness measured at up to one inch, spanned from Sharkey and Issaquena counties and southern Washington County, through Humphreys, Holmes, and northwestern Yazoo counties, through Leflore, Carroll, and Grenada counties. Tree damage in this region was tremendous, and several homes were damaged or destroyed by falling trees. Travel impacts persisted through Friday, January 30th in some areas. More than 189,000 customers in Mississippi lost power during the peak of the storm with thousands of power poles broken. Full power restoration took more than two weeks in the hardest hit areas, and it took more than one week for some customers in Attala, Bolivar, Carroll Grenada, Holmes, Humphreys, Issaquena, Leflore, Madison, Montgomery, Sharkey, Sunflower, Warren, Washington, Webster and Yazoo counties. Some meters remained unpowered for three weeks in the hardest hit portions of our area. The loss of electricity and the very cold temperatures that followed resulted in the loss of water in several communities.||Significant sleet accumulations, as high as 2 to 3 inches occurred in parts of northwest Mississippi. In these areas, the weight of the accumulation resulted in the collapse of several sheds, carports, gas station awnings and the roofs of some buildings. Sleet remained on the ground across much of Bolivar, Sunflower, and Washington counties for an entire week, with some of the deeper sleet accumulations through Bolivar County persisting through at least Sunday, February 8th.||Bitter cold conditions followed the storm, with temperatures as low as 11 at Bluff Lake, 12 at Natchez and Starkville, 13 at Ackerman, Collins, Crystal Springs, Forest, and Golden Triangle Airport; 14 at Brookhaven, Canton, Columbia, Columbus AFB, Hawkins Field in Jackson, Louisville, Madison, Newton, and Philadelphia; 15 at Jackson International; 16 at Greenville, Indianola, Meridian, and Vicksburg; and 17 at Cleveland, Laurel, and Rolling Fork. Wind chills were as low as -1 at Greenville, 2 at Golden Triangle Airport, 3 at Louisville, 4 at Natchez; 5 at Columbus AFB, Hawkins Field in Jackson, and Vicksburg; 6 at Cleveland, Crystal Springs, Jackson, Meridian, and Starkville; 7 at Madison, 8 at Philadelphia, and 9 at Canton and Laurel. Note: At several area weather stations, the lowest wind chill was unavailable because the anemometer was frozen and unable to record wind speed data.||Severn deaths occurred in the Mississippi counties in the NWS Jackson area - four due to exposure to the cold in Hinds, Sharkey, Warren, and Yazoo counties, and three in fire-related incidents in Adams, Leflore, and Jefferson counties. Additional injuries were reported in Grenada, Hinds, Sharkey, Smith, Warren, and Washington counties. At least 278 residences and nine businesses were damaged or destroyed in the Mississippi portion of our forecast area.",Wind chills across the county fell as low as 0 degrees during the early morning of January 26th. A female died in a house fire during this cold weather event.
MS-ACTION-2026-01-22-governor-reeves-issues-state-of-emergency-ahead-of-severe-,,Tate Reeves,Governor Reeves Issues State of Emergency Ahead of Severe Winter Weather,2026-01-22,https://governorreeves.ms.gov/wp-json/wp/v2/posts/1589,1311125,209652,2026-01-25 02:58:00,2026-01-25 11:30:00,Z,NWS forecast zone,43,MADISON,Ice Storm,,,0,0,0.00K,0.00K,Utility Company,"A historically damaging ice storm occurred from southwestern Mississippi northeast through the Delta region into North Mississippi. The corridor of heaviest ice accretion, with ice thickness measured at up to one inch, spanned from Sharkey and Issaquena counties and southern Washington County, through Humphreys, Holmes, and northwestern Yazoo counties, through Leflore, Carroll, and Grenada counties. Tree damage in this region was tremendous, and several homes were damaged or destroyed by falling trees. Travel impacts persisted through Friday, January 30th in some areas. More than 189,000 customers in Mississippi lost power during the peak of the storm with thousands of power poles broken. Full power restoration took more than two weeks in the hardest hit areas, and it took more than one week for some customers in Attala, Bolivar, Carroll Grenada, Holmes, Humphreys, Issaquena, Leflore, Madison, Montgomery, Sharkey, Sunflower, Warren, Washington, Webster and Yazoo counties. Some meters remained unpowered for three weeks in the hardest hit portions of our area. The loss of electricity and the very cold temperatures that followed resulted in the loss of water in several communities.||Significant sleet accumulations, as high as 2 to 3 inches occurred in parts of northwest Mississippi. In these areas, the weight of the accumulation resulted in the collapse of several sheds, carports, gas station awnings and the roofs of some buildings. Sleet remained on the ground across much of Bolivar, Sunflower, and Washington counties for an entire week, with some of the deeper sleet accumulations through Bolivar County persisting through at least Sunday, February 8th.||Bitter cold conditions followed the storm, with temperatures as low as 11 at Bluff Lake, 12 at Natchez and Starkville, 13 at Ackerman, Collins, Crystal Springs, Forest, and Golden Triangle Airport; 14 at Brookhaven, Canton, Columbia, Columbus AFB, Hawkins Field in Jackson, Louisville, Madison, Newton, and Philadelphia; 15 at Jackson International; 16 at Greenville, Indianola, Meridian, and Vicksburg; and 17 at Cleveland, Laurel, and Rolling Fork. Wind chills were as low as -1 at Greenville, 2 at Golden Triangle Airport, 3 at Louisville, 4 at Natchez; 5 at Columbus AFB, Hawkins Field in Jackson, and Vicksburg; 6 at Cleveland, Crystal Springs, Jackson, Meridian, and Starkville; 7 at Madison, 8 at Philadelphia, and 9 at Canton and Laurel. Note: At several area weather stations, the lowest wind chill was unavailable because the anemometer was frozen and unable to record wind speed data.||Severn deaths occurred in the Mississippi counties in the NWS Jackson area - four due to exposure to the cold in Hinds, Sharkey, Warren, and Yazoo counties, and three in fire-related incidents in Adams, Leflore, and Jefferson counties. Additional injuries were reported in Grenada, Hinds, Sharkey, Smith, Warren, and Washington counties. At least 278 residences and nine businesses were damaged or destroyed in the Mississippi portion of our forecast area.",Icing was observed in trees and powerlines. Trees and lines were down in western parts of the county. Estimated freezing rain accumulation was 0.25 inch.
MS-ACTION-2026-01-22-governor-reeves-issues-state-of-emergency-ahead-of-severe-,,Tate Reeves,Governor Reeves Issues State of Emergency Ahead of Severe Winter Weather,2026-01-22,https://governorreeves.ms.gov/wp-json/wp/v2/posts/1589,1315572,209652,2026-01-25 19:00:00,2026-01-26 10:00:00,Z,NWS forecast zone,43,MADISON,Extreme Cold/Wind Chill,,,0,0,0.00K,0.00K,Official NWS Observations,"A historically damaging ice storm occurred from southwestern Mississippi northeast through the Delta region into North Mississippi. The corridor of heaviest ice accretion, with ice thickness measured at up to one inch, spanned from Sharkey and Issaquena counties and southern Washington County, through Humphreys, Holmes, and northwestern Yazoo counties, through Leflore, Carroll, and Grenada counties. Tree damage in this region was tremendous, and several homes were damaged or destroyed by falling trees. Travel impacts persisted through Friday, January 30th in some areas. More than 189,000 customers in Mississippi lost power during the peak of the storm with thousands of power poles broken. Full power restoration took more than two weeks in the hardest hit areas, and it took more than one week for some customers in Attala, Bolivar, Carroll Grenada, Holmes, Humphreys, Issaquena, Leflore, Madison, Montgomery, Sharkey, Sunflower, Warren, Washington, Webster and Yazoo counties. Some meters remained unpowered for three weeks in the hardest hit portions of our area. The loss of electricity and the very cold temperatures that followed resulted in the loss of water in several communities.||Significant sleet accumulations, as high as 2 to 3 inches occurred in parts of northwest Mississippi. In these areas, the weight of the accumulation resulted in the collapse of several sheds, carports, gas station awnings and the roofs of some buildings. Sleet remained on the ground across much of Bolivar, Sunflower, and Washington counties for an entire week, with some of the deeper sleet accumulations through Bolivar County persisting through at least Sunday, February 8th.||Bitter cold conditions followed the storm, with temperatures as low as 11 at Bluff Lake, 12 at Natchez and Starkville, 13 at Ackerman, Collins, Crystal Springs, Forest, and Golden Triangle Airport; 14 at Brookhaven, Canton, Columbia, Columbus AFB, Hawkins Field in Jackson, Louisville, Madison, Newton, and Philadelphia; 15 at Jackson International; 16 at Greenville, Indianola, Meridian, and Vicksburg; and 17 at Cleveland, Laurel, and Rolling Fork. Wind chills were as low as -1 at Greenville, 2 at Golden Triangle Airport, 3 at Louisville, 4 at Natchez; 5 at Columbus AFB, Hawkins Field in Jackson, and Vicksburg; 6 at Cleveland, Crystal Springs, Jackson, Meridian, and Starkville; 7 at Madison, 8 at Philadelphia, and 9 at Canton and Laurel. Note: At several area weather stations, the lowest wind chill was unavailable because the anemometer was frozen and unable to record wind speed data.||Severn deaths occurred in the Mississippi counties in the NWS Jackson area - four due to exposure to the cold in Hinds, Sharkey, Warren, and Yazoo counties, and three in fire-related incidents in Adams, Leflore, and Jefferson counties. Additional injuries were reported in Grenada, Hinds, Sharkey, Smith, Warren, and Washington counties. At least 278 residences and nine businesses were damaged or destroyed in the Mississippi portion of our forecast area.",Wind chills across the county fell as low as -5 degrees during the early morning of January 26th.
MS-ACTION-2026-01-22-governor-reeves-issues-state-of-emergency-ahead-of-severe-,,Tate Reeves,Governor Reeves Issues State of Emergency Ahead of Severe Winter Weather,2026-01-22,https://governorreeves.ms.gov/wp-json/wp/v2/posts/1589,1315597,209652,2026-01-25 22:00:00,2026-01-26 09:00:00,Z,NWS forecast zone,72,MARION,Extreme Cold/Wind Chill,,,0,0,0.00K,0.00K,Official NWS Observations,"A historically damaging ice storm occurred from southwestern Mississippi northeast through the Delta region into North Mississippi. The corridor of heaviest ice accretion, with ice thickness measured at up to one inch, spanned from Sharkey and Issaquena counties and southern Washington County, through Humphreys, Holmes, and northwestern Yazoo counties, through Leflore, Carroll, and Grenada counties. Tree damage in this region was tremendous, and several homes were damaged or destroyed by falling trees. Travel impacts persisted through Friday, January 30th in some areas. More than 189,000 customers in Mississippi lost power during the peak of the storm with thousands of power poles broken. Full power restoration took more than two weeks in the hardest hit areas, and it took more than one week for some customers in Attala, Bolivar, Carroll Grenada, Holmes, Humphreys, Issaquena, Leflore, Madison, Montgomery, Sharkey, Sunflower, Warren, Washington, Webster and Yazoo counties. Some meters remained unpowered for three weeks in the hardest hit portions of our area. The loss of electricity and the very cold temperatures that followed resulted in the loss of water in several communities.||Significant sleet accumulations, as high as 2 to 3 inches occurred in parts of northwest Mississippi. In these areas, the weight of the accumulation resulted in the collapse of several sheds, carports, gas station awnings and the roofs of some buildings. Sleet remained on the ground across much of Bolivar, Sunflower, and Washington counties for an entire week, with some of the deeper sleet accumulations through Bolivar County persisting through at least Sunday, February 8th.||Bitter cold conditions followed the storm, with temperatures as low as 11 at Bluff Lake, 12 at Natchez and Starkville, 13 at Ackerman, Collins, Crystal Springs, Forest, and Golden Triangle Airport; 14 at Brookhaven, Canton, Columbia, Columbus AFB, Hawkins Field in Jackson, Louisville, Madison, Newton, and Philadelphia; 15 at Jackson International; 16 at Greenville, Indianola, Meridian, and Vicksburg; and 17 at Cleveland, Laurel, and Rolling Fork. Wind chills were as low as -1 at Greenville, 2 at Golden Triangle Airport, 3 at Louisville, 4 at Natchez; 5 at Columbus AFB, Hawkins Field in Jackson, and Vicksburg; 6 at Cleveland, Crystal Springs, Jackson, Meridian, and Starkville; 7 at Madison, 8 at Philadelphia, and 9 at Canton and Laurel. Note: At several area weather stations, the lowest wind chill was unavailable because the anemometer was frozen and unable to record wind speed data.||Severn deaths occurred in the Mississippi counties in the NWS Jackson area - four due to exposure to the cold in Hinds, Sharkey, Warren, and Yazoo counties, and three in fire-related incidents in Adams, Leflore, and Jefferson counties. Additional injuries were reported in Grenada, Hinds, Sharkey, Smith, Warren, and Washington counties. At least 278 residences and nine businesses were damaged or destroyed in the Mississippi portion of our forecast area.",Wind chills across the county fell as low as 0 degrees during the early morning of January 26th.
MS-ACTION-2026-01-22-governor-reeves-issues-state-of-emergency-ahead-of-severe-,,Tate Reeves,Governor Reeves Issues State of Emergency Ahead of Severe Winter Weather,2026-01-22,https://governorreeves.ms.gov/wp-json/wp/v2/posts/1589,1312852,210142,2026-01-23 23:00:00,2026-01-25 11:00:00,Z,NWS forecast zone,2,MARSHALL,Ice Storm,,,0,0,1.80M,0.00K,Trained Spotter,"A significant winter weather event impacted the Mid-South from January 23rd through January 25th, 2026, driven by a classic southern-stream cyclone interacting with entrenched Arctic air across the region. A broad, positively tilted trough extending from the Central Plains into the Desert Southwest emerged on January 23rd. Downstream, strong surface high pressure was centered over the Midwest and Ohio Valley, promoting persistent cold air advection into the Lower Mississippi Valley and reinforcing a shallow subfreezing airmass.||Isentropic ascent intensified across the Mid-South beginning late January 23rd, as warm, moist air overran the shallow Arctic dome. This resulted in widespread precipitation developing from southwest to northeast across north Mississippi.||Thermal profiles across north Mississippi were marginal and vertically complex, with a well-pronounced warm nose between roughly 850���750 mb. This supported a mixed precipitation regime with crippling ice accumulations across portions of north Mississippi and large sleet accumulations across the Delta. ||The surface low that developed across Alabama was able to warm the surface in counties in closest proximity, resulting in mostly liquid precipitation in a few counties (Itawamba, Monroe, and Chickasaw), and there was even enough elevated instability for convective development. Liquid QPF values averaged over 3 inches, which led to crippling ice accumulations, especially from Oxford through Blue Mountain into Corinth. Widespread tree and scattered property damage occurred along with power outages that lasted several weeks in some locations across northeast Mississippi. Heavy sleet and snow resulted in transportation difficulties for up to two weeks across northwest Mississippi and widespread school cancellations.","Sleet and snow accumulation of 1 to 4 inches, followed by 1/4 to 1/2 inch of ice across the southern and eastern part of Marshall County."
MS-ACTION-2026-01-22-governor-reeves-issues-state-of-emergency-ahead-of-severe-,,Tate Reeves,Governor Reeves Issues State of Emergency Ahead of Severe Winter Weather,2026-01-22,https://governorreeves.ms.gov/wp-json/wp/v2/posts/1589,1312957,210321,2026-01-24 05:00:00,2026-01-24 09:00:00,Z,NWS forecast zone,2,MARSHALL,Cold/Wind Chill,,,0,0,0.00K,0.00K,AWOS,"While the wintry precipitation created the initial impacts, it was the multi-day period of subfreezing temperatures that prolonged and, in many cases, worsened those impacts. The lack of meaningful thawing effectively extended the storm���s footprint from a 2���3 day event into a nearly week-long hazard across north Mississippi. Limited melting during the day and refreezing each night kept roads hazardous well beyond the end of precipitation, especially on secondary roads and bridges. Prolonged freezing temperatures increased the risk of burst pipes, particularly in homes and buildings without adequate insulation or during extended power outages. Ice-laden trees and infrastructure remained stressed in subfreezing conditions, slowing restoration efforts and prolonging outages in affected areas. The duration of cold posed risks for hypothermia and exposure, especially for vulnerable populations.",Minimum winds chill of 5F recorded.
MS-ACTION-2026-01-22-governor-reeves-issues-state-of-emergency-ahead-of-severe-,,Tate Reeves,Governor Reeves Issues State of Emergency Ahead of Severe Winter Weather,2026-01-22,https://governorreeves.ms.gov/wp-json/wp/v2/posts/1589,1313421,210142,2026-01-24 02:00:00,2026-01-25 13:00:00,Z,NWS forecast zone,24,MONROE,Winter Weather,,,0,0,0.00K,0.00K,Trained Spotter,"A significant winter weather event impacted the Mid-South from January 23rd through January 25th, 2026, driven by a classic southern-stream cyclone interacting with entrenched Arctic air across the region. A broad, positively tilted trough extending from the Central Plains into the Desert Southwest emerged on January 23rd. Downstream, strong surface high pressure was centered over the Midwest and Ohio Valley, promoting persistent cold air advection into the Lower Mississippi Valley and reinforcing a shallow subfreezing airmass.||Isentropic ascent intensified across the Mid-South beginning late January 23rd, as warm, moist air overran the shallow Arctic dome. This resulted in widespread precipitation developing from southwest to northeast across north Mississippi.||Thermal profiles across north Mississippi were marginal and vertically complex, with a well-pronounced warm nose between roughly 850���750 mb. This supported a mixed precipitation regime with crippling ice accumulations across portions of north Mississippi and large sleet accumulations across the Delta. ||The surface low that developed across Alabama was able to warm the surface in counties in closest proximity, resulting in mostly liquid precipitation in a few counties (Itawamba, Monroe, and Chickasaw), and there was even enough elevated instability for convective development. Liquid QPF values averaged over 3 inches, which led to crippling ice accumulations, especially from Oxford through Blue Mountain into Corinth. Widespread tree and scattered property damage occurred along with power outages that lasted several weeks in some locations across northeast Mississippi. Heavy sleet and snow resulted in transportation difficulties for up to two weeks across northwest Mississippi and widespread school cancellations.",Around one-tenth inch of sleet and less than one-tenth inch of ice fell across the northern section of Monroe County.
MS-ACTION-2026-01-22-governor-reeves-issues-state-of-emergency-ahead-of-severe-,,Tate Reeves,Governor Reeves Issues State of Emergency Ahead of Severe Winter Weather,2026-01-22,https://governorreeves.ms.gov/wp-json/wp/v2/posts/1589,1311117,209652,2026-01-24 13:45:00,2026-01-25 12:00:00,Z,NWS forecast zone,28,MONTGOMERY,Ice Storm,,,0,0,0.00K,0.00K,Emergency Manager,"A historically damaging ice storm occurred from southwestern Mississippi northeast through the Delta region into North Mississippi. The corridor of heaviest ice accretion, with ice thickness measured at up to one inch, spanned from Sharkey and Issaquena counties and southern Washington County, through Humphreys, Holmes, and northwestern Yazoo counties, through Leflore, Carroll, and Grenada counties. Tree damage in this region was tremendous, and several homes were damaged or destroyed by falling trees. Travel impacts persisted through Friday, January 30th in some areas. More than 189,000 customers in Mississippi lost power during the peak of the storm with thousands of power poles broken. Full power restoration took more than two weeks in the hardest hit areas, and it took more than one week for some customers in Attala, Bolivar, Carroll Grenada, Holmes, Humphreys, Issaquena, Leflore, Madison, Montgomery, Sharkey, Sunflower, Warren, Washington, Webster and Yazoo counties. Some meters remained unpowered for three weeks in the hardest hit portions of our area. The loss of electricity and the very cold temperatures that followed resulted in the loss of water in several communities.||Significant sleet accumulations, as high as 2 to 3 inches occurred in parts of northwest Mississippi. In these areas, the weight of the accumulation resulted in the collapse of several sheds, carports, gas station awnings and the roofs of some buildings. Sleet remained on the ground across much of Bolivar, Sunflower, and Washington counties for an entire week, with some of the deeper sleet accumulations through Bolivar County persisting through at least Sunday, February 8th.||Bitter cold conditions followed the storm, with temperatures as low as 11 at Bluff Lake, 12 at Natchez and Starkville, 13 at Ackerman, Collins, Crystal Springs, Forest, and Golden Triangle Airport; 14 at Brookhaven, Canton, Columbia, Columbus AFB, Hawkins Field in Jackson, Louisville, Madison, Newton, and Philadelphia; 15 at Jackson International; 16 at Greenville, Indianola, Meridian, and Vicksburg; and 17 at Cleveland, Laurel, and Rolling Fork. Wind chills were as low as -1 at Greenville, 2 at Golden Triangle Airport, 3 at Louisville, 4 at Natchez; 5 at Columbus AFB, Hawkins Field in Jackson, and Vicksburg; 6 at Cleveland, Crystal Springs, Jackson, Meridian, and Starkville; 7 at Madison, 8 at Philadelphia, and 9 at Canton and Laurel. Note: At several area weather stations, the lowest wind chill was unavailable because the anemometer was frozen and unable to record wind speed data.||Severn deaths occurred in the Mississippi counties in the NWS Jackson area - four due to exposure to the cold in Hinds, Sharkey, Warren, and Yazoo counties, and three in fire-related incidents in Adams, Leflore, and Jefferson counties. Additional injuries were reported in Grenada, Hinds, Sharkey, Smith, Warren, and Washington counties. At least 278 residences and nine businesses were damaged or destroyed in the Mississippi portion of our forecast area.",Freezing rain accumulation of 0.5 to 1.0 inches occurred across the county. Extensive and widespread damage occurred to trees and power lines. Numerous power outages and impassable roads were observed due to downed trees and powerlines.
MS-ACTION-2026-01-22-governor-reeves-issues-state-of-emergency-ahead-of-severe-,,Tate Reeves,Governor Reeves Issues State of Emergency Ahead of Severe Winter Weather,2026-01-22,https://governorreeves.ms.gov/wp-json/wp/v2/posts/1589,1315575,209652,2026-01-25 22:00:00,2026-01-26 10:00:00,Z,NWS forecast zone,45,NESHOBA,Extreme Cold/Wind Chill,,,0,0,0.00K,0.00K,Official NWS Observations,"A historically damaging ice storm occurred from southwestern Mississippi northeast through the Delta region into North Mississippi. The corridor of heaviest ice accretion, with ice thickness measured at up to one inch, spanned from Sharkey and Issaquena counties and southern Washington County, through Humphreys, Holmes, and northwestern Yazoo counties, through Leflore, Carroll, and Grenada counties. Tree damage in this region was tremendous, and several homes were damaged or destroyed by falling trees. Travel impacts persisted through Friday, January 30th in some areas. More than 189,000 customers in Mississippi lost power during the peak of the storm with thousands of power poles broken. Full power restoration took more than two weeks in the hardest hit areas, and it took more than one week for some customers in Attala, Bolivar, Carroll Grenada, Holmes, Humphreys, Issaquena, Leflore, Madison, Montgomery, Sharkey, Sunflower, Warren, Washington, Webster and Yazoo counties. Some meters remained unpowered for three weeks in the hardest hit portions of our area. The loss of electricity and the very cold temperatures that followed resulted in the loss of water in several communities.||Significant sleet accumulations, as high as 2 to 3 inches occurred in parts of northwest Mississippi. In these areas, the weight of the accumulation resulted in the collapse of several sheds, carports, gas station awnings and the roofs of some buildings. Sleet remained on the ground across much of Bolivar, Sunflower, and Washington counties for an entire week, with some of the deeper sleet accumulations through Bolivar County persisting through at least Sunday, February 8th.||Bitter cold conditions followed the storm, with temperatures as low as 11 at Bluff Lake, 12 at Natchez and Starkville, 13 at Ackerman, Collins, Crystal Springs, Forest, and Golden Triangle Airport; 14 at Brookhaven, Canton, Columbia, Columbus AFB, Hawkins Field in Jackson, Louisville, Madison, Newton, and Philadelphia; 15 at Jackson International; 16 at Greenville, Indianola, Meridian, and Vicksburg; and 17 at Cleveland, Laurel, and Rolling Fork. Wind chills were as low as -1 at Greenville, 2 at Golden Triangle Airport, 3 at Louisville, 4 at Natchez; 5 at Columbus AFB, Hawkins Field in Jackson, and Vicksburg; 6 at Cleveland, Crystal Springs, Jackson, Meridian, and Starkville; 7 at Madison, 8 at Philadelphia, and 9 at Canton and Laurel. Note: At several area weather stations, the lowest wind chill was unavailable because the anemometer was frozen and unable to record wind speed data.||Severn deaths occurred in the Mississippi counties in the NWS Jackson area - four due to exposure to the cold in Hinds, Sharkey, Warren, and Yazoo counties, and three in fire-related incidents in Adams, Leflore, and Jefferson counties. Additional injuries were reported in Grenada, Hinds, Sharkey, Smith, Warren, and Washington counties. At least 278 residences and nine businesses were damaged or destroyed in the Mississippi portion of our forecast area.",Wind chills across the county fell as low as -5 degrees during the early morning of January 26th.
MS-ACTION-2026-01-22-governor-reeves-issues-state-of-emergency-ahead-of-severe-,,Tate Reeves,Governor Reeves Issues State of Emergency Ahead of Severe Winter Weather,2026-01-22,https://governorreeves.ms.gov/wp-json/wp/v2/posts/1589,1315576,209652,2026-01-25 21:00:00,2026-01-26 10:00:00,Z,NWS forecast zone,39,NOXUBEE,Extreme Cold/Wind Chill,,,0,0,0.00K,0.00K,Official NWS Observations,"A historically damaging ice storm occurred from southwestern Mississippi northeast through the Delta region into North Mississippi. The corridor of heaviest ice accretion, with ice thickness measured at up to one inch, spanned from Sharkey and Issaquena counties and southern Washington County, through Humphreys, Holmes, and northwestern Yazoo counties, through Leflore, Carroll, and Grenada counties. Tree damage in this region was tremendous, and several homes were damaged or destroyed by falling trees. Travel impacts persisted through Friday, January 30th in some areas. More than 189,000 customers in Mississippi lost power during the peak of the storm with thousands of power poles broken. Full power restoration took more than two weeks in the hardest hit areas, and it took more than one week for some customers in Attala, Bolivar, Carroll Grenada, Holmes, Humphreys, Issaquena, Leflore, Madison, Montgomery, Sharkey, Sunflower, Warren, Washington, Webster and Yazoo counties. Some meters remained unpowered for three weeks in the hardest hit portions of our area. The loss of electricity and the very cold temperatures that followed resulted in the loss of water in several communities.||Significant sleet accumulations, as high as 2 to 3 inches occurred in parts of northwest Mississippi. In these areas, the weight of the accumulation resulted in the collapse of several sheds, carports, gas station awnings and the roofs of some buildings. Sleet remained on the ground across much of Bolivar, Sunflower, and Washington counties for an entire week, with some of the deeper sleet accumulations through Bolivar County persisting through at least Sunday, February 8th.||Bitter cold conditions followed the storm, with temperatures as low as 11 at Bluff Lake, 12 at Natchez and Starkville, 13 at Ackerman, Collins, Crystal Springs, Forest, and Golden Triangle Airport; 14 at Brookhaven, Canton, Columbia, Columbus AFB, Hawkins Field in Jackson, Louisville, Madison, Newton, and Philadelphia; 15 at Jackson International; 16 at Greenville, Indianola, Meridian, and Vicksburg; and 17 at Cleveland, Laurel, and Rolling Fork. Wind chills were as low as -1 at Greenville, 2 at Golden Triangle Airport, 3 at Louisville, 4 at Natchez; 5 at Columbus AFB, Hawkins Field in Jackson, and Vicksburg; 6 at Cleveland, Crystal Springs, Jackson, Meridian, and Starkville; 7 at Madison, 8 at Philadelphia, and 9 at Canton and Laurel. Note: At several area weather stations, the lowest wind chill was unavailable because the anemometer was frozen and unable to record wind speed data.||Severn deaths occurred in the Mississippi counties in the NWS Jackson area - four due to exposure to the cold in Hinds, Sharkey, Warren, and Yazoo counties, and three in fire-related incidents in Adams, Leflore, and Jefferson counties. Additional injuries were reported in Grenada, Hinds, Sharkey, Smith, Warren, and Washington counties. At least 278 residences and nine businesses were damaged or destroyed in the Mississippi portion of our forecast area.",Wind chills across the county fell as low as -5 degrees during the early morning of January 26th.
MS-ACTION-2026-01-22-governor-reeves-issues-state-of-emergency-ahead-of-severe-,,Tate Reeves,Governor Reeves Issues State of Emergency Ahead of Severe Winter Weather,2026-01-22,https://governorreeves.ms.gov/wp-json/wp/v2/posts/1589,1311121,209652,2026-01-24 15:10:00,2026-01-25 12:30:00,Z,NWS forecast zone,33,OKTIBBEHA,Ice Storm,,,0,0,,,Emergency Manager,"A historically damaging ice storm occurred from southwestern Mississippi northeast through the Delta region into North Mississippi. The corridor of heaviest ice accretion, with ice thickness measured at up to one inch, spanned from Sharkey and Issaquena counties and southern Washington County, through Humphreys, Holmes, and northwestern Yazoo counties, through Leflore, Carroll, and Grenada counties. Tree damage in this region was tremendous, and several homes were damaged or destroyed by falling trees. Travel impacts persisted through Friday, January 30th in some areas. More than 189,000 customers in Mississippi lost power during the peak of the storm with thousands of power poles broken. Full power restoration took more than two weeks in the hardest hit areas, and it took more than one week for some customers in Attala, Bolivar, Carroll Grenada, Holmes, Humphreys, Issaquena, Leflore, Madison, Montgomery, Sharkey, Sunflower, Warren, Washington, Webster and Yazoo counties. Some meters remained unpowered for three weeks in the hardest hit portions of our area. The loss of electricity and the very cold temperatures that followed resulted in the loss of water in several communities.||Significant sleet accumulations, as high as 2 to 3 inches occurred in parts of northwest Mississippi. In these areas, the weight of the accumulation resulted in the collapse of several sheds, carports, gas station awnings and the roofs of some buildings. Sleet remained on the ground across much of Bolivar, Sunflower, and Washington counties for an entire week, with some of the deeper sleet accumulations through Bolivar County persisting through at least Sunday, February 8th.||Bitter cold conditions followed the storm, with temperatures as low as 11 at Bluff Lake, 12 at Natchez and Starkville, 13 at Ackerman, Collins, Crystal Springs, Forest, and Golden Triangle Airport; 14 at Brookhaven, Canton, Columbia, Columbus AFB, Hawkins Field in Jackson, Louisville, Madison, Newton, and Philadelphia; 15 at Jackson International; 16 at Greenville, Indianola, Meridian, and Vicksburg; and 17 at Cleveland, Laurel, and Rolling Fork. Wind chills were as low as -1 at Greenville, 2 at Golden Triangle Airport, 3 at Louisville, 4 at Natchez; 5 at Columbus AFB, Hawkins Field in Jackson, and Vicksburg; 6 at Cleveland, Crystal Springs, Jackson, Meridian, and Starkville; 7 at Madison, 8 at Philadelphia, and 9 at Canton and Laurel. Note: At several area weather stations, the lowest wind chill was unavailable because the anemometer was frozen and unable to record wind speed data.||Severn deaths occurred in the Mississippi counties in the NWS Jackson area - four due to exposure to the cold in Hinds, Sharkey, Warren, and Yazoo counties, and three in fire-related incidents in Adams, Leflore, and Jefferson counties. Additional injuries were reported in Grenada, Hinds, Sharkey, Smith, Warren, and Washington counties. At least 278 residences and nine businesses were damaged or destroyed in the Mississippi portion of our forecast area.",Tree and power line damage occurred all along Sturgis-Maben Road in western Oktibbeha County due to 0.25 to 0.50 inch of freezing rain accumulation. This seems to mark the eastward edge of the most significant ice storm damage.
MS-ACTION-2026-01-22-governor-reeves-issues-state-of-emergency-ahead-of-severe-,,Tate Reeves,Governor Reeves Issues State of Emergency Ahead of Severe Winter Weather,2026-01-22,https://governorreeves.ms.gov/wp-json/wp/v2/posts/1589,1312846,210142,2026-01-23 22:00:00,2026-01-25 11:00:00,Z,NWS forecast zone,12,PANOLA,Ice Storm,,,0,0,1.30M,0.00K,Trained Spotter,"A significant winter weather event impacted the Mid-South from January 23rd through January 25th, 2026, driven by a classic southern-stream cyclone interacting with entrenched Arctic air across the region. A broad, positively tilted trough extending from the Central Plains into the Desert Southwest emerged on January 23rd. Downstream, strong surface high pressure was centered over the Midwest and Ohio Valley, promoting persistent cold air advection into the Lower Mississippi Valley and reinforcing a shallow subfreezing airmass.||Isentropic ascent intensified across the Mid-South beginning late January 23rd, as warm, moist air overran the shallow Arctic dome. This resulted in widespread precipitation developing from southwest to northeast across north Mississippi.||Thermal profiles across north Mississippi were marginal and vertically complex, with a well-pronounced warm nose between roughly 850���750 mb. This supported a mixed precipitation regime with crippling ice accumulations across portions of north Mississippi and large sleet accumulations across the Delta. ||The surface low that developed across Alabama was able to warm the surface in counties in closest proximity, resulting in mostly liquid precipitation in a few counties (Itawamba, Monroe, and Chickasaw), and there was even enough elevated instability for convective development. Liquid QPF values averaged over 3 inches, which led to crippling ice accumulations, especially from Oxford through Blue Mountain into Corinth. Widespread tree and scattered property damage occurred along with power outages that lasted several weeks in some locations across northeast Mississippi. Heavy sleet and snow resulted in transportation difficulties for up to two weeks across northwest Mississippi and widespread school cancellations.","Sleet and snow accumulation of 2 to 5 inches, followed by 1/4 to 1/2 inch of ice over the southern and eastern part of Panola County."
MS-ACTION-2026-01-22-governor-reeves-issues-state-of-emergency-ahead-of-severe-,,Tate Reeves,Governor Reeves Issues State of Emergency Ahead of Severe Winter Weather,2026-01-22,https://governorreeves.ms.gov/wp-json/wp/v2/posts/1589,1312958,210321,2026-01-24 05:00:00,2026-01-24 09:00:00,Z,NWS forecast zone,12,PANOLA,Cold/Wind Chill,,,0,0,0.00K,0.00K,AWOS,"While the wintry precipitation created the initial impacts, it was the multi-day period of subfreezing temperatures that prolonged and, in many cases, worsened those impacts. The lack of meaningful thawing effectively extended the storm���s footprint from a 2���3 day event into a nearly week-long hazard across north Mississippi. Limited melting during the day and refreezing each night kept roads hazardous well beyond the end of precipitation, especially on secondary roads and bridges. Prolonged freezing temperatures increased the risk of burst pipes, particularly in homes and buildings without adequate insulation or during extended power outages. Ice-laden trees and infrastructure remained stressed in subfreezing conditions, slowing restoration efforts and prolonging outages in affected areas. The duration of cold posed risks for hypothermia and exposure, especially for vulnerable populations.",Minimum winds chill of 7F recorded.
MS-ACTION-2026-01-22-governor-reeves-issues-state-of-emergency-ahead-of-severe-,,Tate Reeves,Governor Reeves Issues State of Emergency Ahead of Severe Winter Weather,2026-01-22,https://governorreeves.ms.gov/wp-json/wp/v2/posts/1589,1312985,210142,2026-01-23 23:00:00,2026-01-25 12:00:00,Z,NWS forecast zone,15,PONTOTOC,Ice Storm,,,0,0,500.00K,0.00K,Trained Spotter,"A significant winter weather event impacted the Mid-South from January 23rd through January 25th, 2026, driven by a classic southern-stream cyclone interacting with entrenched Arctic air across the region. A broad, positively tilted trough extending from the Central Plains into the Desert Southwest emerged on January 23rd. Downstream, strong surface high pressure was centered over the Midwest and Ohio Valley, promoting persistent cold air advection into the Lower Mississippi Valley and reinforcing a shallow subfreezing airmass.||Isentropic ascent intensified across the Mid-South beginning late January 23rd, as warm, moist air overran the shallow Arctic dome. This resulted in widespread precipitation developing from southwest to northeast across north Mississippi.||Thermal profiles across north Mississippi were marginal and vertically complex, with a well-pronounced warm nose between roughly 850���750 mb. This supported a mixed precipitation regime with crippling ice accumulations across portions of north Mississippi and large sleet accumulations across the Delta. ||The surface low that developed across Alabama was able to warm the surface in counties in closest proximity, resulting in mostly liquid precipitation in a few counties (Itawamba, Monroe, and Chickasaw), and there was even enough elevated instability for convective development. Liquid QPF values averaged over 3 inches, which led to crippling ice accumulations, especially from Oxford through Blue Mountain into Corinth. Widespread tree and scattered property damage occurred along with power outages that lasted several weeks in some locations across northeast Mississippi. Heavy sleet and snow resulted in transportation difficulties for up to two weeks across northwest Mississippi and widespread school cancellations.","Sleet accumulation up to 1/2 inch, followed by 1/4 to 1/2 inch of ice."
MS-ACTION-2026-01-22-governor-reeves-issues-state-of-emergency-ahead-of-severe-,,Tate Reeves,Governor Reeves Issues State of Emergency Ahead of Severe Winter Weather,2026-01-22,https://governorreeves.ms.gov/wp-json/wp/v2/posts/1589,1313022,210142,2026-01-24 00:00:00,2026-01-25 13:00:00,Z,NWS forecast zone,9,PRENTISS,Ice Storm,,,0,0,750.00K,0.00K,Trained Spotter,"A significant winter weather event impacted the Mid-South from January 23rd through January 25th, 2026, driven by a classic southern-stream cyclone interacting with entrenched Arctic air across the region. A broad, positively tilted trough extending from the Central Plains into the Desert Southwest emerged on January 23rd. Downstream, strong surface high pressure was centered over the Midwest and Ohio Valley, promoting persistent cold air advection into the Lower Mississippi Valley and reinforcing a shallow subfreezing airmass.||Isentropic ascent intensified across the Mid-South beginning late January 23rd, as warm, moist air overran the shallow Arctic dome. This resulted in widespread precipitation developing from southwest to northeast across north Mississippi.||Thermal profiles across north Mississippi were marginal and vertically complex, with a well-pronounced warm nose between roughly 850���750 mb. This supported a mixed precipitation regime with crippling ice accumulations across portions of north Mississippi and large sleet accumulations across the Delta. ||The surface low that developed across Alabama was able to warm the surface in counties in closest proximity, resulting in mostly liquid precipitation in a few counties (Itawamba, Monroe, and Chickasaw), and there was even enough elevated instability for convective development. Liquid QPF values averaged over 3 inches, which led to crippling ice accumulations, especially from Oxford through Blue Mountain into Corinth. Widespread tree and scattered property damage occurred along with power outages that lasted several weeks in some locations across northeast Mississippi. Heavy sleet and snow resulted in transportation difficulties for up to two weeks across northwest Mississippi and widespread school cancellations.","Sleet accumulation up to 1/2 inch, followed by 1/4 to 1/2 inch of ice."
MS-ACTION-2026-01-22-governor-reeves-issues-state-of-emergency-ahead-of-severe-,,Tate Reeves,Governor Reeves Issues State of Emergency Ahead of Severe Winter Weather,2026-01-22,https://governorreeves.ms.gov/wp-json/wp/v2/posts/1589,1313420,210142,2026-01-23 21:00:00,2026-01-25 11:00:00,Z,NWS forecast zone,11,QUITMAN,Winter Storm,,,0,0,200.00K,0.00K,Trained Spotter,"A significant winter weather event impacted the Mid-South from January 23rd through January 25th, 2026, driven by a classic southern-stream cyclone interacting with entrenched Arctic air across the region. A broad, positively tilted trough extending from the Central Plains into the Desert Southwest emerged on January 23rd. Downstream, strong surface high pressure was centered over the Midwest and Ohio Valley, promoting persistent cold air advection into the Lower Mississippi Valley and reinforcing a shallow subfreezing airmass.||Isentropic ascent intensified across the Mid-South beginning late January 23rd, as warm, moist air overran the shallow Arctic dome. This resulted in widespread precipitation developing from southwest to northeast across north Mississippi.||Thermal profiles across north Mississippi were marginal and vertically complex, with a well-pronounced warm nose between roughly 850���750 mb. This supported a mixed precipitation regime with crippling ice accumulations across portions of north Mississippi and large sleet accumulations across the Delta. ||The surface low that developed across Alabama was able to warm the surface in counties in closest proximity, resulting in mostly liquid precipitation in a few counties (Itawamba, Monroe, and Chickasaw), and there was even enough elevated instability for convective development. Liquid QPF values averaged over 3 inches, which led to crippling ice accumulations, especially from Oxford through Blue Mountain into Corinth. Widespread tree and scattered property damage occurred along with power outages that lasted several weeks in some locations across northeast Mississippi. Heavy sleet and snow resulted in transportation difficulties for up to two weeks across northwest Mississippi and widespread school cancellations.",Sleet and snow accumulation of 4 to 6 inches. Less than 1/4 inch of ice accumulated over the southern section of Quitman County.
MS-ACTION-2026-01-22-governor-reeves-issues-state-of-emergency-ahead-of-severe-,,Tate Reeves,Governor Reeves Issues State of Emergency Ahead of Severe Winter Weather,2026-01-22,https://governorreeves.ms.gov/wp-json/wp/v2/posts/1589,1312959,210321,2026-01-24 05:00:00,2026-01-24 09:00:00,Z,NWS forecast zone,11,QUITMAN,Cold/Wind Chill,,,0,0,0.00K,0.00K,AWOS,"While the wintry precipitation created the initial impacts, it was the multi-day period of subfreezing temperatures that prolonged and, in many cases, worsened those impacts. The lack of meaningful thawing effectively extended the storm���s footprint from a 2���3 day event into a nearly week-long hazard across north Mississippi. Limited melting during the day and refreezing each night kept roads hazardous well beyond the end of precipitation, especially on secondary roads and bridges. Prolonged freezing temperatures increased the risk of burst pipes, particularly in homes and buildings without adequate insulation or during extended power outages. Ice-laden trees and infrastructure remained stressed in subfreezing conditions, slowing restoration efforts and prolonging outages in affected areas. The duration of cold posed risks for hypothermia and exposure, especially for vulnerable populations.",Minimum winds chill of 7F recorded.
MS-ACTION-2026-01-22-governor-reeves-issues-state-of-emergency-ahead-of-severe-,,Tate Reeves,Governor Reeves Issues State of Emergency Ahead of Severe Winter Weather,2026-01-22,https://governorreeves.ms.gov/wp-json/wp/v2/posts/1589,1315354,209652,2026-01-25 05:30:00,2026-01-25 11:00:00,Z,NWS forecast zone,49,RANKIN,Winter Weather,,,0,0,0.00K,0.00K,ASOS,"A historically damaging ice storm occurred from southwestern Mississippi northeast through the Delta region into North Mississippi. The corridor of heaviest ice accretion, with ice thickness measured at up to one inch, spanned from Sharkey and Issaquena counties and southern Washington County, through Humphreys, Holmes, and northwestern Yazoo counties, through Leflore, Carroll, and Grenada counties. Tree damage in this region was tremendous, and several homes were damaged or destroyed by falling trees. Travel impacts persisted through Friday, January 30th in some areas. More than 189,000 customers in Mississippi lost power during the peak of the storm with thousands of power poles broken. Full power restoration took more than two weeks in the hardest hit areas, and it took more than one week for some customers in Attala, Bolivar, Carroll Grenada, Holmes, Humphreys, Issaquena, Leflore, Madison, Montgomery, Sharkey, Sunflower, Warren, Washington, Webster and Yazoo counties. Some meters remained unpowered for three weeks in the hardest hit portions of our area. The loss of electricity and the very cold temperatures that followed resulted in the loss of water in several communities.||Significant sleet accumulations, as high as 2 to 3 inches occurred in parts of northwest Mississippi. In these areas, the weight of the accumulation resulted in the collapse of several sheds, carports, gas station awnings and the roofs of some buildings. Sleet remained on the ground across much of Bolivar, Sunflower, and Washington counties for an entire week, with some of the deeper sleet accumulations through Bolivar County persisting through at least Sunday, February 8th.||Bitter cold conditions followed the storm, with temperatures as low as 11 at Bluff Lake, 12 at Natchez and Starkville, 13 at Ackerman, Collins, Crystal Springs, Forest, and Golden Triangle Airport; 14 at Brookhaven, Canton, Columbia, Columbus AFB, Hawkins Field in Jackson, Louisville, Madison, Newton, and Philadelphia; 15 at Jackson International; 16 at Greenville, Indianola, Meridian, and Vicksburg; and 17 at Cleveland, Laurel, and Rolling Fork. Wind chills were as low as -1 at Greenville, 2 at Golden Triangle Airport, 3 at Louisville, 4 at Natchez; 5 at Columbus AFB, Hawkins Field in Jackson, and Vicksburg; 6 at Cleveland, Crystal Springs, Jackson, Meridian, and Starkville; 7 at Madison, 8 at Philadelphia, and 9 at Canton and Laurel. Note: At several area weather stations, the lowest wind chill was unavailable because the anemometer was frozen and unable to record wind speed data.||Severn deaths occurred in the Mississippi counties in the NWS Jackson area - four due to exposure to the cold in Hinds, Sharkey, Warren, and Yazoo counties, and three in fire-related incidents in Adams, Leflore, and Jefferson counties. Additional injuries were reported in Grenada, Hinds, Sharkey, Smith, Warren, and Washington counties. At least 278 residences and nine businesses were damaged or destroyed in the Mississippi portion of our forecast area.",Light ice accumulations of up to around 0.15 inches occurred on trees and bridges in the county.
MS-ACTION-2026-01-22-governor-reeves-issues-state-of-emergency-ahead-of-severe-,,Tate Reeves,Governor Reeves Issues State of Emergency Ahead of Severe Winter Weather,2026-01-22,https://governorreeves.ms.gov/wp-json/wp/v2/posts/1589,1315580,209652,2026-01-25 20:00:00,2026-01-26 10:00:00,Z,NWS forecast zone,49,RANKIN,Extreme Cold/Wind Chill,,,0,0,0.00K,0.00K,Official NWS Observations,"A historically damaging ice storm occurred from southwestern Mississippi northeast through the Delta region into North Mississippi. The corridor of heaviest ice accretion, with ice thickness measured at up to one inch, spanned from Sharkey and Issaquena counties and southern Washington County, through Humphreys, Holmes, and northwestern Yazoo counties, through Leflore, Carroll, and Grenada counties. Tree damage in this region was tremendous, and several homes were damaged or destroyed by falling trees. Travel impacts persisted through Friday, January 30th in some areas. More than 189,000 customers in Mississippi lost power during the peak of the storm with thousands of power poles broken. Full power restoration took more than two weeks in the hardest hit areas, and it took more than one week for some customers in Attala, Bolivar, Carroll Grenada, Holmes, Humphreys, Issaquena, Leflore, Madison, Montgomery, Sharkey, Sunflower, Warren, Washington, Webster and Yazoo counties. Some meters remained unpowered for three weeks in the hardest hit portions of our area. The loss of electricity and the very cold temperatures that followed resulted in the loss of water in several communities.||Significant sleet accumulations, as high as 2 to 3 inches occurred in parts of northwest Mississippi. In these areas, the weight of the accumulation resulted in the collapse of several sheds, carports, gas station awnings and the roofs of some buildings. Sleet remained on the ground across much of Bolivar, Sunflower, and Washington counties for an entire week, with some of the deeper sleet accumulations through Bolivar County persisting through at least Sunday, February 8th.||Bitter cold conditions followed the storm, with temperatures as low as 11 at Bluff Lake, 12 at Natchez and Starkville, 13 at Ackerman, Collins, Crystal Springs, Forest, and Golden Triangle Airport; 14 at Brookhaven, Canton, Columbia, Columbus AFB, Hawkins Field in Jackson, Louisville, Madison, Newton, and Philadelphia; 15 at Jackson International; 16 at Greenville, Indianola, Meridian, and Vicksburg; and 17 at Cleveland, Laurel, and Rolling Fork. Wind chills were as low as -1 at Greenville, 2 at Golden Triangle Airport, 3 at Louisville, 4 at Natchez; 5 at Columbus AFB, Hawkins Field in Jackson, and Vicksburg; 6 at Cleveland, Crystal Springs, Jackson, Meridian, and Starkville; 7 at Madison, 8 at Philadelphia, and 9 at Canton and Laurel. Note: At several area weather stations, the lowest wind chill was unavailable because the anemometer was frozen and unable to record wind speed data.||Severn deaths occurred in the Mississippi counties in the NWS Jackson area - four due to exposure to the cold in Hinds, Sharkey, Warren, and Yazoo counties, and three in fire-related incidents in Adams, Leflore, and Jefferson counties. Additional injuries were reported in Grenada, Hinds, Sharkey, Smith, Warren, and Washington counties. At least 278 residences and nine businesses were damaged or destroyed in the Mississippi portion of our forecast area.",Wind chills across the county fell as low as -5 degrees during the early morning of January 26th.
MS-ACTION-2026-01-22-governor-reeves-issues-state-of-emergency-ahead-of-severe-,,Tate Reeves,Governor Reeves Issues State of Emergency Ahead of Severe Winter Weather,2026-01-22,https://governorreeves.ms.gov/wp-json/wp/v2/posts/1589,1315356,209652,2026-01-25 06:00:00,2026-01-25 11:00:00,Z,NWS forecast zone,50,SCOTT,Winter Weather,,,0,0,0.00K,0.00K,Amateur Radio,"A historically damaging ice storm occurred from southwestern Mississippi northeast through the Delta region into North Mississippi. The corridor of heaviest ice accretion, with ice thickness measured at up to one inch, spanned from Sharkey and Issaquena counties and southern Washington County, through Humphreys, Holmes, and northwestern Yazoo counties, through Leflore, Carroll, and Grenada counties. Tree damage in this region was tremendous, and several homes were damaged or destroyed by falling trees. Travel impacts persisted through Friday, January 30th in some areas. More than 189,000 customers in Mississippi lost power during the peak of the storm with thousands of power poles broken. Full power restoration took more than two weeks in the hardest hit areas, and it took more than one week for some customers in Attala, Bolivar, Carroll Grenada, Holmes, Humphreys, Issaquena, Leflore, Madison, Montgomery, Sharkey, Sunflower, Warren, Washington, Webster and Yazoo counties. Some meters remained unpowered for three weeks in the hardest hit portions of our area. The loss of electricity and the very cold temperatures that followed resulted in the loss of water in several communities.||Significant sleet accumulations, as high as 2 to 3 inches occurred in parts of northwest Mississippi. In these areas, the weight of the accumulation resulted in the collapse of several sheds, carports, gas station awnings and the roofs of some buildings. Sleet remained on the ground across much of Bolivar, Sunflower, and Washington counties for an entire week, with some of the deeper sleet accumulations through Bolivar County persisting through at least Sunday, February 8th.||Bitter cold conditions followed the storm, with temperatures as low as 11 at Bluff Lake, 12 at Natchez and Starkville, 13 at Ackerman, Collins, Crystal Springs, Forest, and Golden Triangle Airport; 14 at Brookhaven, Canton, Columbia, Columbus AFB, Hawkins Field in Jackson, Louisville, Madison, Newton, and Philadelphia; 15 at Jackson International; 16 at Greenville, Indianola, Meridian, and Vicksburg; and 17 at Cleveland, Laurel, and Rolling Fork. Wind chills were as low as -1 at Greenville, 2 at Golden Triangle Airport, 3 at Louisville, 4 at Natchez; 5 at Columbus AFB, Hawkins Field in Jackson, and Vicksburg; 6 at Cleveland, Crystal Springs, Jackson, Meridian, and Starkville; 7 at Madison, 8 at Philadelphia, and 9 at Canton and Laurel. Note: At several area weather stations, the lowest wind chill was unavailable because the anemometer was frozen and unable to record wind speed data.||Severn deaths occurred in the Mississippi counties in the NWS Jackson area - four due to exposure to the cold in Hinds, Sharkey, Warren, and Yazoo counties, and three in fire-related incidents in Adams, Leflore, and Jefferson counties. Additional injuries were reported in Grenada, Hinds, Sharkey, Smith, Warren, and Washington counties. At least 278 residences and nine businesses were damaged or destroyed in the Mississippi portion of our forecast area.",Light ice accumulations of up to around 0.05 inches occurred on trees in the county.
MS-ACTION-2026-01-22-governor-reeves-issues-state-of-emergency-ahead-of-severe-,,Tate Reeves,Governor Reeves Issues State of Emergency Ahead of Severe Winter Weather,2026-01-22,https://governorreeves.ms.gov/wp-json/wp/v2/posts/1589,1315581,209652,2026-01-25 22:00:00,2026-01-26 09:00:00,Z,NWS forecast zone,50,SCOTT,Extreme Cold/Wind Chill,,,0,0,0.00K,0.00K,Official NWS Observations,"A historically damaging ice storm occurred from southwestern Mississippi northeast through the Delta region into North Mississippi. The corridor of heaviest ice accretion, with ice thickness measured at up to one inch, spanned from Sharkey and Issaquena counties and southern Washington County, through Humphreys, Holmes, and northwestern Yazoo counties, through Leflore, Carroll, and Grenada counties. Tree damage in this region was tremendous, and several homes were damaged or destroyed by falling trees. Travel impacts persisted through Friday, January 30th in some areas. More than 189,000 customers in Mississippi lost power during the peak of the storm with thousands of power poles broken. Full power restoration took more than two weeks in the hardest hit areas, and it took more than one week for some customers in Attala, Bolivar, Carroll Grenada, Holmes, Humphreys, Issaquena, Leflore, Madison, Montgomery, Sharkey, Sunflower, Warren, Washington, Webster and Yazoo counties. Some meters remained unpowered for three weeks in the hardest hit portions of our area. The loss of electricity and the very cold temperatures that followed resulted in the loss of water in several communities.||Significant sleet accumulations, as high as 2 to 3 inches occurred in parts of northwest Mississippi. In these areas, the weight of the accumulation resulted in the collapse of several sheds, carports, gas station awnings and the roofs of some buildings. Sleet remained on the ground across much of Bolivar, Sunflower, and Washington counties for an entire week, with some of the deeper sleet accumulations through Bolivar County persisting through at least Sunday, February 8th.||Bitter cold conditions followed the storm, with temperatures as low as 11 at Bluff Lake, 12 at Natchez and Starkville, 13 at Ackerman, Collins, Crystal Springs, Forest, and Golden Triangle Airport; 14 at Brookhaven, Canton, Columbia, Columbus AFB, Hawkins Field in Jackson, Louisville, Madison, Newton, and Philadelphia; 15 at Jackson International; 16 at Greenville, Indianola, Meridian, and Vicksburg; and 17 at Cleveland, Laurel, and Rolling Fork. Wind chills were as low as -1 at Greenville, 2 at Golden Triangle Airport, 3 at Louisville, 4 at Natchez; 5 at Columbus AFB, Hawkins Field in Jackson, and Vicksburg; 6 at Cleveland, Crystal Springs, Jackson, Meridian, and Starkville; 7 at Madison, 8 at Philadelphia, and 9 at Canton and Laurel. Note: At several area weather stations, the lowest wind chill was unavailable because the anemometer was frozen and unable to record wind speed data.||Severn deaths occurred in the Mississippi counties in the NWS Jackson area - four due to exposure to the cold in Hinds, Sharkey, Warren, and Yazoo counties, and three in fire-related incidents in Adams, Leflore, and Jefferson counties. Additional injuries were reported in Grenada, Hinds, Sharkey, Smith, Warren, and Washington counties. At least 278 residences and nine businesses were damaged or destroyed in the Mississippi portion of our forecast area.",Wind chills across the county fell as low as -5 degrees during the early morning of January 26th.
MS-ACTION-2026-01-22-governor-reeves-issues-state-of-emergency-ahead-of-severe-,,Tate Reeves,Governor Reeves Issues State of Emergency Ahead of Severe Winter Weather,2026-01-22,https://governorreeves.ms.gov/wp-json/wp/v2/posts/1589,1311123,209652,2026-01-24 18:45:00,2026-01-25 11:00:00,Z,NWS forecast zone,41,SHARKEY,Ice Storm,,,0,0,,,Emergency Manager,"A historically damaging ice storm occurred from southwestern Mississippi northeast through the Delta region into North Mississippi. The corridor of heaviest ice accretion, with ice thickness measured at up to one inch, spanned from Sharkey and Issaquena counties and southern Washington County, through Humphreys, Holmes, and northwestern Yazoo counties, through Leflore, Carroll, and Grenada counties. Tree damage in this region was tremendous, and several homes were damaged or destroyed by falling trees. Travel impacts persisted through Friday, January 30th in some areas. More than 189,000 customers in Mississippi lost power during the peak of the storm with thousands of power poles broken. Full power restoration took more than two weeks in the hardest hit areas, and it took more than one week for some customers in Attala, Bolivar, Carroll Grenada, Holmes, Humphreys, Issaquena, Leflore, Madison, Montgomery, Sharkey, Sunflower, Warren, Washington, Webster and Yazoo counties. Some meters remained unpowered for three weeks in the hardest hit portions of our area. The loss of electricity and the very cold temperatures that followed resulted in the loss of water in several communities.||Significant sleet accumulations, as high as 2 to 3 inches occurred in parts of northwest Mississippi. In these areas, the weight of the accumulation resulted in the collapse of several sheds, carports, gas station awnings and the roofs of some buildings. Sleet remained on the ground across much of Bolivar, Sunflower, and Washington counties for an entire week, with some of the deeper sleet accumulations through Bolivar County persisting through at least Sunday, February 8th.||Bitter cold conditions followed the storm, with temperatures as low as 11 at Bluff Lake, 12 at Natchez and Starkville, 13 at Ackerman, Collins, Crystal Springs, Forest, and Golden Triangle Airport; 14 at Brookhaven, Canton, Columbia, Columbus AFB, Hawkins Field in Jackson, Louisville, Madison, Newton, and Philadelphia; 15 at Jackson International; 16 at Greenville, Indianola, Meridian, and Vicksburg; and 17 at Cleveland, Laurel, and Rolling Fork. Wind chills were as low as -1 at Greenville, 2 at Golden Triangle Airport, 3 at Louisville, 4 at Natchez; 5 at Columbus AFB, Hawkins Field in Jackson, and Vicksburg; 6 at Cleveland, Crystal Springs, Jackson, Meridian, and Starkville; 7 at Madison, 8 at Philadelphia, and 9 at Canton and Laurel. Note: At several area weather stations, the lowest wind chill was unavailable because the anemometer was frozen and unable to record wind speed data.||Severn deaths occurred in the Mississippi counties in the NWS Jackson area - four due to exposure to the cold in Hinds, Sharkey, Warren, and Yazoo counties, and three in fire-related incidents in Adams, Leflore, and Jefferson counties. Additional injuries were reported in Grenada, Hinds, Sharkey, Smith, Warren, and Washington counties. At least 278 residences and nine businesses were damaged or destroyed in the Mississippi portion of our forecast area.","Widespread power outages were reported in Sharkey County by both Entergy and Twin County EPA. Trees and limbs were down across roads and power lines. Transformers were destroyed and three tree and power pole fires were observed. Damage to at least three homes/mobile homes occurred due to falling trees. Resident were reported to have been trapped inside homes. Freezing rain accumulations were observed of up to 2 inches on power lines, approximately 1 inch was estimated to be the radial accumulation."
MS-ACTION-2026-01-22-governor-reeves-issues-state-of-emergency-ahead-of-severe-,,Tate Reeves,Governor Reeves Issues State of Emergency Ahead of Severe Winter Weather,2026-01-22,https://governorreeves.ms.gov/wp-json/wp/v2/posts/1589,1315567,209652,2026-01-25 21:00:00,2026-01-26 13:00:00,Z,NWS forecast zone,41,SHARKEY,Extreme Cold/Wind Chill,,,0,0,0.00K,0.00K,Official NWS Observations,"A historically damaging ice storm occurred from southwestern Mississippi northeast through the Delta region into North Mississippi. The corridor of heaviest ice accretion, with ice thickness measured at up to one inch, spanned from Sharkey and Issaquena counties and southern Washington County, through Humphreys, Holmes, and northwestern Yazoo counties, through Leflore, Carroll, and Grenada counties. Tree damage in this region was tremendous, and several homes were damaged or destroyed by falling trees. Travel impacts persisted through Friday, January 30th in some areas. More than 189,000 customers in Mississippi lost power during the peak of the storm with thousands of power poles broken. Full power restoration took more than two weeks in the hardest hit areas, and it took more than one week for some customers in Attala, Bolivar, Carroll Grenada, Holmes, Humphreys, Issaquena, Leflore, Madison, Montgomery, Sharkey, Sunflower, Warren, Washington, Webster and Yazoo counties. Some meters remained unpowered for three weeks in the hardest hit portions of our area. The loss of electricity and the very cold temperatures that followed resulted in the loss of water in several communities.||Significant sleet accumulations, as high as 2 to 3 inches occurred in parts of northwest Mississippi. In these areas, the weight of the accumulation resulted in the collapse of several sheds, carports, gas station awnings and the roofs of some buildings. Sleet remained on the ground across much of Bolivar, Sunflower, and Washington counties for an entire week, with some of the deeper sleet accumulations through Bolivar County persisting through at least Sunday, February 8th.||Bitter cold conditions followed the storm, with temperatures as low as 11 at Bluff Lake, 12 at Natchez and Starkville, 13 at Ackerman, Collins, Crystal Springs, Forest, and Golden Triangle Airport; 14 at Brookhaven, Canton, Columbia, Columbus AFB, Hawkins Field in Jackson, Louisville, Madison, Newton, and Philadelphia; 15 at Jackson International; 16 at Greenville, Indianola, Meridian, and Vicksburg; and 17 at Cleveland, Laurel, and Rolling Fork. Wind chills were as low as -1 at Greenville, 2 at Golden Triangle Airport, 3 at Louisville, 4 at Natchez; 5 at Columbus AFB, Hawkins Field in Jackson, and Vicksburg; 6 at Cleveland, Crystal Springs, Jackson, Meridian, and Starkville; 7 at Madison, 8 at Philadelphia, and 9 at Canton and Laurel. Note: At several area weather stations, the lowest wind chill was unavailable because the anemometer was frozen and unable to record wind speed data.||Severn deaths occurred in the Mississippi counties in the NWS Jackson area - four due to exposure to the cold in Hinds, Sharkey, Warren, and Yazoo counties, and three in fire-related incidents in Adams, Leflore, and Jefferson counties. Additional injuries were reported in Grenada, Hinds, Sharkey, Smith, Warren, and Washington counties. At least 278 residences and nine businesses were damaged or destroyed in the Mississippi portion of our forecast area.",Wind chills across the county fell as low as -5 degrees during the early morning of January 26th.
MS-ACTION-2026-01-22-governor-reeves-issues-state-of-emergency-ahead-of-severe-,,Tate Reeves,Governor Reeves Issues State of Emergency Ahead of Severe Winter Weather,2026-01-22,https://governorreeves.ms.gov/wp-json/wp/v2/posts/1589,1315586,209652,2026-01-25 23:00:00,2026-01-26 09:00:00,Z,NWS forecast zone,55,SIMPSON,Extreme Cold/Wind Chill,,,0,0,0.00K,0.00K,Official NWS Observations,"A historically damaging ice storm occurred from southwestern Mississippi northeast through the Delta region into North Mississippi. The corridor of heaviest ice accretion, with ice thickness measured at up to one inch, spanned from Sharkey and Issaquena counties and southern Washington County, through Humphreys, Holmes, and northwestern Yazoo counties, through Leflore, Carroll, and Grenada counties. Tree damage in this region was tremendous, and several homes were damaged or destroyed by falling trees. Travel impacts persisted through Friday, January 30th in some areas. More than 189,000 customers in Mississippi lost power during the peak of the storm with thousands of power poles broken. Full power restoration took more than two weeks in the hardest hit areas, and it took more than one week for some customers in Attala, Bolivar, Carroll Grenada, Holmes, Humphreys, Issaquena, Leflore, Madison, Montgomery, Sharkey, Sunflower, Warren, Washington, Webster and Yazoo counties. Some meters remained unpowered for three weeks in the hardest hit portions of our area. The loss of electricity and the very cold temperatures that followed resulted in the loss of water in several communities.||Significant sleet accumulations, as high as 2 to 3 inches occurred in parts of northwest Mississippi. In these areas, the weight of the accumulation resulted in the collapse of several sheds, carports, gas station awnings and the roofs of some buildings. Sleet remained on the ground across much of Bolivar, Sunflower, and Washington counties for an entire week, with some of the deeper sleet accumulations through Bolivar County persisting through at least Sunday, February 8th.||Bitter cold conditions followed the storm, with temperatures as low as 11 at Bluff Lake, 12 at Natchez and Starkville, 13 at Ackerman, Collins, Crystal Springs, Forest, and Golden Triangle Airport; 14 at Brookhaven, Canton, Columbia, Columbus AFB, Hawkins Field in Jackson, Louisville, Madison, Newton, and Philadelphia; 15 at Jackson International; 16 at Greenville, Indianola, Meridian, and Vicksburg; and 17 at Cleveland, Laurel, and Rolling Fork. Wind chills were as low as -1 at Greenville, 2 at Golden Triangle Airport, 3 at Louisville, 4 at Natchez; 5 at Columbus AFB, Hawkins Field in Jackson, and Vicksburg; 6 at Cleveland, Crystal Springs, Jackson, Meridian, and Starkville; 7 at Madison, 8 at Philadelphia, and 9 at Canton and Laurel. Note: At several area weather stations, the lowest wind chill was unavailable because the anemometer was frozen and unable to record wind speed data.||Severn deaths occurred in the Mississippi counties in the NWS Jackson area - four due to exposure to the cold in Hinds, Sharkey, Warren, and Yazoo counties, and three in fire-related incidents in Adams, Leflore, and Jefferson counties. Additional injuries were reported in Grenada, Hinds, Sharkey, Smith, Warren, and Washington counties. At least 278 residences and nine businesses were damaged or destroyed in the Mississippi portion of our forecast area.",Wind chills across the county fell as low as -5 degrees during the early morning of January 26th.
MS-ACTION-2026-01-22-governor-reeves-issues-state-of-emergency-ahead-of-severe-,,Tate Reeves,Governor Reeves Issues State of Emergency Ahead of Severe Winter Weather,2026-01-22,https://governorreeves.ms.gov/wp-json/wp/v2/posts/1589,1315587,209652,2026-01-25 23:00:00,2026-01-26 08:00:00,Z,NWS forecast zone,56,SMITH,Extreme Cold/Wind Chill,,,0,0,0.00K,0.00K,Official NWS Observations,"A historically damaging ice storm occurred from southwestern Mississippi northeast through the Delta region into North Mississippi. The corridor of heaviest ice accretion, with ice thickness measured at up to one inch, spanned from Sharkey and Issaquena counties and southern Washington County, through Humphreys, Holmes, and northwestern Yazoo counties, through Leflore, Carroll, and Grenada counties. Tree damage in this region was tremendous, and several homes were damaged or destroyed by falling trees. Travel impacts persisted through Friday, January 30th in some areas. More than 189,000 customers in Mississippi lost power during the peak of the storm with thousands of power poles broken. Full power restoration took more than two weeks in the hardest hit areas, and it took more than one week for some customers in Attala, Bolivar, Carroll Grenada, Holmes, Humphreys, Issaquena, Leflore, Madison, Montgomery, Sharkey, Sunflower, Warren, Washington, Webster and Yazoo counties. Some meters remained unpowered for three weeks in the hardest hit portions of our area. The loss of electricity and the very cold temperatures that followed resulted in the loss of water in several communities.||Significant sleet accumulations, as high as 2 to 3 inches occurred in parts of northwest Mississippi. In these areas, the weight of the accumulation resulted in the collapse of several sheds, carports, gas station awnings and the roofs of some buildings. Sleet remained on the ground across much of Bolivar, Sunflower, and Washington counties for an entire week, with some of the deeper sleet accumulations through Bolivar County persisting through at least Sunday, February 8th.||Bitter cold conditions followed the storm, with temperatures as low as 11 at Bluff Lake, 12 at Natchez and Starkville, 13 at Ackerman, Collins, Crystal Springs, Forest, and Golden Triangle Airport; 14 at Brookhaven, Canton, Columbia, Columbus AFB, Hawkins Field in Jackson, Louisville, Madison, Newton, and Philadelphia; 15 at Jackson International; 16 at Greenville, Indianola, Meridian, and Vicksburg; and 17 at Cleveland, Laurel, and Rolling Fork. Wind chills were as low as -1 at Greenville, 2 at Golden Triangle Airport, 3 at Louisville, 4 at Natchez; 5 at Columbus AFB, Hawkins Field in Jackson, and Vicksburg; 6 at Cleveland, Crystal Springs, Jackson, Meridian, and Starkville; 7 at Madison, 8 at Philadelphia, and 9 at Canton and Laurel. Note: At several area weather stations, the lowest wind chill was unavailable because the anemometer was frozen and unable to record wind speed data.||Severn deaths occurred in the Mississippi counties in the NWS Jackson area - four due to exposure to the cold in Hinds, Sharkey, Warren, and Yazoo counties, and three in fire-related incidents in Adams, Leflore, and Jefferson counties. Additional injuries were reported in Grenada, Hinds, Sharkey, Smith, Warren, and Washington counties. At least 278 residences and nine businesses were damaged or destroyed in the Mississippi portion of our forecast area.",Wind chills across the county fell as low as -5 degrees during the early morning of January 26th.
MS-ACTION-2026-01-22-governor-reeves-issues-state-of-emergency-ahead-of-severe-,,Tate Reeves,Governor Reeves Issues State of Emergency Ahead of Severe Winter Weather,2026-01-22,https://governorreeves.ms.gov/wp-json/wp/v2/posts/1589,1315358,209652,2026-01-24 14:30:00,2026-01-25 11:00:00,Z,NWS forecast zone,19,SUNFLOWER,Winter Storm,,,0,0,0.00K,0.00K,Emergency Manager,"A historically damaging ice storm occurred from southwestern Mississippi northeast through the Delta region into North Mississippi. The corridor of heaviest ice accretion, with ice thickness measured at up to one inch, spanned from Sharkey and Issaquena counties and southern Washington County, through Humphreys, Holmes, and northwestern Yazoo counties, through Leflore, Carroll, and Grenada counties. Tree damage in this region was tremendous, and several homes were damaged or destroyed by falling trees. Travel impacts persisted through Friday, January 30th in some areas. More than 189,000 customers in Mississippi lost power during the peak of the storm with thousands of power poles broken. Full power restoration took more than two weeks in the hardest hit areas, and it took more than one week for some customers in Attala, Bolivar, Carroll Grenada, Holmes, Humphreys, Issaquena, Leflore, Madison, Montgomery, Sharkey, Sunflower, Warren, Washington, Webster and Yazoo counties. Some meters remained unpowered for three weeks in the hardest hit portions of our area. The loss of electricity and the very cold temperatures that followed resulted in the loss of water in several communities.||Significant sleet accumulations, as high as 2 to 3 inches occurred in parts of northwest Mississippi. In these areas, the weight of the accumulation resulted in the collapse of several sheds, carports, gas station awnings and the roofs of some buildings. Sleet remained on the ground across much of Bolivar, Sunflower, and Washington counties for an entire week, with some of the deeper sleet accumulations through Bolivar County persisting through at least Sunday, February 8th.||Bitter cold conditions followed the storm, with temperatures as low as 11 at Bluff Lake, 12 at Natchez and Starkville, 13 at Ackerman, Collins, Crystal Springs, Forest, and Golden Triangle Airport; 14 at Brookhaven, Canton, Columbia, Columbus AFB, Hawkins Field in Jackson, Louisville, Madison, Newton, and Philadelphia; 15 at Jackson International; 16 at Greenville, Indianola, Meridian, and Vicksburg; and 17 at Cleveland, Laurel, and Rolling Fork. Wind chills were as low as -1 at Greenville, 2 at Golden Triangle Airport, 3 at Louisville, 4 at Natchez; 5 at Columbus AFB, Hawkins Field in Jackson, and Vicksburg; 6 at Cleveland, Crystal Springs, Jackson, Meridian, and Starkville; 7 at Madison, 8 at Philadelphia, and 9 at Canton and Laurel. Note: At several area weather stations, the lowest wind chill was unavailable because the anemometer was frozen and unable to record wind speed data.||Severn deaths occurred in the Mississippi counties in the NWS Jackson area - four due to exposure to the cold in Hinds, Sharkey, Warren, and Yazoo counties, and three in fire-related incidents in Adams, Leflore, and Jefferson counties. Additional injuries were reported in Grenada, Hinds, Sharkey, Smith, Warren, and Washington counties. At least 278 residences and nine businesses were damaged or destroyed in the Mississippi portion of our forecast area.","A mix of sleet and freezing rain fell across the county. Approximately 0.5 inches of radial ice was measured on limbs from freezing rain. Widespread trees and power lines were down across the county. A total of 3 inches of sleet was observed near Ruleville, and 2.5 inches was measured in Indianola."
MS-ACTION-2026-01-22-governor-reeves-issues-state-of-emergency-ahead-of-severe-,,Tate Reeves,Governor Reeves Issues State of Emergency Ahead of Severe Winter Weather,2026-01-22,https://governorreeves.ms.gov/wp-json/wp/v2/posts/1589,1312835,210142,2026-01-23 22:00:00,2026-01-25 11:00:00,Z,NWS forecast zone,20,TALLAHATCHIE,Ice Storm,,,0,0,570.00K,0.00K,Trained Spotter,"A significant winter weather event impacted the Mid-South from January 23rd through January 25th, 2026, driven by a classic southern-stream cyclone interacting with entrenched Arctic air across the region. A broad, positively tilted trough extending from the Central Plains into the Desert Southwest emerged on January 23rd. Downstream, strong surface high pressure was centered over the Midwest and Ohio Valley, promoting persistent cold air advection into the Lower Mississippi Valley and reinforcing a shallow subfreezing airmass.||Isentropic ascent intensified across the Mid-South beginning late January 23rd, as warm, moist air overran the shallow Arctic dome. This resulted in widespread precipitation developing from southwest to northeast across north Mississippi.||Thermal profiles across north Mississippi were marginal and vertically complex, with a well-pronounced warm nose between roughly 850���750 mb. This supported a mixed precipitation regime with crippling ice accumulations across portions of north Mississippi and large sleet accumulations across the Delta. ||The surface low that developed across Alabama was able to warm the surface in counties in closest proximity, resulting in mostly liquid precipitation in a few counties (Itawamba, Monroe, and Chickasaw), and there was even enough elevated instability for convective development. Liquid QPF values averaged over 3 inches, which led to crippling ice accumulations, especially from Oxford through Blue Mountain into Corinth. Widespread tree and scattered property damage occurred along with power outages that lasted several weeks in some locations across northeast Mississippi. Heavy sleet and snow resulted in transportation difficulties for up to two weeks across northwest Mississippi and widespread school cancellations.","Sleet and snow accumulation of 1 to 4 inches, followed by 1/4 to 1/2 inch of ice."
MS-ACTION-2026-01-22-governor-reeves-issues-state-of-emergency-ahead-of-severe-,,Tate Reeves,Governor Reeves Issues State of Emergency Ahead of Severe Winter Weather,2026-01-22,https://governorreeves.ms.gov/wp-json/wp/v2/posts/1589,1313419,210142,2026-01-23 22:00:00,2026-01-25 11:00:00,Z,NWS forecast zone,8,TATE,Winter Storm,,,0,0,4.00M,0.00K,Trained Spotter,"A significant winter weather event impacted the Mid-South from January 23rd through January 25th, 2026, driven by a classic southern-stream cyclone interacting with entrenched Arctic air across the region. A broad, positively tilted trough extending from the Central Plains into the Desert Southwest emerged on January 23rd. Downstream, strong surface high pressure was centered over the Midwest and Ohio Valley, promoting persistent cold air advection into the Lower Mississippi Valley and reinforcing a shallow subfreezing airmass.||Isentropic ascent intensified across the Mid-South beginning late January 23rd, as warm, moist air overran the shallow Arctic dome. This resulted in widespread precipitation developing from southwest to northeast across north Mississippi.||Thermal profiles across north Mississippi were marginal and vertically complex, with a well-pronounced warm nose between roughly 850���750 mb. This supported a mixed precipitation regime with crippling ice accumulations across portions of north Mississippi and large sleet accumulations across the Delta. ||The surface low that developed across Alabama was able to warm the surface in counties in closest proximity, resulting in mostly liquid precipitation in a few counties (Itawamba, Monroe, and Chickasaw), and there was even enough elevated instability for convective development. Liquid QPF values averaged over 3 inches, which led to crippling ice accumulations, especially from Oxford through Blue Mountain into Corinth. Widespread tree and scattered property damage occurred along with power outages that lasted several weeks in some locations across northeast Mississippi. Heavy sleet and snow resulted in transportation difficulties for up to two weeks across northwest Mississippi and widespread school cancellations.",Sleet and snow accumulation of 4 to 6 inches. Less than 1/4 inch of ice accumulated over the southeast section of Tate County.
MS-ACTION-2026-01-22-governor-reeves-issues-state-of-emergency-ahead-of-severe-,,Tate Reeves,Governor Reeves Issues State of Emergency Ahead of Severe Winter Weather,2026-01-22,https://governorreeves.ms.gov/wp-json/wp/v2/posts/1589,1312960,210321,2026-01-24 05:00:00,2026-01-24 09:00:00,Z,NWS forecast zone,8,TATE,Cold/Wind Chill,,,0,0,0.00K,0.00K,AWOS,"While the wintry precipitation created the initial impacts, it was the multi-day period of subfreezing temperatures that prolonged and, in many cases, worsened those impacts. The lack of meaningful thawing effectively extended the storm���s footprint from a 2���3 day event into a nearly week-long hazard across north Mississippi. Limited melting during the day and refreezing each night kept roads hazardous well beyond the end of precipitation, especially on secondary roads and bridges. Prolonged freezing temperatures increased the risk of burst pipes, particularly in homes and buildings without adequate insulation or during extended power outages. Ice-laden trees and infrastructure remained stressed in subfreezing conditions, slowing restoration efforts and prolonging outages in affected areas. The duration of cold posed risks for hypothermia and exposure, especially for vulnerable populations.",Minimum winds chill of 5F recorded.
MS-ACTION-2026-01-22-governor-reeves-issues-state-of-emergency-ahead-of-severe-,,Tate Reeves,Governor Reeves Issues State of Emergency Ahead of Severe Winter Weather,2026-01-22,https://governorreeves.ms.gov/wp-json/wp/v2/posts/1589,1312945,210142,2026-01-23 23:00:00,2026-01-25 12:00:00,Z,NWS forecast zone,4,TIPPAH,Ice Storm,,,0,0,5.50M,0.00K,Trained Spotter,"A significant winter weather event impacted the Mid-South from January 23rd through January 25th, 2026, driven by a classic southern-stream cyclone interacting with entrenched Arctic air across the region. A broad, positively tilted trough extending from the Central Plains into the Desert Southwest emerged on January 23rd. Downstream, strong surface high pressure was centered over the Midwest and Ohio Valley, promoting persistent cold air advection into the Lower Mississippi Valley and reinforcing a shallow subfreezing airmass.||Isentropic ascent intensified across the Mid-South beginning late January 23rd, as warm, moist air overran the shallow Arctic dome. This resulted in widespread precipitation developing from southwest to northeast across north Mississippi.||Thermal profiles across north Mississippi were marginal and vertically complex, with a well-pronounced warm nose between roughly 850���750 mb. This supported a mixed precipitation regime with crippling ice accumulations across portions of north Mississippi and large sleet accumulations across the Delta. ||The surface low that developed across Alabama was able to warm the surface in counties in closest proximity, resulting in mostly liquid precipitation in a few counties (Itawamba, Monroe, and Chickasaw), and there was even enough elevated instability for convective development. Liquid QPF values averaged over 3 inches, which led to crippling ice accumulations, especially from Oxford through Blue Mountain into Corinth. Widespread tree and scattered property damage occurred along with power outages that lasted several weeks in some locations across northeast Mississippi. Heavy sleet and snow resulted in transportation difficulties for up to two weeks across northwest Mississippi and widespread school cancellations.","Sleet and snow accumulation up to 1 inch, followed by 1/2 to 3/4 inch of ice."
MS-ACTION-2026-01-22-governor-reeves-issues-state-of-emergency-ahead-of-severe-,,Tate Reeves,Governor Reeves Issues State of Emergency Ahead of Severe Winter Weather,2026-01-22,https://governorreeves.ms.gov/wp-json/wp/v2/posts/1589,1312961,210321,2026-01-24 05:00:00,2026-01-24 09:00:00,Z,NWS forecast zone,4,TIPPAH,Cold/Wind Chill,,,0,0,0.00K,0.00K,AWOS,"While the wintry precipitation created the initial impacts, it was the multi-day period of subfreezing temperatures that prolonged and, in many cases, worsened those impacts. The lack of meaningful thawing effectively extended the storm���s footprint from a 2���3 day event into a nearly week-long hazard across north Mississippi. Limited melting during the day and refreezing each night kept roads hazardous well beyond the end of precipitation, especially on secondary roads and bridges. Prolonged freezing temperatures increased the risk of burst pipes, particularly in homes and buildings without adequate insulation or during extended power outages. Ice-laden trees and infrastructure remained stressed in subfreezing conditions, slowing restoration efforts and prolonging outages in affected areas. The duration of cold posed risks for hypothermia and exposure, especially for vulnerable populations.",Minimum winds chill of 6F recorded.
MS-ACTION-2026-01-22-governor-reeves-issues-state-of-emergency-ahead-of-severe-,,Tate Reeves,Governor Reeves Issues State of Emergency Ahead of Severe Winter Weather,2026-01-22,https://governorreeves.ms.gov/wp-json/wp/v2/posts/1589,1313083,210142,2026-01-24 01:00:00,2026-01-25 13:00:00,Z,NWS forecast zone,6,TISHOMINGO,Ice Storm,,,1,0,1.00M,0.00K,Trained Spotter,"A significant winter weather event impacted the Mid-South from January 23rd through January 25th, 2026, driven by a classic southern-stream cyclone interacting with entrenched Arctic air across the region. A broad, positively tilted trough extending from the Central Plains into the Desert Southwest emerged on January 23rd. Downstream, strong surface high pressure was centered over the Midwest and Ohio Valley, promoting persistent cold air advection into the Lower Mississippi Valley and reinforcing a shallow subfreezing airmass.||Isentropic ascent intensified across the Mid-South beginning late January 23rd, as warm, moist air overran the shallow Arctic dome. This resulted in widespread precipitation developing from southwest to northeast across north Mississippi.||Thermal profiles across north Mississippi were marginal and vertically complex, with a well-pronounced warm nose between roughly 850���750 mb. This supported a mixed precipitation regime with crippling ice accumulations across portions of north Mississippi and large sleet accumulations across the Delta. ||The surface low that developed across Alabama was able to warm the surface in counties in closest proximity, resulting in mostly liquid precipitation in a few counties (Itawamba, Monroe, and Chickasaw), and there was even enough elevated instability for convective development. Liquid QPF values averaged over 3 inches, which led to crippling ice accumulations, especially from Oxford through Blue Mountain into Corinth. Widespread tree and scattered property damage occurred along with power outages that lasted several weeks in some locations across northeast Mississippi. Heavy sleet and snow resulted in transportation difficulties for up to two weeks across northwest Mississippi and widespread school cancellations.","One-half inch of sleet fell across Tishomingo County, followed by ice accumulations of 1/4 inch in the south and up to 1 inch in the north."
MS-ACTION-2026-01-22-governor-reeves-issues-state-of-emergency-ahead-of-severe-,,Tate Reeves,Governor Reeves Issues State of Emergency Ahead of Severe Winter Weather,2026-01-22,https://governorreeves.ms.gov/wp-json/wp/v2/posts/1589,1313417,210142,2026-01-23 22:00:00,2026-01-25 11:00:00,Z,NWS forecast zone,7,TUNICA,Winter Storm,,,0,0,30.00K,0.00K,Trained Spotter,"A significant winter weather event impacted the Mid-South from January 23rd through January 25th, 2026, driven by a classic southern-stream cyclone interacting with entrenched Arctic air across the region. A broad, positively tilted trough extending from the Central Plains into the Desert Southwest emerged on January 23rd. Downstream, strong surface high pressure was centered over the Midwest and Ohio Valley, promoting persistent cold air advection into the Lower Mississippi Valley and reinforcing a shallow subfreezing airmass.||Isentropic ascent intensified across the Mid-South beginning late January 23rd, as warm, moist air overran the shallow Arctic dome. This resulted in widespread precipitation developing from southwest to northeast across north Mississippi.||Thermal profiles across north Mississippi were marginal and vertically complex, with a well-pronounced warm nose between roughly 850���750 mb. This supported a mixed precipitation regime with crippling ice accumulations across portions of north Mississippi and large sleet accumulations across the Delta. ||The surface low that developed across Alabama was able to warm the surface in counties in closest proximity, resulting in mostly liquid precipitation in a few counties (Itawamba, Monroe, and Chickasaw), and there was even enough elevated instability for convective development. Liquid QPF values averaged over 3 inches, which led to crippling ice accumulations, especially from Oxford through Blue Mountain into Corinth. Widespread tree and scattered property damage occurred along with power outages that lasted several weeks in some locations across northeast Mississippi. Heavy sleet and snow resulted in transportation difficulties for up to two weeks across northwest Mississippi and widespread school cancellations.",Sleet and snow accumulation of 4 to 6 inches.
MS-ACTION-2026-01-22-governor-reeves-issues-state-of-emergency-ahead-of-severe-,,Tate Reeves,Governor Reeves Issues State of Emergency Ahead of Severe Winter Weather,2026-01-22,https://governorreeves.ms.gov/wp-json/wp/v2/posts/1589,1312962,210321,2026-01-24 05:00:00,2026-01-24 09:00:00,Z,NWS forecast zone,7,TUNICA,Cold/Wind Chill,,,0,0,0.00K,0.00K,AWOS,"While the wintry precipitation created the initial impacts, it was the multi-day period of subfreezing temperatures that prolonged and, in many cases, worsened those impacts. The lack of meaningful thawing effectively extended the storm���s footprint from a 2���3 day event into a nearly week-long hazard across north Mississippi. Limited melting during the day and refreezing each night kept roads hazardous well beyond the end of precipitation, especially on secondary roads and bridges. Prolonged freezing temperatures increased the risk of burst pipes, particularly in homes and buildings without adequate insulation or during extended power outages. Ice-laden trees and infrastructure remained stressed in subfreezing conditions, slowing restoration efforts and prolonging outages in affected areas. The duration of cold posed risks for hypothermia and exposure, especially for vulnerable populations.",Minimum winds chill of 3F recorded.
MS-ACTION-2026-01-22-governor-reeves-issues-state-of-emergency-ahead-of-severe-,,Tate Reeves,Governor Reeves Issues State of Emergency Ahead of Severe Winter Weather,2026-01-22,https://governorreeves.ms.gov/wp-json/wp/v2/posts/1589,1312994,210321,2026-01-25 05:00:00,2026-01-25 09:00:00,Z,NWS forecast zone,7,TUNICA,Cold/Wind Chill,,,0,0,0.00K,0.00K,AWOS,"While the wintry precipitation created the initial impacts, it was the multi-day period of subfreezing temperatures that prolonged and, in many cases, worsened those impacts. The lack of meaningful thawing effectively extended the storm���s footprint from a 2���3 day event into a nearly week-long hazard across north Mississippi. Limited melting during the day and refreezing each night kept roads hazardous well beyond the end of precipitation, especially on secondary roads and bridges. Prolonged freezing temperatures increased the risk of burst pipes, particularly in homes and buildings without adequate insulation or during extended power outages. Ice-laden trees and infrastructure remained stressed in subfreezing conditions, slowing restoration efforts and prolonging outages in affected areas. The duration of cold posed risks for hypothermia and exposure, especially for vulnerable populations.",Minimum wind chill of -1F reported.
MS-ACTION-2026-01-22-governor-reeves-issues-state-of-emergency-ahead-of-severe-,,Tate Reeves,Governor Reeves Issues State of Emergency Ahead of Severe Winter Weather,2026-01-22,https://governorreeves.ms.gov/wp-json/wp/v2/posts/1589,1312971,210142,2026-01-23 23:00:00,2026-01-25 12:00:00,Z,NWS forecast zone,14,UNION,Ice Storm,,,0,0,1.00M,0.00K,Trained Spotter,"A significant winter weather event impacted the Mid-South from January 23rd through January 25th, 2026, driven by a classic southern-stream cyclone interacting with entrenched Arctic air across the region. A broad, positively tilted trough extending from the Central Plains into the Desert Southwest emerged on January 23rd. Downstream, strong surface high pressure was centered over the Midwest and Ohio Valley, promoting persistent cold air advection into the Lower Mississippi Valley and reinforcing a shallow subfreezing airmass.||Isentropic ascent intensified across the Mid-South beginning late January 23rd, as warm, moist air overran the shallow Arctic dome. This resulted in widespread precipitation developing from southwest to northeast across north Mississippi.||Thermal profiles across north Mississippi were marginal and vertically complex, with a well-pronounced warm nose between roughly 850���750 mb. This supported a mixed precipitation regime with crippling ice accumulations across portions of north Mississippi and large sleet accumulations across the Delta. ||The surface low that developed across Alabama was able to warm the surface in counties in closest proximity, resulting in mostly liquid precipitation in a few counties (Itawamba, Monroe, and Chickasaw), and there was even enough elevated instability for convective development. Liquid QPF values averaged over 3 inches, which led to crippling ice accumulations, especially from Oxford through Blue Mountain into Corinth. Widespread tree and scattered property damage occurred along with power outages that lasted several weeks in some locations across northeast Mississippi. Heavy sleet and snow resulted in transportation difficulties for up to two weeks across northwest Mississippi and widespread school cancellations.","Sleet accumulation up to 1 inch, followed by 1/4 to 1/2 inch of ice."
MS-ACTION-2026-01-22-governor-reeves-issues-state-of-emergency-ahead-of-severe-,,Tate Reeves,Governor Reeves Issues State of Emergency Ahead of Severe Winter Weather,2026-01-22,https://governorreeves.ms.gov/wp-json/wp/v2/posts/1589,1311124,209652,2026-01-25 01:45:00,2026-01-25 11:00:00,Z,NWS forecast zone,47,WARREN,Ice Storm,,,0,0,,,Emergency Manager,"A historically damaging ice storm occurred from southwestern Mississippi northeast through the Delta region into North Mississippi. The corridor of heaviest ice accretion, with ice thickness measured at up to one inch, spanned from Sharkey and Issaquena counties and southern Washington County, through Humphreys, Holmes, and northwestern Yazoo counties, through Leflore, Carroll, and Grenada counties. Tree damage in this region was tremendous, and several homes were damaged or destroyed by falling trees. Travel impacts persisted through Friday, January 30th in some areas. More than 189,000 customers in Mississippi lost power during the peak of the storm with thousands of power poles broken. Full power restoration took more than two weeks in the hardest hit areas, and it took more than one week for some customers in Attala, Bolivar, Carroll Grenada, Holmes, Humphreys, Issaquena, Leflore, Madison, Montgomery, Sharkey, Sunflower, Warren, Washington, Webster and Yazoo counties. Some meters remained unpowered for three weeks in the hardest hit portions of our area. The loss of electricity and the very cold temperatures that followed resulted in the loss of water in several communities.||Significant sleet accumulations, as high as 2 to 3 inches occurred in parts of northwest Mississippi. In these areas, the weight of the accumulation resulted in the collapse of several sheds, carports, gas station awnings and the roofs of some buildings. Sleet remained on the ground across much of Bolivar, Sunflower, and Washington counties for an entire week, with some of the deeper sleet accumulations through Bolivar County persisting through at least Sunday, February 8th.||Bitter cold conditions followed the storm, with temperatures as low as 11 at Bluff Lake, 12 at Natchez and Starkville, 13 at Ackerman, Collins, Crystal Springs, Forest, and Golden Triangle Airport; 14 at Brookhaven, Canton, Columbia, Columbus AFB, Hawkins Field in Jackson, Louisville, Madison, Newton, and Philadelphia; 15 at Jackson International; 16 at Greenville, Indianola, Meridian, and Vicksburg; and 17 at Cleveland, Laurel, and Rolling Fork. Wind chills were as low as -1 at Greenville, 2 at Golden Triangle Airport, 3 at Louisville, 4 at Natchez; 5 at Columbus AFB, Hawkins Field in Jackson, and Vicksburg; 6 at Cleveland, Crystal Springs, Jackson, Meridian, and Starkville; 7 at Madison, 8 at Philadelphia, and 9 at Canton and Laurel. Note: At several area weather stations, the lowest wind chill was unavailable because the anemometer was frozen and unable to record wind speed data.||Severn deaths occurred in the Mississippi counties in the NWS Jackson area - four due to exposure to the cold in Hinds, Sharkey, Warren, and Yazoo counties, and three in fire-related incidents in Adams, Leflore, and Jefferson counties. Additional injuries were reported in Grenada, Hinds, Sharkey, Smith, Warren, and Washington counties. At least 278 residences and nine businesses were damaged or destroyed in the Mississippi portion of our forecast area.",Freezing rain accumulation up to 0.4 inch was observed 11 miles northwest of Kings with 0.25-0.3 inches of freezing rain accumulation noted elsewhere in the county. Numerous trees and limbs were downed along with power lines. Power outages were observed across the county and numerous roads had ice on them.
MS-ACTION-2026-01-22-governor-reeves-issues-state-of-emergency-ahead-of-severe-,,Tate Reeves,Governor Reeves Issues State of Emergency Ahead of Severe Winter Weather,2026-01-22,https://governorreeves.ms.gov/wp-json/wp/v2/posts/1589,1315578,209652,2026-01-25 20:00:00,2026-01-26 11:00:00,Z,NWS forecast zone,47,WARREN,Extreme Cold/Wind Chill,,,1,0,0.00K,0.00K,Official NWS Observations,"A historically damaging ice storm occurred from southwestern Mississippi northeast through the Delta region into North Mississippi. The corridor of heaviest ice accretion, with ice thickness measured at up to one inch, spanned from Sharkey and Issaquena counties and southern Washington County, through Humphreys, Holmes, and northwestern Yazoo counties, through Leflore, Carroll, and Grenada counties. Tree damage in this region was tremendous, and several homes were damaged or destroyed by falling trees. Travel impacts persisted through Friday, January 30th in some areas. More than 189,000 customers in Mississippi lost power during the peak of the storm with thousands of power poles broken. Full power restoration took more than two weeks in the hardest hit areas, and it took more than one week for some customers in Attala, Bolivar, Carroll Grenada, Holmes, Humphreys, Issaquena, Leflore, Madison, Montgomery, Sharkey, Sunflower, Warren, Washington, Webster and Yazoo counties. Some meters remained unpowered for three weeks in the hardest hit portions of our area. The loss of electricity and the very cold temperatures that followed resulted in the loss of water in several communities.||Significant sleet accumulations, as high as 2 to 3 inches occurred in parts of northwest Mississippi. In these areas, the weight of the accumulation resulted in the collapse of several sheds, carports, gas station awnings and the roofs of some buildings. Sleet remained on the ground across much of Bolivar, Sunflower, and Washington counties for an entire week, with some of the deeper sleet accumulations through Bolivar County persisting through at least Sunday, February 8th.||Bitter cold conditions followed the storm, with temperatures as low as 11 at Bluff Lake, 12 at Natchez and Starkville, 13 at Ackerman, Collins, Crystal Springs, Forest, and Golden Triangle Airport; 14 at Brookhaven, Canton, Columbia, Columbus AFB, Hawkins Field in Jackson, Louisville, Madison, Newton, and Philadelphia; 15 at Jackson International; 16 at Greenville, Indianola, Meridian, and Vicksburg; and 17 at Cleveland, Laurel, and Rolling Fork. Wind chills were as low as -1 at Greenville, 2 at Golden Triangle Airport, 3 at Louisville, 4 at Natchez; 5 at Columbus AFB, Hawkins Field in Jackson, and Vicksburg; 6 at Cleveland, Crystal Springs, Jackson, Meridian, and Starkville; 7 at Madison, 8 at Philadelphia, and 9 at Canton and Laurel. Note: At several area weather stations, the lowest wind chill was unavailable because the anemometer was frozen and unable to record wind speed data.||Severn deaths occurred in the Mississippi counties in the NWS Jackson area - four due to exposure to the cold in Hinds, Sharkey, Warren, and Yazoo counties, and three in fire-related incidents in Adams, Leflore, and Jefferson counties. Additional injuries were reported in Grenada, Hinds, Sharkey, Smith, Warren, and Washington counties. At least 278 residences and nine businesses were damaged or destroyed in the Mississippi portion of our forecast area.",Wind chills across the county fell as low as -5 degrees during the early morning of January 26th. A 71 year old male died in his home due to hypothermia following this cold weather event.
MS-ACTION-2026-01-22-governor-reeves-issues-state-of-emergency-ahead-of-severe-,,Tate Reeves,Governor Reeves Issues State of Emergency Ahead of Severe Winter Weather,2026-01-22,https://governorreeves.ms.gov/wp-json/wp/v2/posts/1589,1311118,209652,2026-01-24 14:00:00,2026-01-25 11:00:00,Z,NWS forecast zone,34,WASHINGTON,Ice Storm,,,0,11,,,Trained Spotter,"A historically damaging ice storm occurred from southwestern Mississippi northeast through the Delta region into North Mississippi. The corridor of heaviest ice accretion, with ice thickness measured at up to one inch, spanned from Sharkey and Issaquena counties and southern Washington County, through Humphreys, Holmes, and northwestern Yazoo counties, through Leflore, Carroll, and Grenada counties. Tree damage in this region was tremendous, and several homes were damaged or destroyed by falling trees. Travel impacts persisted through Friday, January 30th in some areas. More than 189,000 customers in Mississippi lost power during the peak of the storm with thousands of power poles broken. Full power restoration took more than two weeks in the hardest hit areas, and it took more than one week for some customers in Attala, Bolivar, Carroll Grenada, Holmes, Humphreys, Issaquena, Leflore, Madison, Montgomery, Sharkey, Sunflower, Warren, Washington, Webster and Yazoo counties. Some meters remained unpowered for three weeks in the hardest hit portions of our area. The loss of electricity and the very cold temperatures that followed resulted in the loss of water in several communities.||Significant sleet accumulations, as high as 2 to 3 inches occurred in parts of northwest Mississippi. In these areas, the weight of the accumulation resulted in the collapse of several sheds, carports, gas station awnings and the roofs of some buildings. Sleet remained on the ground across much of Bolivar, Sunflower, and Washington counties for an entire week, with some of the deeper sleet accumulations through Bolivar County persisting through at least Sunday, February 8th.||Bitter cold conditions followed the storm, with temperatures as low as 11 at Bluff Lake, 12 at Natchez and Starkville, 13 at Ackerman, Collins, Crystal Springs, Forest, and Golden Triangle Airport; 14 at Brookhaven, Canton, Columbia, Columbus AFB, Hawkins Field in Jackson, Louisville, Madison, Newton, and Philadelphia; 15 at Jackson International; 16 at Greenville, Indianola, Meridian, and Vicksburg; and 17 at Cleveland, Laurel, and Rolling Fork. Wind chills were as low as -1 at Greenville, 2 at Golden Triangle Airport, 3 at Louisville, 4 at Natchez; 5 at Columbus AFB, Hawkins Field in Jackson, and Vicksburg; 6 at Cleveland, Crystal Springs, Jackson, Meridian, and Starkville; 7 at Madison, 8 at Philadelphia, and 9 at Canton and Laurel. Note: At several area weather stations, the lowest wind chill was unavailable because the anemometer was frozen and unable to record wind speed data.||Severn deaths occurred in the Mississippi counties in the NWS Jackson area - four due to exposure to the cold in Hinds, Sharkey, Warren, and Yazoo counties, and three in fire-related incidents in Adams, Leflore, and Jefferson counties. Additional injuries were reported in Grenada, Hinds, Sharkey, Smith, Warren, and Washington counties. At least 278 residences and nine businesses were damaged or destroyed in the Mississippi portion of our forecast area.",Freezing rain with accumulation up to 0.5 inch resulted in numerous power lines down and poles snapped across the county. 11 individuals were hospitalized due to hypothermia during and after this event.
MS-ACTION-2026-01-22-governor-reeves-issues-state-of-emergency-ahead-of-severe-,,Tate Reeves,Governor Reeves Issues State of Emergency Ahead of Severe Winter Weather,2026-01-22,https://governorreeves.ms.gov/wp-json/wp/v2/posts/1589,1311134,209652,2026-01-25 09:30:00,2026-01-25 13:30:00,Z,NWS forecast zone,29,WEBSTER,Ice Storm,,,0,0,0.00K,0.00K,Emergency Manager,"A historically damaging ice storm occurred from southwestern Mississippi northeast through the Delta region into North Mississippi. The corridor of heaviest ice accretion, with ice thickness measured at up to one inch, spanned from Sharkey and Issaquena counties and southern Washington County, through Humphreys, Holmes, and northwestern Yazoo counties, through Leflore, Carroll, and Grenada counties. Tree damage in this region was tremendous, and several homes were damaged or destroyed by falling trees. Travel impacts persisted through Friday, January 30th in some areas. More than 189,000 customers in Mississippi lost power during the peak of the storm with thousands of power poles broken. Full power restoration took more than two weeks in the hardest hit areas, and it took more than one week for some customers in Attala, Bolivar, Carroll Grenada, Holmes, Humphreys, Issaquena, Leflore, Madison, Montgomery, Sharkey, Sunflower, Warren, Washington, Webster and Yazoo counties. Some meters remained unpowered for three weeks in the hardest hit portions of our area. The loss of electricity and the very cold temperatures that followed resulted in the loss of water in several communities.||Significant sleet accumulations, as high as 2 to 3 inches occurred in parts of northwest Mississippi. In these areas, the weight of the accumulation resulted in the collapse of several sheds, carports, gas station awnings and the roofs of some buildings. Sleet remained on the ground across much of Bolivar, Sunflower, and Washington counties for an entire week, with some of the deeper sleet accumulations through Bolivar County persisting through at least Sunday, February 8th.||Bitter cold conditions followed the storm, with temperatures as low as 11 at Bluff Lake, 12 at Natchez and Starkville, 13 at Ackerman, Collins, Crystal Springs, Forest, and Golden Triangle Airport; 14 at Brookhaven, Canton, Columbia, Columbus AFB, Hawkins Field in Jackson, Louisville, Madison, Newton, and Philadelphia; 15 at Jackson International; 16 at Greenville, Indianola, Meridian, and Vicksburg; and 17 at Cleveland, Laurel, and Rolling Fork. Wind chills were as low as -1 at Greenville, 2 at Golden Triangle Airport, 3 at Louisville, 4 at Natchez; 5 at Columbus AFB, Hawkins Field in Jackson, and Vicksburg; 6 at Cleveland, Crystal Springs, Jackson, Meridian, and Starkville; 7 at Madison, 8 at Philadelphia, and 9 at Canton and Laurel. Note: At several area weather stations, the lowest wind chill was unavailable because the anemometer was frozen and unable to record wind speed data.||Severn deaths occurred in the Mississippi counties in the NWS Jackson area - four due to exposure to the cold in Hinds, Sharkey, Warren, and Yazoo counties, and three in fire-related incidents in Adams, Leflore, and Jefferson counties. Additional injuries were reported in Grenada, Hinds, Sharkey, Smith, Warren, and Washington counties. At least 278 residences and nine businesses were damaged or destroyed in the Mississippi portion of our forecast area.","Icing was observed on trees, power lines and roads. Trees, limbs and lines were downed across the county. Estimated freezing rain accumulation total was around 0.25 inch."
MS-ACTION-2026-01-22-governor-reeves-issues-state-of-emergency-ahead-of-severe-,,Tate Reeves,Governor Reeves Issues State of Emergency Ahead of Severe Winter Weather,2026-01-22,https://governorreeves.ms.gov/wp-json/wp/v2/posts/1589,1311416,210263,2026-01-25 05:00:00,2026-01-25 10:00:00,Z,NWS forecast zone,68,WILKINSON,Winter Storm,,,0,0,0.00K,0.00K,Emergency Manager,"A strong cold front moved through the region late on January 24th into early January 25th, followed by a surge of very cold Arctic air at the surface. As this shallow cold air mass advanced southward, it undercut lingering moisture and a warm layer aloft associated with departing precipitation.  During the early morning hours of January 25th, a brief period of freezing rain developed across portions of southwest Mississippi where surface temperatures fell below freezing while rain continued. This resulted in freezing rain that lasted for a couple to several hours. Estimated peak ice was up to a little over one quarter inch which resulted in some power outages across the county.","The emergency manager reported widespread freezing rain across the county with tree branches coming down and power outages. At least 0.25 inches accumulated on trees, powerlines and other elevated surfaces. The greatest accumulations occurred in northwester portions of the county."
MS-ACTION-2026-01-22-governor-reeves-issues-state-of-emergency-ahead-of-severe-,,Tate Reeves,Governor Reeves Issues State of Emergency Ahead of Severe Winter Weather,2026-01-22,https://governorreeves.ms.gov/wp-json/wp/v2/posts/1589,1315574,209652,2026-01-25 21:00:00,2026-01-26 10:00:00,Z,NWS forecast zone,38,WINSTON,Extreme Cold/Wind Chill,,,0,0,0.00K,0.00K,Official NWS Observations,"A historically damaging ice storm occurred from southwestern Mississippi northeast through the Delta region into North Mississippi. The corridor of heaviest ice accretion, with ice thickness measured at up to one inch, spanned from Sharkey and Issaquena counties and southern Washington County, through Humphreys, Holmes, and northwestern Yazoo counties, through Leflore, Carroll, and Grenada counties. Tree damage in this region was tremendous, and several homes were damaged or destroyed by falling trees. Travel impacts persisted through Friday, January 30th in some areas. More than 189,000 customers in Mississippi lost power during the peak of the storm with thousands of power poles broken. Full power restoration took more than two weeks in the hardest hit areas, and it took more than one week for some customers in Attala, Bolivar, Carroll Grenada, Holmes, Humphreys, Issaquena, Leflore, Madison, Montgomery, Sharkey, Sunflower, Warren, Washington, Webster and Yazoo counties. Some meters remained unpowered for three weeks in the hardest hit portions of our area. The loss of electricity and the very cold temperatures that followed resulted in the loss of water in several communities.||Significant sleet accumulations, as high as 2 to 3 inches occurred in parts of northwest Mississippi. In these areas, the weight of the accumulation resulted in the collapse of several sheds, carports, gas station awnings and the roofs of some buildings. Sleet remained on the ground across much of Bolivar, Sunflower, and Washington counties for an entire week, with some of the deeper sleet accumulations through Bolivar County persisting through at least Sunday, February 8th.||Bitter cold conditions followed the storm, with temperatures as low as 11 at Bluff Lake, 12 at Natchez and Starkville, 13 at Ackerman, Collins, Crystal Springs, Forest, and Golden Triangle Airport; 14 at Brookhaven, Canton, Columbia, Columbus AFB, Hawkins Field in Jackson, Louisville, Madison, Newton, and Philadelphia; 15 at Jackson International; 16 at Greenville, Indianola, Meridian, and Vicksburg; and 17 at Cleveland, Laurel, and Rolling Fork. Wind chills were as low as -1 at Greenville, 2 at Golden Triangle Airport, 3 at Louisville, 4 at Natchez; 5 at Columbus AFB, Hawkins Field in Jackson, and Vicksburg; 6 at Cleveland, Crystal Springs, Jackson, Meridian, and Starkville; 7 at Madison, 8 at Philadelphia, and 9 at Canton and Laurel. Note: At several area weather stations, the lowest wind chill was unavailable because the anemometer was frozen and unable to record wind speed data.||Severn deaths occurred in the Mississippi counties in the NWS Jackson area - four due to exposure to the cold in Hinds, Sharkey, Warren, and Yazoo counties, and three in fire-related incidents in Adams, Leflore, and Jefferson counties. Additional injuries were reported in Grenada, Hinds, Sharkey, Smith, Warren, and Washington counties. At least 278 residences and nine businesses were damaged or destroyed in the Mississippi portion of our forecast area.",Wind chills across the county fell as low as -5 degrees during the early morning of January 26th.
MS-ACTION-2026-01-22-governor-reeves-issues-state-of-emergency-ahead-of-severe-,,Tate Reeves,Governor Reeves Issues State of Emergency Ahead of Severe Winter Weather,2026-01-22,https://governorreeves.ms.gov/wp-json/wp/v2/posts/1589,1312847,210142,2026-01-23 22:00:00,2026-01-25 11:00:00,Z,NWS forecast zone,21,YALOBUSHA,Ice Storm,,,0,0,1.00M,0.00K,Trained Spotter,"A significant winter weather event impacted the Mid-South from January 23rd through January 25th, 2026, driven by a classic southern-stream cyclone interacting with entrenched Arctic air across the region. A broad, positively tilted trough extending from the Central Plains into the Desert Southwest emerged on January 23rd. Downstream, strong surface high pressure was centered over the Midwest and Ohio Valley, promoting persistent cold air advection into the Lower Mississippi Valley and reinforcing a shallow subfreezing airmass.||Isentropic ascent intensified across the Mid-South beginning late January 23rd, as warm, moist air overran the shallow Arctic dome. This resulted in widespread precipitation developing from southwest to northeast across north Mississippi.||Thermal profiles across north Mississippi were marginal and vertically complex, with a well-pronounced warm nose between roughly 850���750 mb. This supported a mixed precipitation regime with crippling ice accumulations across portions of north Mississippi and large sleet accumulations across the Delta. ||The surface low that developed across Alabama was able to warm the surface in counties in closest proximity, resulting in mostly liquid precipitation in a few counties (Itawamba, Monroe, and Chickasaw), and there was even enough elevated instability for convective development. Liquid QPF values averaged over 3 inches, which led to crippling ice accumulations, especially from Oxford through Blue Mountain into Corinth. Widespread tree and scattered property damage occurred along with power outages that lasted several weeks in some locations across northeast Mississippi. Heavy sleet and snow resulted in transportation difficulties for up to two weeks across northwest Mississippi and widespread school cancellations.","Sleet accumulation of 1 to 2 inches over the western part of Yalobusha County, followed by around 1/2 inch of ice over the entire county."
MS-ACTION-2026-01-22-governor-reeves-issues-state-of-emergency-ahead-of-severe-,,Tate Reeves,Governor Reeves Issues State of Emergency Ahead of Severe Winter Weather,2026-01-22,https://governorreeves.ms.gov/wp-json/wp/v2/posts/1589,1311122,209652,2026-01-24 15:45:00,2026-01-25 11:00:00,Z,NWS forecast zone,42,YAZOO,Ice Storm,,,0,0,,,Public,"A historically damaging ice storm occurred from southwestern Mississippi northeast through the Delta region into North Mississippi. The corridor of heaviest ice accretion, with ice thickness measured at up to one inch, spanned from Sharkey and Issaquena counties and southern Washington County, through Humphreys, Holmes, and northwestern Yazoo counties, through Leflore, Carroll, and Grenada counties. Tree damage in this region was tremendous, and several homes were damaged or destroyed by falling trees. Travel impacts persisted through Friday, January 30th in some areas. More than 189,000 customers in Mississippi lost power during the peak of the storm with thousands of power poles broken. Full power restoration took more than two weeks in the hardest hit areas, and it took more than one week for some customers in Attala, Bolivar, Carroll Grenada, Holmes, Humphreys, Issaquena, Leflore, Madison, Montgomery, Sharkey, Sunflower, Warren, Washington, Webster and Yazoo counties. Some meters remained unpowered for three weeks in the hardest hit portions of our area. The loss of electricity and the very cold temperatures that followed resulted in the loss of water in several communities.||Significant sleet accumulations, as high as 2 to 3 inches occurred in parts of northwest Mississippi. In these areas, the weight of the accumulation resulted in the collapse of several sheds, carports, gas station awnings and the roofs of some buildings. Sleet remained on the ground across much of Bolivar, Sunflower, and Washington counties for an entire week, with some of the deeper sleet accumulations through Bolivar County persisting through at least Sunday, February 8th.||Bitter cold conditions followed the storm, with temperatures as low as 11 at Bluff Lake, 12 at Natchez and Starkville, 13 at Ackerman, Collins, Crystal Springs, Forest, and Golden Triangle Airport; 14 at Brookhaven, Canton, Columbia, Columbus AFB, Hawkins Field in Jackson, Louisville, Madison, Newton, and Philadelphia; 15 at Jackson International; 16 at Greenville, Indianola, Meridian, and Vicksburg; and 17 at Cleveland, Laurel, and Rolling Fork. Wind chills were as low as -1 at Greenville, 2 at Golden Triangle Airport, 3 at Louisville, 4 at Natchez; 5 at Columbus AFB, Hawkins Field in Jackson, and Vicksburg; 6 at Cleveland, Crystal Springs, Jackson, Meridian, and Starkville; 7 at Madison, 8 at Philadelphia, and 9 at Canton and Laurel. Note: At several area weather stations, the lowest wind chill was unavailable because the anemometer was frozen and unable to record wind speed data.||Severn deaths occurred in the Mississippi counties in the NWS Jackson area - four due to exposure to the cold in Hinds, Sharkey, Warren, and Yazoo counties, and three in fire-related incidents in Adams, Leflore, and Jefferson counties. Additional injuries were reported in Grenada, Hinds, Sharkey, Smith, Warren, and Washington counties. At least 278 residences and nine businesses were damaged or destroyed in the Mississippi portion of our forecast area.",Up to 0.5 inch of freezing rain was observed on trees and power lines with multiple large limbs down.
MS-ACTION-2026-01-22-governor-reeves-issues-state-of-emergency-ahead-of-severe-,,Tate Reeves,Governor Reeves Issues State of Emergency Ahead of Severe Winter Weather,2026-01-22,https://governorreeves.ms.gov/wp-json/wp/v2/posts/1589,1315569,209652,2026-01-25 19:00:00,2026-01-26 12:00:00,Z,NWS forecast zone,42,YAZOO,Extreme Cold/Wind Chill,,,0,0,0.00K,0.00K,Official NWS Observations,"A historically damaging ice storm occurred from southwestern Mississippi northeast through the Delta region into North Mississippi. The corridor of heaviest ice accretion, with ice thickness measured at up to one inch, spanned from Sharkey and Issaquena counties and southern Washington County, through Humphreys, Holmes, and northwestern Yazoo counties, through Leflore, Carroll, and Grenada counties. Tree damage in this region was tremendous, and several homes were damaged or destroyed by falling trees. Travel impacts persisted through Friday, January 30th in some areas. More than 189,000 customers in Mississippi lost power during the peak of the storm with thousands of power poles broken. Full power restoration took more than two weeks in the hardest hit areas, and it took more than one week for some customers in Attala, Bolivar, Carroll Grenada, Holmes, Humphreys, Issaquena, Leflore, Madison, Montgomery, Sharkey, Sunflower, Warren, Washington, Webster and Yazoo counties. Some meters remained unpowered for three weeks in the hardest hit portions of our area. The loss of electricity and the very cold temperatures that followed resulted in the loss of water in several communities.||Significant sleet accumulations, as high as 2 to 3 inches occurred in parts of northwest Mississippi. In these areas, the weight of the accumulation resulted in the collapse of several sheds, carports, gas station awnings and the roofs of some buildings. Sleet remained on the ground across much of Bolivar, Sunflower, and Washington counties for an entire week, with some of the deeper sleet accumulations through Bolivar County persisting through at least Sunday, February 8th.||Bitter cold conditions followed the storm, with temperatures as low as 11 at Bluff Lake, 12 at Natchez and Starkville, 13 at Ackerman, Collins, Crystal Springs, Forest, and Golden Triangle Airport; 14 at Brookhaven, Canton, Columbia, Columbus AFB, Hawkins Field in Jackson, Louisville, Madison, Newton, and Philadelphia; 15 at Jackson International; 16 at Greenville, Indianola, Meridian, and Vicksburg; and 17 at Cleveland, Laurel, and Rolling Fork. Wind chills were as low as -1 at Greenville, 2 at Golden Triangle Airport, 3 at Louisville, 4 at Natchez; 5 at Columbus AFB, Hawkins Field in Jackson, and Vicksburg; 6 at Cleveland, Crystal Springs, Jackson, Meridian, and Starkville; 7 at Madison, 8 at Philadelphia, and 9 at Canton and Laurel. Note: At several area weather stations, the lowest wind chill was unavailable because the anemometer was frozen and unable to record wind speed data.||Severn deaths occurred in the Mississippi counties in the NWS Jackson area - four due to exposure to the cold in Hinds, Sharkey, Warren, and Yazoo counties, and three in fire-related incidents in Adams, Leflore, and Jefferson counties. Additional injuries were reported in Grenada, Hinds, Sharkey, Smith, Warren, and Washington counties. At least 278 residences and nine businesses were damaged or destroyed in the Mississippi portion of our forecast area.",Wind chills across the county fell as low as -5 degrees during the early morning of January 26th.
