declaration_id,eo_number,governor,event_description,date_signed,archive_record_url,CZ_TYPE,area_type,CZ_FIPS,CZ_NAME,deaths_direct,injuries_direct,damage_property_usd,damage_crops_usd,event_types,event_count,total_damage_usd
IA-PROC-2024-08,2024-08,Kim Reynolds,"Severe weather beginning April 16 and continuing (allows state resources to be utilized to respond to, and recover from, the effects of severe weather in Allamakee, Cass, Des Moines, Fayette, Henry, and Lee counties)",2024-04-17,https://homelandsecurity.iowa.gov/media/67/download?inline,C,county/county-equivalent,29,CASS,0,0,25000.0,0.0,Tornado,1,25000.0
IA-PROC-2024-08,2024-08,Kim Reynolds,"Severe weather beginning April 16 and continuing (allows state resources to be utilized to respond to, and recover from, the effects of severe weather in Allamakee, Cass, Des Moines, Fayette, Henry, and Lee counties)",2024-04-17,https://homelandsecurity.iowa.gov/media/67/download?inline,C,county/county-equivalent,49,DALLAS,0,0,20000.0,0.0,Tornado,1,20000.0
IA-PROC-2024-08,2024-08,Kim Reynolds,"Severe weather beginning April 16 and continuing (allows state resources to be utilized to respond to, and recover from, the effects of severe weather in Allamakee, Cass, Des Moines, Fayette, Henry, and Lee counties)",2024-04-17,https://homelandsecurity.iowa.gov/media/67/download?inline,C,county/county-equivalent,3,ADAMS,0,0,15000.0,0.0,Tornado,1,15000.0
IA-PROC-2024-08,2024-08,Kim Reynolds,"Severe weather beginning April 16 and continuing (allows state resources to be utilized to respond to, and recover from, the effects of severe weather in Allamakee, Cass, Des Moines, Fayette, Henry, and Lee counties)",2024-04-17,https://homelandsecurity.iowa.gov/media/67/download?inline,C,county/county-equivalent,25,CALHOUN,0,0,12000.0,0.0,Tornado,2,12000.0
IA-PROC-2024-08,2024-08,Kim Reynolds,"Severe weather beginning April 16 and continuing (allows state resources to be utilized to respond to, and recover from, the effects of severe weather in Allamakee, Cass, Des Moines, Fayette, Henry, and Lee counties)",2024-04-17,https://homelandsecurity.iowa.gov/media/67/download?inline,C,county/county-equivalent,151,POCAHONTAS,0,0,10200.0,0.0,Tornado,3,10200.0
IA-PROC-2024-08,2024-08,Kim Reynolds,"Severe weather beginning April 16 and continuing (allows state resources to be utilized to respond to, and recover from, the effects of severe weather in Allamakee, Cass, Des Moines, Fayette, Henry, and Lee counties)",2024-04-17,https://homelandsecurity.iowa.gov/media/67/download?inline,C,county/county-equivalent,125,MARION,0,0,10000.0,0.0,Lightning,1,10000.0
IA-PROC-2024-08,2024-08,Kim Reynolds,"Severe weather beginning April 16 and continuing (allows state resources to be utilized to respond to, and recover from, the effects of severe weather in Allamakee, Cass, Des Moines, Fayette, Henry, and Lee counties)",2024-04-17,https://homelandsecurity.iowa.gov/media/67/download?inline,C,county/county-equivalent,173,TAYLOR,0,0,5000.0,0.0,Tornado,1,5000.0
IA-PROC-2024-08,2024-08,Kim Reynolds,"Severe weather beginning April 16 and continuing (allows state resources to be utilized to respond to, and recover from, the effects of severe weather in Allamakee, Cass, Des Moines, Fayette, Henry, and Lee counties)",2024-04-17,https://homelandsecurity.iowa.gov/media/67/download?inline,C,county/county-equivalent,7,APPANOOSE,0,0,0.0,0.0,Hail,1,0.0
IA-PROC-2024-08,2024-08,Kim Reynolds,"Severe weather beginning April 16 and continuing (allows state resources to be utilized to respond to, and recover from, the effects of severe weather in Allamakee, Cass, Des Moines, Fayette, Henry, and Lee counties)",2024-04-17,https://homelandsecurity.iowa.gov/media/67/download?inline,C,county/county-equivalent,11,BENTON,0,0,0.0,0.0,Thunderstorm Wind,1,0.0
IA-PROC-2024-08,2024-08,Kim Reynolds,"Severe weather beginning April 16 and continuing (allows state resources to be utilized to respond to, and recover from, the effects of severe weather in Allamakee, Cass, Des Moines, Fayette, Henry, and Lee counties)",2024-04-17,https://homelandsecurity.iowa.gov/media/67/download?inline,C,county/county-equivalent,19,BUCHANAN,0,0,0.0,0.0,Tornado,1,0.0
IA-PROC-2024-08,2024-08,Kim Reynolds,"Severe weather beginning April 16 and continuing (allows state resources to be utilized to respond to, and recover from, the effects of severe weather in Allamakee, Cass, Des Moines, Fayette, Henry, and Lee counties)",2024-04-17,https://homelandsecurity.iowa.gov/media/67/download?inline,C,county/county-equivalent,31,CEDAR,0,0,0.0,0.0,Thunderstorm Wind,1,0.0
IA-PROC-2024-08,2024-08,Kim Reynolds,"Severe weather beginning April 16 and continuing (allows state resources to be utilized to respond to, and recover from, the effects of severe weather in Allamakee, Cass, Des Moines, Fayette, Henry, and Lee counties)",2024-04-17,https://homelandsecurity.iowa.gov/media/67/download?inline,C,county/county-equivalent,45,CLINTON,0,0,0.0,0.0,Thunderstorm Wind,2,0.0
IA-PROC-2024-08,2024-08,Kim Reynolds,"Severe weather beginning April 16 and continuing (allows state resources to be utilized to respond to, and recover from, the effects of severe weather in Allamakee, Cass, Des Moines, Fayette, Henry, and Lee counties)",2024-04-17,https://homelandsecurity.iowa.gov/media/67/download?inline,C,county/county-equivalent,51,DAVIS,0,0,0.0,0.0,Hail,3,0.0
IA-PROC-2024-08,2024-08,Kim Reynolds,"Severe weather beginning April 16 and continuing (allows state resources to be utilized to respond to, and recover from, the effects of severe weather in Allamakee, Cass, Des Moines, Fayette, Henry, and Lee counties)",2024-04-17,https://homelandsecurity.iowa.gov/media/67/download?inline,C,county/county-equivalent,55,DELAWARE,0,0,0.0,0.0,Thunderstorm Wind,1,0.0
IA-PROC-2024-08,2024-08,Kim Reynolds,"Severe weather beginning April 16 and continuing (allows state resources to be utilized to respond to, and recover from, the effects of severe weather in Allamakee, Cass, Des Moines, Fayette, Henry, and Lee counties)",2024-04-17,https://homelandsecurity.iowa.gov/media/67/download?inline,C,county/county-equivalent,57,DES MOINES,0,0,0.0,0.0,"Hail, Thunderstorm Wind, Tornado",5,0.0
IA-PROC-2024-08,2024-08,Kim Reynolds,"Severe weather beginning April 16 and continuing (allows state resources to be utilized to respond to, and recover from, the effects of severe weather in Allamakee, Cass, Des Moines, Fayette, Henry, and Lee counties)",2024-04-17,https://homelandsecurity.iowa.gov/media/67/download?inline,C,county/county-equivalent,61,DUBUQUE,0,0,0.0,0.0,Thunderstorm Wind,2,0.0
IA-PROC-2024-08,2024-08,Kim Reynolds,"Severe weather beginning April 16 and continuing (allows state resources to be utilized to respond to, and recover from, the effects of severe weather in Allamakee, Cass, Des Moines, Fayette, Henry, and Lee counties)",2024-04-17,https://homelandsecurity.iowa.gov/media/67/download?inline,C,county/county-equivalent,63,EMMET,0,0,0.0,0.0,Hail,1,0.0
IA-PROC-2024-08,2024-08,Kim Reynolds,"Severe weather beginning April 16 and continuing (allows state resources to be utilized to respond to, and recover from, the effects of severe weather in Allamakee, Cass, Des Moines, Fayette, Henry, and Lee counties)",2024-04-17,https://homelandsecurity.iowa.gov/media/67/download?inline,C,county/county-equivalent,83,HARDIN,0,0,0.0,0.0,Thunderstorm Wind,1,0.0
IA-PROC-2024-08,2024-08,Kim Reynolds,"Severe weather beginning April 16 and continuing (allows state resources to be utilized to respond to, and recover from, the effects of severe weather in Allamakee, Cass, Des Moines, Fayette, Henry, and Lee counties)",2024-04-17,https://homelandsecurity.iowa.gov/media/67/download?inline,C,county/county-equivalent,87,HENRY,0,0,0.0,0.0,"Hail, Tornado",2,0.0
IA-PROC-2024-08,2024-08,Kim Reynolds,"Severe weather beginning April 16 and continuing (allows state resources to be utilized to respond to, and recover from, the effects of severe weather in Allamakee, Cass, Des Moines, Fayette, Henry, and Lee counties)",2024-04-17,https://homelandsecurity.iowa.gov/media/67/download?inline,C,county/county-equivalent,95,IOWA,0,0,0.0,0.0,Hail,1,0.0
IA-PROC-2024-08,2024-08,Kim Reynolds,"Severe weather beginning April 16 and continuing (allows state resources to be utilized to respond to, and recover from, the effects of severe weather in Allamakee, Cass, Des Moines, Fayette, Henry, and Lee counties)",2024-04-17,https://homelandsecurity.iowa.gov/media/67/download?inline,C,county/county-equivalent,103,JOHNSON,0,0,0.0,0.0,"Hail, Thunderstorm Wind",6,0.0
IA-PROC-2024-08,2024-08,Kim Reynolds,"Severe weather beginning April 16 and continuing (allows state resources to be utilized to respond to, and recover from, the effects of severe weather in Allamakee, Cass, Des Moines, Fayette, Henry, and Lee counties)",2024-04-17,https://homelandsecurity.iowa.gov/media/67/download?inline,C,county/county-equivalent,105,JONES,0,0,0.0,0.0,Thunderstorm Wind,3,0.0
IA-PROC-2024-08,2024-08,Kim Reynolds,"Severe weather beginning April 16 and continuing (allows state resources to be utilized to respond to, and recover from, the effects of severe weather in Allamakee, Cass, Des Moines, Fayette, Henry, and Lee counties)",2024-04-17,https://homelandsecurity.iowa.gov/media/67/download?inline,C,county/county-equivalent,111,LEE,0,0,0.0,0.0,"Hail, Tornado",3,0.0
IA-PROC-2024-08,2024-08,Kim Reynolds,"Severe weather beginning April 16 and continuing (allows state resources to be utilized to respond to, and recover from, the effects of severe weather in Allamakee, Cass, Des Moines, Fayette, Henry, and Lee counties)",2024-04-17,https://homelandsecurity.iowa.gov/media/67/download?inline,C,county/county-equivalent,113,LINN,0,0,0.0,0.0,"Hail, Thunderstorm Wind",5,0.0
IA-PROC-2024-08,2024-08,Kim Reynolds,"Severe weather beginning April 16 and continuing (allows state resources to be utilized to respond to, and recover from, the effects of severe weather in Allamakee, Cass, Des Moines, Fayette, Henry, and Lee counties)",2024-04-17,https://homelandsecurity.iowa.gov/media/67/download?inline,C,county/county-equivalent,115,LOUISA,0,0,0.0,0.0,"Thunderstorm Wind, Tornado",2,0.0
IA-PROC-2024-08,2024-08,Kim Reynolds,"Severe weather beginning April 16 and continuing (allows state resources to be utilized to respond to, and recover from, the effects of severe weather in Allamakee, Cass, Des Moines, Fayette, Henry, and Lee counties)",2024-04-17,https://homelandsecurity.iowa.gov/media/67/download?inline,C,county/county-equivalent,117,LUCAS,0,0,0.0,0.0,Hail,1,0.0
IA-PROC-2024-08,2024-08,Kim Reynolds,"Severe weather beginning April 16 and continuing (allows state resources to be utilized to respond to, and recover from, the effects of severe weather in Allamakee, Cass, Des Moines, Fayette, Henry, and Lee counties)",2024-04-17,https://homelandsecurity.iowa.gov/media/67/download?inline,C,county/county-equivalent,119,LYON,0,0,0.0,0.0,"Thunderstorm Wind, Tornado",2,0.0
IA-PROC-2024-08,2024-08,Kim Reynolds,"Severe weather beginning April 16 and continuing (allows state resources to be utilized to respond to, and recover from, the effects of severe weather in Allamakee, Cass, Des Moines, Fayette, Henry, and Lee counties)",2024-04-17,https://homelandsecurity.iowa.gov/media/67/download?inline,C,county/county-equivalent,149,PLYMOUTH,0,0,0.0,0.0,"Thunderstorm Wind, Tornado",7,0.0
IA-PROC-2024-08,2024-08,Kim Reynolds,"Severe weather beginning April 16 and continuing (allows state resources to be utilized to respond to, and recover from, the effects of severe weather in Allamakee, Cass, Des Moines, Fayette, Henry, and Lee counties)",2024-04-17,https://homelandsecurity.iowa.gov/media/67/download?inline,C,county/county-equivalent,163,SCOTT,0,0,0.0,0.0,"Hail, Thunderstorm Wind",2,0.0
IA-PROC-2024-08,2024-08,Kim Reynolds,"Severe weather beginning April 16 and continuing (allows state resources to be utilized to respond to, and recover from, the effects of severe weather in Allamakee, Cass, Des Moines, Fayette, Henry, and Lee counties)",2024-04-17,https://homelandsecurity.iowa.gov/media/67/download?inline,C,county/county-equivalent,167,SIOUX,0,0,0.0,0.0,"Thunderstorm Wind, Tornado",4,0.0
IA-PROC-2024-08,2024-08,Kim Reynolds,"Severe weather beginning April 16 and continuing (allows state resources to be utilized to respond to, and recover from, the effects of severe weather in Allamakee, Cass, Des Moines, Fayette, Henry, and Lee counties)",2024-04-17,https://homelandsecurity.iowa.gov/media/67/download?inline,C,county/county-equivalent,177,VAN BUREN,0,0,0.0,0.0,"Hail, Thunderstorm Wind",3,0.0
IA-PROC-2024-08,2024-08,Kim Reynolds,"Severe weather beginning April 16 and continuing (allows state resources to be utilized to respond to, and recover from, the effects of severe weather in Allamakee, Cass, Des Moines, Fayette, Henry, and Lee counties)",2024-04-17,https://homelandsecurity.iowa.gov/media/67/download?inline,C,county/county-equivalent,179,WAPELLO,0,0,0.0,0.0,Thunderstorm Wind,1,0.0
IA-PROC-2024-08,2024-08,Kim Reynolds,"Severe weather beginning April 16 and continuing (allows state resources to be utilized to respond to, and recover from, the effects of severe weather in Allamakee, Cass, Des Moines, Fayette, Henry, and Lee counties)",2024-04-17,https://homelandsecurity.iowa.gov/media/67/download?inline,C,county/county-equivalent,183,WASHINGTON,0,0,0.0,0.0,Hail,2,0.0
IA-PROC-2024-08,2024-08,Kim Reynolds,"Severe weather beginning April 16 and continuing (allows state resources to be utilized to respond to, and recover from, the effects of severe weather in Allamakee, Cass, Des Moines, Fayette, Henry, and Lee counties)",2024-04-17,https://homelandsecurity.iowa.gov/media/67/download?inline,C,county/county-equivalent,193,WOODBURY,0,0,0.0,0.0,Hail,1,0.0
IA-PROC-2024-09,2024-09,Kimberly K. Reynolds,"Severe weather beginning April 26 and continuing (allows state resources to be utilized to respond to, and recover from, the effects of severe weather in Pottawattamie County)",2024-04-26,https://homelandsecurity.iowa.gov/media/104/download?inline,C,county/county-equivalent,155,POTTAWATTAMIE,1,3,0.0,0.0,"Hail, Tornado",5,0.0
IA-PROC-2024-09,2024-09,Kimberly K. Reynolds,"Severe weather beginning April 26 and continuing (allows state resources to be utilized to respond to, and recover from, the effects of severe weather in Pottawattamie County)",2024-04-26,https://homelandsecurity.iowa.gov/media/104/download?inline,C,county/county-equivalent,153,POLK,0,1,1500000.0,0.0,Tornado,1,1500000.0
IA-PROC-2024-09,2024-09,Kimberly K. Reynolds,"Severe weather beginning April 26 and continuing (allows state resources to be utilized to respond to, and recover from, the effects of severe weather in Pottawattamie County)",2024-04-26,https://homelandsecurity.iowa.gov/media/104/download?inline,C,county/county-equivalent,99,JASPER,0,1,250000.0,0.0,"Hail, Tornado",4,250000.0
IA-PROC-2024-09,2024-09,Kimberly K. Reynolds,"Severe weather beginning April 26 and continuing (allows state resources to be utilized to respond to, and recover from, the effects of severe weather in Pottawattamie County)",2024-04-26,https://homelandsecurity.iowa.gov/media/104/download?inline,C,county/county-equivalent,175,UNION,0,0,975000.0,0.0,"Thunderstorm Wind, Tornado",6,975000.0
IA-PROC-2024-09,2024-09,Kimberly K. Reynolds,"Severe weather beginning April 26 and continuing (allows state resources to be utilized to respond to, and recover from, the effects of severe weather in Pottawattamie County)",2024-04-26,https://homelandsecurity.iowa.gov/media/104/download?inline,C,county/county-equivalent,159,RINGGOLD,0,0,730000.0,0.0,"Hail, Tornado",6,730000.0
IA-PROC-2024-09,2024-09,Kimberly K. Reynolds,"Severe weather beginning April 26 and continuing (allows state resources to be utilized to respond to, and recover from, the effects of severe weather in Pottawattamie County)",2024-04-26,https://homelandsecurity.iowa.gov/media/104/download?inline,C,county/county-equivalent,39,CLARKE,0,0,400000.0,0.0,Tornado,1,400000.0
IA-PROC-2024-09,2024-09,Kimberly K. Reynolds,"Severe weather beginning April 26 and continuing (allows state resources to be utilized to respond to, and recover from, the effects of severe weather in Pottawattamie County)",2024-04-26,https://homelandsecurity.iowa.gov/media/104/download?inline,C,county/county-equivalent,47,CRAWFORD,0,0,80000.0,0.0,Tornado,3,80000.0
IA-PROC-2024-09,2024-09,Kimberly K. Reynolds,"Severe weather beginning April 26 and continuing (allows state resources to be utilized to respond to, and recover from, the effects of severe weather in Pottawattamie County)",2024-04-26,https://homelandsecurity.iowa.gov/media/104/download?inline,C,county/county-equivalent,121,MADISON,0,0,12000.0,0.0,Tornado,4,12000.0
IA-PROC-2024-09,2024-09,Kimberly K. Reynolds,"Severe weather beginning April 26 and continuing (allows state resources to be utilized to respond to, and recover from, the effects of severe weather in Pottawattamie County)",2024-04-26,https://homelandsecurity.iowa.gov/media/104/download?inline,C,county/county-equivalent,49,DALLAS,0,0,2000.0,0.0,Tornado,1,2000.0
IA-PROC-2024-09,2024-09,Kimberly K. Reynolds,"Severe weather beginning April 26 and continuing (allows state resources to be utilized to respond to, and recover from, the effects of severe weather in Pottawattamie County)",2024-04-26,https://homelandsecurity.iowa.gov/media/104/download?inline,C,county/county-equivalent,3,ADAMS,0,0,0.0,0.0,Tornado,1,0.0
IA-PROC-2024-09,2024-09,Kimberly K. Reynolds,"Severe weather beginning April 26 and continuing (allows state resources to be utilized to respond to, and recover from, the effects of severe weather in Pottawattamie County)",2024-04-26,https://homelandsecurity.iowa.gov/media/104/download?inline,C,county/county-equivalent,7,APPANOOSE,0,0,0.0,0.0,Hail,1,0.0
IA-PROC-2024-09,2024-09,Kimberly K. Reynolds,"Severe weather beginning April 26 and continuing (allows state resources to be utilized to respond to, and recover from, the effects of severe weather in Pottawattamie County)",2024-04-26,https://homelandsecurity.iowa.gov/media/104/download?inline,C,county/county-equivalent,27,CARROLL,0,0,0.0,0.0,Hail,1,0.0
IA-PROC-2024-09,2024-09,Kimberly K. Reynolds,"Severe weather beginning April 26 and continuing (allows state resources to be utilized to respond to, and recover from, the effects of severe weather in Pottawattamie County)",2024-04-26,https://homelandsecurity.iowa.gov/media/104/download?inline,C,county/county-equivalent,35,CHEROKEE,0,0,0.0,0.0,Hail,2,0.0
IA-PROC-2024-09,2024-09,Kimberly K. Reynolds,"Severe weather beginning April 26 and continuing (allows state resources to be utilized to respond to, and recover from, the effects of severe weather in Pottawattamie County)",2024-04-26,https://homelandsecurity.iowa.gov/media/104/download?inline,C,county/county-equivalent,61,DUBUQUE,0,0,0.0,0.0,Hail,1,0.0
IA-PROC-2024-09,2024-09,Kimberly K. Reynolds,"Severe weather beginning April 26 and continuing (allows state resources to be utilized to respond to, and recover from, the effects of severe weather in Pottawattamie County)",2024-04-26,https://homelandsecurity.iowa.gov/media/104/download?inline,C,county/county-equivalent,83,HARDIN,0,0,0.0,0.0,Hail,1,0.0
IA-PROC-2024-09,2024-09,Kimberly K. Reynolds,"Severe weather beginning April 26 and continuing (allows state resources to be utilized to respond to, and recover from, the effects of severe weather in Pottawattamie County)",2024-04-26,https://homelandsecurity.iowa.gov/media/104/download?inline,C,county/county-equivalent,85,HARRISON,0,0,0.0,0.0,Tornado,6,0.0
IA-PROC-2024-09,2024-09,Kimberly K. Reynolds,"Severe weather beginning April 26 and continuing (allows state resources to be utilized to respond to, and recover from, the effects of severe weather in Pottawattamie County)",2024-04-26,https://homelandsecurity.iowa.gov/media/104/download?inline,C,county/county-equivalent,95,IOWA,0,0,0.0,0.0,"Hail, Thunderstorm Wind",2,0.0
IA-PROC-2024-09,2024-09,Kimberly K. Reynolds,"Severe weather beginning April 26 and continuing (allows state resources to be utilized to respond to, and recover from, the effects of severe weather in Pottawattamie County)",2024-04-26,https://homelandsecurity.iowa.gov/media/104/download?inline,C,county/county-equivalent,107,KEOKUK,0,0,0.0,0.0,Thunderstorm Wind,1,0.0
IA-PROC-2024-09,2024-09,Kimberly K. Reynolds,"Severe weather beginning April 26 and continuing (allows state resources to be utilized to respond to, and recover from, the effects of severe weather in Pottawattamie County)",2024-04-26,https://homelandsecurity.iowa.gov/media/104/download?inline,C,county/county-equivalent,115,LOUISA,0,0,0.0,0.0,Thunderstorm Wind,1,0.0
IA-PROC-2024-09,2024-09,Kimberly K. Reynolds,"Severe weather beginning April 26 and continuing (allows state resources to be utilized to respond to, and recover from, the effects of severe weather in Pottawattamie County)",2024-04-26,https://homelandsecurity.iowa.gov/media/104/download?inline,C,county/county-equivalent,123,MAHASKA,0,0,0.0,0.0,Thunderstorm Wind,2,0.0
IA-PROC-2024-09,2024-09,Kimberly K. Reynolds,"Severe weather beginning April 26 and continuing (allows state resources to be utilized to respond to, and recover from, the effects of severe weather in Pottawattamie County)",2024-04-26,https://homelandsecurity.iowa.gov/media/104/download?inline,C,county/county-equivalent,129,MILLS,0,0,0.0,0.0,Tornado,1,0.0
IA-PROC-2024-09,2024-09,Kimberly K. Reynolds,"Severe weather beginning April 26 and continuing (allows state resources to be utilized to respond to, and recover from, the effects of severe weather in Pottawattamie County)",2024-04-26,https://homelandsecurity.iowa.gov/media/104/download?inline,C,county/county-equivalent,133,MONONA,0,0,0.0,0.0,Tornado,3,0.0
IA-PROC-2024-09,2024-09,Kimberly K. Reynolds,"Severe weather beginning April 26 and continuing (allows state resources to be utilized to respond to, and recover from, the effects of severe weather in Pottawattamie County)",2024-04-26,https://homelandsecurity.iowa.gov/media/104/download?inline,C,county/county-equivalent,135,MONROE,0,0,0.0,0.0,Thunderstorm Wind,1,0.0
IA-PROC-2024-09,2024-09,Kimberly K. Reynolds,"Severe weather beginning April 26 and continuing (allows state resources to be utilized to respond to, and recover from, the effects of severe weather in Pottawattamie County)",2024-04-26,https://homelandsecurity.iowa.gov/media/104/download?inline,C,county/county-equivalent,139,MUSCATINE,0,0,0.0,0.0,Thunderstorm Wind,1,0.0
IA-PROC-2024-09,2024-09,Kimberly K. Reynolds,"Severe weather beginning April 26 and continuing (allows state resources to be utilized to respond to, and recover from, the effects of severe weather in Pottawattamie County)",2024-04-26,https://homelandsecurity.iowa.gov/media/104/download?inline,C,county/county-equivalent,141,O'BRIEN,0,0,0.0,0.0,Hail,1,0.0
IA-PROC-2024-09,2024-09,Kimberly K. Reynolds,"Severe weather beginning April 26 and continuing (allows state resources to be utilized to respond to, and recover from, the effects of severe weather in Pottawattamie County)",2024-04-26,https://homelandsecurity.iowa.gov/media/104/download?inline,C,county/county-equivalent,145,PAGE,0,0,0.0,0.0,Hail,1,0.0
IA-PROC-2024-09,2024-09,Kimberly K. Reynolds,"Severe weather beginning April 26 and continuing (allows state resources to be utilized to respond to, and recover from, the effects of severe weather in Pottawattamie County)",2024-04-26,https://homelandsecurity.iowa.gov/media/104/download?inline,C,county/county-equivalent,165,SHELBY,0,0,0.0,0.0,Tornado,3,0.0
IA-PROC-2024-09,2024-09,Kimberly K. Reynolds,"Severe weather beginning April 26 and continuing (allows state resources to be utilized to respond to, and recover from, the effects of severe weather in Pottawattamie County)",2024-04-26,https://homelandsecurity.iowa.gov/media/104/download?inline,C,county/county-equivalent,169,STORY,0,0,0.0,0.0,Hail,1,0.0
IA-PROC-2024-09,2024-09,Kimberly K. Reynolds,"Severe weather beginning April 26 and continuing (allows state resources to be utilized to respond to, and recover from, the effects of severe weather in Pottawattamie County)",2024-04-26,https://homelandsecurity.iowa.gov/media/104/download?inline,C,county/county-equivalent,173,TAYLOR,0,0,0.0,0.0,Hail,1,0.0
IA-PROC-2024-09,2024-09,Kimberly K. Reynolds,"Severe weather beginning April 26 and continuing (allows state resources to be utilized to respond to, and recover from, the effects of severe weather in Pottawattamie County)",2024-04-26,https://homelandsecurity.iowa.gov/media/104/download?inline,C,county/county-equivalent,177,VAN BUREN,0,0,0.0,0.0,Hail,1,0.0
IA-PROC-2024-09,2024-09,Kimberly K. Reynolds,"Severe weather beginning April 26 and continuing (allows state resources to be utilized to respond to, and recover from, the effects of severe weather in Pottawattamie County)",2024-04-26,https://homelandsecurity.iowa.gov/media/104/download?inline,C,county/county-equivalent,181,WARREN,0,0,0.0,0.0,Hail,1,0.0
IA-PROC-2024-09,2024-09,Kimberly K. Reynolds,"Severe weather beginning April 26 and continuing (allows state resources to be utilized to respond to, and recover from, the effects of severe weather in Pottawattamie County)",2024-04-26,https://homelandsecurity.iowa.gov/media/104/download?inline,C,county/county-equivalent,193,WOODBURY,0,0,0.0,0.0,Hail,1,0.0
IA-PROC-2024-10,2024-10,Kimberly K. Reynolds,"Severe weather beginning April 26 and continuing (allows state resources to be utilized to respond to, and recover from, the effects of severe weather in Clarke, Crawford, Harrison, Mills, Polk, Ringgold, Shelby, and Union Counties)",2024-04-29,https://homelandsecurity.iowa.gov/media/105/download?inline,C,county/county-equivalent,155,POTTAWATTAMIE,1,3,0.0,0.0,"Hail, Tornado",5,0.0
IA-PROC-2024-10,2024-10,Kimberly K. Reynolds,"Severe weather beginning April 26 and continuing (allows state resources to be utilized to respond to, and recover from, the effects of severe weather in Clarke, Crawford, Harrison, Mills, Polk, Ringgold, Shelby, and Union Counties)",2024-04-29,https://homelandsecurity.iowa.gov/media/105/download?inline,C,county/county-equivalent,153,POLK,0,1,1500000.0,0.0,Tornado,1,1500000.0
IA-PROC-2024-10,2024-10,Kimberly K. Reynolds,"Severe weather beginning April 26 and continuing (allows state resources to be utilized to respond to, and recover from, the effects of severe weather in Clarke, Crawford, Harrison, Mills, Polk, Ringgold, Shelby, and Union Counties)",2024-04-29,https://homelandsecurity.iowa.gov/media/105/download?inline,C,county/county-equivalent,99,JASPER,0,1,250000.0,0.0,"Hail, Tornado",4,250000.0
IA-PROC-2024-10,2024-10,Kimberly K. Reynolds,"Severe weather beginning April 26 and continuing (allows state resources to be utilized to respond to, and recover from, the effects of severe weather in Clarke, Crawford, Harrison, Mills, Polk, Ringgold, Shelby, and Union Counties)",2024-04-29,https://homelandsecurity.iowa.gov/media/105/download?inline,C,county/county-equivalent,175,UNION,0,0,975000.0,0.0,"Hail, Thunderstorm Wind, Tornado",14,975000.0
IA-PROC-2024-10,2024-10,Kimberly K. Reynolds,"Severe weather beginning April 26 and continuing (allows state resources to be utilized to respond to, and recover from, the effects of severe weather in Clarke, Crawford, Harrison, Mills, Polk, Ringgold, Shelby, and Union Counties)",2024-04-29,https://homelandsecurity.iowa.gov/media/105/download?inline,C,county/county-equivalent,159,RINGGOLD,0,0,730000.0,0.0,"Hail, Tornado",6,730000.0
IA-PROC-2024-10,2024-10,Kimberly K. Reynolds,"Severe weather beginning April 26 and continuing (allows state resources to be utilized to respond to, and recover from, the effects of severe weather in Clarke, Crawford, Harrison, Mills, Polk, Ringgold, Shelby, and Union Counties)",2024-04-29,https://homelandsecurity.iowa.gov/media/105/download?inline,C,county/county-equivalent,39,CLARKE,0,0,400000.0,0.0,"Hail, Tornado",3,400000.0
IA-PROC-2024-10,2024-10,Kimberly K. Reynolds,"Severe weather beginning April 26 and continuing (allows state resources to be utilized to respond to, and recover from, the effects of severe weather in Clarke, Crawford, Harrison, Mills, Polk, Ringgold, Shelby, and Union Counties)",2024-04-29,https://homelandsecurity.iowa.gov/media/105/download?inline,C,county/county-equivalent,185,WAYNE,0,0,250000.0,0.0,Tornado,1,250000.0
IA-PROC-2024-10,2024-10,Kimberly K. Reynolds,"Severe weather beginning April 26 and continuing (allows state resources to be utilized to respond to, and recover from, the effects of severe weather in Clarke, Crawford, Harrison, Mills, Polk, Ringgold, Shelby, and Union Counties)",2024-04-29,https://homelandsecurity.iowa.gov/media/105/download?inline,C,county/county-equivalent,47,CRAWFORD,0,0,80000.0,0.0,"Hail, Tornado",4,80000.0
IA-PROC-2024-10,2024-10,Kimberly K. Reynolds,"Severe weather beginning April 26 and continuing (allows state resources to be utilized to respond to, and recover from, the effects of severe weather in Clarke, Crawford, Harrison, Mills, Polk, Ringgold, Shelby, and Union Counties)",2024-04-29,https://homelandsecurity.iowa.gov/media/105/download?inline,C,county/county-equivalent,121,MADISON,0,0,12000.0,0.0,"Hail, Tornado",6,12000.0
IA-PROC-2024-10,2024-10,Kimberly K. Reynolds,"Severe weather beginning April 26 and continuing (allows state resources to be utilized to respond to, and recover from, the effects of severe weather in Clarke, Crawford, Harrison, Mills, Polk, Ringgold, Shelby, and Union Counties)",2024-04-29,https://homelandsecurity.iowa.gov/media/105/download?inline,C,county/county-equivalent,49,DALLAS,0,0,2000.0,0.0,"Hail, Tornado",2,2000.0
IA-PROC-2024-10,2024-10,Kimberly K. Reynolds,"Severe weather beginning April 26 and continuing (allows state resources to be utilized to respond to, and recover from, the effects of severe weather in Clarke, Crawford, Harrison, Mills, Polk, Ringgold, Shelby, and Union Counties)",2024-04-29,https://homelandsecurity.iowa.gov/media/105/download?inline,C,county/county-equivalent,1,ADAIR,0,0,0.0,0.0,Hail,5,0.0
IA-PROC-2024-10,2024-10,Kimberly K. Reynolds,"Severe weather beginning April 26 and continuing (allows state resources to be utilized to respond to, and recover from, the effects of severe weather in Clarke, Crawford, Harrison, Mills, Polk, Ringgold, Shelby, and Union Counties)",2024-04-29,https://homelandsecurity.iowa.gov/media/105/download?inline,C,county/county-equivalent,3,ADAMS,0,0,0.0,0.0,"Hail, Tornado",4,0.0
IA-PROC-2024-10,2024-10,Kimberly K. Reynolds,"Severe weather beginning April 26 and continuing (allows state resources to be utilized to respond to, and recover from, the effects of severe weather in Clarke, Crawford, Harrison, Mills, Polk, Ringgold, Shelby, and Union Counties)",2024-04-29,https://homelandsecurity.iowa.gov/media/105/download?inline,C,county/county-equivalent,7,APPANOOSE,0,0,0.0,0.0,"Hail, Heavy Rain",6,0.0
IA-PROC-2024-10,2024-10,Kimberly K. Reynolds,"Severe weather beginning April 26 and continuing (allows state resources to be utilized to respond to, and recover from, the effects of severe weather in Clarke, Crawford, Harrison, Mills, Polk, Ringgold, Shelby, and Union Counties)",2024-04-29,https://homelandsecurity.iowa.gov/media/105/download?inline,C,county/county-equivalent,15,BOONE,0,0,0.0,0.0,Hail,2,0.0
IA-PROC-2024-10,2024-10,Kimberly K. Reynolds,"Severe weather beginning April 26 and continuing (allows state resources to be utilized to respond to, and recover from, the effects of severe weather in Clarke, Crawford, Harrison, Mills, Polk, Ringgold, Shelby, and Union Counties)",2024-04-29,https://homelandsecurity.iowa.gov/media/105/download?inline,C,county/county-equivalent,27,CARROLL,0,0,0.0,0.0,Hail,1,0.0
IA-PROC-2024-10,2024-10,Kimberly K. Reynolds,"Severe weather beginning April 26 and continuing (allows state resources to be utilized to respond to, and recover from, the effects of severe weather in Clarke, Crawford, Harrison, Mills, Polk, Ringgold, Shelby, and Union Counties)",2024-04-29,https://homelandsecurity.iowa.gov/media/105/download?inline,C,county/county-equivalent,29,CASS,0,0,0.0,0.0,Hail,1,0.0
IA-PROC-2024-10,2024-10,Kimberly K. Reynolds,"Severe weather beginning April 26 and continuing (allows state resources to be utilized to respond to, and recover from, the effects of severe weather in Clarke, Crawford, Harrison, Mills, Polk, Ringgold, Shelby, and Union Counties)",2024-04-29,https://homelandsecurity.iowa.gov/media/105/download?inline,C,county/county-equivalent,35,CHEROKEE,0,0,0.0,0.0,Hail,2,0.0
IA-PROC-2024-10,2024-10,Kimberly K. Reynolds,"Severe weather beginning April 26 and continuing (allows state resources to be utilized to respond to, and recover from, the effects of severe weather in Clarke, Crawford, Harrison, Mills, Polk, Ringgold, Shelby, and Union Counties)",2024-04-29,https://homelandsecurity.iowa.gov/media/105/download?inline,C,county/county-equivalent,53,DECATUR,0,0,0.0,0.0,Hail,1,0.0
IA-PROC-2024-10,2024-10,Kimberly K. Reynolds,"Severe weather beginning April 26 and continuing (allows state resources to be utilized to respond to, and recover from, the effects of severe weather in Clarke, Crawford, Harrison, Mills, Polk, Ringgold, Shelby, and Union Counties)",2024-04-29,https://homelandsecurity.iowa.gov/media/105/download?inline,C,county/county-equivalent,61,DUBUQUE,0,0,0.0,0.0,Hail,1,0.0
IA-PROC-2024-10,2024-10,Kimberly K. Reynolds,"Severe weather beginning April 26 and continuing (allows state resources to be utilized to respond to, and recover from, the effects of severe weather in Clarke, Crawford, Harrison, Mills, Polk, Ringgold, Shelby, and Union Counties)",2024-04-29,https://homelandsecurity.iowa.gov/media/105/download?inline,C,county/county-equivalent,71,FREMONT,0,0,0.0,0.0,Hail,1,0.0
IA-PROC-2024-10,2024-10,Kimberly K. Reynolds,"Severe weather beginning April 26 and continuing (allows state resources to be utilized to respond to, and recover from, the effects of severe weather in Clarke, Crawford, Harrison, Mills, Polk, Ringgold, Shelby, and Union Counties)",2024-04-29,https://homelandsecurity.iowa.gov/media/105/download?inline,C,county/county-equivalent,73,GREENE,0,0,0.0,0.0,Hail,1,0.0
IA-PROC-2024-10,2024-10,Kimberly K. Reynolds,"Severe weather beginning April 26 and continuing (allows state resources to be utilized to respond to, and recover from, the effects of severe weather in Clarke, Crawford, Harrison, Mills, Polk, Ringgold, Shelby, and Union Counties)",2024-04-29,https://homelandsecurity.iowa.gov/media/105/download?inline,C,county/county-equivalent,83,HARDIN,0,0,0.0,0.0,Hail,1,0.0
IA-PROC-2024-10,2024-10,Kimberly K. Reynolds,"Severe weather beginning April 26 and continuing (allows state resources to be utilized to respond to, and recover from, the effects of severe weather in Clarke, Crawford, Harrison, Mills, Polk, Ringgold, Shelby, and Union Counties)",2024-04-29,https://homelandsecurity.iowa.gov/media/105/download?inline,C,county/county-equivalent,85,HARRISON,0,0,0.0,0.0,"Thunderstorm Wind, Tornado",7,0.0
IA-PROC-2024-10,2024-10,Kimberly K. Reynolds,"Severe weather beginning April 26 and continuing (allows state resources to be utilized to respond to, and recover from, the effects of severe weather in Clarke, Crawford, Harrison, Mills, Polk, Ringgold, Shelby, and Union Counties)",2024-04-29,https://homelandsecurity.iowa.gov/media/105/download?inline,C,county/county-equivalent,95,IOWA,0,0,0.0,0.0,"Hail, Thunderstorm Wind",2,0.0
IA-PROC-2024-10,2024-10,Kimberly K. Reynolds,"Severe weather beginning April 26 and continuing (allows state resources to be utilized to respond to, and recover from, the effects of severe weather in Clarke, Crawford, Harrison, Mills, Polk, Ringgold, Shelby, and Union Counties)",2024-04-29,https://homelandsecurity.iowa.gov/media/105/download?inline,C,county/county-equivalent,107,KEOKUK,0,0,0.0,0.0,Thunderstorm Wind,1,0.0
IA-PROC-2024-10,2024-10,Kimberly K. Reynolds,"Severe weather beginning April 26 and continuing (allows state resources to be utilized to respond to, and recover from, the effects of severe weather in Clarke, Crawford, Harrison, Mills, Polk, Ringgold, Shelby, and Union Counties)",2024-04-29,https://homelandsecurity.iowa.gov/media/105/download?inline,C,county/county-equivalent,115,LOUISA,0,0,0.0,0.0,Thunderstorm Wind,1,0.0
IA-PROC-2024-10,2024-10,Kimberly K. Reynolds,"Severe weather beginning April 26 and continuing (allows state resources to be utilized to respond to, and recover from, the effects of severe weather in Clarke, Crawford, Harrison, Mills, Polk, Ringgold, Shelby, and Union Counties)",2024-04-29,https://homelandsecurity.iowa.gov/media/105/download?inline,C,county/county-equivalent,123,MAHASKA,0,0,0.0,0.0,Thunderstorm Wind,2,0.0
IA-PROC-2024-10,2024-10,Kimberly K. Reynolds,"Severe weather beginning April 26 and continuing (allows state resources to be utilized to respond to, and recover from, the effects of severe weather in Clarke, Crawford, Harrison, Mills, Polk, Ringgold, Shelby, and Union Counties)",2024-04-29,https://homelandsecurity.iowa.gov/media/105/download?inline,C,county/county-equivalent,129,MILLS,0,0,0.0,0.0,"Hail, Tornado",4,0.0
IA-PROC-2024-10,2024-10,Kimberly K. Reynolds,"Severe weather beginning April 26 and continuing (allows state resources to be utilized to respond to, and recover from, the effects of severe weather in Clarke, Crawford, Harrison, Mills, Polk, Ringgold, Shelby, and Union Counties)",2024-04-29,https://homelandsecurity.iowa.gov/media/105/download?inline,C,county/county-equivalent,133,MONONA,0,0,0.0,0.0,Tornado,3,0.0
IA-PROC-2024-10,2024-10,Kimberly K. Reynolds,"Severe weather beginning April 26 and continuing (allows state resources to be utilized to respond to, and recover from, the effects of severe weather in Clarke, Crawford, Harrison, Mills, Polk, Ringgold, Shelby, and Union Counties)",2024-04-29,https://homelandsecurity.iowa.gov/media/105/download?inline,C,county/county-equivalent,135,MONROE,0,0,0.0,0.0,"Flash Flood, Hail, Heavy Rain, Thunderstorm Wind",4,0.0
IA-PROC-2024-10,2024-10,Kimberly K. Reynolds,"Severe weather beginning April 26 and continuing (allows state resources to be utilized to respond to, and recover from, the effects of severe weather in Clarke, Crawford, Harrison, Mills, Polk, Ringgold, Shelby, and Union Counties)",2024-04-29,https://homelandsecurity.iowa.gov/media/105/download?inline,C,county/county-equivalent,137,MONTGOMERY,0,0,0.0,0.0,"Hail, Thunderstorm Wind",3,0.0
IA-PROC-2024-10,2024-10,Kimberly K. Reynolds,"Severe weather beginning April 26 and continuing (allows state resources to be utilized to respond to, and recover from, the effects of severe weather in Clarke, Crawford, Harrison, Mills, Polk, Ringgold, Shelby, and Union Counties)",2024-04-29,https://homelandsecurity.iowa.gov/media/105/download?inline,C,county/county-equivalent,139,MUSCATINE,0,0,0.0,0.0,Thunderstorm Wind,1,0.0
IA-PROC-2024-10,2024-10,Kimberly K. Reynolds,"Severe weather beginning April 26 and continuing (allows state resources to be utilized to respond to, and recover from, the effects of severe weather in Clarke, Crawford, Harrison, Mills, Polk, Ringgold, Shelby, and Union Counties)",2024-04-29,https://homelandsecurity.iowa.gov/media/105/download?inline,C,county/county-equivalent,141,O'BRIEN,0,0,0.0,0.0,Hail,3,0.0
IA-PROC-2024-10,2024-10,Kimberly K. Reynolds,"Severe weather beginning April 26 and continuing (allows state resources to be utilized to respond to, and recover from, the effects of severe weather in Clarke, Crawford, Harrison, Mills, Polk, Ringgold, Shelby, and Union Counties)",2024-04-29,https://homelandsecurity.iowa.gov/media/105/download?inline,C,county/county-equivalent,145,PAGE,0,0,0.0,0.0,Hail,1,0.0
IA-PROC-2024-10,2024-10,Kimberly K. Reynolds,"Severe weather beginning April 26 and continuing (allows state resources to be utilized to respond to, and recover from, the effects of severe weather in Clarke, Crawford, Harrison, Mills, Polk, Ringgold, Shelby, and Union Counties)",2024-04-29,https://homelandsecurity.iowa.gov/media/105/download?inline,C,county/county-equivalent,149,PLYMOUTH,0,0,0.0,0.0,Hail,4,0.0
IA-PROC-2024-10,2024-10,Kimberly K. Reynolds,"Severe weather beginning April 26 and continuing (allows state resources to be utilized to respond to, and recover from, the effects of severe weather in Clarke, Crawford, Harrison, Mills, Polk, Ringgold, Shelby, and Union Counties)",2024-04-29,https://homelandsecurity.iowa.gov/media/105/download?inline,C,county/county-equivalent,165,SHELBY,0,0,0.0,0.0,Tornado,3,0.0
IA-PROC-2024-10,2024-10,Kimberly K. Reynolds,"Severe weather beginning April 26 and continuing (allows state resources to be utilized to respond to, and recover from, the effects of severe weather in Clarke, Crawford, Harrison, Mills, Polk, Ringgold, Shelby, and Union Counties)",2024-04-29,https://homelandsecurity.iowa.gov/media/105/download?inline,C,county/county-equivalent,169,STORY,0,0,0.0,0.0,Hail,4,0.0
IA-PROC-2024-10,2024-10,Kimberly K. Reynolds,"Severe weather beginning April 26 and continuing (allows state resources to be utilized to respond to, and recover from, the effects of severe weather in Clarke, Crawford, Harrison, Mills, Polk, Ringgold, Shelby, and Union Counties)",2024-04-29,https://homelandsecurity.iowa.gov/media/105/download?inline,C,county/county-equivalent,173,TAYLOR,0,0,0.0,0.0,Hail,1,0.0
IA-PROC-2024-10,2024-10,Kimberly K. Reynolds,"Severe weather beginning April 26 and continuing (allows state resources to be utilized to respond to, and recover from, the effects of severe weather in Clarke, Crawford, Harrison, Mills, Polk, Ringgold, Shelby, and Union Counties)",2024-04-29,https://homelandsecurity.iowa.gov/media/105/download?inline,C,county/county-equivalent,177,VAN BUREN,0,0,0.0,0.0,Hail,1,0.0
IA-PROC-2024-10,2024-10,Kimberly K. Reynolds,"Severe weather beginning April 26 and continuing (allows state resources to be utilized to respond to, and recover from, the effects of severe weather in Clarke, Crawford, Harrison, Mills, Polk, Ringgold, Shelby, and Union Counties)",2024-04-29,https://homelandsecurity.iowa.gov/media/105/download?inline,C,county/county-equivalent,179,WAPELLO,0,0,0.0,0.0,Heavy Rain,1,0.0
IA-PROC-2024-10,2024-10,Kimberly K. Reynolds,"Severe weather beginning April 26 and continuing (allows state resources to be utilized to respond to, and recover from, the effects of severe weather in Clarke, Crawford, Harrison, Mills, Polk, Ringgold, Shelby, and Union Counties)",2024-04-29,https://homelandsecurity.iowa.gov/media/105/download?inline,C,county/county-equivalent,181,WARREN,0,0,0.0,0.0,Hail,4,0.0
IA-PROC-2024-10,2024-10,Kimberly K. Reynolds,"Severe weather beginning April 26 and continuing (allows state resources to be utilized to respond to, and recover from, the effects of severe weather in Clarke, Crawford, Harrison, Mills, Polk, Ringgold, Shelby, and Union Counties)",2024-04-29,https://homelandsecurity.iowa.gov/media/105/download?inline,C,county/county-equivalent,193,WOODBURY,0,0,0.0,0.0,Hail,1,0.0
IA-PROC-2024-11,2024-11,Kimberly K. Reynolds,"Severe weather beginning May 6 and continuing (allows state resources to be utilized to respond to, and recover from, the effects of severe weather in Clarke, Marion, O’Brien, and Pottawattamie Counties)",2024-05-08,https://homelandsecurity.iowa.gov/media/132/download?inline,C,county/county-equivalent,39,CLARKE,0,0,350000.0,0.0,Tornado,2,350000.0
IA-PROC-2024-11,2024-11,Kimberly K. Reynolds,"Severe weather beginning May 6 and continuing (allows state resources to be utilized to respond to, and recover from, the effects of severe weather in Clarke, Marion, O’Brien, and Pottawattamie Counties)",2024-05-08,https://homelandsecurity.iowa.gov/media/132/download?inline,C,county/county-equivalent,191,WINNESHIEK,0,0,0.0,300000.0,Hail,1,300000.0
IA-PROC-2024-11,2024-11,Kimberly K. Reynolds,"Severe weather beginning May 6 and continuing (allows state resources to be utilized to respond to, and recover from, the effects of severe weather in Clarke, Marion, O’Brien, and Pottawattamie Counties)",2024-05-08,https://homelandsecurity.iowa.gov/media/132/download?inline,C,county/county-equivalent,181,WARREN,0,0,50000.0,0.0,Tornado,1,50000.0
IA-PROC-2024-11,2024-11,Kimberly K. Reynolds,"Severe weather beginning May 6 and continuing (allows state resources to be utilized to respond to, and recover from, the effects of severe weather in Clarke, Marion, O’Brien, and Pottawattamie Counties)",2024-05-08,https://homelandsecurity.iowa.gov/media/132/download?inline,C,county/county-equivalent,99,JASPER,0,0,25000.0,0.0,Tornado,1,25000.0
IA-PROC-2024-11,2024-11,Kimberly K. Reynolds,"Severe weather beginning May 6 and continuing (allows state resources to be utilized to respond to, and recover from, the effects of severe weather in Clarke, Marion, O’Brien, and Pottawattamie Counties)",2024-05-08,https://homelandsecurity.iowa.gov/media/132/download?inline,C,county/county-equivalent,125,MARION,0,0,8000.0,0.0,Tornado,1,8000.0
IA-PROC-2024-11,2024-11,Kimberly K. Reynolds,"Severe weather beginning May 6 and continuing (allows state resources to be utilized to respond to, and recover from, the effects of severe weather in Clarke, Marion, O’Brien, and Pottawattamie Counties)",2024-05-08,https://homelandsecurity.iowa.gov/media/132/download?inline,C,county/county-equivalent,9,AUDUBON,0,0,0.0,0.0,"Hail, Thunderstorm Wind",2,0.0
IA-PROC-2024-11,2024-11,Kimberly K. Reynolds,"Severe weather beginning May 6 and continuing (allows state resources to be utilized to respond to, and recover from, the effects of severe weather in Clarke, Marion, O’Brien, and Pottawattamie Counties)",2024-05-08,https://homelandsecurity.iowa.gov/media/132/download?inline,C,county/county-equivalent,11,BENTON,0,0,0.0,0.0,Thunderstorm Wind,1,0.0
IA-PROC-2024-11,2024-11,Kimberly K. Reynolds,"Severe weather beginning May 6 and continuing (allows state resources to be utilized to respond to, and recover from, the effects of severe weather in Clarke, Marion, O’Brien, and Pottawattamie Counties)",2024-05-08,https://homelandsecurity.iowa.gov/media/132/download?inline,C,county/county-equivalent,13,BLACK HAWK,0,0,0.0,0.0,"Hail, Thunderstorm Wind",2,0.0
IA-PROC-2024-11,2024-11,Kimberly K. Reynolds,"Severe weather beginning May 6 and continuing (allows state resources to be utilized to respond to, and recover from, the effects of severe weather in Clarke, Marion, O’Brien, and Pottawattamie Counties)",2024-05-08,https://homelandsecurity.iowa.gov/media/132/download?inline,C,county/county-equivalent,15,BOONE,0,0,0.0,0.0,Hail,3,0.0
IA-PROC-2024-11,2024-11,Kimberly K. Reynolds,"Severe weather beginning May 6 and continuing (allows state resources to be utilized to respond to, and recover from, the effects of severe weather in Clarke, Marion, O’Brien, and Pottawattamie Counties)",2024-05-08,https://homelandsecurity.iowa.gov/media/132/download?inline,C,county/county-equivalent,19,BUCHANAN,0,0,0.0,0.0,Hail,3,0.0
IA-PROC-2024-11,2024-11,Kimberly K. Reynolds,"Severe weather beginning May 6 and continuing (allows state resources to be utilized to respond to, and recover from, the effects of severe weather in Clarke, Marion, O’Brien, and Pottawattamie Counties)",2024-05-08,https://homelandsecurity.iowa.gov/media/132/download?inline,C,county/county-equivalent,27,CARROLL,0,0,0.0,0.0,"Hail, Thunderstorm Wind",2,0.0
IA-PROC-2024-11,2024-11,Kimberly K. Reynolds,"Severe weather beginning May 6 and continuing (allows state resources to be utilized to respond to, and recover from, the effects of severe weather in Clarke, Marion, O’Brien, and Pottawattamie Counties)",2024-05-08,https://homelandsecurity.iowa.gov/media/132/download?inline,C,county/county-equivalent,29,CASS,0,0,0.0,0.0,Thunderstorm Wind,1,0.0
IA-PROC-2024-11,2024-11,Kimberly K. Reynolds,"Severe weather beginning May 6 and continuing (allows state resources to be utilized to respond to, and recover from, the effects of severe weather in Clarke, Marion, O’Brien, and Pottawattamie Counties)",2024-05-08,https://homelandsecurity.iowa.gov/media/132/download?inline,C,county/county-equivalent,31,CEDAR,0,0,0.0,0.0,Thunderstorm Wind,1,0.0
IA-PROC-2024-11,2024-11,Kimberly K. Reynolds,"Severe weather beginning May 6 and continuing (allows state resources to be utilized to respond to, and recover from, the effects of severe weather in Clarke, Marion, O’Brien, and Pottawattamie Counties)",2024-05-08,https://homelandsecurity.iowa.gov/media/132/download?inline,C,county/county-equivalent,35,CHEROKEE,0,0,0.0,0.0,Hail,1,0.0
IA-PROC-2024-11,2024-11,Kimberly K. Reynolds,"Severe weather beginning May 6 and continuing (allows state resources to be utilized to respond to, and recover from, the effects of severe weather in Clarke, Marion, O’Brien, and Pottawattamie Counties)",2024-05-08,https://homelandsecurity.iowa.gov/media/132/download?inline,C,county/county-equivalent,45,CLINTON,0,0,0.0,0.0,Thunderstorm Wind,2,0.0
IA-PROC-2024-11,2024-11,Kimberly K. Reynolds,"Severe weather beginning May 6 and continuing (allows state resources to be utilized to respond to, and recover from, the effects of severe weather in Clarke, Marion, O’Brien, and Pottawattamie Counties)",2024-05-08,https://homelandsecurity.iowa.gov/media/132/download?inline,C,county/county-equivalent,49,DALLAS,0,0,0.0,0.0,Thunderstorm Wind,1,0.0
IA-PROC-2024-11,2024-11,Kimberly K. Reynolds,"Severe weather beginning May 6 and continuing (allows state resources to be utilized to respond to, and recover from, the effects of severe weather in Clarke, Marion, O’Brien, and Pottawattamie Counties)",2024-05-08,https://homelandsecurity.iowa.gov/media/132/download?inline,C,county/county-equivalent,61,DUBUQUE,0,0,0.0,0.0,Hail,3,0.0
IA-PROC-2024-11,2024-11,Kimberly K. Reynolds,"Severe weather beginning May 6 and continuing (allows state resources to be utilized to respond to, and recover from, the effects of severe weather in Clarke, Marion, O’Brien, and Pottawattamie Counties)",2024-05-08,https://homelandsecurity.iowa.gov/media/132/download?inline,C,county/county-equivalent,67,FLOYD,0,0,0.0,0.0,Tornado,1,0.0
IA-PROC-2024-11,2024-11,Kimberly K. Reynolds,"Severe weather beginning May 6 and continuing (allows state resources to be utilized to respond to, and recover from, the effects of severe weather in Clarke, Marion, O’Brien, and Pottawattamie Counties)",2024-05-08,https://homelandsecurity.iowa.gov/media/132/download?inline,C,county/county-equivalent,75,GRUNDY,0,0,0.0,0.0,Thunderstorm Wind,1,0.0
IA-PROC-2024-11,2024-11,Kimberly K. Reynolds,"Severe weather beginning May 6 and continuing (allows state resources to be utilized to respond to, and recover from, the effects of severe weather in Clarke, Marion, O’Brien, and Pottawattamie Counties)",2024-05-08,https://homelandsecurity.iowa.gov/media/132/download?inline,C,county/county-equivalent,83,HARDIN,0,0,0.0,0.0,"Heavy Rain, Thunderstorm Wind",2,0.0
IA-PROC-2024-11,2024-11,Kimberly K. Reynolds,"Severe weather beginning May 6 and continuing (allows state resources to be utilized to respond to, and recover from, the effects of severe weather in Clarke, Marion, O’Brien, and Pottawattamie Counties)",2024-05-08,https://homelandsecurity.iowa.gov/media/132/download?inline,C,county/county-equivalent,87,HENRY,0,0,0.0,0.0,Thunderstorm Wind,2,0.0
IA-PROC-2024-11,2024-11,Kimberly K. Reynolds,"Severe weather beginning May 6 and continuing (allows state resources to be utilized to respond to, and recover from, the effects of severe weather in Clarke, Marion, O’Brien, and Pottawattamie Counties)",2024-05-08,https://homelandsecurity.iowa.gov/media/132/download?inline,C,county/county-equivalent,101,JEFFERSON,0,0,0.0,0.0,Thunderstorm Wind,1,0.0
IA-PROC-2024-11,2024-11,Kimberly K. Reynolds,"Severe weather beginning May 6 and continuing (allows state resources to be utilized to respond to, and recover from, the effects of severe weather in Clarke, Marion, O’Brien, and Pottawattamie Counties)",2024-05-08,https://homelandsecurity.iowa.gov/media/132/download?inline,C,county/county-equivalent,103,JOHNSON,0,0,0.0,0.0,"Hail, Thunderstorm Wind",2,0.0
IA-PROC-2024-11,2024-11,Kimberly K. Reynolds,"Severe weather beginning May 6 and continuing (allows state resources to be utilized to respond to, and recover from, the effects of severe weather in Clarke, Marion, O’Brien, and Pottawattamie Counties)",2024-05-08,https://homelandsecurity.iowa.gov/media/132/download?inline,C,county/county-equivalent,119,LYON,0,0,0.0,0.0,Thunderstorm Wind,1,0.0
IA-PROC-2024-11,2024-11,Kimberly K. Reynolds,"Severe weather beginning May 6 and continuing (allows state resources to be utilized to respond to, and recover from, the effects of severe weather in Clarke, Marion, O’Brien, and Pottawattamie Counties)",2024-05-08,https://homelandsecurity.iowa.gov/media/132/download?inline,C,county/county-equivalent,127,MARSHALL,0,0,0.0,0.0,Thunderstorm Wind,2,0.0
IA-PROC-2024-11,2024-11,Kimberly K. Reynolds,"Severe weather beginning May 6 and continuing (allows state resources to be utilized to respond to, and recover from, the effects of severe weather in Clarke, Marion, O’Brien, and Pottawattamie Counties)",2024-05-08,https://homelandsecurity.iowa.gov/media/132/download?inline,C,county/county-equivalent,129,MILLS,0,0,0.0,0.0,"Thunderstorm Wind, Tornado",2,0.0
IA-PROC-2024-11,2024-11,Kimberly K. Reynolds,"Severe weather beginning May 6 and continuing (allows state resources to be utilized to respond to, and recover from, the effects of severe weather in Clarke, Marion, O’Brien, and Pottawattamie Counties)",2024-05-08,https://homelandsecurity.iowa.gov/media/132/download?inline,C,county/county-equivalent,139,MUSCATINE,0,0,0.0,0.0,Thunderstorm Wind,2,0.0
IA-PROC-2024-11,2024-11,Kimberly K. Reynolds,"Severe weather beginning May 6 and continuing (allows state resources to be utilized to respond to, and recover from, the effects of severe weather in Clarke, Marion, O’Brien, and Pottawattamie Counties)",2024-05-08,https://homelandsecurity.iowa.gov/media/132/download?inline,C,county/county-equivalent,141,O'BRIEN,0,0,0.0,0.0,Thunderstorm Wind,1,0.0
IA-PROC-2024-11,2024-11,Kimberly K. Reynolds,"Severe weather beginning May 6 and continuing (allows state resources to be utilized to respond to, and recover from, the effects of severe weather in Clarke, Marion, O’Brien, and Pottawattamie Counties)",2024-05-08,https://homelandsecurity.iowa.gov/media/132/download?inline,C,county/county-equivalent,143,OSCEOLA,0,0,0.0,0.0,Thunderstorm Wind,1,0.0
IA-PROC-2024-11,2024-11,Kimberly K. Reynolds,"Severe weather beginning May 6 and continuing (allows state resources to be utilized to respond to, and recover from, the effects of severe weather in Clarke, Marion, O’Brien, and Pottawattamie Counties)",2024-05-08,https://homelandsecurity.iowa.gov/media/132/download?inline,C,county/county-equivalent,153,POLK,0,0,0.0,0.0,Thunderstorm Wind,4,0.0
IA-PROC-2024-11,2024-11,Kimberly K. Reynolds,"Severe weather beginning May 6 and continuing (allows state resources to be utilized to respond to, and recover from, the effects of severe weather in Clarke, Marion, O’Brien, and Pottawattamie Counties)",2024-05-08,https://homelandsecurity.iowa.gov/media/132/download?inline,C,county/county-equivalent,155,POTTAWATTAMIE,0,0,0.0,0.0,"Thunderstorm Wind, Tornado",6,0.0
IA-PROC-2024-11,2024-11,Kimberly K. Reynolds,"Severe weather beginning May 6 and continuing (allows state resources to be utilized to respond to, and recover from, the effects of severe weather in Clarke, Marion, O’Brien, and Pottawattamie Counties)",2024-05-08,https://homelandsecurity.iowa.gov/media/132/download?inline,C,county/county-equivalent,163,SCOTT,0,0,0.0,0.0,"Hail, Thunderstorm Wind",5,0.0
IA-PROC-2024-11,2024-11,Kimberly K. Reynolds,"Severe weather beginning May 6 and continuing (allows state resources to be utilized to respond to, and recover from, the effects of severe weather in Clarke, Marion, O’Brien, and Pottawattamie Counties)",2024-05-08,https://homelandsecurity.iowa.gov/media/132/download?inline,C,county/county-equivalent,165,SHELBY,0,0,0.0,0.0,"Thunderstorm Wind, Tornado",3,0.0
IA-PROC-2024-11,2024-11,Kimberly K. Reynolds,"Severe weather beginning May 6 and continuing (allows state resources to be utilized to respond to, and recover from, the effects of severe weather in Clarke, Marion, O’Brien, and Pottawattamie Counties)",2024-05-08,https://homelandsecurity.iowa.gov/media/132/download?inline,C,county/county-equivalent,169,STORY,0,0,0.0,0.0,Hail,1,0.0
IA-PROC-2024-11,2024-11,Kimberly K. Reynolds,"Severe weather beginning May 6 and continuing (allows state resources to be utilized to respond to, and recover from, the effects of severe weather in Clarke, Marion, O’Brien, and Pottawattamie Counties)",2024-05-08,https://homelandsecurity.iowa.gov/media/132/download?inline,C,county/county-equivalent,177,VAN BUREN,0,0,0.0,0.0,Thunderstorm Wind,1,0.0
IA-PROC-2024-11,2024-11,Kimberly K. Reynolds,"Severe weather beginning May 6 and continuing (allows state resources to be utilized to respond to, and recover from, the effects of severe weather in Clarke, Marion, O’Brien, and Pottawattamie Counties)",2024-05-08,https://homelandsecurity.iowa.gov/media/132/download?inline,C,county/county-equivalent,179,WAPELLO,0,0,0.0,0.0,Thunderstorm Wind,1,0.0
IA-PROC-2024-11,2024-11,Kimberly K. Reynolds,"Severe weather beginning May 6 and continuing (allows state resources to be utilized to respond to, and recover from, the effects of severe weather in Clarke, Marion, O’Brien, and Pottawattamie Counties)",2024-05-08,https://homelandsecurity.iowa.gov/media/132/download?inline,C,county/county-equivalent,183,WASHINGTON,0,0,0.0,0.0,Thunderstorm Wind,2,0.0
IA-PROC-2024-12,2024-12,Kimberly K. Reynolds,"Severe weather beginning May 20 and continuing (Adair, Adams, Cass, Clay, Hardin, Harrison, Jasper, Kossuth, Marshall, Montgomery, Page, Palo Alto, Pottawattamie, Tama, and Warren Counties)",2024-05-21,https://homelandsecurity.iowa.gov/media/325/download?inline,C,county/county-equivalent,1,ADAIR,4,35,30750000.0,0.0,"Hail, Thunderstorm Wind, Tornado",8,30750000.0
IA-PROC-2024-12,2024-12,Kimberly K. Reynolds,"Severe weather beginning May 20 and continuing (Adair, Adams, Cass, Clay, Hardin, Harrison, Jasper, Kossuth, Marshall, Montgomery, Page, Palo Alto, Pottawattamie, Tama, and Warren Counties)",2024-05-21,https://homelandsecurity.iowa.gov/media/325/download?inline,C,county/county-equivalent,3,ADAMS,1,0,2900000.0,0.0,Tornado,3,2900000.0
IA-PROC-2024-12,2024-12,Kimberly K. Reynolds,"Severe weather beginning May 20 and continuing (Adair, Adams, Cass, Clay, Hardin, Harrison, Jasper, Kossuth, Marshall, Montgomery, Page, Palo Alto, Pottawattamie, Tama, and Warren Counties)",2024-05-21,https://homelandsecurity.iowa.gov/media/325/download?inline,C,county/county-equivalent,153,POLK,0,2,5500000.0,0.0,"Hail, Heavy Rain, Thunderstorm Wind, Tornado",25,5500000.0
IA-PROC-2024-12,2024-12,Kimberly K. Reynolds,"Severe weather beginning May 20 and continuing (Adair, Adams, Cass, Clay, Hardin, Harrison, Jasper, Kossuth, Marshall, Montgomery, Page, Palo Alto, Pottawattamie, Tama, and Warren Counties)",2024-05-21,https://homelandsecurity.iowa.gov/media/325/download?inline,C,county/county-equivalent,169,STORY,0,2,3225000.0,0.0,"Hail, Thunderstorm Wind, Tornado",6,3225000.0
IA-PROC-2024-12,2024-12,Kimberly K. Reynolds,"Severe weather beginning May 20 and continuing (Adair, Adams, Cass, Clay, Hardin, Harrison, Jasper, Kossuth, Marshall, Montgomery, Page, Palo Alto, Pottawattamie, Tama, and Warren Counties)",2024-05-21,https://homelandsecurity.iowa.gov/media/325/download?inline,C,county/county-equivalent,65,FAYETTE,0,0,175000.0,35000.0,Thunderstorm Wind,2,210000.0
IA-PROC-2024-12,2024-12,Kimberly K. Reynolds,"Severe weather beginning May 20 and continuing (Adair, Adams, Cass, Clay, Hardin, Harrison, Jasper, Kossuth, Marshall, Montgomery, Page, Palo Alto, Pottawattamie, Tama, and Warren Counties)",2024-05-21,https://homelandsecurity.iowa.gov/media/325/download?inline,C,county/county-equivalent,67,FLOYD,0,0,130000.0,60000.0,Thunderstorm Wind,3,190000.0
IA-PROC-2024-12,2024-12,Kimberly K. Reynolds,"Severe weather beginning May 20 and continuing (Adair, Adams, Cass, Clay, Hardin, Harrison, Jasper, Kossuth, Marshall, Montgomery, Page, Palo Alto, Pottawattamie, Tama, and Warren Counties)",2024-05-21,https://homelandsecurity.iowa.gov/media/325/download?inline,C,county/county-equivalent,181,WARREN,0,0,167000.0,0.0,"Hail, Thunderstorm Wind, Tornado",12,167000.0
IA-PROC-2024-12,2024-12,Kimberly K. Reynolds,"Severe weather beginning May 20 and continuing (Adair, Adams, Cass, Clay, Hardin, Harrison, Jasper, Kossuth, Marshall, Montgomery, Page, Palo Alto, Pottawattamie, Tama, and Warren Counties)",2024-05-21,https://homelandsecurity.iowa.gov/media/325/download?inline,C,county/county-equivalent,33,CERRO GORDO,0,0,150000.0,0.0,"Heavy Rain, Thunderstorm Wind",4,150000.0
IA-PROC-2024-12,2024-12,Kimberly K. Reynolds,"Severe weather beginning May 20 and continuing (Adair, Adams, Cass, Clay, Hardin, Harrison, Jasper, Kossuth, Marshall, Montgomery, Page, Palo Alto, Pottawattamie, Tama, and Warren Counties)",2024-05-21,https://homelandsecurity.iowa.gov/media/325/download?inline,C,county/county-equivalent,99,JASPER,0,0,150000.0,0.0,"Flash Flood, Hail, Heavy Rain, Thunderstorm Wind",23,150000.0
IA-PROC-2024-12,2024-12,Kimberly K. Reynolds,"Severe weather beginning May 20 and continuing (Adair, Adams, Cass, Clay, Hardin, Harrison, Jasper, Kossuth, Marshall, Montgomery, Page, Palo Alto, Pottawattamie, Tama, and Warren Counties)",2024-05-21,https://homelandsecurity.iowa.gov/media/325/download?inline,C,county/county-equivalent,81,HANCOCK,0,0,100000.0,0.0,Thunderstorm Wind,1,100000.0
IA-PROC-2024-12,2024-12,Kimberly K. Reynolds,"Severe weather beginning May 20 and continuing (Adair, Adams, Cass, Clay, Hardin, Harrison, Jasper, Kossuth, Marshall, Montgomery, Page, Palo Alto, Pottawattamie, Tama, and Warren Counties)",2024-05-21,https://homelandsecurity.iowa.gov/media/325/download?inline,C,county/county-equivalent,23,BUTLER,0,0,95000.0,0.0,"Flash Flood, Heavy Rain, Thunderstorm Wind",11,95000.0
IA-PROC-2024-12,2024-12,Kimberly K. Reynolds,"Severe weather beginning May 20 and continuing (Adair, Adams, Cass, Clay, Hardin, Harrison, Jasper, Kossuth, Marshall, Montgomery, Page, Palo Alto, Pottawattamie, Tama, and Warren Counties)",2024-05-21,https://homelandsecurity.iowa.gov/media/325/download?inline,C,county/county-equivalent,155,POTTAWATTAMIE,0,0,75000.0,10000.0,"Flash Flood, Hail, Thunderstorm Wind, Tornado",4,85000.0
IA-PROC-2024-12,2024-12,Kimberly K. Reynolds,"Severe weather beginning May 20 and continuing (Adair, Adams, Cass, Clay, Hardin, Harrison, Jasper, Kossuth, Marshall, Montgomery, Page, Palo Alto, Pottawattamie, Tama, and Warren Counties)",2024-05-21,https://homelandsecurity.iowa.gov/media/325/download?inline,C,county/county-equivalent,79,HAMILTON,0,0,80000.0,0.0,"Thunderstorm Wind, Tornado",6,80000.0
IA-PROC-2024-12,2024-12,Kimberly K. Reynolds,"Severe weather beginning May 20 and continuing (Adair, Adams, Cass, Clay, Hardin, Harrison, Jasper, Kossuth, Marshall, Montgomery, Page, Palo Alto, Pottawattamie, Tama, and Warren Counties)",2024-05-21,https://homelandsecurity.iowa.gov/media/325/download?inline,C,county/county-equivalent,69,FRANKLIN,0,0,75000.0,0.0,Thunderstorm Wind,3,75000.0
IA-PROC-2024-12,2024-12,Kimberly K. Reynolds,"Severe weather beginning May 20 and continuing (Adair, Adams, Cass, Clay, Hardin, Harrison, Jasper, Kossuth, Marshall, Montgomery, Page, Palo Alto, Pottawattamie, Tama, and Warren Counties)",2024-05-21,https://homelandsecurity.iowa.gov/media/325/download?inline,C,county/county-equivalent,187,WEBSTER,0,0,75000.0,0.0,"Hail, Thunderstorm Wind",2,75000.0
IA-PROC-2024-12,2024-12,Kimberly K. Reynolds,"Severe weather beginning May 20 and continuing (Adair, Adams, Cass, Clay, Hardin, Harrison, Jasper, Kossuth, Marshall, Montgomery, Page, Palo Alto, Pottawattamie, Tama, and Warren Counties)",2024-05-21,https://homelandsecurity.iowa.gov/media/325/download?inline,C,county/county-equivalent,27,CARROLL,0,0,50000.0,0.0,Thunderstorm Wind,3,50000.0
IA-PROC-2024-12,2024-12,Kimberly K. Reynolds,"Severe weather beginning May 20 and continuing (Adair, Adams, Cass, Clay, Hardin, Harrison, Jasper, Kossuth, Marshall, Montgomery, Page, Palo Alto, Pottawattamie, Tama, and Warren Counties)",2024-05-21,https://homelandsecurity.iowa.gov/media/325/download?inline,C,county/county-equivalent,29,CASS,0,0,50000.0,0.0,"Hail, Thunderstorm Wind",3,50000.0
IA-PROC-2024-12,2024-12,Kimberly K. Reynolds,"Severe weather beginning May 20 and continuing (Adair, Adams, Cass, Clay, Hardin, Harrison, Jasper, Kossuth, Marshall, Montgomery, Page, Palo Alto, Pottawattamie, Tama, and Warren Counties)",2024-05-21,https://homelandsecurity.iowa.gov/media/325/download?inline,C,county/county-equivalent,49,DALLAS,0,0,30000.0,0.0,"Hail, Thunderstorm Wind, Tornado",10,30000.0
IA-PROC-2024-12,2024-12,Kimberly K. Reynolds,"Severe weather beginning May 20 and continuing (Adair, Adams, Cass, Clay, Hardin, Harrison, Jasper, Kossuth, Marshall, Montgomery, Page, Palo Alto, Pottawattamie, Tama, and Warren Counties)",2024-05-21,https://homelandsecurity.iowa.gov/media/325/download?inline,C,county/county-equivalent,195,WORTH,0,0,25000.0,0.0,Thunderstorm Wind,2,25000.0
IA-PROC-2024-12,2024-12,Kimberly K. Reynolds,"Severe weather beginning May 20 and continuing (Adair, Adams, Cass, Clay, Hardin, Harrison, Jasper, Kossuth, Marshall, Montgomery, Page, Palo Alto, Pottawattamie, Tama, and Warren Counties)",2024-05-21,https://homelandsecurity.iowa.gov/media/325/download?inline,C,county/county-equivalent,41,CLAY,0,0,0.0,23000.0,Hail,7,23000.0
IA-PROC-2024-12,2024-12,Kimberly K. Reynolds,"Severe weather beginning May 20 and continuing (Adair, Adams, Cass, Clay, Hardin, Harrison, Jasper, Kossuth, Marshall, Montgomery, Page, Palo Alto, Pottawattamie, Tama, and Warren Counties)",2024-05-21,https://homelandsecurity.iowa.gov/media/325/download?inline,C,county/county-equivalent,9,AUDUBON,0,0,20000.0,0.0,"Heavy Rain, Thunderstorm Wind, Tornado",6,20000.0
IA-PROC-2024-12,2024-12,Kimberly K. Reynolds,"Severe weather beginning May 20 and continuing (Adair, Adams, Cass, Clay, Hardin, Harrison, Jasper, Kossuth, Marshall, Montgomery, Page, Palo Alto, Pottawattamie, Tama, and Warren Counties)",2024-05-21,https://homelandsecurity.iowa.gov/media/325/download?inline,C,county/county-equivalent,121,MADISON,0,0,20000.0,0.0,"Hail, Thunderstorm Wind, Tornado",8,20000.0
IA-PROC-2024-12,2024-12,Kimberly K. Reynolds,"Severe weather beginning May 20 and continuing (Adair, Adams, Cass, Clay, Hardin, Harrison, Jasper, Kossuth, Marshall, Montgomery, Page, Palo Alto, Pottawattamie, Tama, and Warren Counties)",2024-05-21,https://homelandsecurity.iowa.gov/media/325/download?inline,C,county/county-equivalent,83,HARDIN,0,0,15000.0,0.0,"Flash Flood, Hail, Thunderstorm Wind",8,15000.0
IA-PROC-2024-12,2024-12,Kimberly K. Reynolds,"Severe weather beginning May 20 and continuing (Adair, Adams, Cass, Clay, Hardin, Harrison, Jasper, Kossuth, Marshall, Montgomery, Page, Palo Alto, Pottawattamie, Tama, and Warren Counties)",2024-05-21,https://homelandsecurity.iowa.gov/media/325/download?inline,C,county/county-equivalent,5,ALLAMAKEE,0,0,10000.0,1000.0,Thunderstorm Wind,1,11000.0
IA-PROC-2024-12,2024-12,Kimberly K. Reynolds,"Severe weather beginning May 20 and continuing (Adair, Adams, Cass, Clay, Hardin, Harrison, Jasper, Kossuth, Marshall, Montgomery, Page, Palo Alto, Pottawattamie, Tama, and Warren Counties)",2024-05-21,https://homelandsecurity.iowa.gov/media/325/download?inline,C,county/county-equivalent,13,BLACK HAWK,0,0,10000.0,0.0,"Hail, Thunderstorm Wind",6,10000.0
IA-PROC-2024-12,2024-12,Kimberly K. Reynolds,"Severe weather beginning May 20 and continuing (Adair, Adams, Cass, Clay, Hardin, Harrison, Jasper, Kossuth, Marshall, Montgomery, Page, Palo Alto, Pottawattamie, Tama, and Warren Counties)",2024-05-21,https://homelandsecurity.iowa.gov/media/325/download?inline,C,county/county-equivalent,15,BOONE,0,0,10000.0,0.0,"Flash Flood, Thunderstorm Wind, Tornado",4,10000.0
IA-PROC-2024-12,2024-12,Kimberly K. Reynolds,"Severe weather beginning May 20 and continuing (Adair, Adams, Cass, Clay, Hardin, Harrison, Jasper, Kossuth, Marshall, Montgomery, Page, Palo Alto, Pottawattamie, Tama, and Warren Counties)",2024-05-21,https://homelandsecurity.iowa.gov/media/325/download?inline,C,county/county-equivalent,171,TAMA,0,0,10000.0,0.0,"Flash Flood, Heavy Rain, Thunderstorm Wind",12,10000.0
IA-PROC-2024-12,2024-12,Kimberly K. Reynolds,"Severe weather beginning May 20 and continuing (Adair, Adams, Cass, Clay, Hardin, Harrison, Jasper, Kossuth, Marshall, Montgomery, Page, Palo Alto, Pottawattamie, Tama, and Warren Counties)",2024-05-21,https://homelandsecurity.iowa.gov/media/325/download?inline,C,county/county-equivalent,141,O'BRIEN,0,0,0.0,4000.0,Hail,5,4000.0
IA-PROC-2024-12,2024-12,Kimberly K. Reynolds,"Severe weather beginning May 20 and continuing (Adair, Adams, Cass, Clay, Hardin, Harrison, Jasper, Kossuth, Marshall, Montgomery, Page, Palo Alto, Pottawattamie, Tama, and Warren Counties)",2024-05-21,https://homelandsecurity.iowa.gov/media/325/download?inline,C,county/county-equivalent,35,CHEROKEE,0,0,0.0,2000.0,Hail,2,2000.0
IA-PROC-2024-12,2024-12,Kimberly K. Reynolds,"Severe weather beginning May 20 and continuing (Adair, Adams, Cass, Clay, Hardin, Harrison, Jasper, Kossuth, Marshall, Montgomery, Page, Palo Alto, Pottawattamie, Tama, and Warren Counties)",2024-05-21,https://homelandsecurity.iowa.gov/media/325/download?inline,C,county/county-equivalent,175,UNION,0,0,1000.0,0.0,"Hail, Tornado",3,1000.0
IA-PROC-2024-12,2024-12,Kimberly K. Reynolds,"Severe weather beginning May 20 and continuing (Adair, Adams, Cass, Clay, Hardin, Harrison, Jasper, Kossuth, Marshall, Montgomery, Page, Palo Alto, Pottawattamie, Tama, and Warren Counties)",2024-05-21,https://homelandsecurity.iowa.gov/media/325/download?inline,C,county/county-equivalent,11,BENTON,0,0,0.0,0.0,Thunderstorm Wind,8,0.0
IA-PROC-2024-12,2024-12,Kimberly K. Reynolds,"Severe weather beginning May 20 and continuing (Adair, Adams, Cass, Clay, Hardin, Harrison, Jasper, Kossuth, Marshall, Montgomery, Page, Palo Alto, Pottawattamie, Tama, and Warren Counties)",2024-05-21,https://homelandsecurity.iowa.gov/media/325/download?inline,C,county/county-equivalent,17,BREMER,0,0,0.0,0.0,Hail,1,0.0
IA-PROC-2024-12,2024-12,Kimberly K. Reynolds,"Severe weather beginning May 20 and continuing (Adair, Adams, Cass, Clay, Hardin, Harrison, Jasper, Kossuth, Marshall, Montgomery, Page, Palo Alto, Pottawattamie, Tama, and Warren Counties)",2024-05-21,https://homelandsecurity.iowa.gov/media/325/download?inline,C,county/county-equivalent,19,BUCHANAN,0,0,0.0,0.0,"Hail, Thunderstorm Wind",5,0.0
IA-PROC-2024-12,2024-12,Kimberly K. Reynolds,"Severe weather beginning May 20 and continuing (Adair, Adams, Cass, Clay, Hardin, Harrison, Jasper, Kossuth, Marshall, Montgomery, Page, Palo Alto, Pottawattamie, Tama, and Warren Counties)",2024-05-21,https://homelandsecurity.iowa.gov/media/325/download?inline,C,county/county-equivalent,21,BUENA VISTA,0,0,0.0,0.0,"Hail, Thunderstorm Wind, Tornado",6,0.0
IA-PROC-2024-12,2024-12,Kimberly K. Reynolds,"Severe weather beginning May 20 and continuing (Adair, Adams, Cass, Clay, Hardin, Harrison, Jasper, Kossuth, Marshall, Montgomery, Page, Palo Alto, Pottawattamie, Tama, and Warren Counties)",2024-05-21,https://homelandsecurity.iowa.gov/media/325/download?inline,C,county/county-equivalent,25,CALHOUN,0,0,0.0,0.0,"Hail, Thunderstorm Wind",3,0.0
IA-PROC-2024-12,2024-12,Kimberly K. Reynolds,"Severe weather beginning May 20 and continuing (Adair, Adams, Cass, Clay, Hardin, Harrison, Jasper, Kossuth, Marshall, Montgomery, Page, Palo Alto, Pottawattamie, Tama, and Warren Counties)",2024-05-21,https://homelandsecurity.iowa.gov/media/325/download?inline,C,county/county-equivalent,31,CEDAR,0,0,0.0,0.0,"Hail, Thunderstorm Wind, Tornado",20,0.0
IA-PROC-2024-12,2024-12,Kimberly K. Reynolds,"Severe weather beginning May 20 and continuing (Adair, Adams, Cass, Clay, Hardin, Harrison, Jasper, Kossuth, Marshall, Montgomery, Page, Palo Alto, Pottawattamie, Tama, and Warren Counties)",2024-05-21,https://homelandsecurity.iowa.gov/media/325/download?inline,C,county/county-equivalent,39,CLARKE,0,0,0.0,0.0,"Hail, Thunderstorm Wind",3,0.0
IA-PROC-2024-12,2024-12,Kimberly K. Reynolds,"Severe weather beginning May 20 and continuing (Adair, Adams, Cass, Clay, Hardin, Harrison, Jasper, Kossuth, Marshall, Montgomery, Page, Palo Alto, Pottawattamie, Tama, and Warren Counties)",2024-05-21,https://homelandsecurity.iowa.gov/media/325/download?inline,C,county/county-equivalent,43,CLAYTON,0,0,0.0,0.0,Thunderstorm Wind,1,0.0
IA-PROC-2024-12,2024-12,Kimberly K. Reynolds,"Severe weather beginning May 20 and continuing (Adair, Adams, Cass, Clay, Hardin, Harrison, Jasper, Kossuth, Marshall, Montgomery, Page, Palo Alto, Pottawattamie, Tama, and Warren Counties)",2024-05-21,https://homelandsecurity.iowa.gov/media/325/download?inline,C,county/county-equivalent,45,CLINTON,0,0,0.0,0.0,"Hail, Thunderstorm Wind, Tornado",9,0.0
IA-PROC-2024-12,2024-12,Kimberly K. Reynolds,"Severe weather beginning May 20 and continuing (Adair, Adams, Cass, Clay, Hardin, Harrison, Jasper, Kossuth, Marshall, Montgomery, Page, Palo Alto, Pottawattamie, Tama, and Warren Counties)",2024-05-21,https://homelandsecurity.iowa.gov/media/325/download?inline,C,county/county-equivalent,53,DECATUR,0,0,0.0,0.0,Hail,1,0.0
IA-PROC-2024-12,2024-12,Kimberly K. Reynolds,"Severe weather beginning May 20 and continuing (Adair, Adams, Cass, Clay, Hardin, Harrison, Jasper, Kossuth, Marshall, Montgomery, Page, Palo Alto, Pottawattamie, Tama, and Warren Counties)",2024-05-21,https://homelandsecurity.iowa.gov/media/325/download?inline,C,county/county-equivalent,55,DELAWARE,0,0,0.0,0.0,Thunderstorm Wind,1,0.0
IA-PROC-2024-12,2024-12,Kimberly K. Reynolds,"Severe weather beginning May 20 and continuing (Adair, Adams, Cass, Clay, Hardin, Harrison, Jasper, Kossuth, Marshall, Montgomery, Page, Palo Alto, Pottawattamie, Tama, and Warren Counties)",2024-05-21,https://homelandsecurity.iowa.gov/media/325/download?inline,C,county/county-equivalent,59,DICKINSON,0,0,0.0,0.0,Hail,4,0.0
IA-PROC-2024-12,2024-12,Kimberly K. Reynolds,"Severe weather beginning May 20 and continuing (Adair, Adams, Cass, Clay, Hardin, Harrison, Jasper, Kossuth, Marshall, Montgomery, Page, Palo Alto, Pottawattamie, Tama, and Warren Counties)",2024-05-21,https://homelandsecurity.iowa.gov/media/325/download?inline,C,county/county-equivalent,61,DUBUQUE,0,0,0.0,0.0,"Hail, Thunderstorm Wind",7,0.0
IA-PROC-2024-12,2024-12,Kimberly K. Reynolds,"Severe weather beginning May 20 and continuing (Adair, Adams, Cass, Clay, Hardin, Harrison, Jasper, Kossuth, Marshall, Montgomery, Page, Palo Alto, Pottawattamie, Tama, and Warren Counties)",2024-05-21,https://homelandsecurity.iowa.gov/media/325/download?inline,C,county/county-equivalent,63,EMMET,0,0,0.0,0.0,Thunderstorm Wind,1,0.0
IA-PROC-2024-12,2024-12,Kimberly K. Reynolds,"Severe weather beginning May 20 and continuing (Adair, Adams, Cass, Clay, Hardin, Harrison, Jasper, Kossuth, Marshall, Montgomery, Page, Palo Alto, Pottawattamie, Tama, and Warren Counties)",2024-05-21,https://homelandsecurity.iowa.gov/media/325/download?inline,C,county/county-equivalent,71,FREMONT,0,0,0.0,0.0,Hail,2,0.0
IA-PROC-2024-12,2024-12,Kimberly K. Reynolds,"Severe weather beginning May 20 and continuing (Adair, Adams, Cass, Clay, Hardin, Harrison, Jasper, Kossuth, Marshall, Montgomery, Page, Palo Alto, Pottawattamie, Tama, and Warren Counties)",2024-05-21,https://homelandsecurity.iowa.gov/media/325/download?inline,C,county/county-equivalent,73,GREENE,0,0,0.0,0.0,Hail,1,0.0
IA-PROC-2024-12,2024-12,Kimberly K. Reynolds,"Severe weather beginning May 20 and continuing (Adair, Adams, Cass, Clay, Hardin, Harrison, Jasper, Kossuth, Marshall, Montgomery, Page, Palo Alto, Pottawattamie, Tama, and Warren Counties)",2024-05-21,https://homelandsecurity.iowa.gov/media/325/download?inline,C,county/county-equivalent,75,GRUNDY,0,0,0.0,0.0,"Flash Flood, Hail, Thunderstorm Wind",4,0.0
IA-PROC-2024-12,2024-12,Kimberly K. Reynolds,"Severe weather beginning May 20 and continuing (Adair, Adams, Cass, Clay, Hardin, Harrison, Jasper, Kossuth, Marshall, Montgomery, Page, Palo Alto, Pottawattamie, Tama, and Warren Counties)",2024-05-21,https://homelandsecurity.iowa.gov/media/325/download?inline,C,county/county-equivalent,77,GUTHRIE,0,0,0.0,0.0,"Flash Flood, Heavy Rain, Thunderstorm Wind",4,0.0
IA-PROC-2024-12,2024-12,Kimberly K. Reynolds,"Severe weather beginning May 20 and continuing (Adair, Adams, Cass, Clay, Hardin, Harrison, Jasper, Kossuth, Marshall, Montgomery, Page, Palo Alto, Pottawattamie, Tama, and Warren Counties)",2024-05-21,https://homelandsecurity.iowa.gov/media/325/download?inline,C,county/county-equivalent,85,HARRISON,0,0,0.0,0.0,"Thunderstorm Wind, Tornado",7,0.0
IA-PROC-2024-12,2024-12,Kimberly K. Reynolds,"Severe weather beginning May 20 and continuing (Adair, Adams, Cass, Clay, Hardin, Harrison, Jasper, Kossuth, Marshall, Montgomery, Page, Palo Alto, Pottawattamie, Tama, and Warren Counties)",2024-05-21,https://homelandsecurity.iowa.gov/media/325/download?inline,C,county/county-equivalent,87,HENRY,0,0,0.0,0.0,Thunderstorm Wind,2,0.0
IA-PROC-2024-12,2024-12,Kimberly K. Reynolds,"Severe weather beginning May 20 and continuing (Adair, Adams, Cass, Clay, Hardin, Harrison, Jasper, Kossuth, Marshall, Montgomery, Page, Palo Alto, Pottawattamie, Tama, and Warren Counties)",2024-05-21,https://homelandsecurity.iowa.gov/media/325/download?inline,C,county/county-equivalent,91,HUMBOLDT,0,0,0.0,0.0,Thunderstorm Wind,1,0.0
IA-PROC-2024-12,2024-12,Kimberly K. Reynolds,"Severe weather beginning May 20 and continuing (Adair, Adams, Cass, Clay, Hardin, Harrison, Jasper, Kossuth, Marshall, Montgomery, Page, Palo Alto, Pottawattamie, Tama, and Warren Counties)",2024-05-21,https://homelandsecurity.iowa.gov/media/325/download?inline,C,county/county-equivalent,95,IOWA,0,0,0.0,0.0,"Hail, Thunderstorm Wind",3,0.0
IA-PROC-2024-12,2024-12,Kimberly K. Reynolds,"Severe weather beginning May 20 and continuing (Adair, Adams, Cass, Clay, Hardin, Harrison, Jasper, Kossuth, Marshall, Montgomery, Page, Palo Alto, Pottawattamie, Tama, and Warren Counties)",2024-05-21,https://homelandsecurity.iowa.gov/media/325/download?inline,C,county/county-equivalent,97,JACKSON,0,0,0.0,0.0,Thunderstorm Wind,8,0.0
IA-PROC-2024-12,2024-12,Kimberly K. Reynolds,"Severe weather beginning May 20 and continuing (Adair, Adams, Cass, Clay, Hardin, Harrison, Jasper, Kossuth, Marshall, Montgomery, Page, Palo Alto, Pottawattamie, Tama, and Warren Counties)",2024-05-21,https://homelandsecurity.iowa.gov/media/325/download?inline,C,county/county-equivalent,103,JOHNSON,0,0,0.0,0.0,"Hail, Thunderstorm Wind, Tornado",15,0.0
IA-PROC-2024-12,2024-12,Kimberly K. Reynolds,"Severe weather beginning May 20 and continuing (Adair, Adams, Cass, Clay, Hardin, Harrison, Jasper, Kossuth, Marshall, Montgomery, Page, Palo Alto, Pottawattamie, Tama, and Warren Counties)",2024-05-21,https://homelandsecurity.iowa.gov/media/325/download?inline,C,county/county-equivalent,105,JONES,0,0,0.0,0.0,"Hail, Thunderstorm Wind",8,0.0
IA-PROC-2024-12,2024-12,Kimberly K. Reynolds,"Severe weather beginning May 20 and continuing (Adair, Adams, Cass, Clay, Hardin, Harrison, Jasper, Kossuth, Marshall, Montgomery, Page, Palo Alto, Pottawattamie, Tama, and Warren Counties)",2024-05-21,https://homelandsecurity.iowa.gov/media/325/download?inline,C,county/county-equivalent,107,KEOKUK,0,0,0.0,0.0,"Thunderstorm Wind, Tornado",2,0.0
IA-PROC-2024-12,2024-12,Kimberly K. Reynolds,"Severe weather beginning May 20 and continuing (Adair, Adams, Cass, Clay, Hardin, Harrison, Jasper, Kossuth, Marshall, Montgomery, Page, Palo Alto, Pottawattamie, Tama, and Warren Counties)",2024-05-21,https://homelandsecurity.iowa.gov/media/325/download?inline,C,county/county-equivalent,109,KOSSUTH,0,0,0.0,0.0,"Flash Flood, Hail, Heavy Rain, Thunderstorm Wind",10,0.0
IA-PROC-2024-12,2024-12,Kimberly K. Reynolds,"Severe weather beginning May 20 and continuing (Adair, Adams, Cass, Clay, Hardin, Harrison, Jasper, Kossuth, Marshall, Montgomery, Page, Palo Alto, Pottawattamie, Tama, and Warren Counties)",2024-05-21,https://homelandsecurity.iowa.gov/media/325/download?inline,C,county/county-equivalent,113,LINN,0,0,0.0,0.0,"Hail, Thunderstorm Wind, Tornado",12,0.0
IA-PROC-2024-12,2024-12,Kimberly K. Reynolds,"Severe weather beginning May 20 and continuing (Adair, Adams, Cass, Clay, Hardin, Harrison, Jasper, Kossuth, Marshall, Montgomery, Page, Palo Alto, Pottawattamie, Tama, and Warren Counties)",2024-05-21,https://homelandsecurity.iowa.gov/media/325/download?inline,C,county/county-equivalent,115,LOUISA,0,0,0.0,0.0,Thunderstorm Wind,2,0.0
IA-PROC-2024-12,2024-12,Kimberly K. Reynolds,"Severe weather beginning May 20 and continuing (Adair, Adams, Cass, Clay, Hardin, Harrison, Jasper, Kossuth, Marshall, Montgomery, Page, Palo Alto, Pottawattamie, Tama, and Warren Counties)",2024-05-21,https://homelandsecurity.iowa.gov/media/325/download?inline,C,county/county-equivalent,117,LUCAS,0,0,0.0,0.0,Hail,1,0.0
IA-PROC-2024-12,2024-12,Kimberly K. Reynolds,"Severe weather beginning May 20 and continuing (Adair, Adams, Cass, Clay, Hardin, Harrison, Jasper, Kossuth, Marshall, Montgomery, Page, Palo Alto, Pottawattamie, Tama, and Warren Counties)",2024-05-21,https://homelandsecurity.iowa.gov/media/325/download?inline,C,county/county-equivalent,123,MAHASKA,0,0,0.0,0.0,"Hail, Thunderstorm Wind",4,0.0
IA-PROC-2024-12,2024-12,Kimberly K. Reynolds,"Severe weather beginning May 20 and continuing (Adair, Adams, Cass, Clay, Hardin, Harrison, Jasper, Kossuth, Marshall, Montgomery, Page, Palo Alto, Pottawattamie, Tama, and Warren Counties)",2024-05-21,https://homelandsecurity.iowa.gov/media/325/download?inline,C,county/county-equivalent,125,MARION,0,0,0.0,0.0,"Hail, Thunderstorm Wind",13,0.0
IA-PROC-2024-12,2024-12,Kimberly K. Reynolds,"Severe weather beginning May 20 and continuing (Adair, Adams, Cass, Clay, Hardin, Harrison, Jasper, Kossuth, Marshall, Montgomery, Page, Palo Alto, Pottawattamie, Tama, and Warren Counties)",2024-05-21,https://homelandsecurity.iowa.gov/media/325/download?inline,C,county/county-equivalent,127,MARSHALL,0,0,0.0,0.0,"Heavy Rain, Thunderstorm Wind",2,0.0
IA-PROC-2024-12,2024-12,Kimberly K. Reynolds,"Severe weather beginning May 20 and continuing (Adair, Adams, Cass, Clay, Hardin, Harrison, Jasper, Kossuth, Marshall, Montgomery, Page, Palo Alto, Pottawattamie, Tama, and Warren Counties)",2024-05-21,https://homelandsecurity.iowa.gov/media/325/download?inline,C,county/county-equivalent,129,MILLS,0,0,0.0,0.0,Thunderstorm Wind,5,0.0
IA-PROC-2024-12,2024-12,Kimberly K. Reynolds,"Severe weather beginning May 20 and continuing (Adair, Adams, Cass, Clay, Hardin, Harrison, Jasper, Kossuth, Marshall, Montgomery, Page, Palo Alto, Pottawattamie, Tama, and Warren Counties)",2024-05-21,https://homelandsecurity.iowa.gov/media/325/download?inline,C,county/county-equivalent,131,MITCHELL,0,0,0.0,0.0,Thunderstorm Wind,1,0.0
IA-PROC-2024-12,2024-12,Kimberly K. Reynolds,"Severe weather beginning May 20 and continuing (Adair, Adams, Cass, Clay, Hardin, Harrison, Jasper, Kossuth, Marshall, Montgomery, Page, Palo Alto, Pottawattamie, Tama, and Warren Counties)",2024-05-21,https://homelandsecurity.iowa.gov/media/325/download?inline,C,county/county-equivalent,133,MONONA,0,0,0.0,0.0,"Hail, Thunderstorm Wind",2,0.0
IA-PROC-2024-12,2024-12,Kimberly K. Reynolds,"Severe weather beginning May 20 and continuing (Adair, Adams, Cass, Clay, Hardin, Harrison, Jasper, Kossuth, Marshall, Montgomery, Page, Palo Alto, Pottawattamie, Tama, and Warren Counties)",2024-05-21,https://homelandsecurity.iowa.gov/media/325/download?inline,C,county/county-equivalent,135,MONROE,0,0,0.0,0.0,"Hail, Thunderstorm Wind",4,0.0
IA-PROC-2024-12,2024-12,Kimberly K. Reynolds,"Severe weather beginning May 20 and continuing (Adair, Adams, Cass, Clay, Hardin, Harrison, Jasper, Kossuth, Marshall, Montgomery, Page, Palo Alto, Pottawattamie, Tama, and Warren Counties)",2024-05-21,https://homelandsecurity.iowa.gov/media/325/download?inline,C,county/county-equivalent,137,MONTGOMERY,0,0,0.0,0.0,"Hail, Thunderstorm Wind, Tornado",10,0.0
IA-PROC-2024-12,2024-12,Kimberly K. Reynolds,"Severe weather beginning May 20 and continuing (Adair, Adams, Cass, Clay, Hardin, Harrison, Jasper, Kossuth, Marshall, Montgomery, Page, Palo Alto, Pottawattamie, Tama, and Warren Counties)",2024-05-21,https://homelandsecurity.iowa.gov/media/325/download?inline,C,county/county-equivalent,139,MUSCATINE,0,0,0.0,0.0,"Hail, Thunderstorm Wind, Tornado",8,0.0
IA-PROC-2024-12,2024-12,Kimberly K. Reynolds,"Severe weather beginning May 20 and continuing (Adair, Adams, Cass, Clay, Hardin, Harrison, Jasper, Kossuth, Marshall, Montgomery, Page, Palo Alto, Pottawattamie, Tama, and Warren Counties)",2024-05-21,https://homelandsecurity.iowa.gov/media/325/download?inline,C,county/county-equivalent,145,PAGE,0,0,0.0,0.0,"Hail, Thunderstorm Wind, Tornado",6,0.0
IA-PROC-2024-12,2024-12,Kimberly K. Reynolds,"Severe weather beginning May 20 and continuing (Adair, Adams, Cass, Clay, Hardin, Harrison, Jasper, Kossuth, Marshall, Montgomery, Page, Palo Alto, Pottawattamie, Tama, and Warren Counties)",2024-05-21,https://homelandsecurity.iowa.gov/media/325/download?inline,C,county/county-equivalent,147,PALO ALTO,0,0,0.0,0.0,Hail,2,0.0
IA-PROC-2024-12,2024-12,Kimberly K. Reynolds,"Severe weather beginning May 20 and continuing (Adair, Adams, Cass, Clay, Hardin, Harrison, Jasper, Kossuth, Marshall, Montgomery, Page, Palo Alto, Pottawattamie, Tama, and Warren Counties)",2024-05-21,https://homelandsecurity.iowa.gov/media/325/download?inline,C,county/county-equivalent,149,PLYMOUTH,0,0,0.0,0.0,"Hail, Thunderstorm Wind",3,0.0
IA-PROC-2024-12,2024-12,Kimberly K. Reynolds,"Severe weather beginning May 20 and continuing (Adair, Adams, Cass, Clay, Hardin, Harrison, Jasper, Kossuth, Marshall, Montgomery, Page, Palo Alto, Pottawattamie, Tama, and Warren Counties)",2024-05-21,https://homelandsecurity.iowa.gov/media/325/download?inline,C,county/county-equivalent,151,POCAHONTAS,0,0,0.0,0.0,Thunderstorm Wind,1,0.0
IA-PROC-2024-12,2024-12,Kimberly K. Reynolds,"Severe weather beginning May 20 and continuing (Adair, Adams, Cass, Clay, Hardin, Harrison, Jasper, Kossuth, Marshall, Montgomery, Page, Palo Alto, Pottawattamie, Tama, and Warren Counties)",2024-05-21,https://homelandsecurity.iowa.gov/media/325/download?inline,C,county/county-equivalent,163,SCOTT,0,0,0.0,0.0,"Thunderstorm Wind, Tornado",9,0.0
IA-PROC-2024-12,2024-12,Kimberly K. Reynolds,"Severe weather beginning May 20 and continuing (Adair, Adams, Cass, Clay, Hardin, Harrison, Jasper, Kossuth, Marshall, Montgomery, Page, Palo Alto, Pottawattamie, Tama, and Warren Counties)",2024-05-21,https://homelandsecurity.iowa.gov/media/325/download?inline,C,county/county-equivalent,165,SHELBY,0,0,0.0,0.0,"Hail, Thunderstorm Wind, Tornado",7,0.0
IA-PROC-2024-12,2024-12,Kimberly K. Reynolds,"Severe weather beginning May 20 and continuing (Adair, Adams, Cass, Clay, Hardin, Harrison, Jasper, Kossuth, Marshall, Montgomery, Page, Palo Alto, Pottawattamie, Tama, and Warren Counties)",2024-05-21,https://homelandsecurity.iowa.gov/media/325/download?inline,C,county/county-equivalent,173,TAYLOR,0,0,0.0,0.0,Tornado,1,0.0
IA-PROC-2024-12,2024-12,Kimberly K. Reynolds,"Severe weather beginning May 20 and continuing (Adair, Adams, Cass, Clay, Hardin, Harrison, Jasper, Kossuth, Marshall, Montgomery, Page, Palo Alto, Pottawattamie, Tama, and Warren Counties)",2024-05-21,https://homelandsecurity.iowa.gov/media/325/download?inline,C,county/county-equivalent,177,VAN BUREN,0,0,0.0,0.0,Thunderstorm Wind,1,0.0
IA-PROC-2024-12,2024-12,Kimberly K. Reynolds,"Severe weather beginning May 20 and continuing (Adair, Adams, Cass, Clay, Hardin, Harrison, Jasper, Kossuth, Marshall, Montgomery, Page, Palo Alto, Pottawattamie, Tama, and Warren Counties)",2024-05-21,https://homelandsecurity.iowa.gov/media/325/download?inline,C,county/county-equivalent,183,WASHINGTON,0,0,0.0,0.0,"Thunderstorm Wind, Tornado",5,0.0
IA-PROC-2024-12,2024-12,Kimberly K. Reynolds,"Severe weather beginning May 20 and continuing (Adair, Adams, Cass, Clay, Hardin, Harrison, Jasper, Kossuth, Marshall, Montgomery, Page, Palo Alto, Pottawattamie, Tama, and Warren Counties)",2024-05-21,https://homelandsecurity.iowa.gov/media/325/download?inline,C,county/county-equivalent,185,WAYNE,0,0,0.0,0.0,Hail,4,0.0
IA-PROC-2024-12,2024-12,Kimberly K. Reynolds,"Severe weather beginning May 20 and continuing (Adair, Adams, Cass, Clay, Hardin, Harrison, Jasper, Kossuth, Marshall, Montgomery, Page, Palo Alto, Pottawattamie, Tama, and Warren Counties)",2024-05-21,https://homelandsecurity.iowa.gov/media/325/download?inline,C,county/county-equivalent,193,WOODBURY,0,0,0.0,0.0,"Hail, Thunderstorm Wind",6,0.0
IA-PROC-2024-12,2024-12,Kimberly K. Reynolds,"Severe weather beginning May 20 and continuing (Adair, Adams, Cass, Clay, Hardin, Harrison, Jasper, Kossuth, Marshall, Montgomery, Page, Palo Alto, Pottawattamie, Tama, and Warren Counties)",2024-05-21,https://homelandsecurity.iowa.gov/media/325/download?inline,C,county/county-equivalent,197,WRIGHT,0,0,0.0,0.0,Thunderstorm Wind,1,0.0
IA-PROC-2024-13,2024-13,Kimberly K. Reynolds,"Severe weather beginning May 20 and continuing (Black Hawk, Buena Vista, Butler, Cedar, Clinton, Dubuque, Fayette, Franklin, Hancock, Humboldt, Iowa, Jackson, Mills, Muscatine, O'Brien, Polk and Story Counties)",2024-05-22,https://homelandsecurity.iowa.gov/media/327/download?inline,C,county/county-equivalent,1,ADAIR,4,35,30750000.0,0.0,"Hail, Thunderstorm Wind, Tornado",8,30750000.0
IA-PROC-2024-13,2024-13,Kimberly K. Reynolds,"Severe weather beginning May 20 and continuing (Black Hawk, Buena Vista, Butler, Cedar, Clinton, Dubuque, Fayette, Franklin, Hancock, Humboldt, Iowa, Jackson, Mills, Muscatine, O'Brien, Polk and Story Counties)",2024-05-22,https://homelandsecurity.iowa.gov/media/327/download?inline,C,county/county-equivalent,3,ADAMS,1,0,2900000.0,0.0,Tornado,3,2900000.0
IA-PROC-2024-13,2024-13,Kimberly K. Reynolds,"Severe weather beginning May 20 and continuing (Black Hawk, Buena Vista, Butler, Cedar, Clinton, Dubuque, Fayette, Franklin, Hancock, Humboldt, Iowa, Jackson, Mills, Muscatine, O'Brien, Polk and Story Counties)",2024-05-22,https://homelandsecurity.iowa.gov/media/327/download?inline,C,county/county-equivalent,153,POLK,0,2,5500000.0,0.0,"Hail, Heavy Rain, Thunderstorm Wind, Tornado",25,5500000.0
IA-PROC-2024-13,2024-13,Kimberly K. Reynolds,"Severe weather beginning May 20 and continuing (Black Hawk, Buena Vista, Butler, Cedar, Clinton, Dubuque, Fayette, Franklin, Hancock, Humboldt, Iowa, Jackson, Mills, Muscatine, O'Brien, Polk and Story Counties)",2024-05-22,https://homelandsecurity.iowa.gov/media/327/download?inline,C,county/county-equivalent,169,STORY,0,2,3225000.0,0.0,"Hail, Thunderstorm Wind, Tornado",6,3225000.0
IA-PROC-2024-13,2024-13,Kimberly K. Reynolds,"Severe weather beginning May 20 and continuing (Black Hawk, Buena Vista, Butler, Cedar, Clinton, Dubuque, Fayette, Franklin, Hancock, Humboldt, Iowa, Jackson, Mills, Muscatine, O'Brien, Polk and Story Counties)",2024-05-22,https://homelandsecurity.iowa.gov/media/327/download?inline,C,county/county-equivalent,65,FAYETTE,0,0,175000.0,35000.0,Thunderstorm Wind,2,210000.0
IA-PROC-2024-13,2024-13,Kimberly K. Reynolds,"Severe weather beginning May 20 and continuing (Black Hawk, Buena Vista, Butler, Cedar, Clinton, Dubuque, Fayette, Franklin, Hancock, Humboldt, Iowa, Jackson, Mills, Muscatine, O'Brien, Polk and Story Counties)",2024-05-22,https://homelandsecurity.iowa.gov/media/327/download?inline,C,county/county-equivalent,67,FLOYD,0,0,130000.0,60000.0,Thunderstorm Wind,3,190000.0
IA-PROC-2024-13,2024-13,Kimberly K. Reynolds,"Severe weather beginning May 20 and continuing (Black Hawk, Buena Vista, Butler, Cedar, Clinton, Dubuque, Fayette, Franklin, Hancock, Humboldt, Iowa, Jackson, Mills, Muscatine, O'Brien, Polk and Story Counties)",2024-05-22,https://homelandsecurity.iowa.gov/media/327/download?inline,C,county/county-equivalent,181,WARREN,0,0,167000.0,0.0,"Hail, Thunderstorm Wind, Tornado",12,167000.0
IA-PROC-2024-13,2024-13,Kimberly K. Reynolds,"Severe weather beginning May 20 and continuing (Black Hawk, Buena Vista, Butler, Cedar, Clinton, Dubuque, Fayette, Franklin, Hancock, Humboldt, Iowa, Jackson, Mills, Muscatine, O'Brien, Polk and Story Counties)",2024-05-22,https://homelandsecurity.iowa.gov/media/327/download?inline,C,county/county-equivalent,33,CERRO GORDO,0,0,150000.0,0.0,"Heavy Rain, Thunderstorm Wind",4,150000.0
IA-PROC-2024-13,2024-13,Kimberly K. Reynolds,"Severe weather beginning May 20 and continuing (Black Hawk, Buena Vista, Butler, Cedar, Clinton, Dubuque, Fayette, Franklin, Hancock, Humboldt, Iowa, Jackson, Mills, Muscatine, O'Brien, Polk and Story Counties)",2024-05-22,https://homelandsecurity.iowa.gov/media/327/download?inline,C,county/county-equivalent,99,JASPER,0,0,150000.0,0.0,"Flash Flood, Hail, Heavy Rain, Thunderstorm Wind",23,150000.0
IA-PROC-2024-13,2024-13,Kimberly K. Reynolds,"Severe weather beginning May 20 and continuing (Black Hawk, Buena Vista, Butler, Cedar, Clinton, Dubuque, Fayette, Franklin, Hancock, Humboldt, Iowa, Jackson, Mills, Muscatine, O'Brien, Polk and Story Counties)",2024-05-22,https://homelandsecurity.iowa.gov/media/327/download?inline,C,county/county-equivalent,81,HANCOCK,0,0,100000.0,0.0,Thunderstorm Wind,1,100000.0
IA-PROC-2024-13,2024-13,Kimberly K. Reynolds,"Severe weather beginning May 20 and continuing (Black Hawk, Buena Vista, Butler, Cedar, Clinton, Dubuque, Fayette, Franklin, Hancock, Humboldt, Iowa, Jackson, Mills, Muscatine, O'Brien, Polk and Story Counties)",2024-05-22,https://homelandsecurity.iowa.gov/media/327/download?inline,C,county/county-equivalent,23,BUTLER,0,0,95000.0,0.0,"Flash Flood, Heavy Rain, Thunderstorm Wind",11,95000.0
IA-PROC-2024-13,2024-13,Kimberly K. Reynolds,"Severe weather beginning May 20 and continuing (Black Hawk, Buena Vista, Butler, Cedar, Clinton, Dubuque, Fayette, Franklin, Hancock, Humboldt, Iowa, Jackson, Mills, Muscatine, O'Brien, Polk and Story Counties)",2024-05-22,https://homelandsecurity.iowa.gov/media/327/download?inline,C,county/county-equivalent,155,POTTAWATTAMIE,0,0,75000.0,10000.0,"Flash Flood, Hail, Thunderstorm Wind, Tornado",5,85000.0
IA-PROC-2024-13,2024-13,Kimberly K. Reynolds,"Severe weather beginning May 20 and continuing (Black Hawk, Buena Vista, Butler, Cedar, Clinton, Dubuque, Fayette, Franklin, Hancock, Humboldt, Iowa, Jackson, Mills, Muscatine, O'Brien, Polk and Story Counties)",2024-05-22,https://homelandsecurity.iowa.gov/media/327/download?inline,C,county/county-equivalent,79,HAMILTON,0,0,80000.0,0.0,"Thunderstorm Wind, Tornado",6,80000.0
IA-PROC-2024-13,2024-13,Kimberly K. Reynolds,"Severe weather beginning May 20 and continuing (Black Hawk, Buena Vista, Butler, Cedar, Clinton, Dubuque, Fayette, Franklin, Hancock, Humboldt, Iowa, Jackson, Mills, Muscatine, O'Brien, Polk and Story Counties)",2024-05-22,https://homelandsecurity.iowa.gov/media/327/download?inline,C,county/county-equivalent,69,FRANKLIN,0,0,75000.0,0.0,Thunderstorm Wind,3,75000.0
IA-PROC-2024-13,2024-13,Kimberly K. Reynolds,"Severe weather beginning May 20 and continuing (Black Hawk, Buena Vista, Butler, Cedar, Clinton, Dubuque, Fayette, Franklin, Hancock, Humboldt, Iowa, Jackson, Mills, Muscatine, O'Brien, Polk and Story Counties)",2024-05-22,https://homelandsecurity.iowa.gov/media/327/download?inline,C,county/county-equivalent,187,WEBSTER,0,0,75000.0,0.0,"Hail, Thunderstorm Wind",2,75000.0
IA-PROC-2024-13,2024-13,Kimberly K. Reynolds,"Severe weather beginning May 20 and continuing (Black Hawk, Buena Vista, Butler, Cedar, Clinton, Dubuque, Fayette, Franklin, Hancock, Humboldt, Iowa, Jackson, Mills, Muscatine, O'Brien, Polk and Story Counties)",2024-05-22,https://homelandsecurity.iowa.gov/media/327/download?inline,C,county/county-equivalent,27,CARROLL,0,0,50000.0,0.0,Thunderstorm Wind,3,50000.0
IA-PROC-2024-13,2024-13,Kimberly K. Reynolds,"Severe weather beginning May 20 and continuing (Black Hawk, Buena Vista, Butler, Cedar, Clinton, Dubuque, Fayette, Franklin, Hancock, Humboldt, Iowa, Jackson, Mills, Muscatine, O'Brien, Polk and Story Counties)",2024-05-22,https://homelandsecurity.iowa.gov/media/327/download?inline,C,county/county-equivalent,29,CASS,0,0,50000.0,0.0,"Hail, Thunderstorm Wind",3,50000.0
IA-PROC-2024-13,2024-13,Kimberly K. Reynolds,"Severe weather beginning May 20 and continuing (Black Hawk, Buena Vista, Butler, Cedar, Clinton, Dubuque, Fayette, Franklin, Hancock, Humboldt, Iowa, Jackson, Mills, Muscatine, O'Brien, Polk and Story Counties)",2024-05-22,https://homelandsecurity.iowa.gov/media/327/download?inline,C,county/county-equivalent,49,DALLAS,0,0,30000.0,0.0,"Hail, Thunderstorm Wind, Tornado",10,30000.0
IA-PROC-2024-13,2024-13,Kimberly K. Reynolds,"Severe weather beginning May 20 and continuing (Black Hawk, Buena Vista, Butler, Cedar, Clinton, Dubuque, Fayette, Franklin, Hancock, Humboldt, Iowa, Jackson, Mills, Muscatine, O'Brien, Polk and Story Counties)",2024-05-22,https://homelandsecurity.iowa.gov/media/327/download?inline,C,county/county-equivalent,195,WORTH,0,0,25000.0,0.0,Thunderstorm Wind,2,25000.0
IA-PROC-2024-13,2024-13,Kimberly K. Reynolds,"Severe weather beginning May 20 and continuing (Black Hawk, Buena Vista, Butler, Cedar, Clinton, Dubuque, Fayette, Franklin, Hancock, Humboldt, Iowa, Jackson, Mills, Muscatine, O'Brien, Polk and Story Counties)",2024-05-22,https://homelandsecurity.iowa.gov/media/327/download?inline,C,county/county-equivalent,41,CLAY,0,0,0.0,23000.0,Hail,7,23000.0
IA-PROC-2024-13,2024-13,Kimberly K. Reynolds,"Severe weather beginning May 20 and continuing (Black Hawk, Buena Vista, Butler, Cedar, Clinton, Dubuque, Fayette, Franklin, Hancock, Humboldt, Iowa, Jackson, Mills, Muscatine, O'Brien, Polk and Story Counties)",2024-05-22,https://homelandsecurity.iowa.gov/media/327/download?inline,C,county/county-equivalent,9,AUDUBON,0,0,20000.0,0.0,"Heavy Rain, Thunderstorm Wind, Tornado",6,20000.0
IA-PROC-2024-13,2024-13,Kimberly K. Reynolds,"Severe weather beginning May 20 and continuing (Black Hawk, Buena Vista, Butler, Cedar, Clinton, Dubuque, Fayette, Franklin, Hancock, Humboldt, Iowa, Jackson, Mills, Muscatine, O'Brien, Polk and Story Counties)",2024-05-22,https://homelandsecurity.iowa.gov/media/327/download?inline,C,county/county-equivalent,121,MADISON,0,0,20000.0,0.0,"Hail, Thunderstorm Wind, Tornado",8,20000.0
IA-PROC-2024-13,2024-13,Kimberly K. Reynolds,"Severe weather beginning May 20 and continuing (Black Hawk, Buena Vista, Butler, Cedar, Clinton, Dubuque, Fayette, Franklin, Hancock, Humboldt, Iowa, Jackson, Mills, Muscatine, O'Brien, Polk and Story Counties)",2024-05-22,https://homelandsecurity.iowa.gov/media/327/download?inline,C,county/county-equivalent,83,HARDIN,0,0,15000.0,0.0,"Flash Flood, Hail, Thunderstorm Wind",8,15000.0
IA-PROC-2024-13,2024-13,Kimberly K. Reynolds,"Severe weather beginning May 20 and continuing (Black Hawk, Buena Vista, Butler, Cedar, Clinton, Dubuque, Fayette, Franklin, Hancock, Humboldt, Iowa, Jackson, Mills, Muscatine, O'Brien, Polk and Story Counties)",2024-05-22,https://homelandsecurity.iowa.gov/media/327/download?inline,C,county/county-equivalent,5,ALLAMAKEE,0,0,10000.0,1000.0,Thunderstorm Wind,1,11000.0
IA-PROC-2024-13,2024-13,Kimberly K. Reynolds,"Severe weather beginning May 20 and continuing (Black Hawk, Buena Vista, Butler, Cedar, Clinton, Dubuque, Fayette, Franklin, Hancock, Humboldt, Iowa, Jackson, Mills, Muscatine, O'Brien, Polk and Story Counties)",2024-05-22,https://homelandsecurity.iowa.gov/media/327/download?inline,C,county/county-equivalent,13,BLACK HAWK,0,0,10000.0,0.0,"Hail, Thunderstorm Wind",6,10000.0
IA-PROC-2024-13,2024-13,Kimberly K. Reynolds,"Severe weather beginning May 20 and continuing (Black Hawk, Buena Vista, Butler, Cedar, Clinton, Dubuque, Fayette, Franklin, Hancock, Humboldt, Iowa, Jackson, Mills, Muscatine, O'Brien, Polk and Story Counties)",2024-05-22,https://homelandsecurity.iowa.gov/media/327/download?inline,C,county/county-equivalent,15,BOONE,0,0,10000.0,0.0,"Flash Flood, Thunderstorm Wind, Tornado",4,10000.0
IA-PROC-2024-13,2024-13,Kimberly K. Reynolds,"Severe weather beginning May 20 and continuing (Black Hawk, Buena Vista, Butler, Cedar, Clinton, Dubuque, Fayette, Franklin, Hancock, Humboldt, Iowa, Jackson, Mills, Muscatine, O'Brien, Polk and Story Counties)",2024-05-22,https://homelandsecurity.iowa.gov/media/327/download?inline,C,county/county-equivalent,171,TAMA,0,0,10000.0,0.0,"Flash Flood, Heavy Rain, Thunderstorm Wind",12,10000.0
IA-PROC-2024-13,2024-13,Kimberly K. Reynolds,"Severe weather beginning May 20 and continuing (Black Hawk, Buena Vista, Butler, Cedar, Clinton, Dubuque, Fayette, Franklin, Hancock, Humboldt, Iowa, Jackson, Mills, Muscatine, O'Brien, Polk and Story Counties)",2024-05-22,https://homelandsecurity.iowa.gov/media/327/download?inline,C,county/county-equivalent,141,O'BRIEN,0,0,0.0,4000.0,Hail,5,4000.0
IA-PROC-2024-13,2024-13,Kimberly K. Reynolds,"Severe weather beginning May 20 and continuing (Black Hawk, Buena Vista, Butler, Cedar, Clinton, Dubuque, Fayette, Franklin, Hancock, Humboldt, Iowa, Jackson, Mills, Muscatine, O'Brien, Polk and Story Counties)",2024-05-22,https://homelandsecurity.iowa.gov/media/327/download?inline,C,county/county-equivalent,35,CHEROKEE,0,0,0.0,2000.0,Hail,2,2000.0
IA-PROC-2024-13,2024-13,Kimberly K. Reynolds,"Severe weather beginning May 20 and continuing (Black Hawk, Buena Vista, Butler, Cedar, Clinton, Dubuque, Fayette, Franklin, Hancock, Humboldt, Iowa, Jackson, Mills, Muscatine, O'Brien, Polk and Story Counties)",2024-05-22,https://homelandsecurity.iowa.gov/media/327/download?inline,C,county/county-equivalent,175,UNION,0,0,1000.0,0.0,"Hail, Tornado",3,1000.0
IA-PROC-2024-13,2024-13,Kimberly K. Reynolds,"Severe weather beginning May 20 and continuing (Black Hawk, Buena Vista, Butler, Cedar, Clinton, Dubuque, Fayette, Franklin, Hancock, Humboldt, Iowa, Jackson, Mills, Muscatine, O'Brien, Polk and Story Counties)",2024-05-22,https://homelandsecurity.iowa.gov/media/327/download?inline,C,county/county-equivalent,11,BENTON,0,0,0.0,0.0,Thunderstorm Wind,8,0.0
IA-PROC-2024-13,2024-13,Kimberly K. Reynolds,"Severe weather beginning May 20 and continuing (Black Hawk, Buena Vista, Butler, Cedar, Clinton, Dubuque, Fayette, Franklin, Hancock, Humboldt, Iowa, Jackson, Mills, Muscatine, O'Brien, Polk and Story Counties)",2024-05-22,https://homelandsecurity.iowa.gov/media/327/download?inline,C,county/county-equivalent,17,BREMER,0,0,0.0,0.0,Hail,1,0.0
IA-PROC-2024-13,2024-13,Kimberly K. Reynolds,"Severe weather beginning May 20 and continuing (Black Hawk, Buena Vista, Butler, Cedar, Clinton, Dubuque, Fayette, Franklin, Hancock, Humboldt, Iowa, Jackson, Mills, Muscatine, O'Brien, Polk and Story Counties)",2024-05-22,https://homelandsecurity.iowa.gov/media/327/download?inline,C,county/county-equivalent,19,BUCHANAN,0,0,0.0,0.0,"Hail, Thunderstorm Wind",5,0.0
IA-PROC-2024-13,2024-13,Kimberly K. Reynolds,"Severe weather beginning May 20 and continuing (Black Hawk, Buena Vista, Butler, Cedar, Clinton, Dubuque, Fayette, Franklin, Hancock, Humboldt, Iowa, Jackson, Mills, Muscatine, O'Brien, Polk and Story Counties)",2024-05-22,https://homelandsecurity.iowa.gov/media/327/download?inline,C,county/county-equivalent,21,BUENA VISTA,0,0,0.0,0.0,"Hail, Thunderstorm Wind, Tornado",6,0.0
IA-PROC-2024-13,2024-13,Kimberly K. Reynolds,"Severe weather beginning May 20 and continuing (Black Hawk, Buena Vista, Butler, Cedar, Clinton, Dubuque, Fayette, Franklin, Hancock, Humboldt, Iowa, Jackson, Mills, Muscatine, O'Brien, Polk and Story Counties)",2024-05-22,https://homelandsecurity.iowa.gov/media/327/download?inline,C,county/county-equivalent,25,CALHOUN,0,0,0.0,0.0,"Hail, Thunderstorm Wind",3,0.0
IA-PROC-2024-13,2024-13,Kimberly K. Reynolds,"Severe weather beginning May 20 and continuing (Black Hawk, Buena Vista, Butler, Cedar, Clinton, Dubuque, Fayette, Franklin, Hancock, Humboldt, Iowa, Jackson, Mills, Muscatine, O'Brien, Polk and Story Counties)",2024-05-22,https://homelandsecurity.iowa.gov/media/327/download?inline,C,county/county-equivalent,31,CEDAR,0,0,0.0,0.0,"Hail, Thunderstorm Wind, Tornado",20,0.0
IA-PROC-2024-13,2024-13,Kimberly K. Reynolds,"Severe weather beginning May 20 and continuing (Black Hawk, Buena Vista, Butler, Cedar, Clinton, Dubuque, Fayette, Franklin, Hancock, Humboldt, Iowa, Jackson, Mills, Muscatine, O'Brien, Polk and Story Counties)",2024-05-22,https://homelandsecurity.iowa.gov/media/327/download?inline,C,county/county-equivalent,39,CLARKE,0,0,0.0,0.0,"Hail, Thunderstorm Wind",3,0.0
IA-PROC-2024-13,2024-13,Kimberly K. Reynolds,"Severe weather beginning May 20 and continuing (Black Hawk, Buena Vista, Butler, Cedar, Clinton, Dubuque, Fayette, Franklin, Hancock, Humboldt, Iowa, Jackson, Mills, Muscatine, O'Brien, Polk and Story Counties)",2024-05-22,https://homelandsecurity.iowa.gov/media/327/download?inline,C,county/county-equivalent,43,CLAYTON,0,0,0.0,0.0,Thunderstorm Wind,1,0.0
IA-PROC-2024-13,2024-13,Kimberly K. Reynolds,"Severe weather beginning May 20 and continuing (Black Hawk, Buena Vista, Butler, Cedar, Clinton, Dubuque, Fayette, Franklin, Hancock, Humboldt, Iowa, Jackson, Mills, Muscatine, O'Brien, Polk and Story Counties)",2024-05-22,https://homelandsecurity.iowa.gov/media/327/download?inline,C,county/county-equivalent,45,CLINTON,0,0,0.0,0.0,"Hail, Thunderstorm Wind, Tornado",9,0.0
IA-PROC-2024-13,2024-13,Kimberly K. Reynolds,"Severe weather beginning May 20 and continuing (Black Hawk, Buena Vista, Butler, Cedar, Clinton, Dubuque, Fayette, Franklin, Hancock, Humboldt, Iowa, Jackson, Mills, Muscatine, O'Brien, Polk and Story Counties)",2024-05-22,https://homelandsecurity.iowa.gov/media/327/download?inline,C,county/county-equivalent,53,DECATUR,0,0,0.0,0.0,Hail,1,0.0
IA-PROC-2024-13,2024-13,Kimberly K. Reynolds,"Severe weather beginning May 20 and continuing (Black Hawk, Buena Vista, Butler, Cedar, Clinton, Dubuque, Fayette, Franklin, Hancock, Humboldt, Iowa, Jackson, Mills, Muscatine, O'Brien, Polk and Story Counties)",2024-05-22,https://homelandsecurity.iowa.gov/media/327/download?inline,C,county/county-equivalent,55,DELAWARE,0,0,0.0,0.0,Thunderstorm Wind,1,0.0
IA-PROC-2024-13,2024-13,Kimberly K. Reynolds,"Severe weather beginning May 20 and continuing (Black Hawk, Buena Vista, Butler, Cedar, Clinton, Dubuque, Fayette, Franklin, Hancock, Humboldt, Iowa, Jackson, Mills, Muscatine, O'Brien, Polk and Story Counties)",2024-05-22,https://homelandsecurity.iowa.gov/media/327/download?inline,C,county/county-equivalent,59,DICKINSON,0,0,0.0,0.0,Hail,4,0.0
IA-PROC-2024-13,2024-13,Kimberly K. Reynolds,"Severe weather beginning May 20 and continuing (Black Hawk, Buena Vista, Butler, Cedar, Clinton, Dubuque, Fayette, Franklin, Hancock, Humboldt, Iowa, Jackson, Mills, Muscatine, O'Brien, Polk and Story Counties)",2024-05-22,https://homelandsecurity.iowa.gov/media/327/download?inline,C,county/county-equivalent,61,DUBUQUE,0,0,0.0,0.0,"Hail, Thunderstorm Wind",7,0.0
IA-PROC-2024-13,2024-13,Kimberly K. Reynolds,"Severe weather beginning May 20 and continuing (Black Hawk, Buena Vista, Butler, Cedar, Clinton, Dubuque, Fayette, Franklin, Hancock, Humboldt, Iowa, Jackson, Mills, Muscatine, O'Brien, Polk and Story Counties)",2024-05-22,https://homelandsecurity.iowa.gov/media/327/download?inline,C,county/county-equivalent,63,EMMET,0,0,0.0,0.0,Thunderstorm Wind,1,0.0
IA-PROC-2024-13,2024-13,Kimberly K. Reynolds,"Severe weather beginning May 20 and continuing (Black Hawk, Buena Vista, Butler, Cedar, Clinton, Dubuque, Fayette, Franklin, Hancock, Humboldt, Iowa, Jackson, Mills, Muscatine, O'Brien, Polk and Story Counties)",2024-05-22,https://homelandsecurity.iowa.gov/media/327/download?inline,C,county/county-equivalent,71,FREMONT,0,0,0.0,0.0,Hail,2,0.0
IA-PROC-2024-13,2024-13,Kimberly K. Reynolds,"Severe weather beginning May 20 and continuing (Black Hawk, Buena Vista, Butler, Cedar, Clinton, Dubuque, Fayette, Franklin, Hancock, Humboldt, Iowa, Jackson, Mills, Muscatine, O'Brien, Polk and Story Counties)",2024-05-22,https://homelandsecurity.iowa.gov/media/327/download?inline,C,county/county-equivalent,73,GREENE,0,0,0.0,0.0,Hail,1,0.0
IA-PROC-2024-13,2024-13,Kimberly K. Reynolds,"Severe weather beginning May 20 and continuing (Black Hawk, Buena Vista, Butler, Cedar, Clinton, Dubuque, Fayette, Franklin, Hancock, Humboldt, Iowa, Jackson, Mills, Muscatine, O'Brien, Polk and Story Counties)",2024-05-22,https://homelandsecurity.iowa.gov/media/327/download?inline,C,county/county-equivalent,75,GRUNDY,0,0,0.0,0.0,"Flash Flood, Hail, Thunderstorm Wind",4,0.0
IA-PROC-2024-13,2024-13,Kimberly K. Reynolds,"Severe weather beginning May 20 and continuing (Black Hawk, Buena Vista, Butler, Cedar, Clinton, Dubuque, Fayette, Franklin, Hancock, Humboldt, Iowa, Jackson, Mills, Muscatine, O'Brien, Polk and Story Counties)",2024-05-22,https://homelandsecurity.iowa.gov/media/327/download?inline,C,county/county-equivalent,77,GUTHRIE,0,0,0.0,0.0,"Flash Flood, Heavy Rain, Thunderstorm Wind",4,0.0
IA-PROC-2024-13,2024-13,Kimberly K. Reynolds,"Severe weather beginning May 20 and continuing (Black Hawk, Buena Vista, Butler, Cedar, Clinton, Dubuque, Fayette, Franklin, Hancock, Humboldt, Iowa, Jackson, Mills, Muscatine, O'Brien, Polk and Story Counties)",2024-05-22,https://homelandsecurity.iowa.gov/media/327/download?inline,C,county/county-equivalent,85,HARRISON,0,0,0.0,0.0,"Thunderstorm Wind, Tornado",7,0.0
IA-PROC-2024-13,2024-13,Kimberly K. Reynolds,"Severe weather beginning May 20 and continuing (Black Hawk, Buena Vista, Butler, Cedar, Clinton, Dubuque, Fayette, Franklin, Hancock, Humboldt, Iowa, Jackson, Mills, Muscatine, O'Brien, Polk and Story Counties)",2024-05-22,https://homelandsecurity.iowa.gov/media/327/download?inline,C,county/county-equivalent,87,HENRY,0,0,0.0,0.0,Thunderstorm Wind,2,0.0
IA-PROC-2024-13,2024-13,Kimberly K. Reynolds,"Severe weather beginning May 20 and continuing (Black Hawk, Buena Vista, Butler, Cedar, Clinton, Dubuque, Fayette, Franklin, Hancock, Humboldt, Iowa, Jackson, Mills, Muscatine, O'Brien, Polk and Story Counties)",2024-05-22,https://homelandsecurity.iowa.gov/media/327/download?inline,C,county/county-equivalent,91,HUMBOLDT,0,0,0.0,0.0,Thunderstorm Wind,1,0.0
IA-PROC-2024-13,2024-13,Kimberly K. Reynolds,"Severe weather beginning May 20 and continuing (Black Hawk, Buena Vista, Butler, Cedar, Clinton, Dubuque, Fayette, Franklin, Hancock, Humboldt, Iowa, Jackson, Mills, Muscatine, O'Brien, Polk and Story Counties)",2024-05-22,https://homelandsecurity.iowa.gov/media/327/download?inline,C,county/county-equivalent,95,IOWA,0,0,0.0,0.0,"Hail, Thunderstorm Wind",3,0.0
IA-PROC-2024-13,2024-13,Kimberly K. Reynolds,"Severe weather beginning May 20 and continuing (Black Hawk, Buena Vista, Butler, Cedar, Clinton, Dubuque, Fayette, Franklin, Hancock, Humboldt, Iowa, Jackson, Mills, Muscatine, O'Brien, Polk and Story Counties)",2024-05-22,https://homelandsecurity.iowa.gov/media/327/download?inline,C,county/county-equivalent,97,JACKSON,0,0,0.0,0.0,Thunderstorm Wind,8,0.0
IA-PROC-2024-13,2024-13,Kimberly K. Reynolds,"Severe weather beginning May 20 and continuing (Black Hawk, Buena Vista, Butler, Cedar, Clinton, Dubuque, Fayette, Franklin, Hancock, Humboldt, Iowa, Jackson, Mills, Muscatine, O'Brien, Polk and Story Counties)",2024-05-22,https://homelandsecurity.iowa.gov/media/327/download?inline,C,county/county-equivalent,103,JOHNSON,0,0,0.0,0.0,"Hail, Thunderstorm Wind, Tornado",15,0.0
IA-PROC-2024-13,2024-13,Kimberly K. Reynolds,"Severe weather beginning May 20 and continuing (Black Hawk, Buena Vista, Butler, Cedar, Clinton, Dubuque, Fayette, Franklin, Hancock, Humboldt, Iowa, Jackson, Mills, Muscatine, O'Brien, Polk and Story Counties)",2024-05-22,https://homelandsecurity.iowa.gov/media/327/download?inline,C,county/county-equivalent,105,JONES,0,0,0.0,0.0,"Hail, Thunderstorm Wind",8,0.0
IA-PROC-2024-13,2024-13,Kimberly K. Reynolds,"Severe weather beginning May 20 and continuing (Black Hawk, Buena Vista, Butler, Cedar, Clinton, Dubuque, Fayette, Franklin, Hancock, Humboldt, Iowa, Jackson, Mills, Muscatine, O'Brien, Polk and Story Counties)",2024-05-22,https://homelandsecurity.iowa.gov/media/327/download?inline,C,county/county-equivalent,107,KEOKUK,0,0,0.0,0.0,"Thunderstorm Wind, Tornado",2,0.0
IA-PROC-2024-13,2024-13,Kimberly K. Reynolds,"Severe weather beginning May 20 and continuing (Black Hawk, Buena Vista, Butler, Cedar, Clinton, Dubuque, Fayette, Franklin, Hancock, Humboldt, Iowa, Jackson, Mills, Muscatine, O'Brien, Polk and Story Counties)",2024-05-22,https://homelandsecurity.iowa.gov/media/327/download?inline,C,county/county-equivalent,109,KOSSUTH,0,0,0.0,0.0,"Flash Flood, Hail, Heavy Rain, Thunderstorm Wind",10,0.0
IA-PROC-2024-13,2024-13,Kimberly K. Reynolds,"Severe weather beginning May 20 and continuing (Black Hawk, Buena Vista, Butler, Cedar, Clinton, Dubuque, Fayette, Franklin, Hancock, Humboldt, Iowa, Jackson, Mills, Muscatine, O'Brien, Polk and Story Counties)",2024-05-22,https://homelandsecurity.iowa.gov/media/327/download?inline,C,county/county-equivalent,113,LINN,0,0,0.0,0.0,"Hail, Thunderstorm Wind, Tornado",12,0.0
IA-PROC-2024-13,2024-13,Kimberly K. Reynolds,"Severe weather beginning May 20 and continuing (Black Hawk, Buena Vista, Butler, Cedar, Clinton, Dubuque, Fayette, Franklin, Hancock, Humboldt, Iowa, Jackson, Mills, Muscatine, O'Brien, Polk and Story Counties)",2024-05-22,https://homelandsecurity.iowa.gov/media/327/download?inline,C,county/county-equivalent,115,LOUISA,0,0,0.0,0.0,Thunderstorm Wind,2,0.0
IA-PROC-2024-13,2024-13,Kimberly K. Reynolds,"Severe weather beginning May 20 and continuing (Black Hawk, Buena Vista, Butler, Cedar, Clinton, Dubuque, Fayette, Franklin, Hancock, Humboldt, Iowa, Jackson, Mills, Muscatine, O'Brien, Polk and Story Counties)",2024-05-22,https://homelandsecurity.iowa.gov/media/327/download?inline,C,county/county-equivalent,117,LUCAS,0,0,0.0,0.0,Hail,1,0.0
IA-PROC-2024-13,2024-13,Kimberly K. Reynolds,"Severe weather beginning May 20 and continuing (Black Hawk, Buena Vista, Butler, Cedar, Clinton, Dubuque, Fayette, Franklin, Hancock, Humboldt, Iowa, Jackson, Mills, Muscatine, O'Brien, Polk and Story Counties)",2024-05-22,https://homelandsecurity.iowa.gov/media/327/download?inline,C,county/county-equivalent,123,MAHASKA,0,0,0.0,0.0,"Hail, Thunderstorm Wind",4,0.0
IA-PROC-2024-13,2024-13,Kimberly K. Reynolds,"Severe weather beginning May 20 and continuing (Black Hawk, Buena Vista, Butler, Cedar, Clinton, Dubuque, Fayette, Franklin, Hancock, Humboldt, Iowa, Jackson, Mills, Muscatine, O'Brien, Polk and Story Counties)",2024-05-22,https://homelandsecurity.iowa.gov/media/327/download?inline,C,county/county-equivalent,125,MARION,0,0,0.0,0.0,"Hail, Thunderstorm Wind",13,0.0
IA-PROC-2024-13,2024-13,Kimberly K. Reynolds,"Severe weather beginning May 20 and continuing (Black Hawk, Buena Vista, Butler, Cedar, Clinton, Dubuque, Fayette, Franklin, Hancock, Humboldt, Iowa, Jackson, Mills, Muscatine, O'Brien, Polk and Story Counties)",2024-05-22,https://homelandsecurity.iowa.gov/media/327/download?inline,C,county/county-equivalent,127,MARSHALL,0,0,0.0,0.0,"Heavy Rain, Thunderstorm Wind",2,0.0
IA-PROC-2024-13,2024-13,Kimberly K. Reynolds,"Severe weather beginning May 20 and continuing (Black Hawk, Buena Vista, Butler, Cedar, Clinton, Dubuque, Fayette, Franklin, Hancock, Humboldt, Iowa, Jackson, Mills, Muscatine, O'Brien, Polk and Story Counties)",2024-05-22,https://homelandsecurity.iowa.gov/media/327/download?inline,C,county/county-equivalent,129,MILLS,0,0,0.0,0.0,Thunderstorm Wind,5,0.0
IA-PROC-2024-13,2024-13,Kimberly K. Reynolds,"Severe weather beginning May 20 and continuing (Black Hawk, Buena Vista, Butler, Cedar, Clinton, Dubuque, Fayette, Franklin, Hancock, Humboldt, Iowa, Jackson, Mills, Muscatine, O'Brien, Polk and Story Counties)",2024-05-22,https://homelandsecurity.iowa.gov/media/327/download?inline,C,county/county-equivalent,131,MITCHELL,0,0,0.0,0.0,Thunderstorm Wind,1,0.0
IA-PROC-2024-13,2024-13,Kimberly K. Reynolds,"Severe weather beginning May 20 and continuing (Black Hawk, Buena Vista, Butler, Cedar, Clinton, Dubuque, Fayette, Franklin, Hancock, Humboldt, Iowa, Jackson, Mills, Muscatine, O'Brien, Polk and Story Counties)",2024-05-22,https://homelandsecurity.iowa.gov/media/327/download?inline,C,county/county-equivalent,133,MONONA,0,0,0.0,0.0,"Hail, Thunderstorm Wind",2,0.0
IA-PROC-2024-13,2024-13,Kimberly K. Reynolds,"Severe weather beginning May 20 and continuing (Black Hawk, Buena Vista, Butler, Cedar, Clinton, Dubuque, Fayette, Franklin, Hancock, Humboldt, Iowa, Jackson, Mills, Muscatine, O'Brien, Polk and Story Counties)",2024-05-22,https://homelandsecurity.iowa.gov/media/327/download?inline,C,county/county-equivalent,135,MONROE,0,0,0.0,0.0,"Hail, Thunderstorm Wind",4,0.0
IA-PROC-2024-13,2024-13,Kimberly K. Reynolds,"Severe weather beginning May 20 and continuing (Black Hawk, Buena Vista, Butler, Cedar, Clinton, Dubuque, Fayette, Franklin, Hancock, Humboldt, Iowa, Jackson, Mills, Muscatine, O'Brien, Polk and Story Counties)",2024-05-22,https://homelandsecurity.iowa.gov/media/327/download?inline,C,county/county-equivalent,137,MONTGOMERY,0,0,0.0,0.0,"Hail, Thunderstorm Wind, Tornado",10,0.0
IA-PROC-2024-13,2024-13,Kimberly K. Reynolds,"Severe weather beginning May 20 and continuing (Black Hawk, Buena Vista, Butler, Cedar, Clinton, Dubuque, Fayette, Franklin, Hancock, Humboldt, Iowa, Jackson, Mills, Muscatine, O'Brien, Polk and Story Counties)",2024-05-22,https://homelandsecurity.iowa.gov/media/327/download?inline,C,county/county-equivalent,139,MUSCATINE,0,0,0.0,0.0,"Hail, Thunderstorm Wind, Tornado",8,0.0
IA-PROC-2024-13,2024-13,Kimberly K. Reynolds,"Severe weather beginning May 20 and continuing (Black Hawk, Buena Vista, Butler, Cedar, Clinton, Dubuque, Fayette, Franklin, Hancock, Humboldt, Iowa, Jackson, Mills, Muscatine, O'Brien, Polk and Story Counties)",2024-05-22,https://homelandsecurity.iowa.gov/media/327/download?inline,C,county/county-equivalent,145,PAGE,0,0,0.0,0.0,"Hail, Thunderstorm Wind, Tornado",6,0.0
IA-PROC-2024-13,2024-13,Kimberly K. Reynolds,"Severe weather beginning May 20 and continuing (Black Hawk, Buena Vista, Butler, Cedar, Clinton, Dubuque, Fayette, Franklin, Hancock, Humboldt, Iowa, Jackson, Mills, Muscatine, O'Brien, Polk and Story Counties)",2024-05-22,https://homelandsecurity.iowa.gov/media/327/download?inline,C,county/county-equivalent,147,PALO ALTO,0,0,0.0,0.0,Hail,2,0.0
IA-PROC-2024-13,2024-13,Kimberly K. Reynolds,"Severe weather beginning May 20 and continuing (Black Hawk, Buena Vista, Butler, Cedar, Clinton, Dubuque, Fayette, Franklin, Hancock, Humboldt, Iowa, Jackson, Mills, Muscatine, O'Brien, Polk and Story Counties)",2024-05-22,https://homelandsecurity.iowa.gov/media/327/download?inline,C,county/county-equivalent,149,PLYMOUTH,0,0,0.0,0.0,"Hail, Thunderstorm Wind",3,0.0
IA-PROC-2024-13,2024-13,Kimberly K. Reynolds,"Severe weather beginning May 20 and continuing (Black Hawk, Buena Vista, Butler, Cedar, Clinton, Dubuque, Fayette, Franklin, Hancock, Humboldt, Iowa, Jackson, Mills, Muscatine, O'Brien, Polk and Story Counties)",2024-05-22,https://homelandsecurity.iowa.gov/media/327/download?inline,C,county/county-equivalent,151,POCAHONTAS,0,0,0.0,0.0,Thunderstorm Wind,1,0.0
IA-PROC-2024-13,2024-13,Kimberly K. Reynolds,"Severe weather beginning May 20 and continuing (Black Hawk, Buena Vista, Butler, Cedar, Clinton, Dubuque, Fayette, Franklin, Hancock, Humboldt, Iowa, Jackson, Mills, Muscatine, O'Brien, Polk and Story Counties)",2024-05-22,https://homelandsecurity.iowa.gov/media/327/download?inline,C,county/county-equivalent,163,SCOTT,0,0,0.0,0.0,"Thunderstorm Wind, Tornado",9,0.0
IA-PROC-2024-13,2024-13,Kimberly K. Reynolds,"Severe weather beginning May 20 and continuing (Black Hawk, Buena Vista, Butler, Cedar, Clinton, Dubuque, Fayette, Franklin, Hancock, Humboldt, Iowa, Jackson, Mills, Muscatine, O'Brien, Polk and Story Counties)",2024-05-22,https://homelandsecurity.iowa.gov/media/327/download?inline,C,county/county-equivalent,165,SHELBY,0,0,0.0,0.0,"Hail, Thunderstorm Wind, Tornado",7,0.0
IA-PROC-2024-13,2024-13,Kimberly K. Reynolds,"Severe weather beginning May 20 and continuing (Black Hawk, Buena Vista, Butler, Cedar, Clinton, Dubuque, Fayette, Franklin, Hancock, Humboldt, Iowa, Jackson, Mills, Muscatine, O'Brien, Polk and Story Counties)",2024-05-22,https://homelandsecurity.iowa.gov/media/327/download?inline,C,county/county-equivalent,173,TAYLOR,0,0,0.0,0.0,Tornado,1,0.0
IA-PROC-2024-13,2024-13,Kimberly K. Reynolds,"Severe weather beginning May 20 and continuing (Black Hawk, Buena Vista, Butler, Cedar, Clinton, Dubuque, Fayette, Franklin, Hancock, Humboldt, Iowa, Jackson, Mills, Muscatine, O'Brien, Polk and Story Counties)",2024-05-22,https://homelandsecurity.iowa.gov/media/327/download?inline,C,county/county-equivalent,177,VAN BUREN,0,0,0.0,0.0,Thunderstorm Wind,1,0.0
IA-PROC-2024-13,2024-13,Kimberly K. Reynolds,"Severe weather beginning May 20 and continuing (Black Hawk, Buena Vista, Butler, Cedar, Clinton, Dubuque, Fayette, Franklin, Hancock, Humboldt, Iowa, Jackson, Mills, Muscatine, O'Brien, Polk and Story Counties)",2024-05-22,https://homelandsecurity.iowa.gov/media/327/download?inline,C,county/county-equivalent,183,WASHINGTON,0,0,0.0,0.0,"Thunderstorm Wind, Tornado",5,0.0
IA-PROC-2024-13,2024-13,Kimberly K. Reynolds,"Severe weather beginning May 20 and continuing (Black Hawk, Buena Vista, Butler, Cedar, Clinton, Dubuque, Fayette, Franklin, Hancock, Humboldt, Iowa, Jackson, Mills, Muscatine, O'Brien, Polk and Story Counties)",2024-05-22,https://homelandsecurity.iowa.gov/media/327/download?inline,C,county/county-equivalent,185,WAYNE,0,0,0.0,0.0,Hail,4,0.0
IA-PROC-2024-13,2024-13,Kimberly K. Reynolds,"Severe weather beginning May 20 and continuing (Black Hawk, Buena Vista, Butler, Cedar, Clinton, Dubuque, Fayette, Franklin, Hancock, Humboldt, Iowa, Jackson, Mills, Muscatine, O'Brien, Polk and Story Counties)",2024-05-22,https://homelandsecurity.iowa.gov/media/327/download?inline,C,county/county-equivalent,193,WOODBURY,0,0,0.0,0.0,"Hail, Thunderstorm Wind",6,0.0
IA-PROC-2024-13,2024-13,Kimberly K. Reynolds,"Severe weather beginning May 20 and continuing (Black Hawk, Buena Vista, Butler, Cedar, Clinton, Dubuque, Fayette, Franklin, Hancock, Humboldt, Iowa, Jackson, Mills, Muscatine, O'Brien, Polk and Story Counties)",2024-05-22,https://homelandsecurity.iowa.gov/media/327/download?inline,C,county/county-equivalent,197,WRIGHT,0,0,0.0,0.0,Thunderstorm Wind,1,0.0
IA-PROC-2024-14,2024-14,Kimberly K. Reynolds,"Severe weather beginning May 20 and continuing (Calhoun, Cerro Gordo, Johnson, Keokuk, Marion, Scott, Shelby, Union, Washington, and Wright Counties)",2024-05-24,https://homelandsecurity.iowa.gov/media/331/download?inline,C,county/county-equivalent,1,ADAIR,4,35,30750000.0,0.0,"Thunderstorm Wind, Tornado",6,30750000.0
IA-PROC-2024-14,2024-14,Kimberly K. Reynolds,"Severe weather beginning May 20 and continuing (Calhoun, Cerro Gordo, Johnson, Keokuk, Marion, Scott, Shelby, Union, Washington, and Wright Counties)",2024-05-24,https://homelandsecurity.iowa.gov/media/331/download?inline,C,county/county-equivalent,3,ADAMS,1,0,2900000.0,0.0,Tornado,3,2900000.0
IA-PROC-2024-14,2024-14,Kimberly K. Reynolds,"Severe weather beginning May 20 and continuing (Calhoun, Cerro Gordo, Johnson, Keokuk, Marion, Scott, Shelby, Union, Washington, and Wright Counties)",2024-05-24,https://homelandsecurity.iowa.gov/media/331/download?inline,C,county/county-equivalent,153,POLK,0,2,5500000.0,0.0,"Hail, Heavy Rain, Thunderstorm Wind, Tornado",23,5500000.0
IA-PROC-2024-14,2024-14,Kimberly K. Reynolds,"Severe weather beginning May 20 and continuing (Calhoun, Cerro Gordo, Johnson, Keokuk, Marion, Scott, Shelby, Union, Washington, and Wright Counties)",2024-05-24,https://homelandsecurity.iowa.gov/media/331/download?inline,C,county/county-equivalent,169,STORY,0,2,3225000.0,0.0,"Hail, Thunderstorm Wind, Tornado",6,3225000.0
IA-PROC-2024-14,2024-14,Kimberly K. Reynolds,"Severe weather beginning May 20 and continuing (Calhoun, Cerro Gordo, Johnson, Keokuk, Marion, Scott, Shelby, Union, Washington, and Wright Counties)",2024-05-24,https://homelandsecurity.iowa.gov/media/331/download?inline,C,county/county-equivalent,65,FAYETTE,0,0,175000.0,35000.0,Thunderstorm Wind,2,210000.0
IA-PROC-2024-14,2024-14,Kimberly K. Reynolds,"Severe weather beginning May 20 and continuing (Calhoun, Cerro Gordo, Johnson, Keokuk, Marion, Scott, Shelby, Union, Washington, and Wright Counties)",2024-05-24,https://homelandsecurity.iowa.gov/media/331/download?inline,C,county/county-equivalent,67,FLOYD,0,0,130000.0,60000.0,Thunderstorm Wind,3,190000.0
IA-PROC-2024-14,2024-14,Kimberly K. Reynolds,"Severe weather beginning May 20 and continuing (Calhoun, Cerro Gordo, Johnson, Keokuk, Marion, Scott, Shelby, Union, Washington, and Wright Counties)",2024-05-24,https://homelandsecurity.iowa.gov/media/331/download?inline,C,county/county-equivalent,181,WARREN,0,0,167000.0,0.0,"Hail, Thunderstorm Wind, Tornado",12,167000.0
IA-PROC-2024-14,2024-14,Kimberly K. Reynolds,"Severe weather beginning May 20 and continuing (Calhoun, Cerro Gordo, Johnson, Keokuk, Marion, Scott, Shelby, Union, Washington, and Wright Counties)",2024-05-24,https://homelandsecurity.iowa.gov/media/331/download?inline,C,county/county-equivalent,33,CERRO GORDO,0,0,150000.0,0.0,Thunderstorm Wind,3,150000.0
IA-PROC-2024-14,2024-14,Kimberly K. Reynolds,"Severe weather beginning May 20 and continuing (Calhoun, Cerro Gordo, Johnson, Keokuk, Marion, Scott, Shelby, Union, Washington, and Wright Counties)",2024-05-24,https://homelandsecurity.iowa.gov/media/331/download?inline,C,county/county-equivalent,99,JASPER,0,0,150000.0,0.0,"Flash Flood, Hail, Thunderstorm Wind",21,150000.0
IA-PROC-2024-14,2024-14,Kimberly K. Reynolds,"Severe weather beginning May 20 and continuing (Calhoun, Cerro Gordo, Johnson, Keokuk, Marion, Scott, Shelby, Union, Washington, and Wright Counties)",2024-05-24,https://homelandsecurity.iowa.gov/media/331/download?inline,C,county/county-equivalent,81,HANCOCK,0,0,100000.0,0.0,Thunderstorm Wind,1,100000.0
IA-PROC-2024-14,2024-14,Kimberly K. Reynolds,"Severe weather beginning May 20 and continuing (Calhoun, Cerro Gordo, Johnson, Keokuk, Marion, Scott, Shelby, Union, Washington, and Wright Counties)",2024-05-24,https://homelandsecurity.iowa.gov/media/331/download?inline,C,county/county-equivalent,23,BUTLER,0,0,95000.0,0.0,"Flash Flood, Heavy Rain, Thunderstorm Wind",9,95000.0
IA-PROC-2024-14,2024-14,Kimberly K. Reynolds,"Severe weather beginning May 20 and continuing (Calhoun, Cerro Gordo, Johnson, Keokuk, Marion, Scott, Shelby, Union, Washington, and Wright Counties)",2024-05-24,https://homelandsecurity.iowa.gov/media/331/download?inline,C,county/county-equivalent,155,POTTAWATTAMIE,0,0,75000.0,10000.0,"Flash Flood, Hail, Thunderstorm Wind, Tornado",5,85000.0
IA-PROC-2024-14,2024-14,Kimberly K. Reynolds,"Severe weather beginning May 20 and continuing (Calhoun, Cerro Gordo, Johnson, Keokuk, Marion, Scott, Shelby, Union, Washington, and Wright Counties)",2024-05-24,https://homelandsecurity.iowa.gov/media/331/download?inline,C,county/county-equivalent,79,HAMILTON,0,0,80000.0,0.0,"Thunderstorm Wind, Tornado",6,80000.0
IA-PROC-2024-14,2024-14,Kimberly K. Reynolds,"Severe weather beginning May 20 and continuing (Calhoun, Cerro Gordo, Johnson, Keokuk, Marion, Scott, Shelby, Union, Washington, and Wright Counties)",2024-05-24,https://homelandsecurity.iowa.gov/media/331/download?inline,C,county/county-equivalent,69,FRANKLIN,0,0,75000.0,0.0,Thunderstorm Wind,3,75000.0
IA-PROC-2024-14,2024-14,Kimberly K. Reynolds,"Severe weather beginning May 20 and continuing (Calhoun, Cerro Gordo, Johnson, Keokuk, Marion, Scott, Shelby, Union, Washington, and Wright Counties)",2024-05-24,https://homelandsecurity.iowa.gov/media/331/download?inline,C,county/county-equivalent,187,WEBSTER,0,0,75000.0,0.0,"Hail, Thunderstorm Wind",2,75000.0
IA-PROC-2024-14,2024-14,Kimberly K. Reynolds,"Severe weather beginning May 20 and continuing (Calhoun, Cerro Gordo, Johnson, Keokuk, Marion, Scott, Shelby, Union, Washington, and Wright Counties)",2024-05-24,https://homelandsecurity.iowa.gov/media/331/download?inline,C,county/county-equivalent,27,CARROLL,0,0,50000.0,0.0,Thunderstorm Wind,3,50000.0
IA-PROC-2024-14,2024-14,Kimberly K. Reynolds,"Severe weather beginning May 20 and continuing (Calhoun, Cerro Gordo, Johnson, Keokuk, Marion, Scott, Shelby, Union, Washington, and Wright Counties)",2024-05-24,https://homelandsecurity.iowa.gov/media/331/download?inline,C,county/county-equivalent,29,CASS,0,0,50000.0,0.0,"Hail, Thunderstorm Wind",3,50000.0
IA-PROC-2024-14,2024-14,Kimberly K. Reynolds,"Severe weather beginning May 20 and continuing (Calhoun, Cerro Gordo, Johnson, Keokuk, Marion, Scott, Shelby, Union, Washington, and Wright Counties)",2024-05-24,https://homelandsecurity.iowa.gov/media/331/download?inline,C,county/county-equivalent,49,DALLAS,0,0,30000.0,0.0,"Hail, Thunderstorm Wind, Tornado",10,30000.0
IA-PROC-2024-14,2024-14,Kimberly K. Reynolds,"Severe weather beginning May 20 and continuing (Calhoun, Cerro Gordo, Johnson, Keokuk, Marion, Scott, Shelby, Union, Washington, and Wright Counties)",2024-05-24,https://homelandsecurity.iowa.gov/media/331/download?inline,C,county/county-equivalent,195,WORTH,0,0,25000.0,0.0,Thunderstorm Wind,2,25000.0
IA-PROC-2024-14,2024-14,Kimberly K. Reynolds,"Severe weather beginning May 20 and continuing (Calhoun, Cerro Gordo, Johnson, Keokuk, Marion, Scott, Shelby, Union, Washington, and Wright Counties)",2024-05-24,https://homelandsecurity.iowa.gov/media/331/download?inline,C,county/county-equivalent,9,AUDUBON,0,0,20000.0,0.0,"Thunderstorm Wind, Tornado",5,20000.0
IA-PROC-2024-14,2024-14,Kimberly K. Reynolds,"Severe weather beginning May 20 and continuing (Calhoun, Cerro Gordo, Johnson, Keokuk, Marion, Scott, Shelby, Union, Washington, and Wright Counties)",2024-05-24,https://homelandsecurity.iowa.gov/media/331/download?inline,C,county/county-equivalent,121,MADISON,0,0,20000.0,0.0,"Hail, Thunderstorm Wind, Tornado",7,20000.0
IA-PROC-2024-14,2024-14,Kimberly K. Reynolds,"Severe weather beginning May 20 and continuing (Calhoun, Cerro Gordo, Johnson, Keokuk, Marion, Scott, Shelby, Union, Washington, and Wright Counties)",2024-05-24,https://homelandsecurity.iowa.gov/media/331/download?inline,C,county/county-equivalent,83,HARDIN,0,0,15000.0,0.0,"Flash Flood, Hail, Thunderstorm Wind",7,15000.0
IA-PROC-2024-14,2024-14,Kimberly K. Reynolds,"Severe weather beginning May 20 and continuing (Calhoun, Cerro Gordo, Johnson, Keokuk, Marion, Scott, Shelby, Union, Washington, and Wright Counties)",2024-05-24,https://homelandsecurity.iowa.gov/media/331/download?inline,C,county/county-equivalent,5,ALLAMAKEE,0,0,10000.0,1000.0,Thunderstorm Wind,1,11000.0
IA-PROC-2024-14,2024-14,Kimberly K. Reynolds,"Severe weather beginning May 20 and continuing (Calhoun, Cerro Gordo, Johnson, Keokuk, Marion, Scott, Shelby, Union, Washington, and Wright Counties)",2024-05-24,https://homelandsecurity.iowa.gov/media/331/download?inline,C,county/county-equivalent,13,BLACK HAWK,0,0,10000.0,0.0,"Hail, Thunderstorm Wind",7,10000.0
IA-PROC-2024-14,2024-14,Kimberly K. Reynolds,"Severe weather beginning May 20 and continuing (Calhoun, Cerro Gordo, Johnson, Keokuk, Marion, Scott, Shelby, Union, Washington, and Wright Counties)",2024-05-24,https://homelandsecurity.iowa.gov/media/331/download?inline,C,county/county-equivalent,15,BOONE,0,0,10000.0,0.0,"Flash Flood, Thunderstorm Wind, Tornado",4,10000.0
IA-PROC-2024-14,2024-14,Kimberly K. Reynolds,"Severe weather beginning May 20 and continuing (Calhoun, Cerro Gordo, Johnson, Keokuk, Marion, Scott, Shelby, Union, Washington, and Wright Counties)",2024-05-24,https://homelandsecurity.iowa.gov/media/331/download?inline,C,county/county-equivalent,171,TAMA,0,0,10000.0,0.0,"Flash Flood, Thunderstorm Wind",9,10000.0
IA-PROC-2024-14,2024-14,Kimberly K. Reynolds,"Severe weather beginning May 20 and continuing (Calhoun, Cerro Gordo, Johnson, Keokuk, Marion, Scott, Shelby, Union, Washington, and Wright Counties)",2024-05-24,https://homelandsecurity.iowa.gov/media/331/download?inline,C,county/county-equivalent,175,UNION,0,0,1000.0,0.0,"Hail, Tornado",3,1000.0
IA-PROC-2024-14,2024-14,Kimberly K. Reynolds,"Severe weather beginning May 20 and continuing (Calhoun, Cerro Gordo, Johnson, Keokuk, Marion, Scott, Shelby, Union, Washington, and Wright Counties)",2024-05-24,https://homelandsecurity.iowa.gov/media/331/download?inline,C,county/county-equivalent,11,BENTON,0,0,0.0,0.0,Thunderstorm Wind,7,0.0
IA-PROC-2024-14,2024-14,Kimberly K. Reynolds,"Severe weather beginning May 20 and continuing (Calhoun, Cerro Gordo, Johnson, Keokuk, Marion, Scott, Shelby, Union, Washington, and Wright Counties)",2024-05-24,https://homelandsecurity.iowa.gov/media/331/download?inline,C,county/county-equivalent,17,BREMER,0,0,0.0,0.0,Hail,2,0.0
IA-PROC-2024-14,2024-14,Kimberly K. Reynolds,"Severe weather beginning May 20 and continuing (Calhoun, Cerro Gordo, Johnson, Keokuk, Marion, Scott, Shelby, Union, Washington, and Wright Counties)",2024-05-24,https://homelandsecurity.iowa.gov/media/331/download?inline,C,county/county-equivalent,19,BUCHANAN,0,0,0.0,0.0,"Hail, Thunderstorm Wind",7,0.0
IA-PROC-2024-14,2024-14,Kimberly K. Reynolds,"Severe weather beginning May 20 and continuing (Calhoun, Cerro Gordo, Johnson, Keokuk, Marion, Scott, Shelby, Union, Washington, and Wright Counties)",2024-05-24,https://homelandsecurity.iowa.gov/media/331/download?inline,C,county/county-equivalent,21,BUENA VISTA,0,0,0.0,0.0,"Hail, Thunderstorm Wind, Tornado",6,0.0
IA-PROC-2024-14,2024-14,Kimberly K. Reynolds,"Severe weather beginning May 20 and continuing (Calhoun, Cerro Gordo, Johnson, Keokuk, Marion, Scott, Shelby, Union, Washington, and Wright Counties)",2024-05-24,https://homelandsecurity.iowa.gov/media/331/download?inline,C,county/county-equivalent,25,CALHOUN,0,0,0.0,0.0,"Hail, Thunderstorm Wind",3,0.0
IA-PROC-2024-14,2024-14,Kimberly K. Reynolds,"Severe weather beginning May 20 and continuing (Calhoun, Cerro Gordo, Johnson, Keokuk, Marion, Scott, Shelby, Union, Washington, and Wright Counties)",2024-05-24,https://homelandsecurity.iowa.gov/media/331/download?inline,C,county/county-equivalent,31,CEDAR,0,0,0.0,0.0,"Hail, Thunderstorm Wind, Tornado",19,0.0
IA-PROC-2024-14,2024-14,Kimberly K. Reynolds,"Severe weather beginning May 20 and continuing (Calhoun, Cerro Gordo, Johnson, Keokuk, Marion, Scott, Shelby, Union, Washington, and Wright Counties)",2024-05-24,https://homelandsecurity.iowa.gov/media/331/download?inline,C,county/county-equivalent,39,CLARKE,0,0,0.0,0.0,"Hail, Thunderstorm Wind",3,0.0
IA-PROC-2024-14,2024-14,Kimberly K. Reynolds,"Severe weather beginning May 20 and continuing (Calhoun, Cerro Gordo, Johnson, Keokuk, Marion, Scott, Shelby, Union, Washington, and Wright Counties)",2024-05-24,https://homelandsecurity.iowa.gov/media/331/download?inline,C,county/county-equivalent,41,CLAY,0,0,0.0,0.0,Hail,1,0.0
IA-PROC-2024-14,2024-14,Kimberly K. Reynolds,"Severe weather beginning May 20 and continuing (Calhoun, Cerro Gordo, Johnson, Keokuk, Marion, Scott, Shelby, Union, Washington, and Wright Counties)",2024-05-24,https://homelandsecurity.iowa.gov/media/331/download?inline,C,county/county-equivalent,43,CLAYTON,0,0,0.0,0.0,Thunderstorm Wind,1,0.0
IA-PROC-2024-14,2024-14,Kimberly K. Reynolds,"Severe weather beginning May 20 and continuing (Calhoun, Cerro Gordo, Johnson, Keokuk, Marion, Scott, Shelby, Union, Washington, and Wright Counties)",2024-05-24,https://homelandsecurity.iowa.gov/media/331/download?inline,C,county/county-equivalent,45,CLINTON,0,0,0.0,0.0,"Hail, Thunderstorm Wind, Tornado",8,0.0
IA-PROC-2024-14,2024-14,Kimberly K. Reynolds,"Severe weather beginning May 20 and continuing (Calhoun, Cerro Gordo, Johnson, Keokuk, Marion, Scott, Shelby, Union, Washington, and Wright Counties)",2024-05-24,https://homelandsecurity.iowa.gov/media/331/download?inline,C,county/county-equivalent,53,DECATUR,0,0,0.0,0.0,Hail,1,0.0
IA-PROC-2024-14,2024-14,Kimberly K. Reynolds,"Severe weather beginning May 20 and continuing (Calhoun, Cerro Gordo, Johnson, Keokuk, Marion, Scott, Shelby, Union, Washington, and Wright Counties)",2024-05-24,https://homelandsecurity.iowa.gov/media/331/download?inline,C,county/county-equivalent,55,DELAWARE,0,0,0.0,0.0,Thunderstorm Wind,1,0.0
IA-PROC-2024-14,2024-14,Kimberly K. Reynolds,"Severe weather beginning May 20 and continuing (Calhoun, Cerro Gordo, Johnson, Keokuk, Marion, Scott, Shelby, Union, Washington, and Wright Counties)",2024-05-24,https://homelandsecurity.iowa.gov/media/331/download?inline,C,county/county-equivalent,59,DICKINSON,0,0,0.0,0.0,Hail,4,0.0
IA-PROC-2024-14,2024-14,Kimberly K. Reynolds,"Severe weather beginning May 20 and continuing (Calhoun, Cerro Gordo, Johnson, Keokuk, Marion, Scott, Shelby, Union, Washington, and Wright Counties)",2024-05-24,https://homelandsecurity.iowa.gov/media/331/download?inline,C,county/county-equivalent,61,DUBUQUE,0,0,0.0,0.0,"Hail, Thunderstorm Wind",7,0.0
IA-PROC-2024-14,2024-14,Kimberly K. Reynolds,"Severe weather beginning May 20 and continuing (Calhoun, Cerro Gordo, Johnson, Keokuk, Marion, Scott, Shelby, Union, Washington, and Wright Counties)",2024-05-24,https://homelandsecurity.iowa.gov/media/331/download?inline,C,county/county-equivalent,63,EMMET,0,0,0.0,0.0,Thunderstorm Wind,1,0.0
IA-PROC-2024-14,2024-14,Kimberly K. Reynolds,"Severe weather beginning May 20 and continuing (Calhoun, Cerro Gordo, Johnson, Keokuk, Marion, Scott, Shelby, Union, Washington, and Wright Counties)",2024-05-24,https://homelandsecurity.iowa.gov/media/331/download?inline,C,county/county-equivalent,71,FREMONT,0,0,0.0,0.0,Hail,2,0.0
IA-PROC-2024-14,2024-14,Kimberly K. Reynolds,"Severe weather beginning May 20 and continuing (Calhoun, Cerro Gordo, Johnson, Keokuk, Marion, Scott, Shelby, Union, Washington, and Wright Counties)",2024-05-24,https://homelandsecurity.iowa.gov/media/331/download?inline,C,county/county-equivalent,73,GREENE,0,0,0.0,0.0,Hail,1,0.0
IA-PROC-2024-14,2024-14,Kimberly K. Reynolds,"Severe weather beginning May 20 and continuing (Calhoun, Cerro Gordo, Johnson, Keokuk, Marion, Scott, Shelby, Union, Washington, and Wright Counties)",2024-05-24,https://homelandsecurity.iowa.gov/media/331/download?inline,C,county/county-equivalent,75,GRUNDY,0,0,0.0,0.0,"Flash Flood, Thunderstorm Wind",3,0.0
IA-PROC-2024-14,2024-14,Kimberly K. Reynolds,"Severe weather beginning May 20 and continuing (Calhoun, Cerro Gordo, Johnson, Keokuk, Marion, Scott, Shelby, Union, Washington, and Wright Counties)",2024-05-24,https://homelandsecurity.iowa.gov/media/331/download?inline,C,county/county-equivalent,77,GUTHRIE,0,0,0.0,0.0,"Flash Flood, Thunderstorm Wind",3,0.0
IA-PROC-2024-14,2024-14,Kimberly K. Reynolds,"Severe weather beginning May 20 and continuing (Calhoun, Cerro Gordo, Johnson, Keokuk, Marion, Scott, Shelby, Union, Washington, and Wright Counties)",2024-05-24,https://homelandsecurity.iowa.gov/media/331/download?inline,C,county/county-equivalent,85,HARRISON,0,0,0.0,0.0,"Thunderstorm Wind, Tornado",7,0.0
IA-PROC-2024-14,2024-14,Kimberly K. Reynolds,"Severe weather beginning May 20 and continuing (Calhoun, Cerro Gordo, Johnson, Keokuk, Marion, Scott, Shelby, Union, Washington, and Wright Counties)",2024-05-24,https://homelandsecurity.iowa.gov/media/331/download?inline,C,county/county-equivalent,87,HENRY,0,0,0.0,0.0,Thunderstorm Wind,2,0.0
IA-PROC-2024-14,2024-14,Kimberly K. Reynolds,"Severe weather beginning May 20 and continuing (Calhoun, Cerro Gordo, Johnson, Keokuk, Marion, Scott, Shelby, Union, Washington, and Wright Counties)",2024-05-24,https://homelandsecurity.iowa.gov/media/331/download?inline,C,county/county-equivalent,91,HUMBOLDT,0,0,0.0,0.0,Thunderstorm Wind,1,0.0
IA-PROC-2024-14,2024-14,Kimberly K. Reynolds,"Severe weather beginning May 20 and continuing (Calhoun, Cerro Gordo, Johnson, Keokuk, Marion, Scott, Shelby, Union, Washington, and Wright Counties)",2024-05-24,https://homelandsecurity.iowa.gov/media/331/download?inline,C,county/county-equivalent,95,IOWA,0,0,0.0,0.0,"Hail, Thunderstorm Wind",3,0.0
IA-PROC-2024-14,2024-14,Kimberly K. Reynolds,"Severe weather beginning May 20 and continuing (Calhoun, Cerro Gordo, Johnson, Keokuk, Marion, Scott, Shelby, Union, Washington, and Wright Counties)",2024-05-24,https://homelandsecurity.iowa.gov/media/331/download?inline,C,county/county-equivalent,97,JACKSON,0,0,0.0,0.0,Thunderstorm Wind,8,0.0
IA-PROC-2024-14,2024-14,Kimberly K. Reynolds,"Severe weather beginning May 20 and continuing (Calhoun, Cerro Gordo, Johnson, Keokuk, Marion, Scott, Shelby, Union, Washington, and Wright Counties)",2024-05-24,https://homelandsecurity.iowa.gov/media/331/download?inline,C,county/county-equivalent,103,JOHNSON,0,0,0.0,0.0,"Hail, Thunderstorm Wind, Tornado",14,0.0
IA-PROC-2024-14,2024-14,Kimberly K. Reynolds,"Severe weather beginning May 20 and continuing (Calhoun, Cerro Gordo, Johnson, Keokuk, Marion, Scott, Shelby, Union, Washington, and Wright Counties)",2024-05-24,https://homelandsecurity.iowa.gov/media/331/download?inline,C,county/county-equivalent,105,JONES,0,0,0.0,0.0,"Hail, Thunderstorm Wind",10,0.0
IA-PROC-2024-14,2024-14,Kimberly K. Reynolds,"Severe weather beginning May 20 and continuing (Calhoun, Cerro Gordo, Johnson, Keokuk, Marion, Scott, Shelby, Union, Washington, and Wright Counties)",2024-05-24,https://homelandsecurity.iowa.gov/media/331/download?inline,C,county/county-equivalent,107,KEOKUK,0,0,0.0,0.0,"Thunderstorm Wind, Tornado",2,0.0
IA-PROC-2024-14,2024-14,Kimberly K. Reynolds,"Severe weather beginning May 20 and continuing (Calhoun, Cerro Gordo, Johnson, Keokuk, Marion, Scott, Shelby, Union, Washington, and Wright Counties)",2024-05-24,https://homelandsecurity.iowa.gov/media/331/download?inline,C,county/county-equivalent,109,KOSSUTH,0,0,0.0,0.0,"Hail, Thunderstorm Wind",2,0.0
IA-PROC-2024-14,2024-14,Kimberly K. Reynolds,"Severe weather beginning May 20 and continuing (Calhoun, Cerro Gordo, Johnson, Keokuk, Marion, Scott, Shelby, Union, Washington, and Wright Counties)",2024-05-24,https://homelandsecurity.iowa.gov/media/331/download?inline,C,county/county-equivalent,113,LINN,0,0,0.0,0.0,"Hail, Thunderstorm Wind, Tornado",11,0.0
IA-PROC-2024-14,2024-14,Kimberly K. Reynolds,"Severe weather beginning May 20 and continuing (Calhoun, Cerro Gordo, Johnson, Keokuk, Marion, Scott, Shelby, Union, Washington, and Wright Counties)",2024-05-24,https://homelandsecurity.iowa.gov/media/331/download?inline,C,county/county-equivalent,115,LOUISA,0,0,0.0,0.0,Thunderstorm Wind,2,0.0
IA-PROC-2024-14,2024-14,Kimberly K. Reynolds,"Severe weather beginning May 20 and continuing (Calhoun, Cerro Gordo, Johnson, Keokuk, Marion, Scott, Shelby, Union, Washington, and Wright Counties)",2024-05-24,https://homelandsecurity.iowa.gov/media/331/download?inline,C,county/county-equivalent,117,LUCAS,0,0,0.0,0.0,Hail,1,0.0
IA-PROC-2024-14,2024-14,Kimberly K. Reynolds,"Severe weather beginning May 20 and continuing (Calhoun, Cerro Gordo, Johnson, Keokuk, Marion, Scott, Shelby, Union, Washington, and Wright Counties)",2024-05-24,https://homelandsecurity.iowa.gov/media/331/download?inline,C,county/county-equivalent,123,MAHASKA,0,0,0.0,0.0,"Hail, Thunderstorm Wind",3,0.0
IA-PROC-2024-14,2024-14,Kimberly K. Reynolds,"Severe weather beginning May 20 and continuing (Calhoun, Cerro Gordo, Johnson, Keokuk, Marion, Scott, Shelby, Union, Washington, and Wright Counties)",2024-05-24,https://homelandsecurity.iowa.gov/media/331/download?inline,C,county/county-equivalent,125,MARION,0,0,0.0,0.0,"Hail, Thunderstorm Wind",12,0.0
IA-PROC-2024-14,2024-14,Kimberly K. Reynolds,"Severe weather beginning May 20 and continuing (Calhoun, Cerro Gordo, Johnson, Keokuk, Marion, Scott, Shelby, Union, Washington, and Wright Counties)",2024-05-24,https://homelandsecurity.iowa.gov/media/331/download?inline,C,county/county-equivalent,127,MARSHALL,0,0,0.0,0.0,Thunderstorm Wind,2,0.0
IA-PROC-2024-14,2024-14,Kimberly K. Reynolds,"Severe weather beginning May 20 and continuing (Calhoun, Cerro Gordo, Johnson, Keokuk, Marion, Scott, Shelby, Union, Washington, and Wright Counties)",2024-05-24,https://homelandsecurity.iowa.gov/media/331/download?inline,C,county/county-equivalent,129,MILLS,0,0,0.0,0.0,Thunderstorm Wind,5,0.0
IA-PROC-2024-14,2024-14,Kimberly K. Reynolds,"Severe weather beginning May 20 and continuing (Calhoun, Cerro Gordo, Johnson, Keokuk, Marion, Scott, Shelby, Union, Washington, and Wright Counties)",2024-05-24,https://homelandsecurity.iowa.gov/media/331/download?inline,C,county/county-equivalent,131,MITCHELL,0,0,0.0,0.0,Thunderstorm Wind,1,0.0
IA-PROC-2024-14,2024-14,Kimberly K. Reynolds,"Severe weather beginning May 20 and continuing (Calhoun, Cerro Gordo, Johnson, Keokuk, Marion, Scott, Shelby, Union, Washington, and Wright Counties)",2024-05-24,https://homelandsecurity.iowa.gov/media/331/download?inline,C,county/county-equivalent,133,MONONA,0,0,0.0,0.0,"Hail, Thunderstorm Wind",2,0.0
IA-PROC-2024-14,2024-14,Kimberly K. Reynolds,"Severe weather beginning May 20 and continuing (Calhoun, Cerro Gordo, Johnson, Keokuk, Marion, Scott, Shelby, Union, Washington, and Wright Counties)",2024-05-24,https://homelandsecurity.iowa.gov/media/331/download?inline,C,county/county-equivalent,135,MONROE,0,0,0.0,0.0,"Hail, Thunderstorm Wind",4,0.0
IA-PROC-2024-14,2024-14,Kimberly K. Reynolds,"Severe weather beginning May 20 and continuing (Calhoun, Cerro Gordo, Johnson, Keokuk, Marion, Scott, Shelby, Union, Washington, and Wright Counties)",2024-05-24,https://homelandsecurity.iowa.gov/media/331/download?inline,C,county/county-equivalent,137,MONTGOMERY,0,0,0.0,0.0,"Hail, Thunderstorm Wind, Tornado",10,0.0
IA-PROC-2024-14,2024-14,Kimberly K. Reynolds,"Severe weather beginning May 20 and continuing (Calhoun, Cerro Gordo, Johnson, Keokuk, Marion, Scott, Shelby, Union, Washington, and Wright Counties)",2024-05-24,https://homelandsecurity.iowa.gov/media/331/download?inline,C,county/county-equivalent,139,MUSCATINE,0,0,0.0,0.0,"Hail, Thunderstorm Wind, Tornado",8,0.0
IA-PROC-2024-14,2024-14,Kimberly K. Reynolds,"Severe weather beginning May 20 and continuing (Calhoun, Cerro Gordo, Johnson, Keokuk, Marion, Scott, Shelby, Union, Washington, and Wright Counties)",2024-05-24,https://homelandsecurity.iowa.gov/media/331/download?inline,C,county/county-equivalent,145,PAGE,0,0,0.0,0.0,Tornado,3,0.0
IA-PROC-2024-14,2024-14,Kimberly K. Reynolds,"Severe weather beginning May 20 and continuing (Calhoun, Cerro Gordo, Johnson, Keokuk, Marion, Scott, Shelby, Union, Washington, and Wright Counties)",2024-05-24,https://homelandsecurity.iowa.gov/media/331/download?inline,C,county/county-equivalent,149,PLYMOUTH,0,0,0.0,0.0,Thunderstorm Wind,1,0.0
IA-PROC-2024-14,2024-14,Kimberly K. Reynolds,"Severe weather beginning May 20 and continuing (Calhoun, Cerro Gordo, Johnson, Keokuk, Marion, Scott, Shelby, Union, Washington, and Wright Counties)",2024-05-24,https://homelandsecurity.iowa.gov/media/331/download?inline,C,county/county-equivalent,151,POCAHONTAS,0,0,0.0,0.0,Thunderstorm Wind,1,0.0
IA-PROC-2024-14,2024-14,Kimberly K. Reynolds,"Severe weather beginning May 20 and continuing (Calhoun, Cerro Gordo, Johnson, Keokuk, Marion, Scott, Shelby, Union, Washington, and Wright Counties)",2024-05-24,https://homelandsecurity.iowa.gov/media/331/download?inline,C,county/county-equivalent,161,SAC,0,0,0.0,0.0,Hail,1,0.0
IA-PROC-2024-14,2024-14,Kimberly K. Reynolds,"Severe weather beginning May 20 and continuing (Calhoun, Cerro Gordo, Johnson, Keokuk, Marion, Scott, Shelby, Union, Washington, and Wright Counties)",2024-05-24,https://homelandsecurity.iowa.gov/media/331/download?inline,C,county/county-equivalent,163,SCOTT,0,0,0.0,0.0,"Hail, Thunderstorm Wind, Tornado",10,0.0
IA-PROC-2024-14,2024-14,Kimberly K. Reynolds,"Severe weather beginning May 20 and continuing (Calhoun, Cerro Gordo, Johnson, Keokuk, Marion, Scott, Shelby, Union, Washington, and Wright Counties)",2024-05-24,https://homelandsecurity.iowa.gov/media/331/download?inline,C,county/county-equivalent,165,SHELBY,0,0,0.0,0.0,"Thunderstorm Wind, Tornado",4,0.0
IA-PROC-2024-14,2024-14,Kimberly K. Reynolds,"Severe weather beginning May 20 and continuing (Calhoun, Cerro Gordo, Johnson, Keokuk, Marion, Scott, Shelby, Union, Washington, and Wright Counties)",2024-05-24,https://homelandsecurity.iowa.gov/media/331/download?inline,C,county/county-equivalent,173,TAYLOR,0,0,0.0,0.0,Tornado,1,0.0
IA-PROC-2024-14,2024-14,Kimberly K. Reynolds,"Severe weather beginning May 20 and continuing (Calhoun, Cerro Gordo, Johnson, Keokuk, Marion, Scott, Shelby, Union, Washington, and Wright Counties)",2024-05-24,https://homelandsecurity.iowa.gov/media/331/download?inline,C,county/county-equivalent,177,VAN BUREN,0,0,0.0,0.0,Thunderstorm Wind,1,0.0
IA-PROC-2024-14,2024-14,Kimberly K. Reynolds,"Severe weather beginning May 20 and continuing (Calhoun, Cerro Gordo, Johnson, Keokuk, Marion, Scott, Shelby, Union, Washington, and Wright Counties)",2024-05-24,https://homelandsecurity.iowa.gov/media/331/download?inline,C,county/county-equivalent,183,WASHINGTON,0,0,0.0,0.0,"Thunderstorm Wind, Tornado",5,0.0
IA-PROC-2024-14,2024-14,Kimberly K. Reynolds,"Severe weather beginning May 20 and continuing (Calhoun, Cerro Gordo, Johnson, Keokuk, Marion, Scott, Shelby, Union, Washington, and Wright Counties)",2024-05-24,https://homelandsecurity.iowa.gov/media/331/download?inline,C,county/county-equivalent,185,WAYNE,0,0,0.0,0.0,Hail,4,0.0
IA-PROC-2024-14,2024-14,Kimberly K. Reynolds,"Severe weather beginning May 20 and continuing (Calhoun, Cerro Gordo, Johnson, Keokuk, Marion, Scott, Shelby, Union, Washington, and Wright Counties)",2024-05-24,https://homelandsecurity.iowa.gov/media/331/download?inline,C,county/county-equivalent,193,WOODBURY,0,0,0.0,0.0,Thunderstorm Wind,3,0.0
IA-PROC-2024-14,2024-14,Kimberly K. Reynolds,"Severe weather beginning May 20 and continuing (Calhoun, Cerro Gordo, Johnson, Keokuk, Marion, Scott, Shelby, Union, Washington, and Wright Counties)",2024-05-24,https://homelandsecurity.iowa.gov/media/331/download?inline,C,county/county-equivalent,197,WRIGHT,0,0,0.0,0.0,Thunderstorm Wind,1,0.0
IA-PROC-2024-16,2024-16,Kimberly K. Reynolds,"Severe weather beginning May 20 and continuing (Dallas, Poweshiek, and Webster Counties)",2024-05-28,https://homelandsecurity.iowa.gov/media/339/download?inline,C,county/county-equivalent,13,BLACK HAWK,0,0,0.0,0.0,Thunderstorm Wind,1,0.0
IA-PROC-2024-16,2024-16,Kimberly K. Reynolds,"Severe weather beginning May 20 and continuing (Dallas, Poweshiek, and Webster Counties)",2024-05-28,https://homelandsecurity.iowa.gov/media/339/download?inline,C,county/county-equivalent,17,BREMER,0,0,0.0,0.0,Hail,1,0.0
IA-PROC-2024-16,2024-16,Kimberly K. Reynolds,"Severe weather beginning May 20 and continuing (Dallas, Poweshiek, and Webster Counties)",2024-05-28,https://homelandsecurity.iowa.gov/media/339/download?inline,C,county/county-equivalent,19,BUCHANAN,0,0,0.0,0.0,"Hail, Thunderstorm Wind",2,0.0
IA-PROC-2024-16,2024-16,Kimberly K. Reynolds,"Severe weather beginning May 20 and continuing (Dallas, Poweshiek, and Webster Counties)",2024-05-28,https://homelandsecurity.iowa.gov/media/339/download?inline,C,county/county-equivalent,95,IOWA,0,0,0.0,0.0,Thunderstorm Wind,1,0.0
IA-PROC-2024-16,2024-16,Kimberly K. Reynolds,"Severe weather beginning May 20 and continuing (Dallas, Poweshiek, and Webster Counties)",2024-05-28,https://homelandsecurity.iowa.gov/media/339/download?inline,C,county/county-equivalent,105,JONES,0,0,0.0,0.0,Hail,2,0.0
IA-PROC-2024-16,2024-16,Kimberly K. Reynolds,"Severe weather beginning May 20 and continuing (Dallas, Poweshiek, and Webster Counties)",2024-05-28,https://homelandsecurity.iowa.gov/media/339/download?inline,C,county/county-equivalent,113,LINN,0,0,0.0,0.0,"Hail, Thunderstorm Wind",3,0.0
IA-PROC-2024-16,2024-16,Kimberly K. Reynolds,"Severe weather beginning May 20 and continuing (Dallas, Poweshiek, and Webster Counties)",2024-05-28,https://homelandsecurity.iowa.gov/media/339/download?inline,C,county/county-equivalent,125,MARION,0,0,0.0,0.0,Hail,1,0.0
IA-PROC-2024-16,2024-16,Kimberly K. Reynolds,"Severe weather beginning May 20 and continuing (Dallas, Poweshiek, and Webster Counties)",2024-05-28,https://homelandsecurity.iowa.gov/media/339/download?inline,C,county/county-equivalent,127,MARSHALL,0,0,0.0,0.0,Thunderstorm Wind,1,0.0
IA-PROC-2024-16,2024-16,Kimberly K. Reynolds,"Severe weather beginning May 20 and continuing (Dallas, Poweshiek, and Webster Counties)",2024-05-28,https://homelandsecurity.iowa.gov/media/339/download?inline,C,county/county-equivalent,141,O'BRIEN,0,0,0.0,0.0,Tornado,1,0.0
IA-PROC-2024-16,2024-16,Kimberly K. Reynolds,"Severe weather beginning May 20 and continuing (Dallas, Poweshiek, and Webster Counties)",2024-05-28,https://homelandsecurity.iowa.gov/media/339/download?inline,C,county/county-equivalent,151,POCAHONTAS,0,0,0.0,0.0,Tornado,1,0.0
IA-PROC-2024-16,2024-16,Kimberly K. Reynolds,"Severe weather beginning May 20 and continuing (Dallas, Poweshiek, and Webster Counties)",2024-05-28,https://homelandsecurity.iowa.gov/media/339/download?inline,C,county/county-equivalent,155,POTTAWATTAMIE,0,0,0.0,0.0,Thunderstorm Wind,1,0.0
IA-PROC-2024-16,2024-16,Kimberly K. Reynolds,"Severe weather beginning May 20 and continuing (Dallas, Poweshiek, and Webster Counties)",2024-05-28,https://homelandsecurity.iowa.gov/media/339/download?inline,C,county/county-equivalent,161,SAC,0,0,0.0,0.0,Hail,1,0.0
IA-PROC-2024-16,2024-16,Kimberly K. Reynolds,"Severe weather beginning May 20 and continuing (Dallas, Poweshiek, and Webster Counties)",2024-05-28,https://homelandsecurity.iowa.gov/media/339/download?inline,C,county/county-equivalent,163,SCOTT,0,0,0.0,0.0,Hail,1,0.0
IA-PROC-2024-16,2024-16,Kimberly K. Reynolds,"Severe weather beginning May 20 and continuing (Dallas, Poweshiek, and Webster Counties)",2024-05-28,https://homelandsecurity.iowa.gov/media/339/download?inline,C,county/county-equivalent,167,SIOUX,0,0,0.0,0.0,"Thunderstorm Wind, Tornado",2,0.0
IA-PROC-2024-18,2024-18,Kimberly K. Reynolds,Severe weather beginning May 31 and continuing (O'Brien and Kossuth Counties),2024-06-03,https://homelandsecurity.iowa.gov/media/352/download?inline,C,county/county-equivalent,89,HOWARD,0,0,30000.0,0.0,Thunderstorm Wind,2,30000.0
IA-PROC-2024-18,2024-18,Kimberly K. Reynolds,Severe weather beginning May 31 and continuing (O'Brien and Kossuth Counties),2024-06-03,https://homelandsecurity.iowa.gov/media/352/download?inline,C,county/county-equivalent,5,ALLAMAKEE,0,0,11000.0,0.0,Flash Flood,2,11000.0
IA-PROC-2024-18,2024-18,Kimberly K. Reynolds,Severe weather beginning May 31 and continuing (O'Brien and Kossuth Counties),2024-06-03,https://homelandsecurity.iowa.gov/media/352/download?inline,C,county/county-equivalent,37,CHICKASAW,0,0,0.0,1000.0,Thunderstorm Wind,2,1000.0
IA-PROC-2024-18,2024-18,Kimberly K. Reynolds,Severe weather beginning May 31 and continuing (O'Brien and Kossuth Counties),2024-06-03,https://homelandsecurity.iowa.gov/media/352/download?inline,C,county/county-equivalent,15,BOONE,0,0,0.0,0.0,Thunderstorm Wind,2,0.0
IA-PROC-2024-18,2024-18,Kimberly K. Reynolds,Severe weather beginning May 31 and continuing (O'Brien and Kossuth Counties),2024-06-03,https://homelandsecurity.iowa.gov/media/352/download?inline,C,county/county-equivalent,49,DALLAS,0,0,0.0,0.0,Heavy Rain,2,0.0
IA-PROC-2024-18,2024-18,Kimberly K. Reynolds,Severe weather beginning May 31 and continuing (O'Brien and Kossuth Counties),2024-06-03,https://homelandsecurity.iowa.gov/media/352/download?inline,C,county/county-equivalent,61,DUBUQUE,0,0,0.0,0.0,"Flash Flood, Heavy Rain, Thunderstorm Wind",16,0.0
IA-PROC-2024-18,2024-18,Kimberly K. Reynolds,Severe weather beginning May 31 and continuing (O'Brien and Kossuth Counties),2024-06-03,https://homelandsecurity.iowa.gov/media/352/download?inline,C,county/county-equivalent,73,GREENE,0,0,0.0,0.0,"Hail, Heavy Rain",2,0.0
IA-PROC-2024-18,2024-18,Kimberly K. Reynolds,Severe weather beginning May 31 and continuing (O'Brien and Kossuth Counties),2024-06-03,https://homelandsecurity.iowa.gov/media/352/download?inline,C,county/county-equivalent,109,KOSSUTH,0,0,0.0,0.0,"Flash Flood, Heavy Rain, Thunderstorm Wind",5,0.0
IA-PROC-2024-18,2024-18,Kimberly K. Reynolds,Severe weather beginning May 31 and continuing (O'Brien and Kossuth Counties),2024-06-03,https://homelandsecurity.iowa.gov/media/352/download?inline,C,county/county-equivalent,141,O'BRIEN,0,0,0.0,0.0,Tornado,1,0.0
IA-PROC-2024-18,2024-18,Kimberly K. Reynolds,Severe weather beginning May 31 and continuing (O'Brien and Kossuth Counties),2024-06-03,https://homelandsecurity.iowa.gov/media/352/download?inline,C,county/county-equivalent,151,POCAHONTAS,0,0,0.0,0.0,Tornado,1,0.0
IA-PROC-2024-18,2024-18,Kimberly K. Reynolds,Severe weather beginning May 31 and continuing (O'Brien and Kossuth Counties),2024-06-03,https://homelandsecurity.iowa.gov/media/352/download?inline,C,county/county-equivalent,153,POLK,0,0,0.0,0.0,"Heavy Rain, Thunderstorm Wind",3,0.0
IA-PROC-2024-18,2024-18,Kimberly K. Reynolds,Severe weather beginning May 31 and continuing (O'Brien and Kossuth Counties),2024-06-03,https://homelandsecurity.iowa.gov/media/352/download?inline,C,county/county-equivalent,163,SCOTT,0,0,0.0,0.0,Thunderstorm Wind,2,0.0
IA-PROC-2024-18,2024-18,Kimberly K. Reynolds,Severe weather beginning May 31 and continuing (O'Brien and Kossuth Counties),2024-06-03,https://homelandsecurity.iowa.gov/media/352/download?inline,C,county/county-equivalent,167,SIOUX,0,0,0.0,0.0,"Hail, Thunderstorm Wind, Tornado",3,0.0
IA-PROC-2024-18,2024-18,Kimberly K. Reynolds,Severe weather beginning May 31 and continuing (O'Brien and Kossuth Counties),2024-06-03,https://homelandsecurity.iowa.gov/media/352/download?inline,C,county/county-equivalent,187,WEBSTER,0,0,0.0,0.0,Tornado,1,0.0
IA-PROC-2024-19,2024-19,Kimberly K. Reynolds,Severe weather beginning June 3 and continuing (Dubuque and Emmet Counties),2024-06-06,https://homelandsecurity.iowa.gov/media/355/download?inline,C,county/county-equivalent,89,HOWARD,0,0,30000.0,0.0,Thunderstorm Wind,2,30000.0
IA-PROC-2024-19,2024-19,Kimberly K. Reynolds,Severe weather beginning June 3 and continuing (Dubuque and Emmet Counties),2024-06-06,https://homelandsecurity.iowa.gov/media/355/download?inline,C,county/county-equivalent,5,ALLAMAKEE,0,0,11000.0,0.0,Flash Flood,2,11000.0
IA-PROC-2024-19,2024-19,Kimberly K. Reynolds,Severe weather beginning June 3 and continuing (Dubuque and Emmet Counties),2024-06-06,https://homelandsecurity.iowa.gov/media/355/download?inline,C,county/county-equivalent,37,CHICKASAW,0,0,0.0,1000.0,Thunderstorm Wind,2,1000.0
IA-PROC-2024-19,2024-19,Kimberly K. Reynolds,Severe weather beginning June 3 and continuing (Dubuque and Emmet Counties),2024-06-06,https://homelandsecurity.iowa.gov/media/355/download?inline,C,county/county-equivalent,15,BOONE,0,0,0.0,0.0,Thunderstorm Wind,2,0.0
IA-PROC-2024-19,2024-19,Kimberly K. Reynolds,Severe weather beginning June 3 and continuing (Dubuque and Emmet Counties),2024-06-06,https://homelandsecurity.iowa.gov/media/355/download?inline,C,county/county-equivalent,49,DALLAS,0,0,0.0,0.0,Heavy Rain,2,0.0
IA-PROC-2024-19,2024-19,Kimberly K. Reynolds,Severe weather beginning June 3 and continuing (Dubuque and Emmet Counties),2024-06-06,https://homelandsecurity.iowa.gov/media/355/download?inline,C,county/county-equivalent,61,DUBUQUE,0,0,0.0,0.0,"Flash Flood, Heavy Rain, Thunderstorm Wind",16,0.0
IA-PROC-2024-19,2024-19,Kimberly K. Reynolds,Severe weather beginning June 3 and continuing (Dubuque and Emmet Counties),2024-06-06,https://homelandsecurity.iowa.gov/media/355/download?inline,C,county/county-equivalent,73,GREENE,0,0,0.0,0.0,"Hail, Heavy Rain",2,0.0
IA-PROC-2024-19,2024-19,Kimberly K. Reynolds,Severe weather beginning June 3 and continuing (Dubuque and Emmet Counties),2024-06-06,https://homelandsecurity.iowa.gov/media/355/download?inline,C,county/county-equivalent,109,KOSSUTH,0,0,0.0,0.0,"Flash Flood, Heavy Rain, Thunderstorm Wind",5,0.0
IA-PROC-2024-19,2024-19,Kimberly K. Reynolds,Severe weather beginning June 3 and continuing (Dubuque and Emmet Counties),2024-06-06,https://homelandsecurity.iowa.gov/media/355/download?inline,C,county/county-equivalent,153,POLK,0,0,0.0,0.0,"Heavy Rain, Thunderstorm Wind",3,0.0
IA-PROC-2024-19,2024-19,Kimberly K. Reynolds,Severe weather beginning June 3 and continuing (Dubuque and Emmet Counties),2024-06-06,https://homelandsecurity.iowa.gov/media/355/download?inline,C,county/county-equivalent,163,SCOTT,0,0,0.0,0.0,Thunderstorm Wind,2,0.0
IA-PROC-2024-19,2024-19,Kimberly K. Reynolds,Severe weather beginning June 3 and continuing (Dubuque and Emmet Counties),2024-06-06,https://homelandsecurity.iowa.gov/media/355/download?inline,C,county/county-equivalent,187,WEBSTER,0,0,0.0,0.0,Tornado,1,0.0
IA-PROC-2024-20,2024-20,Kimberly K. Reynolds,Severe weather beginning June 12 and continuing (Monona and Woodbury Counties),2024-06-14,https://homelandsecurity.iowa.gov/media/360/download?inline,C,county/county-equivalent,43,CLAYTON,0,0,60000.0,10000.0,Thunderstorm Wind,2,70000.0
IA-PROC-2024-20,2024-20,Kimberly K. Reynolds,Severe weather beginning June 12 and continuing (Monona and Woodbury Counties),2024-06-14,https://homelandsecurity.iowa.gov/media/360/download?inline,C,county/county-equivalent,5,ALLAMAKEE,0,0,50000.0,15000.0,Thunderstorm Wind,3,65000.0
IA-PROC-2024-20,2024-20,Kimberly K. Reynolds,Severe weather beginning June 12 and continuing (Monona and Woodbury Counties),2024-06-14,https://homelandsecurity.iowa.gov/media/360/download?inline,C,county/county-equivalent,85,HARRISON,0,0,25000.0,15000.0,"Flash Flood, Hail, Thunderstorm Wind",5,40000.0
IA-PROC-2024-20,2024-20,Kimberly K. Reynolds,Severe weather beginning June 12 and continuing (Monona and Woodbury Counties),2024-06-14,https://homelandsecurity.iowa.gov/media/360/download?inline,C,county/county-equivalent,191,WINNESHIEK,0,0,20000.0,1000.0,Thunderstorm Wind,3,21000.0
IA-PROC-2024-20,2024-20,Kimberly K. Reynolds,Severe weather beginning June 12 and continuing (Monona and Woodbury Counties),2024-06-14,https://homelandsecurity.iowa.gov/media/360/download?inline,C,county/county-equivalent,65,FAYETTE,0,0,0.0,15000.0,Thunderstorm Wind,1,15000.0
IA-PROC-2024-20,2024-20,Kimberly K. Reynolds,Severe weather beginning June 12 and continuing (Monona and Woodbury Counties),2024-06-14,https://homelandsecurity.iowa.gov/media/360/download?inline,C,county/county-equivalent,93,IDA,0,0,0.0,9000.0,Thunderstorm Wind,2,9000.0
IA-PROC-2024-20,2024-20,Kimberly K. Reynolds,Severe weather beginning June 12 and continuing (Monona and Woodbury Counties),2024-06-14,https://homelandsecurity.iowa.gov/media/360/download?inline,C,county/county-equivalent,193,WOODBURY,0,0,0.0,3000.0,"Hail, Thunderstorm Wind",8,3000.0
IA-PROC-2024-20,2024-20,Kimberly K. Reynolds,Severe weather beginning June 12 and continuing (Monona and Woodbury Counties),2024-06-14,https://homelandsecurity.iowa.gov/media/360/download?inline,C,county/county-equivalent,7,APPANOOSE,0,0,0.0,0.0,Hail,4,0.0
IA-PROC-2024-20,2024-20,Kimberly K. Reynolds,Severe weather beginning June 12 and continuing (Monona and Woodbury Counties),2024-06-14,https://homelandsecurity.iowa.gov/media/360/download?inline,C,county/county-equivalent,41,CLAY,0,0,0.0,0.0,Hail,3,0.0
IA-PROC-2024-20,2024-20,Kimberly K. Reynolds,Severe weather beginning June 12 and continuing (Monona and Woodbury Counties),2024-06-14,https://homelandsecurity.iowa.gov/media/360/download?inline,C,county/county-equivalent,45,CLINTON,0,0,0.0,0.0,Thunderstorm Wind,1,0.0
IA-PROC-2024-20,2024-20,Kimberly K. Reynolds,Severe weather beginning June 12 and continuing (Monona and Woodbury Counties),2024-06-14,https://homelandsecurity.iowa.gov/media/360/download?inline,C,county/county-equivalent,51,DAVIS,0,0,0.0,0.0,Hail,2,0.0
IA-PROC-2024-20,2024-20,Kimberly K. Reynolds,Severe weather beginning June 12 and continuing (Monona and Woodbury Counties),2024-06-14,https://homelandsecurity.iowa.gov/media/360/download?inline,C,county/county-equivalent,57,DES MOINES,0,0,0.0,0.0,Hail,2,0.0
IA-PROC-2024-20,2024-20,Kimberly K. Reynolds,Severe weather beginning June 12 and continuing (Monona and Woodbury Counties),2024-06-14,https://homelandsecurity.iowa.gov/media/360/download?inline,C,county/county-equivalent,59,DICKINSON,0,0,0.0,0.0,"Flash Flood, Thunderstorm Wind",7,0.0
IA-PROC-2024-20,2024-20,Kimberly K. Reynolds,Severe weather beginning June 12 and continuing (Monona and Woodbury Counties),2024-06-14,https://homelandsecurity.iowa.gov/media/360/download?inline,C,county/county-equivalent,63,EMMET,0,0,0.0,0.0,Thunderstorm Wind,2,0.0
IA-PROC-2024-20,2024-20,Kimberly K. Reynolds,Severe weather beginning June 12 and continuing (Monona and Woodbury Counties),2024-06-14,https://homelandsecurity.iowa.gov/media/360/download?inline,C,county/county-equivalent,89,HOWARD,0,0,0.0,0.0,Thunderstorm Wind,1,0.0
IA-PROC-2024-20,2024-20,Kimberly K. Reynolds,Severe weather beginning June 12 and continuing (Monona and Woodbury Counties),2024-06-14,https://homelandsecurity.iowa.gov/media/360/download?inline,C,county/county-equivalent,109,KOSSUTH,0,0,0.0,0.0,Thunderstorm Wind,1,0.0
IA-PROC-2024-20,2024-20,Kimberly K. Reynolds,Severe weather beginning June 12 and continuing (Monona and Woodbury Counties),2024-06-14,https://homelandsecurity.iowa.gov/media/360/download?inline,C,county/county-equivalent,111,LEE,0,0,0.0,0.0,Thunderstorm Wind,2,0.0
IA-PROC-2024-20,2024-20,Kimberly K. Reynolds,Severe weather beginning June 12 and continuing (Monona and Woodbury Counties),2024-06-14,https://homelandsecurity.iowa.gov/media/360/download?inline,C,county/county-equivalent,115,LOUISA,0,0,0.0,0.0,Thunderstorm Wind,2,0.0
IA-PROC-2024-20,2024-20,Kimberly K. Reynolds,Severe weather beginning June 12 and continuing (Monona and Woodbury Counties),2024-06-14,https://homelandsecurity.iowa.gov/media/360/download?inline,C,county/county-equivalent,133,MONONA,0,0,0.0,0.0,Hail,3,0.0
IA-PROC-2024-20,2024-20,Kimberly K. Reynolds,Severe weather beginning June 12 and continuing (Monona and Woodbury Counties),2024-06-14,https://homelandsecurity.iowa.gov/media/360/download?inline,C,county/county-equivalent,141,O'BRIEN,0,0,0.0,0.0,"Hail, Thunderstorm Wind",2,0.0
IA-PROC-2024-20,2024-20,Kimberly K. Reynolds,Severe weather beginning June 12 and continuing (Monona and Woodbury Counties),2024-06-14,https://homelandsecurity.iowa.gov/media/360/download?inline,C,county/county-equivalent,143,OSCEOLA,0,0,0.0,0.0,Thunderstorm Wind,1,0.0
IA-PROC-2024-20,2024-20,Kimberly K. Reynolds,Severe weather beginning June 12 and continuing (Monona and Woodbury Counties),2024-06-14,https://homelandsecurity.iowa.gov/media/360/download?inline,C,county/county-equivalent,145,PAGE,0,0,0.0,0.0,Thunderstorm Wind,1,0.0
IA-PROC-2024-20,2024-20,Kimberly K. Reynolds,Severe weather beginning June 12 and continuing (Monona and Woodbury Counties),2024-06-14,https://homelandsecurity.iowa.gov/media/360/download?inline,C,county/county-equivalent,155,POTTAWATTAMIE,0,0,0.0,0.0,Hail,1,0.0
IA-PROC-2024-20,2024-20,Kimberly K. Reynolds,Severe weather beginning June 12 and continuing (Monona and Woodbury Counties),2024-06-14,https://homelandsecurity.iowa.gov/media/360/download?inline,C,county/county-equivalent,161,SAC,0,0,0.0,0.0,Thunderstorm Wind,1,0.0
IA-PROC-2024-20,2024-20,Kimberly K. Reynolds,Severe weather beginning June 12 and continuing (Monona and Woodbury Counties),2024-06-14,https://homelandsecurity.iowa.gov/media/360/download?inline,C,county/county-equivalent,163,SCOTT,0,0,0.0,0.0,Thunderstorm Wind,5,0.0
IA-PROC-2024-20,2024-20,Kimberly K. Reynolds,Severe weather beginning June 12 and continuing (Monona and Woodbury Counties),2024-06-14,https://homelandsecurity.iowa.gov/media/360/download?inline,C,county/county-equivalent,167,SIOUX,0,0,0.0,0.0,Thunderstorm Wind,1,0.0
IA-PROC-2024-20,2024-20,Kimberly K. Reynolds,Severe weather beginning June 12 and continuing (Monona and Woodbury Counties),2024-06-14,https://homelandsecurity.iowa.gov/media/360/download?inline,C,county/county-equivalent,177,VAN BUREN,0,0,0.0,0.0,Hail,11,0.0
IA-PROC-2024-20,2024-20,Kimberly K. Reynolds,Severe weather beginning June 12 and continuing (Monona and Woodbury Counties),2024-06-14,https://homelandsecurity.iowa.gov/media/360/download?inline,C,county/county-equivalent,187,WEBSTER,0,0,0.0,0.0,Thunderstorm Wind,1,0.0
IA-PROC-2024-20,2024-20,Kimberly K. Reynolds,Severe weather beginning June 12 and continuing (Monona and Woodbury Counties),2024-06-14,https://homelandsecurity.iowa.gov/media/360/download?inline,C,county/county-equivalent,189,WINNEBAGO,0,0,0.0,0.0,Thunderstorm Wind,1,0.0
IA-PROC-2024-20,2024-20,Kimberly K. Reynolds,Severe weather beginning June 12 and continuing (Monona and Woodbury Counties),2024-06-14,https://homelandsecurity.iowa.gov/media/360/download?inline,C,county/county-equivalent,195,WORTH,0,0,0.0,0.0,Thunderstorm Wind,1,0.0
IA-PROC-2024-21,2024-21,Kimberly K. Reynolds,"Severe weather beginning June 12 and continuing (Carroll, Clay, Dickinson, Emmet, Harrison, and O'Brien)",2024-06-19,https://homelandsecurity.iowa.gov/media/362/download?inline,C,county/county-equivalent,5,ALLAMAKEE,0,0,5000.0,5000.0,"Flash Flood, Thunderstorm Wind",2,10000.0
IA-PROC-2024-21,2024-21,Kimberly K. Reynolds,"Severe weather beginning June 12 and continuing (Carroll, Clay, Dickinson, Emmet, Harrison, and O'Brien)",2024-06-19,https://homelandsecurity.iowa.gov/media/362/download?inline,C,county/county-equivalent,65,FAYETTE,0,0,10000.0,0.0,Flash Flood,1,10000.0
IA-PROC-2024-21,2024-21,Kimberly K. Reynolds,"Severe weather beginning June 12 and continuing (Carroll, Clay, Dickinson, Emmet, Harrison, and O'Brien)",2024-06-19,https://homelandsecurity.iowa.gov/media/362/download?inline,C,county/county-equivalent,93,IDA,0,0,0.0,9000.0,Thunderstorm Wind,2,9000.0
IA-PROC-2024-21,2024-21,Kimberly K. Reynolds,"Severe weather beginning June 12 and continuing (Carroll, Clay, Dickinson, Emmet, Harrison, and O'Brien)",2024-06-19,https://homelandsecurity.iowa.gov/media/362/download?inline,C,county/county-equivalent,41,CLAY,0,0,0.0,1000.0,"Hail, Thunderstorm Wind",7,1000.0
IA-PROC-2024-21,2024-21,Kimberly K. Reynolds,"Severe weather beginning June 12 and continuing (Carroll, Clay, Dickinson, Emmet, Harrison, and O'Brien)",2024-06-19,https://homelandsecurity.iowa.gov/media/362/download?inline,C,county/county-equivalent,9,AUDUBON,0,0,0.0,0.0,Heavy Rain,1,0.0
IA-PROC-2024-21,2024-21,Kimberly K. Reynolds,"Severe weather beginning June 12 and continuing (Carroll, Clay, Dickinson, Emmet, Harrison, and O'Brien)",2024-06-19,https://homelandsecurity.iowa.gov/media/362/download?inline,C,county/county-equivalent,13,BLACK HAWK,0,0,0.0,0.0,Thunderstorm Wind,1,0.0
IA-PROC-2024-21,2024-21,Kimberly K. Reynolds,"Severe weather beginning June 12 and continuing (Carroll, Clay, Dickinson, Emmet, Harrison, and O'Brien)",2024-06-19,https://homelandsecurity.iowa.gov/media/362/download?inline,C,county/county-equivalent,17,BREMER,0,0,0.0,0.0,Heavy Rain,1,0.0
IA-PROC-2024-21,2024-21,Kimberly K. Reynolds,"Severe weather beginning June 12 and continuing (Carroll, Clay, Dickinson, Emmet, Harrison, and O'Brien)",2024-06-19,https://homelandsecurity.iowa.gov/media/362/download?inline,C,county/county-equivalent,23,BUTLER,0,0,0.0,0.0,Heavy Rain,1,0.0
IA-PROC-2024-21,2024-21,Kimberly K. Reynolds,"Severe weather beginning June 12 and continuing (Carroll, Clay, Dickinson, Emmet, Harrison, and O'Brien)",2024-06-19,https://homelandsecurity.iowa.gov/media/362/download?inline,C,county/county-equivalent,29,CASS,0,0,0.0,0.0,Heavy Rain,1,0.0
IA-PROC-2024-21,2024-21,Kimberly K. Reynolds,"Severe weather beginning June 12 and continuing (Carroll, Clay, Dickinson, Emmet, Harrison, and O'Brien)",2024-06-19,https://homelandsecurity.iowa.gov/media/362/download?inline,C,county/county-equivalent,33,CERRO GORDO,0,0,0.0,0.0,Heavy Rain,2,0.0
IA-PROC-2024-21,2024-21,Kimberly K. Reynolds,"Severe weather beginning June 12 and continuing (Carroll, Clay, Dickinson, Emmet, Harrison, and O'Brien)",2024-06-19,https://homelandsecurity.iowa.gov/media/362/download?inline,C,county/county-equivalent,45,CLINTON,0,0,0.0,0.0,Thunderstorm Wind,1,0.0
IA-PROC-2024-21,2024-21,Kimberly K. Reynolds,"Severe weather beginning June 12 and continuing (Carroll, Clay, Dickinson, Emmet, Harrison, and O'Brien)",2024-06-19,https://homelandsecurity.iowa.gov/media/362/download?inline,C,county/county-equivalent,59,DICKINSON,0,0,0.0,0.0,"Flash Flood, Thunderstorm Wind",6,0.0
IA-PROC-2024-21,2024-21,Kimberly K. Reynolds,"Severe weather beginning June 12 and continuing (Carroll, Clay, Dickinson, Emmet, Harrison, and O'Brien)",2024-06-19,https://homelandsecurity.iowa.gov/media/362/download?inline,C,county/county-equivalent,63,EMMET,0,0,0.0,0.0,"Heavy Rain, Thunderstorm Wind",3,0.0
IA-PROC-2024-21,2024-21,Kimberly K. Reynolds,"Severe weather beginning June 12 and continuing (Carroll, Clay, Dickinson, Emmet, Harrison, and O'Brien)",2024-06-19,https://homelandsecurity.iowa.gov/media/362/download?inline,C,county/county-equivalent,75,GRUNDY,0,0,0.0,0.0,Thunderstorm Wind,1,0.0
IA-PROC-2024-21,2024-21,Kimberly K. Reynolds,"Severe weather beginning June 12 and continuing (Carroll, Clay, Dickinson, Emmet, Harrison, and O'Brien)",2024-06-19,https://homelandsecurity.iowa.gov/media/362/download?inline,C,county/county-equivalent,81,HANCOCK,0,0,0.0,0.0,Heavy Rain,2,0.0
IA-PROC-2024-21,2024-21,Kimberly K. Reynolds,"Severe weather beginning June 12 and continuing (Carroll, Clay, Dickinson, Emmet, Harrison, and O'Brien)",2024-06-19,https://homelandsecurity.iowa.gov/media/362/download?inline,C,county/county-equivalent,91,HUMBOLDT,0,0,0.0,0.0,Heavy Rain,1,0.0
IA-PROC-2024-21,2024-21,Kimberly K. Reynolds,"Severe weather beginning June 12 and continuing (Carroll, Clay, Dickinson, Emmet, Harrison, and O'Brien)",2024-06-19,https://homelandsecurity.iowa.gov/media/362/download?inline,C,county/county-equivalent,109,KOSSUTH,0,0,0.0,0.0,"Heavy Rain, Thunderstorm Wind",6,0.0
IA-PROC-2024-21,2024-21,Kimberly K. Reynolds,"Severe weather beginning June 12 and continuing (Carroll, Clay, Dickinson, Emmet, Harrison, and O'Brien)",2024-06-19,https://homelandsecurity.iowa.gov/media/362/download?inline,C,county/county-equivalent,119,LYON,0,0,0.0,0.0,Flash Flood,2,0.0
IA-PROC-2024-21,2024-21,Kimberly K. Reynolds,"Severe weather beginning June 12 and continuing (Carroll, Clay, Dickinson, Emmet, Harrison, and O'Brien)",2024-06-19,https://homelandsecurity.iowa.gov/media/362/download?inline,C,county/county-equivalent,127,MARSHALL,0,0,0.0,0.0,Thunderstorm Wind,1,0.0
IA-PROC-2024-21,2024-21,Kimberly K. Reynolds,"Severe weather beginning June 12 and continuing (Carroll, Clay, Dickinson, Emmet, Harrison, and O'Brien)",2024-06-19,https://homelandsecurity.iowa.gov/media/362/download?inline,C,county/county-equivalent,141,O'BRIEN,0,0,0.0,0.0,"Flash Flood, Thunderstorm Wind",3,0.0
IA-PROC-2024-21,2024-21,Kimberly K. Reynolds,"Severe weather beginning June 12 and continuing (Carroll, Clay, Dickinson, Emmet, Harrison, and O'Brien)",2024-06-19,https://homelandsecurity.iowa.gov/media/362/download?inline,C,county/county-equivalent,143,OSCEOLA,0,0,0.0,0.0,"Flash Flood, Thunderstorm Wind",3,0.0
IA-PROC-2024-21,2024-21,Kimberly K. Reynolds,"Severe weather beginning June 12 and continuing (Carroll, Clay, Dickinson, Emmet, Harrison, and O'Brien)",2024-06-19,https://homelandsecurity.iowa.gov/media/362/download?inline,C,county/county-equivalent,147,PALO ALTO,0,0,0.0,0.0,"Heavy Rain, Thunderstorm Wind",4,0.0
IA-PROC-2024-21,2024-21,Kimberly K. Reynolds,"Severe weather beginning June 12 and continuing (Carroll, Clay, Dickinson, Emmet, Harrison, and O'Brien)",2024-06-19,https://homelandsecurity.iowa.gov/media/362/download?inline,C,county/county-equivalent,161,SAC,0,0,0.0,0.0,Thunderstorm Wind,1,0.0
IA-PROC-2024-21,2024-21,Kimberly K. Reynolds,"Severe weather beginning June 12 and continuing (Carroll, Clay, Dickinson, Emmet, Harrison, and O'Brien)",2024-06-19,https://homelandsecurity.iowa.gov/media/362/download?inline,C,county/county-equivalent,163,SCOTT,0,0,0.0,0.0,Thunderstorm Wind,5,0.0
IA-PROC-2024-21,2024-21,Kimberly K. Reynolds,"Severe weather beginning June 12 and continuing (Carroll, Clay, Dickinson, Emmet, Harrison, and O'Brien)",2024-06-19,https://homelandsecurity.iowa.gov/media/362/download?inline,C,county/county-equivalent,167,SIOUX,0,0,0.0,0.0,"Flash Flood, Thunderstorm Wind",5,0.0
IA-PROC-2024-21,2024-21,Kimberly K. Reynolds,"Severe weather beginning June 12 and continuing (Carroll, Clay, Dickinson, Emmet, Harrison, and O'Brien)",2024-06-19,https://homelandsecurity.iowa.gov/media/362/download?inline,C,county/county-equivalent,169,STORY,0,0,0.0,0.0,Thunderstorm Wind,1,0.0
IA-PROC-2024-21,2024-21,Kimberly K. Reynolds,"Severe weather beginning June 12 and continuing (Carroll, Clay, Dickinson, Emmet, Harrison, and O'Brien)",2024-06-19,https://homelandsecurity.iowa.gov/media/362/download?inline,C,county/county-equivalent,187,WEBSTER,0,0,0.0,0.0,"Heavy Rain, Thunderstorm Wind",2,0.0
IA-PROC-2024-21,2024-21,Kimberly K. Reynolds,"Severe weather beginning June 12 and continuing (Carroll, Clay, Dickinson, Emmet, Harrison, and O'Brien)",2024-06-19,https://homelandsecurity.iowa.gov/media/362/download?inline,C,county/county-equivalent,189,WINNEBAGO,0,0,0.0,0.0,"Heavy Rain, Thunderstorm Wind",5,0.0
IA-PROC-2024-21,2024-21,Kimberly K. Reynolds,"Severe weather beginning June 12 and continuing (Carroll, Clay, Dickinson, Emmet, Harrison, and O'Brien)",2024-06-19,https://homelandsecurity.iowa.gov/media/362/download?inline,C,county/county-equivalent,195,WORTH,0,0,0.0,0.0,"Flash Flood, Heavy Rain",3,0.0
IA-PROC-2024-21,2024-21,Kimberly K. Reynolds,"Severe weather beginning June 12 and continuing (Carroll, Clay, Dickinson, Emmet, Harrison, and O'Brien)",2024-06-19,https://homelandsecurity.iowa.gov/media/362/download?inline,C,county/county-equivalent,197,WRIGHT,0,0,0.0,0.0,Heavy Rain,3,0.0
IA-PROC-2024-23,2024-23,Kimberly K. Reynolds,Severe Storms and Flooding June 21 and continuing (Sioux County),2024-06-22,https://homelandsecurity.iowa.gov/media/367/download?inline,C,county/county-equivalent,41,CLAY,1,0,25590000.0,1000.0,"Flood, Hail, Thunderstorm Wind",9,25591000.0
IA-PROC-2024-23,2024-23,Kimberly K. Reynolds,Severe Storms and Flooding June 21 and continuing (Sioux County),2024-06-22,https://homelandsecurity.iowa.gov/media/367/download?inline,C,county/county-equivalent,167,SIOUX,1,0,6500000.0,0.0,"Flash Flood, Flood",13,6500000.0
IA-PROC-2024-23,2024-23,Kimberly K. Reynolds,Severe Storms and Flooding June 21 and continuing (Sioux County),2024-06-22,https://homelandsecurity.iowa.gov/media/367/download?inline,C,county/county-equivalent,119,LYON,0,0,13200000.0,0.0,"Flash Flood, Flood",9,13200000.0
IA-PROC-2024-23,2024-23,Kimberly K. Reynolds,Severe Storms and Flooding June 21 and continuing (Sioux County),2024-06-22,https://homelandsecurity.iowa.gov/media/367/download?inline,C,county/county-equivalent,63,EMMET,0,0,10000000.0,0.0,"Flood, Heavy Rain",3,10000000.0
IA-PROC-2024-23,2024-23,Kimberly K. Reynolds,Severe Storms and Flooding June 21 and continuing (Sioux County),2024-06-22,https://homelandsecurity.iowa.gov/media/367/download?inline,C,county/county-equivalent,193,WOODBURY,0,0,4130000.0,0.0,Flood,5,4130000.0
IA-PROC-2024-23,2024-23,Kimberly K. Reynolds,Severe Storms and Flooding June 21 and continuing (Sioux County),2024-06-22,https://homelandsecurity.iowa.gov/media/367/download?inline,C,county/county-equivalent,21,BUENA VISTA,0,0,2440000.0,0.0,Flood,2,2440000.0
IA-PROC-2024-23,2024-23,Kimberly K. Reynolds,Severe Storms and Flooding June 21 and continuing (Sioux County),2024-06-22,https://homelandsecurity.iowa.gov/media/367/download?inline,C,county/county-equivalent,141,O'BRIEN,0,0,2250000.0,0.0,"Flash Flood, Flood, Thunderstorm Wind",8,2250000.0
IA-PROC-2024-23,2024-23,Kimberly K. Reynolds,Severe Storms and Flooding June 21 and continuing (Sioux County),2024-06-22,https://homelandsecurity.iowa.gov/media/367/download?inline,C,county/county-equivalent,143,OSCEOLA,0,0,2150000.0,0.0,"Flash Flood, Flood, Thunderstorm Wind",3,2150000.0
IA-PROC-2024-23,2024-23,Kimberly K. Reynolds,Severe Storms and Flooding June 21 and continuing (Sioux County),2024-06-22,https://homelandsecurity.iowa.gov/media/367/download?inline,C,county/county-equivalent,59,DICKINSON,0,0,1900000.0,0.0,"Flash Flood, Flood",7,1900000.0
IA-PROC-2024-23,2024-23,Kimberly K. Reynolds,Severe Storms and Flooding June 21 and continuing (Sioux County),2024-06-22,https://homelandsecurity.iowa.gov/media/367/download?inline,C,county/county-equivalent,149,PLYMOUTH,0,0,1580000.0,0.0,Flood,8,1580000.0
IA-PROC-2024-23,2024-23,Kimberly K. Reynolds,Severe Storms and Flooding June 21 and continuing (Sioux County),2024-06-22,https://homelandsecurity.iowa.gov/media/367/download?inline,C,county/county-equivalent,133,MONONA,0,0,1100000.0,398600.0,"Flash Flood, Flood",2,1498600.0
IA-PROC-2024-23,2024-23,Kimberly K. Reynolds,Severe Storms and Flooding June 21 and continuing (Sioux County),2024-06-22,https://homelandsecurity.iowa.gov/media/367/download?inline,C,county/county-equivalent,35,CHEROKEE,0,0,1020000.0,0.0,Flood,3,1020000.0
IA-PROC-2024-23,2024-23,Kimberly K. Reynolds,Severe Storms and Flooding June 21 and continuing (Sioux County),2024-06-22,https://homelandsecurity.iowa.gov/media/367/download?inline,C,county/county-equivalent,147,PALO ALTO,0,0,721000.0,0.0,"Flood, Heavy Rain",6,721000.0
IA-PROC-2024-23,2024-23,Kimberly K. Reynolds,Severe Storms and Flooding June 21 and continuing (Sioux County),2024-06-22,https://homelandsecurity.iowa.gov/media/367/download?inline,C,county/county-equivalent,155,POTTAWATTAMIE,0,0,550000.0,87250.0,"Flood, Hail, Thunderstorm Wind",5,637250.0
IA-PROC-2024-23,2024-23,Kimberly K. Reynolds,Severe Storms and Flooding June 21 and continuing (Sioux County),2024-06-22,https://homelandsecurity.iowa.gov/media/367/download?inline,C,county/county-equivalent,121,MADISON,0,0,252000.0,1000.0,"Hail, Lightning, Tornado",9,253000.0
IA-PROC-2024-23,2024-23,Kimberly K. Reynolds,Severe Storms and Flooding June 21 and continuing (Sioux County),2024-06-22,https://homelandsecurity.iowa.gov/media/367/download?inline,C,county/county-equivalent,85,HARRISON,0,0,200000.0,16950.0,"Flood, Hail",2,216950.0
IA-PROC-2024-23,2024-23,Kimberly K. Reynolds,Severe Storms and Flooding June 21 and continuing (Sioux County),2024-06-22,https://homelandsecurity.iowa.gov/media/367/download?inline,C,county/county-equivalent,67,FLOYD,0,0,172000.0,5000.0,Flood,1,177000.0
IA-PROC-2024-23,2024-23,Kimberly K. Reynolds,Severe Storms and Flooding June 21 and continuing (Sioux County),2024-06-22,https://homelandsecurity.iowa.gov/media/367/download?inline,C,county/county-equivalent,109,KOSSUTH,0,0,128000.0,0.0,"Flood, Heavy Rain",7,128000.0
IA-PROC-2024-23,2024-23,Kimberly K. Reynolds,Severe Storms and Flooding June 21 and continuing (Sioux County),2024-06-22,https://homelandsecurity.iowa.gov/media/367/download?inline,C,county/county-equivalent,191,WINNESHIEK,0,0,108000.0,10000.0,Flood,1,118000.0
IA-PROC-2024-23,2024-23,Kimberly K. Reynolds,Severe Storms and Flooding June 21 and continuing (Sioux County),2024-06-22,https://homelandsecurity.iowa.gov/media/367/download?inline,C,county/county-equivalent,5,ALLAMAKEE,0,0,65000.0,35000.0,"Flash Flood, Flood, Thunderstorm Wind",4,100000.0
IA-PROC-2024-23,2024-23,Kimberly K. Reynolds,Severe Storms and Flooding June 21 and continuing (Sioux County),2024-06-22,https://homelandsecurity.iowa.gov/media/367/download?inline,C,county/county-equivalent,91,HUMBOLDT,0,0,88000.0,0.0,"Flood, Heavy Rain",3,88000.0
IA-PROC-2024-23,2024-23,Kimberly K. Reynolds,Severe Storms and Flooding June 21 and continuing (Sioux County),2024-06-22,https://homelandsecurity.iowa.gov/media/367/download?inline,C,county/county-equivalent,37,CHICKASAW,0,0,45000.0,10000.0,Flood,1,55000.0
IA-PROC-2024-23,2024-23,Kimberly K. Reynolds,Severe Storms and Flooding June 21 and continuing (Sioux County),2024-06-22,https://homelandsecurity.iowa.gov/media/367/download?inline,C,county/county-equivalent,89,HOWARD,0,0,40000.0,10000.0,Flood,1,50000.0
IA-PROC-2024-23,2024-23,Kimberly K. Reynolds,Severe Storms and Flooding June 21 and continuing (Sioux County),2024-06-22,https://homelandsecurity.iowa.gov/media/367/download?inline,C,county/county-equivalent,1,ADAIR,0,0,15000.0,0.0,Thunderstorm Wind,1,15000.0
IA-PROC-2024-23,2024-23,Kimberly K. Reynolds,Severe Storms and Flooding June 21 and continuing (Sioux County),2024-06-22,https://homelandsecurity.iowa.gov/media/367/download?inline,C,county/county-equivalent,65,FAYETTE,0,0,10000.0,0.0,Flash Flood,1,10000.0
IA-PROC-2024-23,2024-23,Kimberly K. Reynolds,Severe Storms and Flooding June 21 and continuing (Sioux County),2024-06-22,https://homelandsecurity.iowa.gov/media/367/download?inline,C,county/county-equivalent,9,AUDUBON,0,0,0.0,0.0,"Hail, Thunderstorm Wind",2,0.0
IA-PROC-2024-23,2024-23,Kimberly K. Reynolds,Severe Storms and Flooding June 21 and continuing (Sioux County),2024-06-22,https://homelandsecurity.iowa.gov/media/367/download?inline,C,county/county-equivalent,13,BLACK HAWK,0,0,0.0,0.0,Flood,3,0.0
IA-PROC-2024-23,2024-23,Kimberly K. Reynolds,Severe Storms and Flooding June 21 and continuing (Sioux County),2024-06-22,https://homelandsecurity.iowa.gov/media/367/download?inline,C,county/county-equivalent,17,BREMER,0,0,0.0,0.0,Heavy Rain,1,0.0
IA-PROC-2024-23,2024-23,Kimberly K. Reynolds,Severe Storms and Flooding June 21 and continuing (Sioux County),2024-06-22,https://homelandsecurity.iowa.gov/media/367/download?inline,C,county/county-equivalent,23,BUTLER,0,0,0.0,0.0,"Flood, Heavy Rain",2,0.0
IA-PROC-2024-23,2024-23,Kimberly K. Reynolds,Severe Storms and Flooding June 21 and continuing (Sioux County),2024-06-22,https://homelandsecurity.iowa.gov/media/367/download?inline,C,county/county-equivalent,33,CERRO GORDO,0,0,0.0,0.0,"Flood, Heavy Rain",3,0.0
IA-PROC-2024-23,2024-23,Kimberly K. Reynolds,Severe Storms and Flooding June 21 and continuing (Sioux County),2024-06-22,https://homelandsecurity.iowa.gov/media/367/download?inline,C,county/county-equivalent,43,CLAYTON,0,0,0.0,0.0,Flood,1,0.0
IA-PROC-2024-23,2024-23,Kimberly K. Reynolds,Severe Storms and Flooding June 21 and continuing (Sioux County),2024-06-22,https://homelandsecurity.iowa.gov/media/367/download?inline,C,county/county-equivalent,45,CLINTON,0,0,0.0,0.0,Thunderstorm Wind,2,0.0
IA-PROC-2024-23,2024-23,Kimberly K. Reynolds,Severe Storms and Flooding June 21 and continuing (Sioux County),2024-06-22,https://homelandsecurity.iowa.gov/media/367/download?inline,C,county/county-equivalent,49,DALLAS,0,0,0.0,0.0,Thunderstorm Wind,1,0.0
IA-PROC-2024-23,2024-23,Kimberly K. Reynolds,Severe Storms and Flooding June 21 and continuing (Sioux County),2024-06-22,https://homelandsecurity.iowa.gov/media/367/download?inline,C,county/county-equivalent,53,DECATUR,0,0,0.0,0.0,Thunderstorm Wind,1,0.0
IA-PROC-2024-23,2024-23,Kimberly K. Reynolds,Severe Storms and Flooding June 21 and continuing (Sioux County),2024-06-22,https://homelandsecurity.iowa.gov/media/367/download?inline,C,county/county-equivalent,57,DES MOINES,0,0,0.0,0.0,Thunderstorm Wind,1,0.0
IA-PROC-2024-23,2024-23,Kimberly K. Reynolds,Severe Storms and Flooding June 21 and continuing (Sioux County),2024-06-22,https://homelandsecurity.iowa.gov/media/367/download?inline,C,county/county-equivalent,71,FREMONT,0,0,0.0,0.0,Flood,1,0.0
IA-PROC-2024-23,2024-23,Kimberly K. Reynolds,Severe Storms and Flooding June 21 and continuing (Sioux County),2024-06-22,https://homelandsecurity.iowa.gov/media/367/download?inline,C,county/county-equivalent,81,HANCOCK,0,0,0.0,0.0,Heavy Rain,2,0.0
IA-PROC-2024-23,2024-23,Kimberly K. Reynolds,Severe Storms and Flooding June 21 and continuing (Sioux County),2024-06-22,https://homelandsecurity.iowa.gov/media/367/download?inline,C,county/county-equivalent,93,IDA,0,0,0.0,0.0,Flood,1,0.0
IA-PROC-2024-23,2024-23,Kimberly K. Reynolds,Severe Storms and Flooding June 21 and continuing (Sioux County),2024-06-22,https://homelandsecurity.iowa.gov/media/367/download?inline,C,county/county-equivalent,97,JACKSON,0,0,0.0,0.0,"Hail, Thunderstorm Wind, Tornado",6,0.0
IA-PROC-2024-23,2024-23,Kimberly K. Reynolds,Severe Storms and Flooding June 21 and continuing (Sioux County),2024-06-22,https://homelandsecurity.iowa.gov/media/367/download?inline,C,county/county-equivalent,99,JASPER,0,0,0.0,0.0,"Heavy Rain, Tornado",3,0.0
IA-PROC-2024-23,2024-23,Kimberly K. Reynolds,Severe Storms and Flooding June 21 and continuing (Sioux County),2024-06-22,https://homelandsecurity.iowa.gov/media/367/download?inline,C,county/county-equivalent,103,JOHNSON,0,0,0.0,0.0,"Hail, Thunderstorm Wind",6,0.0
IA-PROC-2024-23,2024-23,Kimberly K. Reynolds,Severe Storms and Flooding June 21 and continuing (Sioux County),2024-06-22,https://homelandsecurity.iowa.gov/media/367/download?inline,C,county/county-equivalent,105,JONES,0,0,0.0,0.0,Tornado,2,0.0
IA-PROC-2024-23,2024-23,Kimberly K. Reynolds,Severe Storms and Flooding June 21 and continuing (Sioux County),2024-06-22,https://homelandsecurity.iowa.gov/media/367/download?inline,C,county/county-equivalent,113,LINN,0,0,0.0,0.0,Tornado,1,0.0
IA-PROC-2024-23,2024-23,Kimberly K. Reynolds,Severe Storms and Flooding June 21 and continuing (Sioux County),2024-06-22,https://homelandsecurity.iowa.gov/media/367/download?inline,C,county/county-equivalent,117,LUCAS,0,0,0.0,0.0,Hail,1,0.0
IA-PROC-2024-23,2024-23,Kimberly K. Reynolds,Severe Storms and Flooding June 21 and continuing (Sioux County),2024-06-22,https://homelandsecurity.iowa.gov/media/367/download?inline,C,county/county-equivalent,125,MARION,0,0,0.0,0.0,"Hail, Thunderstorm Wind",3,0.0
IA-PROC-2024-23,2024-23,Kimberly K. Reynolds,Severe Storms and Flooding June 21 and continuing (Sioux County),2024-06-22,https://homelandsecurity.iowa.gov/media/367/download?inline,C,county/county-equivalent,129,MILLS,0,0,0.0,0.0,Flood,1,0.0
IA-PROC-2024-23,2024-23,Kimberly K. Reynolds,Severe Storms and Flooding June 21 and continuing (Sioux County),2024-06-22,https://homelandsecurity.iowa.gov/media/367/download?inline,C,county/county-equivalent,131,MITCHELL,0,0,0.0,0.0,Flood,2,0.0
IA-PROC-2024-23,2024-23,Kimberly K. Reynolds,Severe Storms and Flooding June 21 and continuing (Sioux County),2024-06-22,https://homelandsecurity.iowa.gov/media/367/download?inline,C,county/county-equivalent,139,MUSCATINE,0,0,0.0,0.0,Thunderstorm Wind,6,0.0
IA-PROC-2024-23,2024-23,Kimberly K. Reynolds,Severe Storms and Flooding June 21 and continuing (Sioux County),2024-06-22,https://homelandsecurity.iowa.gov/media/367/download?inline,C,county/county-equivalent,145,PAGE,0,0,0.0,0.0,Thunderstorm Wind,1,0.0
IA-PROC-2024-23,2024-23,Kimberly K. Reynolds,Severe Storms and Flooding June 21 and continuing (Sioux County),2024-06-22,https://homelandsecurity.iowa.gov/media/367/download?inline,C,county/county-equivalent,153,POLK,0,0,0.0,0.0,"Hail, Thunderstorm Wind, Tornado",4,0.0
IA-PROC-2024-23,2024-23,Kimberly K. Reynolds,Severe Storms and Flooding June 21 and continuing (Sioux County),2024-06-22,https://homelandsecurity.iowa.gov/media/367/download?inline,C,county/county-equivalent,159,RINGGOLD,0,0,0.0,0.0,Hail,1,0.0
IA-PROC-2024-23,2024-23,Kimberly K. Reynolds,Severe Storms and Flooding June 21 and continuing (Sioux County),2024-06-22,https://homelandsecurity.iowa.gov/media/367/download?inline,C,county/county-equivalent,163,SCOTT,0,0,0.0,0.0,Thunderstorm Wind,1,0.0
IA-PROC-2024-23,2024-23,Kimberly K. Reynolds,Severe Storms and Flooding June 21 and continuing (Sioux County),2024-06-22,https://homelandsecurity.iowa.gov/media/367/download?inline,C,county/county-equivalent,165,SHELBY,0,0,0.0,0.0,"Hail, Thunderstorm Wind",4,0.0
IA-PROC-2024-23,2024-23,Kimberly K. Reynolds,Severe Storms and Flooding June 21 and continuing (Sioux County),2024-06-22,https://homelandsecurity.iowa.gov/media/367/download?inline,C,county/county-equivalent,175,UNION,0,0,0.0,0.0,Thunderstorm Wind,1,0.0
IA-PROC-2024-23,2024-23,Kimberly K. Reynolds,Severe Storms and Flooding June 21 and continuing (Sioux County),2024-06-22,https://homelandsecurity.iowa.gov/media/367/download?inline,C,county/county-equivalent,177,VAN BUREN,0,0,0.0,0.0,Hail,2,0.0
IA-PROC-2024-23,2024-23,Kimberly K. Reynolds,Severe Storms and Flooding June 21 and continuing (Sioux County),2024-06-22,https://homelandsecurity.iowa.gov/media/367/download?inline,C,county/county-equivalent,181,WARREN,0,0,0.0,0.0,Hail,3,0.0
IA-PROC-2024-23,2024-23,Kimberly K. Reynolds,Severe Storms and Flooding June 21 and continuing (Sioux County),2024-06-22,https://homelandsecurity.iowa.gov/media/367/download?inline,C,county/county-equivalent,185,WAYNE,0,0,0.0,0.0,Thunderstorm Wind,1,0.0
IA-PROC-2024-23,2024-23,Kimberly K. Reynolds,Severe Storms and Flooding June 21 and continuing (Sioux County),2024-06-22,https://homelandsecurity.iowa.gov/media/367/download?inline,C,county/county-equivalent,187,WEBSTER,0,0,0.0,0.0,"Flood, Heavy Rain",3,0.0
IA-PROC-2024-23,2024-23,Kimberly K. Reynolds,Severe Storms and Flooding June 21 and continuing (Sioux County),2024-06-22,https://homelandsecurity.iowa.gov/media/367/download?inline,C,county/county-equivalent,189,WINNEBAGO,0,0,0.0,0.0,Heavy Rain,4,0.0
IA-PROC-2024-23,2024-23,Kimberly K. Reynolds,Severe Storms and Flooding June 21 and continuing (Sioux County),2024-06-22,https://homelandsecurity.iowa.gov/media/367/download?inline,C,county/county-equivalent,195,WORTH,0,0,0.0,0.0,"Flash Flood, Heavy Rain",3,0.0
IA-PROC-2024-23,2024-23,Kimberly K. Reynolds,Severe Storms and Flooding June 21 and continuing (Sioux County),2024-06-22,https://homelandsecurity.iowa.gov/media/367/download?inline,C,county/county-equivalent,197,WRIGHT,0,0,0.0,0.0,Heavy Rain,3,0.0
IA-PROC-2024-24,2024-24,Kimberly K. Reynolds,"Severe Storms and Flooding June 21 and continuing (Buena Vista, Cerro Gordo, Cherokee, Clay, Dickinson, Emmet, Floyd, Hancock, Humboldt, Kossuth, Lyon, O’Brien, Osceola, Plymouth, Pocahontas, Sioux, Webster, Winnebago, Woodbury, Worth, and Wright)",2024-06-22,https://homelandsecurity.iowa.gov/media/369/download?inline,C,county/county-equivalent,41,CLAY,1,0,25590000.0,1000.0,"Flood, Hail, Thunderstorm Wind",9,25591000.0
IA-PROC-2024-24,2024-24,Kimberly K. Reynolds,"Severe Storms and Flooding June 21 and continuing (Buena Vista, Cerro Gordo, Cherokee, Clay, Dickinson, Emmet, Floyd, Hancock, Humboldt, Kossuth, Lyon, O’Brien, Osceola, Plymouth, Pocahontas, Sioux, Webster, Winnebago, Woodbury, Worth, and Wright)",2024-06-22,https://homelandsecurity.iowa.gov/media/369/download?inline,C,county/county-equivalent,167,SIOUX,1,0,6500000.0,0.0,"Flash Flood, Flood",13,6500000.0
IA-PROC-2024-24,2024-24,Kimberly K. Reynolds,"Severe Storms and Flooding June 21 and continuing (Buena Vista, Cerro Gordo, Cherokee, Clay, Dickinson, Emmet, Floyd, Hancock, Humboldt, Kossuth, Lyon, O’Brien, Osceola, Plymouth, Pocahontas, Sioux, Webster, Winnebago, Woodbury, Worth, and Wright)",2024-06-22,https://homelandsecurity.iowa.gov/media/369/download?inline,C,county/county-equivalent,119,LYON,0,0,13200000.0,0.0,"Flash Flood, Flood",9,13200000.0
IA-PROC-2024-24,2024-24,Kimberly K. Reynolds,"Severe Storms and Flooding June 21 and continuing (Buena Vista, Cerro Gordo, Cherokee, Clay, Dickinson, Emmet, Floyd, Hancock, Humboldt, Kossuth, Lyon, O’Brien, Osceola, Plymouth, Pocahontas, Sioux, Webster, Winnebago, Woodbury, Worth, and Wright)",2024-06-22,https://homelandsecurity.iowa.gov/media/369/download?inline,C,county/county-equivalent,63,EMMET,0,0,10000000.0,0.0,"Flood, Heavy Rain",3,10000000.0
IA-PROC-2024-24,2024-24,Kimberly K. Reynolds,"Severe Storms and Flooding June 21 and continuing (Buena Vista, Cerro Gordo, Cherokee, Clay, Dickinson, Emmet, Floyd, Hancock, Humboldt, Kossuth, Lyon, O’Brien, Osceola, Plymouth, Pocahontas, Sioux, Webster, Winnebago, Woodbury, Worth, and Wright)",2024-06-22,https://homelandsecurity.iowa.gov/media/369/download?inline,C,county/county-equivalent,193,WOODBURY,0,0,4130000.0,0.0,Flood,5,4130000.0
IA-PROC-2024-24,2024-24,Kimberly K. Reynolds,"Severe Storms and Flooding June 21 and continuing (Buena Vista, Cerro Gordo, Cherokee, Clay, Dickinson, Emmet, Floyd, Hancock, Humboldt, Kossuth, Lyon, O’Brien, Osceola, Plymouth, Pocahontas, Sioux, Webster, Winnebago, Woodbury, Worth, and Wright)",2024-06-22,https://homelandsecurity.iowa.gov/media/369/download?inline,C,county/county-equivalent,21,BUENA VISTA,0,0,2440000.0,0.0,Flood,2,2440000.0
IA-PROC-2024-24,2024-24,Kimberly K. Reynolds,"Severe Storms and Flooding June 21 and continuing (Buena Vista, Cerro Gordo, Cherokee, Clay, Dickinson, Emmet, Floyd, Hancock, Humboldt, Kossuth, Lyon, O’Brien, Osceola, Plymouth, Pocahontas, Sioux, Webster, Winnebago, Woodbury, Worth, and Wright)",2024-06-22,https://homelandsecurity.iowa.gov/media/369/download?inline,C,county/county-equivalent,141,O'BRIEN,0,0,2250000.0,0.0,"Flash Flood, Flood, Thunderstorm Wind",8,2250000.0
IA-PROC-2024-24,2024-24,Kimberly K. Reynolds,"Severe Storms and Flooding June 21 and continuing (Buena Vista, Cerro Gordo, Cherokee, Clay, Dickinson, Emmet, Floyd, Hancock, Humboldt, Kossuth, Lyon, O’Brien, Osceola, Plymouth, Pocahontas, Sioux, Webster, Winnebago, Woodbury, Worth, and Wright)",2024-06-22,https://homelandsecurity.iowa.gov/media/369/download?inline,C,county/county-equivalent,143,OSCEOLA,0,0,2150000.0,0.0,"Flash Flood, Flood, Thunderstorm Wind",3,2150000.0
IA-PROC-2024-24,2024-24,Kimberly K. Reynolds,"Severe Storms and Flooding June 21 and continuing (Buena Vista, Cerro Gordo, Cherokee, Clay, Dickinson, Emmet, Floyd, Hancock, Humboldt, Kossuth, Lyon, O’Brien, Osceola, Plymouth, Pocahontas, Sioux, Webster, Winnebago, Woodbury, Worth, and Wright)",2024-06-22,https://homelandsecurity.iowa.gov/media/369/download?inline,C,county/county-equivalent,59,DICKINSON,0,0,1900000.0,0.0,"Flash Flood, Flood",7,1900000.0
IA-PROC-2024-24,2024-24,Kimberly K. Reynolds,"Severe Storms and Flooding June 21 and continuing (Buena Vista, Cerro Gordo, Cherokee, Clay, Dickinson, Emmet, Floyd, Hancock, Humboldt, Kossuth, Lyon, O’Brien, Osceola, Plymouth, Pocahontas, Sioux, Webster, Winnebago, Woodbury, Worth, and Wright)",2024-06-22,https://homelandsecurity.iowa.gov/media/369/download?inline,C,county/county-equivalent,149,PLYMOUTH,0,0,1580000.0,0.0,Flood,8,1580000.0
IA-PROC-2024-24,2024-24,Kimberly K. Reynolds,"Severe Storms and Flooding June 21 and continuing (Buena Vista, Cerro Gordo, Cherokee, Clay, Dickinson, Emmet, Floyd, Hancock, Humboldt, Kossuth, Lyon, O’Brien, Osceola, Plymouth, Pocahontas, Sioux, Webster, Winnebago, Woodbury, Worth, and Wright)",2024-06-22,https://homelandsecurity.iowa.gov/media/369/download?inline,C,county/county-equivalent,133,MONONA,0,0,1100000.0,398600.0,"Flash Flood, Flood",2,1498600.0
IA-PROC-2024-24,2024-24,Kimberly K. Reynolds,"Severe Storms and Flooding June 21 and continuing (Buena Vista, Cerro Gordo, Cherokee, Clay, Dickinson, Emmet, Floyd, Hancock, Humboldt, Kossuth, Lyon, O’Brien, Osceola, Plymouth, Pocahontas, Sioux, Webster, Winnebago, Woodbury, Worth, and Wright)",2024-06-22,https://homelandsecurity.iowa.gov/media/369/download?inline,C,county/county-equivalent,35,CHEROKEE,0,0,1020000.0,0.0,Flood,3,1020000.0
IA-PROC-2024-24,2024-24,Kimberly K. Reynolds,"Severe Storms and Flooding June 21 and continuing (Buena Vista, Cerro Gordo, Cherokee, Clay, Dickinson, Emmet, Floyd, Hancock, Humboldt, Kossuth, Lyon, O’Brien, Osceola, Plymouth, Pocahontas, Sioux, Webster, Winnebago, Woodbury, Worth, and Wright)",2024-06-22,https://homelandsecurity.iowa.gov/media/369/download?inline,C,county/county-equivalent,147,PALO ALTO,0,0,721000.0,0.0,"Flood, Heavy Rain",6,721000.0
IA-PROC-2024-24,2024-24,Kimberly K. Reynolds,"Severe Storms and Flooding June 21 and continuing (Buena Vista, Cerro Gordo, Cherokee, Clay, Dickinson, Emmet, Floyd, Hancock, Humboldt, Kossuth, Lyon, O’Brien, Osceola, Plymouth, Pocahontas, Sioux, Webster, Winnebago, Woodbury, Worth, and Wright)",2024-06-22,https://homelandsecurity.iowa.gov/media/369/download?inline,C,county/county-equivalent,155,POTTAWATTAMIE,0,0,550000.0,87250.0,"Flood, Hail, Thunderstorm Wind",5,637250.0
IA-PROC-2024-24,2024-24,Kimberly K. Reynolds,"Severe Storms and Flooding June 21 and continuing (Buena Vista, Cerro Gordo, Cherokee, Clay, Dickinson, Emmet, Floyd, Hancock, Humboldt, Kossuth, Lyon, O’Brien, Osceola, Plymouth, Pocahontas, Sioux, Webster, Winnebago, Woodbury, Worth, and Wright)",2024-06-22,https://homelandsecurity.iowa.gov/media/369/download?inline,C,county/county-equivalent,121,MADISON,0,0,252000.0,1000.0,"Hail, Lightning, Tornado",9,253000.0
IA-PROC-2024-24,2024-24,Kimberly K. Reynolds,"Severe Storms and Flooding June 21 and continuing (Buena Vista, Cerro Gordo, Cherokee, Clay, Dickinson, Emmet, Floyd, Hancock, Humboldt, Kossuth, Lyon, O’Brien, Osceola, Plymouth, Pocahontas, Sioux, Webster, Winnebago, Woodbury, Worth, and Wright)",2024-06-22,https://homelandsecurity.iowa.gov/media/369/download?inline,C,county/county-equivalent,85,HARRISON,0,0,200000.0,16950.0,"Flood, Hail",2,216950.0
IA-PROC-2024-24,2024-24,Kimberly K. Reynolds,"Severe Storms and Flooding June 21 and continuing (Buena Vista, Cerro Gordo, Cherokee, Clay, Dickinson, Emmet, Floyd, Hancock, Humboldt, Kossuth, Lyon, O’Brien, Osceola, Plymouth, Pocahontas, Sioux, Webster, Winnebago, Woodbury, Worth, and Wright)",2024-06-22,https://homelandsecurity.iowa.gov/media/369/download?inline,C,county/county-equivalent,67,FLOYD,0,0,172000.0,5000.0,Flood,1,177000.0
IA-PROC-2024-24,2024-24,Kimberly K. Reynolds,"Severe Storms and Flooding June 21 and continuing (Buena Vista, Cerro Gordo, Cherokee, Clay, Dickinson, Emmet, Floyd, Hancock, Humboldt, Kossuth, Lyon, O’Brien, Osceola, Plymouth, Pocahontas, Sioux, Webster, Winnebago, Woodbury, Worth, and Wright)",2024-06-22,https://homelandsecurity.iowa.gov/media/369/download?inline,C,county/county-equivalent,109,KOSSUTH,0,0,128000.0,0.0,"Flood, Heavy Rain",7,128000.0
IA-PROC-2024-24,2024-24,Kimberly K. Reynolds,"Severe Storms and Flooding June 21 and continuing (Buena Vista, Cerro Gordo, Cherokee, Clay, Dickinson, Emmet, Floyd, Hancock, Humboldt, Kossuth, Lyon, O’Brien, Osceola, Plymouth, Pocahontas, Sioux, Webster, Winnebago, Woodbury, Worth, and Wright)",2024-06-22,https://homelandsecurity.iowa.gov/media/369/download?inline,C,county/county-equivalent,191,WINNESHIEK,0,0,108000.0,10000.0,Flood,1,118000.0
IA-PROC-2024-24,2024-24,Kimberly K. Reynolds,"Severe Storms and Flooding June 21 and continuing (Buena Vista, Cerro Gordo, Cherokee, Clay, Dickinson, Emmet, Floyd, Hancock, Humboldt, Kossuth, Lyon, O’Brien, Osceola, Plymouth, Pocahontas, Sioux, Webster, Winnebago, Woodbury, Worth, and Wright)",2024-06-22,https://homelandsecurity.iowa.gov/media/369/download?inline,C,county/county-equivalent,5,ALLAMAKEE,0,0,65000.0,35000.0,"Flash Flood, Flood, Thunderstorm Wind",4,100000.0
IA-PROC-2024-24,2024-24,Kimberly K. Reynolds,"Severe Storms and Flooding June 21 and continuing (Buena Vista, Cerro Gordo, Cherokee, Clay, Dickinson, Emmet, Floyd, Hancock, Humboldt, Kossuth, Lyon, O’Brien, Osceola, Plymouth, Pocahontas, Sioux, Webster, Winnebago, Woodbury, Worth, and Wright)",2024-06-22,https://homelandsecurity.iowa.gov/media/369/download?inline,C,county/county-equivalent,91,HUMBOLDT,0,0,88000.0,0.0,"Flood, Heavy Rain",3,88000.0
IA-PROC-2024-24,2024-24,Kimberly K. Reynolds,"Severe Storms and Flooding June 21 and continuing (Buena Vista, Cerro Gordo, Cherokee, Clay, Dickinson, Emmet, Floyd, Hancock, Humboldt, Kossuth, Lyon, O’Brien, Osceola, Plymouth, Pocahontas, Sioux, Webster, Winnebago, Woodbury, Worth, and Wright)",2024-06-22,https://homelandsecurity.iowa.gov/media/369/download?inline,C,county/county-equivalent,37,CHICKASAW,0,0,45000.0,10000.0,Flood,1,55000.0
IA-PROC-2024-24,2024-24,Kimberly K. Reynolds,"Severe Storms and Flooding June 21 and continuing (Buena Vista, Cerro Gordo, Cherokee, Clay, Dickinson, Emmet, Floyd, Hancock, Humboldt, Kossuth, Lyon, O’Brien, Osceola, Plymouth, Pocahontas, Sioux, Webster, Winnebago, Woodbury, Worth, and Wright)",2024-06-22,https://homelandsecurity.iowa.gov/media/369/download?inline,C,county/county-equivalent,89,HOWARD,0,0,40000.0,10000.0,Flood,1,50000.0
IA-PROC-2024-24,2024-24,Kimberly K. Reynolds,"Severe Storms and Flooding June 21 and continuing (Buena Vista, Cerro Gordo, Cherokee, Clay, Dickinson, Emmet, Floyd, Hancock, Humboldt, Kossuth, Lyon, O’Brien, Osceola, Plymouth, Pocahontas, Sioux, Webster, Winnebago, Woodbury, Worth, and Wright)",2024-06-22,https://homelandsecurity.iowa.gov/media/369/download?inline,C,county/county-equivalent,1,ADAIR,0,0,15000.0,0.0,Thunderstorm Wind,1,15000.0
IA-PROC-2024-24,2024-24,Kimberly K. Reynolds,"Severe Storms and Flooding June 21 and continuing (Buena Vista, Cerro Gordo, Cherokee, Clay, Dickinson, Emmet, Floyd, Hancock, Humboldt, Kossuth, Lyon, O’Brien, Osceola, Plymouth, Pocahontas, Sioux, Webster, Winnebago, Woodbury, Worth, and Wright)",2024-06-22,https://homelandsecurity.iowa.gov/media/369/download?inline,C,county/county-equivalent,65,FAYETTE,0,0,10000.0,0.0,Flash Flood,1,10000.0
IA-PROC-2024-24,2024-24,Kimberly K. Reynolds,"Severe Storms and Flooding June 21 and continuing (Buena Vista, Cerro Gordo, Cherokee, Clay, Dickinson, Emmet, Floyd, Hancock, Humboldt, Kossuth, Lyon, O’Brien, Osceola, Plymouth, Pocahontas, Sioux, Webster, Winnebago, Woodbury, Worth, and Wright)",2024-06-22,https://homelandsecurity.iowa.gov/media/369/download?inline,C,county/county-equivalent,9,AUDUBON,0,0,0.0,0.0,"Hail, Thunderstorm Wind",2,0.0
IA-PROC-2024-24,2024-24,Kimberly K. Reynolds,"Severe Storms and Flooding June 21 and continuing (Buena Vista, Cerro Gordo, Cherokee, Clay, Dickinson, Emmet, Floyd, Hancock, Humboldt, Kossuth, Lyon, O’Brien, Osceola, Plymouth, Pocahontas, Sioux, Webster, Winnebago, Woodbury, Worth, and Wright)",2024-06-22,https://homelandsecurity.iowa.gov/media/369/download?inline,C,county/county-equivalent,13,BLACK HAWK,0,0,0.0,0.0,Flood,3,0.0
IA-PROC-2024-24,2024-24,Kimberly K. Reynolds,"Severe Storms and Flooding June 21 and continuing (Buena Vista, Cerro Gordo, Cherokee, Clay, Dickinson, Emmet, Floyd, Hancock, Humboldt, Kossuth, Lyon, O’Brien, Osceola, Plymouth, Pocahontas, Sioux, Webster, Winnebago, Woodbury, Worth, and Wright)",2024-06-22,https://homelandsecurity.iowa.gov/media/369/download?inline,C,county/county-equivalent,17,BREMER,0,0,0.0,0.0,Heavy Rain,1,0.0
IA-PROC-2024-24,2024-24,Kimberly K. Reynolds,"Severe Storms and Flooding June 21 and continuing (Buena Vista, Cerro Gordo, Cherokee, Clay, Dickinson, Emmet, Floyd, Hancock, Humboldt, Kossuth, Lyon, O’Brien, Osceola, Plymouth, Pocahontas, Sioux, Webster, Winnebago, Woodbury, Worth, and Wright)",2024-06-22,https://homelandsecurity.iowa.gov/media/369/download?inline,C,county/county-equivalent,23,BUTLER,0,0,0.0,0.0,"Flood, Heavy Rain",2,0.0
IA-PROC-2024-24,2024-24,Kimberly K. Reynolds,"Severe Storms and Flooding June 21 and continuing (Buena Vista, Cerro Gordo, Cherokee, Clay, Dickinson, Emmet, Floyd, Hancock, Humboldt, Kossuth, Lyon, O’Brien, Osceola, Plymouth, Pocahontas, Sioux, Webster, Winnebago, Woodbury, Worth, and Wright)",2024-06-22,https://homelandsecurity.iowa.gov/media/369/download?inline,C,county/county-equivalent,33,CERRO GORDO,0,0,0.0,0.0,"Flood, Heavy Rain",3,0.0
IA-PROC-2024-24,2024-24,Kimberly K. Reynolds,"Severe Storms and Flooding June 21 and continuing (Buena Vista, Cerro Gordo, Cherokee, Clay, Dickinson, Emmet, Floyd, Hancock, Humboldt, Kossuth, Lyon, O’Brien, Osceola, Plymouth, Pocahontas, Sioux, Webster, Winnebago, Woodbury, Worth, and Wright)",2024-06-22,https://homelandsecurity.iowa.gov/media/369/download?inline,C,county/county-equivalent,43,CLAYTON,0,0,0.0,0.0,Flood,1,0.0
IA-PROC-2024-24,2024-24,Kimberly K. Reynolds,"Severe Storms and Flooding June 21 and continuing (Buena Vista, Cerro Gordo, Cherokee, Clay, Dickinson, Emmet, Floyd, Hancock, Humboldt, Kossuth, Lyon, O’Brien, Osceola, Plymouth, Pocahontas, Sioux, Webster, Winnebago, Woodbury, Worth, and Wright)",2024-06-22,https://homelandsecurity.iowa.gov/media/369/download?inline,C,county/county-equivalent,45,CLINTON,0,0,0.0,0.0,Thunderstorm Wind,2,0.0
IA-PROC-2024-24,2024-24,Kimberly K. Reynolds,"Severe Storms and Flooding June 21 and continuing (Buena Vista, Cerro Gordo, Cherokee, Clay, Dickinson, Emmet, Floyd, Hancock, Humboldt, Kossuth, Lyon, O’Brien, Osceola, Plymouth, Pocahontas, Sioux, Webster, Winnebago, Woodbury, Worth, and Wright)",2024-06-22,https://homelandsecurity.iowa.gov/media/369/download?inline,C,county/county-equivalent,49,DALLAS,0,0,0.0,0.0,Thunderstorm Wind,1,0.0
IA-PROC-2024-24,2024-24,Kimberly K. Reynolds,"Severe Storms and Flooding June 21 and continuing (Buena Vista, Cerro Gordo, Cherokee, Clay, Dickinson, Emmet, Floyd, Hancock, Humboldt, Kossuth, Lyon, O’Brien, Osceola, Plymouth, Pocahontas, Sioux, Webster, Winnebago, Woodbury, Worth, and Wright)",2024-06-22,https://homelandsecurity.iowa.gov/media/369/download?inline,C,county/county-equivalent,53,DECATUR,0,0,0.0,0.0,Thunderstorm Wind,1,0.0
IA-PROC-2024-24,2024-24,Kimberly K. Reynolds,"Severe Storms and Flooding June 21 and continuing (Buena Vista, Cerro Gordo, Cherokee, Clay, Dickinson, Emmet, Floyd, Hancock, Humboldt, Kossuth, Lyon, O’Brien, Osceola, Plymouth, Pocahontas, Sioux, Webster, Winnebago, Woodbury, Worth, and Wright)",2024-06-22,https://homelandsecurity.iowa.gov/media/369/download?inline,C,county/county-equivalent,57,DES MOINES,0,0,0.0,0.0,Thunderstorm Wind,1,0.0
IA-PROC-2024-24,2024-24,Kimberly K. Reynolds,"Severe Storms and Flooding June 21 and continuing (Buena Vista, Cerro Gordo, Cherokee, Clay, Dickinson, Emmet, Floyd, Hancock, Humboldt, Kossuth, Lyon, O’Brien, Osceola, Plymouth, Pocahontas, Sioux, Webster, Winnebago, Woodbury, Worth, and Wright)",2024-06-22,https://homelandsecurity.iowa.gov/media/369/download?inline,C,county/county-equivalent,71,FREMONT,0,0,0.0,0.0,Flood,1,0.0
IA-PROC-2024-24,2024-24,Kimberly K. Reynolds,"Severe Storms and Flooding June 21 and continuing (Buena Vista, Cerro Gordo, Cherokee, Clay, Dickinson, Emmet, Floyd, Hancock, Humboldt, Kossuth, Lyon, O’Brien, Osceola, Plymouth, Pocahontas, Sioux, Webster, Winnebago, Woodbury, Worth, and Wright)",2024-06-22,https://homelandsecurity.iowa.gov/media/369/download?inline,C,county/county-equivalent,81,HANCOCK,0,0,0.0,0.0,Heavy Rain,2,0.0
IA-PROC-2024-24,2024-24,Kimberly K. Reynolds,"Severe Storms and Flooding June 21 and continuing (Buena Vista, Cerro Gordo, Cherokee, Clay, Dickinson, Emmet, Floyd, Hancock, Humboldt, Kossuth, Lyon, O’Brien, Osceola, Plymouth, Pocahontas, Sioux, Webster, Winnebago, Woodbury, Worth, and Wright)",2024-06-22,https://homelandsecurity.iowa.gov/media/369/download?inline,C,county/county-equivalent,93,IDA,0,0,0.0,0.0,Flood,1,0.0
IA-PROC-2024-24,2024-24,Kimberly K. Reynolds,"Severe Storms and Flooding June 21 and continuing (Buena Vista, Cerro Gordo, Cherokee, Clay, Dickinson, Emmet, Floyd, Hancock, Humboldt, Kossuth, Lyon, O’Brien, Osceola, Plymouth, Pocahontas, Sioux, Webster, Winnebago, Woodbury, Worth, and Wright)",2024-06-22,https://homelandsecurity.iowa.gov/media/369/download?inline,C,county/county-equivalent,97,JACKSON,0,0,0.0,0.0,"Hail, Thunderstorm Wind, Tornado",6,0.0
IA-PROC-2024-24,2024-24,Kimberly K. Reynolds,"Severe Storms and Flooding June 21 and continuing (Buena Vista, Cerro Gordo, Cherokee, Clay, Dickinson, Emmet, Floyd, Hancock, Humboldt, Kossuth, Lyon, O’Brien, Osceola, Plymouth, Pocahontas, Sioux, Webster, Winnebago, Woodbury, Worth, and Wright)",2024-06-22,https://homelandsecurity.iowa.gov/media/369/download?inline,C,county/county-equivalent,99,JASPER,0,0,0.0,0.0,"Heavy Rain, Tornado",3,0.0
IA-PROC-2024-24,2024-24,Kimberly K. Reynolds,"Severe Storms and Flooding June 21 and continuing (Buena Vista, Cerro Gordo, Cherokee, Clay, Dickinson, Emmet, Floyd, Hancock, Humboldt, Kossuth, Lyon, O’Brien, Osceola, Plymouth, Pocahontas, Sioux, Webster, Winnebago, Woodbury, Worth, and Wright)",2024-06-22,https://homelandsecurity.iowa.gov/media/369/download?inline,C,county/county-equivalent,103,JOHNSON,0,0,0.0,0.0,"Hail, Thunderstorm Wind",6,0.0
IA-PROC-2024-24,2024-24,Kimberly K. Reynolds,"Severe Storms and Flooding June 21 and continuing (Buena Vista, Cerro Gordo, Cherokee, Clay, Dickinson, Emmet, Floyd, Hancock, Humboldt, Kossuth, Lyon, O’Brien, Osceola, Plymouth, Pocahontas, Sioux, Webster, Winnebago, Woodbury, Worth, and Wright)",2024-06-22,https://homelandsecurity.iowa.gov/media/369/download?inline,C,county/county-equivalent,105,JONES,0,0,0.0,0.0,Tornado,2,0.0
IA-PROC-2024-24,2024-24,Kimberly K. Reynolds,"Severe Storms and Flooding June 21 and continuing (Buena Vista, Cerro Gordo, Cherokee, Clay, Dickinson, Emmet, Floyd, Hancock, Humboldt, Kossuth, Lyon, O’Brien, Osceola, Plymouth, Pocahontas, Sioux, Webster, Winnebago, Woodbury, Worth, and Wright)",2024-06-22,https://homelandsecurity.iowa.gov/media/369/download?inline,C,county/county-equivalent,113,LINN,0,0,0.0,0.0,Tornado,1,0.0
IA-PROC-2024-24,2024-24,Kimberly K. Reynolds,"Severe Storms and Flooding June 21 and continuing (Buena Vista, Cerro Gordo, Cherokee, Clay, Dickinson, Emmet, Floyd, Hancock, Humboldt, Kossuth, Lyon, O’Brien, Osceola, Plymouth, Pocahontas, Sioux, Webster, Winnebago, Woodbury, Worth, and Wright)",2024-06-22,https://homelandsecurity.iowa.gov/media/369/download?inline,C,county/county-equivalent,117,LUCAS,0,0,0.0,0.0,Hail,1,0.0
IA-PROC-2024-24,2024-24,Kimberly K. Reynolds,"Severe Storms and Flooding June 21 and continuing (Buena Vista, Cerro Gordo, Cherokee, Clay, Dickinson, Emmet, Floyd, Hancock, Humboldt, Kossuth, Lyon, O’Brien, Osceola, Plymouth, Pocahontas, Sioux, Webster, Winnebago, Woodbury, Worth, and Wright)",2024-06-22,https://homelandsecurity.iowa.gov/media/369/download?inline,C,county/county-equivalent,125,MARION,0,0,0.0,0.0,"Hail, Thunderstorm Wind",3,0.0
IA-PROC-2024-24,2024-24,Kimberly K. Reynolds,"Severe Storms and Flooding June 21 and continuing (Buena Vista, Cerro Gordo, Cherokee, Clay, Dickinson, Emmet, Floyd, Hancock, Humboldt, Kossuth, Lyon, O’Brien, Osceola, Plymouth, Pocahontas, Sioux, Webster, Winnebago, Woodbury, Worth, and Wright)",2024-06-22,https://homelandsecurity.iowa.gov/media/369/download?inline,C,county/county-equivalent,129,MILLS,0,0,0.0,0.0,Flood,1,0.0
IA-PROC-2024-24,2024-24,Kimberly K. Reynolds,"Severe Storms and Flooding June 21 and continuing (Buena Vista, Cerro Gordo, Cherokee, Clay, Dickinson, Emmet, Floyd, Hancock, Humboldt, Kossuth, Lyon, O’Brien, Osceola, Plymouth, Pocahontas, Sioux, Webster, Winnebago, Woodbury, Worth, and Wright)",2024-06-22,https://homelandsecurity.iowa.gov/media/369/download?inline,C,county/county-equivalent,131,MITCHELL,0,0,0.0,0.0,Flood,2,0.0
IA-PROC-2024-24,2024-24,Kimberly K. Reynolds,"Severe Storms and Flooding June 21 and continuing (Buena Vista, Cerro Gordo, Cherokee, Clay, Dickinson, Emmet, Floyd, Hancock, Humboldt, Kossuth, Lyon, O’Brien, Osceola, Plymouth, Pocahontas, Sioux, Webster, Winnebago, Woodbury, Worth, and Wright)",2024-06-22,https://homelandsecurity.iowa.gov/media/369/download?inline,C,county/county-equivalent,139,MUSCATINE,0,0,0.0,0.0,Thunderstorm Wind,6,0.0
IA-PROC-2024-24,2024-24,Kimberly K. Reynolds,"Severe Storms and Flooding June 21 and continuing (Buena Vista, Cerro Gordo, Cherokee, Clay, Dickinson, Emmet, Floyd, Hancock, Humboldt, Kossuth, Lyon, O’Brien, Osceola, Plymouth, Pocahontas, Sioux, Webster, Winnebago, Woodbury, Worth, and Wright)",2024-06-22,https://homelandsecurity.iowa.gov/media/369/download?inline,C,county/county-equivalent,145,PAGE,0,0,0.0,0.0,Thunderstorm Wind,1,0.0
IA-PROC-2024-24,2024-24,Kimberly K. Reynolds,"Severe Storms and Flooding June 21 and continuing (Buena Vista, Cerro Gordo, Cherokee, Clay, Dickinson, Emmet, Floyd, Hancock, Humboldt, Kossuth, Lyon, O’Brien, Osceola, Plymouth, Pocahontas, Sioux, Webster, Winnebago, Woodbury, Worth, and Wright)",2024-06-22,https://homelandsecurity.iowa.gov/media/369/download?inline,C,county/county-equivalent,153,POLK,0,0,0.0,0.0,"Hail, Thunderstorm Wind, Tornado",4,0.0
IA-PROC-2024-24,2024-24,Kimberly K. Reynolds,"Severe Storms and Flooding June 21 and continuing (Buena Vista, Cerro Gordo, Cherokee, Clay, Dickinson, Emmet, Floyd, Hancock, Humboldt, Kossuth, Lyon, O’Brien, Osceola, Plymouth, Pocahontas, Sioux, Webster, Winnebago, Woodbury, Worth, and Wright)",2024-06-22,https://homelandsecurity.iowa.gov/media/369/download?inline,C,county/county-equivalent,159,RINGGOLD,0,0,0.0,0.0,Hail,1,0.0
IA-PROC-2024-24,2024-24,Kimberly K. Reynolds,"Severe Storms and Flooding June 21 and continuing (Buena Vista, Cerro Gordo, Cherokee, Clay, Dickinson, Emmet, Floyd, Hancock, Humboldt, Kossuth, Lyon, O’Brien, Osceola, Plymouth, Pocahontas, Sioux, Webster, Winnebago, Woodbury, Worth, and Wright)",2024-06-22,https://homelandsecurity.iowa.gov/media/369/download?inline,C,county/county-equivalent,163,SCOTT,0,0,0.0,0.0,Thunderstorm Wind,1,0.0
IA-PROC-2024-24,2024-24,Kimberly K. Reynolds,"Severe Storms and Flooding June 21 and continuing (Buena Vista, Cerro Gordo, Cherokee, Clay, Dickinson, Emmet, Floyd, Hancock, Humboldt, Kossuth, Lyon, O’Brien, Osceola, Plymouth, Pocahontas, Sioux, Webster, Winnebago, Woodbury, Worth, and Wright)",2024-06-22,https://homelandsecurity.iowa.gov/media/369/download?inline,C,county/county-equivalent,165,SHELBY,0,0,0.0,0.0,"Hail, Thunderstorm Wind",4,0.0
IA-PROC-2024-24,2024-24,Kimberly K. Reynolds,"Severe Storms and Flooding June 21 and continuing (Buena Vista, Cerro Gordo, Cherokee, Clay, Dickinson, Emmet, Floyd, Hancock, Humboldt, Kossuth, Lyon, O’Brien, Osceola, Plymouth, Pocahontas, Sioux, Webster, Winnebago, Woodbury, Worth, and Wright)",2024-06-22,https://homelandsecurity.iowa.gov/media/369/download?inline,C,county/county-equivalent,175,UNION,0,0,0.0,0.0,Thunderstorm Wind,1,0.0
IA-PROC-2024-24,2024-24,Kimberly K. Reynolds,"Severe Storms and Flooding June 21 and continuing (Buena Vista, Cerro Gordo, Cherokee, Clay, Dickinson, Emmet, Floyd, Hancock, Humboldt, Kossuth, Lyon, O’Brien, Osceola, Plymouth, Pocahontas, Sioux, Webster, Winnebago, Woodbury, Worth, and Wright)",2024-06-22,https://homelandsecurity.iowa.gov/media/369/download?inline,C,county/county-equivalent,177,VAN BUREN,0,0,0.0,0.0,Hail,2,0.0
IA-PROC-2024-24,2024-24,Kimberly K. Reynolds,"Severe Storms and Flooding June 21 and continuing (Buena Vista, Cerro Gordo, Cherokee, Clay, Dickinson, Emmet, Floyd, Hancock, Humboldt, Kossuth, Lyon, O’Brien, Osceola, Plymouth, Pocahontas, Sioux, Webster, Winnebago, Woodbury, Worth, and Wright)",2024-06-22,https://homelandsecurity.iowa.gov/media/369/download?inline,C,county/county-equivalent,181,WARREN,0,0,0.0,0.0,Hail,3,0.0
IA-PROC-2024-24,2024-24,Kimberly K. Reynolds,"Severe Storms and Flooding June 21 and continuing (Buena Vista, Cerro Gordo, Cherokee, Clay, Dickinson, Emmet, Floyd, Hancock, Humboldt, Kossuth, Lyon, O’Brien, Osceola, Plymouth, Pocahontas, Sioux, Webster, Winnebago, Woodbury, Worth, and Wright)",2024-06-22,https://homelandsecurity.iowa.gov/media/369/download?inline,C,county/county-equivalent,185,WAYNE,0,0,0.0,0.0,Thunderstorm Wind,1,0.0
IA-PROC-2024-24,2024-24,Kimberly K. Reynolds,"Severe Storms and Flooding June 21 and continuing (Buena Vista, Cerro Gordo, Cherokee, Clay, Dickinson, Emmet, Floyd, Hancock, Humboldt, Kossuth, Lyon, O’Brien, Osceola, Plymouth, Pocahontas, Sioux, Webster, Winnebago, Woodbury, Worth, and Wright)",2024-06-22,https://homelandsecurity.iowa.gov/media/369/download?inline,C,county/county-equivalent,187,WEBSTER,0,0,0.0,0.0,"Flood, Heavy Rain",3,0.0
IA-PROC-2024-24,2024-24,Kimberly K. Reynolds,"Severe Storms and Flooding June 21 and continuing (Buena Vista, Cerro Gordo, Cherokee, Clay, Dickinson, Emmet, Floyd, Hancock, Humboldt, Kossuth, Lyon, O’Brien, Osceola, Plymouth, Pocahontas, Sioux, Webster, Winnebago, Woodbury, Worth, and Wright)",2024-06-22,https://homelandsecurity.iowa.gov/media/369/download?inline,C,county/county-equivalent,189,WINNEBAGO,0,0,0.0,0.0,Heavy Rain,4,0.0
IA-PROC-2024-24,2024-24,Kimberly K. Reynolds,"Severe Storms and Flooding June 21 and continuing (Buena Vista, Cerro Gordo, Cherokee, Clay, Dickinson, Emmet, Floyd, Hancock, Humboldt, Kossuth, Lyon, O’Brien, Osceola, Plymouth, Pocahontas, Sioux, Webster, Winnebago, Woodbury, Worth, and Wright)",2024-06-22,https://homelandsecurity.iowa.gov/media/369/download?inline,C,county/county-equivalent,195,WORTH,0,0,0.0,0.0,"Flash Flood, Heavy Rain",3,0.0
IA-PROC-2024-24,2024-24,Kimberly K. Reynolds,"Severe Storms and Flooding June 21 and continuing (Buena Vista, Cerro Gordo, Cherokee, Clay, Dickinson, Emmet, Floyd, Hancock, Humboldt, Kossuth, Lyon, O’Brien, Osceola, Plymouth, Pocahontas, Sioux, Webster, Winnebago, Woodbury, Worth, and Wright)",2024-06-22,https://homelandsecurity.iowa.gov/media/369/download?inline,C,county/county-equivalent,197,WRIGHT,0,0,0.0,0.0,Heavy Rain,3,0.0
IA-PROC-2024-25,2024-25,Kimberly K. Reynolds,Severe Storms and Flooding June 21 and continuing (Palo Alto),2024-06-23,https://homelandsecurity.iowa.gov/media/374/download?inline,C,county/county-equivalent,41,CLAY,1,0,25590000.0,1000.0,"Flood, Hail, Thunderstorm Wind",9,25591000.0
IA-PROC-2024-25,2024-25,Kimberly K. Reynolds,Severe Storms and Flooding June 21 and continuing (Palo Alto),2024-06-23,https://homelandsecurity.iowa.gov/media/374/download?inline,C,county/county-equivalent,167,SIOUX,1,0,6500000.0,0.0,"Flash Flood, Flood",13,6500000.0
IA-PROC-2024-25,2024-25,Kimberly K. Reynolds,Severe Storms and Flooding June 21 and continuing (Palo Alto),2024-06-23,https://homelandsecurity.iowa.gov/media/374/download?inline,C,county/county-equivalent,119,LYON,0,0,13200000.0,0.0,"Flash Flood, Flood",9,13200000.0
IA-PROC-2024-25,2024-25,Kimberly K. Reynolds,Severe Storms and Flooding June 21 and continuing (Palo Alto),2024-06-23,https://homelandsecurity.iowa.gov/media/374/download?inline,C,county/county-equivalent,63,EMMET,0,0,10000000.0,0.0,"Flood, Heavy Rain",3,10000000.0
IA-PROC-2024-25,2024-25,Kimberly K. Reynolds,Severe Storms and Flooding June 21 and continuing (Palo Alto),2024-06-23,https://homelandsecurity.iowa.gov/media/374/download?inline,C,county/county-equivalent,193,WOODBURY,0,0,4130000.0,0.0,Flood,5,4130000.0
IA-PROC-2024-25,2024-25,Kimberly K. Reynolds,Severe Storms and Flooding June 21 and continuing (Palo Alto),2024-06-23,https://homelandsecurity.iowa.gov/media/374/download?inline,C,county/county-equivalent,21,BUENA VISTA,0,0,2440000.0,0.0,Flood,2,2440000.0
IA-PROC-2024-25,2024-25,Kimberly K. Reynolds,Severe Storms and Flooding June 21 and continuing (Palo Alto),2024-06-23,https://homelandsecurity.iowa.gov/media/374/download?inline,C,county/county-equivalent,141,O'BRIEN,0,0,2250000.0,0.0,"Flash Flood, Flood, Thunderstorm Wind",8,2250000.0
IA-PROC-2024-25,2024-25,Kimberly K. Reynolds,Severe Storms and Flooding June 21 and continuing (Palo Alto),2024-06-23,https://homelandsecurity.iowa.gov/media/374/download?inline,C,county/county-equivalent,143,OSCEOLA,0,0,2150000.0,0.0,"Flash Flood, Flood, Thunderstorm Wind",3,2150000.0
IA-PROC-2024-25,2024-25,Kimberly K. Reynolds,Severe Storms and Flooding June 21 and continuing (Palo Alto),2024-06-23,https://homelandsecurity.iowa.gov/media/374/download?inline,C,county/county-equivalent,59,DICKINSON,0,0,1900000.0,0.0,"Flash Flood, Flood",7,1900000.0
IA-PROC-2024-25,2024-25,Kimberly K. Reynolds,Severe Storms and Flooding June 21 and continuing (Palo Alto),2024-06-23,https://homelandsecurity.iowa.gov/media/374/download?inline,C,county/county-equivalent,149,PLYMOUTH,0,0,1580000.0,0.0,Flood,8,1580000.0
IA-PROC-2024-25,2024-25,Kimberly K. Reynolds,Severe Storms and Flooding June 21 and continuing (Palo Alto),2024-06-23,https://homelandsecurity.iowa.gov/media/374/download?inline,C,county/county-equivalent,133,MONONA,0,0,1100000.0,398600.0,"Flash Flood, Flood",2,1498600.0
IA-PROC-2024-25,2024-25,Kimberly K. Reynolds,Severe Storms and Flooding June 21 and continuing (Palo Alto),2024-06-23,https://homelandsecurity.iowa.gov/media/374/download?inline,C,county/county-equivalent,35,CHEROKEE,0,0,1020000.0,0.0,Flood,3,1020000.0
IA-PROC-2024-25,2024-25,Kimberly K. Reynolds,Severe Storms and Flooding June 21 and continuing (Palo Alto),2024-06-23,https://homelandsecurity.iowa.gov/media/374/download?inline,C,county/county-equivalent,147,PALO ALTO,0,0,721000.0,0.0,"Flood, Heavy Rain",6,721000.0
IA-PROC-2024-25,2024-25,Kimberly K. Reynolds,Severe Storms and Flooding June 21 and continuing (Palo Alto),2024-06-23,https://homelandsecurity.iowa.gov/media/374/download?inline,C,county/county-equivalent,155,POTTAWATTAMIE,0,0,550000.0,87250.0,"Flood, Hail, Thunderstorm Wind",5,637250.0
IA-PROC-2024-25,2024-25,Kimberly K. Reynolds,Severe Storms and Flooding June 21 and continuing (Palo Alto),2024-06-23,https://homelandsecurity.iowa.gov/media/374/download?inline,C,county/county-equivalent,121,MADISON,0,0,252000.0,1000.0,"Hail, Lightning, Tornado",9,253000.0
IA-PROC-2024-25,2024-25,Kimberly K. Reynolds,Severe Storms and Flooding June 21 and continuing (Palo Alto),2024-06-23,https://homelandsecurity.iowa.gov/media/374/download?inline,C,county/county-equivalent,85,HARRISON,0,0,200000.0,16950.0,"Flood, Hail",2,216950.0
IA-PROC-2024-25,2024-25,Kimberly K. Reynolds,Severe Storms and Flooding June 21 and continuing (Palo Alto),2024-06-23,https://homelandsecurity.iowa.gov/media/374/download?inline,C,county/county-equivalent,67,FLOYD,0,0,172000.0,5000.0,Flood,1,177000.0
IA-PROC-2024-25,2024-25,Kimberly K. Reynolds,Severe Storms and Flooding June 21 and continuing (Palo Alto),2024-06-23,https://homelandsecurity.iowa.gov/media/374/download?inline,C,county/county-equivalent,109,KOSSUTH,0,0,128000.0,0.0,"Flood, Heavy Rain",7,128000.0
IA-PROC-2024-25,2024-25,Kimberly K. Reynolds,Severe Storms and Flooding June 21 and continuing (Palo Alto),2024-06-23,https://homelandsecurity.iowa.gov/media/374/download?inline,C,county/county-equivalent,191,WINNESHIEK,0,0,108000.0,10000.0,Flood,1,118000.0
IA-PROC-2024-25,2024-25,Kimberly K. Reynolds,Severe Storms and Flooding June 21 and continuing (Palo Alto),2024-06-23,https://homelandsecurity.iowa.gov/media/374/download?inline,C,county/county-equivalent,5,ALLAMAKEE,0,0,65000.0,35000.0,"Flash Flood, Flood, Thunderstorm Wind",4,100000.0
IA-PROC-2024-25,2024-25,Kimberly K. Reynolds,Severe Storms and Flooding June 21 and continuing (Palo Alto),2024-06-23,https://homelandsecurity.iowa.gov/media/374/download?inline,C,county/county-equivalent,91,HUMBOLDT,0,0,88000.0,0.0,"Flood, Heavy Rain",3,88000.0
IA-PROC-2024-25,2024-25,Kimberly K. Reynolds,Severe Storms and Flooding June 21 and continuing (Palo Alto),2024-06-23,https://homelandsecurity.iowa.gov/media/374/download?inline,C,county/county-equivalent,37,CHICKASAW,0,0,45000.0,10000.0,Flood,1,55000.0
IA-PROC-2024-25,2024-25,Kimberly K. Reynolds,Severe Storms and Flooding June 21 and continuing (Palo Alto),2024-06-23,https://homelandsecurity.iowa.gov/media/374/download?inline,C,county/county-equivalent,89,HOWARD,0,0,40000.0,10000.0,Flood,1,50000.0
IA-PROC-2024-25,2024-25,Kimberly K. Reynolds,Severe Storms and Flooding June 21 and continuing (Palo Alto),2024-06-23,https://homelandsecurity.iowa.gov/media/374/download?inline,C,county/county-equivalent,1,ADAIR,0,0,15000.0,0.0,Thunderstorm Wind,1,15000.0
IA-PROC-2024-25,2024-25,Kimberly K. Reynolds,Severe Storms and Flooding June 21 and continuing (Palo Alto),2024-06-23,https://homelandsecurity.iowa.gov/media/374/download?inline,C,county/county-equivalent,65,FAYETTE,0,0,10000.0,0.0,Flash Flood,1,10000.0
IA-PROC-2024-25,2024-25,Kimberly K. Reynolds,Severe Storms and Flooding June 21 and continuing (Palo Alto),2024-06-23,https://homelandsecurity.iowa.gov/media/374/download?inline,C,county/county-equivalent,9,AUDUBON,0,0,0.0,0.0,"Hail, Thunderstorm Wind",2,0.0
IA-PROC-2024-25,2024-25,Kimberly K. Reynolds,Severe Storms and Flooding June 21 and continuing (Palo Alto),2024-06-23,https://homelandsecurity.iowa.gov/media/374/download?inline,C,county/county-equivalent,13,BLACK HAWK,0,0,0.0,0.0,Flood,3,0.0
IA-PROC-2024-25,2024-25,Kimberly K. Reynolds,Severe Storms and Flooding June 21 and continuing (Palo Alto),2024-06-23,https://homelandsecurity.iowa.gov/media/374/download?inline,C,county/county-equivalent,17,BREMER,0,0,0.0,0.0,Heavy Rain,1,0.0
IA-PROC-2024-25,2024-25,Kimberly K. Reynolds,Severe Storms and Flooding June 21 and continuing (Palo Alto),2024-06-23,https://homelandsecurity.iowa.gov/media/374/download?inline,C,county/county-equivalent,23,BUTLER,0,0,0.0,0.0,"Flood, Heavy Rain",2,0.0
IA-PROC-2024-25,2024-25,Kimberly K. Reynolds,Severe Storms and Flooding June 21 and continuing (Palo Alto),2024-06-23,https://homelandsecurity.iowa.gov/media/374/download?inline,C,county/county-equivalent,33,CERRO GORDO,0,0,0.0,0.0,"Flood, Heavy Rain",3,0.0
IA-PROC-2024-25,2024-25,Kimberly K. Reynolds,Severe Storms and Flooding June 21 and continuing (Palo Alto),2024-06-23,https://homelandsecurity.iowa.gov/media/374/download?inline,C,county/county-equivalent,43,CLAYTON,0,0,0.0,0.0,Flood,2,0.0
IA-PROC-2024-25,2024-25,Kimberly K. Reynolds,Severe Storms and Flooding June 21 and continuing (Palo Alto),2024-06-23,https://homelandsecurity.iowa.gov/media/374/download?inline,C,county/county-equivalent,45,CLINTON,0,0,0.0,0.0,Thunderstorm Wind,2,0.0
IA-PROC-2024-25,2024-25,Kimberly K. Reynolds,Severe Storms and Flooding June 21 and continuing (Palo Alto),2024-06-23,https://homelandsecurity.iowa.gov/media/374/download?inline,C,county/county-equivalent,49,DALLAS,0,0,0.0,0.0,Thunderstorm Wind,1,0.0
IA-PROC-2024-25,2024-25,Kimberly K. Reynolds,Severe Storms and Flooding June 21 and continuing (Palo Alto),2024-06-23,https://homelandsecurity.iowa.gov/media/374/download?inline,C,county/county-equivalent,53,DECATUR,0,0,0.0,0.0,Thunderstorm Wind,1,0.0
IA-PROC-2024-25,2024-25,Kimberly K. Reynolds,Severe Storms and Flooding June 21 and continuing (Palo Alto),2024-06-23,https://homelandsecurity.iowa.gov/media/374/download?inline,C,county/county-equivalent,57,DES MOINES,0,0,0.0,0.0,Thunderstorm Wind,1,0.0
IA-PROC-2024-25,2024-25,Kimberly K. Reynolds,Severe Storms and Flooding June 21 and continuing (Palo Alto),2024-06-23,https://homelandsecurity.iowa.gov/media/374/download?inline,C,county/county-equivalent,71,FREMONT,0,0,0.0,0.0,Flood,1,0.0
IA-PROC-2024-25,2024-25,Kimberly K. Reynolds,Severe Storms and Flooding June 21 and continuing (Palo Alto),2024-06-23,https://homelandsecurity.iowa.gov/media/374/download?inline,C,county/county-equivalent,81,HANCOCK,0,0,0.0,0.0,Heavy Rain,2,0.0
IA-PROC-2024-25,2024-25,Kimberly K. Reynolds,Severe Storms and Flooding June 21 and continuing (Palo Alto),2024-06-23,https://homelandsecurity.iowa.gov/media/374/download?inline,C,county/county-equivalent,93,IDA,0,0,0.0,0.0,Flood,1,0.0
IA-PROC-2024-25,2024-25,Kimberly K. Reynolds,Severe Storms and Flooding June 21 and continuing (Palo Alto),2024-06-23,https://homelandsecurity.iowa.gov/media/374/download?inline,C,county/county-equivalent,97,JACKSON,0,0,0.0,0.0,"Hail, Thunderstorm Wind, Tornado",6,0.0
IA-PROC-2024-25,2024-25,Kimberly K. Reynolds,Severe Storms and Flooding June 21 and continuing (Palo Alto),2024-06-23,https://homelandsecurity.iowa.gov/media/374/download?inline,C,county/county-equivalent,99,JASPER,0,0,0.0,0.0,"Heavy Rain, Tornado",3,0.0
IA-PROC-2024-25,2024-25,Kimberly K. Reynolds,Severe Storms and Flooding June 21 and continuing (Palo Alto),2024-06-23,https://homelandsecurity.iowa.gov/media/374/download?inline,C,county/county-equivalent,103,JOHNSON,0,0,0.0,0.0,"Hail, Thunderstorm Wind",6,0.0
IA-PROC-2024-25,2024-25,Kimberly K. Reynolds,Severe Storms and Flooding June 21 and continuing (Palo Alto),2024-06-23,https://homelandsecurity.iowa.gov/media/374/download?inline,C,county/county-equivalent,105,JONES,0,0,0.0,0.0,Tornado,2,0.0
IA-PROC-2024-25,2024-25,Kimberly K. Reynolds,Severe Storms and Flooding June 21 and continuing (Palo Alto),2024-06-23,https://homelandsecurity.iowa.gov/media/374/download?inline,C,county/county-equivalent,113,LINN,0,0,0.0,0.0,Tornado,1,0.0
IA-PROC-2024-25,2024-25,Kimberly K. Reynolds,Severe Storms and Flooding June 21 and continuing (Palo Alto),2024-06-23,https://homelandsecurity.iowa.gov/media/374/download?inline,C,county/county-equivalent,117,LUCAS,0,0,0.0,0.0,Hail,1,0.0
IA-PROC-2024-25,2024-25,Kimberly K. Reynolds,Severe Storms and Flooding June 21 and continuing (Palo Alto),2024-06-23,https://homelandsecurity.iowa.gov/media/374/download?inline,C,county/county-equivalent,125,MARION,0,0,0.0,0.0,"Hail, Thunderstorm Wind",3,0.0
IA-PROC-2024-25,2024-25,Kimberly K. Reynolds,Severe Storms and Flooding June 21 and continuing (Palo Alto),2024-06-23,https://homelandsecurity.iowa.gov/media/374/download?inline,C,county/county-equivalent,129,MILLS,0,0,0.0,0.0,Flood,1,0.0
IA-PROC-2024-25,2024-25,Kimberly K. Reynolds,Severe Storms and Flooding June 21 and continuing (Palo Alto),2024-06-23,https://homelandsecurity.iowa.gov/media/374/download?inline,C,county/county-equivalent,131,MITCHELL,0,0,0.0,0.0,Flood,2,0.0
IA-PROC-2024-25,2024-25,Kimberly K. Reynolds,Severe Storms and Flooding June 21 and continuing (Palo Alto),2024-06-23,https://homelandsecurity.iowa.gov/media/374/download?inline,C,county/county-equivalent,139,MUSCATINE,0,0,0.0,0.0,Thunderstorm Wind,6,0.0
IA-PROC-2024-25,2024-25,Kimberly K. Reynolds,Severe Storms and Flooding June 21 and continuing (Palo Alto),2024-06-23,https://homelandsecurity.iowa.gov/media/374/download?inline,C,county/county-equivalent,145,PAGE,0,0,0.0,0.0,Thunderstorm Wind,1,0.0
IA-PROC-2024-25,2024-25,Kimberly K. Reynolds,Severe Storms and Flooding June 21 and continuing (Palo Alto),2024-06-23,https://homelandsecurity.iowa.gov/media/374/download?inline,C,county/county-equivalent,153,POLK,0,0,0.0,0.0,"Hail, Thunderstorm Wind, Tornado",4,0.0
IA-PROC-2024-25,2024-25,Kimberly K. Reynolds,Severe Storms and Flooding June 21 and continuing (Palo Alto),2024-06-23,https://homelandsecurity.iowa.gov/media/374/download?inline,C,county/county-equivalent,159,RINGGOLD,0,0,0.0,0.0,Hail,1,0.0
IA-PROC-2024-25,2024-25,Kimberly K. Reynolds,Severe Storms and Flooding June 21 and continuing (Palo Alto),2024-06-23,https://homelandsecurity.iowa.gov/media/374/download?inline,C,county/county-equivalent,163,SCOTT,0,0,0.0,0.0,Thunderstorm Wind,1,0.0
IA-PROC-2024-25,2024-25,Kimberly K. Reynolds,Severe Storms and Flooding June 21 and continuing (Palo Alto),2024-06-23,https://homelandsecurity.iowa.gov/media/374/download?inline,C,county/county-equivalent,165,SHELBY,0,0,0.0,0.0,"Hail, Thunderstorm Wind",4,0.0
IA-PROC-2024-25,2024-25,Kimberly K. Reynolds,Severe Storms and Flooding June 21 and continuing (Palo Alto),2024-06-23,https://homelandsecurity.iowa.gov/media/374/download?inline,C,county/county-equivalent,175,UNION,0,0,0.0,0.0,Thunderstorm Wind,1,0.0
IA-PROC-2024-25,2024-25,Kimberly K. Reynolds,Severe Storms and Flooding June 21 and continuing (Palo Alto),2024-06-23,https://homelandsecurity.iowa.gov/media/374/download?inline,C,county/county-equivalent,177,VAN BUREN,0,0,0.0,0.0,Hail,2,0.0
IA-PROC-2024-25,2024-25,Kimberly K. Reynolds,Severe Storms and Flooding June 21 and continuing (Palo Alto),2024-06-23,https://homelandsecurity.iowa.gov/media/374/download?inline,C,county/county-equivalent,181,WARREN,0,0,0.0,0.0,Hail,3,0.0
IA-PROC-2024-25,2024-25,Kimberly K. Reynolds,Severe Storms and Flooding June 21 and continuing (Palo Alto),2024-06-23,https://homelandsecurity.iowa.gov/media/374/download?inline,C,county/county-equivalent,185,WAYNE,0,0,0.0,0.0,Thunderstorm Wind,1,0.0
IA-PROC-2024-25,2024-25,Kimberly K. Reynolds,Severe Storms and Flooding June 21 and continuing (Palo Alto),2024-06-23,https://homelandsecurity.iowa.gov/media/374/download?inline,C,county/county-equivalent,187,WEBSTER,0,0,0.0,0.0,"Flood, Heavy Rain",3,0.0
IA-PROC-2024-25,2024-25,Kimberly K. Reynolds,Severe Storms and Flooding June 21 and continuing (Palo Alto),2024-06-23,https://homelandsecurity.iowa.gov/media/374/download?inline,C,county/county-equivalent,189,WINNEBAGO,0,0,0.0,0.0,Heavy Rain,4,0.0
IA-PROC-2024-25,2024-25,Kimberly K. Reynolds,Severe Storms and Flooding June 21 and continuing (Palo Alto),2024-06-23,https://homelandsecurity.iowa.gov/media/374/download?inline,C,county/county-equivalent,195,WORTH,0,0,0.0,0.0,"Flash Flood, Heavy Rain",3,0.0
IA-PROC-2024-25,2024-25,Kimberly K. Reynolds,Severe Storms and Flooding June 21 and continuing (Palo Alto),2024-06-23,https://homelandsecurity.iowa.gov/media/374/download?inline,C,county/county-equivalent,197,WRIGHT,0,0,0.0,0.0,Heavy Rain,3,0.0
IA-PROC-2024-26,2024-26,Kim Reynolds,"Severe Storms and Flooding June 21 and continuing (Fremont, Harrison, Mills, Monona, and Pottawattamie)",2024-06-24,https://homelandsecurity.iowa.gov/media/373/download?inline,C,county/county-equivalent,41,CLAY,1,0,25590000.0,1000.0,"Flood, Hail, Thunderstorm Wind",9,25591000.0
IA-PROC-2024-26,2024-26,Kim Reynolds,"Severe Storms and Flooding June 21 and continuing (Fremont, Harrison, Mills, Monona, and Pottawattamie)",2024-06-24,https://homelandsecurity.iowa.gov/media/373/download?inline,C,county/county-equivalent,63,EMMET,0,0,10000000.0,0.0,"Flood, Heavy Rain",3,10000000.0
IA-PROC-2024-26,2024-26,Kim Reynolds,"Severe Storms and Flooding June 21 and continuing (Fremont, Harrison, Mills, Monona, and Pottawattamie)",2024-06-24,https://homelandsecurity.iowa.gov/media/373/download?inline,C,county/county-equivalent,193,WOODBURY,0,0,4130000.0,0.0,Flood,5,4130000.0
IA-PROC-2024-26,2024-26,Kim Reynolds,"Severe Storms and Flooding June 21 and continuing (Fremont, Harrison, Mills, Monona, and Pottawattamie)",2024-06-24,https://homelandsecurity.iowa.gov/media/373/download?inline,C,county/county-equivalent,21,BUENA VISTA,0,0,2440000.0,0.0,Flood,2,2440000.0
IA-PROC-2024-26,2024-26,Kim Reynolds,"Severe Storms and Flooding June 21 and continuing (Fremont, Harrison, Mills, Monona, and Pottawattamie)",2024-06-24,https://homelandsecurity.iowa.gov/media/373/download?inline,C,county/county-equivalent,141,O'BRIEN,0,0,2250000.0,0.0,"Flash Flood, Flood, Thunderstorm Wind",8,2250000.0
IA-PROC-2024-26,2024-26,Kim Reynolds,"Severe Storms and Flooding June 21 and continuing (Fremont, Harrison, Mills, Monona, and Pottawattamie)",2024-06-24,https://homelandsecurity.iowa.gov/media/373/download?inline,C,county/county-equivalent,59,DICKINSON,0,0,1900000.0,0.0,"Flash Flood, Flood",6,1900000.0
IA-PROC-2024-26,2024-26,Kim Reynolds,"Severe Storms and Flooding June 21 and continuing (Fremont, Harrison, Mills, Monona, and Pottawattamie)",2024-06-24,https://homelandsecurity.iowa.gov/media/373/download?inline,C,county/county-equivalent,149,PLYMOUTH,0,0,1580000.0,0.0,Flood,8,1580000.0
IA-PROC-2024-26,2024-26,Kim Reynolds,"Severe Storms and Flooding June 21 and continuing (Fremont, Harrison, Mills, Monona, and Pottawattamie)",2024-06-24,https://homelandsecurity.iowa.gov/media/373/download?inline,C,county/county-equivalent,133,MONONA,0,0,1100000.0,398600.0,"Flash Flood, Flood",2,1498600.0
IA-PROC-2024-26,2024-26,Kim Reynolds,"Severe Storms and Flooding June 21 and continuing (Fremont, Harrison, Mills, Monona, and Pottawattamie)",2024-06-24,https://homelandsecurity.iowa.gov/media/373/download?inline,C,county/county-equivalent,35,CHEROKEE,0,0,1020000.0,0.0,Flood,3,1020000.0
IA-PROC-2024-26,2024-26,Kim Reynolds,"Severe Storms and Flooding June 21 and continuing (Fremont, Harrison, Mills, Monona, and Pottawattamie)",2024-06-24,https://homelandsecurity.iowa.gov/media/373/download?inline,C,county/county-equivalent,147,PALO ALTO,0,0,721000.0,0.0,"Flood, Heavy Rain",6,721000.0
IA-PROC-2024-26,2024-26,Kim Reynolds,"Severe Storms and Flooding June 21 and continuing (Fremont, Harrison, Mills, Monona, and Pottawattamie)",2024-06-24,https://homelandsecurity.iowa.gov/media/373/download?inline,C,county/county-equivalent,155,POTTAWATTAMIE,0,0,550000.0,87250.0,"Flood, Hail, Thunderstorm Wind",5,637250.0
IA-PROC-2024-26,2024-26,Kim Reynolds,"Severe Storms and Flooding June 21 and continuing (Fremont, Harrison, Mills, Monona, and Pottawattamie)",2024-06-24,https://homelandsecurity.iowa.gov/media/373/download?inline,C,county/county-equivalent,121,MADISON,0,0,252000.0,1000.0,"Hail, Lightning, Tornado",9,253000.0
IA-PROC-2024-26,2024-26,Kim Reynolds,"Severe Storms and Flooding June 21 and continuing (Fremont, Harrison, Mills, Monona, and Pottawattamie)",2024-06-24,https://homelandsecurity.iowa.gov/media/373/download?inline,C,county/county-equivalent,85,HARRISON,0,0,200000.0,16950.0,"Flood, Hail",2,216950.0
IA-PROC-2024-26,2024-26,Kim Reynolds,"Severe Storms and Flooding June 21 and continuing (Fremont, Harrison, Mills, Monona, and Pottawattamie)",2024-06-24,https://homelandsecurity.iowa.gov/media/373/download?inline,C,county/county-equivalent,67,FLOYD,0,0,172000.0,5000.0,Flood,1,177000.0
IA-PROC-2024-26,2024-26,Kim Reynolds,"Severe Storms and Flooding June 21 and continuing (Fremont, Harrison, Mills, Monona, and Pottawattamie)",2024-06-24,https://homelandsecurity.iowa.gov/media/373/download?inline,C,county/county-equivalent,109,KOSSUTH,0,0,128000.0,0.0,"Flood, Heavy Rain",7,128000.0
IA-PROC-2024-26,2024-26,Kim Reynolds,"Severe Storms and Flooding June 21 and continuing (Fremont, Harrison, Mills, Monona, and Pottawattamie)",2024-06-24,https://homelandsecurity.iowa.gov/media/373/download?inline,C,county/county-equivalent,191,WINNESHIEK,0,0,108000.0,10000.0,Flood,1,118000.0
IA-PROC-2024-26,2024-26,Kim Reynolds,"Severe Storms and Flooding June 21 and continuing (Fremont, Harrison, Mills, Monona, and Pottawattamie)",2024-06-24,https://homelandsecurity.iowa.gov/media/373/download?inline,C,county/county-equivalent,5,ALLAMAKEE,0,0,65000.0,35000.0,"Flash Flood, Flood, Thunderstorm Wind",4,100000.0
IA-PROC-2024-26,2024-26,Kim Reynolds,"Severe Storms and Flooding June 21 and continuing (Fremont, Harrison, Mills, Monona, and Pottawattamie)",2024-06-24,https://homelandsecurity.iowa.gov/media/373/download?inline,C,county/county-equivalent,91,HUMBOLDT,0,0,88000.0,0.0,"Flood, Heavy Rain",3,88000.0
IA-PROC-2024-26,2024-26,Kim Reynolds,"Severe Storms and Flooding June 21 and continuing (Fremont, Harrison, Mills, Monona, and Pottawattamie)",2024-06-24,https://homelandsecurity.iowa.gov/media/373/download?inline,C,county/county-equivalent,37,CHICKASAW,0,0,45000.0,10000.0,Flood,1,55000.0
IA-PROC-2024-26,2024-26,Kim Reynolds,"Severe Storms and Flooding June 21 and continuing (Fremont, Harrison, Mills, Monona, and Pottawattamie)",2024-06-24,https://homelandsecurity.iowa.gov/media/373/download?inline,C,county/county-equivalent,89,HOWARD,0,0,40000.0,10000.0,Flood,1,50000.0
IA-PROC-2024-26,2024-26,Kim Reynolds,"Severe Storms and Flooding June 21 and continuing (Fremont, Harrison, Mills, Monona, and Pottawattamie)",2024-06-24,https://homelandsecurity.iowa.gov/media/373/download?inline,C,county/county-equivalent,1,ADAIR,0,0,15000.0,0.0,Thunderstorm Wind,1,15000.0
IA-PROC-2024-26,2024-26,Kim Reynolds,"Severe Storms and Flooding June 21 and continuing (Fremont, Harrison, Mills, Monona, and Pottawattamie)",2024-06-24,https://homelandsecurity.iowa.gov/media/373/download?inline,C,county/county-equivalent,65,FAYETTE,0,0,10000.0,0.0,Flash Flood,1,10000.0
IA-PROC-2024-26,2024-26,Kim Reynolds,"Severe Storms and Flooding June 21 and continuing (Fremont, Harrison, Mills, Monona, and Pottawattamie)",2024-06-24,https://homelandsecurity.iowa.gov/media/373/download?inline,C,county/county-equivalent,9,AUDUBON,0,0,0.0,0.0,"Hail, Thunderstorm Wind",2,0.0
IA-PROC-2024-26,2024-26,Kim Reynolds,"Severe Storms and Flooding June 21 and continuing (Fremont, Harrison, Mills, Monona, and Pottawattamie)",2024-06-24,https://homelandsecurity.iowa.gov/media/373/download?inline,C,county/county-equivalent,13,BLACK HAWK,0,0,0.0,0.0,Flood,3,0.0
IA-PROC-2024-26,2024-26,Kim Reynolds,"Severe Storms and Flooding June 21 and continuing (Fremont, Harrison, Mills, Monona, and Pottawattamie)",2024-06-24,https://homelandsecurity.iowa.gov/media/373/download?inline,C,county/county-equivalent,17,BREMER,0,0,0.0,0.0,Heavy Rain,1,0.0
IA-PROC-2024-26,2024-26,Kim Reynolds,"Severe Storms and Flooding June 21 and continuing (Fremont, Harrison, Mills, Monona, and Pottawattamie)",2024-06-24,https://homelandsecurity.iowa.gov/media/373/download?inline,C,county/county-equivalent,23,BUTLER,0,0,0.0,0.0,"Flood, Heavy Rain",2,0.0
IA-PROC-2024-26,2024-26,Kim Reynolds,"Severe Storms and Flooding June 21 and continuing (Fremont, Harrison, Mills, Monona, and Pottawattamie)",2024-06-24,https://homelandsecurity.iowa.gov/media/373/download?inline,C,county/county-equivalent,33,CERRO GORDO,0,0,0.0,0.0,"Flood, Heavy Rain",3,0.0
IA-PROC-2024-26,2024-26,Kim Reynolds,"Severe Storms and Flooding June 21 and continuing (Fremont, Harrison, Mills, Monona, and Pottawattamie)",2024-06-24,https://homelandsecurity.iowa.gov/media/373/download?inline,C,county/county-equivalent,43,CLAYTON,0,0,0.0,0.0,Flood,2,0.0
IA-PROC-2024-26,2024-26,Kim Reynolds,"Severe Storms and Flooding June 21 and continuing (Fremont, Harrison, Mills, Monona, and Pottawattamie)",2024-06-24,https://homelandsecurity.iowa.gov/media/373/download?inline,C,county/county-equivalent,45,CLINTON,0,0,0.0,0.0,Thunderstorm Wind,2,0.0
IA-PROC-2024-26,2024-26,Kim Reynolds,"Severe Storms and Flooding June 21 and continuing (Fremont, Harrison, Mills, Monona, and Pottawattamie)",2024-06-24,https://homelandsecurity.iowa.gov/media/373/download?inline,C,county/county-equivalent,49,DALLAS,0,0,0.0,0.0,Thunderstorm Wind,1,0.0
IA-PROC-2024-26,2024-26,Kim Reynolds,"Severe Storms and Flooding June 21 and continuing (Fremont, Harrison, Mills, Monona, and Pottawattamie)",2024-06-24,https://homelandsecurity.iowa.gov/media/373/download?inline,C,county/county-equivalent,53,DECATUR,0,0,0.0,0.0,Thunderstorm Wind,1,0.0
IA-PROC-2024-26,2024-26,Kim Reynolds,"Severe Storms and Flooding June 21 and continuing (Fremont, Harrison, Mills, Monona, and Pottawattamie)",2024-06-24,https://homelandsecurity.iowa.gov/media/373/download?inline,C,county/county-equivalent,57,DES MOINES,0,0,0.0,0.0,Thunderstorm Wind,1,0.0
IA-PROC-2024-26,2024-26,Kim Reynolds,"Severe Storms and Flooding June 21 and continuing (Fremont, Harrison, Mills, Monona, and Pottawattamie)",2024-06-24,https://homelandsecurity.iowa.gov/media/373/download?inline,C,county/county-equivalent,71,FREMONT,0,0,0.0,0.0,Flood,1,0.0
IA-PROC-2024-26,2024-26,Kim Reynolds,"Severe Storms and Flooding June 21 and continuing (Fremont, Harrison, Mills, Monona, and Pottawattamie)",2024-06-24,https://homelandsecurity.iowa.gov/media/373/download?inline,C,county/county-equivalent,81,HANCOCK,0,0,0.0,0.0,Heavy Rain,2,0.0
IA-PROC-2024-26,2024-26,Kim Reynolds,"Severe Storms and Flooding June 21 and continuing (Fremont, Harrison, Mills, Monona, and Pottawattamie)",2024-06-24,https://homelandsecurity.iowa.gov/media/373/download?inline,C,county/county-equivalent,93,IDA,0,0,0.0,0.0,Flood,1,0.0
IA-PROC-2024-26,2024-26,Kim Reynolds,"Severe Storms and Flooding June 21 and continuing (Fremont, Harrison, Mills, Monona, and Pottawattamie)",2024-06-24,https://homelandsecurity.iowa.gov/media/373/download?inline,C,county/county-equivalent,97,JACKSON,0,0,0.0,0.0,"Hail, Thunderstorm Wind, Tornado",6,0.0
IA-PROC-2024-26,2024-26,Kim Reynolds,"Severe Storms and Flooding June 21 and continuing (Fremont, Harrison, Mills, Monona, and Pottawattamie)",2024-06-24,https://homelandsecurity.iowa.gov/media/373/download?inline,C,county/county-equivalent,99,JASPER,0,0,0.0,0.0,"Heavy Rain, Tornado",3,0.0
IA-PROC-2024-26,2024-26,Kim Reynolds,"Severe Storms and Flooding June 21 and continuing (Fremont, Harrison, Mills, Monona, and Pottawattamie)",2024-06-24,https://homelandsecurity.iowa.gov/media/373/download?inline,C,county/county-equivalent,103,JOHNSON,0,0,0.0,0.0,"Hail, Thunderstorm Wind",6,0.0
IA-PROC-2024-26,2024-26,Kim Reynolds,"Severe Storms and Flooding June 21 and continuing (Fremont, Harrison, Mills, Monona, and Pottawattamie)",2024-06-24,https://homelandsecurity.iowa.gov/media/373/download?inline,C,county/county-equivalent,105,JONES,0,0,0.0,0.0,Tornado,2,0.0
IA-PROC-2024-26,2024-26,Kim Reynolds,"Severe Storms and Flooding June 21 and continuing (Fremont, Harrison, Mills, Monona, and Pottawattamie)",2024-06-24,https://homelandsecurity.iowa.gov/media/373/download?inline,C,county/county-equivalent,113,LINN,0,0,0.0,0.0,Tornado,1,0.0
IA-PROC-2024-26,2024-26,Kim Reynolds,"Severe Storms and Flooding June 21 and continuing (Fremont, Harrison, Mills, Monona, and Pottawattamie)",2024-06-24,https://homelandsecurity.iowa.gov/media/373/download?inline,C,county/county-equivalent,117,LUCAS,0,0,0.0,0.0,Hail,1,0.0
IA-PROC-2024-26,2024-26,Kim Reynolds,"Severe Storms and Flooding June 21 and continuing (Fremont, Harrison, Mills, Monona, and Pottawattamie)",2024-06-24,https://homelandsecurity.iowa.gov/media/373/download?inline,C,county/county-equivalent,119,LYON,0,0,0.0,0.0,"Flash Flood, Flood",7,0.0
IA-PROC-2024-26,2024-26,Kim Reynolds,"Severe Storms and Flooding June 21 and continuing (Fremont, Harrison, Mills, Monona, and Pottawattamie)",2024-06-24,https://homelandsecurity.iowa.gov/media/373/download?inline,C,county/county-equivalent,125,MARION,0,0,0.0,0.0,"Hail, Thunderstorm Wind",3,0.0
IA-PROC-2024-26,2024-26,Kim Reynolds,"Severe Storms and Flooding June 21 and continuing (Fremont, Harrison, Mills, Monona, and Pottawattamie)",2024-06-24,https://homelandsecurity.iowa.gov/media/373/download?inline,C,county/county-equivalent,129,MILLS,0,0,0.0,0.0,Flood,1,0.0
IA-PROC-2024-26,2024-26,Kim Reynolds,"Severe Storms and Flooding June 21 and continuing (Fremont, Harrison, Mills, Monona, and Pottawattamie)",2024-06-24,https://homelandsecurity.iowa.gov/media/373/download?inline,C,county/county-equivalent,131,MITCHELL,0,0,0.0,0.0,Flood,2,0.0
IA-PROC-2024-26,2024-26,Kim Reynolds,"Severe Storms and Flooding June 21 and continuing (Fremont, Harrison, Mills, Monona, and Pottawattamie)",2024-06-24,https://homelandsecurity.iowa.gov/media/373/download?inline,C,county/county-equivalent,139,MUSCATINE,0,0,0.0,0.0,Thunderstorm Wind,6,0.0
IA-PROC-2024-26,2024-26,Kim Reynolds,"Severe Storms and Flooding June 21 and continuing (Fremont, Harrison, Mills, Monona, and Pottawattamie)",2024-06-24,https://homelandsecurity.iowa.gov/media/373/download?inline,C,county/county-equivalent,143,OSCEOLA,0,0,0.0,0.0,"Flash Flood, Thunderstorm Wind",2,0.0
IA-PROC-2024-26,2024-26,Kim Reynolds,"Severe Storms and Flooding June 21 and continuing (Fremont, Harrison, Mills, Monona, and Pottawattamie)",2024-06-24,https://homelandsecurity.iowa.gov/media/373/download?inline,C,county/county-equivalent,145,PAGE,0,0,0.0,0.0,Thunderstorm Wind,1,0.0
IA-PROC-2024-26,2024-26,Kim Reynolds,"Severe Storms and Flooding June 21 and continuing (Fremont, Harrison, Mills, Monona, and Pottawattamie)",2024-06-24,https://homelandsecurity.iowa.gov/media/373/download?inline,C,county/county-equivalent,153,POLK,0,0,0.0,0.0,"Hail, Thunderstorm Wind, Tornado",4,0.0
IA-PROC-2024-26,2024-26,Kim Reynolds,"Severe Storms and Flooding June 21 and continuing (Fremont, Harrison, Mills, Monona, and Pottawattamie)",2024-06-24,https://homelandsecurity.iowa.gov/media/373/download?inline,C,county/county-equivalent,159,RINGGOLD,0,0,0.0,0.0,Hail,1,0.0
IA-PROC-2024-26,2024-26,Kim Reynolds,"Severe Storms and Flooding June 21 and continuing (Fremont, Harrison, Mills, Monona, and Pottawattamie)",2024-06-24,https://homelandsecurity.iowa.gov/media/373/download?inline,C,county/county-equivalent,163,SCOTT,0,0,0.0,0.0,Thunderstorm Wind,1,0.0
IA-PROC-2024-26,2024-26,Kim Reynolds,"Severe Storms and Flooding June 21 and continuing (Fremont, Harrison, Mills, Monona, and Pottawattamie)",2024-06-24,https://homelandsecurity.iowa.gov/media/373/download?inline,C,county/county-equivalent,165,SHELBY,0,0,0.0,0.0,"Hail, Thunderstorm Wind",4,0.0
IA-PROC-2024-26,2024-26,Kim Reynolds,"Severe Storms and Flooding June 21 and continuing (Fremont, Harrison, Mills, Monona, and Pottawattamie)",2024-06-24,https://homelandsecurity.iowa.gov/media/373/download?inline,C,county/county-equivalent,167,SIOUX,0,0,0.0,0.0,"Flash Flood, Flood",11,0.0
IA-PROC-2024-26,2024-26,Kim Reynolds,"Severe Storms and Flooding June 21 and continuing (Fremont, Harrison, Mills, Monona, and Pottawattamie)",2024-06-24,https://homelandsecurity.iowa.gov/media/373/download?inline,C,county/county-equivalent,175,UNION,0,0,0.0,0.0,Thunderstorm Wind,1,0.0
IA-PROC-2024-26,2024-26,Kim Reynolds,"Severe Storms and Flooding June 21 and continuing (Fremont, Harrison, Mills, Monona, and Pottawattamie)",2024-06-24,https://homelandsecurity.iowa.gov/media/373/download?inline,C,county/county-equivalent,177,VAN BUREN,0,0,0.0,0.0,Hail,2,0.0
IA-PROC-2024-26,2024-26,Kim Reynolds,"Severe Storms and Flooding June 21 and continuing (Fremont, Harrison, Mills, Monona, and Pottawattamie)",2024-06-24,https://homelandsecurity.iowa.gov/media/373/download?inline,C,county/county-equivalent,181,WARREN,0,0,0.0,0.0,Hail,3,0.0
IA-PROC-2024-26,2024-26,Kim Reynolds,"Severe Storms and Flooding June 21 and continuing (Fremont, Harrison, Mills, Monona, and Pottawattamie)",2024-06-24,https://homelandsecurity.iowa.gov/media/373/download?inline,C,county/county-equivalent,185,WAYNE,0,0,0.0,0.0,Thunderstorm Wind,1,0.0
IA-PROC-2024-26,2024-26,Kim Reynolds,"Severe Storms and Flooding June 21 and continuing (Fremont, Harrison, Mills, Monona, and Pottawattamie)",2024-06-24,https://homelandsecurity.iowa.gov/media/373/download?inline,C,county/county-equivalent,187,WEBSTER,0,0,0.0,0.0,"Flood, Heavy Rain",3,0.0
IA-PROC-2024-26,2024-26,Kim Reynolds,"Severe Storms and Flooding June 21 and continuing (Fremont, Harrison, Mills, Monona, and Pottawattamie)",2024-06-24,https://homelandsecurity.iowa.gov/media/373/download?inline,C,county/county-equivalent,189,WINNEBAGO,0,0,0.0,0.0,Heavy Rain,4,0.0
IA-PROC-2024-26,2024-26,Kim Reynolds,"Severe Storms and Flooding June 21 and continuing (Fremont, Harrison, Mills, Monona, and Pottawattamie)",2024-06-24,https://homelandsecurity.iowa.gov/media/373/download?inline,C,county/county-equivalent,195,WORTH,0,0,0.0,0.0,"Flash Flood, Heavy Rain",3,0.0
IA-PROC-2024-26,2024-26,Kim Reynolds,"Severe Storms and Flooding June 21 and continuing (Fremont, Harrison, Mills, Monona, and Pottawattamie)",2024-06-24,https://homelandsecurity.iowa.gov/media/373/download?inline,C,county/county-equivalent,197,WRIGHT,0,0,0.0,0.0,Heavy Rain,3,0.0
IA-PROC-2024-27,2024-27,Kimberly K. Reynolds,Severe Storms and Flooding June 21 and continuing (Allamakee),2024-06-24,https://homelandsecurity.iowa.gov/media/372/download?inline,C,county/county-equivalent,41,CLAY,1,0,25590000.0,1000.0,"Flood, Hail, Thunderstorm Wind",9,25591000.0
IA-PROC-2024-27,2024-27,Kimberly K. Reynolds,Severe Storms and Flooding June 21 and continuing (Allamakee),2024-06-24,https://homelandsecurity.iowa.gov/media/372/download?inline,C,county/county-equivalent,63,EMMET,0,0,10000000.0,0.0,"Flood, Heavy Rain",3,10000000.0
IA-PROC-2024-27,2024-27,Kimberly K. Reynolds,Severe Storms and Flooding June 21 and continuing (Allamakee),2024-06-24,https://homelandsecurity.iowa.gov/media/372/download?inline,C,county/county-equivalent,193,WOODBURY,0,0,4130000.0,0.0,Flood,5,4130000.0
IA-PROC-2024-27,2024-27,Kimberly K. Reynolds,Severe Storms and Flooding June 21 and continuing (Allamakee),2024-06-24,https://homelandsecurity.iowa.gov/media/372/download?inline,C,county/county-equivalent,21,BUENA VISTA,0,0,2440000.0,0.0,Flood,2,2440000.0
IA-PROC-2024-27,2024-27,Kimberly K. Reynolds,Severe Storms and Flooding June 21 and continuing (Allamakee),2024-06-24,https://homelandsecurity.iowa.gov/media/372/download?inline,C,county/county-equivalent,141,O'BRIEN,0,0,2250000.0,0.0,"Flash Flood, Flood, Thunderstorm Wind",8,2250000.0
IA-PROC-2024-27,2024-27,Kimberly K. Reynolds,Severe Storms and Flooding June 21 and continuing (Allamakee),2024-06-24,https://homelandsecurity.iowa.gov/media/372/download?inline,C,county/county-equivalent,59,DICKINSON,0,0,1900000.0,0.0,"Flash Flood, Flood",6,1900000.0
IA-PROC-2024-27,2024-27,Kimberly K. Reynolds,Severe Storms and Flooding June 21 and continuing (Allamakee),2024-06-24,https://homelandsecurity.iowa.gov/media/372/download?inline,C,county/county-equivalent,149,PLYMOUTH,0,0,1580000.0,0.0,Flood,8,1580000.0
IA-PROC-2024-27,2024-27,Kimberly K. Reynolds,Severe Storms and Flooding June 21 and continuing (Allamakee),2024-06-24,https://homelandsecurity.iowa.gov/media/372/download?inline,C,county/county-equivalent,133,MONONA,0,0,1100000.0,398600.0,"Flash Flood, Flood",2,1498600.0
IA-PROC-2024-27,2024-27,Kimberly K. Reynolds,Severe Storms and Flooding June 21 and continuing (Allamakee),2024-06-24,https://homelandsecurity.iowa.gov/media/372/download?inline,C,county/county-equivalent,35,CHEROKEE,0,0,1020000.0,0.0,Flood,3,1020000.0
IA-PROC-2024-27,2024-27,Kimberly K. Reynolds,Severe Storms and Flooding June 21 and continuing (Allamakee),2024-06-24,https://homelandsecurity.iowa.gov/media/372/download?inline,C,county/county-equivalent,147,PALO ALTO,0,0,721000.0,0.0,"Flood, Heavy Rain",6,721000.0
IA-PROC-2024-27,2024-27,Kimberly K. Reynolds,Severe Storms and Flooding June 21 and continuing (Allamakee),2024-06-24,https://homelandsecurity.iowa.gov/media/372/download?inline,C,county/county-equivalent,155,POTTAWATTAMIE,0,0,550000.0,87250.0,"Flood, Hail, Thunderstorm Wind",5,637250.0
IA-PROC-2024-27,2024-27,Kimberly K. Reynolds,Severe Storms and Flooding June 21 and continuing (Allamakee),2024-06-24,https://homelandsecurity.iowa.gov/media/372/download?inline,C,county/county-equivalent,121,MADISON,0,0,252000.0,1000.0,"Hail, Lightning, Tornado",9,253000.0
IA-PROC-2024-27,2024-27,Kimberly K. Reynolds,Severe Storms and Flooding June 21 and continuing (Allamakee),2024-06-24,https://homelandsecurity.iowa.gov/media/372/download?inline,C,county/county-equivalent,85,HARRISON,0,0,200000.0,16950.0,"Flood, Hail",2,216950.0
IA-PROC-2024-27,2024-27,Kimberly K. Reynolds,Severe Storms and Flooding June 21 and continuing (Allamakee),2024-06-24,https://homelandsecurity.iowa.gov/media/372/download?inline,C,county/county-equivalent,67,FLOYD,0,0,172000.0,5000.0,Flood,1,177000.0
IA-PROC-2024-27,2024-27,Kimberly K. Reynolds,Severe Storms and Flooding June 21 and continuing (Allamakee),2024-06-24,https://homelandsecurity.iowa.gov/media/372/download?inline,C,county/county-equivalent,109,KOSSUTH,0,0,128000.0,0.0,"Flood, Heavy Rain",7,128000.0
IA-PROC-2024-27,2024-27,Kimberly K. Reynolds,Severe Storms and Flooding June 21 and continuing (Allamakee),2024-06-24,https://homelandsecurity.iowa.gov/media/372/download?inline,C,county/county-equivalent,191,WINNESHIEK,0,0,108000.0,10000.0,Flood,1,118000.0
IA-PROC-2024-27,2024-27,Kimberly K. Reynolds,Severe Storms and Flooding June 21 and continuing (Allamakee),2024-06-24,https://homelandsecurity.iowa.gov/media/372/download?inline,C,county/county-equivalent,5,ALLAMAKEE,0,0,65000.0,35000.0,"Flash Flood, Flood, Thunderstorm Wind",4,100000.0
IA-PROC-2024-27,2024-27,Kimberly K. Reynolds,Severe Storms and Flooding June 21 and continuing (Allamakee),2024-06-24,https://homelandsecurity.iowa.gov/media/372/download?inline,C,county/county-equivalent,91,HUMBOLDT,0,0,88000.0,0.0,"Flood, Heavy Rain",3,88000.0
IA-PROC-2024-27,2024-27,Kimberly K. Reynolds,Severe Storms and Flooding June 21 and continuing (Allamakee),2024-06-24,https://homelandsecurity.iowa.gov/media/372/download?inline,C,county/county-equivalent,37,CHICKASAW,0,0,45000.0,10000.0,Flood,1,55000.0
IA-PROC-2024-27,2024-27,Kimberly K. Reynolds,Severe Storms and Flooding June 21 and continuing (Allamakee),2024-06-24,https://homelandsecurity.iowa.gov/media/372/download?inline,C,county/county-equivalent,89,HOWARD,0,0,40000.0,10000.0,Flood,1,50000.0
IA-PROC-2024-27,2024-27,Kimberly K. Reynolds,Severe Storms and Flooding June 21 and continuing (Allamakee),2024-06-24,https://homelandsecurity.iowa.gov/media/372/download?inline,C,county/county-equivalent,1,ADAIR,0,0,15000.0,0.0,Thunderstorm Wind,1,15000.0
IA-PROC-2024-27,2024-27,Kimberly K. Reynolds,Severe Storms and Flooding June 21 and continuing (Allamakee),2024-06-24,https://homelandsecurity.iowa.gov/media/372/download?inline,C,county/county-equivalent,65,FAYETTE,0,0,10000.0,0.0,Flash Flood,1,10000.0
IA-PROC-2024-27,2024-27,Kimberly K. Reynolds,Severe Storms and Flooding June 21 and continuing (Allamakee),2024-06-24,https://homelandsecurity.iowa.gov/media/372/download?inline,C,county/county-equivalent,9,AUDUBON,0,0,0.0,0.0,"Hail, Thunderstorm Wind",2,0.0
IA-PROC-2024-27,2024-27,Kimberly K. Reynolds,Severe Storms and Flooding June 21 and continuing (Allamakee),2024-06-24,https://homelandsecurity.iowa.gov/media/372/download?inline,C,county/county-equivalent,13,BLACK HAWK,0,0,0.0,0.0,Flood,3,0.0
IA-PROC-2024-27,2024-27,Kimberly K. Reynolds,Severe Storms and Flooding June 21 and continuing (Allamakee),2024-06-24,https://homelandsecurity.iowa.gov/media/372/download?inline,C,county/county-equivalent,17,BREMER,0,0,0.0,0.0,Heavy Rain,1,0.0
IA-PROC-2024-27,2024-27,Kimberly K. Reynolds,Severe Storms and Flooding June 21 and continuing (Allamakee),2024-06-24,https://homelandsecurity.iowa.gov/media/372/download?inline,C,county/county-equivalent,23,BUTLER,0,0,0.0,0.0,"Flood, Heavy Rain",2,0.0
IA-PROC-2024-27,2024-27,Kimberly K. Reynolds,Severe Storms and Flooding June 21 and continuing (Allamakee),2024-06-24,https://homelandsecurity.iowa.gov/media/372/download?inline,C,county/county-equivalent,33,CERRO GORDO,0,0,0.0,0.0,"Flood, Heavy Rain",3,0.0
IA-PROC-2024-27,2024-27,Kimberly K. Reynolds,Severe Storms and Flooding June 21 and continuing (Allamakee),2024-06-24,https://homelandsecurity.iowa.gov/media/372/download?inline,C,county/county-equivalent,43,CLAYTON,0,0,0.0,0.0,Flood,2,0.0
IA-PROC-2024-27,2024-27,Kimberly K. Reynolds,Severe Storms and Flooding June 21 and continuing (Allamakee),2024-06-24,https://homelandsecurity.iowa.gov/media/372/download?inline,C,county/county-equivalent,45,CLINTON,0,0,0.0,0.0,Thunderstorm Wind,2,0.0
IA-PROC-2024-27,2024-27,Kimberly K. Reynolds,Severe Storms and Flooding June 21 and continuing (Allamakee),2024-06-24,https://homelandsecurity.iowa.gov/media/372/download?inline,C,county/county-equivalent,49,DALLAS,0,0,0.0,0.0,Thunderstorm Wind,1,0.0
IA-PROC-2024-27,2024-27,Kimberly K. Reynolds,Severe Storms and Flooding June 21 and continuing (Allamakee),2024-06-24,https://homelandsecurity.iowa.gov/media/372/download?inline,C,county/county-equivalent,53,DECATUR,0,0,0.0,0.0,Thunderstorm Wind,1,0.0
IA-PROC-2024-27,2024-27,Kimberly K. Reynolds,Severe Storms and Flooding June 21 and continuing (Allamakee),2024-06-24,https://homelandsecurity.iowa.gov/media/372/download?inline,C,county/county-equivalent,57,DES MOINES,0,0,0.0,0.0,Thunderstorm Wind,1,0.0
IA-PROC-2024-27,2024-27,Kimberly K. Reynolds,Severe Storms and Flooding June 21 and continuing (Allamakee),2024-06-24,https://homelandsecurity.iowa.gov/media/372/download?inline,C,county/county-equivalent,71,FREMONT,0,0,0.0,0.0,Flood,1,0.0
IA-PROC-2024-27,2024-27,Kimberly K. Reynolds,Severe Storms and Flooding June 21 and continuing (Allamakee),2024-06-24,https://homelandsecurity.iowa.gov/media/372/download?inline,C,county/county-equivalent,81,HANCOCK,0,0,0.0,0.0,Heavy Rain,2,0.0
IA-PROC-2024-27,2024-27,Kimberly K. Reynolds,Severe Storms and Flooding June 21 and continuing (Allamakee),2024-06-24,https://homelandsecurity.iowa.gov/media/372/download?inline,C,county/county-equivalent,93,IDA,0,0,0.0,0.0,Flood,1,0.0
IA-PROC-2024-27,2024-27,Kimberly K. Reynolds,Severe Storms and Flooding June 21 and continuing (Allamakee),2024-06-24,https://homelandsecurity.iowa.gov/media/372/download?inline,C,county/county-equivalent,97,JACKSON,0,0,0.0,0.0,"Hail, Thunderstorm Wind, Tornado",6,0.0
IA-PROC-2024-27,2024-27,Kimberly K. Reynolds,Severe Storms and Flooding June 21 and continuing (Allamakee),2024-06-24,https://homelandsecurity.iowa.gov/media/372/download?inline,C,county/county-equivalent,99,JASPER,0,0,0.0,0.0,"Heavy Rain, Tornado",3,0.0
IA-PROC-2024-27,2024-27,Kimberly K. Reynolds,Severe Storms and Flooding June 21 and continuing (Allamakee),2024-06-24,https://homelandsecurity.iowa.gov/media/372/download?inline,C,county/county-equivalent,103,JOHNSON,0,0,0.0,0.0,"Hail, Thunderstorm Wind",6,0.0
IA-PROC-2024-27,2024-27,Kimberly K. Reynolds,Severe Storms and Flooding June 21 and continuing (Allamakee),2024-06-24,https://homelandsecurity.iowa.gov/media/372/download?inline,C,county/county-equivalent,105,JONES,0,0,0.0,0.0,Tornado,2,0.0
IA-PROC-2024-27,2024-27,Kimberly K. Reynolds,Severe Storms and Flooding June 21 and continuing (Allamakee),2024-06-24,https://homelandsecurity.iowa.gov/media/372/download?inline,C,county/county-equivalent,113,LINN,0,0,0.0,0.0,Tornado,1,0.0
IA-PROC-2024-27,2024-27,Kimberly K. Reynolds,Severe Storms and Flooding June 21 and continuing (Allamakee),2024-06-24,https://homelandsecurity.iowa.gov/media/372/download?inline,C,county/county-equivalent,117,LUCAS,0,0,0.0,0.0,Hail,1,0.0
IA-PROC-2024-27,2024-27,Kimberly K. Reynolds,Severe Storms and Flooding June 21 and continuing (Allamakee),2024-06-24,https://homelandsecurity.iowa.gov/media/372/download?inline,C,county/county-equivalent,119,LYON,0,0,0.0,0.0,"Flash Flood, Flood",7,0.0
IA-PROC-2024-27,2024-27,Kimberly K. Reynolds,Severe Storms and Flooding June 21 and continuing (Allamakee),2024-06-24,https://homelandsecurity.iowa.gov/media/372/download?inline,C,county/county-equivalent,125,MARION,0,0,0.0,0.0,"Hail, Thunderstorm Wind",3,0.0
IA-PROC-2024-27,2024-27,Kimberly K. Reynolds,Severe Storms and Flooding June 21 and continuing (Allamakee),2024-06-24,https://homelandsecurity.iowa.gov/media/372/download?inline,C,county/county-equivalent,129,MILLS,0,0,0.0,0.0,Flood,1,0.0
IA-PROC-2024-27,2024-27,Kimberly K. Reynolds,Severe Storms and Flooding June 21 and continuing (Allamakee),2024-06-24,https://homelandsecurity.iowa.gov/media/372/download?inline,C,county/county-equivalent,131,MITCHELL,0,0,0.0,0.0,Flood,2,0.0
IA-PROC-2024-27,2024-27,Kimberly K. Reynolds,Severe Storms and Flooding June 21 and continuing (Allamakee),2024-06-24,https://homelandsecurity.iowa.gov/media/372/download?inline,C,county/county-equivalent,139,MUSCATINE,0,0,0.0,0.0,Thunderstorm Wind,6,0.0
IA-PROC-2024-27,2024-27,Kimberly K. Reynolds,Severe Storms and Flooding June 21 and continuing (Allamakee),2024-06-24,https://homelandsecurity.iowa.gov/media/372/download?inline,C,county/county-equivalent,143,OSCEOLA,0,0,0.0,0.0,"Flash Flood, Thunderstorm Wind",2,0.0
IA-PROC-2024-27,2024-27,Kimberly K. Reynolds,Severe Storms and Flooding June 21 and continuing (Allamakee),2024-06-24,https://homelandsecurity.iowa.gov/media/372/download?inline,C,county/county-equivalent,145,PAGE,0,0,0.0,0.0,Thunderstorm Wind,1,0.0
IA-PROC-2024-27,2024-27,Kimberly K. Reynolds,Severe Storms and Flooding June 21 and continuing (Allamakee),2024-06-24,https://homelandsecurity.iowa.gov/media/372/download?inline,C,county/county-equivalent,153,POLK,0,0,0.0,0.0,"Hail, Thunderstorm Wind, Tornado",4,0.0
IA-PROC-2024-27,2024-27,Kimberly K. Reynolds,Severe Storms and Flooding June 21 and continuing (Allamakee),2024-06-24,https://homelandsecurity.iowa.gov/media/372/download?inline,C,county/county-equivalent,159,RINGGOLD,0,0,0.0,0.0,Hail,1,0.0
IA-PROC-2024-27,2024-27,Kimberly K. Reynolds,Severe Storms and Flooding June 21 and continuing (Allamakee),2024-06-24,https://homelandsecurity.iowa.gov/media/372/download?inline,C,county/county-equivalent,163,SCOTT,0,0,0.0,0.0,Thunderstorm Wind,1,0.0
IA-PROC-2024-27,2024-27,Kimberly K. Reynolds,Severe Storms and Flooding June 21 and continuing (Allamakee),2024-06-24,https://homelandsecurity.iowa.gov/media/372/download?inline,C,county/county-equivalent,165,SHELBY,0,0,0.0,0.0,"Hail, Thunderstorm Wind",4,0.0
IA-PROC-2024-27,2024-27,Kimberly K. Reynolds,Severe Storms and Flooding June 21 and continuing (Allamakee),2024-06-24,https://homelandsecurity.iowa.gov/media/372/download?inline,C,county/county-equivalent,167,SIOUX,0,0,0.0,0.0,"Flash Flood, Flood",11,0.0
IA-PROC-2024-27,2024-27,Kimberly K. Reynolds,Severe Storms and Flooding June 21 and continuing (Allamakee),2024-06-24,https://homelandsecurity.iowa.gov/media/372/download?inline,C,county/county-equivalent,175,UNION,0,0,0.0,0.0,Thunderstorm Wind,1,0.0
IA-PROC-2024-27,2024-27,Kimberly K. Reynolds,Severe Storms and Flooding June 21 and continuing (Allamakee),2024-06-24,https://homelandsecurity.iowa.gov/media/372/download?inline,C,county/county-equivalent,177,VAN BUREN,0,0,0.0,0.0,Hail,2,0.0
IA-PROC-2024-27,2024-27,Kimberly K. Reynolds,Severe Storms and Flooding June 21 and continuing (Allamakee),2024-06-24,https://homelandsecurity.iowa.gov/media/372/download?inline,C,county/county-equivalent,181,WARREN,0,0,0.0,0.0,Hail,3,0.0
IA-PROC-2024-27,2024-27,Kimberly K. Reynolds,Severe Storms and Flooding June 21 and continuing (Allamakee),2024-06-24,https://homelandsecurity.iowa.gov/media/372/download?inline,C,county/county-equivalent,185,WAYNE,0,0,0.0,0.0,Thunderstorm Wind,1,0.0
IA-PROC-2024-27,2024-27,Kimberly K. Reynolds,Severe Storms and Flooding June 21 and continuing (Allamakee),2024-06-24,https://homelandsecurity.iowa.gov/media/372/download?inline,C,county/county-equivalent,187,WEBSTER,0,0,0.0,0.0,"Flood, Heavy Rain",3,0.0
IA-PROC-2024-27,2024-27,Kimberly K. Reynolds,Severe Storms and Flooding June 21 and continuing (Allamakee),2024-06-24,https://homelandsecurity.iowa.gov/media/372/download?inline,C,county/county-equivalent,189,WINNEBAGO,0,0,0.0,0.0,Heavy Rain,4,0.0
IA-PROC-2024-27,2024-27,Kimberly K. Reynolds,Severe Storms and Flooding June 21 and continuing (Allamakee),2024-06-24,https://homelandsecurity.iowa.gov/media/372/download?inline,C,county/county-equivalent,195,WORTH,0,0,0.0,0.0,"Flash Flood, Heavy Rain",3,0.0
IA-PROC-2024-27,2024-27,Kimberly K. Reynolds,Severe Storms and Flooding June 21 and continuing (Allamakee),2024-06-24,https://homelandsecurity.iowa.gov/media/372/download?inline,C,county/county-equivalent,197,WRIGHT,0,0,0.0,0.0,Heavy Rain,3,0.0
IA-PROC-2024-28,2024-28,Kimberly K. Reynolds,"Severe Storms and Flooding June 21 and continuing (Harrison, Johnson, Mills and Pottawattamie)",2024-06-26,https://homelandsecurity.iowa.gov/media/383/download?inline,C,county/county-equivalent,133,MONONA,0,0,1100000.0,398600.0,"Flash Flood, Flood",2,1498600.0
IA-PROC-2024-28,2024-28,Kimberly K. Reynolds,"Severe Storms and Flooding June 21 and continuing (Harrison, Johnson, Mills and Pottawattamie)",2024-06-26,https://homelandsecurity.iowa.gov/media/383/download?inline,C,county/county-equivalent,155,POTTAWATTAMIE,0,0,550000.0,87250.0,"Flood, Hail, Thunderstorm Wind",5,637250.0
IA-PROC-2024-28,2024-28,Kimberly K. Reynolds,"Severe Storms and Flooding June 21 and continuing (Harrison, Johnson, Mills and Pottawattamie)",2024-06-26,https://homelandsecurity.iowa.gov/media/383/download?inline,C,county/county-equivalent,121,MADISON,0,0,252000.0,1000.0,"Hail, Lightning, Tornado",9,253000.0
IA-PROC-2024-28,2024-28,Kimberly K. Reynolds,"Severe Storms and Flooding June 21 and continuing (Harrison, Johnson, Mills and Pottawattamie)",2024-06-26,https://homelandsecurity.iowa.gov/media/383/download?inline,C,county/county-equivalent,85,HARRISON,0,0,200000.0,16950.0,"Flood, Hail",2,216950.0
IA-PROC-2024-28,2024-28,Kimberly K. Reynolds,"Severe Storms and Flooding June 21 and continuing (Harrison, Johnson, Mills and Pottawattamie)",2024-06-26,https://homelandsecurity.iowa.gov/media/383/download?inline,C,county/county-equivalent,191,WINNESHIEK,0,0,108000.0,10000.0,Flood,1,118000.0
IA-PROC-2024-28,2024-28,Kimberly K. Reynolds,"Severe Storms and Flooding June 21 and continuing (Harrison, Johnson, Mills and Pottawattamie)",2024-06-26,https://homelandsecurity.iowa.gov/media/383/download?inline,C,county/county-equivalent,5,ALLAMAKEE,0,0,60000.0,30000.0,Flood,2,90000.0
IA-PROC-2024-28,2024-28,Kimberly K. Reynolds,"Severe Storms and Flooding June 21 and continuing (Harrison, Johnson, Mills and Pottawattamie)",2024-06-26,https://homelandsecurity.iowa.gov/media/383/download?inline,C,county/county-equivalent,37,CHICKASAW,0,0,45000.0,10000.0,Flood,1,55000.0
IA-PROC-2024-28,2024-28,Kimberly K. Reynolds,"Severe Storms and Flooding June 21 and continuing (Harrison, Johnson, Mills and Pottawattamie)",2024-06-26,https://homelandsecurity.iowa.gov/media/383/download?inline,C,county/county-equivalent,1,ADAIR,0,0,15000.0,0.0,Thunderstorm Wind,1,15000.0
IA-PROC-2024-28,2024-28,Kimberly K. Reynolds,"Severe Storms and Flooding June 21 and continuing (Harrison, Johnson, Mills and Pottawattamie)",2024-06-26,https://homelandsecurity.iowa.gov/media/383/download?inline,C,county/county-equivalent,29,CASS,0,0,1000.0,1700.0,Tornado,4,2700.0
IA-PROC-2024-28,2024-28,Kimberly K. Reynolds,"Severe Storms and Flooding June 21 and continuing (Harrison, Johnson, Mills and Pottawattamie)",2024-06-26,https://homelandsecurity.iowa.gov/media/383/download?inline,C,county/county-equivalent,9,AUDUBON,0,0,0.0,0.0,"Hail, Thunderstorm Wind",2,0.0
IA-PROC-2024-28,2024-28,Kimberly K. Reynolds,"Severe Storms and Flooding June 21 and continuing (Harrison, Johnson, Mills and Pottawattamie)",2024-06-26,https://homelandsecurity.iowa.gov/media/383/download?inline,C,county/county-equivalent,13,BLACK HAWK,0,0,0.0,0.0,Flood,3,0.0
IA-PROC-2024-28,2024-28,Kimberly K. Reynolds,"Severe Storms and Flooding June 21 and continuing (Harrison, Johnson, Mills and Pottawattamie)",2024-06-26,https://homelandsecurity.iowa.gov/media/383/download?inline,C,county/county-equivalent,23,BUTLER,0,0,0.0,0.0,Flood,1,0.0
IA-PROC-2024-28,2024-28,Kimberly K. Reynolds,"Severe Storms and Flooding June 21 and continuing (Harrison, Johnson, Mills and Pottawattamie)",2024-06-26,https://homelandsecurity.iowa.gov/media/383/download?inline,C,county/county-equivalent,43,CLAYTON,0,0,0.0,0.0,Flood,2,0.0
IA-PROC-2024-28,2024-28,Kimberly K. Reynolds,"Severe Storms and Flooding June 21 and continuing (Harrison, Johnson, Mills and Pottawattamie)",2024-06-26,https://homelandsecurity.iowa.gov/media/383/download?inline,C,county/county-equivalent,45,CLINTON,0,0,0.0,0.0,Thunderstorm Wind,2,0.0
IA-PROC-2024-28,2024-28,Kimberly K. Reynolds,"Severe Storms and Flooding June 21 and continuing (Harrison, Johnson, Mills and Pottawattamie)",2024-06-26,https://homelandsecurity.iowa.gov/media/383/download?inline,C,county/county-equivalent,49,DALLAS,0,0,0.0,0.0,Thunderstorm Wind,1,0.0
IA-PROC-2024-28,2024-28,Kimberly K. Reynolds,"Severe Storms and Flooding June 21 and continuing (Harrison, Johnson, Mills and Pottawattamie)",2024-06-26,https://homelandsecurity.iowa.gov/media/383/download?inline,C,county/county-equivalent,53,DECATUR,0,0,0.0,0.0,Thunderstorm Wind,1,0.0
IA-PROC-2024-28,2024-28,Kimberly K. Reynolds,"Severe Storms and Flooding June 21 and continuing (Harrison, Johnson, Mills and Pottawattamie)",2024-06-26,https://homelandsecurity.iowa.gov/media/383/download?inline,C,county/county-equivalent,57,DES MOINES,0,0,0.0,0.0,Thunderstorm Wind,1,0.0
IA-PROC-2024-28,2024-28,Kimberly K. Reynolds,"Severe Storms and Flooding June 21 and continuing (Harrison, Johnson, Mills and Pottawattamie)",2024-06-26,https://homelandsecurity.iowa.gov/media/383/download?inline,C,county/county-equivalent,71,FREMONT,0,0,0.0,0.0,Flood,1,0.0
IA-PROC-2024-28,2024-28,Kimberly K. Reynolds,"Severe Storms and Flooding June 21 and continuing (Harrison, Johnson, Mills and Pottawattamie)",2024-06-26,https://homelandsecurity.iowa.gov/media/383/download?inline,C,county/county-equivalent,93,IDA,0,0,0.0,0.0,Flood,1,0.0
IA-PROC-2024-28,2024-28,Kimberly K. Reynolds,"Severe Storms and Flooding June 21 and continuing (Harrison, Johnson, Mills and Pottawattamie)",2024-06-26,https://homelandsecurity.iowa.gov/media/383/download?inline,C,county/county-equivalent,97,JACKSON,0,0,0.0,0.0,"Hail, Thunderstorm Wind, Tornado",6,0.0
IA-PROC-2024-28,2024-28,Kimberly K. Reynolds,"Severe Storms and Flooding June 21 and continuing (Harrison, Johnson, Mills and Pottawattamie)",2024-06-26,https://homelandsecurity.iowa.gov/media/383/download?inline,C,county/county-equivalent,99,JASPER,0,0,0.0,0.0,"Heavy Rain, Tornado",3,0.0
IA-PROC-2024-28,2024-28,Kimberly K. Reynolds,"Severe Storms and Flooding June 21 and continuing (Harrison, Johnson, Mills and Pottawattamie)",2024-06-26,https://homelandsecurity.iowa.gov/media/383/download?inline,C,county/county-equivalent,103,JOHNSON,0,0,0.0,0.0,"Hail, Thunderstorm Wind",6,0.0
IA-PROC-2024-28,2024-28,Kimberly K. Reynolds,"Severe Storms and Flooding June 21 and continuing (Harrison, Johnson, Mills and Pottawattamie)",2024-06-26,https://homelandsecurity.iowa.gov/media/383/download?inline,C,county/county-equivalent,105,JONES,0,0,0.0,0.0,Tornado,2,0.0
IA-PROC-2024-28,2024-28,Kimberly K. Reynolds,"Severe Storms and Flooding June 21 and continuing (Harrison, Johnson, Mills and Pottawattamie)",2024-06-26,https://homelandsecurity.iowa.gov/media/383/download?inline,C,county/county-equivalent,113,LINN,0,0,0.0,0.0,Tornado,1,0.0
IA-PROC-2024-28,2024-28,Kimberly K. Reynolds,"Severe Storms and Flooding June 21 and continuing (Harrison, Johnson, Mills and Pottawattamie)",2024-06-26,https://homelandsecurity.iowa.gov/media/383/download?inline,C,county/county-equivalent,117,LUCAS,0,0,0.0,0.0,Hail,1,0.0
IA-PROC-2024-28,2024-28,Kimberly K. Reynolds,"Severe Storms and Flooding June 21 and continuing (Harrison, Johnson, Mills and Pottawattamie)",2024-06-26,https://homelandsecurity.iowa.gov/media/383/download?inline,C,county/county-equivalent,125,MARION,0,0,0.0,0.0,"Hail, Thunderstorm Wind",3,0.0
IA-PROC-2024-28,2024-28,Kimberly K. Reynolds,"Severe Storms and Flooding June 21 and continuing (Harrison, Johnson, Mills and Pottawattamie)",2024-06-26,https://homelandsecurity.iowa.gov/media/383/download?inline,C,county/county-equivalent,129,MILLS,0,0,0.0,0.0,Flood,1,0.0
IA-PROC-2024-28,2024-28,Kimberly K. Reynolds,"Severe Storms and Flooding June 21 and continuing (Harrison, Johnson, Mills and Pottawattamie)",2024-06-26,https://homelandsecurity.iowa.gov/media/383/download?inline,C,county/county-equivalent,131,MITCHELL,0,0,0.0,0.0,Flood,1,0.0
IA-PROC-2024-28,2024-28,Kimberly K. Reynolds,"Severe Storms and Flooding June 21 and continuing (Harrison, Johnson, Mills and Pottawattamie)",2024-06-26,https://homelandsecurity.iowa.gov/media/383/download?inline,C,county/county-equivalent,139,MUSCATINE,0,0,0.0,0.0,Thunderstorm Wind,6,0.0
IA-PROC-2024-28,2024-28,Kimberly K. Reynolds,"Severe Storms and Flooding June 21 and continuing (Harrison, Johnson, Mills and Pottawattamie)",2024-06-26,https://homelandsecurity.iowa.gov/media/383/download?inline,C,county/county-equivalent,145,PAGE,0,0,0.0,0.0,Thunderstorm Wind,1,0.0
IA-PROC-2024-28,2024-28,Kimberly K. Reynolds,"Severe Storms and Flooding June 21 and continuing (Harrison, Johnson, Mills and Pottawattamie)",2024-06-26,https://homelandsecurity.iowa.gov/media/383/download?inline,C,county/county-equivalent,149,PLYMOUTH,0,0,0.0,0.0,Flood,2,0.0
IA-PROC-2024-28,2024-28,Kimberly K. Reynolds,"Severe Storms and Flooding June 21 and continuing (Harrison, Johnson, Mills and Pottawattamie)",2024-06-26,https://homelandsecurity.iowa.gov/media/383/download?inline,C,county/county-equivalent,153,POLK,0,0,0.0,0.0,"Hail, Thunderstorm Wind, Tornado",4,0.0
IA-PROC-2024-28,2024-28,Kimberly K. Reynolds,"Severe Storms and Flooding June 21 and continuing (Harrison, Johnson, Mills and Pottawattamie)",2024-06-26,https://homelandsecurity.iowa.gov/media/383/download?inline,C,county/county-equivalent,159,RINGGOLD,0,0,0.0,0.0,Hail,1,0.0
IA-PROC-2024-28,2024-28,Kimberly K. Reynolds,"Severe Storms and Flooding June 21 and continuing (Harrison, Johnson, Mills and Pottawattamie)",2024-06-26,https://homelandsecurity.iowa.gov/media/383/download?inline,C,county/county-equivalent,163,SCOTT,0,0,0.0,0.0,Thunderstorm Wind,1,0.0
IA-PROC-2024-28,2024-28,Kimberly K. Reynolds,"Severe Storms and Flooding June 21 and continuing (Harrison, Johnson, Mills and Pottawattamie)",2024-06-26,https://homelandsecurity.iowa.gov/media/383/download?inline,C,county/county-equivalent,165,SHELBY,0,0,0.0,0.0,"Hail, Thunderstorm Wind",4,0.0
IA-PROC-2024-28,2024-28,Kimberly K. Reynolds,"Severe Storms and Flooding June 21 and continuing (Harrison, Johnson, Mills and Pottawattamie)",2024-06-26,https://homelandsecurity.iowa.gov/media/383/download?inline,C,county/county-equivalent,175,UNION,0,0,0.0,0.0,Thunderstorm Wind,1,0.0
IA-PROC-2024-28,2024-28,Kimberly K. Reynolds,"Severe Storms and Flooding June 21 and continuing (Harrison, Johnson, Mills and Pottawattamie)",2024-06-26,https://homelandsecurity.iowa.gov/media/383/download?inline,C,county/county-equivalent,177,VAN BUREN,0,0,0.0,0.0,Hail,2,0.0
IA-PROC-2024-28,2024-28,Kimberly K. Reynolds,"Severe Storms and Flooding June 21 and continuing (Harrison, Johnson, Mills and Pottawattamie)",2024-06-26,https://homelandsecurity.iowa.gov/media/383/download?inline,C,county/county-equivalent,181,WARREN,0,0,0.0,0.0,Hail,3,0.0
IA-PROC-2024-28,2024-28,Kimberly K. Reynolds,"Severe Storms and Flooding June 21 and continuing (Harrison, Johnson, Mills and Pottawattamie)",2024-06-26,https://homelandsecurity.iowa.gov/media/383/download?inline,C,county/county-equivalent,185,WAYNE,0,0,0.0,0.0,Thunderstorm Wind,1,0.0
IA-PROC-2024-28,2024-28,Kimberly K. Reynolds,"Severe Storms and Flooding June 21 and continuing (Harrison, Johnson, Mills and Pottawattamie)",2024-06-26,https://homelandsecurity.iowa.gov/media/383/download?inline,C,county/county-equivalent,187,WEBSTER,0,0,0.0,0.0,Flood,1,0.0
IA-PROC-2024-28,2024-28,Kimberly K. Reynolds,"Severe Storms and Flooding June 21 and continuing (Harrison, Johnson, Mills and Pottawattamie)",2024-06-26,https://homelandsecurity.iowa.gov/media/383/download?inline,C,county/county-equivalent,193,WOODBURY,0,0,0.0,0.0,Flood,4,0.0
IA-PROC-2024-30,2024-30,Kimberly K. Reynolds,"Severe Storms and Flooding June 21 and continuing (Buena Vista, Cerro Gordo, Cherokee, Clay, Dickinson, Emmet, Floyd, Fremont, Harrison, Hancock, Humboldt, Kossuth, Lyon, Mills, Monona, O'Brien, Osceola, Palo Alto, Plymouth, Pocahontas, Pottawattamie, Sioux, Webster, Winnebago, Woodbury, Worth and Wright)",2024-06-26,https://homelandsecurity.iowa.gov/media/382/download?inline,C,county/county-equivalent,133,MONONA,0,0,1100000.0,398600.0,"Flash Flood, Flood",2,1498600.0
IA-PROC-2024-30,2024-30,Kimberly K. Reynolds,"Severe Storms and Flooding June 21 and continuing (Buena Vista, Cerro Gordo, Cherokee, Clay, Dickinson, Emmet, Floyd, Fremont, Harrison, Hancock, Humboldt, Kossuth, Lyon, Mills, Monona, O'Brien, Osceola, Palo Alto, Plymouth, Pocahontas, Pottawattamie, Sioux, Webster, Winnebago, Woodbury, Worth and Wright)",2024-06-26,https://homelandsecurity.iowa.gov/media/382/download?inline,C,county/county-equivalent,155,POTTAWATTAMIE,0,0,550000.0,87250.0,"Flood, Hail, Thunderstorm Wind",5,637250.0
IA-PROC-2024-30,2024-30,Kimberly K. Reynolds,"Severe Storms and Flooding June 21 and continuing (Buena Vista, Cerro Gordo, Cherokee, Clay, Dickinson, Emmet, Floyd, Fremont, Harrison, Hancock, Humboldt, Kossuth, Lyon, Mills, Monona, O'Brien, Osceola, Palo Alto, Plymouth, Pocahontas, Pottawattamie, Sioux, Webster, Winnebago, Woodbury, Worth and Wright)",2024-06-26,https://homelandsecurity.iowa.gov/media/382/download?inline,C,county/county-equivalent,121,MADISON,0,0,252000.0,1000.0,"Hail, Lightning, Tornado",9,253000.0
IA-PROC-2024-30,2024-30,Kimberly K. Reynolds,"Severe Storms and Flooding June 21 and continuing (Buena Vista, Cerro Gordo, Cherokee, Clay, Dickinson, Emmet, Floyd, Fremont, Harrison, Hancock, Humboldt, Kossuth, Lyon, Mills, Monona, O'Brien, Osceola, Palo Alto, Plymouth, Pocahontas, Pottawattamie, Sioux, Webster, Winnebago, Woodbury, Worth and Wright)",2024-06-26,https://homelandsecurity.iowa.gov/media/382/download?inline,C,county/county-equivalent,85,HARRISON,0,0,200000.0,16950.0,"Flood, Hail",2,216950.0
IA-PROC-2024-30,2024-30,Kimberly K. Reynolds,"Severe Storms and Flooding June 21 and continuing (Buena Vista, Cerro Gordo, Cherokee, Clay, Dickinson, Emmet, Floyd, Fremont, Harrison, Hancock, Humboldt, Kossuth, Lyon, Mills, Monona, O'Brien, Osceola, Palo Alto, Plymouth, Pocahontas, Pottawattamie, Sioux, Webster, Winnebago, Woodbury, Worth and Wright)",2024-06-26,https://homelandsecurity.iowa.gov/media/382/download?inline,C,county/county-equivalent,191,WINNESHIEK,0,0,108000.0,10000.0,Flood,1,118000.0
IA-PROC-2024-30,2024-30,Kimberly K. Reynolds,"Severe Storms and Flooding June 21 and continuing (Buena Vista, Cerro Gordo, Cherokee, Clay, Dickinson, Emmet, Floyd, Fremont, Harrison, Hancock, Humboldt, Kossuth, Lyon, Mills, Monona, O'Brien, Osceola, Palo Alto, Plymouth, Pocahontas, Pottawattamie, Sioux, Webster, Winnebago, Woodbury, Worth and Wright)",2024-06-26,https://homelandsecurity.iowa.gov/media/382/download?inline,C,county/county-equivalent,5,ALLAMAKEE,0,0,60000.0,30000.0,Flood,2,90000.0
IA-PROC-2024-30,2024-30,Kimberly K. Reynolds,"Severe Storms and Flooding June 21 and continuing (Buena Vista, Cerro Gordo, Cherokee, Clay, Dickinson, Emmet, Floyd, Fremont, Harrison, Hancock, Humboldt, Kossuth, Lyon, Mills, Monona, O'Brien, Osceola, Palo Alto, Plymouth, Pocahontas, Pottawattamie, Sioux, Webster, Winnebago, Woodbury, Worth and Wright)",2024-06-26,https://homelandsecurity.iowa.gov/media/382/download?inline,C,county/county-equivalent,37,CHICKASAW,0,0,45000.0,10000.0,Flood,1,55000.0
IA-PROC-2024-30,2024-30,Kimberly K. Reynolds,"Severe Storms and Flooding June 21 and continuing (Buena Vista, Cerro Gordo, Cherokee, Clay, Dickinson, Emmet, Floyd, Fremont, Harrison, Hancock, Humboldt, Kossuth, Lyon, Mills, Monona, O'Brien, Osceola, Palo Alto, Plymouth, Pocahontas, Pottawattamie, Sioux, Webster, Winnebago, Woodbury, Worth and Wright)",2024-06-26,https://homelandsecurity.iowa.gov/media/382/download?inline,C,county/county-equivalent,1,ADAIR,0,0,15000.0,0.0,Thunderstorm Wind,1,15000.0
IA-PROC-2024-30,2024-30,Kimberly K. Reynolds,"Severe Storms and Flooding June 21 and continuing (Buena Vista, Cerro Gordo, Cherokee, Clay, Dickinson, Emmet, Floyd, Fremont, Harrison, Hancock, Humboldt, Kossuth, Lyon, Mills, Monona, O'Brien, Osceola, Palo Alto, Plymouth, Pocahontas, Pottawattamie, Sioux, Webster, Winnebago, Woodbury, Worth and Wright)",2024-06-26,https://homelandsecurity.iowa.gov/media/382/download?inline,C,county/county-equivalent,29,CASS,0,0,1000.0,1700.0,Tornado,4,2700.0
IA-PROC-2024-30,2024-30,Kimberly K. Reynolds,"Severe Storms and Flooding June 21 and continuing (Buena Vista, Cerro Gordo, Cherokee, Clay, Dickinson, Emmet, Floyd, Fremont, Harrison, Hancock, Humboldt, Kossuth, Lyon, Mills, Monona, O'Brien, Osceola, Palo Alto, Plymouth, Pocahontas, Pottawattamie, Sioux, Webster, Winnebago, Woodbury, Worth and Wright)",2024-06-26,https://homelandsecurity.iowa.gov/media/382/download?inline,C,county/county-equivalent,9,AUDUBON,0,0,0.0,0.0,"Hail, Thunderstorm Wind",2,0.0
IA-PROC-2024-30,2024-30,Kimberly K. Reynolds,"Severe Storms and Flooding June 21 and continuing (Buena Vista, Cerro Gordo, Cherokee, Clay, Dickinson, Emmet, Floyd, Fremont, Harrison, Hancock, Humboldt, Kossuth, Lyon, Mills, Monona, O'Brien, Osceola, Palo Alto, Plymouth, Pocahontas, Pottawattamie, Sioux, Webster, Winnebago, Woodbury, Worth and Wright)",2024-06-26,https://homelandsecurity.iowa.gov/media/382/download?inline,C,county/county-equivalent,13,BLACK HAWK,0,0,0.0,0.0,Flood,3,0.0
IA-PROC-2024-30,2024-30,Kimberly K. Reynolds,"Severe Storms and Flooding June 21 and continuing (Buena Vista, Cerro Gordo, Cherokee, Clay, Dickinson, Emmet, Floyd, Fremont, Harrison, Hancock, Humboldt, Kossuth, Lyon, Mills, Monona, O'Brien, Osceola, Palo Alto, Plymouth, Pocahontas, Pottawattamie, Sioux, Webster, Winnebago, Woodbury, Worth and Wright)",2024-06-26,https://homelandsecurity.iowa.gov/media/382/download?inline,C,county/county-equivalent,23,BUTLER,0,0,0.0,0.0,Flood,1,0.0
IA-PROC-2024-30,2024-30,Kimberly K. Reynolds,"Severe Storms and Flooding June 21 and continuing (Buena Vista, Cerro Gordo, Cherokee, Clay, Dickinson, Emmet, Floyd, Fremont, Harrison, Hancock, Humboldt, Kossuth, Lyon, Mills, Monona, O'Brien, Osceola, Palo Alto, Plymouth, Pocahontas, Pottawattamie, Sioux, Webster, Winnebago, Woodbury, Worth and Wright)",2024-06-26,https://homelandsecurity.iowa.gov/media/382/download?inline,C,county/county-equivalent,43,CLAYTON,0,0,0.0,0.0,Flood,2,0.0
IA-PROC-2024-30,2024-30,Kimberly K. Reynolds,"Severe Storms and Flooding June 21 and continuing (Buena Vista, Cerro Gordo, Cherokee, Clay, Dickinson, Emmet, Floyd, Fremont, Harrison, Hancock, Humboldt, Kossuth, Lyon, Mills, Monona, O'Brien, Osceola, Palo Alto, Plymouth, Pocahontas, Pottawattamie, Sioux, Webster, Winnebago, Woodbury, Worth and Wright)",2024-06-26,https://homelandsecurity.iowa.gov/media/382/download?inline,C,county/county-equivalent,45,CLINTON,0,0,0.0,0.0,Thunderstorm Wind,2,0.0
IA-PROC-2024-30,2024-30,Kimberly K. Reynolds,"Severe Storms and Flooding June 21 and continuing (Buena Vista, Cerro Gordo, Cherokee, Clay, Dickinson, Emmet, Floyd, Fremont, Harrison, Hancock, Humboldt, Kossuth, Lyon, Mills, Monona, O'Brien, Osceola, Palo Alto, Plymouth, Pocahontas, Pottawattamie, Sioux, Webster, Winnebago, Woodbury, Worth and Wright)",2024-06-26,https://homelandsecurity.iowa.gov/media/382/download?inline,C,county/county-equivalent,49,DALLAS,0,0,0.0,0.0,Thunderstorm Wind,1,0.0
IA-PROC-2024-30,2024-30,Kimberly K. Reynolds,"Severe Storms and Flooding June 21 and continuing (Buena Vista, Cerro Gordo, Cherokee, Clay, Dickinson, Emmet, Floyd, Fremont, Harrison, Hancock, Humboldt, Kossuth, Lyon, Mills, Monona, O'Brien, Osceola, Palo Alto, Plymouth, Pocahontas, Pottawattamie, Sioux, Webster, Winnebago, Woodbury, Worth and Wright)",2024-06-26,https://homelandsecurity.iowa.gov/media/382/download?inline,C,county/county-equivalent,53,DECATUR,0,0,0.0,0.0,Thunderstorm Wind,1,0.0
IA-PROC-2024-30,2024-30,Kimberly K. Reynolds,"Severe Storms and Flooding June 21 and continuing (Buena Vista, Cerro Gordo, Cherokee, Clay, Dickinson, Emmet, Floyd, Fremont, Harrison, Hancock, Humboldt, Kossuth, Lyon, Mills, Monona, O'Brien, Osceola, Palo Alto, Plymouth, Pocahontas, Pottawattamie, Sioux, Webster, Winnebago, Woodbury, Worth and Wright)",2024-06-26,https://homelandsecurity.iowa.gov/media/382/download?inline,C,county/county-equivalent,57,DES MOINES,0,0,0.0,0.0,Thunderstorm Wind,1,0.0
IA-PROC-2024-30,2024-30,Kimberly K. Reynolds,"Severe Storms and Flooding June 21 and continuing (Buena Vista, Cerro Gordo, Cherokee, Clay, Dickinson, Emmet, Floyd, Fremont, Harrison, Hancock, Humboldt, Kossuth, Lyon, Mills, Monona, O'Brien, Osceola, Palo Alto, Plymouth, Pocahontas, Pottawattamie, Sioux, Webster, Winnebago, Woodbury, Worth and Wright)",2024-06-26,https://homelandsecurity.iowa.gov/media/382/download?inline,C,county/county-equivalent,71,FREMONT,0,0,0.0,0.0,Flood,1,0.0
IA-PROC-2024-30,2024-30,Kimberly K. Reynolds,"Severe Storms and Flooding June 21 and continuing (Buena Vista, Cerro Gordo, Cherokee, Clay, Dickinson, Emmet, Floyd, Fremont, Harrison, Hancock, Humboldt, Kossuth, Lyon, Mills, Monona, O'Brien, Osceola, Palo Alto, Plymouth, Pocahontas, Pottawattamie, Sioux, Webster, Winnebago, Woodbury, Worth and Wright)",2024-06-26,https://homelandsecurity.iowa.gov/media/382/download?inline,C,county/county-equivalent,93,IDA,0,0,0.0,0.0,Flood,1,0.0
IA-PROC-2024-30,2024-30,Kimberly K. Reynolds,"Severe Storms and Flooding June 21 and continuing (Buena Vista, Cerro Gordo, Cherokee, Clay, Dickinson, Emmet, Floyd, Fremont, Harrison, Hancock, Humboldt, Kossuth, Lyon, Mills, Monona, O'Brien, Osceola, Palo Alto, Plymouth, Pocahontas, Pottawattamie, Sioux, Webster, Winnebago, Woodbury, Worth and Wright)",2024-06-26,https://homelandsecurity.iowa.gov/media/382/download?inline,C,county/county-equivalent,97,JACKSON,0,0,0.0,0.0,"Hail, Thunderstorm Wind, Tornado",6,0.0
IA-PROC-2024-30,2024-30,Kimberly K. Reynolds,"Severe Storms and Flooding June 21 and continuing (Buena Vista, Cerro Gordo, Cherokee, Clay, Dickinson, Emmet, Floyd, Fremont, Harrison, Hancock, Humboldt, Kossuth, Lyon, Mills, Monona, O'Brien, Osceola, Palo Alto, Plymouth, Pocahontas, Pottawattamie, Sioux, Webster, Winnebago, Woodbury, Worth and Wright)",2024-06-26,https://homelandsecurity.iowa.gov/media/382/download?inline,C,county/county-equivalent,99,JASPER,0,0,0.0,0.0,"Heavy Rain, Tornado",3,0.0
IA-PROC-2024-30,2024-30,Kimberly K. Reynolds,"Severe Storms and Flooding June 21 and continuing (Buena Vista, Cerro Gordo, Cherokee, Clay, Dickinson, Emmet, Floyd, Fremont, Harrison, Hancock, Humboldt, Kossuth, Lyon, Mills, Monona, O'Brien, Osceola, Palo Alto, Plymouth, Pocahontas, Pottawattamie, Sioux, Webster, Winnebago, Woodbury, Worth and Wright)",2024-06-26,https://homelandsecurity.iowa.gov/media/382/download?inline,C,county/county-equivalent,103,JOHNSON,0,0,0.0,0.0,"Hail, Thunderstorm Wind",6,0.0
IA-PROC-2024-30,2024-30,Kimberly K. Reynolds,"Severe Storms and Flooding June 21 and continuing (Buena Vista, Cerro Gordo, Cherokee, Clay, Dickinson, Emmet, Floyd, Fremont, Harrison, Hancock, Humboldt, Kossuth, Lyon, Mills, Monona, O'Brien, Osceola, Palo Alto, Plymouth, Pocahontas, Pottawattamie, Sioux, Webster, Winnebago, Woodbury, Worth and Wright)",2024-06-26,https://homelandsecurity.iowa.gov/media/382/download?inline,C,county/county-equivalent,105,JONES,0,0,0.0,0.0,Tornado,2,0.0
IA-PROC-2024-30,2024-30,Kimberly K. Reynolds,"Severe Storms and Flooding June 21 and continuing (Buena Vista, Cerro Gordo, Cherokee, Clay, Dickinson, Emmet, Floyd, Fremont, Harrison, Hancock, Humboldt, Kossuth, Lyon, Mills, Monona, O'Brien, Osceola, Palo Alto, Plymouth, Pocahontas, Pottawattamie, Sioux, Webster, Winnebago, Woodbury, Worth and Wright)",2024-06-26,https://homelandsecurity.iowa.gov/media/382/download?inline,C,county/county-equivalent,113,LINN,0,0,0.0,0.0,Tornado,1,0.0
IA-PROC-2024-30,2024-30,Kimberly K. Reynolds,"Severe Storms and Flooding June 21 and continuing (Buena Vista, Cerro Gordo, Cherokee, Clay, Dickinson, Emmet, Floyd, Fremont, Harrison, Hancock, Humboldt, Kossuth, Lyon, Mills, Monona, O'Brien, Osceola, Palo Alto, Plymouth, Pocahontas, Pottawattamie, Sioux, Webster, Winnebago, Woodbury, Worth and Wright)",2024-06-26,https://homelandsecurity.iowa.gov/media/382/download?inline,C,county/county-equivalent,117,LUCAS,0,0,0.0,0.0,Hail,1,0.0
IA-PROC-2024-30,2024-30,Kimberly K. Reynolds,"Severe Storms and Flooding June 21 and continuing (Buena Vista, Cerro Gordo, Cherokee, Clay, Dickinson, Emmet, Floyd, Fremont, Harrison, Hancock, Humboldt, Kossuth, Lyon, Mills, Monona, O'Brien, Osceola, Palo Alto, Plymouth, Pocahontas, Pottawattamie, Sioux, Webster, Winnebago, Woodbury, Worth and Wright)",2024-06-26,https://homelandsecurity.iowa.gov/media/382/download?inline,C,county/county-equivalent,125,MARION,0,0,0.0,0.0,"Hail, Thunderstorm Wind",3,0.0
IA-PROC-2024-30,2024-30,Kimberly K. Reynolds,"Severe Storms and Flooding June 21 and continuing (Buena Vista, Cerro Gordo, Cherokee, Clay, Dickinson, Emmet, Floyd, Fremont, Harrison, Hancock, Humboldt, Kossuth, Lyon, Mills, Monona, O'Brien, Osceola, Palo Alto, Plymouth, Pocahontas, Pottawattamie, Sioux, Webster, Winnebago, Woodbury, Worth and Wright)",2024-06-26,https://homelandsecurity.iowa.gov/media/382/download?inline,C,county/county-equivalent,129,MILLS,0,0,0.0,0.0,Flood,1,0.0
IA-PROC-2024-30,2024-30,Kimberly K. Reynolds,"Severe Storms and Flooding June 21 and continuing (Buena Vista, Cerro Gordo, Cherokee, Clay, Dickinson, Emmet, Floyd, Fremont, Harrison, Hancock, Humboldt, Kossuth, Lyon, Mills, Monona, O'Brien, Osceola, Palo Alto, Plymouth, Pocahontas, Pottawattamie, Sioux, Webster, Winnebago, Woodbury, Worth and Wright)",2024-06-26,https://homelandsecurity.iowa.gov/media/382/download?inline,C,county/county-equivalent,131,MITCHELL,0,0,0.0,0.0,Flood,1,0.0
IA-PROC-2024-30,2024-30,Kimberly K. Reynolds,"Severe Storms and Flooding June 21 and continuing (Buena Vista, Cerro Gordo, Cherokee, Clay, Dickinson, Emmet, Floyd, Fremont, Harrison, Hancock, Humboldt, Kossuth, Lyon, Mills, Monona, O'Brien, Osceola, Palo Alto, Plymouth, Pocahontas, Pottawattamie, Sioux, Webster, Winnebago, Woodbury, Worth and Wright)",2024-06-26,https://homelandsecurity.iowa.gov/media/382/download?inline,C,county/county-equivalent,139,MUSCATINE,0,0,0.0,0.0,Thunderstorm Wind,6,0.0
IA-PROC-2024-30,2024-30,Kimberly K. Reynolds,"Severe Storms and Flooding June 21 and continuing (Buena Vista, Cerro Gordo, Cherokee, Clay, Dickinson, Emmet, Floyd, Fremont, Harrison, Hancock, Humboldt, Kossuth, Lyon, Mills, Monona, O'Brien, Osceola, Palo Alto, Plymouth, Pocahontas, Pottawattamie, Sioux, Webster, Winnebago, Woodbury, Worth and Wright)",2024-06-26,https://homelandsecurity.iowa.gov/media/382/download?inline,C,county/county-equivalent,145,PAGE,0,0,0.0,0.0,Thunderstorm Wind,1,0.0
IA-PROC-2024-30,2024-30,Kimberly K. Reynolds,"Severe Storms and Flooding June 21 and continuing (Buena Vista, Cerro Gordo, Cherokee, Clay, Dickinson, Emmet, Floyd, Fremont, Harrison, Hancock, Humboldt, Kossuth, Lyon, Mills, Monona, O'Brien, Osceola, Palo Alto, Plymouth, Pocahontas, Pottawattamie, Sioux, Webster, Winnebago, Woodbury, Worth and Wright)",2024-06-26,https://homelandsecurity.iowa.gov/media/382/download?inline,C,county/county-equivalent,149,PLYMOUTH,0,0,0.0,0.0,Flood,2,0.0
IA-PROC-2024-30,2024-30,Kimberly K. Reynolds,"Severe Storms and Flooding June 21 and continuing (Buena Vista, Cerro Gordo, Cherokee, Clay, Dickinson, Emmet, Floyd, Fremont, Harrison, Hancock, Humboldt, Kossuth, Lyon, Mills, Monona, O'Brien, Osceola, Palo Alto, Plymouth, Pocahontas, Pottawattamie, Sioux, Webster, Winnebago, Woodbury, Worth and Wright)",2024-06-26,https://homelandsecurity.iowa.gov/media/382/download?inline,C,county/county-equivalent,153,POLK,0,0,0.0,0.0,"Hail, Thunderstorm Wind, Tornado",4,0.0
IA-PROC-2024-30,2024-30,Kimberly K. Reynolds,"Severe Storms and Flooding June 21 and continuing (Buena Vista, Cerro Gordo, Cherokee, Clay, Dickinson, Emmet, Floyd, Fremont, Harrison, Hancock, Humboldt, Kossuth, Lyon, Mills, Monona, O'Brien, Osceola, Palo Alto, Plymouth, Pocahontas, Pottawattamie, Sioux, Webster, Winnebago, Woodbury, Worth and Wright)",2024-06-26,https://homelandsecurity.iowa.gov/media/382/download?inline,C,county/county-equivalent,159,RINGGOLD,0,0,0.0,0.0,Hail,1,0.0
IA-PROC-2024-30,2024-30,Kimberly K. Reynolds,"Severe Storms and Flooding June 21 and continuing (Buena Vista, Cerro Gordo, Cherokee, Clay, Dickinson, Emmet, Floyd, Fremont, Harrison, Hancock, Humboldt, Kossuth, Lyon, Mills, Monona, O'Brien, Osceola, Palo Alto, Plymouth, Pocahontas, Pottawattamie, Sioux, Webster, Winnebago, Woodbury, Worth and Wright)",2024-06-26,https://homelandsecurity.iowa.gov/media/382/download?inline,C,county/county-equivalent,163,SCOTT,0,0,0.0,0.0,Thunderstorm Wind,1,0.0
IA-PROC-2024-30,2024-30,Kimberly K. Reynolds,"Severe Storms and Flooding June 21 and continuing (Buena Vista, Cerro Gordo, Cherokee, Clay, Dickinson, Emmet, Floyd, Fremont, Harrison, Hancock, Humboldt, Kossuth, Lyon, Mills, Monona, O'Brien, Osceola, Palo Alto, Plymouth, Pocahontas, Pottawattamie, Sioux, Webster, Winnebago, Woodbury, Worth and Wright)",2024-06-26,https://homelandsecurity.iowa.gov/media/382/download?inline,C,county/county-equivalent,165,SHELBY,0,0,0.0,0.0,"Hail, Thunderstorm Wind",4,0.0
IA-PROC-2024-30,2024-30,Kimberly K. Reynolds,"Severe Storms and Flooding June 21 and continuing (Buena Vista, Cerro Gordo, Cherokee, Clay, Dickinson, Emmet, Floyd, Fremont, Harrison, Hancock, Humboldt, Kossuth, Lyon, Mills, Monona, O'Brien, Osceola, Palo Alto, Plymouth, Pocahontas, Pottawattamie, Sioux, Webster, Winnebago, Woodbury, Worth and Wright)",2024-06-26,https://homelandsecurity.iowa.gov/media/382/download?inline,C,county/county-equivalent,175,UNION,0,0,0.0,0.0,Thunderstorm Wind,1,0.0
IA-PROC-2024-30,2024-30,Kimberly K. Reynolds,"Severe Storms and Flooding June 21 and continuing (Buena Vista, Cerro Gordo, Cherokee, Clay, Dickinson, Emmet, Floyd, Fremont, Harrison, Hancock, Humboldt, Kossuth, Lyon, Mills, Monona, O'Brien, Osceola, Palo Alto, Plymouth, Pocahontas, Pottawattamie, Sioux, Webster, Winnebago, Woodbury, Worth and Wright)",2024-06-26,https://homelandsecurity.iowa.gov/media/382/download?inline,C,county/county-equivalent,177,VAN BUREN,0,0,0.0,0.0,Hail,2,0.0
IA-PROC-2024-30,2024-30,Kimberly K. Reynolds,"Severe Storms and Flooding June 21 and continuing (Buena Vista, Cerro Gordo, Cherokee, Clay, Dickinson, Emmet, Floyd, Fremont, Harrison, Hancock, Humboldt, Kossuth, Lyon, Mills, Monona, O'Brien, Osceola, Palo Alto, Plymouth, Pocahontas, Pottawattamie, Sioux, Webster, Winnebago, Woodbury, Worth and Wright)",2024-06-26,https://homelandsecurity.iowa.gov/media/382/download?inline,C,county/county-equivalent,181,WARREN,0,0,0.0,0.0,Hail,3,0.0
IA-PROC-2024-30,2024-30,Kimberly K. Reynolds,"Severe Storms and Flooding June 21 and continuing (Buena Vista, Cerro Gordo, Cherokee, Clay, Dickinson, Emmet, Floyd, Fremont, Harrison, Hancock, Humboldt, Kossuth, Lyon, Mills, Monona, O'Brien, Osceola, Palo Alto, Plymouth, Pocahontas, Pottawattamie, Sioux, Webster, Winnebago, Woodbury, Worth and Wright)",2024-06-26,https://homelandsecurity.iowa.gov/media/382/download?inline,C,county/county-equivalent,185,WAYNE,0,0,0.0,0.0,Thunderstorm Wind,1,0.0
IA-PROC-2024-30,2024-30,Kimberly K. Reynolds,"Severe Storms and Flooding June 21 and continuing (Buena Vista, Cerro Gordo, Cherokee, Clay, Dickinson, Emmet, Floyd, Fremont, Harrison, Hancock, Humboldt, Kossuth, Lyon, Mills, Monona, O'Brien, Osceola, Palo Alto, Plymouth, Pocahontas, Pottawattamie, Sioux, Webster, Winnebago, Woodbury, Worth and Wright)",2024-06-26,https://homelandsecurity.iowa.gov/media/382/download?inline,C,county/county-equivalent,187,WEBSTER,0,0,0.0,0.0,Flood,1,0.0
IA-PROC-2024-30,2024-30,Kimberly K. Reynolds,"Severe Storms and Flooding June 21 and continuing (Buena Vista, Cerro Gordo, Cherokee, Clay, Dickinson, Emmet, Floyd, Fremont, Harrison, Hancock, Humboldt, Kossuth, Lyon, Mills, Monona, O'Brien, Osceola, Palo Alto, Plymouth, Pocahontas, Pottawattamie, Sioux, Webster, Winnebago, Woodbury, Worth and Wright)",2024-06-26,https://homelandsecurity.iowa.gov/media/382/download?inline,C,county/county-equivalent,193,WOODBURY,0,0,0.0,0.0,Flood,4,0.0
IA-PROC-2024-31,2024-31,Kimberly K. Reynolds,"Severe Storms and Flooding June 21 and continuing (Buena Vista, Cerro Gordo, Cherokee, Clay, Dickinson, Emmet, Floyd, Fremont, Harrison, Hancock, Humboldt, Kossuth, Lyon, Mills, Monona, O'Brien, Osceola, Palo Alto, Plymouth, Pocahontas, Pottawattamie, Sioux, Webster, Winnebago, Woodbury, Worth and Wright)",2024-06-28,https://homelandsecurity.iowa.gov/media/387/download?inline,C,county/county-equivalent,121,MADISON,0,0,252000.0,1000.0,"Hail, Lightning, Tornado",9,253000.0
IA-PROC-2024-31,2024-31,Kimberly K. Reynolds,"Severe Storms and Flooding June 21 and continuing (Buena Vista, Cerro Gordo, Cherokee, Clay, Dickinson, Emmet, Floyd, Fremont, Harrison, Hancock, Humboldt, Kossuth, Lyon, Mills, Monona, O'Brien, Osceola, Palo Alto, Plymouth, Pocahontas, Pottawattamie, Sioux, Webster, Winnebago, Woodbury, Worth and Wright)",2024-06-28,https://homelandsecurity.iowa.gov/media/387/download?inline,C,county/county-equivalent,133,MONONA,0,0,100000.0,100000.0,Flash Flood,1,200000.0
IA-PROC-2024-31,2024-31,Kimberly K. Reynolds,"Severe Storms and Flooding June 21 and continuing (Buena Vista, Cerro Gordo, Cherokee, Clay, Dickinson, Emmet, Floyd, Fremont, Harrison, Hancock, Humboldt, Kossuth, Lyon, Mills, Monona, O'Brien, Osceola, Palo Alto, Plymouth, Pocahontas, Pottawattamie, Sioux, Webster, Winnebago, Woodbury, Worth and Wright)",2024-06-28,https://homelandsecurity.iowa.gov/media/387/download?inline,C,county/county-equivalent,5,ALLAMAKEE,0,0,31000.0,10000.0,Flood,2,41000.0
IA-PROC-2024-31,2024-31,Kimberly K. Reynolds,"Severe Storms and Flooding June 21 and continuing (Buena Vista, Cerro Gordo, Cherokee, Clay, Dickinson, Emmet, Floyd, Fremont, Harrison, Hancock, Humboldt, Kossuth, Lyon, Mills, Monona, O'Brien, Osceola, Palo Alto, Plymouth, Pocahontas, Pottawattamie, Sioux, Webster, Winnebago, Woodbury, Worth and Wright)",2024-06-28,https://homelandsecurity.iowa.gov/media/387/download?inline,C,county/county-equivalent,1,ADAIR,0,0,15000.0,0.0,Thunderstorm Wind,1,15000.0
IA-PROC-2024-31,2024-31,Kimberly K. Reynolds,"Severe Storms and Flooding June 21 and continuing (Buena Vista, Cerro Gordo, Cherokee, Clay, Dickinson, Emmet, Floyd, Fremont, Harrison, Hancock, Humboldt, Kossuth, Lyon, Mills, Monona, O'Brien, Osceola, Palo Alto, Plymouth, Pocahontas, Pottawattamie, Sioux, Webster, Winnebago, Woodbury, Worth and Wright)",2024-06-28,https://homelandsecurity.iowa.gov/media/387/download?inline,C,county/county-equivalent,29,CASS,0,0,1000.0,1700.0,Tornado,4,2700.0
IA-PROC-2024-31,2024-31,Kimberly K. Reynolds,"Severe Storms and Flooding June 21 and continuing (Buena Vista, Cerro Gordo, Cherokee, Clay, Dickinson, Emmet, Floyd, Fremont, Harrison, Hancock, Humboldt, Kossuth, Lyon, Mills, Monona, O'Brien, Osceola, Palo Alto, Plymouth, Pocahontas, Pottawattamie, Sioux, Webster, Winnebago, Woodbury, Worth and Wright)",2024-06-28,https://homelandsecurity.iowa.gov/media/387/download?inline,C,county/county-equivalent,9,AUDUBON,0,0,0.0,0.0,"Hail, Thunderstorm Wind",2,0.0
IA-PROC-2024-31,2024-31,Kimberly K. Reynolds,"Severe Storms and Flooding June 21 and continuing (Buena Vista, Cerro Gordo, Cherokee, Clay, Dickinson, Emmet, Floyd, Fremont, Harrison, Hancock, Humboldt, Kossuth, Lyon, Mills, Monona, O'Brien, Osceola, Palo Alto, Plymouth, Pocahontas, Pottawattamie, Sioux, Webster, Winnebago, Woodbury, Worth and Wright)",2024-06-28,https://homelandsecurity.iowa.gov/media/387/download?inline,C,county/county-equivalent,13,BLACK HAWK,0,0,0.0,0.0,Flood,1,0.0
IA-PROC-2024-31,2024-31,Kimberly K. Reynolds,"Severe Storms and Flooding June 21 and continuing (Buena Vista, Cerro Gordo, Cherokee, Clay, Dickinson, Emmet, Floyd, Fremont, Harrison, Hancock, Humboldt, Kossuth, Lyon, Mills, Monona, O'Brien, Osceola, Palo Alto, Plymouth, Pocahontas, Pottawattamie, Sioux, Webster, Winnebago, Woodbury, Worth and Wright)",2024-06-28,https://homelandsecurity.iowa.gov/media/387/download?inline,C,county/county-equivalent,21,BUENA VISTA,0,0,0.0,0.0,Flood,1,0.0
IA-PROC-2024-31,2024-31,Kimberly K. Reynolds,"Severe Storms and Flooding June 21 and continuing (Buena Vista, Cerro Gordo, Cherokee, Clay, Dickinson, Emmet, Floyd, Fremont, Harrison, Hancock, Humboldt, Kossuth, Lyon, Mills, Monona, O'Brien, Osceola, Palo Alto, Plymouth, Pocahontas, Pottawattamie, Sioux, Webster, Winnebago, Woodbury, Worth and Wright)",2024-06-28,https://homelandsecurity.iowa.gov/media/387/download?inline,C,county/county-equivalent,35,CHEROKEE,0,0,0.0,0.0,Flood,1,0.0
IA-PROC-2024-31,2024-31,Kimberly K. Reynolds,"Severe Storms and Flooding June 21 and continuing (Buena Vista, Cerro Gordo, Cherokee, Clay, Dickinson, Emmet, Floyd, Fremont, Harrison, Hancock, Humboldt, Kossuth, Lyon, Mills, Monona, O'Brien, Osceola, Palo Alto, Plymouth, Pocahontas, Pottawattamie, Sioux, Webster, Winnebago, Woodbury, Worth and Wright)",2024-06-28,https://homelandsecurity.iowa.gov/media/387/download?inline,C,county/county-equivalent,41,CLAY,0,0,0.0,0.0,Flood,5,0.0
IA-PROC-2024-31,2024-31,Kimberly K. Reynolds,"Severe Storms and Flooding June 21 and continuing (Buena Vista, Cerro Gordo, Cherokee, Clay, Dickinson, Emmet, Floyd, Fremont, Harrison, Hancock, Humboldt, Kossuth, Lyon, Mills, Monona, O'Brien, Osceola, Palo Alto, Plymouth, Pocahontas, Pottawattamie, Sioux, Webster, Winnebago, Woodbury, Worth and Wright)",2024-06-28,https://homelandsecurity.iowa.gov/media/387/download?inline,C,county/county-equivalent,43,CLAYTON,0,0,0.0,0.0,Flood,3,0.0
IA-PROC-2024-31,2024-31,Kimberly K. Reynolds,"Severe Storms and Flooding June 21 and continuing (Buena Vista, Cerro Gordo, Cherokee, Clay, Dickinson, Emmet, Floyd, Fremont, Harrison, Hancock, Humboldt, Kossuth, Lyon, Mills, Monona, O'Brien, Osceola, Palo Alto, Plymouth, Pocahontas, Pottawattamie, Sioux, Webster, Winnebago, Woodbury, Worth and Wright)",2024-06-28,https://homelandsecurity.iowa.gov/media/387/download?inline,C,county/county-equivalent,45,CLINTON,0,0,0.0,0.0,Thunderstorm Wind,2,0.0
IA-PROC-2024-31,2024-31,Kimberly K. Reynolds,"Severe Storms and Flooding June 21 and continuing (Buena Vista, Cerro Gordo, Cherokee, Clay, Dickinson, Emmet, Floyd, Fremont, Harrison, Hancock, Humboldt, Kossuth, Lyon, Mills, Monona, O'Brien, Osceola, Palo Alto, Plymouth, Pocahontas, Pottawattamie, Sioux, Webster, Winnebago, Woodbury, Worth and Wright)",2024-06-28,https://homelandsecurity.iowa.gov/media/387/download?inline,C,county/county-equivalent,49,DALLAS,0,0,0.0,0.0,Thunderstorm Wind,1,0.0
IA-PROC-2024-31,2024-31,Kimberly K. Reynolds,"Severe Storms and Flooding June 21 and continuing (Buena Vista, Cerro Gordo, Cherokee, Clay, Dickinson, Emmet, Floyd, Fremont, Harrison, Hancock, Humboldt, Kossuth, Lyon, Mills, Monona, O'Brien, Osceola, Palo Alto, Plymouth, Pocahontas, Pottawattamie, Sioux, Webster, Winnebago, Woodbury, Worth and Wright)",2024-06-28,https://homelandsecurity.iowa.gov/media/387/download?inline,C,county/county-equivalent,53,DECATUR,0,0,0.0,0.0,Thunderstorm Wind,1,0.0
IA-PROC-2024-31,2024-31,Kimberly K. Reynolds,"Severe Storms and Flooding June 21 and continuing (Buena Vista, Cerro Gordo, Cherokee, Clay, Dickinson, Emmet, Floyd, Fremont, Harrison, Hancock, Humboldt, Kossuth, Lyon, Mills, Monona, O'Brien, Osceola, Palo Alto, Plymouth, Pocahontas, Pottawattamie, Sioux, Webster, Winnebago, Woodbury, Worth and Wright)",2024-06-28,https://homelandsecurity.iowa.gov/media/387/download?inline,C,county/county-equivalent,57,DES MOINES,0,0,0.0,0.0,"Flood, Thunderstorm Wind",2,0.0
IA-PROC-2024-31,2024-31,Kimberly K. Reynolds,"Severe Storms and Flooding June 21 and continuing (Buena Vista, Cerro Gordo, Cherokee, Clay, Dickinson, Emmet, Floyd, Fremont, Harrison, Hancock, Humboldt, Kossuth, Lyon, Mills, Monona, O'Brien, Osceola, Palo Alto, Plymouth, Pocahontas, Pottawattamie, Sioux, Webster, Winnebago, Woodbury, Worth and Wright)",2024-06-28,https://homelandsecurity.iowa.gov/media/387/download?inline,C,county/county-equivalent,59,DICKINSON,0,0,0.0,0.0,Flood,4,0.0
IA-PROC-2024-31,2024-31,Kimberly K. Reynolds,"Severe Storms and Flooding June 21 and continuing (Buena Vista, Cerro Gordo, Cherokee, Clay, Dickinson, Emmet, Floyd, Fremont, Harrison, Hancock, Humboldt, Kossuth, Lyon, Mills, Monona, O'Brien, Osceola, Palo Alto, Plymouth, Pocahontas, Pottawattamie, Sioux, Webster, Winnebago, Woodbury, Worth and Wright)",2024-06-28,https://homelandsecurity.iowa.gov/media/387/download?inline,C,county/county-equivalent,63,EMMET,0,0,0.0,0.0,Flood,1,0.0
IA-PROC-2024-31,2024-31,Kimberly K. Reynolds,"Severe Storms and Flooding June 21 and continuing (Buena Vista, Cerro Gordo, Cherokee, Clay, Dickinson, Emmet, Floyd, Fremont, Harrison, Hancock, Humboldt, Kossuth, Lyon, Mills, Monona, O'Brien, Osceola, Palo Alto, Plymouth, Pocahontas, Pottawattamie, Sioux, Webster, Winnebago, Woodbury, Worth and Wright)",2024-06-28,https://homelandsecurity.iowa.gov/media/387/download?inline,C,county/county-equivalent,71,FREMONT,0,0,0.0,0.0,Flood,1,0.0
IA-PROC-2024-31,2024-31,Kimberly K. Reynolds,"Severe Storms and Flooding June 21 and continuing (Buena Vista, Cerro Gordo, Cherokee, Clay, Dickinson, Emmet, Floyd, Fremont, Harrison, Hancock, Humboldt, Kossuth, Lyon, Mills, Monona, O'Brien, Osceola, Palo Alto, Plymouth, Pocahontas, Pottawattamie, Sioux, Webster, Winnebago, Woodbury, Worth and Wright)",2024-06-28,https://homelandsecurity.iowa.gov/media/387/download?inline,C,county/county-equivalent,85,HARRISON,0,0,0.0,0.0,"Flood, Hail",2,0.0
IA-PROC-2024-31,2024-31,Kimberly K. Reynolds,"Severe Storms and Flooding June 21 and continuing (Buena Vista, Cerro Gordo, Cherokee, Clay, Dickinson, Emmet, Floyd, Fremont, Harrison, Hancock, Humboldt, Kossuth, Lyon, Mills, Monona, O'Brien, Osceola, Palo Alto, Plymouth, Pocahontas, Pottawattamie, Sioux, Webster, Winnebago, Woodbury, Worth and Wright)",2024-06-28,https://homelandsecurity.iowa.gov/media/387/download?inline,C,county/county-equivalent,91,HUMBOLDT,0,0,0.0,0.0,Flood,1,0.0
IA-PROC-2024-31,2024-31,Kimberly K. Reynolds,"Severe Storms and Flooding June 21 and continuing (Buena Vista, Cerro Gordo, Cherokee, Clay, Dickinson, Emmet, Floyd, Fremont, Harrison, Hancock, Humboldt, Kossuth, Lyon, Mills, Monona, O'Brien, Osceola, Palo Alto, Plymouth, Pocahontas, Pottawattamie, Sioux, Webster, Winnebago, Woodbury, Worth and Wright)",2024-06-28,https://homelandsecurity.iowa.gov/media/387/download?inline,C,county/county-equivalent,97,JACKSON,0,0,0.0,0.0,"Hail, Thunderstorm Wind, Tornado",6,0.0
IA-PROC-2024-31,2024-31,Kimberly K. Reynolds,"Severe Storms and Flooding June 21 and continuing (Buena Vista, Cerro Gordo, Cherokee, Clay, Dickinson, Emmet, Floyd, Fremont, Harrison, Hancock, Humboldt, Kossuth, Lyon, Mills, Monona, O'Brien, Osceola, Palo Alto, Plymouth, Pocahontas, Pottawattamie, Sioux, Webster, Winnebago, Woodbury, Worth and Wright)",2024-06-28,https://homelandsecurity.iowa.gov/media/387/download?inline,C,county/county-equivalent,99,JASPER,0,0,0.0,0.0,"Heavy Rain, Tornado",3,0.0
IA-PROC-2024-31,2024-31,Kimberly K. Reynolds,"Severe Storms and Flooding June 21 and continuing (Buena Vista, Cerro Gordo, Cherokee, Clay, Dickinson, Emmet, Floyd, Fremont, Harrison, Hancock, Humboldt, Kossuth, Lyon, Mills, Monona, O'Brien, Osceola, Palo Alto, Plymouth, Pocahontas, Pottawattamie, Sioux, Webster, Winnebago, Woodbury, Worth and Wright)",2024-06-28,https://homelandsecurity.iowa.gov/media/387/download?inline,C,county/county-equivalent,103,JOHNSON,0,0,0.0,0.0,"Hail, Thunderstorm Wind",6,0.0
IA-PROC-2024-31,2024-31,Kimberly K. Reynolds,"Severe Storms and Flooding June 21 and continuing (Buena Vista, Cerro Gordo, Cherokee, Clay, Dickinson, Emmet, Floyd, Fremont, Harrison, Hancock, Humboldt, Kossuth, Lyon, Mills, Monona, O'Brien, Osceola, Palo Alto, Plymouth, Pocahontas, Pottawattamie, Sioux, Webster, Winnebago, Woodbury, Worth and Wright)",2024-06-28,https://homelandsecurity.iowa.gov/media/387/download?inline,C,county/county-equivalent,105,JONES,0,0,0.0,0.0,Tornado,2,0.0
IA-PROC-2024-31,2024-31,Kimberly K. Reynolds,"Severe Storms and Flooding June 21 and continuing (Buena Vista, Cerro Gordo, Cherokee, Clay, Dickinson, Emmet, Floyd, Fremont, Harrison, Hancock, Humboldt, Kossuth, Lyon, Mills, Monona, O'Brien, Osceola, Palo Alto, Plymouth, Pocahontas, Pottawattamie, Sioux, Webster, Winnebago, Woodbury, Worth and Wright)",2024-06-28,https://homelandsecurity.iowa.gov/media/387/download?inline,C,county/county-equivalent,109,KOSSUTH,0,0,0.0,0.0,Flood,1,0.0
IA-PROC-2024-31,2024-31,Kimberly K. Reynolds,"Severe Storms and Flooding June 21 and continuing (Buena Vista, Cerro Gordo, Cherokee, Clay, Dickinson, Emmet, Floyd, Fremont, Harrison, Hancock, Humboldt, Kossuth, Lyon, Mills, Monona, O'Brien, Osceola, Palo Alto, Plymouth, Pocahontas, Pottawattamie, Sioux, Webster, Winnebago, Woodbury, Worth and Wright)",2024-06-28,https://homelandsecurity.iowa.gov/media/387/download?inline,C,county/county-equivalent,113,LINN,0,0,0.0,0.0,Tornado,1,0.0
IA-PROC-2024-31,2024-31,Kimberly K. Reynolds,"Severe Storms and Flooding June 21 and continuing (Buena Vista, Cerro Gordo, Cherokee, Clay, Dickinson, Emmet, Floyd, Fremont, Harrison, Hancock, Humboldt, Kossuth, Lyon, Mills, Monona, O'Brien, Osceola, Palo Alto, Plymouth, Pocahontas, Pottawattamie, Sioux, Webster, Winnebago, Woodbury, Worth and Wright)",2024-06-28,https://homelandsecurity.iowa.gov/media/387/download?inline,C,county/county-equivalent,117,LUCAS,0,0,0.0,0.0,Hail,1,0.0
IA-PROC-2024-31,2024-31,Kimberly K. Reynolds,"Severe Storms and Flooding June 21 and continuing (Buena Vista, Cerro Gordo, Cherokee, Clay, Dickinson, Emmet, Floyd, Fremont, Harrison, Hancock, Humboldt, Kossuth, Lyon, Mills, Monona, O'Brien, Osceola, Palo Alto, Plymouth, Pocahontas, Pottawattamie, Sioux, Webster, Winnebago, Woodbury, Worth and Wright)",2024-06-28,https://homelandsecurity.iowa.gov/media/387/download?inline,C,county/county-equivalent,119,LYON,0,0,0.0,0.0,Flood,1,0.0
IA-PROC-2024-31,2024-31,Kimberly K. Reynolds,"Severe Storms and Flooding June 21 and continuing (Buena Vista, Cerro Gordo, Cherokee, Clay, Dickinson, Emmet, Floyd, Fremont, Harrison, Hancock, Humboldt, Kossuth, Lyon, Mills, Monona, O'Brien, Osceola, Palo Alto, Plymouth, Pocahontas, Pottawattamie, Sioux, Webster, Winnebago, Woodbury, Worth and Wright)",2024-06-28,https://homelandsecurity.iowa.gov/media/387/download?inline,C,county/county-equivalent,125,MARION,0,0,0.0,0.0,"Hail, Thunderstorm Wind",3,0.0
IA-PROC-2024-31,2024-31,Kimberly K. Reynolds,"Severe Storms and Flooding June 21 and continuing (Buena Vista, Cerro Gordo, Cherokee, Clay, Dickinson, Emmet, Floyd, Fremont, Harrison, Hancock, Humboldt, Kossuth, Lyon, Mills, Monona, O'Brien, Osceola, Palo Alto, Plymouth, Pocahontas, Pottawattamie, Sioux, Webster, Winnebago, Woodbury, Worth and Wright)",2024-06-28,https://homelandsecurity.iowa.gov/media/387/download?inline,C,county/county-equivalent,129,MILLS,0,0,0.0,0.0,Flood,1,0.0
IA-PROC-2024-31,2024-31,Kimberly K. Reynolds,"Severe Storms and Flooding June 21 and continuing (Buena Vista, Cerro Gordo, Cherokee, Clay, Dickinson, Emmet, Floyd, Fremont, Harrison, Hancock, Humboldt, Kossuth, Lyon, Mills, Monona, O'Brien, Osceola, Palo Alto, Plymouth, Pocahontas, Pottawattamie, Sioux, Webster, Winnebago, Woodbury, Worth and Wright)",2024-06-28,https://homelandsecurity.iowa.gov/media/387/download?inline,C,county/county-equivalent,139,MUSCATINE,0,0,0.0,0.0,Thunderstorm Wind,6,0.0
IA-PROC-2024-31,2024-31,Kimberly K. Reynolds,"Severe Storms and Flooding June 21 and continuing (Buena Vista, Cerro Gordo, Cherokee, Clay, Dickinson, Emmet, Floyd, Fremont, Harrison, Hancock, Humboldt, Kossuth, Lyon, Mills, Monona, O'Brien, Osceola, Palo Alto, Plymouth, Pocahontas, Pottawattamie, Sioux, Webster, Winnebago, Woodbury, Worth and Wright)",2024-06-28,https://homelandsecurity.iowa.gov/media/387/download?inline,C,county/county-equivalent,141,O'BRIEN,0,0,0.0,0.0,Flood,1,0.0
IA-PROC-2024-31,2024-31,Kimberly K. Reynolds,"Severe Storms and Flooding June 21 and continuing (Buena Vista, Cerro Gordo, Cherokee, Clay, Dickinson, Emmet, Floyd, Fremont, Harrison, Hancock, Humboldt, Kossuth, Lyon, Mills, Monona, O'Brien, Osceola, Palo Alto, Plymouth, Pocahontas, Pottawattamie, Sioux, Webster, Winnebago, Woodbury, Worth and Wright)",2024-06-28,https://homelandsecurity.iowa.gov/media/387/download?inline,C,county/county-equivalent,145,PAGE,0,0,0.0,0.0,Thunderstorm Wind,1,0.0
IA-PROC-2024-31,2024-31,Kimberly K. Reynolds,"Severe Storms and Flooding June 21 and continuing (Buena Vista, Cerro Gordo, Cherokee, Clay, Dickinson, Emmet, Floyd, Fremont, Harrison, Hancock, Humboldt, Kossuth, Lyon, Mills, Monona, O'Brien, Osceola, Palo Alto, Plymouth, Pocahontas, Pottawattamie, Sioux, Webster, Winnebago, Woodbury, Worth and Wright)",2024-06-28,https://homelandsecurity.iowa.gov/media/387/download?inline,C,county/county-equivalent,147,PALO ALTO,0,0,0.0,0.0,Flood,1,0.0
IA-PROC-2024-31,2024-31,Kimberly K. Reynolds,"Severe Storms and Flooding June 21 and continuing (Buena Vista, Cerro Gordo, Cherokee, Clay, Dickinson, Emmet, Floyd, Fremont, Harrison, Hancock, Humboldt, Kossuth, Lyon, Mills, Monona, O'Brien, Osceola, Palo Alto, Plymouth, Pocahontas, Pottawattamie, Sioux, Webster, Winnebago, Woodbury, Worth and Wright)",2024-06-28,https://homelandsecurity.iowa.gov/media/387/download?inline,C,county/county-equivalent,149,PLYMOUTH,0,0,0.0,0.0,Flood,2,0.0
IA-PROC-2024-31,2024-31,Kimberly K. Reynolds,"Severe Storms and Flooding June 21 and continuing (Buena Vista, Cerro Gordo, Cherokee, Clay, Dickinson, Emmet, Floyd, Fremont, Harrison, Hancock, Humboldt, Kossuth, Lyon, Mills, Monona, O'Brien, Osceola, Palo Alto, Plymouth, Pocahontas, Pottawattamie, Sioux, Webster, Winnebago, Woodbury, Worth and Wright)",2024-06-28,https://homelandsecurity.iowa.gov/media/387/download?inline,C,county/county-equivalent,153,POLK,0,0,0.0,0.0,"Hail, Thunderstorm Wind, Tornado",4,0.0
IA-PROC-2024-31,2024-31,Kimberly K. Reynolds,"Severe Storms and Flooding June 21 and continuing (Buena Vista, Cerro Gordo, Cherokee, Clay, Dickinson, Emmet, Floyd, Fremont, Harrison, Hancock, Humboldt, Kossuth, Lyon, Mills, Monona, O'Brien, Osceola, Palo Alto, Plymouth, Pocahontas, Pottawattamie, Sioux, Webster, Winnebago, Woodbury, Worth and Wright)",2024-06-28,https://homelandsecurity.iowa.gov/media/387/download?inline,C,county/county-equivalent,155,POTTAWATTAMIE,0,0,0.0,0.0,"Flood, Hail, Thunderstorm Wind",5,0.0
IA-PROC-2024-31,2024-31,Kimberly K. Reynolds,"Severe Storms and Flooding June 21 and continuing (Buena Vista, Cerro Gordo, Cherokee, Clay, Dickinson, Emmet, Floyd, Fremont, Harrison, Hancock, Humboldt, Kossuth, Lyon, Mills, Monona, O'Brien, Osceola, Palo Alto, Plymouth, Pocahontas, Pottawattamie, Sioux, Webster, Winnebago, Woodbury, Worth and Wright)",2024-06-28,https://homelandsecurity.iowa.gov/media/387/download?inline,C,county/county-equivalent,159,RINGGOLD,0,0,0.0,0.0,Hail,1,0.0
IA-PROC-2024-31,2024-31,Kimberly K. Reynolds,"Severe Storms and Flooding June 21 and continuing (Buena Vista, Cerro Gordo, Cherokee, Clay, Dickinson, Emmet, Floyd, Fremont, Harrison, Hancock, Humboldt, Kossuth, Lyon, Mills, Monona, O'Brien, Osceola, Palo Alto, Plymouth, Pocahontas, Pottawattamie, Sioux, Webster, Winnebago, Woodbury, Worth and Wright)",2024-06-28,https://homelandsecurity.iowa.gov/media/387/download?inline,C,county/county-equivalent,163,SCOTT,0,0,0.0,0.0,Thunderstorm Wind,1,0.0
IA-PROC-2024-31,2024-31,Kimberly K. Reynolds,"Severe Storms and Flooding June 21 and continuing (Buena Vista, Cerro Gordo, Cherokee, Clay, Dickinson, Emmet, Floyd, Fremont, Harrison, Hancock, Humboldt, Kossuth, Lyon, Mills, Monona, O'Brien, Osceola, Palo Alto, Plymouth, Pocahontas, Pottawattamie, Sioux, Webster, Winnebago, Woodbury, Worth and Wright)",2024-06-28,https://homelandsecurity.iowa.gov/media/387/download?inline,C,county/county-equivalent,165,SHELBY,0,0,0.0,0.0,"Hail, Thunderstorm Wind",4,0.0
IA-PROC-2024-31,2024-31,Kimberly K. Reynolds,"Severe Storms and Flooding June 21 and continuing (Buena Vista, Cerro Gordo, Cherokee, Clay, Dickinson, Emmet, Floyd, Fremont, Harrison, Hancock, Humboldt, Kossuth, Lyon, Mills, Monona, O'Brien, Osceola, Palo Alto, Plymouth, Pocahontas, Pottawattamie, Sioux, Webster, Winnebago, Woodbury, Worth and Wright)",2024-06-28,https://homelandsecurity.iowa.gov/media/387/download?inline,C,county/county-equivalent,167,SIOUX,0,0,0.0,0.0,Flood,1,0.0
IA-PROC-2024-31,2024-31,Kimberly K. Reynolds,"Severe Storms and Flooding June 21 and continuing (Buena Vista, Cerro Gordo, Cherokee, Clay, Dickinson, Emmet, Floyd, Fremont, Harrison, Hancock, Humboldt, Kossuth, Lyon, Mills, Monona, O'Brien, Osceola, Palo Alto, Plymouth, Pocahontas, Pottawattamie, Sioux, Webster, Winnebago, Woodbury, Worth and Wright)",2024-06-28,https://homelandsecurity.iowa.gov/media/387/download?inline,C,county/county-equivalent,175,UNION,0,0,0.0,0.0,Thunderstorm Wind,1,0.0
IA-PROC-2024-31,2024-31,Kimberly K. Reynolds,"Severe Storms and Flooding June 21 and continuing (Buena Vista, Cerro Gordo, Cherokee, Clay, Dickinson, Emmet, Floyd, Fremont, Harrison, Hancock, Humboldt, Kossuth, Lyon, Mills, Monona, O'Brien, Osceola, Palo Alto, Plymouth, Pocahontas, Pottawattamie, Sioux, Webster, Winnebago, Woodbury, Worth and Wright)",2024-06-28,https://homelandsecurity.iowa.gov/media/387/download?inline,C,county/county-equivalent,177,VAN BUREN,0,0,0.0,0.0,Hail,2,0.0
IA-PROC-2024-31,2024-31,Kimberly K. Reynolds,"Severe Storms and Flooding June 21 and continuing (Buena Vista, Cerro Gordo, Cherokee, Clay, Dickinson, Emmet, Floyd, Fremont, Harrison, Hancock, Humboldt, Kossuth, Lyon, Mills, Monona, O'Brien, Osceola, Palo Alto, Plymouth, Pocahontas, Pottawattamie, Sioux, Webster, Winnebago, Woodbury, Worth and Wright)",2024-06-28,https://homelandsecurity.iowa.gov/media/387/download?inline,C,county/county-equivalent,181,WARREN,0,0,0.0,0.0,Hail,3,0.0
IA-PROC-2024-31,2024-31,Kimberly K. Reynolds,"Severe Storms and Flooding June 21 and continuing (Buena Vista, Cerro Gordo, Cherokee, Clay, Dickinson, Emmet, Floyd, Fremont, Harrison, Hancock, Humboldt, Kossuth, Lyon, Mills, Monona, O'Brien, Osceola, Palo Alto, Plymouth, Pocahontas, Pottawattamie, Sioux, Webster, Winnebago, Woodbury, Worth and Wright)",2024-06-28,https://homelandsecurity.iowa.gov/media/387/download?inline,C,county/county-equivalent,185,WAYNE,0,0,0.0,0.0,Thunderstorm Wind,1,0.0
IA-PROC-2024-31,2024-31,Kimberly K. Reynolds,"Severe Storms and Flooding June 21 and continuing (Buena Vista, Cerro Gordo, Cherokee, Clay, Dickinson, Emmet, Floyd, Fremont, Harrison, Hancock, Humboldt, Kossuth, Lyon, Mills, Monona, O'Brien, Osceola, Palo Alto, Plymouth, Pocahontas, Pottawattamie, Sioux, Webster, Winnebago, Woodbury, Worth and Wright)",2024-06-28,https://homelandsecurity.iowa.gov/media/387/download?inline,C,county/county-equivalent,187,WEBSTER,0,0,0.0,0.0,Flood,2,0.0
IA-PROC-2024-32,2024-32,Kim Reynolds,"Severe Storms and Flooding June 21 and continuing (Buena Vista, Cerro Gordo, Cherokee, Clay, Dickinson, Emmet, Floyd, Fremont, Harrison, Hancock, Humboldt, Kossuth, Lyon, Mills, Monona, O'Brien, Osceola, Palo Alto, Plymouth, Pocahontas, Pottawattamie, Sioux, Webster, Winnebago, Woodbury, Worth and Wright)",2024-07-03,https://homelandsecurity.iowa.gov/media/389/download?inline,C,county/county-equivalent,37,CHICKASAW,0,0,80000.0,10000.0,Thunderstorm Wind,1,90000.0
IA-PROC-2024-32,2024-32,Kim Reynolds,"Severe Storms and Flooding June 21 and continuing (Buena Vista, Cerro Gordo, Cherokee, Clay, Dickinson, Emmet, Floyd, Fremont, Harrison, Hancock, Humboldt, Kossuth, Lyon, Mills, Monona, O'Brien, Osceola, Palo Alto, Plymouth, Pocahontas, Pottawattamie, Sioux, Webster, Winnebago, Woodbury, Worth and Wright)",2024-07-03,https://homelandsecurity.iowa.gov/media/389/download?inline,C,county/county-equivalent,5,ALLAMAKEE,0,0,31000.0,10000.0,Flood,2,41000.0
IA-PROC-2024-32,2024-32,Kim Reynolds,"Severe Storms and Flooding June 21 and continuing (Buena Vista, Cerro Gordo, Cherokee, Clay, Dickinson, Emmet, Floyd, Fremont, Harrison, Hancock, Humboldt, Kossuth, Lyon, Mills, Monona, O'Brien, Osceola, Palo Alto, Plymouth, Pocahontas, Pottawattamie, Sioux, Webster, Winnebago, Woodbury, Worth and Wright)",2024-07-03,https://homelandsecurity.iowa.gov/media/389/download?inline,C,county/county-equivalent,21,BUENA VISTA,0,0,0.0,0.0,Flood,1,0.0
IA-PROC-2024-32,2024-32,Kim Reynolds,"Severe Storms and Flooding June 21 and continuing (Buena Vista, Cerro Gordo, Cherokee, Clay, Dickinson, Emmet, Floyd, Fremont, Harrison, Hancock, Humboldt, Kossuth, Lyon, Mills, Monona, O'Brien, Osceola, Palo Alto, Plymouth, Pocahontas, Pottawattamie, Sioux, Webster, Winnebago, Woodbury, Worth and Wright)",2024-07-03,https://homelandsecurity.iowa.gov/media/389/download?inline,C,county/county-equivalent,33,CERRO GORDO,0,0,0.0,0.0,Thunderstorm Wind,2,0.0
IA-PROC-2024-32,2024-32,Kim Reynolds,"Severe Storms and Flooding June 21 and continuing (Buena Vista, Cerro Gordo, Cherokee, Clay, Dickinson, Emmet, Floyd, Fremont, Harrison, Hancock, Humboldt, Kossuth, Lyon, Mills, Monona, O'Brien, Osceola, Palo Alto, Plymouth, Pocahontas, Pottawattamie, Sioux, Webster, Winnebago, Woodbury, Worth and Wright)",2024-07-03,https://homelandsecurity.iowa.gov/media/389/download?inline,C,county/county-equivalent,35,CHEROKEE,0,0,0.0,0.0,Flood,1,0.0
IA-PROC-2024-32,2024-32,Kim Reynolds,"Severe Storms and Flooding June 21 and continuing (Buena Vista, Cerro Gordo, Cherokee, Clay, Dickinson, Emmet, Floyd, Fremont, Harrison, Hancock, Humboldt, Kossuth, Lyon, Mills, Monona, O'Brien, Osceola, Palo Alto, Plymouth, Pocahontas, Pottawattamie, Sioux, Webster, Winnebago, Woodbury, Worth and Wright)",2024-07-03,https://homelandsecurity.iowa.gov/media/389/download?inline,C,county/county-equivalent,41,CLAY,0,0,0.0,0.0,Flood,5,0.0
IA-PROC-2024-32,2024-32,Kim Reynolds,"Severe Storms and Flooding June 21 and continuing (Buena Vista, Cerro Gordo, Cherokee, Clay, Dickinson, Emmet, Floyd, Fremont, Harrison, Hancock, Humboldt, Kossuth, Lyon, Mills, Monona, O'Brien, Osceola, Palo Alto, Plymouth, Pocahontas, Pottawattamie, Sioux, Webster, Winnebago, Woodbury, Worth and Wright)",2024-07-03,https://homelandsecurity.iowa.gov/media/389/download?inline,C,county/county-equivalent,43,CLAYTON,0,0,0.0,0.0,Flood,2,0.0
IA-PROC-2024-32,2024-32,Kim Reynolds,"Severe Storms and Flooding June 21 and continuing (Buena Vista, Cerro Gordo, Cherokee, Clay, Dickinson, Emmet, Floyd, Fremont, Harrison, Hancock, Humboldt, Kossuth, Lyon, Mills, Monona, O'Brien, Osceola, Palo Alto, Plymouth, Pocahontas, Pottawattamie, Sioux, Webster, Winnebago, Woodbury, Worth and Wright)",2024-07-03,https://homelandsecurity.iowa.gov/media/389/download?inline,C,county/county-equivalent,45,CLINTON,0,0,0.0,0.0,"Flood, Thunderstorm Wind",2,0.0
IA-PROC-2024-32,2024-32,Kim Reynolds,"Severe Storms and Flooding June 21 and continuing (Buena Vista, Cerro Gordo, Cherokee, Clay, Dickinson, Emmet, Floyd, Fremont, Harrison, Hancock, Humboldt, Kossuth, Lyon, Mills, Monona, O'Brien, Osceola, Palo Alto, Plymouth, Pocahontas, Pottawattamie, Sioux, Webster, Winnebago, Woodbury, Worth and Wright)",2024-07-03,https://homelandsecurity.iowa.gov/media/389/download?inline,C,county/county-equivalent,57,DES MOINES,0,0,0.0,0.0,Flood,1,0.0
IA-PROC-2024-32,2024-32,Kim Reynolds,"Severe Storms and Flooding June 21 and continuing (Buena Vista, Cerro Gordo, Cherokee, Clay, Dickinson, Emmet, Floyd, Fremont, Harrison, Hancock, Humboldt, Kossuth, Lyon, Mills, Monona, O'Brien, Osceola, Palo Alto, Plymouth, Pocahontas, Pottawattamie, Sioux, Webster, Winnebago, Woodbury, Worth and Wright)",2024-07-03,https://homelandsecurity.iowa.gov/media/389/download?inline,C,county/county-equivalent,59,DICKINSON,0,0,0.0,0.0,"Flood, Hail",6,0.0
IA-PROC-2024-32,2024-32,Kim Reynolds,"Severe Storms and Flooding June 21 and continuing (Buena Vista, Cerro Gordo, Cherokee, Clay, Dickinson, Emmet, Floyd, Fremont, Harrison, Hancock, Humboldt, Kossuth, Lyon, Mills, Monona, O'Brien, Osceola, Palo Alto, Plymouth, Pocahontas, Pottawattamie, Sioux, Webster, Winnebago, Woodbury, Worth and Wright)",2024-07-03,https://homelandsecurity.iowa.gov/media/389/download?inline,C,county/county-equivalent,61,DUBUQUE,0,0,0.0,0.0,Flood,2,0.0
IA-PROC-2024-32,2024-32,Kim Reynolds,"Severe Storms and Flooding June 21 and continuing (Buena Vista, Cerro Gordo, Cherokee, Clay, Dickinson, Emmet, Floyd, Fremont, Harrison, Hancock, Humboldt, Kossuth, Lyon, Mills, Monona, O'Brien, Osceola, Palo Alto, Plymouth, Pocahontas, Pottawattamie, Sioux, Webster, Winnebago, Woodbury, Worth and Wright)",2024-07-03,https://homelandsecurity.iowa.gov/media/389/download?inline,C,county/county-equivalent,63,EMMET,0,0,0.0,0.0,Flood,1,0.0
IA-PROC-2024-32,2024-32,Kim Reynolds,"Severe Storms and Flooding June 21 and continuing (Buena Vista, Cerro Gordo, Cherokee, Clay, Dickinson, Emmet, Floyd, Fremont, Harrison, Hancock, Humboldt, Kossuth, Lyon, Mills, Monona, O'Brien, Osceola, Palo Alto, Plymouth, Pocahontas, Pottawattamie, Sioux, Webster, Winnebago, Woodbury, Worth and Wright)",2024-07-03,https://homelandsecurity.iowa.gov/media/389/download?inline,C,county/county-equivalent,71,FREMONT,0,0,0.0,0.0,Flood,1,0.0
IA-PROC-2024-32,2024-32,Kim Reynolds,"Severe Storms and Flooding June 21 and continuing (Buena Vista, Cerro Gordo, Cherokee, Clay, Dickinson, Emmet, Floyd, Fremont, Harrison, Hancock, Humboldt, Kossuth, Lyon, Mills, Monona, O'Brien, Osceola, Palo Alto, Plymouth, Pocahontas, Pottawattamie, Sioux, Webster, Winnebago, Woodbury, Worth and Wright)",2024-07-03,https://homelandsecurity.iowa.gov/media/389/download?inline,C,county/county-equivalent,79,HAMILTON,0,0,0.0,0.0,"Hail, Thunderstorm Wind",2,0.0
IA-PROC-2024-32,2024-32,Kim Reynolds,"Severe Storms and Flooding June 21 and continuing (Buena Vista, Cerro Gordo, Cherokee, Clay, Dickinson, Emmet, Floyd, Fremont, Harrison, Hancock, Humboldt, Kossuth, Lyon, Mills, Monona, O'Brien, Osceola, Palo Alto, Plymouth, Pocahontas, Pottawattamie, Sioux, Webster, Winnebago, Woodbury, Worth and Wright)",2024-07-03,https://homelandsecurity.iowa.gov/media/389/download?inline,C,county/county-equivalent,85,HARRISON,0,0,0.0,0.0,Flood,1,0.0
IA-PROC-2024-32,2024-32,Kim Reynolds,"Severe Storms and Flooding June 21 and continuing (Buena Vista, Cerro Gordo, Cherokee, Clay, Dickinson, Emmet, Floyd, Fremont, Harrison, Hancock, Humboldt, Kossuth, Lyon, Mills, Monona, O'Brien, Osceola, Palo Alto, Plymouth, Pocahontas, Pottawattamie, Sioux, Webster, Winnebago, Woodbury, Worth and Wright)",2024-07-03,https://homelandsecurity.iowa.gov/media/389/download?inline,C,county/county-equivalent,91,HUMBOLDT,0,0,0.0,0.0,"Flood, Hail, Thunderstorm Wind",5,0.0
IA-PROC-2024-32,2024-32,Kim Reynolds,"Severe Storms and Flooding June 21 and continuing (Buena Vista, Cerro Gordo, Cherokee, Clay, Dickinson, Emmet, Floyd, Fremont, Harrison, Hancock, Humboldt, Kossuth, Lyon, Mills, Monona, O'Brien, Osceola, Palo Alto, Plymouth, Pocahontas, Pottawattamie, Sioux, Webster, Winnebago, Woodbury, Worth and Wright)",2024-07-03,https://homelandsecurity.iowa.gov/media/389/download?inline,C,county/county-equivalent,95,IOWA,0,0,0.0,0.0,Thunderstorm Wind,4,0.0
IA-PROC-2024-32,2024-32,Kim Reynolds,"Severe Storms and Flooding June 21 and continuing (Buena Vista, Cerro Gordo, Cherokee, Clay, Dickinson, Emmet, Floyd, Fremont, Harrison, Hancock, Humboldt, Kossuth, Lyon, Mills, Monona, O'Brien, Osceola, Palo Alto, Plymouth, Pocahontas, Pottawattamie, Sioux, Webster, Winnebago, Woodbury, Worth and Wright)",2024-07-03,https://homelandsecurity.iowa.gov/media/389/download?inline,C,county/county-equivalent,97,JACKSON,0,0,0.0,0.0,Flood,1,0.0
IA-PROC-2024-32,2024-32,Kim Reynolds,"Severe Storms and Flooding June 21 and continuing (Buena Vista, Cerro Gordo, Cherokee, Clay, Dickinson, Emmet, Floyd, Fremont, Harrison, Hancock, Humboldt, Kossuth, Lyon, Mills, Monona, O'Brien, Osceola, Palo Alto, Plymouth, Pocahontas, Pottawattamie, Sioux, Webster, Winnebago, Woodbury, Worth and Wright)",2024-07-03,https://homelandsecurity.iowa.gov/media/389/download?inline,C,county/county-equivalent,103,JOHNSON,0,0,0.0,0.0,"Flash Flood, Thunderstorm Wind",8,0.0
IA-PROC-2024-32,2024-32,Kim Reynolds,"Severe Storms and Flooding June 21 and continuing (Buena Vista, Cerro Gordo, Cherokee, Clay, Dickinson, Emmet, Floyd, Fremont, Harrison, Hancock, Humboldt, Kossuth, Lyon, Mills, Monona, O'Brien, Osceola, Palo Alto, Plymouth, Pocahontas, Pottawattamie, Sioux, Webster, Winnebago, Woodbury, Worth and Wright)",2024-07-03,https://homelandsecurity.iowa.gov/media/389/download?inline,C,county/county-equivalent,107,KEOKUK,0,0,0.0,0.0,"Flash Flood, Thunderstorm Wind",3,0.0
IA-PROC-2024-32,2024-32,Kim Reynolds,"Severe Storms and Flooding June 21 and continuing (Buena Vista, Cerro Gordo, Cherokee, Clay, Dickinson, Emmet, Floyd, Fremont, Harrison, Hancock, Humboldt, Kossuth, Lyon, Mills, Monona, O'Brien, Osceola, Palo Alto, Plymouth, Pocahontas, Pottawattamie, Sioux, Webster, Winnebago, Woodbury, Worth and Wright)",2024-07-03,https://homelandsecurity.iowa.gov/media/389/download?inline,C,county/county-equivalent,109,KOSSUTH,0,0,0.0,0.0,Flood,1,0.0
IA-PROC-2024-32,2024-32,Kim Reynolds,"Severe Storms and Flooding June 21 and continuing (Buena Vista, Cerro Gordo, Cherokee, Clay, Dickinson, Emmet, Floyd, Fremont, Harrison, Hancock, Humboldt, Kossuth, Lyon, Mills, Monona, O'Brien, Osceola, Palo Alto, Plymouth, Pocahontas, Pottawattamie, Sioux, Webster, Winnebago, Woodbury, Worth and Wright)",2024-07-03,https://homelandsecurity.iowa.gov/media/389/download?inline,C,county/county-equivalent,115,LOUISA,0,0,0.0,0.0,Flood,1,0.0
IA-PROC-2024-32,2024-32,Kim Reynolds,"Severe Storms and Flooding June 21 and continuing (Buena Vista, Cerro Gordo, Cherokee, Clay, Dickinson, Emmet, Floyd, Fremont, Harrison, Hancock, Humboldt, Kossuth, Lyon, Mills, Monona, O'Brien, Osceola, Palo Alto, Plymouth, Pocahontas, Pottawattamie, Sioux, Webster, Winnebago, Woodbury, Worth and Wright)",2024-07-03,https://homelandsecurity.iowa.gov/media/389/download?inline,C,county/county-equivalent,119,LYON,0,0,0.0,0.0,Flood,1,0.0
IA-PROC-2024-32,2024-32,Kim Reynolds,"Severe Storms and Flooding June 21 and continuing (Buena Vista, Cerro Gordo, Cherokee, Clay, Dickinson, Emmet, Floyd, Fremont, Harrison, Hancock, Humboldt, Kossuth, Lyon, Mills, Monona, O'Brien, Osceola, Palo Alto, Plymouth, Pocahontas, Pottawattamie, Sioux, Webster, Winnebago, Woodbury, Worth and Wright)",2024-07-03,https://homelandsecurity.iowa.gov/media/389/download?inline,C,county/county-equivalent,123,MAHASKA,0,0,0.0,0.0,Flash Flood,1,0.0
IA-PROC-2024-32,2024-32,Kim Reynolds,"Severe Storms and Flooding June 21 and continuing (Buena Vista, Cerro Gordo, Cherokee, Clay, Dickinson, Emmet, Floyd, Fremont, Harrison, Hancock, Humboldt, Kossuth, Lyon, Mills, Monona, O'Brien, Osceola, Palo Alto, Plymouth, Pocahontas, Pottawattamie, Sioux, Webster, Winnebago, Woodbury, Worth and Wright)",2024-07-03,https://homelandsecurity.iowa.gov/media/389/download?inline,C,county/county-equivalent,125,MARION,0,0,0.0,0.0,Flash Flood,2,0.0
IA-PROC-2024-32,2024-32,Kim Reynolds,"Severe Storms and Flooding June 21 and continuing (Buena Vista, Cerro Gordo, Cherokee, Clay, Dickinson, Emmet, Floyd, Fremont, Harrison, Hancock, Humboldt, Kossuth, Lyon, Mills, Monona, O'Brien, Osceola, Palo Alto, Plymouth, Pocahontas, Pottawattamie, Sioux, Webster, Winnebago, Woodbury, Worth and Wright)",2024-07-03,https://homelandsecurity.iowa.gov/media/389/download?inline,C,county/county-equivalent,129,MILLS,0,0,0.0,0.0,Flood,1,0.0
IA-PROC-2024-32,2024-32,Kim Reynolds,"Severe Storms and Flooding June 21 and continuing (Buena Vista, Cerro Gordo, Cherokee, Clay, Dickinson, Emmet, Floyd, Fremont, Harrison, Hancock, Humboldt, Kossuth, Lyon, Mills, Monona, O'Brien, Osceola, Palo Alto, Plymouth, Pocahontas, Pottawattamie, Sioux, Webster, Winnebago, Woodbury, Worth and Wright)",2024-07-03,https://homelandsecurity.iowa.gov/media/389/download?inline,C,county/county-equivalent,139,MUSCATINE,0,0,0.0,0.0,"Flood, Thunderstorm Wind",3,0.0
IA-PROC-2024-32,2024-32,Kim Reynolds,"Severe Storms and Flooding June 21 and continuing (Buena Vista, Cerro Gordo, Cherokee, Clay, Dickinson, Emmet, Floyd, Fremont, Harrison, Hancock, Humboldt, Kossuth, Lyon, Mills, Monona, O'Brien, Osceola, Palo Alto, Plymouth, Pocahontas, Pottawattamie, Sioux, Webster, Winnebago, Woodbury, Worth and Wright)",2024-07-03,https://homelandsecurity.iowa.gov/media/389/download?inline,C,county/county-equivalent,141,O'BRIEN,0,0,0.0,0.0,Flood,1,0.0
IA-PROC-2024-32,2024-32,Kim Reynolds,"Severe Storms and Flooding June 21 and continuing (Buena Vista, Cerro Gordo, Cherokee, Clay, Dickinson, Emmet, Floyd, Fremont, Harrison, Hancock, Humboldt, Kossuth, Lyon, Mills, Monona, O'Brien, Osceola, Palo Alto, Plymouth, Pocahontas, Pottawattamie, Sioux, Webster, Winnebago, Woodbury, Worth and Wright)",2024-07-03,https://homelandsecurity.iowa.gov/media/389/download?inline,C,county/county-equivalent,143,OSCEOLA,0,0,0.0,0.0,Hail,1,0.0
IA-PROC-2024-32,2024-32,Kim Reynolds,"Severe Storms and Flooding June 21 and continuing (Buena Vista, Cerro Gordo, Cherokee, Clay, Dickinson, Emmet, Floyd, Fremont, Harrison, Hancock, Humboldt, Kossuth, Lyon, Mills, Monona, O'Brien, Osceola, Palo Alto, Plymouth, Pocahontas, Pottawattamie, Sioux, Webster, Winnebago, Woodbury, Worth and Wright)",2024-07-03,https://homelandsecurity.iowa.gov/media/389/download?inline,C,county/county-equivalent,147,PALO ALTO,0,0,0.0,0.0,Flood,1,0.0
IA-PROC-2024-32,2024-32,Kim Reynolds,"Severe Storms and Flooding June 21 and continuing (Buena Vista, Cerro Gordo, Cherokee, Clay, Dickinson, Emmet, Floyd, Fremont, Harrison, Hancock, Humboldt, Kossuth, Lyon, Mills, Monona, O'Brien, Osceola, Palo Alto, Plymouth, Pocahontas, Pottawattamie, Sioux, Webster, Winnebago, Woodbury, Worth and Wright)",2024-07-03,https://homelandsecurity.iowa.gov/media/389/download?inline,C,county/county-equivalent,149,PLYMOUTH,0,0,0.0,0.0,Flood,2,0.0
IA-PROC-2024-32,2024-32,Kim Reynolds,"Severe Storms and Flooding June 21 and continuing (Buena Vista, Cerro Gordo, Cherokee, Clay, Dickinson, Emmet, Floyd, Fremont, Harrison, Hancock, Humboldt, Kossuth, Lyon, Mills, Monona, O'Brien, Osceola, Palo Alto, Plymouth, Pocahontas, Pottawattamie, Sioux, Webster, Winnebago, Woodbury, Worth and Wright)",2024-07-03,https://homelandsecurity.iowa.gov/media/389/download?inline,C,county/county-equivalent,155,POTTAWATTAMIE,0,0,0.0,0.0,Flood,1,0.0
IA-PROC-2024-32,2024-32,Kim Reynolds,"Severe Storms and Flooding June 21 and continuing (Buena Vista, Cerro Gordo, Cherokee, Clay, Dickinson, Emmet, Floyd, Fremont, Harrison, Hancock, Humboldt, Kossuth, Lyon, Mills, Monona, O'Brien, Osceola, Palo Alto, Plymouth, Pocahontas, Pottawattamie, Sioux, Webster, Winnebago, Woodbury, Worth and Wright)",2024-07-03,https://homelandsecurity.iowa.gov/media/389/download?inline,C,county/county-equivalent,163,SCOTT,0,0,0.0,0.0,"Flood, Thunderstorm Wind",2,0.0
IA-PROC-2024-32,2024-32,Kim Reynolds,"Severe Storms and Flooding June 21 and continuing (Buena Vista, Cerro Gordo, Cherokee, Clay, Dickinson, Emmet, Floyd, Fremont, Harrison, Hancock, Humboldt, Kossuth, Lyon, Mills, Monona, O'Brien, Osceola, Palo Alto, Plymouth, Pocahontas, Pottawattamie, Sioux, Webster, Winnebago, Woodbury, Worth and Wright)",2024-07-03,https://homelandsecurity.iowa.gov/media/389/download?inline,C,county/county-equivalent,167,SIOUX,0,0,0.0,0.0,Flood,1,0.0
IA-PROC-2024-32,2024-32,Kim Reynolds,"Severe Storms and Flooding June 21 and continuing (Buena Vista, Cerro Gordo, Cherokee, Clay, Dickinson, Emmet, Floyd, Fremont, Harrison, Hancock, Humboldt, Kossuth, Lyon, Mills, Monona, O'Brien, Osceola, Palo Alto, Plymouth, Pocahontas, Pottawattamie, Sioux, Webster, Winnebago, Woodbury, Worth and Wright)",2024-07-03,https://homelandsecurity.iowa.gov/media/389/download?inline,C,county/county-equivalent,169,STORY,0,0,0.0,0.0,"Hail, Thunderstorm Wind",2,0.0
IA-PROC-2024-32,2024-32,Kim Reynolds,"Severe Storms and Flooding June 21 and continuing (Buena Vista, Cerro Gordo, Cherokee, Clay, Dickinson, Emmet, Floyd, Fremont, Harrison, Hancock, Humboldt, Kossuth, Lyon, Mills, Monona, O'Brien, Osceola, Palo Alto, Plymouth, Pocahontas, Pottawattamie, Sioux, Webster, Winnebago, Woodbury, Worth and Wright)",2024-07-03,https://homelandsecurity.iowa.gov/media/389/download?inline,C,county/county-equivalent,181,WARREN,0,0,0.0,0.0,Heavy Rain,4,0.0
IA-PROC-2024-32,2024-32,Kim Reynolds,"Severe Storms and Flooding June 21 and continuing (Buena Vista, Cerro Gordo, Cherokee, Clay, Dickinson, Emmet, Floyd, Fremont, Harrison, Hancock, Humboldt, Kossuth, Lyon, Mills, Monona, O'Brien, Osceola, Palo Alto, Plymouth, Pocahontas, Pottawattamie, Sioux, Webster, Winnebago, Woodbury, Worth and Wright)",2024-07-03,https://homelandsecurity.iowa.gov/media/389/download?inline,C,county/county-equivalent,183,WASHINGTON,0,0,0.0,0.0,Thunderstorm Wind,5,0.0
IA-PROC-2024-32,2024-32,Kim Reynolds,"Severe Storms and Flooding June 21 and continuing (Buena Vista, Cerro Gordo, Cherokee, Clay, Dickinson, Emmet, Floyd, Fremont, Harrison, Hancock, Humboldt, Kossuth, Lyon, Mills, Monona, O'Brien, Osceola, Palo Alto, Plymouth, Pocahontas, Pottawattamie, Sioux, Webster, Winnebago, Woodbury, Worth and Wright)",2024-07-03,https://homelandsecurity.iowa.gov/media/389/download?inline,C,county/county-equivalent,187,WEBSTER,0,0,0.0,0.0,Flood,2,0.0
IA-PROC-2024-32,2024-32,Kim Reynolds,"Severe Storms and Flooding June 21 and continuing (Buena Vista, Cerro Gordo, Cherokee, Clay, Dickinson, Emmet, Floyd, Fremont, Harrison, Hancock, Humboldt, Kossuth, Lyon, Mills, Monona, O'Brien, Osceola, Palo Alto, Plymouth, Pocahontas, Pottawattamie, Sioux, Webster, Winnebago, Woodbury, Worth and Wright)",2024-07-03,https://homelandsecurity.iowa.gov/media/389/download?inline,C,county/county-equivalent,197,WRIGHT,0,0,0.0,0.0,"Hail, Heavy Rain",3,0.0
IA-PROC-2024-33,2024-33,Kimberly K. Reynolds,Severe Storms and Flash Flooding July 4 and continuing (Chickasaw and Wright),2024-07-09,https://homelandsecurity.iowa.gov/media/392/download?inline,C,county/county-equivalent,141,O'BRIEN,0,0,0.0,4000.0,Hail,2,4000.0
IA-PROC-2024-33,2024-33,Kimberly K. Reynolds,Severe Storms and Flash Flooding July 4 and continuing (Chickasaw and Wright),2024-07-09,https://homelandsecurity.iowa.gov/media/392/download?inline,C,county/county-equivalent,1,ADAIR,0,0,0.0,0.0,Thunderstorm Wind,1,0.0
IA-PROC-2024-33,2024-33,Kimberly K. Reynolds,Severe Storms and Flash Flooding July 4 and continuing (Chickasaw and Wright),2024-07-09,https://homelandsecurity.iowa.gov/media/392/download?inline,C,county/county-equivalent,19,BUCHANAN,0,0,0.0,0.0,Thunderstorm Wind,1,0.0
IA-PROC-2024-33,2024-33,Kimberly K. Reynolds,Severe Storms and Flash Flooding July 4 and continuing (Chickasaw and Wright),2024-07-09,https://homelandsecurity.iowa.gov/media/392/download?inline,C,county/county-equivalent,39,CLARKE,0,0,0.0,0.0,Thunderstorm Wind,2,0.0
IA-PROC-2024-33,2024-33,Kimberly K. Reynolds,Severe Storms and Flash Flooding July 4 and continuing (Chickasaw and Wright),2024-07-09,https://homelandsecurity.iowa.gov/media/392/download?inline,C,county/county-equivalent,71,FREMONT,0,0,0.0,0.0,Hail,1,0.0
IA-PROC-2024-33,2024-33,Kimberly K. Reynolds,Severe Storms and Flash Flooding July 4 and continuing (Chickasaw and Wright),2024-07-09,https://homelandsecurity.iowa.gov/media/392/download?inline,C,county/county-equivalent,79,HAMILTON,0,0,0.0,0.0,"Hail, Thunderstorm Wind",2,0.0
IA-PROC-2024-33,2024-33,Kimberly K. Reynolds,Severe Storms and Flash Flooding July 4 and continuing (Chickasaw and Wright),2024-07-09,https://homelandsecurity.iowa.gov/media/392/download?inline,C,county/county-equivalent,91,HUMBOLDT,0,0,0.0,0.0,"Hail, Thunderstorm Wind",4,0.0
IA-PROC-2024-33,2024-33,Kimberly K. Reynolds,Severe Storms and Flash Flooding July 4 and continuing (Chickasaw and Wright),2024-07-09,https://homelandsecurity.iowa.gov/media/392/download?inline,C,county/county-equivalent,103,JOHNSON,0,0,0.0,0.0,Flash Flood,2,0.0
IA-PROC-2024-33,2024-33,Kimberly K. Reynolds,Severe Storms and Flash Flooding July 4 and continuing (Chickasaw and Wright),2024-07-09,https://homelandsecurity.iowa.gov/media/392/download?inline,C,county/county-equivalent,111,LEE,0,0,0.0,0.0,"Hail, Thunderstorm Wind",4,0.0
IA-PROC-2024-33,2024-33,Kimberly K. Reynolds,Severe Storms and Flash Flooding July 4 and continuing (Chickasaw and Wright),2024-07-09,https://homelandsecurity.iowa.gov/media/392/download?inline,C,county/county-equivalent,127,MARSHALL,0,0,0.0,0.0,Thunderstorm Wind,1,0.0
IA-PROC-2024-33,2024-33,Kimberly K. Reynolds,Severe Storms and Flash Flooding July 4 and continuing (Chickasaw and Wright),2024-07-09,https://homelandsecurity.iowa.gov/media/392/download?inline,C,county/county-equivalent,137,MONTGOMERY,0,0,0.0,0.0,Hail,2,0.0
IA-PROC-2024-33,2024-33,Kimberly K. Reynolds,Severe Storms and Flash Flooding July 4 and continuing (Chickasaw and Wright),2024-07-09,https://homelandsecurity.iowa.gov/media/392/download?inline,C,county/county-equivalent,143,OSCEOLA,0,0,0.0,0.0,Hail,1,0.0
IA-PROC-2024-33,2024-33,Kimberly K. Reynolds,Severe Storms and Flash Flooding July 4 and continuing (Chickasaw and Wright),2024-07-09,https://homelandsecurity.iowa.gov/media/392/download?inline,C,county/county-equivalent,155,POTTAWATTAMIE,0,0,0.0,0.0,Hail,2,0.0
IA-PROC-2024-33,2024-33,Kimberly K. Reynolds,Severe Storms and Flash Flooding July 4 and continuing (Chickasaw and Wright),2024-07-09,https://homelandsecurity.iowa.gov/media/392/download?inline,C,county/county-equivalent,169,STORY,0,0,0.0,0.0,"Hail, Thunderstorm Wind",2,0.0
IA-PROC-2024-33,2024-33,Kimberly K. Reynolds,Severe Storms and Flash Flooding July 4 and continuing (Chickasaw and Wright),2024-07-09,https://homelandsecurity.iowa.gov/media/392/download?inline,C,county/county-equivalent,193,WOODBURY,0,0,0.0,0.0,Hail,1,0.0
IA-PROC-2024-33,2024-33,Kimberly K. Reynolds,Severe Storms and Flash Flooding July 4 and continuing (Chickasaw and Wright),2024-07-09,https://homelandsecurity.iowa.gov/media/392/download?inline,C,county/county-equivalent,197,WRIGHT,0,0,0.0,0.0,"Flash Flood, Hail, Heavy Rain",11,0.0
IA-PROC-2024-35,2024-35,Kimberly K. Reynolds,"Severe Storms occurring on July 15 (Des Moines, Dubuque, Mitchell, Polk, and Scott)",2024-07-16,https://homelandsecurity.iowa.gov/media/396/download?inline,C,county/county-equivalent,153,POLK,0,0,520000.0,0.0,"Lightning, Thunderstorm Wind, Tornado",4,520000.0
IA-PROC-2024-35,2024-35,Kimberly K. Reynolds,"Severe Storms occurring on July 15 (Des Moines, Dubuque, Mitchell, Polk, and Scott)",2024-07-16,https://homelandsecurity.iowa.gov/media/396/download?inline,C,county/county-equivalent,11,BENTON,0,0,0.0,0.0,"Hail, Thunderstorm Wind",2,0.0
IA-PROC-2024-35,2024-35,Kimberly K. Reynolds,"Severe Storms occurring on July 15 (Des Moines, Dubuque, Mitchell, Polk, and Scott)",2024-07-16,https://homelandsecurity.iowa.gov/media/396/download?inline,C,county/county-equivalent,13,BLACK HAWK,0,0,0.0,0.0,"Flash Flood, Hail",3,0.0
IA-PROC-2024-35,2024-35,Kimberly K. Reynolds,"Severe Storms occurring on July 15 (Des Moines, Dubuque, Mitchell, Polk, and Scott)",2024-07-16,https://homelandsecurity.iowa.gov/media/396/download?inline,C,county/county-equivalent,19,BUCHANAN,0,0,0.0,0.0,Thunderstorm Wind,2,0.0
IA-PROC-2024-35,2024-35,Kimberly K. Reynolds,"Severe Storms occurring on July 15 (Des Moines, Dubuque, Mitchell, Polk, and Scott)",2024-07-16,https://homelandsecurity.iowa.gov/media/396/download?inline,C,county/county-equivalent,23,BUTLER,0,0,0.0,0.0,Hail,1,0.0
IA-PROC-2024-35,2024-35,Kimberly K. Reynolds,"Severe Storms occurring on July 15 (Des Moines, Dubuque, Mitchell, Polk, and Scott)",2024-07-16,https://homelandsecurity.iowa.gov/media/396/download?inline,C,county/county-equivalent,27,CARROLL,0,0,0.0,0.0,"Hail, Thunderstorm Wind",2,0.0
IA-PROC-2024-35,2024-35,Kimberly K. Reynolds,"Severe Storms occurring on July 15 (Des Moines, Dubuque, Mitchell, Polk, and Scott)",2024-07-16,https://homelandsecurity.iowa.gov/media/396/download?inline,C,county/county-equivalent,43,CLAYTON,0,0,0.0,0.0,"Hail, Thunderstorm Wind",2,0.0
IA-PROC-2024-35,2024-35,Kimberly K. Reynolds,"Severe Storms occurring on July 15 (Des Moines, Dubuque, Mitchell, Polk, and Scott)",2024-07-16,https://homelandsecurity.iowa.gov/media/396/download?inline,C,county/county-equivalent,45,CLINTON,0,0,0.0,0.0,Thunderstorm Wind,1,0.0
IA-PROC-2024-35,2024-35,Kimberly K. Reynolds,"Severe Storms occurring on July 15 (Des Moines, Dubuque, Mitchell, Polk, and Scott)",2024-07-16,https://homelandsecurity.iowa.gov/media/396/download?inline,C,county/county-equivalent,47,CRAWFORD,0,0,0.0,0.0,Hail,4,0.0
IA-PROC-2024-35,2024-35,Kimberly K. Reynolds,"Severe Storms occurring on July 15 (Des Moines, Dubuque, Mitchell, Polk, and Scott)",2024-07-16,https://homelandsecurity.iowa.gov/media/396/download?inline,C,county/county-equivalent,55,DELAWARE,0,0,0.0,0.0,Thunderstorm Wind,2,0.0
IA-PROC-2024-35,2024-35,Kimberly K. Reynolds,"Severe Storms occurring on July 15 (Des Moines, Dubuque, Mitchell, Polk, and Scott)",2024-07-16,https://homelandsecurity.iowa.gov/media/396/download?inline,C,county/county-equivalent,57,DES MOINES,0,0,0.0,0.0,Thunderstorm Wind,2,0.0
IA-PROC-2024-35,2024-35,Kimberly K. Reynolds,"Severe Storms occurring on July 15 (Des Moines, Dubuque, Mitchell, Polk, and Scott)",2024-07-16,https://homelandsecurity.iowa.gov/media/396/download?inline,C,county/county-equivalent,61,DUBUQUE,0,0,0.0,0.0,"Flash Flood, Thunderstorm Wind",13,0.0
IA-PROC-2024-35,2024-35,Kimberly K. Reynolds,"Severe Storms occurring on July 15 (Des Moines, Dubuque, Mitchell, Polk, and Scott)",2024-07-16,https://homelandsecurity.iowa.gov/media/396/download?inline,C,county/county-equivalent,83,HARDIN,0,0,0.0,0.0,Thunderstorm Wind,2,0.0
IA-PROC-2024-35,2024-35,Kimberly K. Reynolds,"Severe Storms occurring on July 15 (Des Moines, Dubuque, Mitchell, Polk, and Scott)",2024-07-16,https://homelandsecurity.iowa.gov/media/396/download?inline,C,county/county-equivalent,95,IOWA,0,0,0.0,0.0,Thunderstorm Wind,1,0.0
IA-PROC-2024-35,2024-35,Kimberly K. Reynolds,"Severe Storms occurring on July 15 (Des Moines, Dubuque, Mitchell, Polk, and Scott)",2024-07-16,https://homelandsecurity.iowa.gov/media/396/download?inline,C,county/county-equivalent,99,JASPER,0,0,0.0,0.0,"Hail, Thunderstorm Wind",2,0.0
IA-PROC-2024-35,2024-35,Kimberly K. Reynolds,"Severe Storms occurring on July 15 (Des Moines, Dubuque, Mitchell, Polk, and Scott)",2024-07-16,https://homelandsecurity.iowa.gov/media/396/download?inline,C,county/county-equivalent,103,JOHNSON,0,0,0.0,0.0,Thunderstorm Wind,5,0.0
IA-PROC-2024-35,2024-35,Kimberly K. Reynolds,"Severe Storms occurring on July 15 (Des Moines, Dubuque, Mitchell, Polk, and Scott)",2024-07-16,https://homelandsecurity.iowa.gov/media/396/download?inline,C,county/county-equivalent,105,JONES,0,0,0.0,0.0,"Thunderstorm Wind, Tornado",4,0.0
IA-PROC-2024-35,2024-35,Kimberly K. Reynolds,"Severe Storms occurring on July 15 (Des Moines, Dubuque, Mitchell, Polk, and Scott)",2024-07-16,https://homelandsecurity.iowa.gov/media/396/download?inline,C,county/county-equivalent,107,KEOKUK,0,0,0.0,0.0,"Hail, Thunderstorm Wind",3,0.0
IA-PROC-2024-35,2024-35,Kimberly K. Reynolds,"Severe Storms occurring on July 15 (Des Moines, Dubuque, Mitchell, Polk, and Scott)",2024-07-16,https://homelandsecurity.iowa.gov/media/396/download?inline,C,county/county-equivalent,113,LINN,0,0,0.0,0.0,"Flash Flood, Thunderstorm Wind",14,0.0
IA-PROC-2024-35,2024-35,Kimberly K. Reynolds,"Severe Storms occurring on July 15 (Des Moines, Dubuque, Mitchell, Polk, and Scott)",2024-07-16,https://homelandsecurity.iowa.gov/media/396/download?inline,C,county/county-equivalent,119,LYON,0,0,0.0,0.0,Thunderstorm Wind,1,0.0
IA-PROC-2024-35,2024-35,Kimberly K. Reynolds,"Severe Storms occurring on July 15 (Des Moines, Dubuque, Mitchell, Polk, and Scott)",2024-07-16,https://homelandsecurity.iowa.gov/media/396/download?inline,C,county/county-equivalent,123,MAHASKA,0,0,0.0,0.0,Thunderstorm Wind,2,0.0
IA-PROC-2024-35,2024-35,Kimberly K. Reynolds,"Severe Storms occurring on July 15 (Des Moines, Dubuque, Mitchell, Polk, and Scott)",2024-07-16,https://homelandsecurity.iowa.gov/media/396/download?inline,C,county/county-equivalent,125,MARION,0,0,0.0,0.0,Thunderstorm Wind,2,0.0
IA-PROC-2024-35,2024-35,Kimberly K. Reynolds,"Severe Storms occurring on July 15 (Des Moines, Dubuque, Mitchell, Polk, and Scott)",2024-07-16,https://homelandsecurity.iowa.gov/media/396/download?inline,C,county/county-equivalent,139,MUSCATINE,0,0,0.0,0.0,Tornado,1,0.0
IA-PROC-2024-35,2024-35,Kimberly K. Reynolds,"Severe Storms occurring on July 15 (Des Moines, Dubuque, Mitchell, Polk, and Scott)",2024-07-16,https://homelandsecurity.iowa.gov/media/396/download?inline,C,county/county-equivalent,157,POWESHIEK,0,0,0.0,0.0,Thunderstorm Wind,2,0.0
IA-PROC-2024-35,2024-35,Kimberly K. Reynolds,"Severe Storms occurring on July 15 (Des Moines, Dubuque, Mitchell, Polk, and Scott)",2024-07-16,https://homelandsecurity.iowa.gov/media/396/download?inline,C,county/county-equivalent,161,SAC,0,0,0.0,0.0,Thunderstorm Wind,1,0.0
IA-PROC-2024-35,2024-35,Kimberly K. Reynolds,"Severe Storms occurring on July 15 (Des Moines, Dubuque, Mitchell, Polk, and Scott)",2024-07-16,https://homelandsecurity.iowa.gov/media/396/download?inline,C,county/county-equivalent,163,SCOTT,0,0,0.0,0.0,"Thunderstorm Wind, Tornado",16,0.0
IA-PROC-2024-35,2024-35,Kimberly K. Reynolds,"Severe Storms occurring on July 15 (Des Moines, Dubuque, Mitchell, Polk, and Scott)",2024-07-16,https://homelandsecurity.iowa.gov/media/396/download?inline,C,county/county-equivalent,167,SIOUX,0,0,0.0,0.0,Thunderstorm Wind,2,0.0
IA-PROC-2024-35,2024-35,Kimberly K. Reynolds,"Severe Storms occurring on July 15 (Des Moines, Dubuque, Mitchell, Polk, and Scott)",2024-07-16,https://homelandsecurity.iowa.gov/media/396/download?inline,C,county/county-equivalent,169,STORY,0,0,0.0,0.0,Hail,1,0.0
IA-PROC-2024-35,2024-35,Kimberly K. Reynolds,"Severe Storms occurring on July 15 (Des Moines, Dubuque, Mitchell, Polk, and Scott)",2024-07-16,https://homelandsecurity.iowa.gov/media/396/download?inline,C,county/county-equivalent,171,TAMA,0,0,0.0,0.0,Hail,3,0.0
IA-PROC-2024-35,2024-35,Kimberly K. Reynolds,"Severe Storms occurring on July 15 (Des Moines, Dubuque, Mitchell, Polk, and Scott)",2024-07-16,https://homelandsecurity.iowa.gov/media/396/download?inline,C,county/county-equivalent,183,WASHINGTON,0,0,0.0,0.0,Thunderstorm Wind,2,0.0
IA-PROC-2024-36,2024-36,Kimberly K. Reynolds,Severe Storms and Flooding beginning June 26 (Clayton and Scott),2024-07-16,https://homelandsecurity.iowa.gov/media/397/download?inline,C,county/county-equivalent,153,POLK,0,0,520000.0,0.0,"Lightning, Thunderstorm Wind, Tornado",4,520000.0
IA-PROC-2024-36,2024-36,Kimberly K. Reynolds,Severe Storms and Flooding beginning June 26 (Clayton and Scott),2024-07-16,https://homelandsecurity.iowa.gov/media/397/download?inline,C,county/county-equivalent,11,BENTON,0,0,0.0,0.0,"Hail, Thunderstorm Wind",2,0.0
IA-PROC-2024-36,2024-36,Kimberly K. Reynolds,Severe Storms and Flooding beginning June 26 (Clayton and Scott),2024-07-16,https://homelandsecurity.iowa.gov/media/397/download?inline,C,county/county-equivalent,13,BLACK HAWK,0,0,0.0,0.0,"Flash Flood, Hail",3,0.0
IA-PROC-2024-36,2024-36,Kimberly K. Reynolds,Severe Storms and Flooding beginning June 26 (Clayton and Scott),2024-07-16,https://homelandsecurity.iowa.gov/media/397/download?inline,C,county/county-equivalent,19,BUCHANAN,0,0,0.0,0.0,Thunderstorm Wind,2,0.0
IA-PROC-2024-36,2024-36,Kimberly K. Reynolds,Severe Storms and Flooding beginning June 26 (Clayton and Scott),2024-07-16,https://homelandsecurity.iowa.gov/media/397/download?inline,C,county/county-equivalent,23,BUTLER,0,0,0.0,0.0,Hail,1,0.0
IA-PROC-2024-36,2024-36,Kimberly K. Reynolds,Severe Storms and Flooding beginning June 26 (Clayton and Scott),2024-07-16,https://homelandsecurity.iowa.gov/media/397/download?inline,C,county/county-equivalent,27,CARROLL,0,0,0.0,0.0,"Hail, Thunderstorm Wind",2,0.0
IA-PROC-2024-36,2024-36,Kimberly K. Reynolds,Severe Storms and Flooding beginning June 26 (Clayton and Scott),2024-07-16,https://homelandsecurity.iowa.gov/media/397/download?inline,C,county/county-equivalent,43,CLAYTON,0,0,0.0,0.0,"Hail, Thunderstorm Wind",2,0.0
IA-PROC-2024-36,2024-36,Kimberly K. Reynolds,Severe Storms and Flooding beginning June 26 (Clayton and Scott),2024-07-16,https://homelandsecurity.iowa.gov/media/397/download?inline,C,county/county-equivalent,45,CLINTON,0,0,0.0,0.0,Thunderstorm Wind,1,0.0
IA-PROC-2024-36,2024-36,Kimberly K. Reynolds,Severe Storms and Flooding beginning June 26 (Clayton and Scott),2024-07-16,https://homelandsecurity.iowa.gov/media/397/download?inline,C,county/county-equivalent,47,CRAWFORD,0,0,0.0,0.0,Hail,4,0.0
IA-PROC-2024-36,2024-36,Kimberly K. Reynolds,Severe Storms and Flooding beginning June 26 (Clayton and Scott),2024-07-16,https://homelandsecurity.iowa.gov/media/397/download?inline,C,county/county-equivalent,55,DELAWARE,0,0,0.0,0.0,Thunderstorm Wind,2,0.0
IA-PROC-2024-36,2024-36,Kimberly K. Reynolds,Severe Storms and Flooding beginning June 26 (Clayton and Scott),2024-07-16,https://homelandsecurity.iowa.gov/media/397/download?inline,C,county/county-equivalent,57,DES MOINES,0,0,0.0,0.0,Thunderstorm Wind,2,0.0
IA-PROC-2024-36,2024-36,Kimberly K. Reynolds,Severe Storms and Flooding beginning June 26 (Clayton and Scott),2024-07-16,https://homelandsecurity.iowa.gov/media/397/download?inline,C,county/county-equivalent,61,DUBUQUE,0,0,0.0,0.0,"Flash Flood, Thunderstorm Wind",13,0.0
IA-PROC-2024-36,2024-36,Kimberly K. Reynolds,Severe Storms and Flooding beginning June 26 (Clayton and Scott),2024-07-16,https://homelandsecurity.iowa.gov/media/397/download?inline,C,county/county-equivalent,83,HARDIN,0,0,0.0,0.0,Thunderstorm Wind,2,0.0
IA-PROC-2024-36,2024-36,Kimberly K. Reynolds,Severe Storms and Flooding beginning June 26 (Clayton and Scott),2024-07-16,https://homelandsecurity.iowa.gov/media/397/download?inline,C,county/county-equivalent,95,IOWA,0,0,0.0,0.0,Thunderstorm Wind,1,0.0
IA-PROC-2024-36,2024-36,Kimberly K. Reynolds,Severe Storms and Flooding beginning June 26 (Clayton and Scott),2024-07-16,https://homelandsecurity.iowa.gov/media/397/download?inline,C,county/county-equivalent,99,JASPER,0,0,0.0,0.0,"Hail, Thunderstorm Wind",2,0.0
IA-PROC-2024-36,2024-36,Kimberly K. Reynolds,Severe Storms and Flooding beginning June 26 (Clayton and Scott),2024-07-16,https://homelandsecurity.iowa.gov/media/397/download?inline,C,county/county-equivalent,103,JOHNSON,0,0,0.0,0.0,Thunderstorm Wind,5,0.0
IA-PROC-2024-36,2024-36,Kimberly K. Reynolds,Severe Storms and Flooding beginning June 26 (Clayton and Scott),2024-07-16,https://homelandsecurity.iowa.gov/media/397/download?inline,C,county/county-equivalent,105,JONES,0,0,0.0,0.0,"Thunderstorm Wind, Tornado",4,0.0
IA-PROC-2024-36,2024-36,Kimberly K. Reynolds,Severe Storms and Flooding beginning June 26 (Clayton and Scott),2024-07-16,https://homelandsecurity.iowa.gov/media/397/download?inline,C,county/county-equivalent,107,KEOKUK,0,0,0.0,0.0,"Hail, Thunderstorm Wind",3,0.0
IA-PROC-2024-36,2024-36,Kimberly K. Reynolds,Severe Storms and Flooding beginning June 26 (Clayton and Scott),2024-07-16,https://homelandsecurity.iowa.gov/media/397/download?inline,C,county/county-equivalent,113,LINN,0,0,0.0,0.0,"Flash Flood, Thunderstorm Wind",14,0.0
IA-PROC-2024-36,2024-36,Kimberly K. Reynolds,Severe Storms and Flooding beginning June 26 (Clayton and Scott),2024-07-16,https://homelandsecurity.iowa.gov/media/397/download?inline,C,county/county-equivalent,119,LYON,0,0,0.0,0.0,Thunderstorm Wind,1,0.0
IA-PROC-2024-36,2024-36,Kimberly K. Reynolds,Severe Storms and Flooding beginning June 26 (Clayton and Scott),2024-07-16,https://homelandsecurity.iowa.gov/media/397/download?inline,C,county/county-equivalent,123,MAHASKA,0,0,0.0,0.0,Thunderstorm Wind,2,0.0
IA-PROC-2024-36,2024-36,Kimberly K. Reynolds,Severe Storms and Flooding beginning June 26 (Clayton and Scott),2024-07-16,https://homelandsecurity.iowa.gov/media/397/download?inline,C,county/county-equivalent,125,MARION,0,0,0.0,0.0,Thunderstorm Wind,2,0.0
IA-PROC-2024-36,2024-36,Kimberly K. Reynolds,Severe Storms and Flooding beginning June 26 (Clayton and Scott),2024-07-16,https://homelandsecurity.iowa.gov/media/397/download?inline,C,county/county-equivalent,139,MUSCATINE,0,0,0.0,0.0,Tornado,1,0.0
IA-PROC-2024-36,2024-36,Kimberly K. Reynolds,Severe Storms and Flooding beginning June 26 (Clayton and Scott),2024-07-16,https://homelandsecurity.iowa.gov/media/397/download?inline,C,county/county-equivalent,157,POWESHIEK,0,0,0.0,0.0,Thunderstorm Wind,2,0.0
IA-PROC-2024-36,2024-36,Kimberly K. Reynolds,Severe Storms and Flooding beginning June 26 (Clayton and Scott),2024-07-16,https://homelandsecurity.iowa.gov/media/397/download?inline,C,county/county-equivalent,161,SAC,0,0,0.0,0.0,Thunderstorm Wind,1,0.0
IA-PROC-2024-36,2024-36,Kimberly K. Reynolds,Severe Storms and Flooding beginning June 26 (Clayton and Scott),2024-07-16,https://homelandsecurity.iowa.gov/media/397/download?inline,C,county/county-equivalent,163,SCOTT,0,0,0.0,0.0,"Thunderstorm Wind, Tornado",16,0.0
IA-PROC-2024-36,2024-36,Kimberly K. Reynolds,Severe Storms and Flooding beginning June 26 (Clayton and Scott),2024-07-16,https://homelandsecurity.iowa.gov/media/397/download?inline,C,county/county-equivalent,167,SIOUX,0,0,0.0,0.0,Thunderstorm Wind,2,0.0
IA-PROC-2024-36,2024-36,Kimberly K. Reynolds,Severe Storms and Flooding beginning June 26 (Clayton and Scott),2024-07-16,https://homelandsecurity.iowa.gov/media/397/download?inline,C,county/county-equivalent,169,STORY,0,0,0.0,0.0,Hail,1,0.0
IA-PROC-2024-36,2024-36,Kimberly K. Reynolds,Severe Storms and Flooding beginning June 26 (Clayton and Scott),2024-07-16,https://homelandsecurity.iowa.gov/media/397/download?inline,C,county/county-equivalent,171,TAMA,0,0,0.0,0.0,Hail,3,0.0
IA-PROC-2024-36,2024-36,Kimberly K. Reynolds,Severe Storms and Flooding beginning June 26 (Clayton and Scott),2024-07-16,https://homelandsecurity.iowa.gov/media/397/download?inline,C,county/county-equivalent,183,WASHINGTON,0,0,0.0,0.0,Thunderstorm Wind,2,0.0
IA-PROC-2024-38,2024-38,Kimberly K. Reynolds,Severe Storms and Flooding June 21 and continuing - Emergency Classrooms (Sioux),2024-07-30,https://homelandsecurity.iowa.gov/media/467/download?inline,C,county/county-equivalent,171,TAMA,0,0,2000.0,0.0,Thunderstorm Wind,1,2000.0
IA-PROC-2024-38,2024-38,Kimberly K. Reynolds,Severe Storms and Flooding June 21 and continuing - Emergency Classrooms (Sioux),2024-07-30,https://homelandsecurity.iowa.gov/media/467/download?inline,C,county/county-equivalent,181,WARREN,0,0,2000.0,0.0,"Heavy Rain, Thunderstorm Wind",6,2000.0
IA-PROC-2024-38,2024-38,Kimberly K. Reynolds,Severe Storms and Flooding June 21 and continuing - Emergency Classrooms (Sioux),2024-07-30,https://homelandsecurity.iowa.gov/media/467/download?inline,C,county/county-equivalent,1,ADAIR,0,0,0.0,0.0,Thunderstorm Wind,1,0.0
IA-PROC-2024-38,2024-38,Kimberly K. Reynolds,Severe Storms and Flooding June 21 and continuing - Emergency Classrooms (Sioux),2024-07-30,https://homelandsecurity.iowa.gov/media/467/download?inline,C,county/county-equivalent,7,APPANOOSE,0,0,0.0,0.0,"Hail, Thunderstorm Wind",4,0.0
IA-PROC-2024-38,2024-38,Kimberly K. Reynolds,Severe Storms and Flooding June 21 and continuing - Emergency Classrooms (Sioux),2024-07-30,https://homelandsecurity.iowa.gov/media/467/download?inline,C,county/county-equivalent,9,AUDUBON,0,0,0.0,0.0,Thunderstorm Wind,2,0.0
IA-PROC-2024-38,2024-38,Kimberly K. Reynolds,Severe Storms and Flooding June 21 and continuing - Emergency Classrooms (Sioux),2024-07-30,https://homelandsecurity.iowa.gov/media/467/download?inline,C,county/county-equivalent,15,BOONE,0,0,0.0,0.0,Hail,1,0.0
IA-PROC-2024-38,2024-38,Kimberly K. Reynolds,Severe Storms and Flooding June 21 and continuing - Emergency Classrooms (Sioux),2024-07-30,https://homelandsecurity.iowa.gov/media/467/download?inline,C,county/county-equivalent,25,CALHOUN,0,0,0.0,0.0,Heavy Rain,1,0.0
IA-PROC-2024-38,2024-38,Kimberly K. Reynolds,Severe Storms and Flooding June 21 and continuing - Emergency Classrooms (Sioux),2024-07-30,https://homelandsecurity.iowa.gov/media/467/download?inline,C,county/county-equivalent,27,CARROLL,0,0,0.0,0.0,Thunderstorm Wind,1,0.0
IA-PROC-2024-38,2024-38,Kimberly K. Reynolds,Severe Storms and Flooding June 21 and continuing - Emergency Classrooms (Sioux),2024-07-30,https://homelandsecurity.iowa.gov/media/467/download?inline,C,county/county-equivalent,29,CASS,0,0,0.0,0.0,Thunderstorm Wind,1,0.0
IA-PROC-2024-38,2024-38,Kimberly K. Reynolds,Severe Storms and Flooding June 21 and continuing - Emergency Classrooms (Sioux),2024-07-30,https://homelandsecurity.iowa.gov/media/467/download?inline,C,county/county-equivalent,35,CHEROKEE,0,0,0.0,0.0,Thunderstorm Wind,4,0.0
IA-PROC-2024-38,2024-38,Kimberly K. Reynolds,Severe Storms and Flooding June 21 and continuing - Emergency Classrooms (Sioux),2024-07-30,https://homelandsecurity.iowa.gov/media/467/download?inline,C,county/county-equivalent,49,DALLAS,0,0,0.0,0.0,"Hail, Heavy Rain, Thunderstorm Wind",3,0.0
IA-PROC-2024-38,2024-38,Kimberly K. Reynolds,Severe Storms and Flooding June 21 and continuing - Emergency Classrooms (Sioux),2024-07-30,https://homelandsecurity.iowa.gov/media/467/download?inline,C,county/county-equivalent,51,DAVIS,0,0,0.0,0.0,"Hail, Thunderstorm Wind",2,0.0
IA-PROC-2024-38,2024-38,Kimberly K. Reynolds,Severe Storms and Flooding June 21 and continuing - Emergency Classrooms (Sioux),2024-07-30,https://homelandsecurity.iowa.gov/media/467/download?inline,C,county/county-equivalent,53,DECATUR,0,0,0.0,0.0,Thunderstorm Wind,1,0.0
IA-PROC-2024-38,2024-38,Kimberly K. Reynolds,Severe Storms and Flooding June 21 and continuing - Emergency Classrooms (Sioux),2024-07-30,https://homelandsecurity.iowa.gov/media/467/download?inline,C,county/county-equivalent,57,DES MOINES,0,0,0.0,0.0,Thunderstorm Wind,1,0.0
IA-PROC-2024-38,2024-38,Kimberly K. Reynolds,Severe Storms and Flooding June 21 and continuing - Emergency Classrooms (Sioux),2024-07-30,https://homelandsecurity.iowa.gov/media/467/download?inline,C,county/county-equivalent,77,GUTHRIE,0,0,0.0,0.0,"Hail, Thunderstorm Wind",2,0.0
IA-PROC-2024-38,2024-38,Kimberly K. Reynolds,Severe Storms and Flooding June 21 and continuing - Emergency Classrooms (Sioux),2024-07-30,https://homelandsecurity.iowa.gov/media/467/download?inline,C,county/county-equivalent,79,HAMILTON,0,0,0.0,0.0,Heavy Rain,1,0.0
IA-PROC-2024-38,2024-38,Kimberly K. Reynolds,Severe Storms and Flooding June 21 and continuing - Emergency Classrooms (Sioux),2024-07-30,https://homelandsecurity.iowa.gov/media/467/download?inline,C,county/county-equivalent,85,HARRISON,0,0,0.0,0.0,Thunderstorm Wind,3,0.0
IA-PROC-2024-38,2024-38,Kimberly K. Reynolds,Severe Storms and Flooding June 21 and continuing - Emergency Classrooms (Sioux),2024-07-30,https://homelandsecurity.iowa.gov/media/467/download?inline,C,county/county-equivalent,99,JASPER,0,0,0.0,0.0,"Hail, Heavy Rain",8,0.0
IA-PROC-2024-38,2024-38,Kimberly K. Reynolds,Severe Storms and Flooding June 21 and continuing - Emergency Classrooms (Sioux),2024-07-30,https://homelandsecurity.iowa.gov/media/467/download?inline,C,county/county-equivalent,101,JEFFERSON,0,0,0.0,0.0,Thunderstorm Wind,1,0.0
IA-PROC-2024-38,2024-38,Kimberly K. Reynolds,Severe Storms and Flooding June 21 and continuing - Emergency Classrooms (Sioux),2024-07-30,https://homelandsecurity.iowa.gov/media/467/download?inline,C,county/county-equivalent,107,KEOKUK,0,0,0.0,0.0,Thunderstorm Wind,2,0.0
IA-PROC-2024-38,2024-38,Kimberly K. Reynolds,Severe Storms and Flooding June 21 and continuing - Emergency Classrooms (Sioux),2024-07-30,https://homelandsecurity.iowa.gov/media/467/download?inline,C,county/county-equivalent,111,LEE,0,0,0.0,0.0,Thunderstorm Wind,6,0.0
IA-PROC-2024-38,2024-38,Kimberly K. Reynolds,Severe Storms and Flooding June 21 and continuing - Emergency Classrooms (Sioux),2024-07-30,https://homelandsecurity.iowa.gov/media/467/download?inline,C,county/county-equivalent,117,LUCAS,0,0,0.0,0.0,Thunderstorm Wind,1,0.0
IA-PROC-2024-38,2024-38,Kimberly K. Reynolds,Severe Storms and Flooding June 21 and continuing - Emergency Classrooms (Sioux),2024-07-30,https://homelandsecurity.iowa.gov/media/467/download?inline,C,county/county-equivalent,123,MAHASKA,0,0,0.0,0.0,Thunderstorm Wind,1,0.0
IA-PROC-2024-38,2024-38,Kimberly K. Reynolds,Severe Storms and Flooding June 21 and continuing - Emergency Classrooms (Sioux),2024-07-30,https://homelandsecurity.iowa.gov/media/467/download?inline,C,county/county-equivalent,125,MARION,0,0,0.0,0.0,"Flash Flood, Flood, Hail, Heavy Rain, Thunderstorm Wind",16,0.0
IA-PROC-2024-38,2024-38,Kimberly K. Reynolds,Severe Storms and Flooding June 21 and continuing - Emergency Classrooms (Sioux),2024-07-30,https://homelandsecurity.iowa.gov/media/467/download?inline,C,county/county-equivalent,127,MARSHALL,0,0,0.0,0.0,Heavy Rain,1,0.0
IA-PROC-2024-38,2024-38,Kimberly K. Reynolds,Severe Storms and Flooding June 21 and continuing - Emergency Classrooms (Sioux),2024-07-30,https://homelandsecurity.iowa.gov/media/467/download?inline,C,county/county-equivalent,129,MILLS,0,0,0.0,0.0,Thunderstorm Wind,3,0.0
IA-PROC-2024-38,2024-38,Kimberly K. Reynolds,Severe Storms and Flooding June 21 and continuing - Emergency Classrooms (Sioux),2024-07-30,https://homelandsecurity.iowa.gov/media/467/download?inline,C,county/county-equivalent,133,MONONA,0,0,0.0,0.0,Thunderstorm Wind,1,0.0
IA-PROC-2024-38,2024-38,Kimberly K. Reynolds,Severe Storms and Flooding June 21 and continuing - Emergency Classrooms (Sioux),2024-07-30,https://homelandsecurity.iowa.gov/media/467/download?inline,C,county/county-equivalent,135,MONROE,0,0,0.0,0.0,"Flash Flood, Thunderstorm Wind",2,0.0
IA-PROC-2024-38,2024-38,Kimberly K. Reynolds,Severe Storms and Flooding June 21 and continuing - Emergency Classrooms (Sioux),2024-07-30,https://homelandsecurity.iowa.gov/media/467/download?inline,C,county/county-equivalent,137,MONTGOMERY,0,0,0.0,0.0,Thunderstorm Wind,1,0.0
IA-PROC-2024-38,2024-38,Kimberly K. Reynolds,Severe Storms and Flooding June 21 and continuing - Emergency Classrooms (Sioux),2024-07-30,https://homelandsecurity.iowa.gov/media/467/download?inline,C,county/county-equivalent,149,PLYMOUTH,0,0,0.0,0.0,Thunderstorm Wind,6,0.0
IA-PROC-2024-38,2024-38,Kimberly K. Reynolds,Severe Storms and Flooding June 21 and continuing - Emergency Classrooms (Sioux),2024-07-30,https://homelandsecurity.iowa.gov/media/467/download?inline,C,county/county-equivalent,153,POLK,0,0,0.0,0.0,"Hail, Heavy Rain, Thunderstorm Wind",19,0.0
IA-PROC-2024-38,2024-38,Kimberly K. Reynolds,Severe Storms and Flooding June 21 and continuing - Emergency Classrooms (Sioux),2024-07-30,https://homelandsecurity.iowa.gov/media/467/download?inline,C,county/county-equivalent,155,POTTAWATTAMIE,0,0,0.0,0.0,Thunderstorm Wind,2,0.0
IA-PROC-2024-38,2024-38,Kimberly K. Reynolds,Severe Storms and Flooding June 21 and continuing - Emergency Classrooms (Sioux),2024-07-30,https://homelandsecurity.iowa.gov/media/467/download?inline,C,county/county-equivalent,161,SAC,0,0,0.0,0.0,Thunderstorm Wind,1,0.0
IA-PROC-2024-38,2024-38,Kimberly K. Reynolds,Severe Storms and Flooding June 21 and continuing - Emergency Classrooms (Sioux),2024-07-30,https://homelandsecurity.iowa.gov/media/467/download?inline,C,county/county-equivalent,167,SIOUX,0,0,0.0,0.0,Hail,1,0.0
IA-PROC-2024-38,2024-38,Kimberly K. Reynolds,Severe Storms and Flooding June 21 and continuing - Emergency Classrooms (Sioux),2024-07-30,https://homelandsecurity.iowa.gov/media/467/download?inline,C,county/county-equivalent,169,STORY,0,0,0.0,0.0,Heavy Rain,4,0.0
IA-PROC-2024-38,2024-38,Kimberly K. Reynolds,Severe Storms and Flooding June 21 and continuing - Emergency Classrooms (Sioux),2024-07-30,https://homelandsecurity.iowa.gov/media/467/download?inline,C,county/county-equivalent,177,VAN BUREN,0,0,0.0,0.0,Thunderstorm Wind,2,0.0
IA-PROC-2024-38,2024-38,Kimberly K. Reynolds,Severe Storms and Flooding June 21 and continuing - Emergency Classrooms (Sioux),2024-07-30,https://homelandsecurity.iowa.gov/media/467/download?inline,C,county/county-equivalent,179,WAPELLO,0,0,0.0,0.0,"Heavy Rain, Thunderstorm Wind",8,0.0
IA-PROC-2024-38,2024-38,Kimberly K. Reynolds,Severe Storms and Flooding June 21 and continuing - Emergency Classrooms (Sioux),2024-07-30,https://homelandsecurity.iowa.gov/media/467/download?inline,C,county/county-equivalent,187,WEBSTER,0,0,0.0,0.0,Heavy Rain,3,0.0
IA-PROC-2024-38,2024-38,Kimberly K. Reynolds,Severe Storms and Flooding June 21 and continuing - Emergency Classrooms (Sioux),2024-07-30,https://homelandsecurity.iowa.gov/media/467/download?inline,C,county/county-equivalent,193,WOODBURY,0,0,0.0,0.0,"Flash Flood, Thunderstorm Wind",11,0.0
IA-PROC-2024-39,2024-39,Kimberly K. Reynolds,"Severe Storms July 29 and continuing (Cass, Mills, Plymouth, Pottawattamie, Wapello, Webster, and Woodbury)",2024-08-01,https://homelandsecurity.iowa.gov/media/473/download?inline,C,county/county-equivalent,181,WARREN,0,0,2000.0,0.0,"Heavy Rain, Thunderstorm Wind",3,2000.0
IA-PROC-2024-39,2024-39,Kimberly K. Reynolds,"Severe Storms July 29 and continuing (Cass, Mills, Plymouth, Pottawattamie, Wapello, Webster, and Woodbury)",2024-08-01,https://homelandsecurity.iowa.gov/media/473/download?inline,C,county/county-equivalent,1,ADAIR,0,0,0.0,0.0,Thunderstorm Wind,1,0.0
IA-PROC-2024-39,2024-39,Kimberly K. Reynolds,"Severe Storms July 29 and continuing (Cass, Mills, Plymouth, Pottawattamie, Wapello, Webster, and Woodbury)",2024-08-01,https://homelandsecurity.iowa.gov/media/473/download?inline,C,county/county-equivalent,7,APPANOOSE,0,0,0.0,0.0,"Hail, Thunderstorm Wind",4,0.0
IA-PROC-2024-39,2024-39,Kimberly K. Reynolds,"Severe Storms July 29 and continuing (Cass, Mills, Plymouth, Pottawattamie, Wapello, Webster, and Woodbury)",2024-08-01,https://homelandsecurity.iowa.gov/media/473/download?inline,C,county/county-equivalent,9,AUDUBON,0,0,0.0,0.0,Thunderstorm Wind,2,0.0
IA-PROC-2024-39,2024-39,Kimberly K. Reynolds,"Severe Storms July 29 and continuing (Cass, Mills, Plymouth, Pottawattamie, Wapello, Webster, and Woodbury)",2024-08-01,https://homelandsecurity.iowa.gov/media/473/download?inline,C,county/county-equivalent,15,BOONE,0,0,0.0,0.0,Hail,1,0.0
IA-PROC-2024-39,2024-39,Kimberly K. Reynolds,"Severe Storms July 29 and continuing (Cass, Mills, Plymouth, Pottawattamie, Wapello, Webster, and Woodbury)",2024-08-01,https://homelandsecurity.iowa.gov/media/473/download?inline,C,county/county-equivalent,27,CARROLL,0,0,0.0,0.0,Thunderstorm Wind,1,0.0
IA-PROC-2024-39,2024-39,Kimberly K. Reynolds,"Severe Storms July 29 and continuing (Cass, Mills, Plymouth, Pottawattamie, Wapello, Webster, and Woodbury)",2024-08-01,https://homelandsecurity.iowa.gov/media/473/download?inline,C,county/county-equivalent,29,CASS,0,0,0.0,0.0,Thunderstorm Wind,1,0.0
IA-PROC-2024-39,2024-39,Kimberly K. Reynolds,"Severe Storms July 29 and continuing (Cass, Mills, Plymouth, Pottawattamie, Wapello, Webster, and Woodbury)",2024-08-01,https://homelandsecurity.iowa.gov/media/473/download?inline,C,county/county-equivalent,35,CHEROKEE,0,0,0.0,0.0,Thunderstorm Wind,4,0.0
IA-PROC-2024-39,2024-39,Kimberly K. Reynolds,"Severe Storms July 29 and continuing (Cass, Mills, Plymouth, Pottawattamie, Wapello, Webster, and Woodbury)",2024-08-01,https://homelandsecurity.iowa.gov/media/473/download?inline,C,county/county-equivalent,49,DALLAS,0,0,0.0,0.0,"Hail, Heavy Rain, Thunderstorm Wind",3,0.0
IA-PROC-2024-39,2024-39,Kimberly K. Reynolds,"Severe Storms July 29 and continuing (Cass, Mills, Plymouth, Pottawattamie, Wapello, Webster, and Woodbury)",2024-08-01,https://homelandsecurity.iowa.gov/media/473/download?inline,C,county/county-equivalent,51,DAVIS,0,0,0.0,0.0,"Hail, Thunderstorm Wind",2,0.0
IA-PROC-2024-39,2024-39,Kimberly K. Reynolds,"Severe Storms July 29 and continuing (Cass, Mills, Plymouth, Pottawattamie, Wapello, Webster, and Woodbury)",2024-08-01,https://homelandsecurity.iowa.gov/media/473/download?inline,C,county/county-equivalent,53,DECATUR,0,0,0.0,0.0,Thunderstorm Wind,1,0.0
IA-PROC-2024-39,2024-39,Kimberly K. Reynolds,"Severe Storms July 29 and continuing (Cass, Mills, Plymouth, Pottawattamie, Wapello, Webster, and Woodbury)",2024-08-01,https://homelandsecurity.iowa.gov/media/473/download?inline,C,county/county-equivalent,57,DES MOINES,0,0,0.0,0.0,Thunderstorm Wind,1,0.0
IA-PROC-2024-39,2024-39,Kimberly K. Reynolds,"Severe Storms July 29 and continuing (Cass, Mills, Plymouth, Pottawattamie, Wapello, Webster, and Woodbury)",2024-08-01,https://homelandsecurity.iowa.gov/media/473/download?inline,C,county/county-equivalent,77,GUTHRIE,0,0,0.0,0.0,"Hail, Thunderstorm Wind",2,0.0
IA-PROC-2024-39,2024-39,Kimberly K. Reynolds,"Severe Storms July 29 and continuing (Cass, Mills, Plymouth, Pottawattamie, Wapello, Webster, and Woodbury)",2024-08-01,https://homelandsecurity.iowa.gov/media/473/download?inline,C,county/county-equivalent,85,HARRISON,0,0,0.0,0.0,Thunderstorm Wind,3,0.0
IA-PROC-2024-39,2024-39,Kimberly K. Reynolds,"Severe Storms July 29 and continuing (Cass, Mills, Plymouth, Pottawattamie, Wapello, Webster, and Woodbury)",2024-08-01,https://homelandsecurity.iowa.gov/media/473/download?inline,C,county/county-equivalent,99,JASPER,0,0,0.0,0.0,"Hail, Heavy Rain",6,0.0
IA-PROC-2024-39,2024-39,Kimberly K. Reynolds,"Severe Storms July 29 and continuing (Cass, Mills, Plymouth, Pottawattamie, Wapello, Webster, and Woodbury)",2024-08-01,https://homelandsecurity.iowa.gov/media/473/download?inline,C,county/county-equivalent,101,JEFFERSON,0,0,0.0,0.0,Thunderstorm Wind,1,0.0
IA-PROC-2024-39,2024-39,Kimberly K. Reynolds,"Severe Storms July 29 and continuing (Cass, Mills, Plymouth, Pottawattamie, Wapello, Webster, and Woodbury)",2024-08-01,https://homelandsecurity.iowa.gov/media/473/download?inline,C,county/county-equivalent,107,KEOKUK,0,0,0.0,0.0,Thunderstorm Wind,2,0.0
IA-PROC-2024-39,2024-39,Kimberly K. Reynolds,"Severe Storms July 29 and continuing (Cass, Mills, Plymouth, Pottawattamie, Wapello, Webster, and Woodbury)",2024-08-01,https://homelandsecurity.iowa.gov/media/473/download?inline,C,county/county-equivalent,111,LEE,0,0,0.0,0.0,Thunderstorm Wind,6,0.0
IA-PROC-2024-39,2024-39,Kimberly K. Reynolds,"Severe Storms July 29 and continuing (Cass, Mills, Plymouth, Pottawattamie, Wapello, Webster, and Woodbury)",2024-08-01,https://homelandsecurity.iowa.gov/media/473/download?inline,C,county/county-equivalent,117,LUCAS,0,0,0.0,0.0,Thunderstorm Wind,1,0.0
IA-PROC-2024-39,2024-39,Kimberly K. Reynolds,"Severe Storms July 29 and continuing (Cass, Mills, Plymouth, Pottawattamie, Wapello, Webster, and Woodbury)",2024-08-01,https://homelandsecurity.iowa.gov/media/473/download?inline,C,county/county-equivalent,123,MAHASKA,0,0,0.0,0.0,Thunderstorm Wind,1,0.0
IA-PROC-2024-39,2024-39,Kimberly K. Reynolds,"Severe Storms July 29 and continuing (Cass, Mills, Plymouth, Pottawattamie, Wapello, Webster, and Woodbury)",2024-08-01,https://homelandsecurity.iowa.gov/media/473/download?inline,C,county/county-equivalent,125,MARION,0,0,0.0,0.0,"Flash Flood, Hail, Heavy Rain, Thunderstorm Wind",14,0.0
IA-PROC-2024-39,2024-39,Kimberly K. Reynolds,"Severe Storms July 29 and continuing (Cass, Mills, Plymouth, Pottawattamie, Wapello, Webster, and Woodbury)",2024-08-01,https://homelandsecurity.iowa.gov/media/473/download?inline,C,county/county-equivalent,129,MILLS,0,0,0.0,0.0,Thunderstorm Wind,3,0.0
IA-PROC-2024-39,2024-39,Kimberly K. Reynolds,"Severe Storms July 29 and continuing (Cass, Mills, Plymouth, Pottawattamie, Wapello, Webster, and Woodbury)",2024-08-01,https://homelandsecurity.iowa.gov/media/473/download?inline,C,county/county-equivalent,133,MONONA,0,0,0.0,0.0,Thunderstorm Wind,1,0.0
IA-PROC-2024-39,2024-39,Kimberly K. Reynolds,"Severe Storms July 29 and continuing (Cass, Mills, Plymouth, Pottawattamie, Wapello, Webster, and Woodbury)",2024-08-01,https://homelandsecurity.iowa.gov/media/473/download?inline,C,county/county-equivalent,135,MONROE,0,0,0.0,0.0,"Flash Flood, Thunderstorm Wind",2,0.0
IA-PROC-2024-39,2024-39,Kimberly K. Reynolds,"Severe Storms July 29 and continuing (Cass, Mills, Plymouth, Pottawattamie, Wapello, Webster, and Woodbury)",2024-08-01,https://homelandsecurity.iowa.gov/media/473/download?inline,C,county/county-equivalent,137,MONTGOMERY,0,0,0.0,0.0,Thunderstorm Wind,1,0.0
IA-PROC-2024-39,2024-39,Kimberly K. Reynolds,"Severe Storms July 29 and continuing (Cass, Mills, Plymouth, Pottawattamie, Wapello, Webster, and Woodbury)",2024-08-01,https://homelandsecurity.iowa.gov/media/473/download?inline,C,county/county-equivalent,149,PLYMOUTH,0,0,0.0,0.0,Thunderstorm Wind,6,0.0
IA-PROC-2024-39,2024-39,Kimberly K. Reynolds,"Severe Storms July 29 and continuing (Cass, Mills, Plymouth, Pottawattamie, Wapello, Webster, and Woodbury)",2024-08-01,https://homelandsecurity.iowa.gov/media/473/download?inline,C,county/county-equivalent,153,POLK,0,0,0.0,0.0,"Hail, Heavy Rain, Thunderstorm Wind",18,0.0
IA-PROC-2024-39,2024-39,Kimberly K. Reynolds,"Severe Storms July 29 and continuing (Cass, Mills, Plymouth, Pottawattamie, Wapello, Webster, and Woodbury)",2024-08-01,https://homelandsecurity.iowa.gov/media/473/download?inline,C,county/county-equivalent,155,POTTAWATTAMIE,0,0,0.0,0.0,Thunderstorm Wind,2,0.0
IA-PROC-2024-39,2024-39,Kimberly K. Reynolds,"Severe Storms July 29 and continuing (Cass, Mills, Plymouth, Pottawattamie, Wapello, Webster, and Woodbury)",2024-08-01,https://homelandsecurity.iowa.gov/media/473/download?inline,C,county/county-equivalent,161,SAC,0,0,0.0,0.0,Thunderstorm Wind,1,0.0
IA-PROC-2024-39,2024-39,Kimberly K. Reynolds,"Severe Storms July 29 and continuing (Cass, Mills, Plymouth, Pottawattamie, Wapello, Webster, and Woodbury)",2024-08-01,https://homelandsecurity.iowa.gov/media/473/download?inline,C,county/county-equivalent,167,SIOUX,0,0,0.0,0.0,Hail,1,0.0
IA-PROC-2024-39,2024-39,Kimberly K. Reynolds,"Severe Storms July 29 and continuing (Cass, Mills, Plymouth, Pottawattamie, Wapello, Webster, and Woodbury)",2024-08-01,https://homelandsecurity.iowa.gov/media/473/download?inline,C,county/county-equivalent,177,VAN BUREN,0,0,0.0,0.0,Thunderstorm Wind,2,0.0
IA-PROC-2024-39,2024-39,Kimberly K. Reynolds,"Severe Storms July 29 and continuing (Cass, Mills, Plymouth, Pottawattamie, Wapello, Webster, and Woodbury)",2024-08-01,https://homelandsecurity.iowa.gov/media/473/download?inline,C,county/county-equivalent,179,WAPELLO,0,0,0.0,0.0,"Heavy Rain, Thunderstorm Wind",7,0.0
IA-PROC-2024-39,2024-39,Kimberly K. Reynolds,"Severe Storms July 29 and continuing (Cass, Mills, Plymouth, Pottawattamie, Wapello, Webster, and Woodbury)",2024-08-01,https://homelandsecurity.iowa.gov/media/473/download?inline,C,county/county-equivalent,193,WOODBURY,0,0,0.0,0.0,Thunderstorm Wind,9,0.0
IA-PROC-2024-40,2024-40,Kimberly K. Reynolds,Severe Storms July 29 and continuing (Polk),2024-08-07,https://homelandsecurity.iowa.gov/media/479/download?inline,C,county/county-equivalent,5,ALLAMAKEE,0,0,50000.0,36000.0,"Thunderstorm Wind, Tornado",2,86000.0
IA-PROC-2024-40,2024-40,Kimberly K. Reynolds,Severe Storms July 29 and continuing (Polk),2024-08-07,https://homelandsecurity.iowa.gov/media/479/download?inline,C,county/county-equivalent,191,WINNESHIEK,0,0,25000.0,44000.0,"Thunderstorm Wind, Tornado",7,69000.0
IA-PROC-2024-40,2024-40,Kimberly K. Reynolds,Severe Storms July 29 and continuing (Polk),2024-08-07,https://homelandsecurity.iowa.gov/media/479/download?inline,C,county/county-equivalent,195,WORTH,0,0,0.0,2000.0,Tornado,3,2000.0
IA-PROC-2024-40,2024-40,Kimberly K. Reynolds,Severe Storms July 29 and continuing (Polk),2024-08-07,https://homelandsecurity.iowa.gov/media/479/download?inline,C,county/county-equivalent,37,CHICKASAW,0,0,0.0,1000.0,Thunderstorm Wind,1,1000.0
IA-PROC-2024-40,2024-40,Kimberly K. Reynolds,Severe Storms July 29 and continuing (Polk),2024-08-07,https://homelandsecurity.iowa.gov/media/479/download?inline,C,county/county-equivalent,89,HOWARD,0,0,0.0,1000.0,Thunderstorm Wind,1,1000.0
IA-PROC-2024-41,2024-41,Kimberly K. Reynolds,Severe Storms August 5 and continuing (Allamakee and Winneshiek),2024-08-08,https://homelandsecurity.iowa.gov/media/480/download?inline,C,county/county-equivalent,5,ALLAMAKEE,0,0,50000.0,36000.0,"Thunderstorm Wind, Tornado",2,86000.0
IA-PROC-2024-41,2024-41,Kimberly K. Reynolds,Severe Storms August 5 and continuing (Allamakee and Winneshiek),2024-08-08,https://homelandsecurity.iowa.gov/media/480/download?inline,C,county/county-equivalent,191,WINNESHIEK,0,0,25000.0,44000.0,"Thunderstorm Wind, Tornado",7,69000.0
IA-PROC-2024-41,2024-41,Kimberly K. Reynolds,Severe Storms August 5 and continuing (Allamakee and Winneshiek),2024-08-08,https://homelandsecurity.iowa.gov/media/480/download?inline,C,county/county-equivalent,195,WORTH,0,0,0.0,2000.0,Tornado,3,2000.0
IA-PROC-2024-41,2024-41,Kimberly K. Reynolds,Severe Storms August 5 and continuing (Allamakee and Winneshiek),2024-08-08,https://homelandsecurity.iowa.gov/media/480/download?inline,C,county/county-equivalent,37,CHICKASAW,0,0,0.0,1000.0,Thunderstorm Wind,1,1000.0
IA-PROC-2024-41,2024-41,Kimberly K. Reynolds,Severe Storms August 5 and continuing (Allamakee and Winneshiek),2024-08-08,https://homelandsecurity.iowa.gov/media/480/download?inline,C,county/county-equivalent,89,HOWARD,0,0,0.0,1000.0,Thunderstorm Wind,1,1000.0
IA-PROC-2024-43,2024-43,Kimberly K. Reynolds,Severe Storms August 27 and continuing (Des Moines),2024-08-28,https://homelandsecurity.iowa.gov/media/493/download?inline,C,county/county-equivalent,89,HOWARD,0,0,60000.0,0.0,Thunderstorm Wind,2,60000.0
IA-PROC-2024-43,2024-43,Kimberly K. Reynolds,Severe Storms August 27 and continuing (Des Moines),2024-08-28,https://homelandsecurity.iowa.gov/media/493/download?inline,C,county/county-equivalent,67,FLOYD,0,0,25000.0,17000.0,Thunderstorm Wind,4,42000.0
IA-PROC-2024-43,2024-43,Kimberly K. Reynolds,Severe Storms August 27 and continuing (Des Moines),2024-08-28,https://homelandsecurity.iowa.gov/media/493/download?inline,C,county/county-equivalent,191,WINNESHIEK,0,0,15000.0,1000.0,Thunderstorm Wind,1,16000.0
IA-PROC-2024-43,2024-43,Kimberly K. Reynolds,Severe Storms August 27 and continuing (Des Moines),2024-08-28,https://homelandsecurity.iowa.gov/media/493/download?inline,C,county/county-equivalent,57,DES MOINES,0,0,0.0,0.0,Thunderstorm Wind,5,0.0
IA-PROC-2024-43,2024-43,Kimberly K. Reynolds,Severe Storms August 27 and continuing (Des Moines),2024-08-28,https://homelandsecurity.iowa.gov/media/493/download?inline,C,county/county-equivalent,59,DICKINSON,0,0,0.0,0.0,Tornado,1,0.0
IA-PROC-2024-43,2024-43,Kimberly K. Reynolds,Severe Storms August 27 and continuing (Des Moines),2024-08-28,https://homelandsecurity.iowa.gov/media/493/download?inline,C,county/county-equivalent,91,HUMBOLDT,0,0,0.0,0.0,Thunderstorm Wind,1,0.0
IA-PROC-2024-43,2024-43,Kimberly K. Reynolds,Severe Storms August 27 and continuing (Des Moines),2024-08-28,https://homelandsecurity.iowa.gov/media/493/download?inline,C,county/county-equivalent,129,MILLS,0,0,0.0,0.0,Thunderstorm Wind,1,0.0
IA-PROC-2024-43,2024-43,Kimberly K. Reynolds,Severe Storms August 27 and continuing (Des Moines),2024-08-28,https://homelandsecurity.iowa.gov/media/493/download?inline,C,county/county-equivalent,177,VAN BUREN,0,0,0.0,0.0,Thunderstorm Wind,1,0.0
IA-PROC-2024-43,2024-43,Kimberly K. Reynolds,Severe Storms August 27 and continuing (Des Moines),2024-08-28,https://homelandsecurity.iowa.gov/media/493/download?inline,C,county/county-equivalent,193,WOODBURY,0,0,0.0,0.0,Flash Flood,1,0.0
IA-PROC-2025-11,2025-11,Kimberly K. Reynolds,"Severe Winter Weather (Crawford, Harrison, Monona, Shelby, and Woodbury Counties)",2025-03-19,https://homelandsecurity.iowa.gov/media/610/download?inline,Z,NWS forecast zone,3,DICKINSON,0,0,0.0,0.0,High Wind,1,0.0
IA-PROC-2025-11,2025-11,Kimberly K. Reynolds,"Severe Winter Weather (Crawford, Harrison, Monona, Shelby, and Woodbury Counties)",2025-03-19,https://homelandsecurity.iowa.gov/media/610/download?inline,Z,NWS forecast zone,4,EMMET,0,0,0.0,0.0,"Blizzard, High Wind",2,0.0
IA-PROC-2025-11,2025-11,Kimberly K. Reynolds,"Severe Winter Weather (Crawford, Harrison, Monona, Shelby, and Woodbury Counties)",2025-03-19,https://homelandsecurity.iowa.gov/media/610/download?inline,Z,NWS forecast zone,5,KOSSUTH,0,0,0.0,0.0,"Blizzard, High Wind",2,0.0
IA-PROC-2025-11,2025-11,Kimberly K. Reynolds,"Severe Winter Weather (Crawford, Harrison, Monona, Shelby, and Woodbury Counties)",2025-03-19,https://homelandsecurity.iowa.gov/media/610/download?inline,Z,NWS forecast zone,6,WINNEBAGO,0,0,0.0,0.0,"Blizzard, High Wind",2,0.0
IA-PROC-2025-11,2025-11,Kimberly K. Reynolds,"Severe Winter Weather (Crawford, Harrison, Monona, Shelby, and Woodbury Counties)",2025-03-19,https://homelandsecurity.iowa.gov/media/610/download?inline,Z,NWS forecast zone,7,WORTH,0,0,0.0,0.0,"Blizzard, High Wind",2,0.0
IA-PROC-2025-11,2025-11,Kimberly K. Reynolds,"Severe Winter Weather (Crawford, Harrison, Monona, Shelby, and Woodbury Counties)",2025-03-19,https://homelandsecurity.iowa.gov/media/610/download?inline,Z,NWS forecast zone,8,MITCHELL,0,0,0.0,0.0,Blizzard,1,0.0
IA-PROC-2025-11,2025-11,Kimberly K. Reynolds,"Severe Winter Weather (Crawford, Harrison, Monona, Shelby, and Woodbury Counties)",2025-03-19,https://homelandsecurity.iowa.gov/media/610/download?inline,Z,NWS forecast zone,9,HOWARD,0,0,0.0,0.0,Blizzard,1,0.0
IA-PROC-2025-11,2025-11,Kimberly K. Reynolds,"Severe Winter Weather (Crawford, Harrison, Monona, Shelby, and Woodbury Counties)",2025-03-19,https://homelandsecurity.iowa.gov/media/610/download?inline,Z,NWS forecast zone,10,WINNESHIEK,0,0,0.0,0.0,Winter Weather,1,0.0
IA-PROC-2025-11,2025-11,Kimberly K. Reynolds,"Severe Winter Weather (Crawford, Harrison, Monona, Shelby, and Woodbury Counties)",2025-03-19,https://homelandsecurity.iowa.gov/media/610/download?inline,Z,NWS forecast zone,13,O'BRIEN,0,0,0.0,0.0,Blizzard,1,0.0
IA-PROC-2025-11,2025-11,Kimberly K. Reynolds,"Severe Winter Weather (Crawford, Harrison, Monona, Shelby, and Woodbury Counties)",2025-03-19,https://homelandsecurity.iowa.gov/media/610/download?inline,Z,NWS forecast zone,14,CLAY,0,0,0.0,0.0,"Blizzard, High Wind",2,0.0
IA-PROC-2025-11,2025-11,Kimberly K. Reynolds,"Severe Winter Weather (Crawford, Harrison, Monona, Shelby, and Woodbury Counties)",2025-03-19,https://homelandsecurity.iowa.gov/media/610/download?inline,Z,NWS forecast zone,15,PALO ALTO,0,0,0.0,0.0,"Blizzard, High Wind",2,0.0
IA-PROC-2025-11,2025-11,Kimberly K. Reynolds,"Severe Winter Weather (Crawford, Harrison, Monona, Shelby, and Woodbury Counties)",2025-03-19,https://homelandsecurity.iowa.gov/media/610/download?inline,Z,NWS forecast zone,16,HANCOCK,0,0,0.0,0.0,"Blizzard, High Wind",2,0.0
IA-PROC-2025-11,2025-11,Kimberly K. Reynolds,"Severe Winter Weather (Crawford, Harrison, Monona, Shelby, and Woodbury Counties)",2025-03-19,https://homelandsecurity.iowa.gov/media/610/download?inline,Z,NWS forecast zone,17,CERRO GORDO,0,0,0.0,0.0,"Blizzard, High Wind",2,0.0
IA-PROC-2025-11,2025-11,Kimberly K. Reynolds,"Severe Winter Weather (Crawford, Harrison, Monona, Shelby, and Woodbury Counties)",2025-03-19,https://homelandsecurity.iowa.gov/media/610/download?inline,Z,NWS forecast zone,18,FLOYD,0,0,0.0,0.0,Blizzard,1,0.0
IA-PROC-2025-11,2025-11,Kimberly K. Reynolds,"Severe Winter Weather (Crawford, Harrison, Monona, Shelby, and Woodbury Counties)",2025-03-19,https://homelandsecurity.iowa.gov/media/610/download?inline,Z,NWS forecast zone,19,CHICKASAW,0,0,0.0,0.0,Winter Weather,1,0.0
IA-PROC-2025-11,2025-11,Kimberly K. Reynolds,"Severe Winter Weather (Crawford, Harrison, Monona, Shelby, and Woodbury Counties)",2025-03-19,https://homelandsecurity.iowa.gov/media/610/download?inline,Z,NWS forecast zone,20,PLYMOUTH,0,0,0.0,0.0,Blizzard,1,0.0
IA-PROC-2025-11,2025-11,Kimberly K. Reynolds,"Severe Winter Weather (Crawford, Harrison, Monona, Shelby, and Woodbury Counties)",2025-03-19,https://homelandsecurity.iowa.gov/media/610/download?inline,Z,NWS forecast zone,21,CHEROKEE,0,0,0.0,0.0,"Blizzard, High Wind",2,0.0
IA-PROC-2025-11,2025-11,Kimberly K. Reynolds,"Severe Winter Weather (Crawford, Harrison, Monona, Shelby, and Woodbury Counties)",2025-03-19,https://homelandsecurity.iowa.gov/media/610/download?inline,Z,NWS forecast zone,22,BUENA VISTA,0,0,0.0,0.0,"Blizzard, High Wind",2,0.0
IA-PROC-2025-11,2025-11,Kimberly K. Reynolds,"Severe Winter Weather (Crawford, Harrison, Monona, Shelby, and Woodbury Counties)",2025-03-19,https://homelandsecurity.iowa.gov/media/610/download?inline,Z,NWS forecast zone,23,POCAHONTAS,0,0,0.0,0.0,"Blizzard, High Wind",2,0.0
IA-PROC-2025-11,2025-11,Kimberly K. Reynolds,"Severe Winter Weather (Crawford, Harrison, Monona, Shelby, and Woodbury Counties)",2025-03-19,https://homelandsecurity.iowa.gov/media/610/download?inline,Z,NWS forecast zone,24,HUMBOLDT,0,0,0.0,0.0,"Blizzard, High Wind",2,0.0
IA-PROC-2025-11,2025-11,Kimberly K. Reynolds,"Severe Winter Weather (Crawford, Harrison, Monona, Shelby, and Woodbury Counties)",2025-03-19,https://homelandsecurity.iowa.gov/media/610/download?inline,Z,NWS forecast zone,25,WRIGHT,0,0,0.0,0.0,"Blizzard, High Wind",2,0.0
IA-PROC-2025-11,2025-11,Kimberly K. Reynolds,"Severe Winter Weather (Crawford, Harrison, Monona, Shelby, and Woodbury Counties)",2025-03-19,https://homelandsecurity.iowa.gov/media/610/download?inline,Z,NWS forecast zone,26,FRANKLIN,0,0,0.0,0.0,High Wind,1,0.0
IA-PROC-2025-11,2025-11,Kimberly K. Reynolds,"Severe Winter Weather (Crawford, Harrison, Monona, Shelby, and Woodbury Counties)",2025-03-19,https://homelandsecurity.iowa.gov/media/610/download?inline,Z,NWS forecast zone,31,WOODBURY,0,0,0.0,0.0,"Blizzard, High Wind",2,0.0
IA-PROC-2025-11,2025-11,Kimberly K. Reynolds,"Severe Winter Weather (Crawford, Harrison, Monona, Shelby, and Woodbury Counties)",2025-03-19,https://homelandsecurity.iowa.gov/media/610/download?inline,Z,NWS forecast zone,32,IDA,0,0,0.0,0.0,"Blizzard, High Wind",2,0.0
IA-PROC-2025-11,2025-11,Kimberly K. Reynolds,"Severe Winter Weather (Crawford, Harrison, Monona, Shelby, and Woodbury Counties)",2025-03-19,https://homelandsecurity.iowa.gov/media/610/download?inline,Z,NWS forecast zone,33,SAC,0,0,0.0,0.0,"Blizzard, High Wind",2,0.0
IA-PROC-2025-11,2025-11,Kimberly K. Reynolds,"Severe Winter Weather (Crawford, Harrison, Monona, Shelby, and Woodbury Counties)",2025-03-19,https://homelandsecurity.iowa.gov/media/610/download?inline,Z,NWS forecast zone,34,CALHOUN,0,0,0.0,0.0,"Blizzard, High Wind",2,0.0
IA-PROC-2025-11,2025-11,Kimberly K. Reynolds,"Severe Winter Weather (Crawford, Harrison, Monona, Shelby, and Woodbury Counties)",2025-03-19,https://homelandsecurity.iowa.gov/media/610/download?inline,Z,NWS forecast zone,35,WEBSTER,0,0,0.0,0.0,"Blizzard, High Wind",2,0.0
IA-PROC-2025-11,2025-11,Kimberly K. Reynolds,"Severe Winter Weather (Crawford, Harrison, Monona, Shelby, and Woodbury Counties)",2025-03-19,https://homelandsecurity.iowa.gov/media/610/download?inline,Z,NWS forecast zone,36,HAMILTON,0,0,0.0,0.0,"Blizzard, High Wind",2,0.0
IA-PROC-2025-11,2025-11,Kimberly K. Reynolds,"Severe Winter Weather (Crawford, Harrison, Monona, Shelby, and Woodbury Counties)",2025-03-19,https://homelandsecurity.iowa.gov/media/610/download?inline,Z,NWS forecast zone,43,MONONA,0,0,0.0,0.0,"Blizzard, High Wind",2,0.0
IA-PROC-2025-11,2025-11,Kimberly K. Reynolds,"Severe Winter Weather (Crawford, Harrison, Monona, Shelby, and Woodbury Counties)",2025-03-19,https://homelandsecurity.iowa.gov/media/610/download?inline,Z,NWS forecast zone,44,CRAWFORD,0,0,0.0,0.0,"Blizzard, High Wind",2,0.0
IA-PROC-2025-11,2025-11,Kimberly K. Reynolds,"Severe Winter Weather (Crawford, Harrison, Monona, Shelby, and Woodbury Counties)",2025-03-19,https://homelandsecurity.iowa.gov/media/610/download?inline,Z,NWS forecast zone,45,CARROLL,0,0,0.0,0.0,"Blizzard, High Wind",2,0.0
IA-PROC-2025-11,2025-11,Kimberly K. Reynolds,"Severe Winter Weather (Crawford, Harrison, Monona, Shelby, and Woodbury Counties)",2025-03-19,https://homelandsecurity.iowa.gov/media/610/download?inline,Z,NWS forecast zone,46,GREENE,0,0,0.0,0.0,High Wind,1,0.0
IA-PROC-2025-11,2025-11,Kimberly K. Reynolds,"Severe Winter Weather (Crawford, Harrison, Monona, Shelby, and Woodbury Counties)",2025-03-19,https://homelandsecurity.iowa.gov/media/610/download?inline,Z,NWS forecast zone,52,LINN,0,0,0.0,0.0,High Wind,1,0.0
IA-PROC-2025-11,2025-11,Kimberly K. Reynolds,"Severe Winter Weather (Crawford, Harrison, Monona, Shelby, and Woodbury Counties)",2025-03-19,https://homelandsecurity.iowa.gov/media/610/download?inline,Z,NWS forecast zone,55,HARRISON,0,0,0.0,0.0,"Blizzard, High Wind",2,0.0
IA-PROC-2025-11,2025-11,Kimberly K. Reynolds,"Severe Winter Weather (Crawford, Harrison, Monona, Shelby, and Woodbury Counties)",2025-03-19,https://homelandsecurity.iowa.gov/media/610/download?inline,Z,NWS forecast zone,56,SHELBY,0,0,0.0,0.0,Blizzard,1,0.0
IA-PROC-2025-11,2025-11,Kimberly K. Reynolds,"Severe Winter Weather (Crawford, Harrison, Monona, Shelby, and Woodbury Counties)",2025-03-19,https://homelandsecurity.iowa.gov/media/610/download?inline,Z,NWS forecast zone,57,AUDUBON,0,0,0.0,0.0,High Wind,1,0.0
IA-PROC-2025-11,2025-11,Kimberly K. Reynolds,"Severe Winter Weather (Crawford, Harrison, Monona, Shelby, and Woodbury Counties)",2025-03-19,https://homelandsecurity.iowa.gov/media/610/download?inline,Z,NWS forecast zone,69,POTTAWATTAMIE,0,0,0.0,0.0,"High Wind, Winter Storm",2,0.0
IA-PROC-2025-11,2025-11,Kimberly K. Reynolds,"Severe Winter Weather (Crawford, Harrison, Monona, Shelby, and Woodbury Counties)",2025-03-19,https://homelandsecurity.iowa.gov/media/610/download?inline,Z,NWS forecast zone,70,CASS,0,0,0.0,0.0,High Wind,1,0.0
IA-PROC-2025-11,2025-11,Kimberly K. Reynolds,"Severe Winter Weather (Crawford, Harrison, Monona, Shelby, and Woodbury Counties)",2025-03-19,https://homelandsecurity.iowa.gov/media/610/download?inline,Z,NWS forecast zone,80,MONTGOMERY,0,0,0.0,0.0,High Wind,1,0.0
IA-PROC-2025-11,2025-11,Kimberly K. Reynolds,"Severe Winter Weather (Crawford, Harrison, Monona, Shelby, and Woodbury Counties)",2025-03-19,https://homelandsecurity.iowa.gov/media/610/download?inline,Z,NWS forecast zone,91,PAGE,0,0,0.0,0.0,High Wind,1,0.0
IA-PROC-2025-12,2025-12,Kim Reynolds,"Severe Winter Weather occurring on March 19, 2025 (allows state resources to be utilized to respond to, and recover from, the effects of severe weather in Harrison County)",2025-03-27,https://homelandsecurity.iowa.gov/media/612/download?inline,C,county/county-equivalent,99,JASPER,0,0,0.0,0.0,Hail,1,0.0
IA-PROC-2025-13,2025-13,Kimberly K. Reynolds,"Severe Weather occurring on April 18, 2025 (Buena Vista, Fremont, Page, and Plymouth Counties)",2025-04-18,https://homelandsecurity.iowa.gov/media/628/download?inline,C,county/county-equivalent,67,FLOYD,0,0,100000.0,320000.0,Hail,3,420000.0
IA-PROC-2025-13,2025-13,Kimberly K. Reynolds,"Severe Weather occurring on April 18, 2025 (Buena Vista, Fremont, Page, and Plymouth Counties)",2025-04-18,https://homelandsecurity.iowa.gov/media/628/download?inline,C,county/county-equivalent,175,UNION,0,0,46000.0,0.0,"Hail, Tornado",4,46000.0
IA-PROC-2025-13,2025-13,Kimberly K. Reynolds,"Severe Weather occurring on April 18, 2025 (Buena Vista, Fremont, Page, and Plymouth Counties)",2025-04-18,https://homelandsecurity.iowa.gov/media/628/download?inline,C,county/county-equivalent,17,BREMER,0,0,20000.0,0.0,"Hail, Thunderstorm Wind",7,20000.0
IA-PROC-2025-13,2025-13,Kimberly K. Reynolds,"Severe Weather occurring on April 18, 2025 (Buena Vista, Fremont, Page, and Plymouth Counties)",2025-04-18,https://homelandsecurity.iowa.gov/media/628/download?inline,C,county/county-equivalent,69,FRANKLIN,0,0,15000.0,0.0,"Hail, Thunderstorm Wind",5,15000.0
IA-PROC-2025-13,2025-13,Kimberly K. Reynolds,"Severe Weather occurring on April 18, 2025 (Buena Vista, Fremont, Page, and Plymouth Counties)",2025-04-18,https://homelandsecurity.iowa.gov/media/628/download?inline,C,county/county-equivalent,197,WRIGHT,0,0,5000.0,0.0,Thunderstorm Wind,1,5000.0
IA-PROC-2025-13,2025-13,Kimberly K. Reynolds,"Severe Weather occurring on April 18, 2025 (Buena Vista, Fremont, Page, and Plymouth Counties)",2025-04-18,https://homelandsecurity.iowa.gov/media/628/download?inline,C,county/county-equivalent,3,ADAMS,0,0,0.0,0.0,Hail,3,0.0
IA-PROC-2025-13,2025-13,Kimberly K. Reynolds,"Severe Weather occurring on April 18, 2025 (Buena Vista, Fremont, Page, and Plymouth Counties)",2025-04-18,https://homelandsecurity.iowa.gov/media/628/download?inline,C,county/county-equivalent,11,BENTON,0,0,0.0,0.0,Hail,1,0.0
IA-PROC-2025-13,2025-13,Kimberly K. Reynolds,"Severe Weather occurring on April 18, 2025 (Buena Vista, Fremont, Page, and Plymouth Counties)",2025-04-18,https://homelandsecurity.iowa.gov/media/628/download?inline,C,county/county-equivalent,21,BUENA VISTA,0,0,0.0,0.0,Thunderstorm Wind,4,0.0
IA-PROC-2025-13,2025-13,Kimberly K. Reynolds,"Severe Weather occurring on April 18, 2025 (Buena Vista, Fremont, Page, and Plymouth Counties)",2025-04-18,https://homelandsecurity.iowa.gov/media/628/download?inline,C,county/county-equivalent,23,BUTLER,0,0,0.0,0.0,Hail,1,0.0
IA-PROC-2025-13,2025-13,Kimberly K. Reynolds,"Severe Weather occurring on April 18, 2025 (Buena Vista, Fremont, Page, and Plymouth Counties)",2025-04-18,https://homelandsecurity.iowa.gov/media/628/download?inline,C,county/county-equivalent,29,CASS,0,0,0.0,0.0,Hail,1,0.0
IA-PROC-2025-13,2025-13,Kimberly K. Reynolds,"Severe Weather occurring on April 18, 2025 (Buena Vista, Fremont, Page, and Plymouth Counties)",2025-04-18,https://homelandsecurity.iowa.gov/media/628/download?inline,C,county/county-equivalent,35,CHEROKEE,0,0,0.0,0.0,Hail,3,0.0
IA-PROC-2025-13,2025-13,Kimberly K. Reynolds,"Severe Weather occurring on April 18, 2025 (Buena Vista, Fremont, Page, and Plymouth Counties)",2025-04-18,https://homelandsecurity.iowa.gov/media/628/download?inline,C,county/county-equivalent,39,CLARKE,0,0,0.0,0.0,Hail,1,0.0
IA-PROC-2025-13,2025-13,Kimberly K. Reynolds,"Severe Weather occurring on April 18, 2025 (Buena Vista, Fremont, Page, and Plymouth Counties)",2025-04-18,https://homelandsecurity.iowa.gov/media/628/download?inline,C,county/county-equivalent,43,CLAYTON,0,0,0.0,0.0,Hail,5,0.0
IA-PROC-2025-13,2025-13,Kimberly K. Reynolds,"Severe Weather occurring on April 18, 2025 (Buena Vista, Fremont, Page, and Plymouth Counties)",2025-04-18,https://homelandsecurity.iowa.gov/media/628/download?inline,C,county/county-equivalent,57,DES MOINES,0,0,0.0,0.0,Thunderstorm Wind,5,0.0
IA-PROC-2025-13,2025-13,Kimberly K. Reynolds,"Severe Weather occurring on April 18, 2025 (Buena Vista, Fremont, Page, and Plymouth Counties)",2025-04-18,https://homelandsecurity.iowa.gov/media/628/download?inline,C,county/county-equivalent,59,DICKINSON,0,0,0.0,0.0,Hail,2,0.0
IA-PROC-2025-13,2025-13,Kimberly K. Reynolds,"Severe Weather occurring on April 18, 2025 (Buena Vista, Fremont, Page, and Plymouth Counties)",2025-04-18,https://homelandsecurity.iowa.gov/media/628/download?inline,C,county/county-equivalent,61,DUBUQUE,0,0,0.0,0.0,Hail,1,0.0
IA-PROC-2025-13,2025-13,Kimberly K. Reynolds,"Severe Weather occurring on April 18, 2025 (Buena Vista, Fremont, Page, and Plymouth Counties)",2025-04-18,https://homelandsecurity.iowa.gov/media/628/download?inline,C,county/county-equivalent,71,FREMONT,0,0,0.0,0.0,"Hail, Tornado",3,0.0
IA-PROC-2025-13,2025-13,Kimberly K. Reynolds,"Severe Weather occurring on April 18, 2025 (Buena Vista, Fremont, Page, and Plymouth Counties)",2025-04-18,https://homelandsecurity.iowa.gov/media/628/download?inline,C,county/county-equivalent,81,HANCOCK,0,0,0.0,0.0,Hail,1,0.0
IA-PROC-2025-13,2025-13,Kimberly K. Reynolds,"Severe Weather occurring on April 18, 2025 (Buena Vista, Fremont, Page, and Plymouth Counties)",2025-04-18,https://homelandsecurity.iowa.gov/media/628/download?inline,C,county/county-equivalent,91,HUMBOLDT,0,0,0.0,0.0,Hail,1,0.0
IA-PROC-2025-13,2025-13,Kimberly K. Reynolds,"Severe Weather occurring on April 18, 2025 (Buena Vista, Fremont, Page, and Plymouth Counties)",2025-04-18,https://homelandsecurity.iowa.gov/media/628/download?inline,C,county/county-equivalent,99,JASPER,0,0,0.0,0.0,Hail,2,0.0
IA-PROC-2025-13,2025-13,Kimberly K. Reynolds,"Severe Weather occurring on April 18, 2025 (Buena Vista, Fremont, Page, and Plymouth Counties)",2025-04-18,https://homelandsecurity.iowa.gov/media/628/download?inline,C,county/county-equivalent,103,JOHNSON,0,0,0.0,0.0,Hail,1,0.0
IA-PROC-2025-13,2025-13,Kimberly K. Reynolds,"Severe Weather occurring on April 18, 2025 (Buena Vista, Fremont, Page, and Plymouth Counties)",2025-04-18,https://homelandsecurity.iowa.gov/media/628/download?inline,C,county/county-equivalent,113,LINN,0,0,0.0,0.0,Flash Flood,4,0.0
IA-PROC-2025-13,2025-13,Kimberly K. Reynolds,"Severe Weather occurring on April 18, 2025 (Buena Vista, Fremont, Page, and Plymouth Counties)",2025-04-18,https://homelandsecurity.iowa.gov/media/628/download?inline,C,county/county-equivalent,129,MILLS,0,0,0.0,0.0,Hail,1,0.0
IA-PROC-2025-13,2025-13,Kimberly K. Reynolds,"Severe Weather occurring on April 18, 2025 (Buena Vista, Fremont, Page, and Plymouth Counties)",2025-04-18,https://homelandsecurity.iowa.gov/media/628/download?inline,C,county/county-equivalent,141,O'BRIEN,0,0,0.0,0.0,Hail,1,0.0
IA-PROC-2025-13,2025-13,Kimberly K. Reynolds,"Severe Weather occurring on April 18, 2025 (Buena Vista, Fremont, Page, and Plymouth Counties)",2025-04-18,https://homelandsecurity.iowa.gov/media/628/download?inline,C,county/county-equivalent,145,PAGE,0,0,0.0,0.0,"Hail, Thunderstorm Wind, Tornado",4,0.0
IA-PROC-2025-13,2025-13,Kimberly K. Reynolds,"Severe Weather occurring on April 18, 2025 (Buena Vista, Fremont, Page, and Plymouth Counties)",2025-04-18,https://homelandsecurity.iowa.gov/media/628/download?inline,C,county/county-equivalent,149,PLYMOUTH,0,0,0.0,0.0,Hail,4,0.0
IA-PROC-2025-13,2025-13,Kimberly K. Reynolds,"Severe Weather occurring on April 18, 2025 (Buena Vista, Fremont, Page, and Plymouth Counties)",2025-04-18,https://homelandsecurity.iowa.gov/media/628/download?inline,C,county/county-equivalent,155,POTTAWATTAMIE,0,0,0.0,0.0,Hail,9,0.0
IA-PROC-2025-13,2025-13,Kimberly K. Reynolds,"Severe Weather occurring on April 18, 2025 (Buena Vista, Fremont, Page, and Plymouth Counties)",2025-04-18,https://homelandsecurity.iowa.gov/media/628/download?inline,C,county/county-equivalent,163,SCOTT,0,0,0.0,0.0,"Hail, Thunderstorm Wind",3,0.0
IA-PROC-2025-13,2025-13,Kimberly K. Reynolds,"Severe Weather occurring on April 18, 2025 (Buena Vista, Fremont, Page, and Plymouth Counties)",2025-04-18,https://homelandsecurity.iowa.gov/media/628/download?inline,C,county/county-equivalent,173,TAYLOR,0,0,0.0,0.0,Thunderstorm Wind,2,0.0
IA-PROC-2025-13,2025-13,Kimberly K. Reynolds,"Severe Weather occurring on April 18, 2025 (Buena Vista, Fremont, Page, and Plymouth Counties)",2025-04-18,https://homelandsecurity.iowa.gov/media/628/download?inline,C,county/county-equivalent,181,WARREN,0,0,0.0,0.0,Hail,3,0.0
IA-PROC-2025-13,2025-13,Kimberly K. Reynolds,"Severe Weather occurring on April 18, 2025 (Buena Vista, Fremont, Page, and Plymouth Counties)",2025-04-18,https://homelandsecurity.iowa.gov/media/628/download?inline,C,county/county-equivalent,193,WOODBURY,0,0,0.0,0.0,"Hail, Thunderstorm Wind",3,0.0
IA-PROC-2025-15,2025-15,Kimberly K. Reynolds,"Severe Weather occurring on June 11, 2025 (Osceola and Palo Alto Counties)",2025-06-13,https://homelandsecurity.iowa.gov/media/660/download?inline,C,county/county-equivalent,13,BLACK HAWK,0,0,59000.0,0.0,Thunderstorm Wind,9,59000.0
IA-PROC-2025-15,2025-15,Kimberly K. Reynolds,"Severe Weather occurring on June 11, 2025 (Osceola and Palo Alto Counties)",2025-06-13,https://homelandsecurity.iowa.gov/media/660/download?inline,C,county/county-equivalent,197,WRIGHT,0,0,48000.0,0.0,Thunderstorm Wind,5,48000.0
IA-PROC-2025-15,2025-15,Kimberly K. Reynolds,"Severe Weather occurring on June 11, 2025 (Osceola and Palo Alto Counties)",2025-06-13,https://homelandsecurity.iowa.gov/media/660/download?inline,C,county/county-equivalent,109,KOSSUTH,0,0,16000.0,0.0,"Hail, Thunderstorm Wind",7,16000.0
IA-PROC-2025-15,2025-15,Kimberly K. Reynolds,"Severe Weather occurring on June 11, 2025 (Osceola and Palo Alto Counties)",2025-06-13,https://homelandsecurity.iowa.gov/media/660/download?inline,C,county/county-equivalent,65,FAYETTE,0,0,0.0,1000.0,"Hail, Thunderstorm Wind",2,1000.0
IA-PROC-2025-15,2025-15,Kimberly K. Reynolds,"Severe Weather occurring on June 11, 2025 (Osceola and Palo Alto Counties)",2025-06-13,https://homelandsecurity.iowa.gov/media/660/download?inline,C,county/county-equivalent,67,FLOYD,0,0,0.0,1000.0,Thunderstorm Wind,3,1000.0
IA-PROC-2025-15,2025-15,Kimberly K. Reynolds,"Severe Weather occurring on June 11, 2025 (Osceola and Palo Alto Counties)",2025-06-13,https://homelandsecurity.iowa.gov/media/660/download?inline,C,county/county-equivalent,11,BENTON,0,0,0.0,0.0,Thunderstorm Wind,5,0.0
IA-PROC-2025-15,2025-15,Kimberly K. Reynolds,"Severe Weather occurring on June 11, 2025 (Osceola and Palo Alto Counties)",2025-06-13,https://homelandsecurity.iowa.gov/media/660/download?inline,C,county/county-equivalent,19,BUCHANAN,0,0,0.0,0.0,Thunderstorm Wind,1,0.0
IA-PROC-2025-15,2025-15,Kimberly K. Reynolds,"Severe Weather occurring on June 11, 2025 (Osceola and Palo Alto Counties)",2025-06-13,https://homelandsecurity.iowa.gov/media/660/download?inline,C,county/county-equivalent,25,CALHOUN,0,0,0.0,0.0,Hail,1,0.0
IA-PROC-2025-15,2025-15,Kimberly K. Reynolds,"Severe Weather occurring on June 11, 2025 (Osceola and Palo Alto Counties)",2025-06-13,https://homelandsecurity.iowa.gov/media/660/download?inline,C,county/county-equivalent,27,CARROLL,0,0,0.0,0.0,Thunderstorm Wind,1,0.0
IA-PROC-2025-15,2025-15,Kimberly K. Reynolds,"Severe Weather occurring on June 11, 2025 (Osceola and Palo Alto Counties)",2025-06-13,https://homelandsecurity.iowa.gov/media/660/download?inline,C,county/county-equivalent,29,CASS,0,0,0.0,0.0,"Hail, Thunderstorm Wind",2,0.0
IA-PROC-2025-15,2025-15,Kimberly K. Reynolds,"Severe Weather occurring on June 11, 2025 (Osceola and Palo Alto Counties)",2025-06-13,https://homelandsecurity.iowa.gov/media/660/download?inline,C,county/county-equivalent,35,CHEROKEE,0,0,0.0,0.0,"Hail, Thunderstorm Wind",6,0.0
IA-PROC-2025-15,2025-15,Kimberly K. Reynolds,"Severe Weather occurring on June 11, 2025 (Osceola and Palo Alto Counties)",2025-06-13,https://homelandsecurity.iowa.gov/media/660/download?inline,C,county/county-equivalent,41,CLAY,0,0,0.0,0.0,"Hail, Thunderstorm Wind",3,0.0
IA-PROC-2025-15,2025-15,Kimberly K. Reynolds,"Severe Weather occurring on June 11, 2025 (Osceola and Palo Alto Counties)",2025-06-13,https://homelandsecurity.iowa.gov/media/660/download?inline,C,county/county-equivalent,55,DELAWARE,0,0,0.0,0.0,Thunderstorm Wind,3,0.0
IA-PROC-2025-15,2025-15,Kimberly K. Reynolds,"Severe Weather occurring on June 11, 2025 (Osceola and Palo Alto Counties)",2025-06-13,https://homelandsecurity.iowa.gov/media/660/download?inline,C,county/county-equivalent,59,DICKINSON,0,0,0.0,0.0,"Hail, Thunderstorm Wind",5,0.0
IA-PROC-2025-15,2025-15,Kimberly K. Reynolds,"Severe Weather occurring on June 11, 2025 (Osceola and Palo Alto Counties)",2025-06-13,https://homelandsecurity.iowa.gov/media/660/download?inline,C,county/county-equivalent,63,EMMET,0,0,0.0,0.0,Hail,1,0.0
IA-PROC-2025-15,2025-15,Kimberly K. Reynolds,"Severe Weather occurring on June 11, 2025 (Osceola and Palo Alto Counties)",2025-06-13,https://homelandsecurity.iowa.gov/media/660/download?inline,C,county/county-equivalent,69,FRANKLIN,0,0,0.0,0.0,Thunderstorm Wind,1,0.0
IA-PROC-2025-15,2025-15,Kimberly K. Reynolds,"Severe Weather occurring on June 11, 2025 (Osceola and Palo Alto Counties)",2025-06-13,https://homelandsecurity.iowa.gov/media/660/download?inline,C,county/county-equivalent,75,GRUNDY,0,0,0.0,0.0,Thunderstorm Wind,1,0.0
IA-PROC-2025-15,2025-15,Kimberly K. Reynolds,"Severe Weather occurring on June 11, 2025 (Osceola and Palo Alto Counties)",2025-06-13,https://homelandsecurity.iowa.gov/media/660/download?inline,C,county/county-equivalent,81,HANCOCK,0,0,0.0,0.0,Hail,2,0.0
IA-PROC-2025-15,2025-15,Kimberly K. Reynolds,"Severe Weather occurring on June 11, 2025 (Osceola and Palo Alto Counties)",2025-06-13,https://homelandsecurity.iowa.gov/media/660/download?inline,C,county/county-equivalent,83,HARDIN,0,0,0.0,0.0,Thunderstorm Wind,1,0.0
IA-PROC-2025-15,2025-15,Kimberly K. Reynolds,"Severe Weather occurring on June 11, 2025 (Osceola and Palo Alto Counties)",2025-06-13,https://homelandsecurity.iowa.gov/media/660/download?inline,C,county/county-equivalent,119,LYON,0,0,0.0,0.0,Thunderstorm Wind,7,0.0
IA-PROC-2025-15,2025-15,Kimberly K. Reynolds,"Severe Weather occurring on June 11, 2025 (Osceola and Palo Alto Counties)",2025-06-13,https://homelandsecurity.iowa.gov/media/660/download?inline,C,county/county-equivalent,129,MILLS,0,0,0.0,0.0,Thunderstorm Wind,1,0.0
IA-PROC-2025-15,2025-15,Kimberly K. Reynolds,"Severe Weather occurring on June 11, 2025 (Osceola and Palo Alto Counties)",2025-06-13,https://homelandsecurity.iowa.gov/media/660/download?inline,C,county/county-equivalent,143,OSCEOLA,0,0,0.0,0.0,Thunderstorm Wind,8,0.0
IA-PROC-2025-15,2025-15,Kimberly K. Reynolds,"Severe Weather occurring on June 11, 2025 (Osceola and Palo Alto Counties)",2025-06-13,https://homelandsecurity.iowa.gov/media/660/download?inline,C,county/county-equivalent,147,PALO ALTO,0,0,0.0,0.0,Thunderstorm Wind,3,0.0
IA-PROC-2025-15,2025-15,Kimberly K. Reynolds,"Severe Weather occurring on June 11, 2025 (Osceola and Palo Alto Counties)",2025-06-13,https://homelandsecurity.iowa.gov/media/660/download?inline,C,county/county-equivalent,149,PLYMOUTH,0,0,0.0,0.0,"Hail, Thunderstorm Wind",6,0.0
IA-PROC-2025-15,2025-15,Kimberly K. Reynolds,"Severe Weather occurring on June 11, 2025 (Osceola and Palo Alto Counties)",2025-06-13,https://homelandsecurity.iowa.gov/media/660/download?inline,C,county/county-equivalent,167,SIOUX,0,0,0.0,0.0,Hail,1,0.0
IA-PROC-2025-15,2025-15,Kimberly K. Reynolds,"Severe Weather occurring on June 11, 2025 (Osceola and Palo Alto Counties)",2025-06-13,https://homelandsecurity.iowa.gov/media/660/download?inline,C,county/county-equivalent,171,TAMA,0,0,0.0,0.0,Thunderstorm Wind,3,0.0
IA-PROC-2025-15,2025-15,Kimberly K. Reynolds,"Severe Weather occurring on June 11, 2025 (Osceola and Palo Alto Counties)",2025-06-13,https://homelandsecurity.iowa.gov/media/660/download?inline,C,county/county-equivalent,187,WEBSTER,0,0,0.0,0.0,Thunderstorm Wind,1,0.0
IA-PROC-2025-15,2025-15,Kimberly K. Reynolds,"Severe Weather occurring on June 11, 2025 (Osceola and Palo Alto Counties)",2025-06-13,https://homelandsecurity.iowa.gov/media/660/download?inline,C,county/county-equivalent,193,WOODBURY,0,0,0.0,0.0,Thunderstorm Wind,5,0.0
IA-PROC-2025-16,2025-16,Kimberly K. Reynolds,"Severe Weather occurring on July 10, 2025 (Scott County)",2025-07-14,https://homelandsecurity.iowa.gov/media/690/download?inline,C,county/county-equivalent,77,GUTHRIE,0,0,20000.0,0.0,Thunderstorm Wind,1,20000.0
IA-PROC-2025-16,2025-16,Kimberly K. Reynolds,"Severe Weather occurring on July 10, 2025 (Scott County)",2025-07-14,https://homelandsecurity.iowa.gov/media/690/download?inline,C,county/county-equivalent,11,BENTON,0,0,0.0,0.0,"Flash Flood, Hail, Thunderstorm Wind, Tornado",7,0.0
IA-PROC-2025-16,2025-16,Kimberly K. Reynolds,"Severe Weather occurring on July 10, 2025 (Scott County)",2025-07-14,https://homelandsecurity.iowa.gov/media/690/download?inline,C,county/county-equivalent,13,BLACK HAWK,0,0,0.0,0.0,Flash Flood,1,0.0
IA-PROC-2025-16,2025-16,Kimberly K. Reynolds,"Severe Weather occurring on July 10, 2025 (Scott County)",2025-07-14,https://homelandsecurity.iowa.gov/media/690/download?inline,C,county/county-equivalent,19,BUCHANAN,0,0,0.0,0.0,Flash Flood,3,0.0
IA-PROC-2025-16,2025-16,Kimberly K. Reynolds,"Severe Weather occurring on July 10, 2025 (Scott County)",2025-07-14,https://homelandsecurity.iowa.gov/media/690/download?inline,C,county/county-equivalent,41,CLAY,0,0,0.0,0.0,Thunderstorm Wind,1,0.0
IA-PROC-2025-16,2025-16,Kimberly K. Reynolds,"Severe Weather occurring on July 10, 2025 (Scott County)",2025-07-14,https://homelandsecurity.iowa.gov/media/690/download?inline,C,county/county-equivalent,43,CLAYTON,0,0,0.0,0.0,Thunderstorm Wind,1,0.0
IA-PROC-2025-16,2025-16,Kimberly K. Reynolds,"Severe Weather occurring on July 10, 2025 (Scott County)",2025-07-14,https://homelandsecurity.iowa.gov/media/690/download?inline,C,county/county-equivalent,45,CLINTON,0,0,0.0,0.0,Flash Flood,1,0.0
IA-PROC-2025-16,2025-16,Kimberly K. Reynolds,"Severe Weather occurring on July 10, 2025 (Scott County)",2025-07-14,https://homelandsecurity.iowa.gov/media/690/download?inline,C,county/county-equivalent,55,DELAWARE,0,0,0.0,0.0,"Thunderstorm Wind, Tornado",2,0.0
IA-PROC-2025-16,2025-16,Kimberly K. Reynolds,"Severe Weather occurring on July 10, 2025 (Scott County)",2025-07-14,https://homelandsecurity.iowa.gov/media/690/download?inline,C,county/county-equivalent,61,DUBUQUE,0,0,0.0,0.0,"Flash Flood, Thunderstorm Wind, Tornado",13,0.0
IA-PROC-2025-16,2025-16,Kimberly K. Reynolds,"Severe Weather occurring on July 10, 2025 (Scott County)",2025-07-14,https://homelandsecurity.iowa.gov/media/690/download?inline,C,county/county-equivalent,97,JACKSON,0,0,0.0,0.0,"Thunderstorm Wind, Tornado",3,0.0
IA-PROC-2025-16,2025-16,Kimberly K. Reynolds,"Severe Weather occurring on July 10, 2025 (Scott County)",2025-07-14,https://homelandsecurity.iowa.gov/media/690/download?inline,C,county/county-equivalent,105,JONES,0,0,0.0,0.0,"Thunderstorm Wind, Tornado",4,0.0
IA-PROC-2025-16,2025-16,Kimberly K. Reynolds,"Severe Weather occurring on July 10, 2025 (Scott County)",2025-07-14,https://homelandsecurity.iowa.gov/media/690/download?inline,C,county/county-equivalent,111,LEE,0,0,0.0,0.0,"Flash Flood, Thunderstorm Wind",2,0.0
IA-PROC-2025-16,2025-16,Kimberly K. Reynolds,"Severe Weather occurring on July 10, 2025 (Scott County)",2025-07-14,https://homelandsecurity.iowa.gov/media/690/download?inline,C,county/county-equivalent,113,LINN,0,0,0.0,0.0,"Flash Flood, Thunderstorm Wind, Tornado",14,0.0
IA-PROC-2025-16,2025-16,Kimberly K. Reynolds,"Severe Weather occurring on July 10, 2025 (Scott County)",2025-07-14,https://homelandsecurity.iowa.gov/media/690/download?inline,C,county/county-equivalent,115,LOUISA,0,0,0.0,0.0,Flash Flood,1,0.0
IA-PROC-2025-16,2025-16,Kimberly K. Reynolds,"Severe Weather occurring on July 10, 2025 (Scott County)",2025-07-14,https://homelandsecurity.iowa.gov/media/690/download?inline,C,county/county-equivalent,139,MUSCATINE,0,0,0.0,0.0,Flash Flood,1,0.0
IA-PROC-2025-16,2025-16,Kimberly K. Reynolds,"Severe Weather occurring on July 10, 2025 (Scott County)",2025-07-14,https://homelandsecurity.iowa.gov/media/690/download?inline,C,county/county-equivalent,145,PAGE,0,0,0.0,0.0,Tornado,1,0.0
IA-PROC-2025-16,2025-16,Kimberly K. Reynolds,"Severe Weather occurring on July 10, 2025 (Scott County)",2025-07-14,https://homelandsecurity.iowa.gov/media/690/download?inline,C,county/county-equivalent,153,POLK,0,0,0.0,0.0,Thunderstorm Wind,3,0.0
IA-PROC-2025-16,2025-16,Kimberly K. Reynolds,"Severe Weather occurring on July 10, 2025 (Scott County)",2025-07-14,https://homelandsecurity.iowa.gov/media/690/download?inline,C,county/county-equivalent,163,SCOTT,0,0,0.0,0.0,"Flash Flood, Hail, Thunderstorm Wind, Tornado",16,0.0
IA-PROC-2025-16,2025-16,Kimberly K. Reynolds,"Severe Weather occurring on July 10, 2025 (Scott County)",2025-07-14,https://homelandsecurity.iowa.gov/media/690/download?inline,C,county/county-equivalent,177,VAN BUREN,0,0,0.0,0.0,Thunderstorm Wind,1,0.0
IA-PROC-2025-16,2025-16,Kimberly K. Reynolds,"Severe Weather occurring on July 10, 2025 (Scott County)",2025-07-14,https://homelandsecurity.iowa.gov/media/690/download?inline,C,county/county-equivalent,183,WASHINGTON,0,0,0.0,0.0,Thunderstorm Wind,1,0.0
IA-PROC-2025-17,2025-17,Kimberly K. Reynolds,"Severe Weather occurring on July 28, 2025 (Hancock, O'Brien, Osceola, Sioux Counties)",2025-07-29,https://homelandsecurity.iowa.gov/media/704/download?inline,C,county/county-equivalent,33,CERRO GORDO,0,0,90000.0,0.0,"Thunderstorm Wind, Tornado",6,90000.0
IA-PROC-2025-17,2025-17,Kimberly K. Reynolds,"Severe Weather occurring on July 28, 2025 (Hancock, O'Brien, Osceola, Sioux Counties)",2025-07-29,https://homelandsecurity.iowa.gov/media/704/download?inline,C,county/county-equivalent,153,POLK,0,0,51500.0,0.0,Thunderstorm Wind,2,51500.0
IA-PROC-2025-17,2025-17,Kimberly K. Reynolds,"Severe Weather occurring on July 28, 2025 (Hancock, O'Brien, Osceola, Sioux Counties)",2025-07-29,https://homelandsecurity.iowa.gov/media/704/download?inline,C,county/county-equivalent,13,BLACK HAWK,0,0,50000.0,0.0,Thunderstorm Wind,6,50000.0
IA-PROC-2025-17,2025-17,Kimberly K. Reynolds,"Severe Weather occurring on July 28, 2025 (Hancock, O'Brien, Osceola, Sioux Counties)",2025-07-29,https://homelandsecurity.iowa.gov/media/704/download?inline,C,county/county-equivalent,147,PALO ALTO,0,0,50000.0,0.0,Thunderstorm Wind,2,50000.0
IA-PROC-2025-17,2025-17,Kimberly K. Reynolds,"Severe Weather occurring on July 28, 2025 (Hancock, O'Brien, Osceola, Sioux Counties)",2025-07-29,https://homelandsecurity.iowa.gov/media/704/download?inline,C,county/county-equivalent,187,WEBSTER,0,0,50000.0,0.0,Thunderstorm Wind,1,50000.0
IA-PROC-2025-17,2025-17,Kimberly K. Reynolds,"Severe Weather occurring on July 28, 2025 (Hancock, O'Brien, Osceola, Sioux Counties)",2025-07-29,https://homelandsecurity.iowa.gov/media/704/download?inline,C,county/county-equivalent,81,HANCOCK,0,0,28000.0,0.0,"Thunderstorm Wind, Tornado",8,28000.0
IA-PROC-2025-17,2025-17,Kimberly K. Reynolds,"Severe Weather occurring on July 28, 2025 (Hancock, O'Brien, Osceola, Sioux Counties)",2025-07-29,https://homelandsecurity.iowa.gov/media/704/download?inline,C,county/county-equivalent,23,BUTLER,0,0,13000.0,0.0,Thunderstorm Wind,3,13000.0
IA-PROC-2025-17,2025-17,Kimberly K. Reynolds,"Severe Weather occurring on July 28, 2025 (Hancock, O'Brien, Osceola, Sioux Counties)",2025-07-29,https://homelandsecurity.iowa.gov/media/704/download?inline,C,county/county-equivalent,67,FLOYD,0,0,0.0,10000.0,Thunderstorm Wind,2,10000.0
IA-PROC-2025-17,2025-17,Kimberly K. Reynolds,"Severe Weather occurring on July 28, 2025 (Hancock, O'Brien, Osceola, Sioux Counties)",2025-07-29,https://homelandsecurity.iowa.gov/media/704/download?inline,C,county/county-equivalent,131,MITCHELL,0,0,0.0,5000.0,Thunderstorm Wind,1,5000.0
IA-PROC-2025-17,2025-17,Kimberly K. Reynolds,"Severe Weather occurring on July 28, 2025 (Hancock, O'Brien, Osceola, Sioux Counties)",2025-07-29,https://homelandsecurity.iowa.gov/media/704/download?inline,C,county/county-equivalent,65,FAYETTE,0,0,0.0,2000.0,Thunderstorm Wind,2,2000.0
IA-PROC-2025-17,2025-17,Kimberly K. Reynolds,"Severe Weather occurring on July 28, 2025 (Hancock, O'Brien, Osceola, Sioux Counties)",2025-07-29,https://homelandsecurity.iowa.gov/media/704/download?inline,C,county/county-equivalent,189,WINNEBAGO,0,0,1000.0,0.0,Thunderstorm Wind,1,1000.0
IA-PROC-2025-17,2025-17,Kimberly K. Reynolds,"Severe Weather occurring on July 28, 2025 (Hancock, O'Brien, Osceola, Sioux Counties)",2025-07-29,https://homelandsecurity.iowa.gov/media/704/download?inline,C,county/county-equivalent,11,BENTON,0,0,0.0,0.0,Thunderstorm Wind,1,0.0
IA-PROC-2025-17,2025-17,Kimberly K. Reynolds,"Severe Weather occurring on July 28, 2025 (Hancock, O'Brien, Osceola, Sioux Counties)",2025-07-29,https://homelandsecurity.iowa.gov/media/704/download?inline,C,county/county-equivalent,15,BOONE,0,0,0.0,0.0,Thunderstorm Wind,1,0.0
IA-PROC-2025-17,2025-17,Kimberly K. Reynolds,"Severe Weather occurring on July 28, 2025 (Hancock, O'Brien, Osceola, Sioux Counties)",2025-07-29,https://homelandsecurity.iowa.gov/media/704/download?inline,C,county/county-equivalent,17,BREMER,0,0,0.0,0.0,Thunderstorm Wind,2,0.0
IA-PROC-2025-17,2025-17,Kimberly K. Reynolds,"Severe Weather occurring on July 28, 2025 (Hancock, O'Brien, Osceola, Sioux Counties)",2025-07-29,https://homelandsecurity.iowa.gov/media/704/download?inline,C,county/county-equivalent,19,BUCHANAN,0,0,0.0,0.0,Thunderstorm Wind,19,0.0
IA-PROC-2025-17,2025-17,Kimberly K. Reynolds,"Severe Weather occurring on July 28, 2025 (Hancock, O'Brien, Osceola, Sioux Counties)",2025-07-29,https://homelandsecurity.iowa.gov/media/704/download?inline,C,county/county-equivalent,21,BUENA VISTA,0,0,0.0,0.0,Thunderstorm Wind,1,0.0
IA-PROC-2025-17,2025-17,Kimberly K. Reynolds,"Severe Weather occurring on July 28, 2025 (Hancock, O'Brien, Osceola, Sioux Counties)",2025-07-29,https://homelandsecurity.iowa.gov/media/704/download?inline,C,county/county-equivalent,25,CALHOUN,0,0,0.0,0.0,Thunderstorm Wind,1,0.0
IA-PROC-2025-17,2025-17,Kimberly K. Reynolds,"Severe Weather occurring on July 28, 2025 (Hancock, O'Brien, Osceola, Sioux Counties)",2025-07-29,https://homelandsecurity.iowa.gov/media/704/download?inline,C,county/county-equivalent,31,CEDAR,0,0,0.0,0.0,Thunderstorm Wind,3,0.0
IA-PROC-2025-17,2025-17,Kimberly K. Reynolds,"Severe Weather occurring on July 28, 2025 (Hancock, O'Brien, Osceola, Sioux Counties)",2025-07-29,https://homelandsecurity.iowa.gov/media/704/download?inline,C,county/county-equivalent,35,CHEROKEE,0,0,0.0,0.0,Thunderstorm Wind,2,0.0
IA-PROC-2025-17,2025-17,Kimberly K. Reynolds,"Severe Weather occurring on July 28, 2025 (Hancock, O'Brien, Osceola, Sioux Counties)",2025-07-29,https://homelandsecurity.iowa.gov/media/704/download?inline,C,county/county-equivalent,41,CLAY,0,0,0.0,0.0,Thunderstorm Wind,3,0.0
IA-PROC-2025-17,2025-17,Kimberly K. Reynolds,"Severe Weather occurring on July 28, 2025 (Hancock, O'Brien, Osceola, Sioux Counties)",2025-07-29,https://homelandsecurity.iowa.gov/media/704/download?inline,C,county/county-equivalent,45,CLINTON,0,0,0.0,0.0,Thunderstorm Wind,3,0.0
IA-PROC-2025-17,2025-17,Kimberly K. Reynolds,"Severe Weather occurring on July 28, 2025 (Hancock, O'Brien, Osceola, Sioux Counties)",2025-07-29,https://homelandsecurity.iowa.gov/media/704/download?inline,C,county/county-equivalent,55,DELAWARE,0,0,0.0,0.0,Thunderstorm Wind,3,0.0
IA-PROC-2025-17,2025-17,Kimberly K. Reynolds,"Severe Weather occurring on July 28, 2025 (Hancock, O'Brien, Osceola, Sioux Counties)",2025-07-29,https://homelandsecurity.iowa.gov/media/704/download?inline,C,county/county-equivalent,59,DICKINSON,0,0,0.0,0.0,Thunderstorm Wind,3,0.0
IA-PROC-2025-17,2025-17,Kimberly K. Reynolds,"Severe Weather occurring on July 28, 2025 (Hancock, O'Brien, Osceola, Sioux Counties)",2025-07-29,https://homelandsecurity.iowa.gov/media/704/download?inline,C,county/county-equivalent,61,DUBUQUE,0,0,0.0,0.0,Thunderstorm Wind,1,0.0
IA-PROC-2025-17,2025-17,Kimberly K. Reynolds,"Severe Weather occurring on July 28, 2025 (Hancock, O'Brien, Osceola, Sioux Counties)",2025-07-29,https://homelandsecurity.iowa.gov/media/704/download?inline,C,county/county-equivalent,63,EMMET,0,0,0.0,0.0,Thunderstorm Wind,1,0.0
IA-PROC-2025-17,2025-17,Kimberly K. Reynolds,"Severe Weather occurring on July 28, 2025 (Hancock, O'Brien, Osceola, Sioux Counties)",2025-07-29,https://homelandsecurity.iowa.gov/media/704/download?inline,C,county/county-equivalent,73,GREENE,0,0,0.0,0.0,Thunderstorm Wind,1,0.0
IA-PROC-2025-17,2025-17,Kimberly K. Reynolds,"Severe Weather occurring on July 28, 2025 (Hancock, O'Brien, Osceola, Sioux Counties)",2025-07-29,https://homelandsecurity.iowa.gov/media/704/download?inline,C,county/county-equivalent,79,HAMILTON,0,0,0.0,0.0,Thunderstorm Wind,1,0.0
IA-PROC-2025-17,2025-17,Kimberly K. Reynolds,"Severe Weather occurring on July 28, 2025 (Hancock, O'Brien, Osceola, Sioux Counties)",2025-07-29,https://homelandsecurity.iowa.gov/media/704/download?inline,C,county/county-equivalent,85,HARRISON,0,0,0.0,0.0,Thunderstorm Wind,1,0.0
IA-PROC-2025-17,2025-17,Kimberly K. Reynolds,"Severe Weather occurring on July 28, 2025 (Hancock, O'Brien, Osceola, Sioux Counties)",2025-07-29,https://homelandsecurity.iowa.gov/media/704/download?inline,C,county/county-equivalent,89,HOWARD,0,0,0.0,0.0,Thunderstorm Wind,1,0.0
IA-PROC-2025-17,2025-17,Kimberly K. Reynolds,"Severe Weather occurring on July 28, 2025 (Hancock, O'Brien, Osceola, Sioux Counties)",2025-07-29,https://homelandsecurity.iowa.gov/media/704/download?inline,C,county/county-equivalent,93,IDA,0,0,0.0,0.0,Thunderstorm Wind,1,0.0
IA-PROC-2025-17,2025-17,Kimberly K. Reynolds,"Severe Weather occurring on July 28, 2025 (Hancock, O'Brien, Osceola, Sioux Counties)",2025-07-29,https://homelandsecurity.iowa.gov/media/704/download?inline,C,county/county-equivalent,97,JACKSON,0,0,0.0,0.0,Thunderstorm Wind,1,0.0
IA-PROC-2025-17,2025-17,Kimberly K. Reynolds,"Severe Weather occurring on July 28, 2025 (Hancock, O'Brien, Osceola, Sioux Counties)",2025-07-29,https://homelandsecurity.iowa.gov/media/704/download?inline,C,county/county-equivalent,103,JOHNSON,0,0,0.0,0.0,Thunderstorm Wind,1,0.0
IA-PROC-2025-17,2025-17,Kimberly K. Reynolds,"Severe Weather occurring on July 28, 2025 (Hancock, O'Brien, Osceola, Sioux Counties)",2025-07-29,https://homelandsecurity.iowa.gov/media/704/download?inline,C,county/county-equivalent,105,JONES,0,0,0.0,0.0,Thunderstorm Wind,7,0.0
IA-PROC-2025-17,2025-17,Kimberly K. Reynolds,"Severe Weather occurring on July 28, 2025 (Hancock, O'Brien, Osceola, Sioux Counties)",2025-07-29,https://homelandsecurity.iowa.gov/media/704/download?inline,C,county/county-equivalent,107,KEOKUK,0,0,0.0,0.0,Thunderstorm Wind,1,0.0
IA-PROC-2025-17,2025-17,Kimberly K. Reynolds,"Severe Weather occurring on July 28, 2025 (Hancock, O'Brien, Osceola, Sioux Counties)",2025-07-29,https://homelandsecurity.iowa.gov/media/704/download?inline,C,county/county-equivalent,109,KOSSUTH,0,0,0.0,0.0,Thunderstorm Wind,4,0.0
IA-PROC-2025-17,2025-17,Kimberly K. Reynolds,"Severe Weather occurring on July 28, 2025 (Hancock, O'Brien, Osceola, Sioux Counties)",2025-07-29,https://homelandsecurity.iowa.gov/media/704/download?inline,C,county/county-equivalent,111,LEE,0,0,0.0,0.0,"Flash Flood, Hail",6,0.0
IA-PROC-2025-17,2025-17,Kimberly K. Reynolds,"Severe Weather occurring on July 28, 2025 (Hancock, O'Brien, Osceola, Sioux Counties)",2025-07-29,https://homelandsecurity.iowa.gov/media/704/download?inline,C,county/county-equivalent,113,LINN,0,0,0.0,0.0,Thunderstorm Wind,4,0.0
IA-PROC-2025-17,2025-17,Kimberly K. Reynolds,"Severe Weather occurring on July 28, 2025 (Hancock, O'Brien, Osceola, Sioux Counties)",2025-07-29,https://homelandsecurity.iowa.gov/media/704/download?inline,C,county/county-equivalent,119,LYON,0,0,0.0,0.0,"Thunderstorm Wind, Tornado",9,0.0
IA-PROC-2025-17,2025-17,Kimberly K. Reynolds,"Severe Weather occurring on July 28, 2025 (Hancock, O'Brien, Osceola, Sioux Counties)",2025-07-29,https://homelandsecurity.iowa.gov/media/704/download?inline,C,county/county-equivalent,127,MARSHALL,0,0,0.0,0.0,Thunderstorm Wind,1,0.0
IA-PROC-2025-17,2025-17,Kimberly K. Reynolds,"Severe Weather occurring on July 28, 2025 (Hancock, O'Brien, Osceola, Sioux Counties)",2025-07-29,https://homelandsecurity.iowa.gov/media/704/download?inline,C,county/county-equivalent,141,O'BRIEN,0,0,0.0,0.0,"Flash Flood, Thunderstorm Wind",5,0.0
IA-PROC-2025-17,2025-17,Kimberly K. Reynolds,"Severe Weather occurring on July 28, 2025 (Hancock, O'Brien, Osceola, Sioux Counties)",2025-07-29,https://homelandsecurity.iowa.gov/media/704/download?inline,C,county/county-equivalent,143,OSCEOLA,0,0,0.0,0.0,Thunderstorm Wind,2,0.0
IA-PROC-2025-17,2025-17,Kimberly K. Reynolds,"Severe Weather occurring on July 28, 2025 (Hancock, O'Brien, Osceola, Sioux Counties)",2025-07-29,https://homelandsecurity.iowa.gov/media/704/download?inline,C,county/county-equivalent,149,PLYMOUTH,0,0,0.0,0.0,Thunderstorm Wind,2,0.0
IA-PROC-2025-17,2025-17,Kimberly K. Reynolds,"Severe Weather occurring on July 28, 2025 (Hancock, O'Brien, Osceola, Sioux Counties)",2025-07-29,https://homelandsecurity.iowa.gov/media/704/download?inline,C,county/county-equivalent,151,POCAHONTAS,0,0,0.0,0.0,Thunderstorm Wind,1,0.0
IA-PROC-2025-17,2025-17,Kimberly K. Reynolds,"Severe Weather occurring on July 28, 2025 (Hancock, O'Brien, Osceola, Sioux Counties)",2025-07-29,https://homelandsecurity.iowa.gov/media/704/download?inline,C,county/county-equivalent,157,POWESHIEK,0,0,0.0,0.0,Thunderstorm Wind,1,0.0
IA-PROC-2025-17,2025-17,Kimberly K. Reynolds,"Severe Weather occurring on July 28, 2025 (Hancock, O'Brien, Osceola, Sioux Counties)",2025-07-29,https://homelandsecurity.iowa.gov/media/704/download?inline,C,county/county-equivalent,163,SCOTT,0,0,0.0,0.0,Thunderstorm Wind,3,0.0
IA-PROC-2025-17,2025-17,Kimberly K. Reynolds,"Severe Weather occurring on July 28, 2025 (Hancock, O'Brien, Osceola, Sioux Counties)",2025-07-29,https://homelandsecurity.iowa.gov/media/704/download?inline,C,county/county-equivalent,165,SHELBY,0,0,0.0,0.0,Thunderstorm Wind,1,0.0
IA-PROC-2025-17,2025-17,Kimberly K. Reynolds,"Severe Weather occurring on July 28, 2025 (Hancock, O'Brien, Osceola, Sioux Counties)",2025-07-29,https://homelandsecurity.iowa.gov/media/704/download?inline,C,county/county-equivalent,167,SIOUX,0,0,0.0,0.0,"Flash Flood, Thunderstorm Wind",19,0.0
IA-PROC-2025-17,2025-17,Kimberly K. Reynolds,"Severe Weather occurring on July 28, 2025 (Hancock, O'Brien, Osceola, Sioux Counties)",2025-07-29,https://homelandsecurity.iowa.gov/media/704/download?inline,C,county/county-equivalent,171,TAMA,0,0,0.0,0.0,Thunderstorm Wind,1,0.0
IA-PROC-2025-17,2025-17,Kimberly K. Reynolds,"Severe Weather occurring on July 28, 2025 (Hancock, O'Brien, Osceola, Sioux Counties)",2025-07-29,https://homelandsecurity.iowa.gov/media/704/download?inline,C,county/county-equivalent,191,WINNESHIEK,0,0,0.0,0.0,Thunderstorm Wind,1,0.0
IA-PROC-2025-17,2025-17,Kimberly K. Reynolds,"Severe Weather occurring on July 28, 2025 (Hancock, O'Brien, Osceola, Sioux Counties)",2025-07-29,https://homelandsecurity.iowa.gov/media/704/download?inline,C,county/county-equivalent,193,WOODBURY,0,0,0.0,0.0,Thunderstorm Wind,4,0.0
IA-PROC-2025-17,2025-17,Kimberly K. Reynolds,"Severe Weather occurring on July 28, 2025 (Hancock, O'Brien, Osceola, Sioux Counties)",2025-07-29,https://homelandsecurity.iowa.gov/media/704/download?inline,C,county/county-equivalent,195,WORTH,0,0,0.0,0.0,Thunderstorm Wind,1,0.0
IA-PROC-2025-18,2025-18,Kimberly K. Reynolds,"Severe Weather occurring on July 28, 2025 and continuing (Buena Vista, Cerro Gordo, Clay, Dickinson, Lyon, Palo Alto, Worth Counties)",2025-07-30,https://homelandsecurity.iowa.gov/media/705/download?inline,C,county/county-equivalent,33,CERRO GORDO,0,0,90000.0,0.0,"Thunderstorm Wind, Tornado",6,90000.0
IA-PROC-2025-18,2025-18,Kimberly K. Reynolds,"Severe Weather occurring on July 28, 2025 and continuing (Buena Vista, Cerro Gordo, Clay, Dickinson, Lyon, Palo Alto, Worth Counties)",2025-07-30,https://homelandsecurity.iowa.gov/media/705/download?inline,C,county/county-equivalent,153,POLK,0,0,51500.0,0.0,Thunderstorm Wind,2,51500.0
IA-PROC-2025-18,2025-18,Kimberly K. Reynolds,"Severe Weather occurring on July 28, 2025 and continuing (Buena Vista, Cerro Gordo, Clay, Dickinson, Lyon, Palo Alto, Worth Counties)",2025-07-30,https://homelandsecurity.iowa.gov/media/705/download?inline,C,county/county-equivalent,13,BLACK HAWK,0,0,50000.0,0.0,Thunderstorm Wind,6,50000.0
IA-PROC-2025-18,2025-18,Kimberly K. Reynolds,"Severe Weather occurring on July 28, 2025 and continuing (Buena Vista, Cerro Gordo, Clay, Dickinson, Lyon, Palo Alto, Worth Counties)",2025-07-30,https://homelandsecurity.iowa.gov/media/705/download?inline,C,county/county-equivalent,147,PALO ALTO,0,0,50000.0,0.0,Thunderstorm Wind,2,50000.0
IA-PROC-2025-18,2025-18,Kimberly K. Reynolds,"Severe Weather occurring on July 28, 2025 and continuing (Buena Vista, Cerro Gordo, Clay, Dickinson, Lyon, Palo Alto, Worth Counties)",2025-07-30,https://homelandsecurity.iowa.gov/media/705/download?inline,C,county/county-equivalent,187,WEBSTER,0,0,50000.0,0.0,Thunderstorm Wind,1,50000.0
IA-PROC-2025-18,2025-18,Kimberly K. Reynolds,"Severe Weather occurring on July 28, 2025 and continuing (Buena Vista, Cerro Gordo, Clay, Dickinson, Lyon, Palo Alto, Worth Counties)",2025-07-30,https://homelandsecurity.iowa.gov/media/705/download?inline,C,county/county-equivalent,81,HANCOCK,0,0,28000.0,0.0,"Thunderstorm Wind, Tornado",8,28000.0
IA-PROC-2025-18,2025-18,Kimberly K. Reynolds,"Severe Weather occurring on July 28, 2025 and continuing (Buena Vista, Cerro Gordo, Clay, Dickinson, Lyon, Palo Alto, Worth Counties)",2025-07-30,https://homelandsecurity.iowa.gov/media/705/download?inline,C,county/county-equivalent,23,BUTLER,0,0,13000.0,0.0,Thunderstorm Wind,3,13000.0
IA-PROC-2025-18,2025-18,Kimberly K. Reynolds,"Severe Weather occurring on July 28, 2025 and continuing (Buena Vista, Cerro Gordo, Clay, Dickinson, Lyon, Palo Alto, Worth Counties)",2025-07-30,https://homelandsecurity.iowa.gov/media/705/download?inline,C,county/county-equivalent,67,FLOYD,0,0,0.0,10000.0,Thunderstorm Wind,2,10000.0
IA-PROC-2025-18,2025-18,Kimberly K. Reynolds,"Severe Weather occurring on July 28, 2025 and continuing (Buena Vista, Cerro Gordo, Clay, Dickinson, Lyon, Palo Alto, Worth Counties)",2025-07-30,https://homelandsecurity.iowa.gov/media/705/download?inline,C,county/county-equivalent,131,MITCHELL,0,0,0.0,5000.0,Thunderstorm Wind,1,5000.0
IA-PROC-2025-18,2025-18,Kimberly K. Reynolds,"Severe Weather occurring on July 28, 2025 and continuing (Buena Vista, Cerro Gordo, Clay, Dickinson, Lyon, Palo Alto, Worth Counties)",2025-07-30,https://homelandsecurity.iowa.gov/media/705/download?inline,C,county/county-equivalent,65,FAYETTE,0,0,0.0,2000.0,Thunderstorm Wind,2,2000.0
IA-PROC-2025-18,2025-18,Kimberly K. Reynolds,"Severe Weather occurring on July 28, 2025 and continuing (Buena Vista, Cerro Gordo, Clay, Dickinson, Lyon, Palo Alto, Worth Counties)",2025-07-30,https://homelandsecurity.iowa.gov/media/705/download?inline,C,county/county-equivalent,189,WINNEBAGO,0,0,1000.0,0.0,Thunderstorm Wind,1,1000.0
IA-PROC-2025-18,2025-18,Kimberly K. Reynolds,"Severe Weather occurring on July 28, 2025 and continuing (Buena Vista, Cerro Gordo, Clay, Dickinson, Lyon, Palo Alto, Worth Counties)",2025-07-30,https://homelandsecurity.iowa.gov/media/705/download?inline,C,county/county-equivalent,11,BENTON,0,0,0.0,0.0,Thunderstorm Wind,1,0.0
IA-PROC-2025-18,2025-18,Kimberly K. Reynolds,"Severe Weather occurring on July 28, 2025 and continuing (Buena Vista, Cerro Gordo, Clay, Dickinson, Lyon, Palo Alto, Worth Counties)",2025-07-30,https://homelandsecurity.iowa.gov/media/705/download?inline,C,county/county-equivalent,15,BOONE,0,0,0.0,0.0,Thunderstorm Wind,1,0.0
IA-PROC-2025-18,2025-18,Kimberly K. Reynolds,"Severe Weather occurring on July 28, 2025 and continuing (Buena Vista, Cerro Gordo, Clay, Dickinson, Lyon, Palo Alto, Worth Counties)",2025-07-30,https://homelandsecurity.iowa.gov/media/705/download?inline,C,county/county-equivalent,17,BREMER,0,0,0.0,0.0,Thunderstorm Wind,2,0.0
IA-PROC-2025-18,2025-18,Kimberly K. Reynolds,"Severe Weather occurring on July 28, 2025 and continuing (Buena Vista, Cerro Gordo, Clay, Dickinson, Lyon, Palo Alto, Worth Counties)",2025-07-30,https://homelandsecurity.iowa.gov/media/705/download?inline,C,county/county-equivalent,19,BUCHANAN,0,0,0.0,0.0,Thunderstorm Wind,19,0.0
IA-PROC-2025-18,2025-18,Kimberly K. Reynolds,"Severe Weather occurring on July 28, 2025 and continuing (Buena Vista, Cerro Gordo, Clay, Dickinson, Lyon, Palo Alto, Worth Counties)",2025-07-30,https://homelandsecurity.iowa.gov/media/705/download?inline,C,county/county-equivalent,21,BUENA VISTA,0,0,0.0,0.0,Thunderstorm Wind,1,0.0
IA-PROC-2025-18,2025-18,Kimberly K. Reynolds,"Severe Weather occurring on July 28, 2025 and continuing (Buena Vista, Cerro Gordo, Clay, Dickinson, Lyon, Palo Alto, Worth Counties)",2025-07-30,https://homelandsecurity.iowa.gov/media/705/download?inline,C,county/county-equivalent,25,CALHOUN,0,0,0.0,0.0,Thunderstorm Wind,1,0.0
IA-PROC-2025-18,2025-18,Kimberly K. Reynolds,"Severe Weather occurring on July 28, 2025 and continuing (Buena Vista, Cerro Gordo, Clay, Dickinson, Lyon, Palo Alto, Worth Counties)",2025-07-30,https://homelandsecurity.iowa.gov/media/705/download?inline,C,county/county-equivalent,31,CEDAR,0,0,0.0,0.0,Thunderstorm Wind,3,0.0
IA-PROC-2025-18,2025-18,Kimberly K. Reynolds,"Severe Weather occurring on July 28, 2025 and continuing (Buena Vista, Cerro Gordo, Clay, Dickinson, Lyon, Palo Alto, Worth Counties)",2025-07-30,https://homelandsecurity.iowa.gov/media/705/download?inline,C,county/county-equivalent,35,CHEROKEE,0,0,0.0,0.0,Thunderstorm Wind,2,0.0
IA-PROC-2025-18,2025-18,Kimberly K. Reynolds,"Severe Weather occurring on July 28, 2025 and continuing (Buena Vista, Cerro Gordo, Clay, Dickinson, Lyon, Palo Alto, Worth Counties)",2025-07-30,https://homelandsecurity.iowa.gov/media/705/download?inline,C,county/county-equivalent,41,CLAY,0,0,0.0,0.0,Thunderstorm Wind,3,0.0
IA-PROC-2025-18,2025-18,Kimberly K. Reynolds,"Severe Weather occurring on July 28, 2025 and continuing (Buena Vista, Cerro Gordo, Clay, Dickinson, Lyon, Palo Alto, Worth Counties)",2025-07-30,https://homelandsecurity.iowa.gov/media/705/download?inline,C,county/county-equivalent,45,CLINTON,0,0,0.0,0.0,Thunderstorm Wind,3,0.0
IA-PROC-2025-18,2025-18,Kimberly K. Reynolds,"Severe Weather occurring on July 28, 2025 and continuing (Buena Vista, Cerro Gordo, Clay, Dickinson, Lyon, Palo Alto, Worth Counties)",2025-07-30,https://homelandsecurity.iowa.gov/media/705/download?inline,C,county/county-equivalent,55,DELAWARE,0,0,0.0,0.0,Thunderstorm Wind,3,0.0
IA-PROC-2025-18,2025-18,Kimberly K. Reynolds,"Severe Weather occurring on July 28, 2025 and continuing (Buena Vista, Cerro Gordo, Clay, Dickinson, Lyon, Palo Alto, Worth Counties)",2025-07-30,https://homelandsecurity.iowa.gov/media/705/download?inline,C,county/county-equivalent,59,DICKINSON,0,0,0.0,0.0,Thunderstorm Wind,3,0.0
IA-PROC-2025-18,2025-18,Kimberly K. Reynolds,"Severe Weather occurring on July 28, 2025 and continuing (Buena Vista, Cerro Gordo, Clay, Dickinson, Lyon, Palo Alto, Worth Counties)",2025-07-30,https://homelandsecurity.iowa.gov/media/705/download?inline,C,county/county-equivalent,61,DUBUQUE,0,0,0.0,0.0,Thunderstorm Wind,1,0.0
IA-PROC-2025-18,2025-18,Kimberly K. Reynolds,"Severe Weather occurring on July 28, 2025 and continuing (Buena Vista, Cerro Gordo, Clay, Dickinson, Lyon, Palo Alto, Worth Counties)",2025-07-30,https://homelandsecurity.iowa.gov/media/705/download?inline,C,county/county-equivalent,63,EMMET,0,0,0.0,0.0,Thunderstorm Wind,1,0.0
IA-PROC-2025-18,2025-18,Kimberly K. Reynolds,"Severe Weather occurring on July 28, 2025 and continuing (Buena Vista, Cerro Gordo, Clay, Dickinson, Lyon, Palo Alto, Worth Counties)",2025-07-30,https://homelandsecurity.iowa.gov/media/705/download?inline,C,county/county-equivalent,73,GREENE,0,0,0.0,0.0,Thunderstorm Wind,1,0.0
IA-PROC-2025-18,2025-18,Kimberly K. Reynolds,"Severe Weather occurring on July 28, 2025 and continuing (Buena Vista, Cerro Gordo, Clay, Dickinson, Lyon, Palo Alto, Worth Counties)",2025-07-30,https://homelandsecurity.iowa.gov/media/705/download?inline,C,county/county-equivalent,79,HAMILTON,0,0,0.0,0.0,Thunderstorm Wind,1,0.0
IA-PROC-2025-18,2025-18,Kimberly K. Reynolds,"Severe Weather occurring on July 28, 2025 and continuing (Buena Vista, Cerro Gordo, Clay, Dickinson, Lyon, Palo Alto, Worth Counties)",2025-07-30,https://homelandsecurity.iowa.gov/media/705/download?inline,C,county/county-equivalent,85,HARRISON,0,0,0.0,0.0,Thunderstorm Wind,1,0.0
IA-PROC-2025-18,2025-18,Kimberly K. Reynolds,"Severe Weather occurring on July 28, 2025 and continuing (Buena Vista, Cerro Gordo, Clay, Dickinson, Lyon, Palo Alto, Worth Counties)",2025-07-30,https://homelandsecurity.iowa.gov/media/705/download?inline,C,county/county-equivalent,89,HOWARD,0,0,0.0,0.0,Thunderstorm Wind,1,0.0
IA-PROC-2025-18,2025-18,Kimberly K. Reynolds,"Severe Weather occurring on July 28, 2025 and continuing (Buena Vista, Cerro Gordo, Clay, Dickinson, Lyon, Palo Alto, Worth Counties)",2025-07-30,https://homelandsecurity.iowa.gov/media/705/download?inline,C,county/county-equivalent,93,IDA,0,0,0.0,0.0,Thunderstorm Wind,1,0.0
IA-PROC-2025-18,2025-18,Kimberly K. Reynolds,"Severe Weather occurring on July 28, 2025 and continuing (Buena Vista, Cerro Gordo, Clay, Dickinson, Lyon, Palo Alto, Worth Counties)",2025-07-30,https://homelandsecurity.iowa.gov/media/705/download?inline,C,county/county-equivalent,97,JACKSON,0,0,0.0,0.0,Thunderstorm Wind,1,0.0
IA-PROC-2025-18,2025-18,Kimberly K. Reynolds,"Severe Weather occurring on July 28, 2025 and continuing (Buena Vista, Cerro Gordo, Clay, Dickinson, Lyon, Palo Alto, Worth Counties)",2025-07-30,https://homelandsecurity.iowa.gov/media/705/download?inline,C,county/county-equivalent,103,JOHNSON,0,0,0.0,0.0,Thunderstorm Wind,1,0.0
IA-PROC-2025-18,2025-18,Kimberly K. Reynolds,"Severe Weather occurring on July 28, 2025 and continuing (Buena Vista, Cerro Gordo, Clay, Dickinson, Lyon, Palo Alto, Worth Counties)",2025-07-30,https://homelandsecurity.iowa.gov/media/705/download?inline,C,county/county-equivalent,105,JONES,0,0,0.0,0.0,Thunderstorm Wind,7,0.0
IA-PROC-2025-18,2025-18,Kimberly K. Reynolds,"Severe Weather occurring on July 28, 2025 and continuing (Buena Vista, Cerro Gordo, Clay, Dickinson, Lyon, Palo Alto, Worth Counties)",2025-07-30,https://homelandsecurity.iowa.gov/media/705/download?inline,C,county/county-equivalent,107,KEOKUK,0,0,0.0,0.0,Thunderstorm Wind,1,0.0
IA-PROC-2025-18,2025-18,Kimberly K. Reynolds,"Severe Weather occurring on July 28, 2025 and continuing (Buena Vista, Cerro Gordo, Clay, Dickinson, Lyon, Palo Alto, Worth Counties)",2025-07-30,https://homelandsecurity.iowa.gov/media/705/download?inline,C,county/county-equivalent,109,KOSSUTH,0,0,0.0,0.0,Thunderstorm Wind,4,0.0
IA-PROC-2025-18,2025-18,Kimberly K. Reynolds,"Severe Weather occurring on July 28, 2025 and continuing (Buena Vista, Cerro Gordo, Clay, Dickinson, Lyon, Palo Alto, Worth Counties)",2025-07-30,https://homelandsecurity.iowa.gov/media/705/download?inline,C,county/county-equivalent,111,LEE,0,0,0.0,0.0,Hail,1,0.0
IA-PROC-2025-18,2025-18,Kimberly K. Reynolds,"Severe Weather occurring on July 28, 2025 and continuing (Buena Vista, Cerro Gordo, Clay, Dickinson, Lyon, Palo Alto, Worth Counties)",2025-07-30,https://homelandsecurity.iowa.gov/media/705/download?inline,C,county/county-equivalent,113,LINN,0,0,0.0,0.0,Thunderstorm Wind,4,0.0
IA-PROC-2025-18,2025-18,Kimberly K. Reynolds,"Severe Weather occurring on July 28, 2025 and continuing (Buena Vista, Cerro Gordo, Clay, Dickinson, Lyon, Palo Alto, Worth Counties)",2025-07-30,https://homelandsecurity.iowa.gov/media/705/download?inline,C,county/county-equivalent,119,LYON,0,0,0.0,0.0,"Thunderstorm Wind, Tornado",9,0.0
IA-PROC-2025-18,2025-18,Kimberly K. Reynolds,"Severe Weather occurring on July 28, 2025 and continuing (Buena Vista, Cerro Gordo, Clay, Dickinson, Lyon, Palo Alto, Worth Counties)",2025-07-30,https://homelandsecurity.iowa.gov/media/705/download?inline,C,county/county-equivalent,127,MARSHALL,0,0,0.0,0.0,Thunderstorm Wind,1,0.0
IA-PROC-2025-18,2025-18,Kimberly K. Reynolds,"Severe Weather occurring on July 28, 2025 and continuing (Buena Vista, Cerro Gordo, Clay, Dickinson, Lyon, Palo Alto, Worth Counties)",2025-07-30,https://homelandsecurity.iowa.gov/media/705/download?inline,C,county/county-equivalent,141,O'BRIEN,0,0,0.0,0.0,"Flash Flood, Thunderstorm Wind",5,0.0
IA-PROC-2025-18,2025-18,Kimberly K. Reynolds,"Severe Weather occurring on July 28, 2025 and continuing (Buena Vista, Cerro Gordo, Clay, Dickinson, Lyon, Palo Alto, Worth Counties)",2025-07-30,https://homelandsecurity.iowa.gov/media/705/download?inline,C,county/county-equivalent,143,OSCEOLA,0,0,0.0,0.0,Thunderstorm Wind,2,0.0
IA-PROC-2025-18,2025-18,Kimberly K. Reynolds,"Severe Weather occurring on July 28, 2025 and continuing (Buena Vista, Cerro Gordo, Clay, Dickinson, Lyon, Palo Alto, Worth Counties)",2025-07-30,https://homelandsecurity.iowa.gov/media/705/download?inline,C,county/county-equivalent,149,PLYMOUTH,0,0,0.0,0.0,Thunderstorm Wind,2,0.0
IA-PROC-2025-18,2025-18,Kimberly K. Reynolds,"Severe Weather occurring on July 28, 2025 and continuing (Buena Vista, Cerro Gordo, Clay, Dickinson, Lyon, Palo Alto, Worth Counties)",2025-07-30,https://homelandsecurity.iowa.gov/media/705/download?inline,C,county/county-equivalent,151,POCAHONTAS,0,0,0.0,0.0,Thunderstorm Wind,1,0.0
IA-PROC-2025-18,2025-18,Kimberly K. Reynolds,"Severe Weather occurring on July 28, 2025 and continuing (Buena Vista, Cerro Gordo, Clay, Dickinson, Lyon, Palo Alto, Worth Counties)",2025-07-30,https://homelandsecurity.iowa.gov/media/705/download?inline,C,county/county-equivalent,157,POWESHIEK,0,0,0.0,0.0,Thunderstorm Wind,1,0.0
IA-PROC-2025-18,2025-18,Kimberly K. Reynolds,"Severe Weather occurring on July 28, 2025 and continuing (Buena Vista, Cerro Gordo, Clay, Dickinson, Lyon, Palo Alto, Worth Counties)",2025-07-30,https://homelandsecurity.iowa.gov/media/705/download?inline,C,county/county-equivalent,163,SCOTT,0,0,0.0,0.0,Thunderstorm Wind,3,0.0
IA-PROC-2025-18,2025-18,Kimberly K. Reynolds,"Severe Weather occurring on July 28, 2025 and continuing (Buena Vista, Cerro Gordo, Clay, Dickinson, Lyon, Palo Alto, Worth Counties)",2025-07-30,https://homelandsecurity.iowa.gov/media/705/download?inline,C,county/county-equivalent,165,SHELBY,0,0,0.0,0.0,Thunderstorm Wind,1,0.0
IA-PROC-2025-18,2025-18,Kimberly K. Reynolds,"Severe Weather occurring on July 28, 2025 and continuing (Buena Vista, Cerro Gordo, Clay, Dickinson, Lyon, Palo Alto, Worth Counties)",2025-07-30,https://homelandsecurity.iowa.gov/media/705/download?inline,C,county/county-equivalent,167,SIOUX,0,0,0.0,0.0,"Flash Flood, Thunderstorm Wind",19,0.0
IA-PROC-2025-18,2025-18,Kimberly K. Reynolds,"Severe Weather occurring on July 28, 2025 and continuing (Buena Vista, Cerro Gordo, Clay, Dickinson, Lyon, Palo Alto, Worth Counties)",2025-07-30,https://homelandsecurity.iowa.gov/media/705/download?inline,C,county/county-equivalent,171,TAMA,0,0,0.0,0.0,Thunderstorm Wind,1,0.0
IA-PROC-2025-18,2025-18,Kimberly K. Reynolds,"Severe Weather occurring on July 28, 2025 and continuing (Buena Vista, Cerro Gordo, Clay, Dickinson, Lyon, Palo Alto, Worth Counties)",2025-07-30,https://homelandsecurity.iowa.gov/media/705/download?inline,C,county/county-equivalent,191,WINNESHIEK,0,0,0.0,0.0,Thunderstorm Wind,1,0.0
IA-PROC-2025-18,2025-18,Kimberly K. Reynolds,"Severe Weather occurring on July 28, 2025 and continuing (Buena Vista, Cerro Gordo, Clay, Dickinson, Lyon, Palo Alto, Worth Counties)",2025-07-30,https://homelandsecurity.iowa.gov/media/705/download?inline,C,county/county-equivalent,193,WOODBURY,0,0,0.0,0.0,Thunderstorm Wind,4,0.0
IA-PROC-2025-18,2025-18,Kimberly K. Reynolds,"Severe Weather occurring on July 28, 2025 and continuing (Buena Vista, Cerro Gordo, Clay, Dickinson, Lyon, Palo Alto, Worth Counties)",2025-07-30,https://homelandsecurity.iowa.gov/media/705/download?inline,C,county/county-equivalent,195,WORTH,0,0,0.0,0.0,Thunderstorm Wind,1,0.0
IA-PROC-2025-19,2025-19,Kimberly K. Reynolds,"Severe Weather and Flooding occurring on July 17, 2025 (Hancock County)",2025-07-31,https://homelandsecurity.iowa.gov/media/707/download?inline,C,county/county-equivalent,33,CERRO GORDO,0,0,60000.0,0.0,"Thunderstorm Wind, Tornado",3,60000.0
IA-PROC-2025-19,2025-19,Kimberly K. Reynolds,"Severe Weather and Flooding occurring on July 17, 2025 (Hancock County)",2025-07-31,https://homelandsecurity.iowa.gov/media/707/download?inline,C,county/county-equivalent,153,POLK,0,0,51500.0,0.0,Thunderstorm Wind,2,51500.0
IA-PROC-2025-19,2025-19,Kimberly K. Reynolds,"Severe Weather and Flooding occurring on July 17, 2025 (Hancock County)",2025-07-31,https://homelandsecurity.iowa.gov/media/707/download?inline,C,county/county-equivalent,13,BLACK HAWK,0,0,50000.0,0.0,Thunderstorm Wind,6,50000.0
IA-PROC-2025-19,2025-19,Kimberly K. Reynolds,"Severe Weather and Flooding occurring on July 17, 2025 (Hancock County)",2025-07-31,https://homelandsecurity.iowa.gov/media/707/download?inline,C,county/county-equivalent,147,PALO ALTO,0,0,50000.0,0.0,Thunderstorm Wind,2,50000.0
IA-PROC-2025-19,2025-19,Kimberly K. Reynolds,"Severe Weather and Flooding occurring on July 17, 2025 (Hancock County)",2025-07-31,https://homelandsecurity.iowa.gov/media/707/download?inline,C,county/county-equivalent,187,WEBSTER,0,0,50000.0,0.0,Thunderstorm Wind,1,50000.0
IA-PROC-2025-19,2025-19,Kimberly K. Reynolds,"Severe Weather and Flooding occurring on July 17, 2025 (Hancock County)",2025-07-31,https://homelandsecurity.iowa.gov/media/707/download?inline,C,county/county-equivalent,23,BUTLER,0,0,10000.0,0.0,Thunderstorm Wind,2,10000.0
IA-PROC-2025-19,2025-19,Kimberly K. Reynolds,"Severe Weather and Flooding occurring on July 17, 2025 (Hancock County)",2025-07-31,https://homelandsecurity.iowa.gov/media/707/download?inline,C,county/county-equivalent,81,HANCOCK,0,0,10000.0,0.0,"Thunderstorm Wind, Tornado",4,10000.0
IA-PROC-2025-19,2025-19,Kimberly K. Reynolds,"Severe Weather and Flooding occurring on July 17, 2025 (Hancock County)",2025-07-31,https://homelandsecurity.iowa.gov/media/707/download?inline,C,county/county-equivalent,65,FAYETTE,0,0,0.0,2000.0,Thunderstorm Wind,2,2000.0
IA-PROC-2025-19,2025-19,Kimberly K. Reynolds,"Severe Weather and Flooding occurring on July 17, 2025 (Hancock County)",2025-07-31,https://homelandsecurity.iowa.gov/media/707/download?inline,C,county/county-equivalent,11,BENTON,0,0,0.0,0.0,Thunderstorm Wind,1,0.0
IA-PROC-2025-19,2025-19,Kimberly K. Reynolds,"Severe Weather and Flooding occurring on July 17, 2025 (Hancock County)",2025-07-31,https://homelandsecurity.iowa.gov/media/707/download?inline,C,county/county-equivalent,15,BOONE,0,0,0.0,0.0,Thunderstorm Wind,1,0.0
IA-PROC-2025-19,2025-19,Kimberly K. Reynolds,"Severe Weather and Flooding occurring on July 17, 2025 (Hancock County)",2025-07-31,https://homelandsecurity.iowa.gov/media/707/download?inline,C,county/county-equivalent,17,BREMER,0,0,0.0,0.0,Thunderstorm Wind,2,0.0
IA-PROC-2025-19,2025-19,Kimberly K. Reynolds,"Severe Weather and Flooding occurring on July 17, 2025 (Hancock County)",2025-07-31,https://homelandsecurity.iowa.gov/media/707/download?inline,C,county/county-equivalent,19,BUCHANAN,0,0,0.0,0.0,Thunderstorm Wind,19,0.0
IA-PROC-2025-19,2025-19,Kimberly K. Reynolds,"Severe Weather and Flooding occurring on July 17, 2025 (Hancock County)",2025-07-31,https://homelandsecurity.iowa.gov/media/707/download?inline,C,county/county-equivalent,21,BUENA VISTA,0,0,0.0,0.0,Thunderstorm Wind,1,0.0
IA-PROC-2025-19,2025-19,Kimberly K. Reynolds,"Severe Weather and Flooding occurring on July 17, 2025 (Hancock County)",2025-07-31,https://homelandsecurity.iowa.gov/media/707/download?inline,C,county/county-equivalent,25,CALHOUN,0,0,0.0,0.0,Thunderstorm Wind,1,0.0
IA-PROC-2025-19,2025-19,Kimberly K. Reynolds,"Severe Weather and Flooding occurring on July 17, 2025 (Hancock County)",2025-07-31,https://homelandsecurity.iowa.gov/media/707/download?inline,C,county/county-equivalent,31,CEDAR,0,0,0.0,0.0,Thunderstorm Wind,3,0.0
IA-PROC-2025-19,2025-19,Kimberly K. Reynolds,"Severe Weather and Flooding occurring on July 17, 2025 (Hancock County)",2025-07-31,https://homelandsecurity.iowa.gov/media/707/download?inline,C,county/county-equivalent,35,CHEROKEE,0,0,0.0,0.0,Thunderstorm Wind,2,0.0
IA-PROC-2025-19,2025-19,Kimberly K. Reynolds,"Severe Weather and Flooding occurring on July 17, 2025 (Hancock County)",2025-07-31,https://homelandsecurity.iowa.gov/media/707/download?inline,C,county/county-equivalent,41,CLAY,0,0,0.0,0.0,Thunderstorm Wind,3,0.0
IA-PROC-2025-19,2025-19,Kimberly K. Reynolds,"Severe Weather and Flooding occurring on July 17, 2025 (Hancock County)",2025-07-31,https://homelandsecurity.iowa.gov/media/707/download?inline,C,county/county-equivalent,45,CLINTON,0,0,0.0,0.0,Thunderstorm Wind,3,0.0
IA-PROC-2025-19,2025-19,Kimberly K. Reynolds,"Severe Weather and Flooding occurring on July 17, 2025 (Hancock County)",2025-07-31,https://homelandsecurity.iowa.gov/media/707/download?inline,C,county/county-equivalent,55,DELAWARE,0,0,0.0,0.0,Thunderstorm Wind,3,0.0
IA-PROC-2025-19,2025-19,Kimberly K. Reynolds,"Severe Weather and Flooding occurring on July 17, 2025 (Hancock County)",2025-07-31,https://homelandsecurity.iowa.gov/media/707/download?inline,C,county/county-equivalent,59,DICKINSON,0,0,0.0,0.0,Thunderstorm Wind,2,0.0
IA-PROC-2025-19,2025-19,Kimberly K. Reynolds,"Severe Weather and Flooding occurring on July 17, 2025 (Hancock County)",2025-07-31,https://homelandsecurity.iowa.gov/media/707/download?inline,C,county/county-equivalent,61,DUBUQUE,0,0,0.0,0.0,Thunderstorm Wind,1,0.0
IA-PROC-2025-19,2025-19,Kimberly K. Reynolds,"Severe Weather and Flooding occurring on July 17, 2025 (Hancock County)",2025-07-31,https://homelandsecurity.iowa.gov/media/707/download?inline,C,county/county-equivalent,73,GREENE,0,0,0.0,0.0,Thunderstorm Wind,1,0.0
IA-PROC-2025-19,2025-19,Kimberly K. Reynolds,"Severe Weather and Flooding occurring on July 17, 2025 (Hancock County)",2025-07-31,https://homelandsecurity.iowa.gov/media/707/download?inline,C,county/county-equivalent,85,HARRISON,0,0,0.0,0.0,Thunderstorm Wind,1,0.0
IA-PROC-2025-19,2025-19,Kimberly K. Reynolds,"Severe Weather and Flooding occurring on July 17, 2025 (Hancock County)",2025-07-31,https://homelandsecurity.iowa.gov/media/707/download?inline,C,county/county-equivalent,89,HOWARD,0,0,0.0,0.0,Thunderstorm Wind,1,0.0
IA-PROC-2025-19,2025-19,Kimberly K. Reynolds,"Severe Weather and Flooding occurring on July 17, 2025 (Hancock County)",2025-07-31,https://homelandsecurity.iowa.gov/media/707/download?inline,C,county/county-equivalent,93,IDA,0,0,0.0,0.0,Thunderstorm Wind,1,0.0
IA-PROC-2025-19,2025-19,Kimberly K. Reynolds,"Severe Weather and Flooding occurring on July 17, 2025 (Hancock County)",2025-07-31,https://homelandsecurity.iowa.gov/media/707/download?inline,C,county/county-equivalent,97,JACKSON,0,0,0.0,0.0,Thunderstorm Wind,1,0.0
IA-PROC-2025-19,2025-19,Kimberly K. Reynolds,"Severe Weather and Flooding occurring on July 17, 2025 (Hancock County)",2025-07-31,https://homelandsecurity.iowa.gov/media/707/download?inline,C,county/county-equivalent,103,JOHNSON,0,0,0.0,0.0,Thunderstorm Wind,1,0.0
IA-PROC-2025-19,2025-19,Kimberly K. Reynolds,"Severe Weather and Flooding occurring on July 17, 2025 (Hancock County)",2025-07-31,https://homelandsecurity.iowa.gov/media/707/download?inline,C,county/county-equivalent,105,JONES,0,0,0.0,0.0,Thunderstorm Wind,7,0.0
IA-PROC-2025-19,2025-19,Kimberly K. Reynolds,"Severe Weather and Flooding occurring on July 17, 2025 (Hancock County)",2025-07-31,https://homelandsecurity.iowa.gov/media/707/download?inline,C,county/county-equivalent,107,KEOKUK,0,0,0.0,0.0,Thunderstorm Wind,1,0.0
IA-PROC-2025-19,2025-19,Kimberly K. Reynolds,"Severe Weather and Flooding occurring on July 17, 2025 (Hancock County)",2025-07-31,https://homelandsecurity.iowa.gov/media/707/download?inline,C,county/county-equivalent,109,KOSSUTH,0,0,0.0,0.0,Thunderstorm Wind,3,0.0
IA-PROC-2025-19,2025-19,Kimberly K. Reynolds,"Severe Weather and Flooding occurring on July 17, 2025 (Hancock County)",2025-07-31,https://homelandsecurity.iowa.gov/media/707/download?inline,C,county/county-equivalent,111,LEE,0,0,0.0,0.0,Hail,1,0.0
IA-PROC-2025-19,2025-19,Kimberly K. Reynolds,"Severe Weather and Flooding occurring on July 17, 2025 (Hancock County)",2025-07-31,https://homelandsecurity.iowa.gov/media/707/download?inline,C,county/county-equivalent,113,LINN,0,0,0.0,0.0,Thunderstorm Wind,4,0.0
IA-PROC-2025-19,2025-19,Kimberly K. Reynolds,"Severe Weather and Flooding occurring on July 17, 2025 (Hancock County)",2025-07-31,https://homelandsecurity.iowa.gov/media/707/download?inline,C,county/county-equivalent,119,LYON,0,0,0.0,0.0,"Thunderstorm Wind, Tornado",8,0.0
IA-PROC-2025-19,2025-19,Kimberly K. Reynolds,"Severe Weather and Flooding occurring on July 17, 2025 (Hancock County)",2025-07-31,https://homelandsecurity.iowa.gov/media/707/download?inline,C,county/county-equivalent,127,MARSHALL,0,0,0.0,0.0,Thunderstorm Wind,1,0.0
IA-PROC-2025-19,2025-19,Kimberly K. Reynolds,"Severe Weather and Flooding occurring on July 17, 2025 (Hancock County)",2025-07-31,https://homelandsecurity.iowa.gov/media/707/download?inline,C,county/county-equivalent,141,O'BRIEN,0,0,0.0,0.0,"Flash Flood, Thunderstorm Wind",5,0.0
IA-PROC-2025-19,2025-19,Kimberly K. Reynolds,"Severe Weather and Flooding occurring on July 17, 2025 (Hancock County)",2025-07-31,https://homelandsecurity.iowa.gov/media/707/download?inline,C,county/county-equivalent,143,OSCEOLA,0,0,0.0,0.0,Thunderstorm Wind,2,0.0
IA-PROC-2025-19,2025-19,Kimberly K. Reynolds,"Severe Weather and Flooding occurring on July 17, 2025 (Hancock County)",2025-07-31,https://homelandsecurity.iowa.gov/media/707/download?inline,C,county/county-equivalent,149,PLYMOUTH,0,0,0.0,0.0,"Flood, Thunderstorm Wind",3,0.0
IA-PROC-2025-19,2025-19,Kimberly K. Reynolds,"Severe Weather and Flooding occurring on July 17, 2025 (Hancock County)",2025-07-31,https://homelandsecurity.iowa.gov/media/707/download?inline,C,county/county-equivalent,151,POCAHONTAS,0,0,0.0,0.0,Thunderstorm Wind,1,0.0
IA-PROC-2025-19,2025-19,Kimberly K. Reynolds,"Severe Weather and Flooding occurring on July 17, 2025 (Hancock County)",2025-07-31,https://homelandsecurity.iowa.gov/media/707/download?inline,C,county/county-equivalent,157,POWESHIEK,0,0,0.0,0.0,Thunderstorm Wind,1,0.0
IA-PROC-2025-19,2025-19,Kimberly K. Reynolds,"Severe Weather and Flooding occurring on July 17, 2025 (Hancock County)",2025-07-31,https://homelandsecurity.iowa.gov/media/707/download?inline,C,county/county-equivalent,163,SCOTT,0,0,0.0,0.0,Thunderstorm Wind,3,0.0
IA-PROC-2025-19,2025-19,Kimberly K. Reynolds,"Severe Weather and Flooding occurring on July 17, 2025 (Hancock County)",2025-07-31,https://homelandsecurity.iowa.gov/media/707/download?inline,C,county/county-equivalent,165,SHELBY,0,0,0.0,0.0,Thunderstorm Wind,1,0.0
IA-PROC-2025-19,2025-19,Kimberly K. Reynolds,"Severe Weather and Flooding occurring on July 17, 2025 (Hancock County)",2025-07-31,https://homelandsecurity.iowa.gov/media/707/download?inline,C,county/county-equivalent,167,SIOUX,0,0,0.0,0.0,"Flash Flood, Flood, Thunderstorm Wind",17,0.0
IA-PROC-2025-19,2025-19,Kimberly K. Reynolds,"Severe Weather and Flooding occurring on July 17, 2025 (Hancock County)",2025-07-31,https://homelandsecurity.iowa.gov/media/707/download?inline,C,county/county-equivalent,171,TAMA,0,0,0.0,0.0,Thunderstorm Wind,1,0.0
IA-PROC-2025-19,2025-19,Kimberly K. Reynolds,"Severe Weather and Flooding occurring on July 17, 2025 (Hancock County)",2025-07-31,https://homelandsecurity.iowa.gov/media/707/download?inline,C,county/county-equivalent,191,WINNESHIEK,0,0,0.0,0.0,Thunderstorm Wind,1,0.0
IA-PROC-2025-19,2025-19,Kimberly K. Reynolds,"Severe Weather and Flooding occurring on July 17, 2025 (Hancock County)",2025-07-31,https://homelandsecurity.iowa.gov/media/707/download?inline,C,county/county-equivalent,193,WOODBURY,0,0,0.0,0.0,Thunderstorm Wind,4,0.0
IA-PROC-2025-20,2025-20,Kimberly K. Reynolds,"Severe Weather occurring on July 28, 2025 and continuing (Plymouth County)",2025-07-31,https://homelandsecurity.iowa.gov/media/708/download?inline,C,county/county-equivalent,33,CERRO GORDO,0,0,60000.0,0.0,"Thunderstorm Wind, Tornado",3,60000.0
IA-PROC-2025-20,2025-20,Kimberly K. Reynolds,"Severe Weather occurring on July 28, 2025 and continuing (Plymouth County)",2025-07-31,https://homelandsecurity.iowa.gov/media/708/download?inline,C,county/county-equivalent,153,POLK,0,0,51500.0,0.0,Thunderstorm Wind,2,51500.0
IA-PROC-2025-20,2025-20,Kimberly K. Reynolds,"Severe Weather occurring on July 28, 2025 and continuing (Plymouth County)",2025-07-31,https://homelandsecurity.iowa.gov/media/708/download?inline,C,county/county-equivalent,13,BLACK HAWK,0,0,50000.0,0.0,Thunderstorm Wind,6,50000.0
IA-PROC-2025-20,2025-20,Kimberly K. Reynolds,"Severe Weather occurring on July 28, 2025 and continuing (Plymouth County)",2025-07-31,https://homelandsecurity.iowa.gov/media/708/download?inline,C,county/county-equivalent,147,PALO ALTO,0,0,50000.0,0.0,Thunderstorm Wind,2,50000.0
IA-PROC-2025-20,2025-20,Kimberly K. Reynolds,"Severe Weather occurring on July 28, 2025 and continuing (Plymouth County)",2025-07-31,https://homelandsecurity.iowa.gov/media/708/download?inline,C,county/county-equivalent,187,WEBSTER,0,0,50000.0,0.0,Thunderstorm Wind,1,50000.0
IA-PROC-2025-20,2025-20,Kimberly K. Reynolds,"Severe Weather occurring on July 28, 2025 and continuing (Plymouth County)",2025-07-31,https://homelandsecurity.iowa.gov/media/708/download?inline,C,county/county-equivalent,23,BUTLER,0,0,10000.0,0.0,Thunderstorm Wind,2,10000.0
IA-PROC-2025-20,2025-20,Kimberly K. Reynolds,"Severe Weather occurring on July 28, 2025 and continuing (Plymouth County)",2025-07-31,https://homelandsecurity.iowa.gov/media/708/download?inline,C,county/county-equivalent,81,HANCOCK,0,0,10000.0,0.0,"Thunderstorm Wind, Tornado",4,10000.0
IA-PROC-2025-20,2025-20,Kimberly K. Reynolds,"Severe Weather occurring on July 28, 2025 and continuing (Plymouth County)",2025-07-31,https://homelandsecurity.iowa.gov/media/708/download?inline,C,county/county-equivalent,65,FAYETTE,0,0,0.0,2000.0,Thunderstorm Wind,2,2000.0
IA-PROC-2025-20,2025-20,Kimberly K. Reynolds,"Severe Weather occurring on July 28, 2025 and continuing (Plymouth County)",2025-07-31,https://homelandsecurity.iowa.gov/media/708/download?inline,C,county/county-equivalent,11,BENTON,0,0,0.0,0.0,Thunderstorm Wind,1,0.0
IA-PROC-2025-20,2025-20,Kimberly K. Reynolds,"Severe Weather occurring on July 28, 2025 and continuing (Plymouth County)",2025-07-31,https://homelandsecurity.iowa.gov/media/708/download?inline,C,county/county-equivalent,15,BOONE,0,0,0.0,0.0,Thunderstorm Wind,1,0.0
IA-PROC-2025-20,2025-20,Kimberly K. Reynolds,"Severe Weather occurring on July 28, 2025 and continuing (Plymouth County)",2025-07-31,https://homelandsecurity.iowa.gov/media/708/download?inline,C,county/county-equivalent,17,BREMER,0,0,0.0,0.0,Thunderstorm Wind,2,0.0
IA-PROC-2025-20,2025-20,Kimberly K. Reynolds,"Severe Weather occurring on July 28, 2025 and continuing (Plymouth County)",2025-07-31,https://homelandsecurity.iowa.gov/media/708/download?inline,C,county/county-equivalent,19,BUCHANAN,0,0,0.0,0.0,Thunderstorm Wind,19,0.0
IA-PROC-2025-20,2025-20,Kimberly K. Reynolds,"Severe Weather occurring on July 28, 2025 and continuing (Plymouth County)",2025-07-31,https://homelandsecurity.iowa.gov/media/708/download?inline,C,county/county-equivalent,21,BUENA VISTA,0,0,0.0,0.0,Thunderstorm Wind,1,0.0
IA-PROC-2025-20,2025-20,Kimberly K. Reynolds,"Severe Weather occurring on July 28, 2025 and continuing (Plymouth County)",2025-07-31,https://homelandsecurity.iowa.gov/media/708/download?inline,C,county/county-equivalent,25,CALHOUN,0,0,0.0,0.0,Thunderstorm Wind,1,0.0
IA-PROC-2025-20,2025-20,Kimberly K. Reynolds,"Severe Weather occurring on July 28, 2025 and continuing (Plymouth County)",2025-07-31,https://homelandsecurity.iowa.gov/media/708/download?inline,C,county/county-equivalent,31,CEDAR,0,0,0.0,0.0,Thunderstorm Wind,3,0.0
IA-PROC-2025-20,2025-20,Kimberly K. Reynolds,"Severe Weather occurring on July 28, 2025 and continuing (Plymouth County)",2025-07-31,https://homelandsecurity.iowa.gov/media/708/download?inline,C,county/county-equivalent,35,CHEROKEE,0,0,0.0,0.0,Thunderstorm Wind,2,0.0
IA-PROC-2025-20,2025-20,Kimberly K. Reynolds,"Severe Weather occurring on July 28, 2025 and continuing (Plymouth County)",2025-07-31,https://homelandsecurity.iowa.gov/media/708/download?inline,C,county/county-equivalent,41,CLAY,0,0,0.0,0.0,Thunderstorm Wind,3,0.0
IA-PROC-2025-20,2025-20,Kimberly K. Reynolds,"Severe Weather occurring on July 28, 2025 and continuing (Plymouth County)",2025-07-31,https://homelandsecurity.iowa.gov/media/708/download?inline,C,county/county-equivalent,45,CLINTON,0,0,0.0,0.0,Thunderstorm Wind,3,0.0
IA-PROC-2025-20,2025-20,Kimberly K. Reynolds,"Severe Weather occurring on July 28, 2025 and continuing (Plymouth County)",2025-07-31,https://homelandsecurity.iowa.gov/media/708/download?inline,C,county/county-equivalent,55,DELAWARE,0,0,0.0,0.0,Thunderstorm Wind,3,0.0
IA-PROC-2025-20,2025-20,Kimberly K. Reynolds,"Severe Weather occurring on July 28, 2025 and continuing (Plymouth County)",2025-07-31,https://homelandsecurity.iowa.gov/media/708/download?inline,C,county/county-equivalent,59,DICKINSON,0,0,0.0,0.0,Thunderstorm Wind,2,0.0
IA-PROC-2025-20,2025-20,Kimberly K. Reynolds,"Severe Weather occurring on July 28, 2025 and continuing (Plymouth County)",2025-07-31,https://homelandsecurity.iowa.gov/media/708/download?inline,C,county/county-equivalent,61,DUBUQUE,0,0,0.0,0.0,Thunderstorm Wind,1,0.0
IA-PROC-2025-20,2025-20,Kimberly K. Reynolds,"Severe Weather occurring on July 28, 2025 and continuing (Plymouth County)",2025-07-31,https://homelandsecurity.iowa.gov/media/708/download?inline,C,county/county-equivalent,73,GREENE,0,0,0.0,0.0,Thunderstorm Wind,1,0.0
IA-PROC-2025-20,2025-20,Kimberly K. Reynolds,"Severe Weather occurring on July 28, 2025 and continuing (Plymouth County)",2025-07-31,https://homelandsecurity.iowa.gov/media/708/download?inline,C,county/county-equivalent,85,HARRISON,0,0,0.0,0.0,Thunderstorm Wind,1,0.0
IA-PROC-2025-20,2025-20,Kimberly K. Reynolds,"Severe Weather occurring on July 28, 2025 and continuing (Plymouth County)",2025-07-31,https://homelandsecurity.iowa.gov/media/708/download?inline,C,county/county-equivalent,89,HOWARD,0,0,0.0,0.0,Thunderstorm Wind,1,0.0
IA-PROC-2025-20,2025-20,Kimberly K. Reynolds,"Severe Weather occurring on July 28, 2025 and continuing (Plymouth County)",2025-07-31,https://homelandsecurity.iowa.gov/media/708/download?inline,C,county/county-equivalent,93,IDA,0,0,0.0,0.0,Thunderstorm Wind,1,0.0
IA-PROC-2025-20,2025-20,Kimberly K. Reynolds,"Severe Weather occurring on July 28, 2025 and continuing (Plymouth County)",2025-07-31,https://homelandsecurity.iowa.gov/media/708/download?inline,C,county/county-equivalent,97,JACKSON,0,0,0.0,0.0,Thunderstorm Wind,1,0.0
IA-PROC-2025-20,2025-20,Kimberly K. Reynolds,"Severe Weather occurring on July 28, 2025 and continuing (Plymouth County)",2025-07-31,https://homelandsecurity.iowa.gov/media/708/download?inline,C,county/county-equivalent,103,JOHNSON,0,0,0.0,0.0,Thunderstorm Wind,1,0.0
IA-PROC-2025-20,2025-20,Kimberly K. Reynolds,"Severe Weather occurring on July 28, 2025 and continuing (Plymouth County)",2025-07-31,https://homelandsecurity.iowa.gov/media/708/download?inline,C,county/county-equivalent,105,JONES,0,0,0.0,0.0,Thunderstorm Wind,7,0.0
IA-PROC-2025-20,2025-20,Kimberly K. Reynolds,"Severe Weather occurring on July 28, 2025 and continuing (Plymouth County)",2025-07-31,https://homelandsecurity.iowa.gov/media/708/download?inline,C,county/county-equivalent,107,KEOKUK,0,0,0.0,0.0,Thunderstorm Wind,1,0.0
IA-PROC-2025-20,2025-20,Kimberly K. Reynolds,"Severe Weather occurring on July 28, 2025 and continuing (Plymouth County)",2025-07-31,https://homelandsecurity.iowa.gov/media/708/download?inline,C,county/county-equivalent,109,KOSSUTH,0,0,0.0,0.0,Thunderstorm Wind,3,0.0
IA-PROC-2025-20,2025-20,Kimberly K. Reynolds,"Severe Weather occurring on July 28, 2025 and continuing (Plymouth County)",2025-07-31,https://homelandsecurity.iowa.gov/media/708/download?inline,C,county/county-equivalent,111,LEE,0,0,0.0,0.0,Hail,1,0.0
IA-PROC-2025-20,2025-20,Kimberly K. Reynolds,"Severe Weather occurring on July 28, 2025 and continuing (Plymouth County)",2025-07-31,https://homelandsecurity.iowa.gov/media/708/download?inline,C,county/county-equivalent,113,LINN,0,0,0.0,0.0,Thunderstorm Wind,4,0.0
IA-PROC-2025-20,2025-20,Kimberly K. Reynolds,"Severe Weather occurring on July 28, 2025 and continuing (Plymouth County)",2025-07-31,https://homelandsecurity.iowa.gov/media/708/download?inline,C,county/county-equivalent,119,LYON,0,0,0.0,0.0,"Thunderstorm Wind, Tornado",8,0.0
IA-PROC-2025-20,2025-20,Kimberly K. Reynolds,"Severe Weather occurring on July 28, 2025 and continuing (Plymouth County)",2025-07-31,https://homelandsecurity.iowa.gov/media/708/download?inline,C,county/county-equivalent,127,MARSHALL,0,0,0.0,0.0,Thunderstorm Wind,1,0.0
IA-PROC-2025-20,2025-20,Kimberly K. Reynolds,"Severe Weather occurring on July 28, 2025 and continuing (Plymouth County)",2025-07-31,https://homelandsecurity.iowa.gov/media/708/download?inline,C,county/county-equivalent,141,O'BRIEN,0,0,0.0,0.0,"Flash Flood, Thunderstorm Wind",5,0.0
IA-PROC-2025-20,2025-20,Kimberly K. Reynolds,"Severe Weather occurring on July 28, 2025 and continuing (Plymouth County)",2025-07-31,https://homelandsecurity.iowa.gov/media/708/download?inline,C,county/county-equivalent,143,OSCEOLA,0,0,0.0,0.0,Thunderstorm Wind,2,0.0
IA-PROC-2025-20,2025-20,Kimberly K. Reynolds,"Severe Weather occurring on July 28, 2025 and continuing (Plymouth County)",2025-07-31,https://homelandsecurity.iowa.gov/media/708/download?inline,C,county/county-equivalent,149,PLYMOUTH,0,0,0.0,0.0,Thunderstorm Wind,2,0.0
IA-PROC-2025-20,2025-20,Kimberly K. Reynolds,"Severe Weather occurring on July 28, 2025 and continuing (Plymouth County)",2025-07-31,https://homelandsecurity.iowa.gov/media/708/download?inline,C,county/county-equivalent,151,POCAHONTAS,0,0,0.0,0.0,Thunderstorm Wind,1,0.0
IA-PROC-2025-20,2025-20,Kimberly K. Reynolds,"Severe Weather occurring on July 28, 2025 and continuing (Plymouth County)",2025-07-31,https://homelandsecurity.iowa.gov/media/708/download?inline,C,county/county-equivalent,157,POWESHIEK,0,0,0.0,0.0,Thunderstorm Wind,1,0.0
IA-PROC-2025-20,2025-20,Kimberly K. Reynolds,"Severe Weather occurring on July 28, 2025 and continuing (Plymouth County)",2025-07-31,https://homelandsecurity.iowa.gov/media/708/download?inline,C,county/county-equivalent,163,SCOTT,0,0,0.0,0.0,Thunderstorm Wind,3,0.0
IA-PROC-2025-20,2025-20,Kimberly K. Reynolds,"Severe Weather occurring on July 28, 2025 and continuing (Plymouth County)",2025-07-31,https://homelandsecurity.iowa.gov/media/708/download?inline,C,county/county-equivalent,165,SHELBY,0,0,0.0,0.0,Thunderstorm Wind,1,0.0
IA-PROC-2025-20,2025-20,Kimberly K. Reynolds,"Severe Weather occurring on July 28, 2025 and continuing (Plymouth County)",2025-07-31,https://homelandsecurity.iowa.gov/media/708/download?inline,C,county/county-equivalent,167,SIOUX,0,0,0.0,0.0,"Flash Flood, Thunderstorm Wind",16,0.0
IA-PROC-2025-20,2025-20,Kimberly K. Reynolds,"Severe Weather occurring on July 28, 2025 and continuing (Plymouth County)",2025-07-31,https://homelandsecurity.iowa.gov/media/708/download?inline,C,county/county-equivalent,171,TAMA,0,0,0.0,0.0,Thunderstorm Wind,1,0.0
IA-PROC-2025-20,2025-20,Kimberly K. Reynolds,"Severe Weather occurring on July 28, 2025 and continuing (Plymouth County)",2025-07-31,https://homelandsecurity.iowa.gov/media/708/download?inline,C,county/county-equivalent,191,WINNESHIEK,0,0,0.0,0.0,Thunderstorm Wind,1,0.0
IA-PROC-2025-20,2025-20,Kimberly K. Reynolds,"Severe Weather occurring on July 28, 2025 and continuing (Plymouth County)",2025-07-31,https://homelandsecurity.iowa.gov/media/708/download?inline,C,county/county-equivalent,193,WOODBURY,0,0,0.0,0.0,Thunderstorm Wind,4,0.0
IA-PROC-2025-21,2025-21,Kimberly K. Reynolds,"Severe Weather and Flooding occurring on August 17, 2025 (Chickasaw, Winnebago, Winneshiek Counties)",2025-08-20,https://homelandsecurity.iowa.gov/media/716/download?inline,C,county/county-equivalent,191,WINNESHIEK,0,0,20000.0,0.0,"Flash Flood, Flood",3,20000.0
IA-PROC-2025-21,2025-21,Kimberly K. Reynolds,"Severe Weather and Flooding occurring on August 17, 2025 (Chickasaw, Winnebago, Winneshiek Counties)",2025-08-20,https://homelandsecurity.iowa.gov/media/716/download?inline,C,county/county-equivalent,5,ALLAMAKEE,0,0,0.0,0.0,Flood,1,0.0
IA-PROC-2025-21,2025-21,Kimberly K. Reynolds,"Severe Weather and Flooding occurring on August 17, 2025 (Chickasaw, Winnebago, Winneshiek Counties)",2025-08-20,https://homelandsecurity.iowa.gov/media/716/download?inline,C,county/county-equivalent,31,CEDAR,0,0,0.0,0.0,Thunderstorm Wind,1,0.0
IA-PROC-2025-21,2025-21,Kimberly K. Reynolds,"Severe Weather and Flooding occurring on August 17, 2025 (Chickasaw, Winnebago, Winneshiek Counties)",2025-08-20,https://homelandsecurity.iowa.gov/media/716/download?inline,C,county/county-equivalent,37,CHICKASAW,0,0,0.0,0.0,"Flash Flood, Flood",4,0.0
IA-PROC-2025-21,2025-21,Kimberly K. Reynolds,"Severe Weather and Flooding occurring on August 17, 2025 (Chickasaw, Winnebago, Winneshiek Counties)",2025-08-20,https://homelandsecurity.iowa.gov/media/716/download?inline,C,county/county-equivalent,43,CLAYTON,0,0,0.0,0.0,Flood,1,0.0
IA-PROC-2025-21,2025-21,Kimberly K. Reynolds,"Severe Weather and Flooding occurring on August 17, 2025 (Chickasaw, Winnebago, Winneshiek Counties)",2025-08-20,https://homelandsecurity.iowa.gov/media/716/download?inline,C,county/county-equivalent,65,FAYETTE,0,0,0.0,0.0,Flood,1,0.0
IA-PROC-2025-21,2025-21,Kimberly K. Reynolds,"Severe Weather and Flooding occurring on August 17, 2025 (Chickasaw, Winnebago, Winneshiek Counties)",2025-08-20,https://homelandsecurity.iowa.gov/media/716/download?inline,C,county/county-equivalent,67,FLOYD,0,0,0.0,0.0,Flood,1,0.0
IA-PROC-2025-21,2025-21,Kimberly K. Reynolds,"Severe Weather and Flooding occurring on August 17, 2025 (Chickasaw, Winnebago, Winneshiek Counties)",2025-08-20,https://homelandsecurity.iowa.gov/media/716/download?inline,C,county/county-equivalent,75,GRUNDY,0,0,0.0,0.0,Tornado,3,0.0
IA-PROC-2025-21,2025-21,Kimberly K. Reynolds,"Severe Weather and Flooding occurring on August 17, 2025 (Chickasaw, Winnebago, Winneshiek Counties)",2025-08-20,https://homelandsecurity.iowa.gov/media/716/download?inline,C,county/county-equivalent,163,SCOTT,0,0,0.0,0.0,Thunderstorm Wind,2,0.0
IA-PROC-2025-21,2025-21,Kimberly K. Reynolds,"Severe Weather and Flooding occurring on August 17, 2025 (Chickasaw, Winnebago, Winneshiek Counties)",2025-08-20,https://homelandsecurity.iowa.gov/media/716/download?inline,C,county/county-equivalent,189,WINNEBAGO,0,0,0.0,0.0,Tornado,1,0.0
IA-PROC-2026-03,2026-03,Kimberly K. Reynolds,Severe Weather Occurring on April 2 and continuing(Wapello County),2026-04-06,https://governor.iowa.gov/proclamation-disaster-emergency?utm_medium=email&utm_source=govdelivery,C,county/county-equivalent,129,MILLS,0,0,0.0,0.0,Thunderstorm Wind,1,0.0
IA-PROC-2026-03,2026-03,Kimberly K. Reynolds,Severe Weather Occurring on April 2 and continuing(Wapello County),2026-04-06,https://governor.iowa.gov/proclamation-disaster-emergency?utm_medium=email&utm_source=govdelivery,C,county/county-equivalent,145,PAGE,0,0,0.0,0.0,Thunderstorm Wind,1,0.0
IA-PROC-2026-04,2026-04,Kimberly K. Reynolds,"Severe Weather Occurring on April 13 and continuing(Buchanan, Clay, Henry, Palo Alto and Plymouth Counties)",2026-04-15,https://governor.iowa.gov/proclamation-disaster-emergency-five-iowa-counties-due-severe-weather,C,county/county-equivalent,89,HOWARD,0,1,380000.0,0.0,"Hail, Tornado",3,380000.0
IA-PROC-2026-04,2026-04,Kimberly K. Reynolds,"Severe Weather Occurring on April 13 and continuing(Buchanan, Clay, Henry, Palo Alto and Plymouth Counties)",2026-04-15,https://governor.iowa.gov/proclamation-disaster-emergency-five-iowa-counties-due-severe-weather,C,county/county-equivalent,67,FLOYD,0,0,1265000.0,0.0,Hail,4,1265000.0
IA-PROC-2026-04,2026-04,Kimberly K. Reynolds,"Severe Weather Occurring on April 13 and continuing(Buchanan, Clay, Henry, Palo Alto and Plymouth Counties)",2026-04-15,https://governor.iowa.gov/proclamation-disaster-emergency-five-iowa-counties-due-severe-weather,C,county/county-equivalent,43,CLAYTON,0,0,225000.0,0.0,"Hail, Tornado",2,225000.0
IA-PROC-2026-04,2026-04,Kimberly K. Reynolds,"Severe Weather Occurring on April 13 and continuing(Buchanan, Clay, Henry, Palo Alto and Plymouth Counties)",2026-04-15,https://governor.iowa.gov/proclamation-disaster-emergency-five-iowa-counties-due-severe-weather,C,county/county-equivalent,37,CHICKASAW,0,0,55000.0,0.0,Hail,1,55000.0
IA-PROC-2026-04,2026-04,Kimberly K. Reynolds,"Severe Weather Occurring on April 13 and continuing(Buchanan, Clay, Henry, Palo Alto and Plymouth Counties)",2026-04-15,https://governor.iowa.gov/proclamation-disaster-emergency-five-iowa-counties-due-severe-weather,C,county/county-equivalent,5,ALLAMAKEE,0,0,0.0,0.0,Hail,2,0.0
IA-PROC-2026-04,2026-04,Kimberly K. Reynolds,"Severe Weather Occurring on April 13 and continuing(Buchanan, Clay, Henry, Palo Alto and Plymouth Counties)",2026-04-15,https://governor.iowa.gov/proclamation-disaster-emergency-five-iowa-counties-due-severe-weather,C,county/county-equivalent,11,BENTON,0,0,0.0,0.0,Hail,9,0.0
IA-PROC-2026-04,2026-04,Kimberly K. Reynolds,"Severe Weather Occurring on April 13 and continuing(Buchanan, Clay, Henry, Palo Alto and Plymouth Counties)",2026-04-15,https://governor.iowa.gov/proclamation-disaster-emergency-five-iowa-counties-due-severe-weather,C,county/county-equivalent,19,BUCHANAN,0,0,0.0,0.0,"Hail, Thunderstorm Wind, Tornado",8,0.0
IA-PROC-2026-04,2026-04,Kimberly K. Reynolds,"Severe Weather Occurring on April 13 and continuing(Buchanan, Clay, Henry, Palo Alto and Plymouth Counties)",2026-04-15,https://governor.iowa.gov/proclamation-disaster-emergency-five-iowa-counties-due-severe-weather,C,county/county-equivalent,31,CEDAR,0,0,0.0,0.0,Thunderstorm Wind,2,0.0
IA-PROC-2026-04,2026-04,Kimberly K. Reynolds,"Severe Weather Occurring on April 13 and continuing(Buchanan, Clay, Henry, Palo Alto and Plymouth Counties)",2026-04-15,https://governor.iowa.gov/proclamation-disaster-emergency-five-iowa-counties-due-severe-weather,C,county/county-equivalent,41,CLAY,0,0,0.0,0.0,"Hail, Thunderstorm Wind, Tornado",5,0.0
IA-PROC-2026-04,2026-04,Kimberly K. Reynolds,"Severe Weather Occurring on April 13 and continuing(Buchanan, Clay, Henry, Palo Alto and Plymouth Counties)",2026-04-15,https://governor.iowa.gov/proclamation-disaster-emergency-five-iowa-counties-due-severe-weather,C,county/county-equivalent,45,CLINTON,0,0,0.0,0.0,Thunderstorm Wind,2,0.0
IA-PROC-2026-04,2026-04,Kimberly K. Reynolds,"Severe Weather Occurring on April 13 and continuing(Buchanan, Clay, Henry, Palo Alto and Plymouth Counties)",2026-04-15,https://governor.iowa.gov/proclamation-disaster-emergency-five-iowa-counties-due-severe-weather,C,county/county-equivalent,55,DELAWARE,0,0,0.0,0.0,"Flash Flood, Hail, Thunderstorm Wind, Tornado",11,0.0
IA-PROC-2026-04,2026-04,Kimberly K. Reynolds,"Severe Weather Occurring on April 13 and continuing(Buchanan, Clay, Henry, Palo Alto and Plymouth Counties)",2026-04-15,https://governor.iowa.gov/proclamation-disaster-emergency-five-iowa-counties-due-severe-weather,C,county/county-equivalent,59,DICKINSON,0,0,0.0,0.0,Hail,2,0.0
IA-PROC-2026-04,2026-04,Kimberly K. Reynolds,"Severe Weather Occurring on April 13 and continuing(Buchanan, Clay, Henry, Palo Alto and Plymouth Counties)",2026-04-15,https://governor.iowa.gov/proclamation-disaster-emergency-five-iowa-counties-due-severe-weather,C,county/county-equivalent,61,DUBUQUE,0,0,0.0,0.0,"Hail, Thunderstorm Wind, Tornado",6,0.0
IA-PROC-2026-04,2026-04,Kimberly K. Reynolds,"Severe Weather Occurring on April 13 and continuing(Buchanan, Clay, Henry, Palo Alto and Plymouth Counties)",2026-04-15,https://governor.iowa.gov/proclamation-disaster-emergency-five-iowa-counties-due-severe-weather,C,county/county-equivalent,85,HARRISON,0,0,0.0,0.0,Hail,5,0.0
IA-PROC-2026-04,2026-04,Kimberly K. Reynolds,"Severe Weather Occurring on April 13 and continuing(Buchanan, Clay, Henry, Palo Alto and Plymouth Counties)",2026-04-15,https://governor.iowa.gov/proclamation-disaster-emergency-five-iowa-counties-due-severe-weather,C,county/county-equivalent,87,HENRY,0,0,0.0,0.0,Thunderstorm Wind,2,0.0
IA-PROC-2026-04,2026-04,Kimberly K. Reynolds,"Severe Weather Occurring on April 13 and continuing(Buchanan, Clay, Henry, Palo Alto and Plymouth Counties)",2026-04-15,https://governor.iowa.gov/proclamation-disaster-emergency-five-iowa-counties-due-severe-weather,C,county/county-equivalent,97,JACKSON,0,0,0.0,0.0,"Flash Flood, Hail, Thunderstorm Wind, Tornado",6,0.0
IA-PROC-2026-04,2026-04,Kimberly K. Reynolds,"Severe Weather Occurring on April 13 and continuing(Buchanan, Clay, Henry, Palo Alto and Plymouth Counties)",2026-04-15,https://governor.iowa.gov/proclamation-disaster-emergency-five-iowa-counties-due-severe-weather,C,county/county-equivalent,101,JEFFERSON,0,0,0.0,0.0,Hail,2,0.0
IA-PROC-2026-04,2026-04,Kimberly K. Reynolds,"Severe Weather Occurring on April 13 and continuing(Buchanan, Clay, Henry, Palo Alto and Plymouth Counties)",2026-04-15,https://governor.iowa.gov/proclamation-disaster-emergency-five-iowa-counties-due-severe-weather,C,county/county-equivalent,103,JOHNSON,0,0,0.0,0.0,"Hail, Thunderstorm Wind",6,0.0
IA-PROC-2026-04,2026-04,Kimberly K. Reynolds,"Severe Weather Occurring on April 13 and continuing(Buchanan, Clay, Henry, Palo Alto and Plymouth Counties)",2026-04-15,https://governor.iowa.gov/proclamation-disaster-emergency-five-iowa-counties-due-severe-weather,C,county/county-equivalent,105,JONES,0,0,0.0,0.0,"Hail, Thunderstorm Wind, Tornado",8,0.0
IA-PROC-2026-04,2026-04,Kimberly K. Reynolds,"Severe Weather Occurring on April 13 and continuing(Buchanan, Clay, Henry, Palo Alto and Plymouth Counties)",2026-04-15,https://governor.iowa.gov/proclamation-disaster-emergency-five-iowa-counties-due-severe-weather,C,county/county-equivalent,111,LEE,0,0,0.0,0.0,Thunderstorm Wind,2,0.0
IA-PROC-2026-04,2026-04,Kimberly K. Reynolds,"Severe Weather Occurring on April 13 and continuing(Buchanan, Clay, Henry, Palo Alto and Plymouth Counties)",2026-04-15,https://governor.iowa.gov/proclamation-disaster-emergency-five-iowa-counties-due-severe-weather,C,county/county-equivalent,113,LINN,0,0,0.0,0.0,"Hail, Thunderstorm Wind",19,0.0
IA-PROC-2026-04,2026-04,Kimberly K. Reynolds,"Severe Weather Occurring on April 13 and continuing(Buchanan, Clay, Henry, Palo Alto and Plymouth Counties)",2026-04-15,https://governor.iowa.gov/proclamation-disaster-emergency-five-iowa-counties-due-severe-weather,C,county/county-equivalent,115,LOUISA,0,0,0.0,0.0,Thunderstorm Wind,3,0.0
IA-PROC-2026-04,2026-04,Kimberly K. Reynolds,"Severe Weather Occurring on April 13 and continuing(Buchanan, Clay, Henry, Palo Alto and Plymouth Counties)",2026-04-15,https://governor.iowa.gov/proclamation-disaster-emergency-five-iowa-counties-due-severe-weather,C,county/county-equivalent,139,MUSCATINE,0,0,0.0,0.0,Thunderstorm Wind,2,0.0
IA-PROC-2026-04,2026-04,Kimberly K. Reynolds,"Severe Weather Occurring on April 13 and continuing(Buchanan, Clay, Henry, Palo Alto and Plymouth Counties)",2026-04-15,https://governor.iowa.gov/proclamation-disaster-emergency-five-iowa-counties-due-severe-weather,C,county/county-equivalent,141,O'BRIEN,0,0,0.0,0.0,"Hail, Tornado",8,0.0
IA-PROC-2026-04,2026-04,Kimberly K. Reynolds,"Severe Weather Occurring on April 13 and continuing(Buchanan, Clay, Henry, Palo Alto and Plymouth Counties)",2026-04-15,https://governor.iowa.gov/proclamation-disaster-emergency-five-iowa-counties-due-severe-weather,C,county/county-equivalent,143,OSCEOLA,0,0,0.0,0.0,Hail,4,0.0
IA-PROC-2026-04,2026-04,Kimberly K. Reynolds,"Severe Weather Occurring on April 13 and continuing(Buchanan, Clay, Henry, Palo Alto and Plymouth Counties)",2026-04-15,https://governor.iowa.gov/proclamation-disaster-emergency-five-iowa-counties-due-severe-weather,C,county/county-equivalent,145,PAGE,0,0,0.0,0.0,Hail,1,0.0
IA-PROC-2026-04,2026-04,Kimberly K. Reynolds,"Severe Weather Occurring on April 13 and continuing(Buchanan, Clay, Henry, Palo Alto and Plymouth Counties)",2026-04-15,https://governor.iowa.gov/proclamation-disaster-emergency-five-iowa-counties-due-severe-weather,C,county/county-equivalent,149,PLYMOUTH,0,0,0.0,0.0,Hail,3,0.0
IA-PROC-2026-04,2026-04,Kimberly K. Reynolds,"Severe Weather Occurring on April 13 and continuing(Buchanan, Clay, Henry, Palo Alto and Plymouth Counties)",2026-04-15,https://governor.iowa.gov/proclamation-disaster-emergency-five-iowa-counties-due-severe-weather,C,county/county-equivalent,163,SCOTT,0,0,0.0,0.0,Thunderstorm Wind,4,0.0
IA-PROC-2026-04,2026-04,Kimberly K. Reynolds,"Severe Weather Occurring on April 13 and continuing(Buchanan, Clay, Henry, Palo Alto and Plymouth Counties)",2026-04-15,https://governor.iowa.gov/proclamation-disaster-emergency-five-iowa-counties-due-severe-weather,C,county/county-equivalent,183,WASHINGTON,0,0,0.0,0.0,"Hail, Thunderstorm Wind, Tornado",11,0.0
IA-PROC-2026-05,2026-05,Kimberly K. Reynolds,"Severe Weather Occurring on April 13 and continuing(Carroll, Crawford, Grundy, Harrison, and Washington Counties)",2026-04-20,https://governor.iowa.gov/proclamation-disaster-emergency-april-20-2026,C,county/county-equivalent,89,HOWARD,0,1,55000.0,0.0,Tornado,1,55000.0
IA-PROC-2026-05,2026-05,Kimberly K. Reynolds,"Severe Weather Occurring on April 13 and continuing(Carroll, Crawford, Grundy, Harrison, and Washington Counties)",2026-04-20,https://governor.iowa.gov/proclamation-disaster-emergency-april-20-2026,C,county/county-equivalent,5,ALLAMAKEE,0,0,0.0,0.0,Hail,2,0.0
IA-PROC-2026-05,2026-05,Kimberly K. Reynolds,"Severe Weather Occurring on April 13 and continuing(Carroll, Crawford, Grundy, Harrison, and Washington Counties)",2026-04-20,https://governor.iowa.gov/proclamation-disaster-emergency-april-20-2026,C,county/county-equivalent,21,BUENA VISTA,0,0,0.0,0.0,Hail,1,0.0
IA-PROC-2026-05,2026-05,Kimberly K. Reynolds,"Severe Weather Occurring on April 13 and continuing(Carroll, Crawford, Grundy, Harrison, and Washington Counties)",2026-04-20,https://governor.iowa.gov/proclamation-disaster-emergency-april-20-2026,C,county/county-equivalent,31,CEDAR,0,0,0.0,0.0,Thunderstorm Wind,3,0.0
IA-PROC-2026-05,2026-05,Kimberly K. Reynolds,"Severe Weather Occurring on April 13 and continuing(Carroll, Crawford, Grundy, Harrison, and Washington Counties)",2026-04-20,https://governor.iowa.gov/proclamation-disaster-emergency-april-20-2026,C,county/county-equivalent,43,CLAYTON,0,0,0.0,0.0,Tornado,1,0.0
IA-PROC-2026-05,2026-05,Kimberly K. Reynolds,"Severe Weather Occurring on April 13 and continuing(Carroll, Crawford, Grundy, Harrison, and Washington Counties)",2026-04-20,https://governor.iowa.gov/proclamation-disaster-emergency-april-20-2026,C,county/county-equivalent,45,CLINTON,0,0,0.0,0.0,Thunderstorm Wind,3,0.0
IA-PROC-2026-05,2026-05,Kimberly K. Reynolds,"Severe Weather Occurring on April 13 and continuing(Carroll, Crawford, Grundy, Harrison, and Washington Counties)",2026-04-20,https://governor.iowa.gov/proclamation-disaster-emergency-april-20-2026,C,county/county-equivalent,55,DELAWARE,0,0,0.0,0.0,"Hail, Thunderstorm Wind",2,0.0
IA-PROC-2026-05,2026-05,Kimberly K. Reynolds,"Severe Weather Occurring on April 13 and continuing(Carroll, Crawford, Grundy, Harrison, and Washington Counties)",2026-04-20,https://governor.iowa.gov/proclamation-disaster-emergency-april-20-2026,C,county/county-equivalent,61,DUBUQUE,0,0,0.0,0.0,Thunderstorm Wind,2,0.0
IA-PROC-2026-05,2026-05,Kimberly K. Reynolds,"Severe Weather Occurring on April 13 and continuing(Carroll, Crawford, Grundy, Harrison, and Washington Counties)",2026-04-20,https://governor.iowa.gov/proclamation-disaster-emergency-april-20-2026,C,county/county-equivalent,71,FREMONT,0,0,0.0,0.0,Tornado,2,0.0
IA-PROC-2026-05,2026-05,Kimberly K. Reynolds,"Severe Weather Occurring on April 13 and continuing(Carroll, Crawford, Grundy, Harrison, and Washington Counties)",2026-04-20,https://governor.iowa.gov/proclamation-disaster-emergency-april-20-2026,C,county/county-equivalent,85,HARRISON,0,0,0.0,0.0,"Hail, Tornado",10,0.0
IA-PROC-2026-05,2026-05,Kimberly K. Reynolds,"Severe Weather Occurring on April 13 and continuing(Carroll, Crawford, Grundy, Harrison, and Washington Counties)",2026-04-20,https://governor.iowa.gov/proclamation-disaster-emergency-april-20-2026,C,county/county-equivalent,87,HENRY,0,0,0.0,0.0,Thunderstorm Wind,1,0.0
IA-PROC-2026-05,2026-05,Kimberly K. Reynolds,"Severe Weather Occurring on April 13 and continuing(Carroll, Crawford, Grundy, Harrison, and Washington Counties)",2026-04-20,https://governor.iowa.gov/proclamation-disaster-emergency-april-20-2026,C,county/county-equivalent,93,IDA,0,0,0.0,0.0,Hail,2,0.0
IA-PROC-2026-05,2026-05,Kimberly K. Reynolds,"Severe Weather Occurring on April 13 and continuing(Carroll, Crawford, Grundy, Harrison, and Washington Counties)",2026-04-20,https://governor.iowa.gov/proclamation-disaster-emergency-april-20-2026,C,county/county-equivalent,97,JACKSON,0,0,0.0,0.0,"Thunderstorm Wind, Tornado",4,0.0
IA-PROC-2026-05,2026-05,Kimberly K. Reynolds,"Severe Weather Occurring on April 13 and continuing(Carroll, Crawford, Grundy, Harrison, and Washington Counties)",2026-04-20,https://governor.iowa.gov/proclamation-disaster-emergency-april-20-2026,C,county/county-equivalent,101,JEFFERSON,0,0,0.0,0.0,Thunderstorm Wind,1,0.0
IA-PROC-2026-05,2026-05,Kimberly K. Reynolds,"Severe Weather Occurring on April 13 and continuing(Carroll, Crawford, Grundy, Harrison, and Washington Counties)",2026-04-20,https://governor.iowa.gov/proclamation-disaster-emergency-april-20-2026,C,county/county-equivalent,103,JOHNSON,0,0,0.0,0.0,Thunderstorm Wind,4,0.0
IA-PROC-2026-05,2026-05,Kimberly K. Reynolds,"Severe Weather Occurring on April 13 and continuing(Carroll, Crawford, Grundy, Harrison, and Washington Counties)",2026-04-20,https://governor.iowa.gov/proclamation-disaster-emergency-april-20-2026,C,county/county-equivalent,105,JONES,0,0,0.0,0.0,"Hail, Thunderstorm Wind",2,0.0
IA-PROC-2026-05,2026-05,Kimberly K. Reynolds,"Severe Weather Occurring on April 13 and continuing(Carroll, Crawford, Grundy, Harrison, and Washington Counties)",2026-04-20,https://governor.iowa.gov/proclamation-disaster-emergency-april-20-2026,C,county/county-equivalent,111,LEE,0,0,0.0,0.0,Thunderstorm Wind,2,0.0
IA-PROC-2026-05,2026-05,Kimberly K. Reynolds,"Severe Weather Occurring on April 13 and continuing(Carroll, Crawford, Grundy, Harrison, and Washington Counties)",2026-04-20,https://governor.iowa.gov/proclamation-disaster-emergency-april-20-2026,C,county/county-equivalent,113,LINN,0,0,0.0,0.0,"Hail, Thunderstorm Wind",9,0.0
IA-PROC-2026-05,2026-05,Kimberly K. Reynolds,"Severe Weather Occurring on April 13 and continuing(Carroll, Crawford, Grundy, Harrison, and Washington Counties)",2026-04-20,https://governor.iowa.gov/proclamation-disaster-emergency-april-20-2026,C,county/county-equivalent,115,LOUISA,0,0,0.0,0.0,Thunderstorm Wind,1,0.0
IA-PROC-2026-05,2026-05,Kimberly K. Reynolds,"Severe Weather Occurring on April 13 and continuing(Carroll, Crawford, Grundy, Harrison, and Washington Counties)",2026-04-20,https://governor.iowa.gov/proclamation-disaster-emergency-april-20-2026,C,county/county-equivalent,139,MUSCATINE,0,0,0.0,0.0,Thunderstorm Wind,1,0.0
IA-PROC-2026-05,2026-05,Kimberly K. Reynolds,"Severe Weather Occurring on April 13 and continuing(Carroll, Crawford, Grundy, Harrison, and Washington Counties)",2026-04-20,https://governor.iowa.gov/proclamation-disaster-emergency-april-20-2026,C,county/county-equivalent,145,PAGE,0,0,0.0,0.0,Tornado,1,0.0
IA-PROC-2026-05,2026-05,Kimberly K. Reynolds,"Severe Weather Occurring on April 13 and continuing(Carroll, Crawford, Grundy, Harrison, and Washington Counties)",2026-04-20,https://governor.iowa.gov/proclamation-disaster-emergency-april-20-2026,C,county/county-equivalent,155,POTTAWATTAMIE,0,0,0.0,0.0,Hail,4,0.0
IA-PROC-2026-05,2026-05,Kimberly K. Reynolds,"Severe Weather Occurring on April 13 and continuing(Carroll, Crawford, Grundy, Harrison, and Washington Counties)",2026-04-20,https://governor.iowa.gov/proclamation-disaster-emergency-april-20-2026,C,county/county-equivalent,163,SCOTT,0,0,0.0,0.0,Thunderstorm Wind,7,0.0
IA-PROC-2026-05,2026-05,Kimberly K. Reynolds,"Severe Weather Occurring on April 13 and continuing(Carroll, Crawford, Grundy, Harrison, and Washington Counties)",2026-04-20,https://governor.iowa.gov/proclamation-disaster-emergency-april-20-2026,C,county/county-equivalent,165,SHELBY,0,0,0.0,0.0,Hail,1,0.0
IA-PROC-2026-05,2026-05,Kimberly K. Reynolds,"Severe Weather Occurring on April 13 and continuing(Carroll, Crawford, Grundy, Harrison, and Washington Counties)",2026-04-20,https://governor.iowa.gov/proclamation-disaster-emergency-april-20-2026,C,county/county-equivalent,183,WASHINGTON,0,0,0.0,0.0,"Thunderstorm Wind, Tornado",8,0.0
IA-PROC-2026-05,2026-05,Kimberly K. Reynolds,"Severe Weather Occurring on April 13 and continuing(Carroll, Crawford, Grundy, Harrison, and Washington Counties)",2026-04-20,https://governor.iowa.gov/proclamation-disaster-emergency-april-20-2026,C,county/county-equivalent,193,WOODBURY,0,0,0.0,0.0,Hail,1,0.0
IA-PROC-2026-07,2026-07,Kimberly K. Reynolds,"Severe Weather Occurring on May 15 and continuing(Emmet, Hancock, Palo Alto, Plymouth, Pocahontas, Winnebago, Woodbury, and Worth Counties)",2026-05-20,https://governor.iowa.gov/proclamation-disaster-emergency-may-20-2026,C,county/county-equivalent,21,BUENA VISTA,0,0,0.0,0.0,"Thunderstorm Wind, Tornado",4,0.0
IA-PROC-2026-07,2026-07,Kimberly K. Reynolds,"Severe Weather Occurring on May 15 and continuing(Emmet, Hancock, Palo Alto, Plymouth, Pocahontas, Winnebago, Woodbury, and Worth Counties)",2026-05-20,https://governor.iowa.gov/proclamation-disaster-emergency-may-20-2026,C,county/county-equivalent,35,CHEROKEE,0,0,0.0,0.0,"Hail, Thunderstorm Wind, Tornado",11,0.0
IA-PROC-2026-07,2026-07,Kimberly K. Reynolds,"Severe Weather Occurring on May 15 and continuing(Emmet, Hancock, Palo Alto, Plymouth, Pocahontas, Winnebago, Woodbury, and Worth Counties)",2026-05-20,https://governor.iowa.gov/proclamation-disaster-emergency-may-20-2026,C,county/county-equivalent,41,CLAY,0,0,0.0,0.0,"Thunderstorm Wind, Tornado",5,0.0
IA-PROC-2026-07,2026-07,Kimberly K. Reynolds,"Severe Weather Occurring on May 15 and continuing(Emmet, Hancock, Palo Alto, Plymouth, Pocahontas, Winnebago, Woodbury, and Worth Counties)",2026-05-20,https://governor.iowa.gov/proclamation-disaster-emergency-may-20-2026,C,county/county-equivalent,55,DELAWARE,0,0,0.0,0.0,Thunderstorm Wind,1,0.0
IA-PROC-2026-07,2026-07,Kimberly K. Reynolds,"Severe Weather Occurring on May 15 and continuing(Emmet, Hancock, Palo Alto, Plymouth, Pocahontas, Winnebago, Woodbury, and Worth Counties)",2026-05-20,https://governor.iowa.gov/proclamation-disaster-emergency-may-20-2026,C,county/county-equivalent,59,DICKINSON,0,0,0.0,0.0,"Thunderstorm Wind, Tornado",3,0.0
IA-PROC-2026-07,2026-07,Kimberly K. Reynolds,"Severe Weather Occurring on May 15 and continuing(Emmet, Hancock, Palo Alto, Plymouth, Pocahontas, Winnebago, Woodbury, and Worth Counties)",2026-05-20,https://governor.iowa.gov/proclamation-disaster-emergency-may-20-2026,C,county/county-equivalent,67,FLOYD,0,0,0.0,0.0,Thunderstorm Wind,1,0.0
IA-PROC-2026-07,2026-07,Kimberly K. Reynolds,"Severe Weather Occurring on May 15 and continuing(Emmet, Hancock, Palo Alto, Plymouth, Pocahontas, Winnebago, Woodbury, and Worth Counties)",2026-05-20,https://governor.iowa.gov/proclamation-disaster-emergency-may-20-2026,C,county/county-equivalent,71,FREMONT,0,0,0.0,0.0,Hail,1,0.0
IA-PROC-2026-07,2026-07,Kimberly K. Reynolds,"Severe Weather Occurring on May 15 and continuing(Emmet, Hancock, Palo Alto, Plymouth, Pocahontas, Winnebago, Woodbury, and Worth Counties)",2026-05-20,https://governor.iowa.gov/proclamation-disaster-emergency-may-20-2026,C,county/county-equivalent,85,HARRISON,0,0,0.0,0.0,Thunderstorm Wind,1,0.0
IA-PROC-2026-07,2026-07,Kimberly K. Reynolds,"Severe Weather Occurring on May 15 and continuing(Emmet, Hancock, Palo Alto, Plymouth, Pocahontas, Winnebago, Woodbury, and Worth Counties)",2026-05-20,https://governor.iowa.gov/proclamation-disaster-emergency-may-20-2026,C,county/county-equivalent,93,IDA,0,0,0.0,0.0,"Thunderstorm Wind, Tornado",2,0.0
IA-PROC-2026-07,2026-07,Kimberly K. Reynolds,"Severe Weather Occurring on May 15 and continuing(Emmet, Hancock, Palo Alto, Plymouth, Pocahontas, Winnebago, Woodbury, and Worth Counties)",2026-05-20,https://governor.iowa.gov/proclamation-disaster-emergency-may-20-2026,C,county/county-equivalent,119,LYON,0,0,0.0,0.0,Hail,1,0.0
IA-PROC-2026-07,2026-07,Kimberly K. Reynolds,"Severe Weather Occurring on May 15 and continuing(Emmet, Hancock, Palo Alto, Plymouth, Pocahontas, Winnebago, Woodbury, and Worth Counties)",2026-05-20,https://governor.iowa.gov/proclamation-disaster-emergency-may-20-2026,C,county/county-equivalent,133,MONONA,0,0,0.0,0.0,Thunderstorm Wind,1,0.0
IA-PROC-2026-07,2026-07,Kimberly K. Reynolds,"Severe Weather Occurring on May 15 and continuing(Emmet, Hancock, Palo Alto, Plymouth, Pocahontas, Winnebago, Woodbury, and Worth Counties)",2026-05-20,https://governor.iowa.gov/proclamation-disaster-emergency-may-20-2026,C,county/county-equivalent,137,MONTGOMERY,0,0,0.0,0.0,Thunderstorm Wind,1,0.0
IA-PROC-2026-07,2026-07,Kimberly K. Reynolds,"Severe Weather Occurring on May 15 and continuing(Emmet, Hancock, Palo Alto, Plymouth, Pocahontas, Winnebago, Woodbury, and Worth Counties)",2026-05-20,https://governor.iowa.gov/proclamation-disaster-emergency-may-20-2026,C,county/county-equivalent,141,O'BRIEN,0,0,0.0,0.0,Hail,2,0.0
IA-PROC-2026-07,2026-07,Kimberly K. Reynolds,"Severe Weather Occurring on May 15 and continuing(Emmet, Hancock, Palo Alto, Plymouth, Pocahontas, Winnebago, Woodbury, and Worth Counties)",2026-05-20,https://governor.iowa.gov/proclamation-disaster-emergency-may-20-2026,C,county/county-equivalent,143,OSCEOLA,0,0,0.0,0.0,Hail,1,0.0
IA-PROC-2026-07,2026-07,Kimberly K. Reynolds,"Severe Weather Occurring on May 15 and continuing(Emmet, Hancock, Palo Alto, Plymouth, Pocahontas, Winnebago, Woodbury, and Worth Counties)",2026-05-20,https://governor.iowa.gov/proclamation-disaster-emergency-may-20-2026,C,county/county-equivalent,145,PAGE,0,0,0.0,0.0,"Hail, Thunderstorm Wind",4,0.0
IA-PROC-2026-07,2026-07,Kimberly K. Reynolds,"Severe Weather Occurring on May 15 and continuing(Emmet, Hancock, Palo Alto, Plymouth, Pocahontas, Winnebago, Woodbury, and Worth Counties)",2026-05-20,https://governor.iowa.gov/proclamation-disaster-emergency-may-20-2026,C,county/county-equivalent,149,PLYMOUTH,0,0,0.0,0.0,"Flash Flood, Hail, Tornado",7,0.0
IA-PROC-2026-07,2026-07,Kimberly K. Reynolds,"Severe Weather Occurring on May 15 and continuing(Emmet, Hancock, Palo Alto, Plymouth, Pocahontas, Winnebago, Woodbury, and Worth Counties)",2026-05-20,https://governor.iowa.gov/proclamation-disaster-emergency-may-20-2026,C,county/county-equivalent,155,POTTAWATTAMIE,0,0,0.0,0.0,Thunderstorm Wind,1,0.0
IA-PROC-2026-07,2026-07,Kimberly K. Reynolds,"Severe Weather Occurring on May 15 and continuing(Emmet, Hancock, Palo Alto, Plymouth, Pocahontas, Winnebago, Woodbury, and Worth Counties)",2026-05-20,https://governor.iowa.gov/proclamation-disaster-emergency-may-20-2026,C,county/county-equivalent,163,SCOTT,0,0,0.0,0.0,Hail,3,0.0
IA-PROC-2026-07,2026-07,Kimberly K. Reynolds,"Severe Weather Occurring on May 15 and continuing(Emmet, Hancock, Palo Alto, Plymouth, Pocahontas, Winnebago, Woodbury, and Worth Counties)",2026-05-20,https://governor.iowa.gov/proclamation-disaster-emergency-may-20-2026,C,county/county-equivalent,167,SIOUX,0,0,0.0,0.0,Hail,2,0.0
IA-PROC-2026-07,2026-07,Kimberly K. Reynolds,"Severe Weather Occurring on May 15 and continuing(Emmet, Hancock, Palo Alto, Plymouth, Pocahontas, Winnebago, Woodbury, and Worth Counties)",2026-05-20,https://governor.iowa.gov/proclamation-disaster-emergency-may-20-2026,C,county/county-equivalent,193,WOODBURY,0,0,0.0,0.0,"Hail, Thunderstorm Wind, Tornado",27,0.0
IA-PROC-2026-08,2026-08,Kimberly K. Reynolds,"Severe Weather Occurring on May 15 and continuing(Cherokee, Clay, Kossuth, Montgomery, and Ringgold Counties)",2026-05-22,https://governor.iowa.gov/proclamation-disaster-emergency-may-22-2026,C,county/county-equivalent,119,LYON,0,0,0.0,0.0,Hail,2,0.0
IA-PROC-2026-08,2026-08,Kimberly K. Reynolds,"Severe Weather Occurring on May 15 and continuing(Cherokee, Clay, Kossuth, Montgomery, and Ringgold Counties)",2026-05-22,https://governor.iowa.gov/proclamation-disaster-emergency-may-22-2026,C,county/county-equivalent,141,O'BRIEN,0,0,0.0,0.0,Hail,1,0.0
IA-PROC-2026-08,2026-08,Kimberly K. Reynolds,"Severe Weather Occurring on May 15 and continuing(Cherokee, Clay, Kossuth, Montgomery, and Ringgold Counties)",2026-05-22,https://governor.iowa.gov/proclamation-disaster-emergency-may-22-2026,C,county/county-equivalent,193,WOODBURY,0,0,0.0,0.0,"Hail, Tornado",2,0.0
