declaration_id,eo_number,governor,event_description,date_signed,archive_record_url,EVENT_ID,EPISODE_ID,BEGIN_DATE_TIME,END_DATE_TIME,CZ_TYPE,area_type,CZ_FIPS,CZ_NAME,EVENT_TYPE,MAGNITUDE,MAGNITUDE_TYPE,DEATHS_DIRECT,INJURIES_DIRECT,DAMAGE_PROPERTY,DAMAGE_CROPS,SOURCE,EPISODE_NARRATIVE,EVENT_NARRATIVE
WY-SOE-2011-05-27,,Matthew H. Mead,"Statewide flood preparation emergency order for record snowpack, teams sent to high-risk counties",2011-05-27,https://kowb1290.com/governor-mead-signs-disaster-declaration-in-response-to-wyoming-flooding/,316570,52942,2011-05-24 21:00:00,2011-05-31 09:00:00,C,county/county-equivalent,23,LINCOLN,Flood,,,0,0,0.00K,25.00K,Emergency Manager,Snowmelt and rain combined to raise water levels on the Salt River in Star Valley.,"Snowmelt and rainfall combined to raise water levels on the Salt River and its tributaries in Star Valley. A private road and Fairview South Road were partially or completely submerged by flood waters in the vicinity of Fairview. Stump Creek near Auburn and both Crow and Spring creeks near Fairview climbed out of their banks inundating cropland. Along the Salt River, the water was running highest between the communities of Freedom and Etna."
WY-SOE-2011-05-27,,Matthew H. Mead,"Statewide flood preparation emergency order for record snowpack, teams sent to high-risk counties",2011-05-27,https://kowb1290.com/governor-mead-signs-disaster-declaration-in-response-to-wyoming-flooding/,311720,52255,2011-05-24 16:15:00,2011-05-24 19:00:00,C,county/county-equivalent,33,SHERIDAN,Flash Flood,,,0,0,0.00K,0.00K,Law Enforcement,Showers and thunderstorms in the Sheridan area produced between one half and one and a half inches of rain in about a 90 minute period.,Local law enforcement reported water flowing over Frank Road and Sugarland Roads with debris flowing down Sugarland Road in Sheridan. Water was also reported to be spilling over a dike towards Soldier Creek Road.
WY-SOE-2011-05-27,,Matthew H. Mead,"Statewide flood preparation emergency order for record snowpack, teams sent to high-risk counties",2011-05-27,https://kowb1290.com/governor-mead-signs-disaster-declaration-in-response-to-wyoming-flooding/,312808,52373,2011-05-24 22:30:00,2011-05-25 01:30:00,C,county/county-equivalent,33,SHERIDAN,Flash Flood,,,0,0,0.00K,0.00K,Law Enforcement,Very heavy rainfall resulted in flash flooding across portions of Sheridan.,"Excessive rainfall during the evening of the 24th resulted in the overflowing of a stock pond, as well as flooding along Soldier Creek in western Sheridan. Law enforcement reported some homes in the Downer Addition Subdivision were flooded."
WY-SOE-2011-05-27,,Matthew H. Mead,"Statewide flood preparation emergency order for record snowpack, teams sent to high-risk counties",2011-05-27,https://kowb1290.com/governor-mead-signs-disaster-declaration-in-response-to-wyoming-flooding/,317487,53082,2011-05-25 01:30:00,2011-05-27 07:00:00,C,county/county-equivalent,33,SHERIDAN,Flood,,,0,0,0.00K,0.00K,Insurance Company,Heavy rainfall in the foothills of the Big Horn Mountains resulted in high flows and localized flooding on all rivers and streams across Sheridan County. County dispatch reported Soldier Creek was out of its banks and flooding homes in Downer Addition subdivision on the west side of Sheridan.,Heavy rainfall in the foothills of the Big Horn Mountains resulted in high flows and localized flooding on all rivers and streams across Sheridan County. County dispatch reported Soldier Creek was out of its banks and flooding homes in Downer Addition subdivision on the west side of Sheridan.
WY-SOE-2011-05-27,,Matthew H. Mead,"Statewide flood preparation emergency order for record snowpack, teams sent to high-risk counties",2011-05-27,https://kowb1290.com/governor-mead-signs-disaster-declaration-in-response-to-wyoming-flooding/,316828,52981,2011-05-30 22:00:00,2011-05-31 23:59:00,C,county/county-equivalent,37,SWEETWATER,Flood,,,0,0,0.00K,0.00K,River/Stream Gage,Widespread rain and light snow over the Memorial Day weekend caused a rapid rise on the Blacks Fork River around Granger and Little America. The river dropped below flood stage on June 1 (see June 2011 Storm Data publication).,"A Memorial Day winter-like storm system brought rain and snow to much of western Wyoming. Runoff from this precipitation event boosted already high water levels on the Blacks Fork River above flood stage. Lowland flooding was reported in the vicinity of Granger and Little America, but no damage to public or private infrastructure occurred. The flooding was most widespread near the confluence of the Hams Fork and Blacks Fork rivers. Sandbagging did take place at the Granger sewer lift pumps and a ranch caretaker's home near the town."
WY-SOE-2011-05-27,,Matthew H. Mead,"Statewide flood preparation emergency order for record snowpack, teams sent to high-risk counties",2011-05-27,https://kowb1290.com/governor-mead-signs-disaster-declaration-in-response-to-wyoming-flooding/,313757,52508,2011-05-24 17:11:00,2011-05-24 20:00:00,C,county/county-equivalent,45,WESTON,Flash Flood,,,0,0,50.00K,0.00K,Fire Department/Rescue,Flash flooding occurred in Upton when a slow moving thunderstorm brought two inches of rain in less than one hour.,Heavy rain caused flash flooding in Upton. Over six inches of water flowed down Division Street and water covered sidewalks along Highway 16.
WY-SOE-2011-05-27,,Matthew H. Mead,"Statewide flood preparation emergency order for record snowpack, teams sent to high-risk counties",2011-05-27,https://kowb1290.com/governor-mead-signs-disaster-declaration-in-response-to-wyoming-flooding/,311401,52227,2011-05-28 22:00:00,2011-05-30 10:00:00,Z,NWS forecast zone,9,BIGHORN MOUNTAINS SOUTHEAST,Winter Storm,,,0,0,0.00K,0.00K,SNOTEL,An upper level low pressure system over the northwestern U.S. brought moderate to heavy snow over a two day period to the east slopes of the Wind River and Bighorn mountain ranges. One to two feet of accumulation was common in these areas.,
WY-SOE-2011-05-27,,Matthew H. Mead,"Statewide flood preparation emergency order for record snowpack, teams sent to high-risk counties",2011-05-27,https://kowb1290.com/governor-mead-signs-disaster-declaration-in-response-to-wyoming-flooding/,298518,50623,2011-05-30 09:06:00,2011-05-30 10:46:00,Z,NWS forecast zone,109,CENTRAL CARBON COUNTY,High Wind,35.0,MS,0,0,0.00K,0.00K,Department of Highways,Strong westerly winds aloft combined with a tight surface pressure gradient behind a Pacific cold front produced stromg and gusty winds across southeast Wyoming.,WYDOT sensor at Walcott Junction measured sustained winds of 40 mph or greater.
WY-SOE-2011-05-27,,Matthew H. Mead,"Statewide flood preparation emergency order for record snowpack, teams sent to high-risk counties",2011-05-27,https://kowb1290.com/governor-mead-signs-disaster-declaration-in-response-to-wyoming-flooding/,298514,50623,2011-05-30 13:45:00,2011-05-30 16:36:00,Z,NWS forecast zone,106,CENTRAL LARAMIE RANGE AND SOUTHWEST PLATTE COUNTY,High Wind,62.0,MG,0,0,0.00K,0.00K,Department of Highways,Strong westerly winds aloft combined with a tight surface pressure gradient behind a Pacific cold front produced stromg and gusty winds across southeast Wyoming.,WYDOT sensor at Bordeaux measured sustained winds of 40 mph or greater with a peak gust of 71 mph at 30/1410 MST.
WY-SOE-2011-05-27,,Matthew H. Mead,"Statewide flood preparation emergency order for record snowpack, teams sent to high-risk counties",2011-05-27,https://kowb1290.com/governor-mead-signs-disaster-declaration-in-response-to-wyoming-flooding/,298511,50623,2011-05-30 13:10:00,2011-05-30 13:10:00,Z,NWS forecast zone,101,CONVERSE COUNTY LOWER ELEVATIONS,High Wind,51.0,MG,0,0,0.00K,0.00K,ASOS,Strong westerly winds aloft combined with a tight surface pressure gradient behind a Pacific cold front produced stromg and gusty winds across southeast Wyoming.,ASOS wind sensor at Douglas measured a gust of 59 mph.
WY-SOE-2011-05-27,,Matthew H. Mead,"Statewide flood preparation emergency order for record snowpack, teams sent to high-risk counties",2011-05-27,https://kowb1290.com/governor-mead-signs-disaster-declaration-in-response-to-wyoming-flooding/,298517,50623,2011-05-30 15:01:00,2011-05-30 15:11:00,Z,NWS forecast zone,107,EAST PLATTE COUNTY,High Wind,51.0,MG,0,0,0.00K,0.00K,Department of Highways,Strong westerly winds aloft combined with a tight surface pressure gradient behind a Pacific cold front produced stromg and gusty winds across southeast Wyoming.,WYDOT sensor at Coleman measured gusts of 58 mph or greater with a peak gust of 59 mph at 30/1511 MST.
WY-SOE-2011-05-27,,Matthew H. Mead,"Statewide flood preparation emergency order for record snowpack, teams sent to high-risk counties",2011-05-27,https://kowb1290.com/governor-mead-signs-disaster-declaration-in-response-to-wyoming-flooding/,298513,50623,2011-05-30 13:50:00,2011-05-30 13:50:00,Z,NWS forecast zone,104,FERRIS/SEMINOE/SHIRLEY MOUNTAINS,High Wind,50.0,MG,0,0,0.00K,0.00K,RAWS,Strong westerly winds aloft combined with a tight surface pressure gradient behind a Pacific cold front produced stromg and gusty winds across southeast Wyoming.,RAWS site near Muddy Gap measured a gust of 58 mph.
WY-SOE-2011-05-27,,Matthew H. Mead,"Statewide flood preparation emergency order for record snowpack, teams sent to high-risk counties",2011-05-27,https://kowb1290.com/governor-mead-signs-disaster-declaration-in-response-to-wyoming-flooding/,298526,50623,2011-05-30 12:26:00,2011-05-30 14:11:00,Z,NWS forecast zone,115,LARAMIE VALLEY,High Wind,58.0,MG,0,0,0.00K,0.00K,Department of Highways,Strong westerly winds aloft combined with a tight surface pressure gradient behind a Pacific cold front produced stromg and gusty winds across southeast Wyoming.,WYDOT sensor at Herrick Lane by Laramie measured sustained winds of 40 mph or greater with a peak gust of 67 mph at 30/1321 MST.
WY-SOE-2011-05-27,,Matthew H. Mead,"Statewide flood preparation emergency order for record snowpack, teams sent to high-risk counties",2011-05-27,https://kowb1290.com/governor-mead-signs-disaster-declaration-in-response-to-wyoming-flooding/,298512,50623,2011-05-30 11:52:00,2011-05-30 21:52:00,Z,NWS forecast zone,103,NORTH LARAMIE RANGE,High Wind,55.0,MG,0,0,0.00K,0.00K,RAWS,Strong westerly winds aloft combined with a tight surface pressure gradient behind a Pacific cold front produced stromg and gusty winds across southeast Wyoming.,RAWS site at Esterbrook measured gusts of 58 mph or greater with a peak gust of 63 mph at 30/1252 MST.
WY-SOE-2011-05-27,,Matthew H. Mead,"Statewide flood preparation emergency order for record snowpack, teams sent to high-risk counties",2011-05-27,https://kowb1290.com/governor-mead-signs-disaster-declaration-in-response-to-wyoming-flooding/,298525,50623,2011-05-30 12:26:00,2011-05-30 12:31:00,Z,NWS forecast zone,110,NORTH SNOWY RANGE FOOTHILLS,High Wind,53.0,MG,0,0,0.00K,0.00K,Department of Highways,Strong westerly winds aloft combined with a tight surface pressure gradient behind a Pacific cold front produced stromg and gusty winds across southeast Wyoming.,WYDOT sensor at Arlington measured gusts of 61 mph.
WY-SOE-2011-05-27,,Matthew H. Mead,"Statewide flood preparation emergency order for record snowpack, teams sent to high-risk counties",2011-05-27,https://kowb1290.com/governor-mead-signs-disaster-declaration-in-response-to-wyoming-flooding/,307131,51668,2011-05-29 04:00:00,2011-05-30 17:00:00,Z,NWS forecast zone,98,NORTHEAST BIGHORN MOUNTAINS,Winter Storm,,,0,0,0.00K,0.00K,SNOTEL,An upper low moved out of the great basin and through Wyoming and brought significant moisture into the area. A deep and moist upslope flow produced heavy wet snow over the Big Horn Mountains...mainly on east and north facing slopes.,Area snotels received 15-20 inches of snow.
WY-SOE-2011-05-27,,Matthew H. Mead,"Statewide flood preparation emergency order for record snowpack, teams sent to high-risk counties",2011-05-27,https://kowb1290.com/governor-mead-signs-disaster-declaration-in-response-to-wyoming-flooding/,298528,50623,2011-05-30 12:42:00,2011-05-30 14:47:00,Z,NWS forecast zone,116,SOUTH LARAMIE RANGE,High Wind,55.0,MG,0,0,0.00K,0.00K,Department of Highways,Strong westerly winds aloft combined with a tight surface pressure gradient behind a Pacific cold front produced stromg and gusty winds across southeast Wyoming.,WYDOT sensor at Vedauwoo measured sustained winds of 40 mph or greater with a peak gust of 63 mph at 30/1432 MST.
WY-SOE-2011-05-27,,Matthew H. Mead,"Statewide flood preparation emergency order for record snowpack, teams sent to high-risk counties",2011-05-27,https://kowb1290.com/governor-mead-signs-disaster-declaration-in-response-to-wyoming-flooding/,298534,50623,2011-05-30 15:51:00,2011-05-30 16:51:00,Z,NWS forecast zone,117,SOUTH LARAMIE RANGE FOOTHILLS,High Wind,54.0,MG,0,0,0.00K,0.00K,Department of Highways,Strong westerly winds aloft combined with a tight surface pressure gradient behind a Pacific cold front produced stromg and gusty winds across southeast Wyoming.,WYDOT sensor at Wyo Hill measured sustained winds of 40 mph or greater with a peak gust of 62 mph at 30/1551 MST.
WY-SOE-2011-05-27,,Matthew H. Mead,"Statewide flood preparation emergency order for record snowpack, teams sent to high-risk counties",2011-05-27,https://kowb1290.com/governor-mead-signs-disaster-declaration-in-response-to-wyoming-flooding/,311402,52227,2011-05-28 19:00:00,2011-05-30 16:00:00,Z,NWS forecast zone,15,WIND RIVER MOUNTAINS EAST,Winter Storm,,,0,0,0.00K,0.00K,SNOTEL,An upper level low pressure system over the northwestern U.S. brought moderate to heavy snow over a two day period to the east slopes of the Wind River and Bighorn mountain ranges. One to two feet of accumulation was common in these areas.,
WY-SOE-2011-06-23,,Matt Mead,"Disaster declaration for flooding from rain and record snowmelt, with landslides and saturated farmland, in Crook, Carbon, Albany, Lincoln and Sheridan counties (an emergency executive order had activated the State Operations Center on May 27, 2011).",2011-06-23,https://amp.insurancejournal.com/news/west/2011/06/23/203699.htm,317158,52994,2011-06-24 01:00:00,2011-06-25 09:00:00,C,county/county-equivalent,3,BIG HORN,Flood,,,0,0,440.00K,100.00K,Emergency Manager,"The first extended warm spell of the season produced an active period of snowmelt from an historic snowpack in the western Bighorn Mountains. As a result, waterways in and near the foothills of the Bighorn Mountains rose rapidly causing flooding in Big Horn and Washakie counties.","Medicine Lodge Creek rose rapidly during the early morning hours of Friday, June 24 as a result of snowmelt in the western Bighorn Mountains. The rising creek completely flooded the campground area and washed out portions of the main road at Medicine Lodge State Archaeological Site northeast of Hyattville. Water from the creek also ran down State Highway 31 which serves as Main Street in Hyattville. The basement of at least one home was inundated by flood waters from the creek. Officials dug a trench across the highway in Hyattville to relieve flood waters on the upstream side of the road. Flooding of agricultural land also occurred in areas between Hyattville and Manderson along the Nowood River and Medicine Lodge Creek."
WY-SOE-2011-06-23,,Matt Mead,"Disaster declaration for flooding from rain and record snowmelt, with landslides and saturated farmland, in Crook, Carbon, Albany, Lincoln and Sheridan counties (an emergency executive order had activated the State Operations Center on May 27, 2011).",2011-06-23,https://amp.insurancejournal.com/news/west/2011/06/23/203699.htm,317163,52994,2011-06-24 01:00:00,2011-06-25 09:00:00,C,county/county-equivalent,3,BIG HORN,Flood,,,0,0,150.00K,50.00K,Emergency Manager,"The first extended warm spell of the season produced an active period of snowmelt from an historic snowpack in the western Bighorn Mountains. As a result, waterways in and near the foothills of the Bighorn Mountains rose rapidly causing flooding in Big Horn and Washakie counties.","Flooding occurred on Shell, Horse, and Trapper creeks as snowmelt runoff increased. Lowland near the creeks and at least one guest ranch were impacted by the rising waters. No bridges were damaged by the high waters but several area roads were inundated and damaged."
WY-SOE-2011-06-23,,Matt Mead,"Disaster declaration for flooding from rain and record snowmelt, with landslides and saturated farmland, in Crook, Carbon, Albany, Lincoln and Sheridan counties (an emergency executive order had activated the State Operations Center on May 27, 2011).",2011-06-23,https://amp.insurancejournal.com/news/west/2011/06/23/203699.htm,325563,54259,2011-06-24 01:45:00,2011-06-30 23:59:00,C,county/county-equivalent,13,FREMONT,Flood,,,0,0,415.00K,250.00K,River/Stream Gage,"The first extended warm spell of the summer provided an active period of snowmelt in the Wind River Basin. A cool, wet spring and early summer had kept snowpack in the surrounding mountains unseasonably high. At the basin headwaters, the snowpack at the Togwotee Pass SNOTEL was unprecedented, surpassing that of the historic flood year of 1997. The result of the melting snow was record flooding along the lower Wind River from Kinnear to Riverton and downstream to Boysen Reservoir. More information regarding the conclusion of this flood episode can be found in the July 2011 Storm Data publication.","Melting snow caused the Wind River at Dubois to reach flood stage early on the morning of Friday, June 24. The flood waters surrounded sandbagged homes, inundating yards and a local campground. Continued snowmelt above the 9,000 foot elevation initiated a second surge of water toward the end of the month and early July.||Downstream the river rose several feet as other tributaries brought additional water to the Wind River. Also, increased water releases from the Bureau of Reclamation's Bull Lake Dam, which was quickly filling, allowed for additional water to reach the river channel. The Wind River gauge at Crowheart reached at least 10.86 feet during the early evening of Thursday, June 30, before failing. The Wind River flowed into its old river channel downstream of the Crowheart gauge. This caused water to surround several homes near the U.S. Highway 26 Wind River bridge crossing between Diversion Dam and Morton. Rising water overtopped and subsequently closed a good portion of a one mile section of the highway between mileposts 104 and 105. Traffic was diverted around this closure for most of the next week.||Through late June most of the flooding impacted farm and pasture land near the river from the Johnstown Bridge to Hidden Valley near Boysen Dam. Gauges on this stretch of river at Kinnear and Riverton continued to climb in early July. Similarly, the Little Wind River at Riverton also climbed above flood stage on June 30 and continued to rise during the first few days of July. High waters on tributaries of the Little Wind coupled with record flows on the Wind River created flooding near the confluence with the Wind River."
WY-SOE-2011-06-23,,Matt Mead,"Disaster declaration for flooding from rain and record snowmelt, with landslides and saturated farmland, in Crook, Carbon, Albany, Lincoln and Sheridan counties (an emergency executive order had activated the State Operations Center on May 27, 2011).",2011-06-23,https://amp.insurancejournal.com/news/west/2011/06/23/203699.htm,317500,53083,2011-06-25 20:00:00,2011-06-26 09:00:00,C,county/county-equivalent,23,LINCOLN,Flood,,,0,0,167.00K,0.00K,Newspaper,The warmest temperatures of the season led to increased snowmelt along the west side of the Salt River Range. The water flowed fast and high enough to cause flooding in Star Valley Ranch.,Active snowmelt in the Salt River Range caused a flood along a normally dry ditch in Star Valley Ranch. The narrow drainage near Prater Canyon brought enough water to wash out part of a road and three culverts. The high water also exposed and damaged a water line in the community.
WY-SOE-2011-06-23,,Matt Mead,"Disaster declaration for flooding from rain and record snowmelt, with landslides and saturated farmland, in Crook, Carbon, Albany, Lincoln and Sheridan counties (an emergency executive order had activated the State Operations Center on May 27, 2011).",2011-06-23,https://amp.insurancejournal.com/news/west/2011/06/23/203699.htm,325522,54249,2011-06-24 19:00:00,2011-06-29 18:00:00,C,county/county-equivalent,29,PARK,Flood,,,0,0,160.00K,0.00K,Park/Forest Service,"The high waters at the confluence of the Lamar River and Soda Butte Creek combined to undercut and damage a 200-foot-section of Yellowstone National Park's Northeast Entrance road. The first extended period of warm weather caused melting of a large late-season snowpack which increased flow in both channels. Flow on the Lamar River peaked on Friday, June 24, at around 11,000 cfs and crested near 9.5 feet. Only the eastbound lane of the road was impacted, but the erosion still necessitated complete closure of the road on June 24, while repairs were made. A second smaller section of the road was also damaged by the high water downstream from the larger washout. Crews used nearly 100 loads of rock and fill dirt to repair and stabilize the road which reopened to traffic the evening of Wednesday, June 29.",
WY-SOE-2011-06-23,,Matt Mead,"Disaster declaration for flooding from rain and record snowmelt, with landslides and saturated farmland, in Crook, Carbon, Albany, Lincoln and Sheridan counties (an emergency executive order had activated the State Operations Center on May 27, 2011).",2011-06-23,https://amp.insurancejournal.com/news/west/2011/06/23/203699.htm,317152,52994,2011-06-24 00:00:00,2011-06-25 09:00:00,C,county/county-equivalent,43,WASHAKIE,Flood,,,0,0,15.00K,0.00K,Emergency Manager,"The first extended warm spell of the season produced an active period of snowmelt from an historic snowpack in the western Bighorn Mountains. As a result, waterways in and near the foothills of the Bighorn Mountains rose rapidly causing flooding in Big Horn and Washakie counties.","The waters of Tensleep Creek rose rapidly during the early morning hours of Friday, June 24. The basements of several homes east of Ten Sleep were impacted by the flood waters."
WY-EO-2013-7,2013-7,Matthew H. Mead,Statewide emergency for a propane shortage caused by extreme cold,2013-12-06,https://www.fmcsa.dot.gov/sites/fmcsa.dot.gov/files/docs/WY-EO-2013.pdf,492036,81917,2013-12-04 00:00:00,2013-12-07 12:00:00,Z,NWS forecast zone,109,CENTRAL CARBON COUNTY,Extreme Cold/Wind Chill,,,0,0,0.00K,0.00K,Official NWS Observations,An Arctic air mass produced a prolonged period of very cold temperatures with minimum temperatures from -10 to -31 degrees. Gusty winds of 30 to 40 mph produced life-threatening wind chill values of -30 to -50 degrees.,Minimum temperatures ranged from -18 to -24 degrees.  Wind chill values ranged from -25 to -35 degrees.
WY-EO-2013-7,2013-7,Matthew H. Mead,Statewide emergency for a propane shortage caused by extreme cold,2013-12-06,https://www.fmcsa.dot.gov/sites/fmcsa.dot.gov/files/docs/WY-EO-2013.pdf,493558,81921,2013-12-03 11:00:00,2013-12-04 11:00:00,Z,NWS forecast zone,118,CENTRAL LARAMIE COUNTY,Winter Storm,,,0,0,0.00K,0.00K,Official NWS Observations,"A strong Pacific storm system moved across southeast Wyoming.  Bitter cold air from the north combined with abundant moisture to produce widespread moderate to heavy snowfall.  Storm totals ranged from 6 to 18 inches, heaviest over the mountains.  Westerly winds of 30 to 40 mph produced blowing snow, poor visibilities and very cold wind chill temperatures.",Seven inches of snow was measured the NWS Forecast Office in Cheyenne.
WY-EO-2013-7,2013-7,Matthew H. Mead,Statewide emergency for a propane shortage caused by extreme cold,2013-12-06,https://www.fmcsa.dot.gov/sites/fmcsa.dot.gov/files/docs/WY-EO-2013.pdf,492023,81917,2013-12-04 00:00:00,2013-12-07 12:00:00,Z,NWS forecast zone,118,CENTRAL LARAMIE COUNTY,Extreme Cold/Wind Chill,,,0,0,0.00K,0.00K,Official NWS Observations,An Arctic air mass produced a prolonged period of very cold temperatures with minimum temperatures from -10 to -31 degrees. Gusty winds of 30 to 40 mph produced life-threatening wind chill values of -30 to -50 degrees.,Minimum temperatures ranged from -13 to -19 degrees.  Maximum temperatures ranged from 0 to 4 degrees.  Wind chill values ranged from -20 to -40 degrees.
WY-EO-2013-7,2013-7,Matthew H. Mead,Statewide emergency for a propane shortage caused by extreme cold,2013-12-06,https://www.fmcsa.dot.gov/sites/fmcsa.dot.gov/files/docs/WY-EO-2013.pdf,492338,81948,2013-12-09 10:11:00,2013-12-09 18:41:00,Z,NWS forecast zone,106,CENTRAL LARAMIE RANGE AND SOUTHWEST PLATTE COUNTY,High Wind,69.0,MG,0,0,0.00K,0.00K,Department of Highways,A large pressure gradient combined with a very fast upper level jet produced a prolonged period of very strong and gusty gap winds through the wind corridors of southeast Wyoming. Winds frequently gusted between 60 to 90 mph.,"The WYDOT sensor at Bordeaux measured wind gusts of 58 mph or higher, with a peak gust of 79 mph at 09/1251 MST."
WY-EO-2013-7,2013-7,Matthew H. Mead,Statewide emergency for a propane shortage caused by extreme cold,2013-12-06,https://www.fmcsa.dot.gov/sites/fmcsa.dot.gov/files/docs/WY-EO-2013.pdf,481201,80339,2013-12-09 06:45:00,2013-12-10 09:15:00,Z,NWS forecast zone,3,CODY FOOTHILLS,High Wind,69.0,MG,0,0,0.00K,0.00K,Mesonet,"A tight pressure gradient brought strong wind gusts to the high wind prone areas around Clark. A sensor along State Highway 120, eight miles south of Clark, saw many wind gusts past 58 mph with a peak of 79 mph at 2130MST on December 9.",The wind sensor 8 miles SSW of Clark recorded many wind gusts past 58 mph with a maximum of 79 mph.
WY-EO-2013-7,2013-7,Matthew H. Mead,Statewide emergency for a propane shortage caused by extreme cold,2013-12-06,https://www.fmcsa.dot.gov/sites/fmcsa.dot.gov/files/docs/WY-EO-2013.pdf,492037,81917,2013-12-04 00:00:00,2013-12-07 12:00:00,Z,NWS forecast zone,101,CONVERSE COUNTY LOWER ELEVATIONS,Extreme Cold/Wind Chill,,,0,0,0.00K,0.00K,Official NWS Observations,An Arctic air mass produced a prolonged period of very cold temperatures with minimum temperatures from -10 to -31 degrees. Gusty winds of 30 to 40 mph produced life-threatening wind chill values of -30 to -50 degrees.,Minimum temperatures ranged between -13 and -18 degrees.  Maximum temperatures ranged from 3 to 6 degrees.  Wind chill values ranged from -20 to -40 degrees.
WY-EO-2013-7,2013-7,Matthew H. Mead,Statewide emergency for a propane shortage caused by extreme cold,2013-12-06,https://www.fmcsa.dot.gov/sites/fmcsa.dot.gov/files/docs/WY-EO-2013.pdf,493562,81921,2013-12-03 10:00:00,2013-12-04 10:00:00,Z,NWS forecast zone,108,GOSHEN COUNTY,Winter Storm,,,0,0,0.00K,0.00K,Public,"A strong Pacific storm system moved across southeast Wyoming.  Bitter cold air from the north combined with abundant moisture to produce widespread moderate to heavy snowfall.  Storm totals ranged from 6 to 18 inches, heaviest over the mountains.  Westerly winds of 30 to 40 mph produced blowing snow, poor visibilities and very cold wind chill temperatures.",Eight to 12 inches of snow with one to two foot drifts was reported countywide.
WY-EO-2013-7,2013-7,Matthew H. Mead,Statewide emergency for a propane shortage caused by extreme cold,2013-12-06,https://www.fmcsa.dot.gov/sites/fmcsa.dot.gov/files/docs/WY-EO-2013.pdf,492038,81917,2013-12-04 00:00:00,2013-12-07 12:00:00,Z,NWS forecast zone,108,GOSHEN COUNTY,Extreme Cold/Wind Chill,,,0,0,0.00K,0.00K,Official NWS Observations,An Arctic air mass produced a prolonged period of very cold temperatures with minimum temperatures from -10 to -31 degrees. Gusty winds of 30 to 40 mph produced life-threatening wind chill values of -30 to -50 degrees.,Minimum temperatures ranged from -7 to -18 degrees.  Maximum temperatures ranged from 3 to 9 degrees.  Wind chill values ranged from -20 to -40 degrees.
WY-EO-2013-7,2013-7,Matthew H. Mead,Statewide emergency for a propane shortage caused by extreme cold,2013-12-06,https://www.fmcsa.dot.gov/sites/fmcsa.dot.gov/files/docs/WY-EO-2013.pdf,493559,81921,2013-12-03 09:00:00,2013-12-04 09:00:00,Z,NWS forecast zone,115,LARAMIE VALLEY,Winter Storm,,,0,0,0.00K,0.00K,Law Enforcement,"A strong Pacific storm system moved across southeast Wyoming.  Bitter cold air from the north combined with abundant moisture to produce widespread moderate to heavy snowfall.  Storm totals ranged from 6 to 18 inches, heaviest over the mountains.  Westerly winds of 30 to 40 mph produced blowing snow, poor visibilities and very cold wind chill temperatures.",Six to ten inches of snow was reported in and around Laramie.
WY-EO-2013-7,2013-7,Matthew H. Mead,Statewide emergency for a propane shortage caused by extreme cold,2013-12-06,https://www.fmcsa.dot.gov/sites/fmcsa.dot.gov/files/docs/WY-EO-2013.pdf,492035,81917,2013-12-04 00:00:00,2013-12-07 12:00:00,Z,NWS forecast zone,115,LARAMIE VALLEY,Extreme Cold/Wind Chill,,,0,0,0.00K,0.00K,Official NWS Observations,An Arctic air mass produced a prolonged period of very cold temperatures with minimum temperatures from -10 to -31 degrees. Gusty winds of 30 to 40 mph produced life-threatening wind chill values of -30 to -50 degrees.,Minimum temperatures ranged from -26 to -31 degrees.  Maximum temperatures ranged from 3 to -6 degrees.  Wind chill values ranged from -30 to -50 degrees.
WY-EO-2013-7,2013-7,Matthew H. Mead,Statewide emergency for a propane shortage caused by extreme cold,2013-12-06,https://www.fmcsa.dot.gov/sites/fmcsa.dot.gov/files/docs/WY-EO-2013.pdf,492413,81948,2013-12-09 16:36:00,2013-12-10 12:06:00,Z,NWS forecast zone,115,LARAMIE VALLEY,High Wind,35.0,MS,0,0,0.00K,0.00K,Department of Highways,A large pressure gradient combined with a very fast upper level jet produced a prolonged period of very strong and gusty gap winds through the wind corridors of southeast Wyoming. Winds frequently gusted between 60 to 90 mph.,"The WYDOT sensor at Quealy Dome by Laramie measured sustained winds of 40 mph or higher, with a peak gust of 63 mph at 09/2251 MST."
WY-EO-2013-7,2013-7,Matthew H. Mead,Statewide emergency for a propane shortage caused by extreme cold,2013-12-06,https://www.fmcsa.dot.gov/sites/fmcsa.dot.gov/files/docs/WY-EO-2013.pdf,492385,81948,2013-12-09 03:46:00,2013-12-09 06:51:00,Z,NWS forecast zone,110,NORTH SNOWY RANGE FOOTHILLS,High Wind,35.0,MS,0,0,0.00K,0.00K,Department of Highways,A large pressure gradient combined with a very fast upper level jet produced a prolonged period of very strong and gusty gap winds through the wind corridors of southeast Wyoming. Winds frequently gusted between 60 to 90 mph.,"The WYDOT sensor at Interstate 80 mile marker 249 measured sustained winds of 40 mph or higher, with a peak gust of 59 mph at 10/0611 MST."
WY-EO-2013-7,2013-7,Matthew H. Mead,Statewide emergency for a propane shortage caused by extreme cold,2013-12-06,https://www.fmcsa.dot.gov/sites/fmcsa.dot.gov/files/docs/WY-EO-2013.pdf,492359,81948,2013-12-09 06:31:00,2013-12-09 23:21:00,Z,NWS forecast zone,110,NORTH SNOWY RANGE FOOTHILLS,High Wind,35.0,MS,0,0,0.00K,0.00K,Department of Highways,A large pressure gradient combined with a very fast upper level jet produced a prolonged period of very strong and gusty gap winds through the wind corridors of southeast Wyoming. Winds frequently gusted between 60 to 90 mph.,"The WYDOT sensor at Arlington measured sustained winds of 40 mph or higher, with a peak gust of 73 mph at 09/2206 MST."
WY-EO-2013-7,2013-7,Matthew H. Mead,Statewide emergency for a propane shortage caused by extreme cold,2013-12-06,https://www.fmcsa.dot.gov/sites/fmcsa.dot.gov/files/docs/WY-EO-2013.pdf,492362,81948,2013-12-09 08:10:00,2013-12-09 23:45:00,Z,NWS forecast zone,110,NORTH SNOWY RANGE FOOTHILLS,High Wind,35.0,MS,0,0,0.00K,0.00K,Department of Highways,A large pressure gradient combined with a very fast upper level jet produced a prolonged period of very strong and gusty gap winds through the wind corridors of southeast Wyoming. Winds frequently gusted between 60 to 90 mph.,"The WYDOT sensor at Cooper Cove measured sustained winds of 40 mph or higher, with a peak gust of 73 mph at 09/2230 MST."
WY-EO-2013-7,2013-7,Matthew H. Mead,Statewide emergency for a propane shortage caused by extreme cold,2013-12-06,https://www.fmcsa.dot.gov/sites/fmcsa.dot.gov/files/docs/WY-EO-2013.pdf,492381,81948,2013-12-09 08:26:00,2013-12-09 23:01:00,Z,NWS forecast zone,110,NORTH SNOWY RANGE FOOTHILLS,High Wind,35.0,MS,0,0,0.00K,0.00K,Department of Highways,A large pressure gradient combined with a very fast upper level jet produced a prolonged period of very strong and gusty gap winds through the wind corridors of southeast Wyoming. Winds frequently gusted between 60 to 90 mph.,"The WYDOT sensor at Foote Creek by Arlington measured sustained winds of 40 mph or higher, with a peak gust of 70 mph at 09/2146 MST."
WY-EO-2013-7,2013-7,Matthew H. Mead,Statewide emergency for a propane shortage caused by extreme cold,2013-12-06,https://www.fmcsa.dot.gov/sites/fmcsa.dot.gov/files/docs/WY-EO-2013.pdf,492383,81948,2013-12-09 08:26:00,2013-12-10 20:06:00,Z,NWS forecast zone,110,NORTH SNOWY RANGE FOOTHILLS,High Wind,35.0,MS,0,0,0.00K,0.00K,Department of Highways,A large pressure gradient combined with a very fast upper level jet produced a prolonged period of very strong and gusty gap winds through the wind corridors of southeast Wyoming. Winds frequently gusted between 60 to 90 mph.,"The WYDOT sensor at Halleck Ridge by Elk Mountain measured sustained winds of 40 mph or higher, with a peak gust of 68 mph at 09/2006 MST."
WY-EO-2013-7,2013-7,Matthew H. Mead,Statewide emergency for a propane shortage caused by extreme cold,2013-12-06,https://www.fmcsa.dot.gov/sites/fmcsa.dot.gov/files/docs/WY-EO-2013.pdf,492356,81948,2013-12-09 08:31:00,2013-12-09 23:11:00,Z,NWS forecast zone,110,NORTH SNOWY RANGE FOOTHILLS,High Wind,35.0,MS,0,0,0.00K,0.00K,Department of Highways,A large pressure gradient combined with a very fast upper level jet produced a prolonged period of very strong and gusty gap winds through the wind corridors of southeast Wyoming. Winds frequently gusted between 60 to 90 mph.,"The WYDOT sensor at Arlington East measured sustained winds of 40 mph or higher, with a peak gust of 67 mph at 09/2111 MST."
WY-EO-2013-7,2013-7,Matthew H. Mead,Statewide emergency for a propane shortage caused by extreme cold,2013-12-06,https://www.fmcsa.dot.gov/sites/fmcsa.dot.gov/files/docs/WY-EO-2013.pdf,492400,81948,2013-12-09 09:40:00,2013-12-10 10:30:00,Z,NWS forecast zone,110,NORTH SNOWY RANGE FOOTHILLS,High Wind,35.0,MS,0,0,0.00K,0.00K,Department of Highways,A large pressure gradient combined with a very fast upper level jet produced a prolonged period of very strong and gusty gap winds through the wind corridors of southeast Wyoming. Winds frequently gusted between 60 to 90 mph.,"The WYDOT sensor at Wagonhound measured sustained winds of 40 mph or higher, with a peak gust of 64 mph at 10/0330 MST."
WY-EO-2013-7,2013-7,Matthew H. Mead,Statewide emergency for a propane shortage caused by extreme cold,2013-12-06,https://www.fmcsa.dot.gov/sites/fmcsa.dot.gov/files/docs/WY-EO-2013.pdf,492386,81948,2013-12-09 16:11:00,2013-12-10 10:11:00,Z,NWS forecast zone,110,NORTH SNOWY RANGE FOOTHILLS,High Wind,35.0,MS,0,0,0.00K,0.00K,Department of Highways,A large pressure gradient combined with a very fast upper level jet produced a prolonged period of very strong and gusty gap winds through the wind corridors of southeast Wyoming. Winds frequently gusted between 60 to 90 mph.,"The WYDOT sensor at Strouss Hill measured sustained winds of 40 mph or higher, with a peak gust of 74 mph at 09/2256 MST."
WY-EO-2013-7,2013-7,Matthew H. Mead,Statewide emergency for a propane shortage caused by extreme cold,2013-12-06,https://www.fmcsa.dot.gov/sites/fmcsa.dot.gov/files/docs/WY-EO-2013.pdf,492364,81948,2013-12-09 20:16:00,2013-12-09 23:06:00,Z,NWS forecast zone,110,NORTH SNOWY RANGE FOOTHILLS,High Wind,35.0,MS,0,0,0.00K,0.00K,Department of Highways,A large pressure gradient combined with a very fast upper level jet produced a prolonged period of very strong and gusty gap winds through the wind corridors of southeast Wyoming. Winds frequently gusted between 60 to 90 mph.,"The WYDOT sensor at Elk Mountain measured sustained winds of 40 mph or higher, with a peak gust of 63 mph at 09/2151 MST."
WY-EO-2013-7,2013-7,Matthew H. Mead,Statewide emergency for a propane shortage caused by extreme cold,2013-12-06,https://www.fmcsa.dot.gov/sites/fmcsa.dot.gov/files/docs/WY-EO-2013.pdf,492384,81948,2013-12-09 20:36:00,2013-12-09 22:56:00,Z,NWS forecast zone,110,NORTH SNOWY RANGE FOOTHILLS,High Wind,35.0,MS,0,0,0.00K,0.00K,Department of Highways,A large pressure gradient combined with a very fast upper level jet produced a prolonged period of very strong and gusty gap winds through the wind corridors of southeast Wyoming. Winds frequently gusted between 60 to 90 mph.,"The WYDOT sensor at Interstate 80 mile marker 249 measured sustained winds of 40 mph or higher, with a peak gust of 61 mph at 09/2211 MST."
WY-EO-2013-7,2013-7,Matthew H. Mead,Statewide emergency for a propane shortage caused by extreme cold,2013-12-06,https://www.fmcsa.dot.gov/sites/fmcsa.dot.gov/files/docs/WY-EO-2013.pdf,492315,81946,2013-12-07 09:00:00,2013-12-08 08:00:00,Z,NWS forecast zone,112,SIERRA MADRE RANGE,Winter Weather,,,0,0,0.00K,0.00K,SNOTEL,An upper level disturbance produced periods of moderate snowfall over the Snowy and Sierra Madre ranges.  Accumulations of 6 to 10 inches were common.,The Sage Creek SNOTEL site (elevation 7850 ft) estimated 6 inches of snow.
WY-EO-2013-7,2013-7,Matthew H. Mead,Statewide emergency for a propane shortage caused by extreme cold,2013-12-06,https://www.fmcsa.dot.gov/sites/fmcsa.dot.gov/files/docs/WY-EO-2013.pdf,492316,81946,2013-12-07 09:00:00,2013-12-08 08:00:00,Z,NWS forecast zone,112,SIERRA MADRE RANGE,Winter Weather,,,0,0,0.00K,0.00K,SNOTEL,An upper level disturbance produced periods of moderate snowfall over the Snowy and Sierra Madre ranges.  Accumulations of 6 to 10 inches were common.,The Divide Peak SNOTEL site (elevation 8880 ft) estimated 6 inches of snow.
WY-EO-2013-7,2013-7,Matthew H. Mead,Statewide emergency for a propane shortage caused by extreme cold,2013-12-06,https://www.fmcsa.dot.gov/sites/fmcsa.dot.gov/files/docs/WY-EO-2013.pdf,492317,81946,2013-12-07 09:00:00,2013-12-08 08:00:00,Z,NWS forecast zone,112,SIERRA MADRE RANGE,Winter Weather,,,0,0,0.00K,0.00K,SNOTEL,An upper level disturbance produced periods of moderate snowfall over the Snowy and Sierra Madre ranges.  Accumulations of 6 to 10 inches were common.,The Old Battle SNOTEL site (elevation 10000 ft) estimated 10 inches of snow.
WY-EO-2013-7,2013-7,Matthew H. Mead,Statewide emergency for a propane shortage caused by extreme cold,2013-12-06,https://www.fmcsa.dot.gov/sites/fmcsa.dot.gov/files/docs/WY-EO-2013.pdf,492318,81946,2013-12-07 09:00:00,2013-12-08 08:00:00,Z,NWS forecast zone,112,SIERRA MADRE RANGE,Winter Weather,,,0,0,0.00K,0.00K,SNOTEL,An upper level disturbance produced periods of moderate snowfall over the Snowy and Sierra Madre ranges.  Accumulations of 6 to 10 inches were common.,The Webber Springs SNOTEL site (elevation 9250 ft) estimated 6 inches of snow.
WY-EO-2013-7,2013-7,Matthew H. Mead,Statewide emergency for a propane shortage caused by extreme cold,2013-12-06,https://www.fmcsa.dot.gov/sites/fmcsa.dot.gov/files/docs/WY-EO-2013.pdf,492319,81946,2013-12-07 09:00:00,2013-12-08 08:00:00,Z,NWS forecast zone,112,SIERRA MADRE RANGE,Winter Weather,,,0,0,0.00K,0.00K,SNOTEL,An upper level disturbance produced periods of moderate snowfall over the Snowy and Sierra Madre ranges.  Accumulations of 6 to 10 inches were common.,The Blackhall Mountain SNOTEL site (elevation 9820 ft) estimated 8 inches of snow.
WY-EO-2013-7,2013-7,Matthew H. Mead,Statewide emergency for a propane shortage caused by extreme cold,2013-12-06,https://www.fmcsa.dot.gov/sites/fmcsa.dot.gov/files/docs/WY-EO-2013.pdf,492321,81946,2013-12-07 09:00:00,2013-12-08 08:00:00,Z,NWS forecast zone,114,SNOWY RANGE,Winter Weather,,,0,0,0.00K,0.00K,SNOTEL,An upper level disturbance produced periods of moderate snowfall over the Snowy and Sierra Madre ranges.  Accumulations of 6 to 10 inches were common.,The Brooklyn Lake SNOTEL site (elevation 10240 ft) estimated 8 inches of snow.
WY-EO-2013-7,2013-7,Matthew H. Mead,Statewide emergency for a propane shortage caused by extreme cold,2013-12-06,https://www.fmcsa.dot.gov/sites/fmcsa.dot.gov/files/docs/WY-EO-2013.pdf,492322,81946,2013-12-07 09:00:00,2013-12-08 08:00:00,Z,NWS forecast zone,114,SNOWY RANGE,Winter Weather,,,0,0,0.00K,0.00K,SNOTEL,An upper level disturbance produced periods of moderate snowfall over the Snowy and Sierra Madre ranges.  Accumulations of 6 to 10 inches were common.,The Medicine Bow SNOTEL site (elevation 10510 ft) estimated 10 inches of snow.
WY-EO-2013-7,2013-7,Matthew H. Mead,Statewide emergency for a propane shortage caused by extreme cold,2013-12-06,https://www.fmcsa.dot.gov/sites/fmcsa.dot.gov/files/docs/WY-EO-2013.pdf,493561,81921,2013-12-03 08:00:00,2013-12-04 08:00:00,Z,NWS forecast zone,116,SOUTH LARAMIE RANGE,Winter Storm,,,0,0,0.00K,0.00K,COOP Observer,"A strong Pacific storm system moved across southeast Wyoming.  Bitter cold air from the north combined with abundant moisture to produce widespread moderate to heavy snowfall.  Storm totals ranged from 6 to 18 inches, heaviest over the mountains.  Westerly winds of 30 to 40 mph produced blowing snow, poor visibilities and very cold wind chill temperatures.",Eleven inches of snow was measured four miles southeast of Buford.
WY-EO-2013-7,2013-7,Matthew H. Mead,Statewide emergency for a propane shortage caused by extreme cold,2013-12-06,https://www.fmcsa.dot.gov/sites/fmcsa.dot.gov/files/docs/WY-EO-2013.pdf,492434,81948,2013-12-09 07:16:00,2013-12-09 15:16:00,Z,NWS forecast zone,116,SOUTH LARAMIE RANGE,High Wind,35.0,MS,0,0,0.00K,0.00K,Department of Highways,A large pressure gradient combined with a very fast upper level jet produced a prolonged period of very strong and gusty gap winds through the wind corridors of southeast Wyoming. Winds frequently gusted between 60 to 90 mph.,"The WYDOT sensor at Lone Tree measured sustained winds of 40 mph or higher, with a peak gust of 65 mph at 09/1256 MST."
WY-EO-2013-7,2013-7,Matthew H. Mead,Statewide emergency for a propane shortage caused by extreme cold,2013-12-06,https://www.fmcsa.dot.gov/sites/fmcsa.dot.gov/files/docs/WY-EO-2013.pdf,492427,81948,2013-12-09 07:56:00,2013-12-09 15:46:00,Z,NWS forecast zone,116,SOUTH LARAMIE RANGE,High Wind,35.0,MS,0,0,0.00K,0.00K,Department of Highways,A large pressure gradient combined with a very fast upper level jet produced a prolonged period of very strong and gusty gap winds through the wind corridors of southeast Wyoming. Winds frequently gusted between 60 to 90 mph.,"The WYDOT sensor at Buford East measured sustained winds of 40 mph or higher, with a peak gust of 63 mph at 09/1226 MST."
WY-EO-2013-7,2013-7,Matthew H. Mead,Statewide emergency for a propane shortage caused by extreme cold,2013-12-06,https://www.fmcsa.dot.gov/sites/fmcsa.dot.gov/files/docs/WY-EO-2013.pdf,492446,81948,2013-12-09 08:46:00,2013-12-09 16:11:00,Z,NWS forecast zone,116,SOUTH LARAMIE RANGE,High Wind,35.0,MS,0,0,0.00K,0.00K,Department of Highways,A large pressure gradient combined with a very fast upper level jet produced a prolonged period of very strong and gusty gap winds through the wind corridors of southeast Wyoming. Winds frequently gusted between 60 to 90 mph.,The WYDOT sensor at Remount measured sustained winds of 40 mph or higher.
WY-EO-2013-7,2013-7,Matthew H. Mead,Statewide emergency for a propane shortage caused by extreme cold,2013-12-06,https://www.fmcsa.dot.gov/sites/fmcsa.dot.gov/files/docs/WY-EO-2013.pdf,492452,81948,2013-12-09 10:17:00,2013-12-09 15:07:00,Z,NWS forecast zone,116,SOUTH LARAMIE RANGE,High Wind,35.0,MS,0,0,0.00K,0.00K,Department of Highways,A large pressure gradient combined with a very fast upper level jet produced a prolonged period of very strong and gusty gap winds through the wind corridors of southeast Wyoming. Winds frequently gusted between 60 to 90 mph.,"The WYDOT sensor at Vedauwoo measured sustained winds of 40 mph or higher, with a peak gust of 61 mph at 09/1052 MST."
WY-EO-2013-7,2013-7,Matthew H. Mead,Statewide emergency for a propane shortage caused by extreme cold,2013-12-06,https://www.fmcsa.dot.gov/sites/fmcsa.dot.gov/files/docs/WY-EO-2013.pdf,492449,81948,2013-12-09 10:45:00,2013-12-09 14:30:00,Z,NWS forecast zone,116,SOUTH LARAMIE RANGE,High Wind,35.0,MS,0,0,0.00K,0.00K,Department of Highways,A large pressure gradient combined with a very fast upper level jet produced a prolonged period of very strong and gusty gap winds through the wind corridors of southeast Wyoming. Winds frequently gusted between 60 to 90 mph.,"The WYDOT sensor at Summit East by Laramie measured sustained winds of 40 mph or higher, with a peak gust of 58 mph at 09/1125 MST."
WY-EO-2013-7,2013-7,Matthew H. Mead,Statewide emergency for a propane shortage caused by extreme cold,2013-12-06,https://www.fmcsa.dot.gov/sites/fmcsa.dot.gov/files/docs/WY-EO-2013.pdf,493560,81921,2013-12-03 10:00:00,2013-12-04 10:00:00,Z,NWS forecast zone,117,SOUTH LARAMIE RANGE FOOTHILLS,Winter Storm,,,0,0,0.00K,0.00K,CoCoRaHS,"A strong Pacific storm system moved across southeast Wyoming.  Bitter cold air from the north combined with abundant moisture to produce widespread moderate to heavy snowfall.  Storm totals ranged from 6 to 18 inches, heaviest over the mountains.  Westerly winds of 30 to 40 mph produced blowing snow, poor visibilities and very cold wind chill temperatures.",Six inches of snow was measured 17 miles west-northwest of Cheyenne.
WY-EO-2013-7,2013-7,Matthew H. Mead,Statewide emergency for a propane shortage caused by extreme cold,2013-12-06,https://www.fmcsa.dot.gov/sites/fmcsa.dot.gov/files/docs/WY-EO-2013.pdf,492463,81948,2013-12-09 12:15:00,2013-12-10 15:45:00,Z,NWS forecast zone,117,SOUTH LARAMIE RANGE FOOTHILLS,High Wind,75.0,MG,0,0,0.00K,0.00K,Mesonet,A large pressure gradient combined with a very fast upper level jet produced a prolonged period of very strong and gusty gap winds through the wind corridors of southeast Wyoming. Winds frequently gusted between 60 to 90 mph.,"The UPR sensor at Emkay measured wind gusts of 58 mph or higher, with a peak gust of 86 mph at 10/1130 MST."
WY-EO-2013-7,2013-7,Matthew H. Mead,Statewide emergency for a propane shortage caused by extreme cold,2013-12-06,https://www.fmcsa.dot.gov/sites/fmcsa.dot.gov/files/docs/WY-EO-2013.pdf,492467,81948,2013-12-09 13:05:00,2013-12-10 01:00:00,Z,NWS forecast zone,117,SOUTH LARAMIE RANGE FOOTHILLS,High Wind,35.0,MS,0,0,0.00K,0.00K,Department of Highways,A large pressure gradient combined with a very fast upper level jet produced a prolonged period of very strong and gusty gap winds through the wind corridors of southeast Wyoming. Winds frequently gusted between 60 to 90 mph.,"The WYDOT sensor at Otto measured sustained winds of 40 mph or higher, with a peak gust of 70 mph at 09/2220 MST."
WY-EO-2013-7,2013-7,Matthew H. Mead,Statewide emergency for a propane shortage caused by extreme cold,2013-12-06,https://www.fmcsa.dot.gov/sites/fmcsa.dot.gov/files/docs/WY-EO-2013.pdf,492465,81948,2013-12-09 16:00:00,2013-12-10 01:15:00,Z,NWS forecast zone,117,SOUTH LARAMIE RANGE FOOTHILLS,High Wind,35.0,MS,0,0,0.00K,0.00K,Department of Highways,A large pressure gradient combined with a very fast upper level jet produced a prolonged period of very strong and gusty gap winds through the wind corridors of southeast Wyoming. Winds frequently gusted between 60 to 90 mph.,"The WYDOT sensor at Interstate 80 mile marker 353 measured sustained winds of 40 mph or higher, with a peak gust of 65 mph at 09/2310 MST."
WY-EO-2013-7,2013-7,Matthew H. Mead,Statewide emergency for a propane shortage caused by extreme cold,2013-12-06,https://www.fmcsa.dot.gov/sites/fmcsa.dot.gov/files/docs/WY-EO-2013.pdf,492469,81948,2013-12-09 18:11:00,2013-12-09 19:31:00,Z,NWS forecast zone,117,SOUTH LARAMIE RANGE FOOTHILLS,High Wind,35.0,MS,0,0,0.00K,0.00K,Department of Highways,A large pressure gradient combined with a very fast upper level jet produced a prolonged period of very strong and gusty gap winds through the wind corridors of southeast Wyoming. Winds frequently gusted between 60 to 90 mph.,The WYDOT sensor at Whitaker measured sustained winds of 40 mph or higher.
WY-EO-2013-7,2013-7,Matthew H. Mead,Statewide emergency for a propane shortage caused by extreme cold,2013-12-06,https://www.fmcsa.dot.gov/sites/fmcsa.dot.gov/files/docs/WY-EO-2013.pdf,492471,81948,2013-12-09 22:06:00,2013-12-10 00:41:00,Z,NWS forecast zone,117,SOUTH LARAMIE RANGE FOOTHILLS,High Wind,35.0,MS,0,0,0.00K,0.00K,Department of Highways,A large pressure gradient combined with a very fast upper level jet produced a prolonged period of very strong and gusty gap winds through the wind corridors of southeast Wyoming. Winds frequently gusted between 60 to 90 mph.,"The WYDOT sensor at Wyoming Hill measured sustained winds of 40 mph or higher, with a peak gust of 65 mph at 09/2311 MST."
WY-EO-2013-7,2013-7,Matthew H. Mead,Statewide emergency for a propane shortage caused by extreme cold,2013-12-06,https://www.fmcsa.dot.gov/sites/fmcsa.dot.gov/files/docs/WY-EO-2013.pdf,489958,81645,2013-12-03 02:00:00,2013-12-04 05:00:00,Z,NWS forecast zone,21,UINTA,Winter Storm,,,0,0,0.00K,0.00K,COOP Observer,The same large and cold storm system that brought widespread snowfall to Utah also produced heavy snow in far southwest Wyoming.,"Evanston received 11 inches of new snow from the storm, while Mountain View received a storm total of 10 inches of snow."
WY-SOE-2015-06-05,,Matt Mead,"Declaration of emergency for flooding and mudslides in Niobrara and Johnson counties and road closures near Cody, in Wind River Canyon and on Togwotee Pass.",2015-06-05,https://www.sweetwaternow.com/?p=74750,571885,95174,2015-06-05 18:25:00,2015-06-05 20:00:00,C,county/county-equivalent,3,BIG HORN,Flash Flood,,,0,0,0.00K,0.00K,Park/Forest Service,"A persistent stalled frontal boundary and an upper level disturbance led to another day of severe weather and flooding across central Wyoming. Heavy rain fell on saturated soils in Natrona County and produced areas of flash flooding, especially west of Casper. The flooding closed US Highway 20/26 for several hours between Casper and Shoshoni. Other strong thunderstorms erupted to the west and northwest, with reports of nickel to half-dollar sized hail and flash flooding of some campsites at Medicine Lodge State Archaeological Site near Hyattville.",The superintendent at Medicine Lodge State Archaeological Site reported flooding of three dry arroyos in and south of the park. One arroyo flooded campsites in the middle campground and flooding of other arroyos covered sections of the last one-half mile of a road leading to the park.
WY-SOE-2015-06-05,,Matt Mead,"Declaration of emergency for flooding and mudslides in Niobrara and Johnson counties and road closures near Cody, in Wind River Canyon and on Togwotee Pass.",2015-06-05,https://www.sweetwaternow.com/?p=74750,571901,95180,2015-06-07 14:06:00,2015-06-07 17:00:00,C,county/county-equivalent,3,BIG HORN,Flash Flood,,,0,0,5.00K,0.00K,Park/Forest Service,Heavy rain fell in association with a strong thunderstorm that tracked south along the western edge of the Medicine Lodge State Archaeological Site. The rain fell on already saturated soils and quickly gathered in dry washes and arroyos west of the site. The result was a flow of red water and mud that followed a dry wash and flowed into the central portion of the park.,Slow-moving showers and thunderstorms dropped heavy rain in a small drainage basin west of Medicine Lodge State Archaeological Site. Run-off in the basin fed a dry wash that brought water into the central portion of the park. The dry wash directed water into and around a newly refurbished small cabin that serves as a visitor center. There was minor damage to the park road.
WY-SOE-2015-06-05,,Matt Mead,"Declaration of emergency for flooding and mudslides in Niobrara and Johnson counties and road closures near Cody, in Wind River Canyon and on Togwotee Pass.",2015-06-05,https://www.sweetwaternow.com/?p=74750,570123,94875,2015-06-02 18:34:00,2015-06-02 18:37:00,C,county/county-equivalent,5,CAMPBELL,Thunderstorm Wind,56.0,MG,0,0,0.00K,0.00K,ASOS,A thunderstorm produced wind gusts over 60 mph at the Gillette-Campbell County Airport.,
WY-SOE-2015-06-05,,Matt Mead,"Declaration of emergency for flooding and mudslides in Niobrara and Johnson counties and road closures near Cody, in Wind River Canyon and on Togwotee Pass.",2015-06-05,https://www.sweetwaternow.com/?p=74750,570122,94874,2015-06-02 18:35:00,2015-06-02 18:35:00,C,county/county-equivalent,5,CAMPBELL,Thunderstorm Wind,52.0,EG,0,0,0.00K,0.00K,COOP Observer,A severe thunderstorm tracked southeast from Montana across far northern Campbell County and produced 60 mph wind gusts in the Weston area.,Wind gusts were estimated at 60 mph.
WY-SOE-2015-06-05,,Matt Mead,"Declaration of emergency for flooding and mudslides in Niobrara and Johnson counties and road closures near Cody, in Wind River Canyon and on Togwotee Pass.",2015-06-05,https://www.sweetwaternow.com/?p=74750,592382,94877,2015-06-03 19:20:00,2015-06-03 19:20:00,C,county/county-equivalent,5,CAMPBELL,Thunderstorm Wind,52.0,MG,0,0,0.00K,0.00K,COOP Observer,A stationary thunderstorm produced several inches of rain in less than two hours along the Johnson-Campbell County line. Officials closed Interstate 90 after water and debris covered the highway between Gillette and Buffalo. Another small thunderstorm produced a brief tornado near Savageton and other severe thunderstorms produced wind gusts around 60 mph.,
WY-SOE-2015-06-05,,Matt Mead,"Declaration of emergency for flooding and mudslides in Niobrara and Johnson counties and road closures near Cody, in Wind River Canyon and on Togwotee Pass.",2015-06-05,https://www.sweetwaternow.com/?p=74750,586833,94877,2015-06-03 20:10:00,2015-06-03 21:15:00,C,county/county-equivalent,5,CAMPBELL,Flash Flood,,,0,0,1.00K,0.00K,Department of Highways,A stationary thunderstorm produced several inches of rain in less than two hours along the Johnson-Campbell County line. Officials closed Interstate 90 after water and debris covered the highway between Gillette and Buffalo. Another small thunderstorm produced a brief tornado near Savageton and other severe thunderstorms produced wind gusts around 60 mph.,Runoff from heavy rain and debris flowed over Interstate 90 from mile markers 90 to 91 between Gillette and Buffalo. Water and large pieces of debris also covered several portions of the Buffalo Cut-Across Road west of Gillette and washed gravel off the road.
WY-SOE-2015-06-05,,Matt Mead,"Declaration of emergency for flooding and mudslides in Niobrara and Johnson counties and road closures near Cody, in Wind River Canyon and on Togwotee Pass.",2015-06-05,https://www.sweetwaternow.com/?p=74750,586834,94877,2015-06-03 21:15:00,2015-06-04 03:00:00,C,county/county-equivalent,5,CAMPBELL,Flood,,,0,0,1.00K,0.00K,Public,A stationary thunderstorm produced several inches of rain in less than two hours along the Johnson-Campbell County line. Officials closed Interstate 90 after water and debris covered the highway between Gillette and Buffalo. Another small thunderstorm produced a brief tornado near Savageton and other severe thunderstorms produced wind gusts around 60 mph.,Gravel was washed off the Buffalo Cut Across Road west of Gillette.
WY-SOE-2015-06-05,,Matt Mead,"Declaration of emergency for flooding and mudslides in Niobrara and Johnson counties and road closures near Cody, in Wind River Canyon and on Togwotee Pass.",2015-06-05,https://www.sweetwaternow.com/?p=74750,570125,94877,2015-06-03 22:55:00,2015-06-03 23:10:00,C,county/county-equivalent,5,CAMPBELL,Thunderstorm Wind,54.0,MG,0,0,0.00K,0.00K,Department of Highways,A stationary thunderstorm produced several inches of rain in less than two hours along the Johnson-Campbell County line. Officials closed Interstate 90 after water and debris covered the highway between Gillette and Buffalo. Another small thunderstorm produced a brief tornado near Savageton and other severe thunderstorms produced wind gusts around 60 mph.,
WY-SOE-2015-06-05,,Matt Mead,"Declaration of emergency for flooding and mudslides in Niobrara and Johnson counties and road closures near Cody, in Wind River Canyon and on Togwotee Pass.",2015-06-05,https://www.sweetwaternow.com/?p=74750,587467,97683,2015-06-04 14:55:00,2015-06-05 23:00:00,C,county/county-equivalent,5,CAMPBELL,Flood,,,0,0,0.00K,0.00K,Trained Spotter,Runoff from around two inches of rain on already saturated soils caused minor flooding in far northwestern Campbell County.,Minor flooding along the Little Powder River covered hay fields.
WY-SOE-2015-06-05,,Matt Mead,"Declaration of emergency for flooding and mudslides in Niobrara and Johnson counties and road closures near Cody, in Wind River Canyon and on Togwotee Pass.",2015-06-05,https://www.sweetwaternow.com/?p=74750,570124,94876,2015-06-02 19:25:00,2015-06-02 19:30:00,C,county/county-equivalent,11,CROOK,Thunderstorm Wind,54.0,MG,0,0,0.00K,0.00K,Department of Highways,A severe thunderstorm developed across southwestern Crook County and tracked eastward across the southern part of the county. The storm produced wind gusts over 60 mph along Interstate 90 east of Pine Haven.,
WY-SOE-2015-06-05,,Matt Mead,"Declaration of emergency for flooding and mudslides in Niobrara and Johnson counties and road closures near Cody, in Wind River Canyon and on Togwotee Pass.",2015-06-05,https://www.sweetwaternow.com/?p=74750,571605,95137,2015-06-02 04:10:00,2015-06-02 04:25:00,C,county/county-equivalent,13,FREMONT,Flood,,,0,0,0.00K,0.00K,River/Stream Gage,"Rapid snowmelt in the Wind River Range above Dubois caused tributaries of the Wind River to swell and feed the river with run-off. The river gauge at Dubois briefly climbed above flood stage of 5 feet, cresting at 5.01 feet during the early morning of June 2.","Rapid snowmelt in the Wind River Range caused the Wind River near Dubois to rise slightly above flood stage. The river upstream of Dubois crested at 5.01 feet during the morning of Tuesday, June 2. The flooding was confined to lowlands near the river and caused no damage."
WY-SOE-2015-06-05,,Matt Mead,"Declaration of emergency for flooding and mudslides in Niobrara and Johnson counties and road closures near Cody, in Wind River Canyon and on Togwotee Pass.",2015-06-05,https://www.sweetwaternow.com/?p=74750,571613,95139,2015-06-02 23:40:00,2015-06-03 07:00:00,C,county/county-equivalent,13,FREMONT,Flood,,,0,0,0.00K,0.00K,River/Stream Gage,"Rapid snowmelt in the Wind River Range produced swollen tributaries that combined to raise the water level on the rain-swollen Wind River. The river gauge on the Wind River at Riverton topped out at 9.12 feet, just slightly above flood stage of 9 feet.","Minor flooding occurred along the Wind River near Riverton. The river crested to 9.12 feet at 0345MST on Wednesday, June 3. Heavy rain of the previous week and increased snowmelt run-off combined to cause the high water. The flooding only impacted lowlands nearest the river on the south side of Riverton."
WY-SOE-2015-06-05,,Matt Mead,"Declaration of emergency for flooding and mudslides in Niobrara and Johnson counties and road closures near Cody, in Wind River Canyon and on Togwotee Pass.",2015-06-05,https://www.sweetwaternow.com/?p=74750,571893,95178,2015-06-06 23:15:00,2015-06-15 03:00:00,C,county/county-equivalent,13,FREMONT,Flood,,,0,0,0.00K,0.00K,River/Stream Gage,Recent rains combined with mountain snowmelt to produce river flooding along the Wind River near Riverton. The river was above flood stage of 9 feet for several days with a crest of 10.27 feet. The flood was confined to low-lying lands near the river and caused no property damage.,"The Wind River gauge near Riverton was above flood stage for over a week because of run-off from melting snow and recent rainfall. Water levels fluctuated each day with the daily peak occurring during the early to mid morning hours. The river crested at 10.27 feet at 0700MST on Friday, June 12."
WY-SOE-2015-06-05,,Matt Mead,"Declaration of emergency for flooding and mudslides in Niobrara and Johnson counties and road closures near Cody, in Wind River Canyon and on Togwotee Pass.",2015-06-05,https://www.sweetwaternow.com/?p=74750,571826,95143,2015-06-03 19:15:00,2015-06-04 07:00:00,C,county/county-equivalent,19,JOHNSON,Flash Flood,,,0,0,10.00K,0.00K,Department of Highways,"The combination of a stalled frontal boundary, jet streak dynamics, and an upper level disturbance sweeping across Wyoming created the conditions necessary to produce severe thunderstorms in central Wyoming. A moisture-laden atmosphere also set the stage for flash flooding. Johnson County took the brunt of the heavy rainfall and flash flooding on Wednesday evening, June 3. Both the city of Buffalo and Interstate 90 were severely impacted by flood waters. Roads were closed, homes damaged or destroyed, and at least a few public buildings damaged. To the south and west, there were multiple reports of large hail in Fremont and Natrona counties.","Strong thunderstorms produced heavy rain across eastern Johnson and western Campbell counties near Interstate 90. The heaviest rain, estimated at three inches, fed Dead Horse Creek, a small tributary of the Powder River. Dead Horse Creek overflowed and eventually inundated a stretch of Interstate 90 around mileposts 90 and 91, which resulted in the closure of the road from late Wednesday evening, June 3, until the morning of June 4."
WY-SOE-2015-06-05,,Matt Mead,"Declaration of emergency for flooding and mudslides in Niobrara and Johnson counties and road closures near Cody, in Wind River Canyon and on Togwotee Pass.",2015-06-05,https://www.sweetwaternow.com/?p=74750,571839,95143,2015-06-03 20:00:00,2015-06-04 09:00:00,C,county/county-equivalent,19,JOHNSON,Flash Flood,,,0,0,1.50M,0.00K,Emergency Manager,"The combination of a stalled frontal boundary, jet streak dynamics, and an upper level disturbance sweeping across Wyoming created the conditions necessary to produce severe thunderstorms in central Wyoming. A moisture-laden atmosphere also set the stage for flash flooding. Johnson County took the brunt of the heavy rainfall and flash flooding on Wednesday evening, June 3. Both the city of Buffalo and Interstate 90 were severely impacted by flood waters. Roads were closed, homes damaged or destroyed, and at least a few public buildings damaged. To the south and west, there were multiple reports of large hail in Fremont and Natrona counties.","The last in a series of thunderstorms on Wednesday, June 3, brought very heavy rain to Buffalo and the surrounding area. The ASOS at Johnson County Airport measured 0.98 inches of rain in less than 25 minutes as the storm moved north and then stalled over Buffalo. The ASOS recorded a grand total of 1.26 inches in less than one hour. Saturated soils were unable to absorb the rain which quickly ran through the streets of Buffalo and filled area creeks. Five Buffalo homes were declared destroyed, and the senior center and BLM office sustained flood damage. Some reports indicated water four feet deep in low-lying areas. The water was running fast enough to lift and carry the top layer of pavement on a couple of Buffalo streets. A few county roads and some private bridges were washed out due to culvert failures as a result of the raging flood waters."
WY-SOE-2015-06-05,,Matt Mead,"Declaration of emergency for flooding and mudslides in Niobrara and Johnson counties and road closures near Cody, in Wind River Canyon and on Togwotee Pass.",2015-06-05,https://www.sweetwaternow.com/?p=74750,591684,95143,2015-06-03 23:00:00,2015-06-04 02:00:00,C,county/county-equivalent,19,JOHNSON,Flash Flood,,,0,0,0.00K,0.00K,River/Stream Gage,"The combination of a stalled frontal boundary, jet streak dynamics, and an upper level disturbance sweeping across Wyoming created the conditions necessary to produce severe thunderstorms in central Wyoming. A moisture-laden atmosphere also set the stage for flash flooding. Johnson County took the brunt of the heavy rainfall and flash flooding on Wednesday evening, June 3. Both the city of Buffalo and Interstate 90 were severely impacted by flood waters. Roads were closed, homes damaged or destroyed, and at least a few public buildings damaged. To the south and west, there were multiple reports of large hail in Fremont and Natrona counties.","Small tributaries feeding Salt Creek in southeast Johnson County were out of their banks as a result of an estimated three inches of rainfall on already saturated soils. Additional water upstream near Midwest, where 1.07 inches of rain fell in 30 minutes late Wednesday, June 3, moved downstream and exacerbated the rural flooding. The extreme run-off eventually caused rises of over one foot per hour on the much wider Powder River at Sussex."
WY-SOE-2015-06-05,,Matt Mead,"Declaration of emergency for flooding and mudslides in Niobrara and Johnson counties and road closures near Cody, in Wind River Canyon and on Togwotee Pass.",2015-06-05,https://www.sweetwaternow.com/?p=74750,571879,95174,2015-06-05 15:12:00,2015-06-05 19:25:00,C,county/county-equivalent,25,NATRONA,Flash Flood,,,0,0,0.00K,0.00K,Emergency Manager,"A persistent stalled frontal boundary and an upper level disturbance led to another day of severe weather and flooding across central Wyoming. Heavy rain fell on saturated soils in Natrona County and produced areas of flash flooding, especially west of Casper. The flooding closed US Highway 20/26 for several hours between Casper and Shoshoni. Other strong thunderstorms erupted to the west and northwest, with reports of nickel to half-dollar sized hail and flash flooding of some campsites at Medicine Lodge State Archaeological Site near Hyattville.",Slow-moving thunderstorms brought very heavy rain to areas west of Casper and led to flash flooding in several areas. The greatest impact was felt on US Highway 20/26 which was flooded in several locations and had to be closed between Casper and Shoshoni for several hours. The worst of the flooding was between mileposts 15 and 19 around Emerald Acres subdivision. Other flooding also occurred around Bucknum Road and 10 Mile Road. Portions of Poison Spider Road were also flooded and one home was surrounded by water.
WY-SOE-2015-06-05,,Matt Mead,"Declaration of emergency for flooding and mudslides in Niobrara and Johnson counties and road closures near Cody, in Wind River Canyon and on Togwotee Pass.",2015-06-05,https://www.sweetwaternow.com/?p=74750,589365,97731,2015-06-03 22:55:00,2015-06-04 04:00:00,C,county/county-equivalent,27,NIOBRARA,Flash Flood,,,0,0,0.00K,0.00K,Law Enforcement,Evening and late night thunderstorms produced large hail and very heavy rain over portions of east central and southeast Wyoming.  Flash flooding occurred in southern Niobrara County where four to eight inches of rain was observed.,Four to six inches of rain from a stationary thunderstorm resulted in flash flooding across southwest Niobrara County.  Highway 20 from Keeline to Manville was inundated with several feet of water.  A culvert on Highway 20 near Manville was washed out.  Law enforcement officials evacuated residents in Manville as well as along the swollen Niobrara River near Manville.
WY-SOE-2015-06-05,,Matt Mead,"Declaration of emergency for flooding and mudslides in Niobrara and Johnson counties and road closures near Cody, in Wind River Canyon and on Togwotee Pass.",2015-06-05,https://www.sweetwaternow.com/?p=74750,589431,97900,2015-06-04 01:15:00,2015-06-04 15:15:00,C,county/county-equivalent,27,NIOBRARA,Flash Flood,,,0,0,1.50M,0.00K,Emergency Manager,Thunderstorms across much of southeast Wyoming produced widespread large hail as well as some flash flooding from torrential rainfall.  The worst flooding occurred during the predawn hours across southern Niobrara County from Manville to Lusk to Van Tassel.,"As much as eight inches of rain fell from slow moving thunderstorms across south and southeast Niobrara County during the predawn hours, which resulted in widespread flash flooding.  Excessive runoff upstream into the Niobrara River and nearby creeks caused them to overflow their banks.  Law enforcement officials evacuated residents of Lusk as well as those living along the Niobrara River downstream to Van Tassel several hours in advance of the flood wave.  The worst damage occurred in Lusk where 20 to 30 homes and 15 to 20 businesses were destroyed.  Flood waters and debris rushed down Main Street in Lusk, swamped four blocks, and shut down the town's water supply.  The US Highway 85 bridge on the north side of Lusk collapsed onto the railroad tracks below.  Flash flooding closed a 20-mile stretch of US Highway 20 from Lusk to the Nebraska border, US Highway 85 from Lusk to the Goshen County line, and a 35-mile stretch of Highway 270 from Manville north to Lance Creek. WYDOT closed traffic into and out of Lusk, except for residents and emergency responders.  Various state agencies, including the Red Cross and Wyoming National Guard, assisted in the flood cleanup efforts.  A local command center was established at the Lusk Fairgrounds with water, food and shelter.  The governor declared a state of emergency for Niobrara County.  Fortunately, there were no injuries or fatalities."
WY-SOE-2015-06-05,,Matt Mead,"Declaration of emergency for flooding and mudslides in Niobrara and Johnson counties and road closures near Cody, in Wind River Canyon and on Togwotee Pass.",2015-06-05,https://www.sweetwaternow.com/?p=74750,571899,95179,2015-06-08 18:30:00,2015-06-13 06:30:00,C,county/county-equivalent,29,PARK,Flood,,,0,0,0.00K,0.00K,River/Stream Gage,Warm temperatures led to melting snow in the higher elevations of the Absaroka Range southwest of Cody. Daily snowmelt led to late evening rises on the South Fork of the Shoshone River near Valley. Flood waters were confined to low-lying areas nearest the river and there was no damage to homes or infrastructure.,"The river gauge on the South Fork of the Shoshone River near Valley reached or topped flood stage three separate times due to diurnal fluctuations between the evening of June 8 and the morning of June 13. Water levels typically peaked around midnight with a crest of 8.43 feet at 0015MST on Thursday, June 11."
WY-SOE-2015-06-05,,Matt Mead,"Declaration of emergency for flooding and mudslides in Niobrara and Johnson counties and road closures near Cody, in Wind River Canyon and on Togwotee Pass.",2015-06-05,https://www.sweetwaternow.com/?p=74750,588989,97900,2015-06-04 19:55:00,2015-06-04 20:55:00,C,county/county-equivalent,31,PLATTE,Flash Flood,,,0,0,0.00K,0.00K,Law Enforcement,Thunderstorms across much of southeast Wyoming produced widespread large hail as well as some flash flooding from torrential rainfall.  The worst flooding occurred during the predawn hours across southern Niobrara County from Manville to Lusk to Van Tassel.,"Two to four inches of rain in less than two hours caused flash flooding northwest of Wheatland.  More than six inches of water closed Fairview, Bluffview and Brookie Roads."
WY-SOE-2015-06-05,,Matt Mead,"Declaration of emergency for flooding and mudslides in Niobrara and Johnson counties and road closures near Cody, in Wind River Canyon and on Togwotee Pass.",2015-06-05,https://www.sweetwaternow.com/?p=74750,578802,96292,2015-06-05 18:15:00,2015-06-06 01:00:00,C,county/county-equivalent,33,SHERIDAN,Flash Flood,,,0,0,0.00K,0.00K,Law Enforcement,A very heavy and slow-moving thunderstorm produced flash flooding between Sheridan and Big Horn Wyoming.,"A very heavy thunderstorm moved over the Sheridan Foothills. As a result of the storm, Little Goose Creek and Maverick Creek breached their banks with fast moving water. Several roads were completely flooded and washed out. In addition, Bird Farm Road between Big Horn and Banner flooded. There was also a report of a foot of water that rushed into homes 6 miles south of Sheridan."
WY-SOE-2015-06-05,,Matt Mead,"Declaration of emergency for flooding and mudslides in Niobrara and Johnson counties and road closures near Cody, in Wind River Canyon and on Togwotee Pass.",2015-06-05,https://www.sweetwaternow.com/?p=74750,570126,94878,2015-06-04 01:15:00,2015-06-04 01:15:00,C,county/county-equivalent,45,WESTON,Thunderstorm Wind,52.0,EG,0,0,0.00K,0.00K,Trained Spotter,An early morning severe thunderstorm produced wind gusts around 60 mph in the Newcastle area.,Wind gusts were estimated at 60 mph.
WY-SOE-2017-02-10,,Matt Mead,"Executive order declaring an emergency for severe weather and flooding from river ice jams in Fremont, Teton and Washakie counties.",2017-02-10,https://kowb1290.com/wyoming-governor-declares-state-of-emergency-due-to-flooding-severe-weather/,678397,113378,2017-02-10 06:00:00,2017-02-23 06:00:00,C,county/county-equivalent,3,BIG HORN,Flood,,,0,0,0.00K,0.00K,Emergency Manager,"A rapid warm up following several weeks of below normal temperatures and above average snowfall led to flooding along the Big Horn River in Washakie and Big Horn Counties. The result was rapidly rising rivers due to ice jams from rivers breaking up as well as rapid snow melt. The Worland area was the hardest hit area. Over 100 homes were evacuated in low lying areas near the river in Worland as it rose to around 13.9 feet, well above flood stage. The water receded as the ice jam moved northward. Residents were allowed to return to their homes on the 14th but large ice blocks remained in neighborhoods for days afterward. The flooding then moved northward into Big Horn County. Minor flooding was reported from Basin north through Greybull. However, in these areas flooding was restricted to low lying areas and little or no property damage occurred. Over 100 National Guard members and firefighters were called in to sandbag and help shore up levees along the river.",Ice jams flowing northward out of Washakie County caused flooding in portions of Big Horn County along the Big Horn River from Manderson to Basin and north to Greybull. The flooding was mainly restricted to low lying areas along the river and caused little to no property damage.
WY-SOE-2017-02-10,,Matt Mead,"Executive order declaring an emergency for severe weather and flooding from river ice jams in Fremont, Teton and Washakie counties.",2017-02-10,https://kowb1290.com/wyoming-governor-declares-state-of-emergency-due-to-flooding-severe-weather/,676739,113101,2017-02-09 22:00:00,2017-02-10 02:00:00,C,county/county-equivalent,13,FREMONT,Flood,,,0,0,20.00K,0.00K,Emergency Manager,"During the night of February 9th, strong Chinook winds developed over the eastern Slope of the Wind River Mountains. Temperatures climbed into the 50s as a result. These warm temperatures and strong winds brought rapid snowmelt of a deep snow pack and ice jams that produced flooding around portions of the Lander Foothills and Wind River Basin. In Lander, areas bordering Squaw Creek saw rapid increases in water levels. Water surrounded the Baldwin Creek Elementary School and flooded the Lander Museum and a few other local businesses. Some homes along Smith Road were evacuated. Rapid runoff and ice jams also caused flooding along the Little Popo Agie River. Homes in the flood prone areas of Lyons Valley flooded. The ice jams also caused rapid water rises and flooding in the northern and western portions of Hudson, where many homes and roads were flooded.","Chinook winds warmed temperatures into the 50s early in the morning on the 10th and caused rapid snow melt that caused flooding in Lander. The flooding was concentrated around Baldwin Creek. Highway 287 between Lander and Fort Washakie was shut down for several hours. Water also flooded Smith Road, Main Street and Tweed Lane at times. Water surrounded some homes and forced a few evacuations. A few businesses as well as the Lander Museum experienced minor flooding during the event."
WY-SOE-2017-02-10,,Matt Mead,"Executive order declaring an emergency for severe weather and flooding from river ice jams in Fremont, Teton and Washakie counties.",2017-02-10,https://kowb1290.com/wyoming-governor-declares-state-of-emergency-due-to-flooding-severe-weather/,676741,113101,2017-02-10 03:00:00,2017-02-11 10:00:00,C,county/county-equivalent,13,FREMONT,Flood,,,0,0,100.00K,0.00K,Emergency Manager,"During the night of February 9th, strong Chinook winds developed over the eastern Slope of the Wind River Mountains. Temperatures climbed into the 50s as a result. These warm temperatures and strong winds brought rapid snowmelt of a deep snow pack and ice jams that produced flooding around portions of the Lander Foothills and Wind River Basin. In Lander, areas bordering Squaw Creek saw rapid increases in water levels. Water surrounded the Baldwin Creek Elementary School and flooded the Lander Museum and a few other local businesses. Some homes along Smith Road were evacuated. Rapid runoff and ice jams also caused flooding along the Little Popo Agie River. Homes in the flood prone areas of Lyons Valley flooded. The ice jams also caused rapid water rises and flooding in the northern and western portions of Hudson, where many homes and roads were flooded.","Chinook winds caused rapid snow melt in the Lander Foothills that brought rapid snow melt. The warm temperatures caused rapid snow melt that rapidly increased river levels. In addition, the frozen Little Popo Agie and Popo Agie rivers broke up rapidly and ice jams caused flooding of the flood prone areas in Lyons Valley. Many homes in the flood prone north and west sides of towns along with surrounding low lying areas were flooded. Many of the side roads in the aforementioned areas of Hudson also saw flooding and minor wash outs."
WY-SOE-2017-02-10,,Matt Mead,"Executive order declaring an emergency for severe weather and flooding from river ice jams in Fremont, Teton and Washakie counties.",2017-02-10,https://kowb1290.com/wyoming-governor-declares-state-of-emergency-due-to-flooding-severe-weather/,676740,113101,2017-02-10 05:00:00,2017-02-11 05:00:00,C,county/county-equivalent,13,FREMONT,Flood,,,0,0,0.00K,0.00K,Emergency Manager,"During the night of February 9th, strong Chinook winds developed over the eastern Slope of the Wind River Mountains. Temperatures climbed into the 50s as a result. These warm temperatures and strong winds brought rapid snowmelt of a deep snow pack and ice jams that produced flooding around portions of the Lander Foothills and Wind River Basin. In Lander, areas bordering Squaw Creek saw rapid increases in water levels. Water surrounded the Baldwin Creek Elementary School and flooded the Lander Museum and a few other local businesses. Some homes along Smith Road were evacuated. Rapid runoff and ice jams also caused flooding along the Little Popo Agie River. Homes in the flood prone areas of Lyons Valley flooded. The ice jams also caused rapid water rises and flooding in the northern and western portions of Hudson, where many homes and roads were flooded.","Chinook winds caused rapid snow melt in the Lander Foothills that brought rapid snow melt. The warm temperatures caused rapid snow melt that rapidly increased river levels. In addition, the frozen Little Popo Agie river broke up rapidly and ice jams caused flooding of the flood prone areas in Lyons Valley. Several homes and farms in the low lying areas experienced flooding and several side roads were flooded with a few washed out."
WY-SOE-2017-02-10,,Matt Mead,"Executive order declaring an emergency for severe weather and flooding from river ice jams in Fremont, Teton and Washakie counties.",2017-02-10,https://kowb1290.com/wyoming-governor-declares-state-of-emergency-due-to-flooding-severe-weather/,676742,113101,2017-02-10 05:00:00,2017-02-11 17:00:00,C,county/county-equivalent,13,FREMONT,Flood,,,0,0,0.00K,0.00K,River/Stream Gage,"During the night of February 9th, strong Chinook winds developed over the eastern Slope of the Wind River Mountains. Temperatures climbed into the 50s as a result. These warm temperatures and strong winds brought rapid snowmelt of a deep snow pack and ice jams that produced flooding around portions of the Lander Foothills and Wind River Basin. In Lander, areas bordering Squaw Creek saw rapid increases in water levels. Water surrounded the Baldwin Creek Elementary School and flooded the Lander Museum and a few other local businesses. Some homes along Smith Road were evacuated. Rapid runoff and ice jams also caused flooding along the Little Popo Agie River. Homes in the flood prone areas of Lyons Valley flooded. The ice jams also caused rapid water rises and flooding in the northern and western portions of Hudson, where many homes and roads were flooded.","A combination of rapid snow melt from a chinook wind and ice jams caused the Little Wind River near Riverton to rise to 10.8 feet, 2.8 feet above flood stage. The water for the most part remained in low lying areas and caused little damage."
WY-SOE-2017-02-10,,Matt Mead,"Executive order declaring an emergency for severe weather and flooding from river ice jams in Fremont, Teton and Washakie counties.",2017-02-10,https://kowb1290.com/wyoming-governor-declares-state-of-emergency-due-to-flooding-severe-weather/,676295,113076,2017-02-08 13:00:00,2017-02-10 09:00:00,C,county/county-equivalent,39,TETON,Heavy Rain,,,0,0,10.00K,0.00K,Newspaper,"The last of a series of potent Pacific storms moves through the area from February 8th through February 10th. This storm was warmer than the previous systems and much of the precipitation in the western valleys fell as rain rather than snow. This led to localized flooding of low lying areas, although no damage from flooding was reported. Very heavy snow fell again in the higher elevations, with Jackson Hole Ski resort picking up another 28 inches of snow with locations in Yellowstone Park, The Absarokas, Wind River Range and Salt and Wyoming Range picking up over a foot of new snow. Up to 2 inches of rain fell in the western valleys. Rain falling on a heavy snow load caused minor damage to some buildings in Jackson, including the police station. In addition, the heavy wet snow caused numerous avalanches that closed Teton Pass as well as Hoback Junction at times for several days. Meanwhile, East of the Divide very strong mid level winds and the right front quadrant of a 150 knot jet streak brought very strong winds to some areas. The strongest winds occurred over the Cody Foothills. There was numerous gusts of hurricane force near Clark including a maximum gust of 118 mph! Wind gusts past 60 mph were also reported in Fremont and Natrona Counties.","Up to two inches of rain fell onto deep snow pack in the Jackson Valley. The very heavy weight on roofs caused some minor damage to buildings, including to the police station. The rain also caused rapid snow melt that led to areas of minor flooding."
WY-SOE-2017-02-10,,Matt Mead,"Executive order declaring an emergency for severe weather and flooding from river ice jams in Fremont, Teton and Washakie counties.",2017-02-10,https://kowb1290.com/wyoming-governor-declares-state-of-emergency-due-to-flooding-severe-weather/,678393,113378,2017-02-10 06:00:00,2017-02-15 06:00:00,C,county/county-equivalent,43,WASHAKIE,Flood,,,0,0,100.00K,0.00K,Emergency Manager,"A rapid warm up following several weeks of below normal temperatures and above average snowfall led to flooding along the Big Horn River in Washakie and Big Horn Counties. The result was rapidly rising rivers due to ice jams from rivers breaking up as well as rapid snow melt. The Worland area was the hardest hit area. Over 100 homes were evacuated in low lying areas near the river in Worland as it rose to around 13.9 feet, well above flood stage. The water receded as the ice jam moved northward. Residents were allowed to return to their homes on the 14th but large ice blocks remained in neighborhoods for days afterward. The flooding then moved northward into Big Horn County. Minor flooding was reported from Basin north through Greybull. However, in these areas flooding was restricted to low lying areas and little or no property damage occurred. Over 100 National Guard members and firefighters were called in to sandbag and help shore up levees along the river.","Rapidly warming temperatures after a prolonged cold spell, rapidly melted snow in the Big Horn Basin. This, combined with the frozen Big Horn River breaking up, produced flooding in Washakie County, especially in the vicinity of Worland. Over 100 homes were evacuated in the low lying residential areas along the river. Some residents were out of their homes for three days before finally being allowed back as the water receded on February 14th. The water receded after February 15th as the ice jam moved northward into Big Horn County."
WY-SOE-2017-02-10,,Matt Mead,"Executive order declaring an emergency for severe weather and flooding from river ice jams in Fremont, Teton and Washakie counties.",2017-02-10,https://kowb1290.com/wyoming-governor-declares-state-of-emergency-due-to-flooding-severe-weather/,676297,113076,2017-02-08 13:00:00,2017-02-10 10:00:00,Z,NWS forecast zone,2,ABSAROKA MOUNTAINS,Winter Storm,,,0,0,0.00K,0.00K,SNOTEL,"The last of a series of potent Pacific storms moves through the area from February 8th through February 10th. This storm was warmer than the previous systems and much of the precipitation in the western valleys fell as rain rather than snow. This led to localized flooding of low lying areas, although no damage from flooding was reported. Very heavy snow fell again in the higher elevations, with Jackson Hole Ski resort picking up another 28 inches of snow with locations in Yellowstone Park, The Absarokas, Wind River Range and Salt and Wyoming Range picking up over a foot of new snow. Up to 2 inches of rain fell in the western valleys. Rain falling on a heavy snow load caused minor damage to some buildings in Jackson, including the police station. In addition, the heavy wet snow caused numerous avalanches that closed Teton Pass as well as Hoback Junction at times for several days. Meanwhile, East of the Divide very strong mid level winds and the right front quadrant of a 150 knot jet streak brought very strong winds to some areas. The strongest winds occurred over the Cody Foothills. There was numerous gusts of hurricane force near Clark including a maximum gust of 118 mph! Wind gusts past 60 mph were also reported in Fremont and Natrona Counties.",Heavy snow fell in portions of the Absarokas. The SNOTEL site at Beartooth Lake had 17 inches of new snow.
WY-SOE-2017-02-10,,Matt Mead,"Executive order declaring an emergency for severe weather and flooding from river ice jams in Fremont, Teton and Washakie counties.",2017-02-10,https://kowb1290.com/wyoming-governor-declares-state-of-emergency-due-to-flooding-severe-weather/,685543,114390,2017-02-07 14:25:00,2017-02-07 15:30:00,Z,NWS forecast zone,109,CENTRAL CARBON COUNTY,High Wind,35.0,MS,0,0,0.00K,0.00K,Department of Highways,A prolonged and active jet stream produced several periods of high winds throughout most of southeast Wyoming through the week.  Frequent gusts of 65 to 85 mph were observed.,The WYDOT sensor at Walcott Junction measured sustained winds of 40 mph or higher.
WY-SOE-2017-02-10,,Matt Mead,"Executive order declaring an emergency for severe weather and flooding from river ice jams in Fremont, Teton and Washakie counties.",2017-02-10,https://kowb1290.com/wyoming-governor-declares-state-of-emergency-due-to-flooding-severe-weather/,685542,114390,2017-02-07 14:35:00,2017-02-07 15:35:00,Z,NWS forecast zone,109,CENTRAL CARBON COUNTY,High Wind,35.0,MS,0,0,0.00K,0.00K,ASOS,A prolonged and active jet stream produced several periods of high winds throughout most of southeast Wyoming through the week.  Frequent gusts of 65 to 85 mph were observed.,"The wind sensor at the Rawlins Airport measured sustained winds of 40 mph or higher, with a peak gust of 60 mph at 07/1453 MST."
WY-SOE-2017-02-10,,Matt Mead,"Executive order declaring an emergency for severe weather and flooding from river ice jams in Fremont, Teton and Washakie counties.",2017-02-10,https://kowb1290.com/wyoming-governor-declares-state-of-emergency-due-to-flooding-severe-weather/,685544,114390,2017-02-07 23:45:00,2017-02-08 00:45:00,Z,NWS forecast zone,109,CENTRAL CARBON COUNTY,High Wind,35.0,MS,0,0,0.00K,0.00K,Department of Highways,A prolonged and active jet stream produced several periods of high winds throughout most of southeast Wyoming through the week.  Frequent gusts of 65 to 85 mph were observed.,"The WYDOT sensor at Walcott Junction measured sustained winds of 40 mph or higher, with a peak gust of 62 mph at 08/0005 MST."
WY-SOE-2017-02-10,,Matt Mead,"Executive order declaring an emergency for severe weather and flooding from river ice jams in Fremont, Teton and Washakie counties.",2017-02-10,https://kowb1290.com/wyoming-governor-declares-state-of-emergency-due-to-flooding-severe-weather/,685574,114390,2017-02-10 11:40:00,2017-02-10 13:50:00,Z,NWS forecast zone,109,CENTRAL CARBON COUNTY,High Wind,35.0,MS,0,0,0.00K,0.00K,Department of Highways,A prolonged and active jet stream produced several periods of high winds throughout most of southeast Wyoming through the week.  Frequent gusts of 65 to 85 mph were observed.,The WYDOT sensor at Walcott Junction measured sustained winds of 40 mph or higher.
WY-SOE-2017-02-10,,Matt Mead,"Executive order declaring an emergency for severe weather and flooding from river ice jams in Fremont, Teton and Washakie counties.",2017-02-10,https://kowb1290.com/wyoming-governor-declares-state-of-emergency-due-to-flooding-severe-weather/,685532,114390,2017-02-08 00:15:00,2017-02-08 00:55:00,Z,NWS forecast zone,106,CENTRAL LARAMIE RANGE AND SOUTHWEST PLATTE COUNTY,High Wind,55.0,MG,0,0,0.00K,0.00K,Department of Highways,A prolonged and active jet stream produced several periods of high winds throughout most of southeast Wyoming through the week.  Frequent gusts of 65 to 85 mph were observed.,"The WYDOT sensor at Bordeaux measured wind gusts of 58 mph or higher, with a peak gust of 63 mph at 08/0045 MST."
WY-SOE-2017-02-10,,Matt Mead,"Executive order declaring an emergency for severe weather and flooding from river ice jams in Fremont, Teton and Washakie counties.",2017-02-10,https://kowb1290.com/wyoming-governor-declares-state-of-emergency-due-to-flooding-severe-weather/,685534,114390,2017-02-09 10:10:00,2017-02-09 14:15:00,Z,NWS forecast zone,106,CENTRAL LARAMIE RANGE AND SOUTHWEST PLATTE COUNTY,High Wind,63.0,MG,0,0,0.00K,0.00K,Department of Highways,A prolonged and active jet stream produced several periods of high winds throughout most of southeast Wyoming through the week.  Frequent gusts of 65 to 85 mph were observed.,"The WYDOT sensor at Bordeaux measured wind gusts of 58 mph or higher, with a peak gust of 72 mph at 09/1110 MST."
WY-SOE-2017-02-10,,Matt Mead,"Executive order declaring an emergency for severe weather and flooding from river ice jams in Fremont, Teton and Washakie counties.",2017-02-10,https://kowb1290.com/wyoming-governor-declares-state-of-emergency-due-to-flooding-severe-weather/,685536,114390,2017-02-10 12:05:00,2017-02-10 17:05:00,Z,NWS forecast zone,106,CENTRAL LARAMIE RANGE AND SOUTHWEST PLATTE COUNTY,High Wind,80.0,MG,0,0,0.00K,0.00K,Department of Highways,A prolonged and active jet stream produced several periods of high winds throughout most of southeast Wyoming through the week.  Frequent gusts of 65 to 85 mph were observed.,"The WYDOT sensor at Bordeaux measured wind gusts of 58 mph or higher, with a peak gust of 92 mph at 10/1325 MST."
WY-SOE-2017-02-10,,Matt Mead,"Executive order declaring an emergency for severe weather and flooding from river ice jams in Fremont, Teton and Washakie counties.",2017-02-10,https://kowb1290.com/wyoming-governor-declares-state-of-emergency-due-to-flooding-severe-weather/,676306,113076,2017-02-09 12:34:00,2017-02-09 23:34:00,Z,NWS forecast zone,3,CODY FOOTHILLS,High Wind,103.0,MG,0,0,0.00K,0.00K,Mesonet,"The last of a series of potent Pacific storms moves through the area from February 8th through February 10th. This storm was warmer than the previous systems and much of the precipitation in the western valleys fell as rain rather than snow. This led to localized flooding of low lying areas, although no damage from flooding was reported. Very heavy snow fell again in the higher elevations, with Jackson Hole Ski resort picking up another 28 inches of snow with locations in Yellowstone Park, The Absarokas, Wind River Range and Salt and Wyoming Range picking up over a foot of new snow. Up to 2 inches of rain fell in the western valleys. Rain falling on a heavy snow load caused minor damage to some buildings in Jackson, including the police station. In addition, the heavy wet snow caused numerous avalanches that closed Teton Pass as well as Hoback Junction at times for several days. Meanwhile, East of the Divide very strong mid level winds and the right front quadrant of a 150 knot jet streak brought very strong winds to some areas. The strongest winds occurred over the Cody Foothills. There was numerous gusts of hurricane force near Clark including a maximum gust of 118 mph! Wind gusts past 60 mph were also reported in Fremont and Natrona Counties.",Extreme winds occurred in the Cody Foothills around Clark. One wind sensor 5 miles WNW of Clark recorded many wind gusts of hurricane force including a maximum gust of 118 mph! A wind sensor to the south of Clark had a maximum gust of 87 mph.
WY-SOE-2017-02-10,,Matt Mead,"Executive order declaring an emergency for severe weather and flooding from river ice jams in Fremont, Teton and Washakie counties.",2017-02-10,https://kowb1290.com/wyoming-governor-declares-state-of-emergency-due-to-flooding-severe-weather/,676037,112977,2017-02-07 15:33:00,2017-02-07 23:41:00,Z,NWS forecast zone,30,EAST SWEETWATER COUNTY,High Wind,60.0,MG,0,0,0.00K,0.00K,ASOS,"A combination of a strong Pacific trough and cold front, an ample supply of moisture combined to bring very heavy snow to much of western Wyoming. The highest amounts fell in the Tetons where almost 3 feet of new snow occurred at the Jackson Hole Ski resort. Heavy snow also fell in the Salt and Wyoming Range where 32 inches of snow occurred at the Indian Creek SNOTEL. Other heavy snowfall amounts included 25 inches at Deer Creek in the Wind River Range, 18 inches at Two Oceans Plateau in Yellowstone, 16 inches near Wilson, and 8 inches in Cody Alpine. The heavy snow combined with gusty winds to produce very low visibility and avalanches that shut down many roads including Teton Pass, Hoback Junction and South Pass. In Jackson, the heavy snow load caused the collapse of the roof onto the Sears Department Store. In addition, strong winds occurred on the evening of the 7th. These strong winds combined with heavy wet snow to down 17 power poles along Highway 390. This led to a power outage that lasted through the 11th. In addition, Jackson Hole Ski Resort was shut down for several days due to the power loss. Meanwhile, strong wind occurred east of the Divide and across southern Wyoming. The maximum wind gusts included 96 mph at Camp Creek in the Green and Rattlesnake Range, 72 mph near Lander and 65 mph along Outer Drive south of Casper.",High winds blew across portions of Eastern Sweetwater County. The maximum wind gust at the Rock Springs airport was 60 mph.
WY-SOE-2017-02-10,,Matt Mead,"Executive order declaring an emergency for severe weather and flooding from river ice jams in Fremont, Teton and Washakie counties.",2017-02-10,https://kowb1290.com/wyoming-governor-declares-state-of-emergency-due-to-flooding-severe-weather/,676035,112977,2017-02-07 15:50:00,2017-02-08 10:00:00,Z,NWS forecast zone,19,GREEN MOUNTAINS & RATTLESNAKE RANGE,High Wind,94.0,MG,0,0,0.00K,0.00K,RAWS,"A combination of a strong Pacific trough and cold front, an ample supply of moisture combined to bring very heavy snow to much of western Wyoming. The highest amounts fell in the Tetons where almost 3 feet of new snow occurred at the Jackson Hole Ski resort. Heavy snow also fell in the Salt and Wyoming Range where 32 inches of snow occurred at the Indian Creek SNOTEL. Other heavy snowfall amounts included 25 inches at Deer Creek in the Wind River Range, 18 inches at Two Oceans Plateau in Yellowstone, 16 inches near Wilson, and 8 inches in Cody Alpine. The heavy snow combined with gusty winds to produce very low visibility and avalanches that shut down many roads including Teton Pass, Hoback Junction and South Pass. In Jackson, the heavy snow load caused the collapse of the roof onto the Sears Department Store. In addition, strong winds occurred on the evening of the 7th. These strong winds combined with heavy wet snow to down 17 power poles along Highway 390. This led to a power outage that lasted through the 11th. In addition, Jackson Hole Ski Resort was shut down for several days due to the power loss. Meanwhile, strong wind occurred east of the Divide and across southern Wyoming. The maximum wind gusts included 96 mph at Camp Creek in the Green and Rattlesnake Range, 72 mph near Lander and 65 mph along Outer Drive south of Casper.",High winds were recorded in many locations through the Green and Rattlesnake Range. The windiest spot was Camp Creek where a maximum wind gust of 94 mph was recorded.
WY-SOE-2017-02-10,,Matt Mead,"Executive order declaring an emergency for severe weather and flooding from river ice jams in Fremont, Teton and Washakie counties.",2017-02-10,https://kowb1290.com/wyoming-governor-declares-state-of-emergency-due-to-flooding-severe-weather/,676304,113076,2017-02-08 13:00:00,2017-02-10 04:50:00,Z,NWS forecast zone,19,GREEN MOUNTAINS & RATTLESNAKE RANGE,High Wind,71.0,MG,0,0,0.00K,0.00K,RAWS,"The last of a series of potent Pacific storms moves through the area from February 8th through February 10th. This storm was warmer than the previous systems and much of the precipitation in the western valleys fell as rain rather than snow. This led to localized flooding of low lying areas, although no damage from flooding was reported. Very heavy snow fell again in the higher elevations, with Jackson Hole Ski resort picking up another 28 inches of snow with locations in Yellowstone Park, The Absarokas, Wind River Range and Salt and Wyoming Range picking up over a foot of new snow. Up to 2 inches of rain fell in the western valleys. Rain falling on a heavy snow load caused minor damage to some buildings in Jackson, including the police station. In addition, the heavy wet snow caused numerous avalanches that closed Teton Pass as well as Hoback Junction at times for several days. Meanwhile, East of the Divide very strong mid level winds and the right front quadrant of a 150 knot jet streak brought very strong winds to some areas. The strongest winds occurred over the Cody Foothills. There was numerous gusts of hurricane force near Clark including a maximum gust of 118 mph! Wind gusts past 60 mph were also reported in Fremont and Natrona Counties.","Strong winds blew across much of the Green and Rattlesnake Range. At the RAWs at Camp Creek, there were many wind gusts past 60 mph, including a maximum of 82 mph."
WY-SOE-2017-02-10,,Matt Mead,"Executive order declaring an emergency for severe weather and flooding from river ice jams in Fremont, Teton and Washakie counties.",2017-02-10,https://kowb1290.com/wyoming-governor-declares-state-of-emergency-due-to-flooding-severe-weather/,676307,113076,2017-02-09 18:32:00,2017-02-10 00:02:00,Z,NWS forecast zone,18,LANDER FOOTHILLS,High Wind,60.0,MG,0,0,0.00K,0.00K,Mesonet,"The last of a series of potent Pacific storms moves through the area from February 8th through February 10th. This storm was warmer than the previous systems and much of the precipitation in the western valleys fell as rain rather than snow. This led to localized flooding of low lying areas, although no damage from flooding was reported. Very heavy snow fell again in the higher elevations, with Jackson Hole Ski resort picking up another 28 inches of snow with locations in Yellowstone Park, The Absarokas, Wind River Range and Salt and Wyoming Range picking up over a foot of new snow. Up to 2 inches of rain fell in the western valleys. Rain falling on a heavy snow load caused minor damage to some buildings in Jackson, including the police station. In addition, the heavy wet snow caused numerous avalanches that closed Teton Pass as well as Hoback Junction at times for several days. Meanwhile, East of the Divide very strong mid level winds and the right front quadrant of a 150 knot jet streak brought very strong winds to some areas. The strongest winds occurred over the Cody Foothills. There was numerous gusts of hurricane force near Clark including a maximum gust of 118 mph! Wind gusts past 60 mph were also reported in Fremont and Natrona Counties.",High wind blew for several hours in Sinks Canyon State Park. The weather station had several gusts over 58 mph including a maximum of 69 mph.
WY-SOE-2017-02-10,,Matt Mead,"Executive order declaring an emergency for severe weather and flooding from river ice jams in Fremont, Teton and Washakie counties.",2017-02-10,https://kowb1290.com/wyoming-governor-declares-state-of-emergency-due-to-flooding-severe-weather/,685854,114390,2017-02-07 16:20:00,2017-02-08 05:40:00,Z,NWS forecast zone,115,LARAMIE VALLEY,High Wind,35.0,MS,0,0,0.00K,0.00K,Department of Highways,A prolonged and active jet stream produced several periods of high winds throughout most of southeast Wyoming through the week.  Frequent gusts of 65 to 85 mph were observed.,"The WYDOT sensor at Quealy Dome measured sustained winds of 40 mph or higher, with a peak gust of 76 mph at 08/0125 MST."
WY-SOE-2017-02-10,,Matt Mead,"Executive order declaring an emergency for severe weather and flooding from river ice jams in Fremont, Teton and Washakie counties.",2017-02-10,https://kowb1290.com/wyoming-governor-declares-state-of-emergency-due-to-flooding-severe-weather/,685847,114390,2017-02-07 16:50:00,2017-02-08 06:30:00,Z,NWS forecast zone,115,LARAMIE VALLEY,High Wind,35.0,MS,0,0,0.00K,0.00K,ASOS,A prolonged and active jet stream produced several periods of high winds throughout most of southeast Wyoming through the week.  Frequent gusts of 65 to 85 mph were observed.,"The wind sensor at the Laramie Airport measured sustained winds of 40 mph or higher, with a peak gust of 64 mph at 07/0353 MST."
WY-SOE-2017-02-10,,Matt Mead,"Executive order declaring an emergency for severe weather and flooding from river ice jams in Fremont, Teton and Washakie counties.",2017-02-10,https://kowb1290.com/wyoming-governor-declares-state-of-emergency-due-to-flooding-severe-weather/,685857,114390,2017-02-07 17:30:00,2017-02-08 01:30:00,Z,NWS forecast zone,115,LARAMIE VALLEY,High Wind,35.0,MS,0,0,0.00K,0.00K,Mesonet,A prolonged and active jet stream produced several periods of high winds throughout most of southeast Wyoming through the week.  Frequent gusts of 65 to 85 mph were observed.,"The UPR sensor at Rock River measured sustained winds of 40 mph or higher, with a peak gust of 87 mph at 07/2355 MST."
WY-SOE-2017-02-10,,Matt Mead,"Executive order declaring an emergency for severe weather and flooding from river ice jams in Fremont, Teton and Washakie counties.",2017-02-10,https://kowb1290.com/wyoming-governor-declares-state-of-emergency-due-to-flooding-severe-weather/,685840,114390,2017-02-07 17:45:00,2017-02-08 04:25:00,Z,NWS forecast zone,115,LARAMIE VALLEY,High Wind,35.0,MS,0,0,0.00K,0.00K,Department of Highways,A prolonged and active jet stream produced several periods of high winds throughout most of southeast Wyoming through the week.  Frequent gusts of 65 to 85 mph were observed.,"The WYDOT sensor at Herrick Lane measured sustained winds of 40 mph or higher, with a peak gust of 71 mph at 08/0015 MST."
WY-SOE-2017-02-10,,Matt Mead,"Executive order declaring an emergency for severe weather and flooding from river ice jams in Fremont, Teton and Washakie counties.",2017-02-10,https://kowb1290.com/wyoming-governor-declares-state-of-emergency-due-to-flooding-severe-weather/,685842,114390,2017-02-09 11:00:00,2017-02-09 16:45:00,Z,NWS forecast zone,115,LARAMIE VALLEY,High Wind,35.0,MS,0,0,0.00K,0.00K,Department of Highways,A prolonged and active jet stream produced several periods of high winds throughout most of southeast Wyoming through the week.  Frequent gusts of 65 to 85 mph were observed.,"The WYDOT sensor at Herrick Lane measured sustained winds of 40 mph or higher, with a peak gust of 70 mph at 09/1835 MST."
WY-SOE-2017-02-10,,Matt Mead,"Executive order declaring an emergency for severe weather and flooding from river ice jams in Fremont, Teton and Washakie counties.",2017-02-10,https://kowb1290.com/wyoming-governor-declares-state-of-emergency-due-to-flooding-severe-weather/,685858,114390,2017-02-09 13:00:00,2017-02-10 15:55:00,Z,NWS forecast zone,115,LARAMIE VALLEY,High Wind,35.0,MS,0,0,0.00K,0.00K,Mesonet,A prolonged and active jet stream produced several periods of high winds throughout most of southeast Wyoming through the week.  Frequent gusts of 65 to 85 mph were observed.,"The UPR sensor at Rock River measured sustained winds of 40 mph or higher, with a peak gust of 76 mph at 10/1230 MST."
WY-SOE-2017-02-10,,Matt Mead,"Executive order declaring an emergency for severe weather and flooding from river ice jams in Fremont, Teton and Washakie counties.",2017-02-10,https://kowb1290.com/wyoming-governor-declares-state-of-emergency-due-to-flooding-severe-weather/,685856,114390,2017-02-09 21:20:00,2017-02-10 15:00:00,Z,NWS forecast zone,115,LARAMIE VALLEY,High Wind,68.0,MG,0,0,0.00K,0.00K,Department of Highways,A prolonged and active jet stream produced several periods of high winds throughout most of southeast Wyoming through the week.  Frequent gusts of 65 to 85 mph were observed.,"The WYDOT sensor at Quealy Dome measured wind gusts of 58 mph or higher, with a peak gust of 78 mph at 10/0220 MST."
WY-SOE-2017-02-10,,Matt Mead,"Executive order declaring an emergency for severe weather and flooding from river ice jams in Fremont, Teton and Washakie counties.",2017-02-10,https://kowb1290.com/wyoming-governor-declares-state-of-emergency-due-to-flooding-severe-weather/,685844,114390,2017-02-10 04:20:00,2017-02-10 14:45:00,Z,NWS forecast zone,115,LARAMIE VALLEY,High Wind,35.0,MS,0,0,0.00K,0.00K,Department of Highways,A prolonged and active jet stream produced several periods of high winds throughout most of southeast Wyoming through the week.  Frequent gusts of 65 to 85 mph were observed.,"The WYDOT sensor at Herrick Lane measured sustained winds of 40 mph or higher, with a peak gust of 69 mph at 10/1035 MST."
WY-SOE-2017-02-10,,Matt Mead,"Executive order declaring an emergency for severe weather and flooding from river ice jams in Fremont, Teton and Washakie counties.",2017-02-10,https://kowb1290.com/wyoming-governor-declares-state-of-emergency-due-to-flooding-severe-weather/,685850,114390,2017-02-10 09:00:00,2017-02-10 11:00:00,Z,NWS forecast zone,115,LARAMIE VALLEY,High Wind,35.0,MS,0,0,0.00K,0.00K,ASOS,A prolonged and active jet stream produced several periods of high winds throughout most of southeast Wyoming through the week.  Frequent gusts of 65 to 85 mph were observed.,The wind sensor at the Laramie Airport measured sustained winds of 40 mph or higher.
WY-SOE-2017-02-10,,Matt Mead,"Executive order declaring an emergency for severe weather and flooding from river ice jams in Fremont, Teton and Washakie counties.",2017-02-10,https://kowb1290.com/wyoming-governor-declares-state-of-emergency-due-to-flooding-severe-weather/,676305,113076,2017-02-09 00:56:00,2017-02-10 05:16:00,Z,NWS forecast zone,20,NATRONA COUNTY LOWER ELEVATIONS,High Wind,60.0,MG,0,0,0.00K,0.00K,Mesonet,"The last of a series of potent Pacific storms moves through the area from February 8th through February 10th. This storm was warmer than the previous systems and much of the precipitation in the western valleys fell as rain rather than snow. This led to localized flooding of low lying areas, although no damage from flooding was reported. Very heavy snow fell again in the higher elevations, with Jackson Hole Ski resort picking up another 28 inches of snow with locations in Yellowstone Park, The Absarokas, Wind River Range and Salt and Wyoming Range picking up over a foot of new snow. Up to 2 inches of rain fell in the western valleys. Rain falling on a heavy snow load caused minor damage to some buildings in Jackson, including the police station. In addition, the heavy wet snow caused numerous avalanches that closed Teton Pass as well as Hoback Junction at times for several days. Meanwhile, East of the Divide very strong mid level winds and the right front quadrant of a 150 knot jet streak brought very strong winds to some areas. The strongest winds occurred over the Cody Foothills. There was numerous gusts of hurricane force near Clark including a maximum gust of 118 mph! Wind gusts past 60 mph were also reported in Fremont and Natrona Counties.","There were numerous wind gusts past 58 mph along Outer Drive south of Casper, including a maximum gust of 69 mph."
WY-SOE-2017-02-10,,Matt Mead,"Executive order declaring an emergency for severe weather and flooding from river ice jams in Fremont, Teton and Washakie counties.",2017-02-10,https://kowb1290.com/wyoming-governor-declares-state-of-emergency-due-to-flooding-severe-weather/,685585,114390,2017-02-07 13:05:00,2017-02-08 03:20:00,Z,NWS forecast zone,110,NORTH SNOWY RANGE FOOTHILLS,High Wind,66.0,MG,0,0,0.00K,0.00K,Department of Highways,A prolonged and active jet stream produced several periods of high winds throughout most of southeast Wyoming through the week.  Frequent gusts of 65 to 85 mph were observed.,"The WYDOT sensor at Halleck Ridge measured wind gusts of 58 mph or higher, with a peak gust of 75 mph at 07/1505 MST."
WY-SOE-2017-02-10,,Matt Mead,"Executive order declaring an emergency for severe weather and flooding from river ice jams in Fremont, Teton and Washakie counties.",2017-02-10,https://kowb1290.com/wyoming-governor-declares-state-of-emergency-due-to-flooding-severe-weather/,685576,114390,2017-02-07 13:50:00,2017-02-08 00:40:00,Z,NWS forecast zone,110,NORTH SNOWY RANGE FOOTHILLS,High Wind,35.0,MS,0,0,0.00K,0.00K,Department of Highways,A prolonged and active jet stream produced several periods of high winds throughout most of southeast Wyoming through the week.  Frequent gusts of 65 to 85 mph were observed.,"The WYDOT sensor at Elk Mountain measured sustained winds of 40 mph or higher, with a peak gust of 68 mph at 07/1410 MST."
WY-SOE-2017-02-10,,Matt Mead,"Executive order declaring an emergency for severe weather and flooding from river ice jams in Fremont, Teton and Washakie counties.",2017-02-10,https://kowb1290.com/wyoming-governor-declares-state-of-emergency-due-to-flooding-severe-weather/,685589,114390,2017-02-07 14:00:00,2017-02-08 01:40:00,Z,NWS forecast zone,110,NORTH SNOWY RANGE FOOTHILLS,High Wind,35.0,MS,0,0,0.00K,0.00K,Department of Highways,A prolonged and active jet stream produced several periods of high winds throughout most of southeast Wyoming through the week.  Frequent gusts of 65 to 85 mph were observed.,"The WYDOT sensor at Interstate 80 mile post 249 measured sustained winds of 40 mph or higher, with a peak gust of 68 mph at 07/1450 MST."
WY-SOE-2017-02-10,,Matt Mead,"Executive order declaring an emergency for severe weather and flooding from river ice jams in Fremont, Teton and Washakie counties.",2017-02-10,https://kowb1290.com/wyoming-governor-declares-state-of-emergency-due-to-flooding-severe-weather/,685570,114390,2017-02-07 14:45:00,2017-02-08 08:30:00,Z,NWS forecast zone,110,NORTH SNOWY RANGE FOOTHILLS,High Wind,35.0,MS,0,0,0.00K,0.00K,Department of Highways,A prolonged and active jet stream produced several periods of high winds throughout most of southeast Wyoming through the week.  Frequent gusts of 65 to 85 mph were observed.,"The WYDOT sensor at Cooper Cove measured sustained winds of 40 mph or higher, with a peak gust of 70 mph at 08/0400 MST."
WY-SOE-2017-02-10,,Matt Mead,"Executive order declaring an emergency for severe weather and flooding from river ice jams in Fremont, Teton and Washakie counties.",2017-02-10,https://kowb1290.com/wyoming-governor-declares-state-of-emergency-due-to-flooding-severe-weather/,685572,114390,2017-02-07 14:55:00,2017-02-08 00:45:00,Z,NWS forecast zone,110,NORTH SNOWY RANGE FOOTHILLS,High Wind,64.0,MG,0,0,0.00K,0.00K,Department of Highways,A prolonged and active jet stream produced several periods of high winds throughout most of southeast Wyoming through the week.  Frequent gusts of 65 to 85 mph were observed.,"The WYDOT sensor at County Road 402 measured wind gusts of 58 mph or higher, with a peak gust of 74 mph at 07/2300 MST."
WY-SOE-2017-02-10,,Matt Mead,"Executive order declaring an emergency for severe weather and flooding from river ice jams in Fremont, Teton and Washakie counties.",2017-02-10,https://kowb1290.com/wyoming-governor-declares-state-of-emergency-due-to-flooding-severe-weather/,685579,114390,2017-02-07 14:55:00,2017-02-08 01:35:00,Z,NWS forecast zone,110,NORTH SNOWY RANGE FOOTHILLS,High Wind,35.0,MS,0,0,0.00K,0.00K,AWOS,A prolonged and active jet stream produced several periods of high winds throughout most of southeast Wyoming through the week.  Frequent gusts of 65 to 85 mph were observed.,"The wind sensor at the Elk Mountain Airport measured sustained winds of 40 mph or higher, with a peak gust of 67 mph at 07/2150 MST."
WY-SOE-2017-02-10,,Matt Mead,"Executive order declaring an emergency for severe weather and flooding from river ice jams in Fremont, Teton and Washakie counties.",2017-02-10,https://kowb1290.com/wyoming-governor-declares-state-of-emergency-due-to-flooding-severe-weather/,685560,114390,2017-02-07 14:55:00,2017-02-08 04:15:00,Z,NWS forecast zone,110,NORTH SNOWY RANGE FOOTHILLS,High Wind,70.0,MG,0,0,0.00K,0.00K,Department of Highways,A prolonged and active jet stream produced several periods of high winds throughout most of southeast Wyoming through the week.  Frequent gusts of 65 to 85 mph were observed.,"The WYDOT sensor at Arlington measured wind gusts of 58 mph or higher, with a peak gust of 80 mph at 07/1715 MST."
WY-SOE-2017-02-10,,Matt Mead,"Executive order declaring an emergency for severe weather and flooding from river ice jams in Fremont, Teton and Washakie counties.",2017-02-10,https://kowb1290.com/wyoming-governor-declares-state-of-emergency-due-to-flooding-severe-weather/,685595,114390,2017-02-07 15:00:00,2017-02-08 06:00:00,Z,NWS forecast zone,110,NORTH SNOWY RANGE FOOTHILLS,High Wind,70.0,MG,0,0,0.00K,0.00K,Department of Highways,A prolonged and active jet stream produced several periods of high winds throughout most of southeast Wyoming through the week.  Frequent gusts of 65 to 85 mph were observed.,"The WYDOT sensor at Wagonhound measured wind gusts of 58 mph or higher, with a peak gust of 80 mph at 08/0010 MST."
WY-SOE-2017-02-10,,Matt Mead,"Executive order declaring an emergency for severe weather and flooding from river ice jams in Fremont, Teton and Washakie counties.",2017-02-10,https://kowb1290.com/wyoming-governor-declares-state-of-emergency-due-to-flooding-severe-weather/,685582,114390,2017-02-07 15:15:00,2017-02-08 12:45:00,Z,NWS forecast zone,110,NORTH SNOWY RANGE FOOTHILLS,High Wind,35.0,MS,0,0,0.00K,0.00K,Department of Highways,A prolonged and active jet stream produced several periods of high winds throughout most of southeast Wyoming through the week.  Frequent gusts of 65 to 85 mph were observed.,"The WYDOT sensor at Halleck Ridge measured sustained winds of 40 mph or higher, with a peak gust of 75 mph at 08/0020 MST."
WY-SOE-2017-02-10,,Matt Mead,"Executive order declaring an emergency for severe weather and flooding from river ice jams in Fremont, Teton and Washakie counties.",2017-02-10,https://kowb1290.com/wyoming-governor-declares-state-of-emergency-due-to-flooding-severe-weather/,685591,114390,2017-02-07 16:10:00,2017-02-07 18:45:00,Z,NWS forecast zone,110,NORTH SNOWY RANGE FOOTHILLS,High Wind,35.0,MS,0,0,0.00K,0.00K,Department of Highways,A prolonged and active jet stream produced several periods of high winds throughout most of southeast Wyoming through the week.  Frequent gusts of 65 to 85 mph were observed.,"The WYDOT sensor at Strouss Hill measured sustained winds of 40 mph or higher, with a peak gust of 65 mph at 07/1645 MST."
WY-SOE-2017-02-10,,Matt Mead,"Executive order declaring an emergency for severe weather and flooding from river ice jams in Fremont, Teton and Washakie counties.",2017-02-10,https://kowb1290.com/wyoming-governor-declares-state-of-emergency-due-to-flooding-severe-weather/,685551,114390,2017-02-07 16:40:00,2017-02-08 02:00:00,Z,NWS forecast zone,110,NORTH SNOWY RANGE FOOTHILLS,High Wind,35.0,MS,0,0,0.00K,0.00K,Department of Highways,A prolonged and active jet stream produced several periods of high winds throughout most of southeast Wyoming through the week.  Frequent gusts of 65 to 85 mph were observed.,"The WYDOT sensor at Arlington East measured sustained winds of 40 mph or higher, with a peak gust of 69 mph at 08/0135 MST."
WY-SOE-2017-02-10,,Matt Mead,"Executive order declaring an emergency for severe weather and flooding from river ice jams in Fremont, Teton and Washakie counties.",2017-02-10,https://kowb1290.com/wyoming-governor-declares-state-of-emergency-due-to-flooding-severe-weather/,685592,114390,2017-02-07 22:00:00,2017-02-08 04:00:00,Z,NWS forecast zone,110,NORTH SNOWY RANGE FOOTHILLS,High Wind,62.0,MG,0,0,0.00K,0.00K,Department of Highways,A prolonged and active jet stream produced several periods of high winds throughout most of southeast Wyoming through the week.  Frequent gusts of 65 to 85 mph were observed.,"The WYDOT sensor at Strouss Hill measured wind gusts of 58 mph or higher, with a peak gust of 71 mph at 08/0020 MST."
WY-SOE-2017-02-10,,Matt Mead,"Executive order declaring an emergency for severe weather and flooding from river ice jams in Fremont, Teton and Washakie counties.",2017-02-10,https://kowb1290.com/wyoming-governor-declares-state-of-emergency-due-to-flooding-severe-weather/,685573,114390,2017-02-07 23:00:00,2017-02-08 00:35:00,Z,NWS forecast zone,110,NORTH SNOWY RANGE FOOTHILLS,High Wind,35.0,MS,0,0,0.00K,0.00K,Department of Highways,A prolonged and active jet stream produced several periods of high winds throughout most of southeast Wyoming through the week.  Frequent gusts of 65 to 85 mph were observed.,"The WYDOT sensor at Dana Ridge measured sustained winds of 40 mph or higher, with a peak gust of 67 mph at 07/2350 MST."
WY-SOE-2017-02-10,,Matt Mead,"Executive order declaring an emergency for severe weather and flooding from river ice jams in Fremont, Teton and Washakie counties.",2017-02-10,https://kowb1290.com/wyoming-governor-declares-state-of-emergency-due-to-flooding-severe-weather/,685586,114390,2017-02-08 05:35:00,2017-02-08 10:25:00,Z,NWS forecast zone,110,NORTH SNOWY RANGE FOOTHILLS,High Wind,35.0,MS,0,0,0.00K,0.00K,Department of Highways,A prolonged and active jet stream produced several periods of high winds throughout most of southeast Wyoming through the week.  Frequent gusts of 65 to 85 mph were observed.,"The WYDOT sensor at Foote Creek measured sustained winds of 40 mph or higher, with a peak gust of 60 mph at 08/0655 MST."
WY-SOE-2017-02-10,,Matt Mead,"Executive order declaring an emergency for severe weather and flooding from river ice jams in Fremont, Teton and Washakie counties.",2017-02-10,https://kowb1290.com/wyoming-governor-declares-state-of-emergency-due-to-flooding-severe-weather/,685565,114390,2017-02-08 08:35:00,2017-02-08 16:45:00,Z,NWS forecast zone,110,NORTH SNOWY RANGE FOOTHILLS,High Wind,35.0,MS,0,0,0.00K,0.00K,Department of Highways,A prolonged and active jet stream produced several periods of high winds throughout most of southeast Wyoming through the week.  Frequent gusts of 65 to 85 mph were observed.,"The WYDOT sensor at Arlington measured sustained winds of 40 mph or higher, with a peak gust of 64 mph at 08/1335 MST."
WY-SOE-2017-02-10,,Matt Mead,"Executive order declaring an emergency for severe weather and flooding from river ice jams in Fremont, Teton and Washakie counties.",2017-02-10,https://kowb1290.com/wyoming-governor-declares-state-of-emergency-due-to-flooding-severe-weather/,685596,114390,2017-02-08 10:00:00,2017-02-08 15:30:00,Z,NWS forecast zone,110,NORTH SNOWY RANGE FOOTHILLS,High Wind,35.0,MS,0,0,0.00K,0.00K,Department of Highways,A prolonged and active jet stream produced several periods of high winds throughout most of southeast Wyoming through the week.  Frequent gusts of 65 to 85 mph were observed.,The WYDOT sensor at Wagonhound measured sustained winds of 40 mph or higher.
WY-SOE-2017-02-10,,Matt Mead,"Executive order declaring an emergency for severe weather and flooding from river ice jams in Fremont, Teton and Washakie counties.",2017-02-10,https://kowb1290.com/wyoming-governor-declares-state-of-emergency-due-to-flooding-severe-weather/,685567,114390,2017-02-09 10:05:00,2017-02-09 22:30:00,Z,NWS forecast zone,110,NORTH SNOWY RANGE FOOTHILLS,High Wind,35.0,MS,0,0,0.00K,0.00K,Department of Highways,A prolonged and active jet stream produced several periods of high winds throughout most of southeast Wyoming through the week.  Frequent gusts of 65 to 85 mph were observed.,"The WYDOT sensor at Arlington measured sustained winds of 40 mph or higher, with a peak gust of 71 mph at 09/2225 MST."
WY-SOE-2017-02-10,,Matt Mead,"Executive order declaring an emergency for severe weather and flooding from river ice jams in Fremont, Teton and Washakie counties.",2017-02-10,https://kowb1290.com/wyoming-governor-declares-state-of-emergency-due-to-flooding-severe-weather/,685571,114390,2017-02-09 10:35:00,2017-02-10 15:35:00,Z,NWS forecast zone,110,NORTH SNOWY RANGE FOOTHILLS,High Wind,35.0,MS,0,0,0.00K,0.00K,Department of Highways,A prolonged and active jet stream produced several periods of high winds throughout most of southeast Wyoming through the week.  Frequent gusts of 65 to 85 mph were observed.,"The WYDOT sensor at Cooper Cove measured sustained winds of 40 mph or higher, with a peak gust of 75 mph at 09/2205 MST."
WY-SOE-2017-02-10,,Matt Mead,"Executive order declaring an emergency for severe weather and flooding from river ice jams in Fremont, Teton and Washakie counties.",2017-02-10,https://kowb1290.com/wyoming-governor-declares-state-of-emergency-due-to-flooding-severe-weather/,685580,114390,2017-02-09 18:35:00,2017-02-09 22:35:00,Z,NWS forecast zone,110,NORTH SNOWY RANGE FOOTHILLS,High Wind,35.0,MS,0,0,0.00K,0.00K,AWOS,A prolonged and active jet stream produced several periods of high winds throughout most of southeast Wyoming through the week.  Frequent gusts of 65 to 85 mph were observed.,"The wind sensor at the Elk Mountain Airport measured sustained winds of 40 mph or higher, with a peak gust of 70 mph at 09/2115 MST."
WY-SOE-2017-02-10,,Matt Mead,"Executive order declaring an emergency for severe weather and flooding from river ice jams in Fremont, Teton and Washakie counties.",2017-02-10,https://kowb1290.com/wyoming-governor-declares-state-of-emergency-due-to-flooding-severe-weather/,685577,114390,2017-02-09 19:00:00,2017-02-10 01:45:00,Z,NWS forecast zone,110,NORTH SNOWY RANGE FOOTHILLS,High Wind,35.0,MS,0,0,0.00K,0.00K,Department of Highways,A prolonged and active jet stream produced several periods of high winds throughout most of southeast Wyoming through the week.  Frequent gusts of 65 to 85 mph were observed.,"The WYDOT sensor at Elk Mountain measured sustained winds of 40 mph or higher, with a peak gust of 65 mph at 10/0135 MST."
WY-SOE-2017-02-10,,Matt Mead,"Executive order declaring an emergency for severe weather and flooding from river ice jams in Fremont, Teton and Washakie counties.",2017-02-10,https://kowb1290.com/wyoming-governor-declares-state-of-emergency-due-to-flooding-severe-weather/,685593,114390,2017-02-09 19:10:00,2017-02-10 03:40:00,Z,NWS forecast zone,110,NORTH SNOWY RANGE FOOTHILLS,High Wind,63.0,MG,0,0,0.00K,0.00K,Department of Highways,A prolonged and active jet stream produced several periods of high winds throughout most of southeast Wyoming through the week.  Frequent gusts of 65 to 85 mph were observed.,"The WYDOT sensor at Strouss Hill measured wind gusts of 58 mph or higher, with a peak gust of 73 mph at 10/0140 MST."
WY-SOE-2017-02-10,,Matt Mead,"Executive order declaring an emergency for severe weather and flooding from river ice jams in Fremont, Teton and Washakie counties.",2017-02-10,https://kowb1290.com/wyoming-governor-declares-state-of-emergency-due-to-flooding-severe-weather/,685597,114390,2017-02-09 20:20:00,2017-02-09 22:40:00,Z,NWS forecast zone,110,NORTH SNOWY RANGE FOOTHILLS,High Wind,35.0,MS,0,0,0.00K,0.00K,Department of Highways,A prolonged and active jet stream produced several periods of high winds throughout most of southeast Wyoming through the week.  Frequent gusts of 65 to 85 mph were observed.,"The WYDOT sensor at Wagonhound measured sustained winds of 40 mph or higher, with a peak gust of 59 mph at 09/2205 MST."
WY-SOE-2017-02-10,,Matt Mead,"Executive order declaring an emergency for severe weather and flooding from river ice jams in Fremont, Teton and Washakie counties.",2017-02-10,https://kowb1290.com/wyoming-governor-declares-state-of-emergency-due-to-flooding-severe-weather/,685583,114390,2017-02-09 20:35:00,2017-02-10 14:15:00,Z,NWS forecast zone,110,NORTH SNOWY RANGE FOOTHILLS,High Wind,35.0,MS,0,0,0.00K,0.00K,Department of Highways,A prolonged and active jet stream produced several periods of high winds throughout most of southeast Wyoming through the week.  Frequent gusts of 65 to 85 mph were observed.,"The WYDOT sensor at Foote Creek measured sustained winds of 40 mph or higher, with a peak gust of 62 mph at 10/1125 MST."
WY-SOE-2017-02-10,,Matt Mead,"Executive order declaring an emergency for severe weather and flooding from river ice jams in Fremont, Teton and Washakie counties.",2017-02-10,https://kowb1290.com/wyoming-governor-declares-state-of-emergency-due-to-flooding-severe-weather/,685590,114390,2017-02-09 20:40:00,2017-02-09 21:40:00,Z,NWS forecast zone,110,NORTH SNOWY RANGE FOOTHILLS,High Wind,35.0,MS,0,0,0.00K,0.00K,Department of Highways,A prolonged and active jet stream produced several periods of high winds throughout most of southeast Wyoming through the week.  Frequent gusts of 65 to 85 mph were observed.,"The WYDOT sensor at Interstate 80 mile post 249 measured sustained winds of 40 mph or higher, with a peak gust of 67 mph at 09/2110 MST."
WY-SOE-2017-02-10,,Matt Mead,"Executive order declaring an emergency for severe weather and flooding from river ice jams in Fremont, Teton and Washakie counties.",2017-02-10,https://kowb1290.com/wyoming-governor-declares-state-of-emergency-due-to-flooding-severe-weather/,685587,114390,2017-02-10 00:55:00,2017-02-10 04:55:00,Z,NWS forecast zone,110,NORTH SNOWY RANGE FOOTHILLS,High Wind,35.0,MS,0,0,0.00K,0.00K,Department of Highways,A prolonged and active jet stream produced several periods of high winds throughout most of southeast Wyoming through the week.  Frequent gusts of 65 to 85 mph were observed.,"The WYDOT sensor at Halleck Ridge measured sustained winds of 40 mph or higher, with a peak gust of 63 mph at 10/0135 MST."
WY-SOE-2017-02-10,,Matt Mead,"Executive order declaring an emergency for severe weather and flooding from river ice jams in Fremont, Teton and Washakie counties.",2017-02-10,https://kowb1290.com/wyoming-governor-declares-state-of-emergency-due-to-flooding-severe-weather/,685554,114390,2017-02-10 04:30:00,2017-02-10 05:30:00,Z,NWS forecast zone,110,NORTH SNOWY RANGE FOOTHILLS,High Wind,35.0,MS,0,0,0.00K,0.00K,Department of Highways,A prolonged and active jet stream produced several periods of high winds throughout most of southeast Wyoming through the week.  Frequent gusts of 65 to 85 mph were observed.,The WYDOT sensor at Arlington East measured sustained winds of 40 mph or higher.
WY-SOE-2017-02-10,,Matt Mead,"Executive order declaring an emergency for severe weather and flooding from river ice jams in Fremont, Teton and Washakie counties.",2017-02-10,https://kowb1290.com/wyoming-governor-declares-state-of-emergency-due-to-flooding-severe-weather/,685598,114390,2017-02-10 05:00:00,2017-02-10 06:15:00,Z,NWS forecast zone,110,NORTH SNOWY RANGE FOOTHILLS,High Wind,35.0,MS,0,0,0.00K,0.00K,Department of Highways,A prolonged and active jet stream produced several periods of high winds throughout most of southeast Wyoming through the week.  Frequent gusts of 65 to 85 mph were observed.,The WYDOT sensor at Wagonhound measured sustained winds of 40 mph or higher.
WY-SOE-2017-02-10,,Matt Mead,"Executive order declaring an emergency for severe weather and flooding from river ice jams in Fremont, Teton and Washakie counties.",2017-02-10,https://kowb1290.com/wyoming-governor-declares-state-of-emergency-due-to-flooding-severe-weather/,685568,114390,2017-02-10 11:15:00,2017-02-10 16:25:00,Z,NWS forecast zone,110,NORTH SNOWY RANGE FOOTHILLS,High Wind,35.0,MS,0,0,0.00K,0.00K,Department of Highways,A prolonged and active jet stream produced several periods of high winds throughout most of southeast Wyoming through the week.  Frequent gusts of 65 to 85 mph were observed.,"The WYDOT sensor at Arlington measured sustained winds of 40 mph or higher, with a peak gust of 66 mph at 10/1010 MST."
WY-SOE-2017-02-10,,Matt Mead,"Executive order declaring an emergency for severe weather and flooding from river ice jams in Fremont, Teton and Washakie counties.",2017-02-10,https://kowb1290.com/wyoming-governor-declares-state-of-emergency-due-to-flooding-severe-weather/,676299,113076,2017-02-08 18:00:00,2017-02-10 12:00:00,Z,NWS forecast zone,24,SALT RIVER & WYOMING RANGES,Winter Storm,,,0,0,0.00K,0.00K,SNOTEL,"The last of a series of potent Pacific storms moves through the area from February 8th through February 10th. This storm was warmer than the previous systems and much of the precipitation in the western valleys fell as rain rather than snow. This led to localized flooding of low lying areas, although no damage from flooding was reported. Very heavy snow fell again in the higher elevations, with Jackson Hole Ski resort picking up another 28 inches of snow with locations in Yellowstone Park, The Absarokas, Wind River Range and Salt and Wyoming Range picking up over a foot of new snow. Up to 2 inches of rain fell in the western valleys. Rain falling on a heavy snow load caused minor damage to some buildings in Jackson, including the police station. In addition, the heavy wet snow caused numerous avalanches that closed Teton Pass as well as Hoback Junction at times for several days. Meanwhile, East of the Divide very strong mid level winds and the right front quadrant of a 150 knot jet streak brought very strong winds to some areas. The strongest winds occurred over the Cody Foothills. There was numerous gusts of hurricane force near Clark including a maximum gust of 118 mph! Wind gusts past 60 mph were also reported in Fremont and Natrona Counties.",Heavy snow fell in portions of the Salt and Wyoming range. The greatest amount of snow was 13 inches at the Spring Creek Divide SNOTEL.
WY-SOE-2017-02-10,,Matt Mead,"Executive order declaring an emergency for severe weather and flooding from river ice jams in Fremont, Teton and Washakie counties.",2017-02-10,https://kowb1290.com/wyoming-governor-declares-state-of-emergency-due-to-flooding-severe-weather/,669774,112336,2017-02-09 23:18:00,2017-02-09 23:18:00,Z,NWS forecast zone,99,SHERIDAN FOOTHILLS,High Wind,52.0,MG,0,0,0.00K,0.00K,ASOS,Very strong winds associated with a mountain wave descended down the east side of the Big Horn Mountains. This resulted in strong wind gusts along the Sheridan Foothills.,A wind gust of 60 mph was recorded at the Sheridan Airport.
WY-SOE-2017-02-10,,Matt Mead,"Executive order declaring an emergency for severe weather and flooding from river ice jams in Fremont, Teton and Washakie counties.",2017-02-10,https://kowb1290.com/wyoming-governor-declares-state-of-emergency-due-to-flooding-severe-weather/,685525,114390,2017-02-07 20:00:00,2017-02-08 00:00:00,Z,NWS forecast zone,105,SHIRLEY BASIN,High Wind,59.0,MG,0,0,0.00K,0.00K,Department of Highways,A prolonged and active jet stream produced several periods of high winds throughout most of southeast Wyoming through the week.  Frequent gusts of 65 to 85 mph were observed.,"The WYDOT sensor at Shirley Rim measured wind gusts of 58 mph or higher, with a peak gust of 68 mph at 07/2310 MST."
WY-SOE-2017-02-10,,Matt Mead,"Executive order declaring an emergency for severe weather and flooding from river ice jams in Fremont, Teton and Washakie counties.",2017-02-10,https://kowb1290.com/wyoming-governor-declares-state-of-emergency-due-to-flooding-severe-weather/,686849,114529,2017-02-07 12:00:00,2017-02-11 00:00:00,Z,NWS forecast zone,112,SIERRA MADRE RANGE,Winter Storm,,,0,0,0.00K,0.00K,SNOTEL,Periods of moderate snowfall and westerly winds gusting to 55 mph created near-blizzard conditions over the Snowy and Sierra Madre mountains.,The Old Battle SNOTEL site (elevation 10000 ft) estimated 17 inches of snow.
WY-SOE-2017-02-10,,Matt Mead,"Executive order declaring an emergency for severe weather and flooding from river ice jams in Fremont, Teton and Washakie counties.",2017-02-10,https://kowb1290.com/wyoming-governor-declares-state-of-emergency-due-to-flooding-severe-weather/,686848,114529,2017-02-07 12:00:00,2017-02-11 00:00:00,Z,NWS forecast zone,112,SIERRA MADRE RANGE,Winter Storm,,,0,0,0.00K,0.00K,SNOTEL,Periods of moderate snowfall and westerly winds gusting to 55 mph created near-blizzard conditions over the Snowy and Sierra Madre mountains.,The Divide Peak SNOTEL site (elevation 8880 ft) estimated 12 inches of snow.
WY-SOE-2017-02-10,,Matt Mead,"Executive order declaring an emergency for severe weather and flooding from river ice jams in Fremont, Teton and Washakie counties.",2017-02-10,https://kowb1290.com/wyoming-governor-declares-state-of-emergency-due-to-flooding-severe-weather/,686850,114529,2017-02-07 12:00:00,2017-02-11 00:00:00,Z,NWS forecast zone,112,SIERRA MADRE RANGE,Winter Storm,,,0,0,0.00K,0.00K,SNOTEL,Periods of moderate snowfall and westerly winds gusting to 55 mph created near-blizzard conditions over the Snowy and Sierra Madre mountains.,The Little Snake River SNOTEL site (elevation 8915 ft) estimated 14 inches of snow.
WY-SOE-2017-02-10,,Matt Mead,"Executive order declaring an emergency for severe weather and flooding from river ice jams in Fremont, Teton and Washakie counties.",2017-02-10,https://kowb1290.com/wyoming-governor-declares-state-of-emergency-due-to-flooding-severe-weather/,686851,114529,2017-02-07 12:00:00,2017-02-11 00:00:00,Z,NWS forecast zone,112,SIERRA MADRE RANGE,Winter Storm,,,0,0,0.00K,0.00K,SNOTEL,Periods of moderate snowfall and westerly winds gusting to 55 mph created near-blizzard conditions over the Snowy and Sierra Madre mountains.,The Blackhall Mountain SNOTEL site (elevation 9820 ft) estimated 12 inches of snow.
WY-SOE-2017-02-10,,Matt Mead,"Executive order declaring an emergency for severe weather and flooding from river ice jams in Fremont, Teton and Washakie counties.",2017-02-10,https://kowb1290.com/wyoming-governor-declares-state-of-emergency-due-to-flooding-severe-weather/,686853,114529,2017-02-07 12:00:00,2017-02-11 00:00:00,Z,NWS forecast zone,114,SNOWY RANGE,Winter Storm,,,0,0,0.00K,0.00K,SNOTEL,Periods of moderate snowfall and westerly winds gusting to 55 mph created near-blizzard conditions over the Snowy and Sierra Madre mountains.,The Sand Lake SNOTEL site (elevation 10050 ft) estimated 12 inches of snow.
WY-SOE-2017-02-10,,Matt Mead,"Executive order declaring an emergency for severe weather and flooding from river ice jams in Fremont, Teton and Washakie counties.",2017-02-10,https://kowb1290.com/wyoming-governor-declares-state-of-emergency-due-to-flooding-severe-weather/,686852,114529,2017-02-07 12:00:00,2017-02-11 00:00:00,Z,NWS forecast zone,114,SNOWY RANGE,Winter Storm,,,0,0,0.00K,0.00K,SNOTEL,Periods of moderate snowfall and westerly winds gusting to 55 mph created near-blizzard conditions over the Snowy and Sierra Madre mountains.,The North French Creek SNOTEL site (elevation 10130 ft) estimated 12 inches of snow.
WY-SOE-2017-02-10,,Matt Mead,"Executive order declaring an emergency for severe weather and flooding from river ice jams in Fremont, Teton and Washakie counties.",2017-02-10,https://kowb1290.com/wyoming-governor-declares-state-of-emergency-due-to-flooding-severe-weather/,686854,114529,2017-02-07 12:00:00,2017-02-11 00:00:00,Z,NWS forecast zone,114,SNOWY RANGE,Winter Storm,,,0,0,0.00K,0.00K,SNOTEL,Periods of moderate snowfall and westerly winds gusting to 55 mph created near-blizzard conditions over the Snowy and Sierra Madre mountains.,The Medicine Bow SNOTEL site (elevation 10500 ft) estimated 12 inches of snow.
WY-SOE-2017-02-10,,Matt Mead,"Executive order declaring an emergency for severe weather and flooding from river ice jams in Fremont, Teton and Washakie counties.",2017-02-10,https://kowb1290.com/wyoming-governor-declares-state-of-emergency-due-to-flooding-severe-weather/,685879,114390,2017-02-07 23:35:00,2017-02-08 05:00:00,Z,NWS forecast zone,116,SOUTH LARAMIE RANGE,High Wind,35.0,MS,0,0,0.00K,0.00K,Department of Highways,A prolonged and active jet stream produced several periods of high winds throughout most of southeast Wyoming through the week.  Frequent gusts of 65 to 85 mph were observed.,"The WYDOT sensor at Vedauwoo measured sustained winds of 40 mph or higher, with a peak gust of 73 mph at 08/0050 MST."
WY-SOE-2017-02-10,,Matt Mead,"Executive order declaring an emergency for severe weather and flooding from river ice jams in Fremont, Teton and Washakie counties.",2017-02-10,https://kowb1290.com/wyoming-governor-declares-state-of-emergency-due-to-flooding-severe-weather/,685863,114390,2017-02-07 23:40:00,2017-02-08 06:40:00,Z,NWS forecast zone,116,SOUTH LARAMIE RANGE,High Wind,35.0,MS,0,0,0.00K,0.00K,Mesonet,A prolonged and active jet stream produced several periods of high winds throughout most of southeast Wyoming through the week.  Frequent gusts of 65 to 85 mph were observed.,"The UPR sensor at Buford measured sustained winds of 40 mph or higher, with a peak gust of 67 mph at 08/0045 MST."
WY-SOE-2017-02-10,,Matt Mead,"Executive order declaring an emergency for severe weather and flooding from river ice jams in Fremont, Teton and Washakie counties.",2017-02-10,https://kowb1290.com/wyoming-governor-declares-state-of-emergency-due-to-flooding-severe-weather/,685859,114390,2017-02-07 23:55:00,2017-02-08 04:55:00,Z,NWS forecast zone,116,SOUTH LARAMIE RANGE,High Wind,35.0,MS,0,0,0.00K,0.00K,Department of Highways,A prolonged and active jet stream produced several periods of high winds throughout most of southeast Wyoming through the week.  Frequent gusts of 65 to 85 mph were observed.,"The WYDOT sensor at Buford East measured sustained winds of 40 mph or higher, with a peak gust of 62 mph at 08/0245 MST."
WY-SOE-2017-02-10,,Matt Mead,"Executive order declaring an emergency for severe weather and flooding from river ice jams in Fremont, Teton and Washakie counties.",2017-02-10,https://kowb1290.com/wyoming-governor-declares-state-of-emergency-due-to-flooding-severe-weather/,685877,114390,2017-02-08 00:00:00,2017-02-08 01:20:00,Z,NWS forecast zone,116,SOUTH LARAMIE RANGE,High Wind,59.0,MG,0,0,0.00K,0.00K,Department of Highways,A prolonged and active jet stream produced several periods of high winds throughout most of southeast Wyoming through the week.  Frequent gusts of 65 to 85 mph were observed.,"The WYDOT sensor at Summit East measured wind gusts of 58 mph or higher, with a peak gust of 68 mph at 08/0110 MST."
WY-SOE-2017-02-10,,Matt Mead,"Executive order declaring an emergency for severe weather and flooding from river ice jams in Fremont, Teton and Washakie counties.",2017-02-10,https://kowb1290.com/wyoming-governor-declares-state-of-emergency-due-to-flooding-severe-weather/,685869,114390,2017-02-08 00:00:00,2017-02-08 01:40:00,Z,NWS forecast zone,116,SOUTH LARAMIE RANGE,High Wind,35.0,MS,0,0,0.00K,0.00K,Department of Highways,A prolonged and active jet stream produced several periods of high winds throughout most of southeast Wyoming through the week.  Frequent gusts of 65 to 85 mph were observed.,"The WYDOT sensor at Lone Tree measured sustained winds of 40 mph or higher, with a peak gust of 67 mph at 08/0055 MST."
WY-SOE-2017-02-10,,Matt Mead,"Executive order declaring an emergency for severe weather and flooding from river ice jams in Fremont, Teton and Washakie counties.",2017-02-10,https://kowb1290.com/wyoming-governor-declares-state-of-emergency-due-to-flooding-severe-weather/,685873,114390,2017-02-08 00:45:00,2017-02-08 05:45:00,Z,NWS forecast zone,116,SOUTH LARAMIE RANGE,High Wind,35.0,MS,0,0,0.00K,0.00K,Department of Highways,A prolonged and active jet stream produced several periods of high winds throughout most of southeast Wyoming through the week.  Frequent gusts of 65 to 85 mph were observed.,"The WYDOT sensor at Pumpkin Vine measured sustained winds of 40 mph or higher, with a peak gust of 62 mph at 08/0050 MST."
WY-SOE-2017-02-10,,Matt Mead,"Executive order declaring an emergency for severe weather and flooding from river ice jams in Fremont, Teton and Washakie counties.",2017-02-10,https://kowb1290.com/wyoming-governor-declares-state-of-emergency-due-to-flooding-severe-weather/,685871,114390,2017-02-08 10:25:00,2017-02-08 16:15:00,Z,NWS forecast zone,116,SOUTH LARAMIE RANGE,High Wind,35.0,MS,0,0,0.00K,0.00K,Mesonet,A prolonged and active jet stream produced several periods of high winds throughout most of southeast Wyoming through the week.  Frequent gusts of 65 to 85 mph were observed.,"The UPR sensor at Lynch measured sustained winds of 40 mph or higher, with a peak gust of 64 mph at 08/1430 MST."
WY-SOE-2017-02-10,,Matt Mead,"Executive order declaring an emergency for severe weather and flooding from river ice jams in Fremont, Teton and Washakie counties.",2017-02-10,https://kowb1290.com/wyoming-governor-declares-state-of-emergency-due-to-flooding-severe-weather/,685860,114390,2017-02-09 03:35:00,2017-02-09 06:35:00,Z,NWS forecast zone,116,SOUTH LARAMIE RANGE,High Wind,35.0,MS,0,0,0.00K,0.00K,Department of Highways,A prolonged and active jet stream produced several periods of high winds throughout most of southeast Wyoming through the week.  Frequent gusts of 65 to 85 mph were observed.,The WYDOT sensor at Buford East measured sustained winds of 40 mph or higher.
WY-SOE-2017-02-10,,Matt Mead,"Executive order declaring an emergency for severe weather and flooding from river ice jams in Fremont, Teton and Washakie counties.",2017-02-10,https://kowb1290.com/wyoming-governor-declares-state-of-emergency-due-to-flooding-severe-weather/,685874,114390,2017-02-10 02:40:00,2017-02-10 16:15:00,Z,NWS forecast zone,116,SOUTH LARAMIE RANGE,High Wind,70.0,MG,0,0,0.00K,0.00K,Department of Highways,A prolonged and active jet stream produced several periods of high winds throughout most of southeast Wyoming through the week.  Frequent gusts of 65 to 85 mph were observed.,"The WYDOT sensor at Pumpkin Vine measured wind gusts of 58 mph or higher, with a peak gust of 80 mph at 10/0630 MST."
WY-SOE-2017-02-10,,Matt Mead,"Executive order declaring an emergency for severe weather and flooding from river ice jams in Fremont, Teton and Washakie counties.",2017-02-10,https://kowb1290.com/wyoming-governor-declares-state-of-emergency-due-to-flooding-severe-weather/,685861,114390,2017-02-10 04:15:00,2017-02-10 14:55:00,Z,NWS forecast zone,116,SOUTH LARAMIE RANGE,High Wind,35.0,MS,0,0,0.00K,0.00K,Department of Highways,A prolonged and active jet stream produced several periods of high winds throughout most of southeast Wyoming through the week.  Frequent gusts of 65 to 85 mph were observed.,"The WYDOT sensor at Buford East measured sustained winds of 40 mph or higher, with a peak gust of 72 mph at 10/1115 MST."
WY-SOE-2017-02-10,,Matt Mead,"Executive order declaring an emergency for severe weather and flooding from river ice jams in Fremont, Teton and Washakie counties.",2017-02-10,https://kowb1290.com/wyoming-governor-declares-state-of-emergency-due-to-flooding-severe-weather/,685870,114390,2017-02-10 04:20:00,2017-02-10 14:50:00,Z,NWS forecast zone,116,SOUTH LARAMIE RANGE,High Wind,65.0,MG,0,0,0.00K,0.00K,Department of Highways,A prolonged and active jet stream produced several periods of high winds throughout most of southeast Wyoming through the week.  Frequent gusts of 65 to 85 mph were observed.,"The WYDOT sensor at Lone Tree measured wind gusts of 58 mph or higher, with a peak gust of 75 mph at 10/1015 MST."
WY-SOE-2017-02-10,,Matt Mead,"Executive order declaring an emergency for severe weather and flooding from river ice jams in Fremont, Teton and Washakie counties.",2017-02-10,https://kowb1290.com/wyoming-governor-declares-state-of-emergency-due-to-flooding-severe-weather/,685865,114390,2017-02-10 06:15:00,2017-02-10 15:15:00,Z,NWS forecast zone,116,SOUTH LARAMIE RANGE,High Wind,35.0,MS,0,0,0.00K,0.00K,Mesonet,A prolonged and active jet stream produced several periods of high winds throughout most of southeast Wyoming through the week.  Frequent gusts of 65 to 85 mph were observed.,"The UPR sensor at Buford measured sustained winds of 40 mph or higher, with a peak gust of 74 mph at 10/1130 MST."
WY-SOE-2017-02-10,,Matt Mead,"Executive order declaring an emergency for severe weather and flooding from river ice jams in Fremont, Teton and Washakie counties.",2017-02-10,https://kowb1290.com/wyoming-governor-declares-state-of-emergency-due-to-flooding-severe-weather/,685880,114390,2017-02-10 09:15:00,2017-02-10 12:25:00,Z,NWS forecast zone,116,SOUTH LARAMIE RANGE,High Wind,60.0,MG,0,0,0.00K,0.00K,Department of Highways,A prolonged and active jet stream produced several periods of high winds throughout most of southeast Wyoming through the week.  Frequent gusts of 65 to 85 mph were observed.,"The WYDOT sensor at Vedauwoo measured wind gusts of 58 mph or higher, with a peak gust of 69 mph at 10/1030 MST."
WY-SOE-2017-02-10,,Matt Mead,"Executive order declaring an emergency for severe weather and flooding from river ice jams in Fremont, Teton and Washakie counties.",2017-02-10,https://kowb1290.com/wyoming-governor-declares-state-of-emergency-due-to-flooding-severe-weather/,685872,114390,2017-02-10 10:00:00,2017-02-10 15:00:00,Z,NWS forecast zone,116,SOUTH LARAMIE RANGE,High Wind,66.0,MG,0,0,0.00K,0.00K,Mesonet,A prolonged and active jet stream produced several periods of high winds throughout most of southeast Wyoming through the week.  Frequent gusts of 65 to 85 mph were observed.,"The UPR sensor at Lynch measured wind gusts of 58 mph or higher, with a peak gust of 76 mph at 10/1255 MST."
WY-SOE-2017-02-10,,Matt Mead,"Executive order declaring an emergency for severe weather and flooding from river ice jams in Fremont, Teton and Washakie counties.",2017-02-10,https://kowb1290.com/wyoming-governor-declares-state-of-emergency-due-to-flooding-severe-weather/,685875,114390,2017-02-10 10:50:00,2017-02-10 14:50:00,Z,NWS forecast zone,116,SOUTH LARAMIE RANGE,High Wind,35.0,MS,0,0,0.00K,0.00K,Department of Highways,A prolonged and active jet stream produced several periods of high winds throughout most of southeast Wyoming through the week.  Frequent gusts of 65 to 85 mph were observed.,"The WYDOT sensor at Remount Road measured sustained winds of 40 mph or higher, with a peak gust of 63 mph at 10/1250 MST."
WY-SOE-2017-02-10,,Matt Mead,"Executive order declaring an emergency for severe weather and flooding from river ice jams in Fremont, Teton and Washakie counties.",2017-02-10,https://kowb1290.com/wyoming-governor-declares-state-of-emergency-due-to-flooding-severe-weather/,685894,114390,2017-02-08 00:20:00,2017-02-08 01:30:00,Z,NWS forecast zone,117,SOUTH LARAMIE RANGE FOOTHILLS,High Wind,62.0,MG,0,0,0.00K,0.00K,Department of Highways,A prolonged and active jet stream produced several periods of high winds throughout most of southeast Wyoming through the week.  Frequent gusts of 65 to 85 mph were observed.,"The WYDOT sensor at Whitaker measured wind gusts of 58 mph or higher, with a peak gust of 71 mph at 08/0125 MST."
WY-SOE-2017-02-10,,Matt Mead,"Executive order declaring an emergency for severe weather and flooding from river ice jams in Fremont, Teton and Washakie counties.",2017-02-10,https://kowb1290.com/wyoming-governor-declares-state-of-emergency-due-to-flooding-severe-weather/,685881,114390,2017-02-08 00:25:00,2017-02-08 15:45:00,Z,NWS forecast zone,117,SOUTH LARAMIE RANGE FOOTHILLS,High Wind,62.0,MG,0,0,0.00K,0.00K,Mesonet,A prolonged and active jet stream produced several periods of high winds throughout most of southeast Wyoming through the week.  Frequent gusts of 65 to 85 mph were observed.,"The UPR sensor at Emkay measured wind gusts of 58 mph or higher, with a peak gust of 71 mph at 08/0045 MST."
WY-SOE-2017-02-10,,Matt Mead,"Executive order declaring an emergency for severe weather and flooding from river ice jams in Fremont, Teton and Washakie counties.",2017-02-10,https://kowb1290.com/wyoming-governor-declares-state-of-emergency-due-to-flooding-severe-weather/,685889,114390,2017-02-08 00:45:00,2017-02-08 01:50:00,Z,NWS forecast zone,117,SOUTH LARAMIE RANGE FOOTHILLS,High Wind,35.0,MS,0,0,0.00K,0.00K,Department of Highways,A prolonged and active jet stream produced several periods of high winds throughout most of southeast Wyoming through the week.  Frequent gusts of 65 to 85 mph were observed.,"The WYDOT sensor at Interstate 80 mile post 353 measured sustained winds of 40 mph or higher, with a peak gust of 66 mph at 08/0105 MST."
WY-SOE-2017-02-10,,Matt Mead,"Executive order declaring an emergency for severe weather and flooding from river ice jams in Fremont, Teton and Washakie counties.",2017-02-10,https://kowb1290.com/wyoming-governor-declares-state-of-emergency-due-to-flooding-severe-weather/,685892,114390,2017-02-08 02:50:00,2017-02-08 15:50:00,Z,NWS forecast zone,117,SOUTH LARAMIE RANGE FOOTHILLS,High Wind,35.0,MS,0,0,0.00K,0.00K,Department of Highways,A prolonged and active jet stream produced several periods of high winds throughout most of southeast Wyoming through the week.  Frequent gusts of 65 to 85 mph were observed.,"The WYDOT sensor at Otto Road measured sustained winds of 40 mph or higher, with a peak gust of 62 mph at 08/0340 MST."
WY-SOE-2017-02-10,,Matt Mead,"Executive order declaring an emergency for severe weather and flooding from river ice jams in Fremont, Teton and Washakie counties.",2017-02-10,https://kowb1290.com/wyoming-governor-declares-state-of-emergency-due-to-flooding-severe-weather/,685882,114390,2017-02-09 08:45:00,2017-02-09 14:55:00,Z,NWS forecast zone,117,SOUTH LARAMIE RANGE FOOTHILLS,High Wind,35.0,MS,0,0,0.00K,0.00K,Mesonet,A prolonged and active jet stream produced several periods of high winds throughout most of southeast Wyoming through the week.  Frequent gusts of 65 to 85 mph were observed.,"The UPR sensor at Emkay measured sustained winds of 40 mph or higher, with a peak gust of 67 mph at 09/1045 MST."
WY-SOE-2017-02-10,,Matt Mead,"Executive order declaring an emergency for severe weather and flooding from river ice jams in Fremont, Teton and Washakie counties.",2017-02-10,https://kowb1290.com/wyoming-governor-declares-state-of-emergency-due-to-flooding-severe-weather/,685884,114390,2017-02-10 03:50:00,2017-02-10 14:50:00,Z,NWS forecast zone,117,SOUTH LARAMIE RANGE FOOTHILLS,High Wind,35.0,MS,0,0,0.00K,0.00K,Mesonet,A prolonged and active jet stream produced several periods of high winds throughout most of southeast Wyoming through the week.  Frequent gusts of 65 to 85 mph were observed.,"The UPR sensor at Emkay measured sustained winds of 40 mph or higher, with a peak gust of 73 mph at 10/0525 MST."
WY-SOE-2017-02-10,,Matt Mead,"Executive order declaring an emergency for severe weather and flooding from river ice jams in Fremont, Teton and Washakie counties.",2017-02-10,https://kowb1290.com/wyoming-governor-declares-state-of-emergency-due-to-flooding-severe-weather/,685890,114390,2017-02-10 05:25:00,2017-02-10 06:25:00,Z,NWS forecast zone,117,SOUTH LARAMIE RANGE FOOTHILLS,High Wind,35.0,MS,0,0,0.00K,0.00K,Department of Highways,A prolonged and active jet stream produced several periods of high winds throughout most of southeast Wyoming through the week.  Frequent gusts of 65 to 85 mph were observed.,"The WYDOT sensor at Interstate 80 mile post 353 measured sustained winds of 40 mph or higher, with a peak gust of 61 mph at 10/0545 MST."
WY-SOE-2017-02-10,,Matt Mead,"Executive order declaring an emergency for severe weather and flooding from river ice jams in Fremont, Teton and Washakie counties.",2017-02-10,https://kowb1290.com/wyoming-governor-declares-state-of-emergency-due-to-flooding-severe-weather/,685896,114390,2017-02-10 12:30:00,2017-02-10 15:45:00,Z,NWS forecast zone,117,SOUTH LARAMIE RANGE FOOTHILLS,High Wind,35.0,MS,0,0,0.00K,0.00K,Department of Highways,A prolonged and active jet stream produced several periods of high winds throughout most of southeast Wyoming through the week.  Frequent gusts of 65 to 85 mph were observed.,"The WYDOT sensor at Whitaker measured sustained winds of 40 mph or higher, with a peak gust of 66 mph at 10/1315 MST."
WY-SOE-2017-02-10,,Matt Mead,"Executive order declaring an emergency for severe weather and flooding from river ice jams in Fremont, Teton and Washakie counties.",2017-02-10,https://kowb1290.com/wyoming-governor-declares-state-of-emergency-due-to-flooding-severe-weather/,685893,114390,2017-02-10 12:45:00,2017-02-10 14:45:00,Z,NWS forecast zone,117,SOUTH LARAMIE RANGE FOOTHILLS,High Wind,35.0,MS,0,0,0.00K,0.00K,Department of Highways,A prolonged and active jet stream produced several periods of high winds throughout most of southeast Wyoming through the week.  Frequent gusts of 65 to 85 mph were observed.,"The WYDOT sensor at Otto Road measured sustained winds of 40 mph or higher, with a peak gust of 62 mph at 10/1420 MST."
WY-SOE-2017-02-10,,Matt Mead,"Executive order declaring an emergency for severe weather and flooding from river ice jams in Fremont, Teton and Washakie counties.",2017-02-10,https://kowb1290.com/wyoming-governor-declares-state-of-emergency-due-to-flooding-severe-weather/,676036,112977,2017-02-07 19:10:00,2017-02-07 19:50:00,Z,NWS forecast zone,27,SOUTH LINCOLN COUNTY,High Wind,51.0,EG,0,0,0.00K,0.00K,ASOS,"A combination of a strong Pacific trough and cold front, an ample supply of moisture combined to bring very heavy snow to much of western Wyoming. The highest amounts fell in the Tetons where almost 3 feet of new snow occurred at the Jackson Hole Ski resort. Heavy snow also fell in the Salt and Wyoming Range where 32 inches of snow occurred at the Indian Creek SNOTEL. Other heavy snowfall amounts included 25 inches at Deer Creek in the Wind River Range, 18 inches at Two Oceans Plateau in Yellowstone, 16 inches near Wilson, and 8 inches in Cody Alpine. The heavy snow combined with gusty winds to produce very low visibility and avalanches that shut down many roads including Teton Pass, Hoback Junction and South Pass. In Jackson, the heavy snow load caused the collapse of the roof onto the Sears Department Store. In addition, strong winds occurred on the evening of the 7th. These strong winds combined with heavy wet snow to down 17 power poles along Highway 390. This led to a power outage that lasted through the 11th. In addition, Jackson Hole Ski Resort was shut down for several days due to the power loss. Meanwhile, strong wind occurred east of the Divide and across southern Wyoming. The maximum wind gusts included 96 mph at Camp Creek in the Green and Rattlesnake Range, 72 mph near Lander and 65 mph along Outer Drive south of Casper.",The Kemmerer airport had a maximum wind gust of 59 mph.
WY-SOE-2017-02-10,,Matt Mead,"Executive order declaring an emergency for severe weather and flooding from river ice jams in Fremont, Teton and Washakie counties.",2017-02-10,https://kowb1290.com/wyoming-governor-declares-state-of-emergency-due-to-flooding-severe-weather/,676293,113076,2017-02-08 13:00:00,2017-02-10 09:00:00,Z,NWS forecast zone,12,TETON & GROS VENTRE MOUNTAINS,Winter Storm,,,0,0,0.00K,0.00K,Park/Forest Service,"The last of a series of potent Pacific storms moves through the area from February 8th through February 10th. This storm was warmer than the previous systems and much of the precipitation in the western valleys fell as rain rather than snow. This led to localized flooding of low lying areas, although no damage from flooding was reported. Very heavy snow fell again in the higher elevations, with Jackson Hole Ski resort picking up another 28 inches of snow with locations in Yellowstone Park, The Absarokas, Wind River Range and Salt and Wyoming Range picking up over a foot of new snow. Up to 2 inches of rain fell in the western valleys. Rain falling on a heavy snow load caused minor damage to some buildings in Jackson, including the police station. In addition, the heavy wet snow caused numerous avalanches that closed Teton Pass as well as Hoback Junction at times for several days. Meanwhile, East of the Divide very strong mid level winds and the right front quadrant of a 150 knot jet streak brought very strong winds to some areas. The strongest winds occurred over the Cody Foothills. There was numerous gusts of hurricane force near Clark including a maximum gust of 118 mph! Wind gusts past 60 mph were also reported in Fremont and Natrona Counties.","Heavy snow fell in the higher elevations of the Tetons. Some of the highest amounts included 28 inches at the top of the Jackson Hole Ski resort, 18 inches at Grand Targhee and 16 inches at Togwotee Pass. This snow was heavy and moisture was dense. As a result, there were numerous avalanches throughout the Tetons. A series of avalanches closed Teton Pass and Hoback Junction several times between the 8th and 11th. An avalanche also closed Snow King ski resort on February 10th."
WY-SOE-2017-02-10,,Matt Mead,"Executive order declaring an emergency for severe weather and flooding from river ice jams in Fremont, Teton and Washakie counties.",2017-02-10,https://kowb1290.com/wyoming-governor-declares-state-of-emergency-due-to-flooding-severe-weather/,680333,113663,2017-02-07 21:40:00,2017-02-07 23:41:00,Z,NWS forecast zone,21,UINTA,High Wind,54.0,MG,0,0,0.00K,0.00K,ASOS,The same powerful storm system that produced strong winds in northern Utah also brought gusty winds to far southwest Wyoming.,"Peak recorded wind gusts in Uinta County, Wyoming included 62 mph at the Evanston-Uinta County Airport - Burns Field ASOS and 59 mph at the Church Butte WYDOT sensor."
WY-SOE-2017-02-10,,Matt Mead,"Executive order declaring an emergency for severe weather and flooding from river ice jams in Fremont, Teton and Washakie counties.",2017-02-10,https://kowb1290.com/wyoming-governor-declares-state-of-emergency-due-to-flooding-severe-weather/,676308,113076,2017-02-09 17:46:00,2017-02-10 00:46:00,Z,NWS forecast zone,17,WIND RIVER BASIN,High Wind,63.0,MG,0,0,0.00K,0.00K,RAWS,"The last of a series of potent Pacific storms moves through the area from February 8th through February 10th. This storm was warmer than the previous systems and much of the precipitation in the western valleys fell as rain rather than snow. This led to localized flooding of low lying areas, although no damage from flooding was reported. Very heavy snow fell again in the higher elevations, with Jackson Hole Ski resort picking up another 28 inches of snow with locations in Yellowstone Park, The Absarokas, Wind River Range and Salt and Wyoming Range picking up over a foot of new snow. Up to 2 inches of rain fell in the western valleys. Rain falling on a heavy snow load caused minor damage to some buildings in Jackson, including the police station. In addition, the heavy wet snow caused numerous avalanches that closed Teton Pass as well as Hoback Junction at times for several days. Meanwhile, East of the Divide very strong mid level winds and the right front quadrant of a 150 knot jet streak brought very strong winds to some areas. The strongest winds occurred over the Cody Foothills. There was numerous gusts of hurricane force near Clark including a maximum gust of 118 mph! Wind gusts past 60 mph were also reported in Fremont and Natrona Counties.","The RAWS site at Sharpnose, 3 miles outside of Hudson, had several wind gusts past 58 mph, including a maximum gust of 73 mph."
WY-SOE-2017-02-10,,Matt Mead,"Executive order declaring an emergency for severe weather and flooding from river ice jams in Fremont, Teton and Washakie counties.",2017-02-10,https://kowb1290.com/wyoming-governor-declares-state-of-emergency-due-to-flooding-severe-weather/,676298,113076,2017-02-08 13:00:00,2017-02-10 13:00:00,Z,NWS forecast zone,14,WIND RIVER MOUNTAINS WEST,Winter Storm,,,0,0,0.00K,0.00K,SNOTEL,"The last of a series of potent Pacific storms moves through the area from February 8th through February 10th. This storm was warmer than the previous systems and much of the precipitation in the western valleys fell as rain rather than snow. This led to localized flooding of low lying areas, although no damage from flooding was reported. Very heavy snow fell again in the higher elevations, with Jackson Hole Ski resort picking up another 28 inches of snow with locations in Yellowstone Park, The Absarokas, Wind River Range and Salt and Wyoming Range picking up over a foot of new snow. Up to 2 inches of rain fell in the western valleys. Rain falling on a heavy snow load caused minor damage to some buildings in Jackson, including the police station. In addition, the heavy wet snow caused numerous avalanches that closed Teton Pass as well as Hoback Junction at times for several days. Meanwhile, East of the Divide very strong mid level winds and the right front quadrant of a 150 knot jet streak brought very strong winds to some areas. The strongest winds occurred over the Cody Foothills. There was numerous gusts of hurricane force near Clark including a maximum gust of 118 mph! Wind gusts past 60 mph were also reported in Fremont and Natrona Counties.",Heavy snow fell in much of the western Big Horn Range. The highest amount of snow was 14 inches at the Big Sandy Opening SNOTEL site.
WY-SOE-2017-02-10,,Matt Mead,"Executive order declaring an emergency for severe weather and flooding from river ice jams in Fremont, Teton and Washakie counties.",2017-02-10,https://kowb1290.com/wyoming-governor-declares-state-of-emergency-due-to-flooding-severe-weather/,676292,113076,2017-02-08 13:00:00,2017-02-10 13:00:00,Z,NWS forecast zone,1,YELLOWSTONE NATIONAL PARK,Winter Storm,,,0,0,0.00K,0.00K,SNOTEL,"The last of a series of potent Pacific storms moves through the area from February 8th through February 10th. This storm was warmer than the previous systems and much of the precipitation in the western valleys fell as rain rather than snow. This led to localized flooding of low lying areas, although no damage from flooding was reported. Very heavy snow fell again in the higher elevations, with Jackson Hole Ski resort picking up another 28 inches of snow with locations in Yellowstone Park, The Absarokas, Wind River Range and Salt and Wyoming Range picking up over a foot of new snow. Up to 2 inches of rain fell in the western valleys. Rain falling on a heavy snow load caused minor damage to some buildings in Jackson, including the police station. In addition, the heavy wet snow caused numerous avalanches that closed Teton Pass as well as Hoback Junction at times for several days. Meanwhile, East of the Divide very strong mid level winds and the right front quadrant of a 150 knot jet streak brought very strong winds to some areas. The strongest winds occurred over the Cody Foothills. There was numerous gusts of hurricane force near Clark including a maximum gust of 118 mph! Wind gusts past 60 mph were also reported in Fremont and Natrona Counties.",Heavy snow fell in portions of Yellowstone Park. The highest amount was at the Parker Peak SNOTEL where 20 inches of new snow fell.
WY-EO-2019-1,2019-1,Mark Gordon,Statewide emergency for propane supply during exceptionally cold conditions,2019-03-11,https://www.fmcsa.dot.gov/sites/fmcsa.dot.gov/files/docs/emergency/452721/wyoming-2019-0311-executiveorder-propone.pdf,810010,135135,2019-03-13 07:00:00,2019-03-14 06:00:00,Z,NWS forecast zone,9,BIGHORN MOUNTAINS SOUTHEAST,Winter Storm,,,0,0,0.00K,0.00K,SNOTEL,"A potent area of low pressure developed in the Lee of the Colorado Rockies and brought heavy snow and strong wind to portions of western and central Wyoming. The hardest hit areas were Johnson, Natrona and Sweetwater Counties. The heaviest snow fell in Natrona County. Portions of Casper Mountain received over 2 feet of snow with the city of Casper getting anywhere from 9 to 18 inches. Across Sweetwater County, 6 to 10 inches of snow was common. The snow combined with winds gusting over 50 mph to bring sharply reduced visibility and the closure of many roads, including Interstates 25 and 80.","Heavy snow fell in portions of the Bighorn Range. At the Little Goose SNOTEL site, 17 inches of new snow fell."
WY-EO-2019-1,2019-1,Mark Gordon,Statewide emergency for propane supply during exceptionally cold conditions,2019-03-11,https://www.fmcsa.dot.gov/sites/fmcsa.dot.gov/files/docs/emergency/452721/wyoming-2019-0311-executiveorder-propone.pdf,810008,135135,2019-03-13 00:00:00,2019-03-14 06:00:00,Z,NWS forecast zone,22,CASPER MOUNTAIN,Winter Storm,,,0,0,0.00K,0.00K,SNOTEL,"A potent area of low pressure developed in the Lee of the Colorado Rockies and brought heavy snow and strong wind to portions of western and central Wyoming. The hardest hit areas were Johnson, Natrona and Sweetwater Counties. The heaviest snow fell in Natrona County. Portions of Casper Mountain received over 2 feet of snow with the city of Casper getting anywhere from 9 to 18 inches. Across Sweetwater County, 6 to 10 inches of snow was common. The snow combined with winds gusting over 50 mph to bring sharply reduced visibility and the closure of many roads, including Interstates 25 and 80.",Very heavy snow fell on Casper Mountain. The highest amount was 26 inches at the Casper Mountain SNOTEL site.
WY-EO-2019-1,2019-1,Mark Gordon,Statewide emergency for propane supply during exceptionally cold conditions,2019-03-11,https://www.fmcsa.dot.gov/sites/fmcsa.dot.gov/files/docs/emergency/452721/wyoming-2019-0311-executiveorder-propone.pdf,802414,134028,2019-03-13 09:00:00,2019-03-13 15:53:00,Z,NWS forecast zone,109,CENTRAL CARBON COUNTY,Blizzard,,,0,0,,,Law Enforcement,"A well deepening Colorado Low underwent bombogenesis producing widespread heavy snow and blizzard conditions across all of southeastern Wyoming. Conditions initially began as rain on the morning of the 13th with thunderstorms across the far southeastern portion before transitioning over to snow later in the morning. By noon of the 13th, almost all of southeastern Wyoming was under blizzard conditions with Interstates 80 and 25 closed to traffic and communities issuing no travel advised to keep folks off the road. Snow foot drifts of over 10 feet tall were reported with heavy snowfall of over a foot measured. Initial estimates placed livestock losses at 4,100 cattle, 200 sheep and 40 horses statewide from snow and flooding.","Wyoming Highway Patrol along with the ASOS at Rawlins reported blizzard conditions during the event. A fatal crash occurred at milepost 219 on Interstate 80 around 9:37 AM. A Semi with two trailers crashed into a previous crash of two tractor trailers. The one driver involved with the first collision was outside of his vehicle when the second collision occurred. The driver then became trapped between his trailer and tractor portion of the other vehicle. He succumbed to his injuries at the scene. No other injuries were reported but the driver of the third semi was likely driving too fast for the winter road conditions, which were slick with ice and blowing snow."
WY-EO-2019-1,2019-1,Mark Gordon,Statewide emergency for propane supply during exceptionally cold conditions,2019-03-11,https://www.fmcsa.dot.gov/sites/fmcsa.dot.gov/files/docs/emergency/452721/wyoming-2019-0311-executiveorder-propone.pdf,802363,134028,2019-03-13 08:40:00,2019-03-13 17:00:00,Z,NWS forecast zone,118,CENTRAL LARAMIE COUNTY,Blizzard,,,0,0,,,ASOS,"A well deepening Colorado Low underwent bombogenesis producing widespread heavy snow and blizzard conditions across all of southeastern Wyoming. Conditions initially began as rain on the morning of the 13th with thunderstorms across the far southeastern portion before transitioning over to snow later in the morning. By noon of the 13th, almost all of southeastern Wyoming was under blizzard conditions with Interstates 80 and 25 closed to traffic and communities issuing no travel advised to keep folks off the road. Snow foot drifts of over 10 feet tall were reported with heavy snowfall of over a foot measured. Initial estimates placed livestock losses at 4,100 cattle, 200 sheep and 40 horses statewide from snow and flooding.",Site at the Cheyenne Airport measured the reported blizzard conditions. Several stranded vehicles were reported along with stuck vehicles in the City of Cheyenne.  Two Cheyenne Police cruisers were damaged when passing vehicles lost control and hit the vehicles. The officers were not injured. Police had reported over 50 stranded or abandoned vehicles and at least sixteen vehicle accidents. NWS employees reported several 6 foot and larger drifts at their homes and at the office.
WY-EO-2019-1,2019-1,Mark Gordon,Statewide emergency for propane supply during exceptionally cold conditions,2019-03-11,https://www.fmcsa.dot.gov/sites/fmcsa.dot.gov/files/docs/emergency/452721/wyoming-2019-0311-executiveorder-propone.pdf,810787,134028,2019-03-13 09:35:00,2019-03-13 18:30:00,Z,NWS forecast zone,106,CENTRAL LARAMIE RANGE AND SOUTHWEST PLATTE COUNTY,Blizzard,,,0,0,,,Department of Highways,"A well deepening Colorado Low underwent bombogenesis producing widespread heavy snow and blizzard conditions across all of southeastern Wyoming. Conditions initially began as rain on the morning of the 13th with thunderstorms across the far southeastern portion before transitioning over to snow later in the morning. By noon of the 13th, almost all of southeastern Wyoming was under blizzard conditions with Interstates 80 and 25 closed to traffic and communities issuing no travel advised to keep folks off the road. Snow foot drifts of over 10 feet tall were reported with heavy snowfall of over a foot measured. Initial estimates placed livestock losses at 4,100 cattle, 200 sheep and 40 horses statewide from snow and flooding.",Wyoming Department of Transportation sensor at Bourdeaux measured the blizzard conditions while Interstate 25 was closed during event due to winter conditions and blowing snow piling up faster than plows could remove.
WY-EO-2019-1,2019-1,Mark Gordon,Statewide emergency for propane supply during exceptionally cold conditions,2019-03-11,https://www.fmcsa.dot.gov/sites/fmcsa.dot.gov/files/docs/emergency/452721/wyoming-2019-0311-executiveorder-propone.pdf,810779,134028,2019-03-13 10:35:00,2019-03-13 18:35:00,Z,NWS forecast zone,101,CONVERSE COUNTY LOWER ELEVATIONS,Blizzard,,,0,0,,,ASOS,"A well deepening Colorado Low underwent bombogenesis producing widespread heavy snow and blizzard conditions across all of southeastern Wyoming. Conditions initially began as rain on the morning of the 13th with thunderstorms across the far southeastern portion before transitioning over to snow later in the morning. By noon of the 13th, almost all of southeastern Wyoming was under blizzard conditions with Interstates 80 and 25 closed to traffic and communities issuing no travel advised to keep folks off the road. Snow foot drifts of over 10 feet tall were reported with heavy snowfall of over a foot measured. Initial estimates placed livestock losses at 4,100 cattle, 200 sheep and 40 horses statewide from snow and flooding.","Blizzard conditions measured at the Douglas, Converse County Airport. Nearby CoCoRaHs observer measured 12.0 inches of snow in addition."
WY-EO-2019-1,2019-1,Mark Gordon,Statewide emergency for propane supply during exceptionally cold conditions,2019-03-11,https://www.fmcsa.dot.gov/sites/fmcsa.dot.gov/files/docs/emergency/452721/wyoming-2019-0311-executiveorder-propone.pdf,808212,134804,2019-03-08 18:00:00,2019-03-09 10:00:00,Z,NWS forecast zone,119,EAST LARAMIE COUNTY,Heavy Snow,,,0,0,,,Public,A shortwave trough axis extending from western Wyoming south and west to the Four Corners with an associated low center and cold front passed over the forecast region creting a tight pressure gradient and strong subsidence in its wake. Most of the wind prone area across southeastern Wyoming experienced wind gusts reaching into the low 60 mph range. High peaks across the Sierra Madre and Snowy Range received over a foot of snow as part of the frontal passage over the area. The eastern portion of Laramie County had a heavy snowband move across the Albin area dropping up to six inches of snow.,Message sent via Twitter from observer three miles southwest of Albin reported six inches of heavy snow.
WY-EO-2019-1,2019-1,Mark Gordon,Statewide emergency for propane supply during exceptionally cold conditions,2019-03-11,https://www.fmcsa.dot.gov/sites/fmcsa.dot.gov/files/docs/emergency/452721/wyoming-2019-0311-executiveorder-propone.pdf,811621,134028,2019-03-13 10:35:00,2019-03-13 15:35:00,Z,NWS forecast zone,119,EAST LARAMIE COUNTY,Blizzard,,,0,0,,,AWOS,"A well deepening Colorado Low underwent bombogenesis producing widespread heavy snow and blizzard conditions across all of southeastern Wyoming. Conditions initially began as rain on the morning of the 13th with thunderstorms across the far southeastern portion before transitioning over to snow later in the morning. By noon of the 13th, almost all of southeastern Wyoming was under blizzard conditions with Interstates 80 and 25 closed to traffic and communities issuing no travel advised to keep folks off the road. Snow foot drifts of over 10 feet tall were reported with heavy snowfall of over a foot measured. Initial estimates placed livestock losses at 4,100 cattle, 200 sheep and 40 horses statewide from snow and flooding.",Conditions measured by the Pine Bluffs Municipal Airport.
WY-EO-2019-1,2019-1,Mark Gordon,Statewide emergency for propane supply during exceptionally cold conditions,2019-03-11,https://www.fmcsa.dot.gov/sites/fmcsa.dot.gov/files/docs/emergency/452721/wyoming-2019-0311-executiveorder-propone.pdf,811599,134028,2019-03-13 14:00:00,2019-03-13 19:00:00,Z,NWS forecast zone,107,EAST PLATTE COUNTY,Blizzard,,,0,0,,,Trained Spotter,"A well deepening Colorado Low underwent bombogenesis producing widespread heavy snow and blizzard conditions across all of southeastern Wyoming. Conditions initially began as rain on the morning of the 13th with thunderstorms across the far southeastern portion before transitioning over to snow later in the morning. By noon of the 13th, almost all of southeastern Wyoming was under blizzard conditions with Interstates 80 and 25 closed to traffic and communities issuing no travel advised to keep folks off the road. Snow foot drifts of over 10 feet tall were reported with heavy snowfall of over a foot measured. Initial estimates placed livestock losses at 4,100 cattle, 200 sheep and 40 horses statewide from snow and flooding.",Observer in Hartville experienced blizzard conditions with visibility down to a couple hundred feet at times. With heavy drifting and blowing snow best estimated on snowfall accumulations were around 10 inches.
WY-EO-2019-1,2019-1,Mark Gordon,Statewide emergency for propane supply during exceptionally cold conditions,2019-03-11,https://www.fmcsa.dot.gov/sites/fmcsa.dot.gov/files/docs/emergency/452721/wyoming-2019-0311-executiveorder-propone.pdf,810004,135135,2019-03-13 03:00:00,2019-03-14 00:00:00,Z,NWS forecast zone,30,EAST SWEETWATER COUNTY,Winter Storm,,,0,0,0.00K,0.00K,Trained Spotter,"A potent area of low pressure developed in the Lee of the Colorado Rockies and brought heavy snow and strong wind to portions of western and central Wyoming. The hardest hit areas were Johnson, Natrona and Sweetwater Counties. The heaviest snow fell in Natrona County. Portions of Casper Mountain received over 2 feet of snow with the city of Casper getting anywhere from 9 to 18 inches. Across Sweetwater County, 6 to 10 inches of snow was common. The snow combined with winds gusting over 50 mph to bring sharply reduced visibility and the closure of many roads, including Interstates 25 and 80.",A trained spotter reported 10 inches of snow in Wamsutter. The snow combined with winds gusting past 40 mph to cause the closure of Interstate 80 for several hours.
WY-EO-2019-1,2019-1,Mark Gordon,Statewide emergency for propane supply during exceptionally cold conditions,2019-03-11,https://www.fmcsa.dot.gov/sites/fmcsa.dot.gov/files/docs/emergency/452721/wyoming-2019-0311-executiveorder-propone.pdf,810782,134028,2019-03-13 17:50:00,2019-03-14 05:50:00,Z,NWS forecast zone,104,FERRIS/SEMINOE/SHIRLEY MOUNTAINS,Blizzard,,,0,0,,,Trained Spotter,"A well deepening Colorado Low underwent bombogenesis producing widespread heavy snow and blizzard conditions across all of southeastern Wyoming. Conditions initially began as rain on the morning of the 13th with thunderstorms across the far southeastern portion before transitioning over to snow later in the morning. By noon of the 13th, almost all of southeastern Wyoming was under blizzard conditions with Interstates 80 and 25 closed to traffic and communities issuing no travel advised to keep folks off the road. Snow foot drifts of over 10 feet tall were reported with heavy snowfall of over a foot measured. Initial estimates placed livestock losses at 4,100 cattle, 200 sheep and 40 horses statewide from snow and flooding.",Total snowfall estimate of 7 inches give the blowing snow at Muddy Gap. United States Highway 287 was closed through the overnight into the afternoon on the fourteenth. Nearby sites had winds gusting to 40 mph during the period.
WY-EO-2019-1,2019-1,Mark Gordon,Statewide emergency for propane supply during exceptionally cold conditions,2019-03-11,https://www.fmcsa.dot.gov/sites/fmcsa.dot.gov/files/docs/emergency/452721/wyoming-2019-0311-executiveorder-propone.pdf,811602,134028,2019-03-13 14:05:00,2019-03-13 19:05:00,Z,NWS forecast zone,108,GOSHEN COUNTY,Blizzard,,,0,0,,,ASOS,"A well deepening Colorado Low underwent bombogenesis producing widespread heavy snow and blizzard conditions across all of southeastern Wyoming. Conditions initially began as rain on the morning of the 13th with thunderstorms across the far southeastern portion before transitioning over to snow later in the morning. By noon of the 13th, almost all of southeastern Wyoming was under blizzard conditions with Interstates 80 and 25 closed to traffic and communities issuing no travel advised to keep folks off the road. Snow foot drifts of over 10 feet tall were reported with heavy snowfall of over a foot measured. Initial estimates placed livestock losses at 4,100 cattle, 200 sheep and 40 horses statewide from snow and flooding.",Conditions measured at the Torrington Airport with wind gusts up to 48 mph including a peak wind measurement of of 52 mph at 6:53 PM MDT on the 13th. Widespread snow totals of 6.5 inches up to 15 inches across the area.
WY-EO-2019-1,2019-1,Mark Gordon,Statewide emergency for propane supply during exceptionally cold conditions,2019-03-11,https://www.fmcsa.dot.gov/sites/fmcsa.dot.gov/files/docs/emergency/452721/wyoming-2019-0311-executiveorder-propone.pdf,811618,134028,2019-03-13 12:19:00,2019-03-13 20:10:00,Z,NWS forecast zone,115,LARAMIE VALLEY,Blizzard,,,0,0,,,ASOS,"A well deepening Colorado Low underwent bombogenesis producing widespread heavy snow and blizzard conditions across all of southeastern Wyoming. Conditions initially began as rain on the morning of the 13th with thunderstorms across the far southeastern portion before transitioning over to snow later in the morning. By noon of the 13th, almost all of southeastern Wyoming was under blizzard conditions with Interstates 80 and 25 closed to traffic and communities issuing no travel advised to keep folks off the road. Snow foot drifts of over 10 feet tall were reported with heavy snowfall of over a foot measured. Initial estimates placed livestock losses at 4,100 cattle, 200 sheep and 40 horses statewide from snow and flooding.",Conditions measured at the Laramie Airport with highest winds gusting to 46 mph and snowfall totals over a foot.
WY-EO-2019-1,2019-1,Mark Gordon,Statewide emergency for propane supply during exceptionally cold conditions,2019-03-11,https://www.fmcsa.dot.gov/sites/fmcsa.dot.gov/files/docs/emergency/452721/wyoming-2019-0311-executiveorder-propone.pdf,810006,135135,2019-03-13 01:00:00,2019-03-14 05:00:00,Z,NWS forecast zone,20,NATRONA COUNTY LOWER ELEVATIONS,Winter Storm,,,0,0,0.00K,0.00K,Trained Spotter,"A potent area of low pressure developed in the Lee of the Colorado Rockies and brought heavy snow and strong wind to portions of western and central Wyoming. The hardest hit areas were Johnson, Natrona and Sweetwater Counties. The heaviest snow fell in Natrona County. Portions of Casper Mountain received over 2 feet of snow with the city of Casper getting anywhere from 9 to 18 inches. Across Sweetwater County, 6 to 10 inches of snow was common. The snow combined with winds gusting over 50 mph to bring sharply reduced visibility and the closure of many roads, including Interstates 25 and 80.",Heavy snow fell through much of Natrona County. The highest snowfall amounts were closer to Casper Mountain where 12 to 18 inches of snow fell. The Casper Airport had 14.7 inches of new snow which was the ninth snowiest day on record. Snowfall amounts diminished to around 6 inches in the western and northern portions of the county. The snow combined with winds gusting over 40 mph and brought the closure of some roads.
WY-EO-2019-1,2019-1,Mark Gordon,Statewide emergency for propane supply during exceptionally cold conditions,2019-03-11,https://www.fmcsa.dot.gov/sites/fmcsa.dot.gov/files/docs/emergency/452721/wyoming-2019-0311-executiveorder-propone.pdf,810780,134028,2019-03-13 16:00:00,2019-03-14 07:30:00,Z,NWS forecast zone,102,NIOBRARA COUNTY,Blizzard,,,0,0,,,Department of Highways,"A well deepening Colorado Low underwent bombogenesis producing widespread heavy snow and blizzard conditions across all of southeastern Wyoming. Conditions initially began as rain on the morning of the 13th with thunderstorms across the far southeastern portion before transitioning over to snow later in the morning. By noon of the 13th, almost all of southeastern Wyoming was under blizzard conditions with Interstates 80 and 25 closed to traffic and communities issuing no travel advised to keep folks off the road. Snow foot drifts of over 10 feet tall were reported with heavy snowfall of over a foot measured. Initial estimates placed livestock losses at 4,100 cattle, 200 sheep and 40 horses statewide from snow and flooding.",Worker observed the conditions in Lusk with reports of 18 to 20 inches of snow while the Randall Union Pacific Railraod measured wind gusts up to 55 mph.
WY-EO-2019-1,2019-1,Mark Gordon,Statewide emergency for propane supply during exceptionally cold conditions,2019-03-11,https://www.fmcsa.dot.gov/sites/fmcsa.dot.gov/files/docs/emergency/452721/wyoming-2019-0311-executiveorder-propone.pdf,810781,134028,2019-03-13 04:44:00,2019-03-14 08:44:00,Z,NWS forecast zone,103,NORTH LARAMIE RANGE,Blizzard,,,0,0,,,Other Federal Agency,"A well deepening Colorado Low underwent bombogenesis producing widespread heavy snow and blizzard conditions across all of southeastern Wyoming. Conditions initially began as rain on the morning of the 13th with thunderstorms across the far southeastern portion before transitioning over to snow later in the morning. By noon of the 13th, almost all of southeastern Wyoming was under blizzard conditions with Interstates 80 and 25 closed to traffic and communities issuing no travel advised to keep folks off the road. Snow foot drifts of over 10 feet tall were reported with heavy snowfall of over a foot measured. Initial estimates placed livestock losses at 4,100 cattle, 200 sheep and 40 horses statewide from snow and flooding.",Dodge Creek and Esterbrook sites recorded blizzard criteria winds in addition to SNOTEL sites measuring over 30 inches of snow.
WY-EO-2019-1,2019-1,Mark Gordon,Statewide emergency for propane supply during exceptionally cold conditions,2019-03-11,https://www.fmcsa.dot.gov/sites/fmcsa.dot.gov/files/docs/emergency/452721/wyoming-2019-0311-executiveorder-propone.pdf,807992,134804,2019-03-09 09:10:00,2019-03-09 13:20:00,Z,NWS forecast zone,110,NORTH SNOWY RANGE FOOTHILLS,High Wind,50.0,MG,0,0,,,Department of Highways,A shortwave trough axis extending from western Wyoming south and west to the Four Corners with an associated low center and cold front passed over the forecast region creting a tight pressure gradient and strong subsidence in its wake. Most of the wind prone area across southeastern Wyoming experienced wind gusts reaching into the low 60 mph range. High peaks across the Sierra Madre and Snowy Range received over a foot of snow as part of the frontal passage over the area. The eastern portion of Laramie County had a heavy snowband move across the Albin area dropping up to six inches of snow.,Wyoming Department of Transportation sensor at Arlington East along Interstate 80 or two miles east-southeast of Arlington measured the reported wind gust.
WY-EO-2019-1,2019-1,Mark Gordon,Statewide emergency for propane supply during exceptionally cold conditions,2019-03-11,https://www.fmcsa.dot.gov/sites/fmcsa.dot.gov/files/docs/emergency/452721/wyoming-2019-0311-executiveorder-propone.pdf,811604,134028,2019-03-13 11:00:00,2019-03-13 18:00:00,Z,NWS forecast zone,110,NORTH SNOWY RANGE FOOTHILLS,Blizzard,,,0,0,,,Department of Highways,"A well deepening Colorado Low underwent bombogenesis producing widespread heavy snow and blizzard conditions across all of southeastern Wyoming. Conditions initially began as rain on the morning of the 13th with thunderstorms across the far southeastern portion before transitioning over to snow later in the morning. By noon of the 13th, almost all of southeastern Wyoming was under blizzard conditions with Interstates 80 and 25 closed to traffic and communities issuing no travel advised to keep folks off the road. Snow foot drifts of over 10 feet tall were reported with heavy snowfall of over a foot measured. Initial estimates placed livestock losses at 4,100 cattle, 200 sheep and 40 horses statewide from snow and flooding.",Several Wyoming Department of Transportation sensors along Interstate 80 measured periods of blizzard conditions with several sensors recording wind gusts even up to 48 mph.
WY-EO-2019-1,2019-1,Mark Gordon,Statewide emergency for propane supply during exceptionally cold conditions,2019-03-11,https://www.fmcsa.dot.gov/sites/fmcsa.dot.gov/files/docs/emergency/452721/wyoming-2019-0311-executiveorder-propone.pdf,807144,134708,2019-03-13 08:00:00,2019-03-14 01:27:00,Z,NWS forecast zone,98,NORTHEAST BIGHORN MOUNTAINS,Winter Storm,,,0,0,0.00K,0.00K,Department of Highways,"A strong upper low moved across Wyoming during the 12th and 13th. This low provided a deep upslope flow across the northern Big Horn Mountains resulting in heavy snow, strong gusty winds, as well as blowing and drifting snow.","Snowfall amounts across the area were in the 12 to 14 inch range. In addition, winds gusted to 45 mph. This resulted in blowing and drifting snow resulting in the closure of US 14."
WY-EO-2019-1,2019-1,Mark Gordon,Statewide emergency for propane supply during exceptionally cold conditions,2019-03-11,https://www.fmcsa.dot.gov/sites/fmcsa.dot.gov/files/docs/emergency/452721/wyoming-2019-0311-executiveorder-propone.pdf,810009,135135,2019-03-13 08:00:00,2019-03-14 04:00:00,Z,NWS forecast zone,10,NORTHEAST JOHNSON COUNTY,Winter Storm,,,0,0,0.00K,0.00K,Department of Highways,"A potent area of low pressure developed in the Lee of the Colorado Rockies and brought heavy snow and strong wind to portions of western and central Wyoming. The hardest hit areas were Johnson, Natrona and Sweetwater Counties. The heaviest snow fell in Natrona County. Portions of Casper Mountain received over 2 feet of snow with the city of Casper getting anywhere from 9 to 18 inches. Across Sweetwater County, 6 to 10 inches of snow was common. The snow combined with winds gusting over 50 mph to bring sharply reduced visibility and the closure of many roads, including Interstates 25 and 80.","A combination of periods of snow and winds gusting past 50 mph at times brought the closure of roads, including Interstates 25 and 90."
WY-EO-2019-1,2019-1,Mark Gordon,Statewide emergency for propane supply during exceptionally cold conditions,2019-03-11,https://www.fmcsa.dot.gov/sites/fmcsa.dot.gov/files/docs/emergency/452721/wyoming-2019-0311-executiveorder-propone.pdf,800899,133827,2019-03-08 10:00:00,2019-03-09 12:00:00,Z,NWS forecast zone,71,NORTHEASTERN CROOK,Winter Weather,,,0,0,0.00K,0.00K,Trained Spotter,"A strong storm system moved across the region, bringing areas of moderate snow and gusty winds. The highest snowfall totals were across northern Campbell County into northern Crook County, where three to six inches of snow were reported in some areas. Gusty winds in northern Crook County produced blowing and drifting snow Saturday morning.",
WY-EO-2019-1,2019-1,Mark Gordon,Statewide emergency for propane supply during exceptionally cold conditions,2019-03-11,https://www.fmcsa.dot.gov/sites/fmcsa.dot.gov/files/docs/emergency/452721/wyoming-2019-0311-executiveorder-propone.pdf,802911,134092,2019-03-13 08:00:00,2019-03-14 08:00:00,Z,NWS forecast zone,71,NORTHEASTERN CROOK,Blizzard,,,0,0,0.00K,0.00K,Trained Spotter,"A very strong winter storm moved across the region, bringing heavy snow and gusty winds to portions of northeastern Wyoming. Snow developed during the morning hours. Northwest winds increased during the late morning and afternoon, with areas of blowing snow developing. Snow ended late at night, with winds gradually tapering off during the morning. The heaviest snowfall was across portions of Campbell County to the Wyoming Black Hills, where six to around 12 inches were reported, while less than an inch of snow was reported in Newcastle. Blowing and drifting snow made travel very difficult across much of the area.",
WY-EO-2019-1,2019-1,Mark Gordon,Statewide emergency for propane supply during exceptionally cold conditions,2019-03-11,https://www.fmcsa.dot.gov/sites/fmcsa.dot.gov/files/docs/emergency/452721/wyoming-2019-0311-executiveorder-propone.pdf,800896,133827,2019-03-08 14:00:00,2019-03-09 03:00:00,Z,NWS forecast zone,54,NORTHERN CAMPBELL,Winter Weather,,,0,0,0.00K,0.00K,CoCoRaHS,"A strong storm system moved across the region, bringing areas of moderate snow and gusty winds. The highest snowfall totals were across northern Campbell County into northern Crook County, where three to six inches of snow were reported in some areas. Gusty winds in northern Crook County produced blowing and drifting snow Saturday morning.",
WY-EO-2019-1,2019-1,Mark Gordon,Statewide emergency for propane supply during exceptionally cold conditions,2019-03-11,https://www.fmcsa.dot.gov/sites/fmcsa.dot.gov/files/docs/emergency/452721/wyoming-2019-0311-executiveorder-propone.pdf,802908,134092,2019-03-13 09:00:00,2019-03-14 01:00:00,Z,NWS forecast zone,54,NORTHERN CAMPBELL,Winter Storm,,,0,0,0.00K,0.00K,Emergency Manager,"A very strong winter storm moved across the region, bringing heavy snow and gusty winds to portions of northeastern Wyoming. Snow developed during the morning hours. Northwest winds increased during the late morning and afternoon, with areas of blowing snow developing. Snow ended late at night, with winds gradually tapering off during the morning. The heaviest snowfall was across portions of Campbell County to the Wyoming Black Hills, where six to around 12 inches were reported, while less than an inch of snow was reported in Newcastle. Blowing and drifting snow made travel very difficult across much of the area.",
WY-EO-2019-1,2019-1,Mark Gordon,Statewide emergency for propane supply during exceptionally cold conditions,2019-03-11,https://www.fmcsa.dot.gov/sites/fmcsa.dot.gov/files/docs/emergency/452721/wyoming-2019-0311-executiveorder-propone.pdf,810003,135135,2019-03-13 06:00:00,2019-03-13 22:00:00,Z,NWS forecast zone,28,ROCK SPRINGS & GREEN RIVER,Winter Storm,,,0,0,0.00K,0.00K,Trained Spotter,"A potent area of low pressure developed in the Lee of the Colorado Rockies and brought heavy snow and strong wind to portions of western and central Wyoming. The hardest hit areas were Johnson, Natrona and Sweetwater Counties. The heaviest snow fell in Natrona County. Portions of Casper Mountain received over 2 feet of snow with the city of Casper getting anywhere from 9 to 18 inches. Across Sweetwater County, 6 to 10 inches of snow was common. The snow combined with winds gusting over 50 mph to bring sharply reduced visibility and the closure of many roads, including Interstates 25 and 80.","Trained spotters reported anywhere from 5 to 8 inches across Rock Springs, amounts generally diminished further to the west. The snow combined with winds gusting over 40 mph to cause the closure of Interstate 80 for several hours."
WY-EO-2019-1,2019-1,Mark Gordon,Statewide emergency for propane supply during exceptionally cold conditions,2019-03-11,https://www.fmcsa.dot.gov/sites/fmcsa.dot.gov/files/docs/emergency/452721/wyoming-2019-0311-executiveorder-propone.pdf,807147,134710,2019-03-13 09:42:00,2019-03-14 01:27:00,Z,NWS forecast zone,99,SHERIDAN FOOTHILLS,Blizzard,,,0,0,0.00K,0.00K,Trained Spotter,"A strong upper low moved across Wyoming during the 12th and 13th. This low provided low-level moisture to advect into Sheridan County resulting in heavy snow. In addition, tight surface pressure gradients associated with the low resulted in very gusty winds. Blizzard conditions occurred across the area resulting in severe driving conditions and interstate closures.",Snowfall amounts of 3 to 10 inches were reported across the area. Very gusty winds resulted in blowing snow and low visibilities. Interstate 90 south of Sheridan was closed for a period of time.
WY-EO-2019-1,2019-1,Mark Gordon,Statewide emergency for propane supply during exceptionally cold conditions,2019-03-11,https://www.fmcsa.dot.gov/sites/fmcsa.dot.gov/files/docs/emergency/452721/wyoming-2019-0311-executiveorder-propone.pdf,810786,134028,2019-03-13 11:50:00,2019-03-14 02:35:00,Z,NWS forecast zone,105,SHIRLEY BASIN,Blizzard,,,0,0,,,Department of Highways,"A well deepening Colorado Low underwent bombogenesis producing widespread heavy snow and blizzard conditions across all of southeastern Wyoming. Conditions initially began as rain on the morning of the 13th with thunderstorms across the far southeastern portion before transitioning over to snow later in the morning. By noon of the 13th, almost all of southeastern Wyoming was under blizzard conditions with Interstates 80 and 25 closed to traffic and communities issuing no travel advised to keep folks off the road. Snow foot drifts of over 10 feet tall were reported with heavy snowfall of over a foot measured. Initial estimates placed livestock losses at 4,100 cattle, 200 sheep and 40 horses statewide from snow and flooding.",Wyoming Department of Transporation sensor at Shirley Rim measured blizzard conditions.
WY-EO-2019-1,2019-1,Mark Gordon,Statewide emergency for propane supply during exceptionally cold conditions,2019-03-11,https://www.fmcsa.dot.gov/sites/fmcsa.dot.gov/files/docs/emergency/452721/wyoming-2019-0311-executiveorder-propone.pdf,808211,134804,2019-03-08 05:00:00,2019-03-09 08:00:00,Z,NWS forecast zone,112,SIERRA MADRE RANGE,Heavy Snow,,,0,0,,,SNOTEL,A shortwave trough axis extending from western Wyoming south and west to the Four Corners with an associated low center and cold front passed over the forecast region creting a tight pressure gradient and strong subsidence in its wake. Most of the wind prone area across southeastern Wyoming experienced wind gusts reaching into the low 60 mph range. High peaks across the Sierra Madre and Snowy Range received over a foot of snow as part of the frontal passage over the area. The eastern portion of Laramie County had a heavy snowband move across the Albin area dropping up to six inches of snow.,Sensor at Old Battle or ten miles west-southwest of Encampment measured a snow water equivalent of 1.10 inches. Applying a snow to liquid ratio of twelve to one calculated an estimated total snowfall of 13.2 inches.
WY-EO-2019-1,2019-1,Mark Gordon,Statewide emergency for propane supply during exceptionally cold conditions,2019-03-11,https://www.fmcsa.dot.gov/sites/fmcsa.dot.gov/files/docs/emergency/452721/wyoming-2019-0311-executiveorder-propone.pdf,811606,134028,2019-03-13 11:20:00,2019-03-13 15:20:00,Z,NWS forecast zone,112,SIERRA MADRE RANGE,Blizzard,,,0,0,,,RAWS,"A well deepening Colorado Low underwent bombogenesis producing widespread heavy snow and blizzard conditions across all of southeastern Wyoming. Conditions initially began as rain on the morning of the 13th with thunderstorms across the far southeastern portion before transitioning over to snow later in the morning. By noon of the 13th, almost all of southeastern Wyoming was under blizzard conditions with Interstates 80 and 25 closed to traffic and communities issuing no travel advised to keep folks off the road. Snow foot drifts of over 10 feet tall were reported with heavy snowfall of over a foot measured. Initial estimates placed livestock losses at 4,100 cattle, 200 sheep and 40 horses statewide from snow and flooding.",Sandstone sensor measured blizzard criteria winds while several SNOTEL sites in the mountains measured over 20 inches of snow.
WY-EO-2019-1,2019-1,Mark Gordon,Statewide emergency for propane supply during exceptionally cold conditions,2019-03-11,https://www.fmcsa.dot.gov/sites/fmcsa.dot.gov/files/docs/emergency/452721/wyoming-2019-0311-executiveorder-propone.pdf,808210,134804,2019-03-08 05:00:00,2019-03-09 08:00:00,Z,NWS forecast zone,114,SNOWY RANGE,Heavy Snow,,,0,0,,,SNOTEL,A shortwave trough axis extending from western Wyoming south and west to the Four Corners with an associated low center and cold front passed over the forecast region creting a tight pressure gradient and strong subsidence in its wake. Most of the wind prone area across southeastern Wyoming experienced wind gusts reaching into the low 60 mph range. High peaks across the Sierra Madre and Snowy Range received over a foot of snow as part of the frontal passage over the area. The eastern portion of Laramie County had a heavy snowband move across the Albin area dropping up to six inches of snow.,"Med Bow site located twenty-one miles south-southeast of Elk Mountain at an elevation of 10,510 feet received a snow water equivalent of 0.9 inches. Applying a fifteen to one ratio calculates an estimated snowfall total of 13.5 inches."
WY-EO-2019-1,2019-1,Mark Gordon,Statewide emergency for propane supply during exceptionally cold conditions,2019-03-11,https://www.fmcsa.dot.gov/sites/fmcsa.dot.gov/files/docs/emergency/452721/wyoming-2019-0311-executiveorder-propone.pdf,811616,134028,2019-03-13 10:52:00,2019-03-13 20:52:00,Z,NWS forecast zone,114,SNOWY RANGE,Blizzard,,,0,0,,,Mesonet,"A well deepening Colorado Low underwent bombogenesis producing widespread heavy snow and blizzard conditions across all of southeastern Wyoming. Conditions initially began as rain on the morning of the 13th with thunderstorms across the far southeastern portion before transitioning over to snow later in the morning. By noon of the 13th, almost all of southeastern Wyoming was under blizzard conditions with Interstates 80 and 25 closed to traffic and communities issuing no travel advised to keep folks off the road. Snow foot drifts of over 10 feet tall were reported with heavy snowfall of over a foot measured. Initial estimates placed livestock losses at 4,100 cattle, 200 sheep and 40 horses statewide from snow and flooding.",Blizzard wind conditions measured at the Sawmill Park sensor while the highest estimated snowfall total by area SNOTEL site up to 45 inches.
WY-EO-2019-1,2019-1,Mark Gordon,Statewide emergency for propane supply during exceptionally cold conditions,2019-03-11,https://www.fmcsa.dot.gov/sites/fmcsa.dot.gov/files/docs/emergency/452721/wyoming-2019-0311-executiveorder-propone.pdf,800893,133827,2019-03-08 12:00:00,2019-03-09 00:00:00,Z,NWS forecast zone,55,SOUTH CAMPBELL,Winter Weather,,,0,0,0.00K,0.00K,COOP Observer,"A strong storm system moved across the region, bringing areas of moderate snow and gusty winds. The highest snowfall totals were across northern Campbell County into northern Crook County, where three to six inches of snow were reported in some areas. Gusty winds in northern Crook County produced blowing and drifting snow Saturday morning.",
WY-EO-2019-1,2019-1,Mark Gordon,Statewide emergency for propane supply during exceptionally cold conditions,2019-03-11,https://www.fmcsa.dot.gov/sites/fmcsa.dot.gov/files/docs/emergency/452721/wyoming-2019-0311-executiveorder-propone.pdf,805376,134092,2019-03-13 04:00:00,2019-03-14 01:00:00,Z,NWS forecast zone,55,SOUTH CAMPBELL,Winter Storm,,,0,0,0.00K,0.00K,COOP Observer,"A very strong winter storm moved across the region, bringing heavy snow and gusty winds to portions of northeastern Wyoming. Snow developed during the morning hours. Northwest winds increased during the late morning and afternoon, with areas of blowing snow developing. Snow ended late at night, with winds gradually tapering off during the morning. The heaviest snowfall was across portions of Campbell County to the Wyoming Black Hills, where six to around 12 inches were reported, while less than an inch of snow was reported in Newcastle. Blowing and drifting snow made travel very difficult across much of the area.",
WY-EO-2019-1,2019-1,Mark Gordon,Statewide emergency for propane supply during exceptionally cold conditions,2019-03-11,https://www.fmcsa.dot.gov/sites/fmcsa.dot.gov/files/docs/emergency/452721/wyoming-2019-0311-executiveorder-propone.pdf,807990,134804,2019-03-09 04:15:00,2019-03-09 14:15:00,Z,NWS forecast zone,116,SOUTH LARAMIE RANGE,High Wind,60.0,MG,0,0,,,Department of Highways,A shortwave trough axis extending from western Wyoming south and west to the Four Corners with an associated low center and cold front passed over the forecast region creting a tight pressure gradient and strong subsidence in its wake. Most of the wind prone area across southeastern Wyoming experienced wind gusts reaching into the low 60 mph range. High peaks across the Sierra Madre and Snowy Range received over a foot of snow as part of the frontal passage over the area. The eastern portion of Laramie County had a heavy snowband move across the Albin area dropping up to six inches of snow.,Wyoming Department of Transportation sensor at Lone Tree along Interstate 80 or two miles west of Buford measured the reported wind gust.
WY-EO-2019-1,2019-1,Mark Gordon,Statewide emergency for propane supply during exceptionally cold conditions,2019-03-11,https://www.fmcsa.dot.gov/sites/fmcsa.dot.gov/files/docs/emergency/452721/wyoming-2019-0311-executiveorder-propone.pdf,811619,134028,2019-03-13 08:35:00,2019-03-14 10:40:00,Z,NWS forecast zone,116,SOUTH LARAMIE RANGE,Blizzard,,,0,0,,,Department of Highways,"A well deepening Colorado Low underwent bombogenesis producing widespread heavy snow and blizzard conditions across all of southeastern Wyoming. Conditions initially began as rain on the morning of the 13th with thunderstorms across the far southeastern portion before transitioning over to snow later in the morning. By noon of the 13th, almost all of southeastern Wyoming was under blizzard conditions with Interstates 80 and 25 closed to traffic and communities issuing no travel advised to keep folks off the road. Snow foot drifts of over 10 feet tall were reported with heavy snowfall of over a foot measured. Initial estimates placed livestock losses at 4,100 cattle, 200 sheep and 40 horses statewide from snow and flooding.",Wyoming Department of Transportation sensors along Interstate 80 measured prolonged period of blizzard conditions with Crow Creek Snotel measuring an estimated total of 18 inches.
WY-EO-2019-1,2019-1,Mark Gordon,Statewide emergency for propane supply during exceptionally cold conditions,2019-03-11,https://www.fmcsa.dot.gov/sites/fmcsa.dot.gov/files/docs/emergency/452721/wyoming-2019-0311-executiveorder-propone.pdf,807991,134804,2019-03-09 06:15:00,2019-03-09 11:45:00,Z,NWS forecast zone,117,SOUTH LARAMIE RANGE FOOTHILLS,High Wind,50.0,MG,0,0,,,Department of Highways,A shortwave trough axis extending from western Wyoming south and west to the Four Corners with an associated low center and cold front passed over the forecast region creting a tight pressure gradient and strong subsidence in its wake. Most of the wind prone area across southeastern Wyoming experienced wind gusts reaching into the low 60 mph range. High peaks across the Sierra Madre and Snowy Range received over a foot of snow as part of the frontal passage over the area. The eastern portion of Laramie County had a heavy snowband move across the Albin area dropping up to six inches of snow.,Wyoming Department of Transportation sensor at Otto or sixteen miles west-southwest of Cheyenne measured the reported wind gust.
WY-EO-2019-1,2019-1,Mark Gordon,Statewide emergency for propane supply during exceptionally cold conditions,2019-03-11,https://www.fmcsa.dot.gov/sites/fmcsa.dot.gov/files/docs/emergency/452721/wyoming-2019-0311-executiveorder-propone.pdf,811620,134028,2019-03-13 09:50:00,2019-03-13 22:20:00,Z,NWS forecast zone,117,SOUTH LARAMIE RANGE FOOTHILLS,Blizzard,,,0,0,,,Department of Highways,"A well deepening Colorado Low underwent bombogenesis producing widespread heavy snow and blizzard conditions across all of southeastern Wyoming. Conditions initially began as rain on the morning of the 13th with thunderstorms across the far southeastern portion before transitioning over to snow later in the morning. By noon of the 13th, almost all of southeastern Wyoming was under blizzard conditions with Interstates 80 and 25 closed to traffic and communities issuing no travel advised to keep folks off the road. Snow foot drifts of over 10 feet tall were reported with heavy snowfall of over a foot measured. Initial estimates placed livestock losses at 4,100 cattle, 200 sheep and 40 horses statewide from snow and flooding.",Wyoming Department of Transportation sensors along Interstate 80 observed blizzard conditions.
WY-EO-2019-1,2019-1,Mark Gordon,Statewide emergency for propane supply during exceptionally cold conditions,2019-03-11,https://www.fmcsa.dot.gov/sites/fmcsa.dot.gov/files/docs/emergency/452721/wyoming-2019-0311-executiveorder-propone.pdf,810011,135135,2019-03-13 08:00:00,2019-03-14 06:00:00,Z,NWS forecast zone,11,SOUTHEAST JOHNSON COUNTY,Winter Storm,,,0,0,0.00K,0.00K,Trained Spotter,"A potent area of low pressure developed in the Lee of the Colorado Rockies and brought heavy snow and strong wind to portions of western and central Wyoming. The hardest hit areas were Johnson, Natrona and Sweetwater Counties. The heaviest snow fell in Natrona County. Portions of Casper Mountain received over 2 feet of snow with the city of Casper getting anywhere from 9 to 18 inches. Across Sweetwater County, 6 to 10 inches of snow was common. The snow combined with winds gusting over 50 mph to bring sharply reduced visibility and the closure of many roads, including Interstates 25 and 80.",Heavy snow fell in portions of southeastern Johnson County. The highest amount measured was 6 inches near Linch. The snow combined with winds gusting past 50 mph at times to bring near whiteout conditions and cause the closure of Interstate 25.
WY-EO-2019-1,2019-1,Mark Gordon,Statewide emergency for propane supply during exceptionally cold conditions,2019-03-11,https://www.fmcsa.dot.gov/sites/fmcsa.dot.gov/files/docs/emergency/452721/wyoming-2019-0311-executiveorder-propone.pdf,811605,134028,2019-03-13 02:43:00,2019-03-13 21:43:00,Z,NWS forecast zone,111,SOUTHWEST CARBON COUNTY,Blizzard,,,0,0,,,Mesonet,"A well deepening Colorado Low underwent bombogenesis producing widespread heavy snow and blizzard conditions across all of southeastern Wyoming. Conditions initially began as rain on the morning of the 13th with thunderstorms across the far southeastern portion before transitioning over to snow later in the morning. By noon of the 13th, almost all of southeastern Wyoming was under blizzard conditions with Interstates 80 and 25 closed to traffic and communities issuing no travel advised to keep folks off the road. Snow foot drifts of over 10 feet tall were reported with heavy snowfall of over a foot measured. Initial estimates placed livestock losses at 4,100 cattle, 200 sheep and 40 horses statewide from snow and flooding.",Several periods of high wind criteria gusts above 58 mph coupled with ongoing snow heavy snow brought blizzard conditions. Snow totals were over 15 inches.
WY-EO-2019-1,2019-1,Mark Gordon,Statewide emergency for propane supply during exceptionally cold conditions,2019-03-11,https://www.fmcsa.dot.gov/sites/fmcsa.dot.gov/files/docs/emergency/452721/wyoming-2019-0311-executiveorder-propone.pdf,897530,148934,2019-03-12 22:00:00,2019-03-14 03:00:00,Z,NWS forecast zone,21,UINTA,Heavy Snow,,,0,0,0.00K,0.00K,COOP Observer,Heavy snow fell across southwest Wyoming.,Storm total snowfall reports included 32 inches in Lyman and 10.6 inches in Mountain Home.
WY-EO-2019-1,2019-1,Mark Gordon,Statewide emergency for propane supply during exceptionally cold conditions,2019-03-11,https://www.fmcsa.dot.gov/sites/fmcsa.dot.gov/files/docs/emergency/452721/wyoming-2019-0311-executiveorder-propone.pdf,811607,134028,2019-03-13 09:55:00,2019-03-13 20:55:00,Z,NWS forecast zone,113,UPPER NORTH PLATTE RIVER BASIN,Blizzard,,,0,0,,,Department of Highways,"A well deepening Colorado Low underwent bombogenesis producing widespread heavy snow and blizzard conditions across all of southeastern Wyoming. Conditions initially began as rain on the morning of the 13th with thunderstorms across the far southeastern portion before transitioning over to snow later in the morning. By noon of the 13th, almost all of southeastern Wyoming was under blizzard conditions with Interstates 80 and 25 closed to traffic and communities issuing no travel advised to keep folks off the road. Snow foot drifts of over 10 feet tall were reported with heavy snowfall of over a foot measured. Initial estimates placed livestock losses at 4,100 cattle, 200 sheep and 40 horses statewide from snow and flooding.",Conditions reported at the Skyline Wyoming Department of Transportation sensor with highest wind gusts at 40 mph.
WY-EO-2019-1,2019-1,Mark Gordon,Statewide emergency for propane supply during exceptionally cold conditions,2019-03-11,https://www.fmcsa.dot.gov/sites/fmcsa.dot.gov/files/docs/emergency/452721/wyoming-2019-0311-executiveorder-propone.pdf,800897,133827,2019-03-08 15:00:00,2019-03-09 04:00:00,Z,NWS forecast zone,56,WESTERN CROOK,Winter Weather,,,0,0,0.00K,0.00K,Public,"A strong storm system moved across the region, bringing areas of moderate snow and gusty winds. The highest snowfall totals were across northern Campbell County into northern Crook County, where three to six inches of snow were reported in some areas. Gusty winds in northern Crook County produced blowing and drifting snow Saturday morning.",
WY-EO-2019-1,2019-1,Mark Gordon,Statewide emergency for propane supply during exceptionally cold conditions,2019-03-11,https://www.fmcsa.dot.gov/sites/fmcsa.dot.gov/files/docs/emergency/452721/wyoming-2019-0311-executiveorder-propone.pdf,805380,134092,2019-03-13 07:00:00,2019-03-14 03:00:00,Z,NWS forecast zone,56,WESTERN CROOK,Winter Storm,,,0,0,0.00K,0.00K,Trained Spotter,"A very strong winter storm moved across the region, bringing heavy snow and gusty winds to portions of northeastern Wyoming. Snow developed during the morning hours. Northwest winds increased during the late morning and afternoon, with areas of blowing snow developing. Snow ended late at night, with winds gradually tapering off during the morning. The heaviest snowfall was across portions of Campbell County to the Wyoming Black Hills, where six to around 12 inches were reported, while less than an inch of snow was reported in Newcastle. Blowing and drifting snow made travel very difficult across much of the area.",
WY-EO-2019-1,2019-1,Mark Gordon,Statewide emergency for propane supply during exceptionally cold conditions,2019-03-11,https://www.fmcsa.dot.gov/sites/fmcsa.dot.gov/files/docs/emergency/452721/wyoming-2019-0311-executiveorder-propone.pdf,802910,134092,2019-03-13 06:00:00,2019-03-14 05:00:00,Z,NWS forecast zone,58,WESTON,Winter Storm,,,0,0,0.00K,0.00K,Emergency Manager,"A very strong winter storm moved across the region, bringing heavy snow and gusty winds to portions of northeastern Wyoming. Snow developed during the morning hours. Northwest winds increased during the late morning and afternoon, with areas of blowing snow developing. Snow ended late at night, with winds gradually tapering off during the morning. The heaviest snowfall was across portions of Campbell County to the Wyoming Black Hills, where six to around 12 inches were reported, while less than an inch of snow was reported in Newcastle. Blowing and drifting snow made travel very difficult across much of the area.",
WY-EO-2019-1,2019-1,Mark Gordon,Statewide emergency for propane supply during exceptionally cold conditions,2019-03-11,https://www.fmcsa.dot.gov/sites/fmcsa.dot.gov/files/docs/emergency/452721/wyoming-2019-0311-executiveorder-propone.pdf,800898,133827,2019-03-08 15:00:00,2019-03-09 04:00:00,Z,NWS forecast zone,57,WYOMING BLACK HILLS,Winter Weather,,,0,0,0.00K,0.00K,CoCoRaHS,"A strong storm system moved across the region, bringing areas of moderate snow and gusty winds. The highest snowfall totals were across northern Campbell County into northern Crook County, where three to six inches of snow were reported in some areas. Gusty winds in northern Crook County produced blowing and drifting snow Saturday morning.",
WY-EO-2019-1,2019-1,Mark Gordon,Statewide emergency for propane supply during exceptionally cold conditions,2019-03-11,https://www.fmcsa.dot.gov/sites/fmcsa.dot.gov/files/docs/emergency/452721/wyoming-2019-0311-executiveorder-propone.pdf,802909,134092,2019-03-13 06:00:00,2019-03-14 05:00:00,Z,NWS forecast zone,57,WYOMING BLACK HILLS,Winter Storm,,,0,0,0.00K,0.00K,Emergency Manager,"A very strong winter storm moved across the region, bringing heavy snow and gusty winds to portions of northeastern Wyoming. Snow developed during the morning hours. Northwest winds increased during the late morning and afternoon, with areas of blowing snow developing. Snow ended late at night, with winds gradually tapering off during the morning. The heaviest snowfall was across portions of Campbell County to the Wyoming Black Hills, where six to around 12 inches were reported, while less than an inch of snow was reported in Newcastle. Blowing and drifting snow made travel very difficult across much of the area.",
WY-EO-2021-04,2021-04,Mark Gordon,Declaration of Emergency,2021-03-16,https://drive.google.com/file/d/1Et80prkKGYKkVAmkevdBK6CZOyqrpNa-/view?usp=drive_link,950452,157242,2021-03-13 14:00:00,2021-03-14 14:00:00,Z,NWS forecast zone,9,BIGHORN MOUNTAINS SOUTHEAST,Winter Storm,,,0,0,0.00K,0.00K,SNOTEL,"Lee cyclogenesis occurred over Colorado and low pressure moved slowly into the Plains states. Favorable east to northeasterly upslope flow brought heavy snow to portions of central Wyoming. The heaviest snow fell in the Casper area. Mesoscale banding developed in the area and brought extremely heavy snowfall rates on the morning of March 14th. A total of 15 inches of snow fell between 6 am and noon. There were widespread reports of over 15 inches of snow around Casper with a total storm total of 26.3 inches at the Casper Airport. This total was the 3rd largest storm total snowfall in station history and the largest storm total since December 1982. Heavy snow also fell in portions of Fremont, Sweetwater and Johnson Counties. The heavy snow closed many major roads, including Interstates 25 and 80 as well as US 20 26 and US 287. Some closures stretched for 3 days, stranding many travelers.",Heavy snow fell in portions of the Eastern Bighorns. The highest total was 14 inches at the Cloud Peak SNOTEL site.
WY-EO-2021-04,2021-04,Mark Gordon,Declaration of Emergency,2021-03-16,https://drive.google.com/file/d/1Et80prkKGYKkVAmkevdBK6CZOyqrpNa-/view?usp=drive_link,950447,157242,2021-03-13 18:00:00,2021-03-14 16:00:00,Z,NWS forecast zone,22,CASPER MOUNTAIN,Winter Storm,,,0,0,0.00K,0.00K,SNOTEL,"Lee cyclogenesis occurred over Colorado and low pressure moved slowly into the Plains states. Favorable east to northeasterly upslope flow brought heavy snow to portions of central Wyoming. The heaviest snow fell in the Casper area. Mesoscale banding developed in the area and brought extremely heavy snowfall rates on the morning of March 14th. A total of 15 inches of snow fell between 6 am and noon. There were widespread reports of over 15 inches of snow around Casper with a total storm total of 26.3 inches at the Casper Airport. This total was the 3rd largest storm total snowfall in station history and the largest storm total since December 1982. Heavy snow also fell in portions of Fremont, Sweetwater and Johnson Counties. The heavy snow closed many major roads, including Interstates 25 and 80 as well as US 20 26 and US 287. Some closures stretched for 3 days, stranding many travelers.","Heavy snow fell on Casper Mountain, in Natrona County, Wyoming. The Casper Mountain SNOTEL site reported 20 inches of new snow."
WY-EO-2021-04,2021-04,Mark Gordon,Declaration of Emergency,2021-03-16,https://drive.google.com/file/d/1Et80prkKGYKkVAmkevdBK6CZOyqrpNa-/view?usp=drive_link,938126,155533,2021-03-14 06:53:00,2021-03-14 09:53:00,Z,NWS forecast zone,109,CENTRAL CARBON COUNTY,Blizzard,,,0,0,,,ASOS,"Historic winter storm crippled much of southeast Wyoming with heavy wet snow followed by strong winds and blizzard conditions. Cheyenne received 22.7 inches of snowfall in 24 hours (storm total 30.8 inches) with 4 to 6 foot drifts developing all over. Highest snowfall amount reported over 70 inches (4.5 inches snow water equivalent) in the North Laramie Range. Most areas were digging out from the storm for at least the following week as snow plows got stuck on roadways. Received numerous reports of roof collapses due to the heavy, wet snow. Areas of southeast Wyoming also experienced thundersnow with the heavier snow bands early Sunday morning.",Rawlins Municipal Airport ASOS station KRWL reported 35 to 40 MPH wind gusts and quarter mile visibility for 3 hours. Area webcams showed whiteout conditions. 8 to 12 inches of snowfall reported around Rawlins.
WY-EO-2021-04,2021-04,Mark Gordon,Declaration of Emergency,2021-03-16,https://drive.google.com/file/d/1Et80prkKGYKkVAmkevdBK6CZOyqrpNa-/view?usp=drive_link,938148,155533,2021-03-14 04:42:00,2021-03-14 14:10:00,Z,NWS forecast zone,118,CENTRAL LARAMIE COUNTY,Blizzard,,,1,0,,,ASOS,"Historic winter storm crippled much of southeast Wyoming with heavy wet snow followed by strong winds and blizzard conditions. Cheyenne received 22.7 inches of snowfall in 24 hours (storm total 30.8 inches) with 4 to 6 foot drifts developing all over. Highest snowfall amount reported over 70 inches (4.5 inches snow water equivalent) in the North Laramie Range. Most areas were digging out from the storm for at least the following week as snow plows got stuck on roadways. Received numerous reports of roof collapses due to the heavy, wet snow. Areas of southeast Wyoming also experienced thundersnow with the heavier snow bands early Sunday morning.","Cheyenne Airport ASOS station KCYS reported 35 to 55 MPH wind gusts and one quarter mile visibility. NWS Employees at the WFO also observed blizzard conditions. Reports of 3 to 5 foot high drifts reported across town and neighboring areas which shutdown the city of Cheyenne through the following Wednesday. Numerous power outages were reported around town. Roof collapse reported at CrossFit Frontier building due to heavy, wet snow. One fatality in Cheyenne was reported as a homeless person was found in the snow outside a church due to exposure from the cold and snow. Cheyenne area received 25 to 35 inches of snowfall. Officially storm total at NWS Cheyenne office was 30.8 inches."
WY-EO-2021-04,2021-04,Mark Gordon,Declaration of Emergency,2021-03-16,https://drive.google.com/file/d/1Et80prkKGYKkVAmkevdBK6CZOyqrpNa-/view?usp=drive_link,938142,155533,2021-03-14 05:00:00,2021-03-14 22:00:00,Z,NWS forecast zone,106,CENTRAL LARAMIE RANGE AND SOUTHWEST PLATTE COUNTY,Blizzard,,,0,0,,,Trained Spotter,"Historic winter storm crippled much of southeast Wyoming with heavy wet snow followed by strong winds and blizzard conditions. Cheyenne received 22.7 inches of snowfall in 24 hours (storm total 30.8 inches) with 4 to 6 foot drifts developing all over. Highest snowfall amount reported over 70 inches (4.5 inches snow water equivalent) in the North Laramie Range. Most areas were digging out from the storm for at least the following week as snow plows got stuck on roadways. Received numerous reports of roof collapses due to the heavy, wet snow. Areas of southeast Wyoming also experienced thundersnow with the heavier snow bands early Sunday morning.",Former NWS employee reported blizzard conditions most of the day Sunday with visibility below one eighth mile and strong wind gusts around 40 MPH 8 miles southwest of Wheatland. Reported average snow depth around 3 feet.
WY-EO-2021-04,2021-04,Mark Gordon,Declaration of Emergency,2021-03-16,https://drive.google.com/file/d/1Et80prkKGYKkVAmkevdBK6CZOyqrpNa-/view?usp=drive_link,939825,155533,2021-03-13 13:00:00,2021-03-15 00:10:00,Z,NWS forecast zone,101,CONVERSE COUNTY LOWER ELEVATIONS,Winter Storm,,,0,0,,,CoCoRaHS,"Historic winter storm crippled much of southeast Wyoming with heavy wet snow followed by strong winds and blizzard conditions. Cheyenne received 22.7 inches of snowfall in 24 hours (storm total 30.8 inches) with 4 to 6 foot drifts developing all over. Highest snowfall amount reported over 70 inches (4.5 inches snow water equivalent) in the North Laramie Range. Most areas were digging out from the storm for at least the following week as snow plows got stuck on roadways. Received numerous reports of roof collapses due to the heavy, wet snow. Areas of southeast Wyoming also experienced thundersnow with the heavier snow bands early Sunday morning.","Numerous CoCoRaHS observers reported 2 day storm total accumulations of 14 to 24 inches of snowfall near Douglas and Glenrock, including 23 inches 1 mile west-northwest of Glenrock and 21 inches 4 miles west-southwest of Douglas. Near blizzard conditions were reported with the Douglas Airport ASOS station recording 35 to 45 MPH wind gusts and visibility one half to three quarters mile visibility for much of the morning on the 14th."
WY-EO-2021-04,2021-04,Mark Gordon,Declaration of Emergency,2021-03-16,https://drive.google.com/file/d/1Et80prkKGYKkVAmkevdBK6CZOyqrpNa-/view?usp=drive_link,938165,155533,2021-03-14 06:35:00,2021-03-14 11:15:00,Z,NWS forecast zone,119,EAST LARAMIE COUNTY,Blizzard,,,0,0,,,AWOS,"Historic winter storm crippled much of southeast Wyoming with heavy wet snow followed by strong winds and blizzard conditions. Cheyenne received 22.7 inches of snowfall in 24 hours (storm total 30.8 inches) with 4 to 6 foot drifts developing all over. Highest snowfall amount reported over 70 inches (4.5 inches snow water equivalent) in the North Laramie Range. Most areas were digging out from the storm for at least the following week as snow plows got stuck on roadways. Received numerous reports of roof collapses due to the heavy, wet snow. Areas of southeast Wyoming also experienced thundersnow with the heavier snow bands early Sunday morning.",Pine Bluffs Municipal Airport AWOS station K82V reported 35 MPH wind gusts and one quarter mile visibility. Area webcams showed whiteout conditions. Interstate 80 from Cheyenne to the Nebraska state border was closed from 3:40 AM MDT March 14th until 9:20 AM MDT March 17th. Pine Bluffs area reported around 20 inches of storm total snowfall.
WY-EO-2021-04,2021-04,Mark Gordon,Declaration of Emergency,2021-03-16,https://drive.google.com/file/d/1Et80prkKGYKkVAmkevdBK6CZOyqrpNa-/view?usp=drive_link,938145,155533,2021-03-14 09:08:00,2021-03-14 12:44:00,Z,NWS forecast zone,107,EAST PLATTE COUNTY,Blizzard,,,0,0,,,Department of Highways,"Historic winter storm crippled much of southeast Wyoming with heavy wet snow followed by strong winds and blizzard conditions. Cheyenne received 22.7 inches of snowfall in 24 hours (storm total 30.8 inches) with 4 to 6 foot drifts developing all over. Highest snowfall amount reported over 70 inches (4.5 inches snow water equivalent) in the North Laramie Range. Most areas were digging out from the storm for at least the following week as snow plows got stuck on roadways. Received numerous reports of roof collapses due to the heavy, wet snow. Areas of southeast Wyoming also experienced thundersnow with the heavier snow bands early Sunday morning.",Wyoming Department of Transportation mesonet station WY1 Coleman along Interstate 25 reported wind gusts 35 to 55 MPH with one quarter mile visibility. Area webcams showed whiteout conditions. Interstate 25 Wheatland to Douglas was closed starting 8:15 PM MST March 13th until 8:45 AM MDT March 17th.
WY-EO-2021-04,2021-04,Mark Gordon,Declaration of Emergency,2021-03-16,https://drive.google.com/file/d/1Et80prkKGYKkVAmkevdBK6CZOyqrpNa-/view?usp=drive_link,950451,157242,2021-03-13 20:00:00,2021-03-14 14:00:00,Z,NWS forecast zone,30,EAST SWEETWATER COUNTY,Winter Storm,,,0,0,0.00K,0.00K,Trained Spotter,"Lee cyclogenesis occurred over Colorado and low pressure moved slowly into the Plains states. Favorable east to northeasterly upslope flow brought heavy snow to portions of central Wyoming. The heaviest snow fell in the Casper area. Mesoscale banding developed in the area and brought extremely heavy snowfall rates on the morning of March 14th. A total of 15 inches of snow fell between 6 am and noon. There were widespread reports of over 15 inches of snow around Casper with a total storm total of 26.3 inches at the Casper Airport. This total was the 3rd largest storm total snowfall in station history and the largest storm total since December 1982. Heavy snow also fell in portions of Fremont, Sweetwater and Johnson Counties. The heavy snow closed many major roads, including Interstates 25 and 80 as well as US 20 26 and US 287. Some closures stretched for 3 days, stranding many travelers.","A trained spotter measured 6 inches of snow in Wamsutter, Wyoming. The snow and wind led to the closure of Interstate 80 for a couple of days, severely effecting transportation across southern Wyoming."
WY-EO-2021-04,2021-04,Mark Gordon,Declaration of Emergency,2021-03-16,https://drive.google.com/file/d/1Et80prkKGYKkVAmkevdBK6CZOyqrpNa-/view?usp=drive_link,938220,155533,2021-03-13 03:00:00,2021-03-14 19:00:00,Z,NWS forecast zone,104,FERRIS/SEMINOE/SHIRLEY MOUNTAINS,Winter Storm,,,0,0,,,Public,"Historic winter storm crippled much of southeast Wyoming with heavy wet snow followed by strong winds and blizzard conditions. Cheyenne received 22.7 inches of snowfall in 24 hours (storm total 30.8 inches) with 4 to 6 foot drifts developing all over. Highest snowfall amount reported over 70 inches (4.5 inches snow water equivalent) in the North Laramie Range. Most areas were digging out from the storm for at least the following week as snow plows got stuck on roadways. Received numerous reports of roof collapses due to the heavy, wet snow. Areas of southeast Wyoming also experienced thundersnow with the heavier snow bands early Sunday morning.",Received report from Muddy Gap gas station of 5 foot drifts and road closures in the area for US 287 and WYO 220 for at least 2 days. Estimated 2 feet of snowfall.
WY-EO-2021-04,2021-04,Mark Gordon,Declaration of Emergency,2021-03-16,https://drive.google.com/file/d/1Et80prkKGYKkVAmkevdBK6CZOyqrpNa-/view?usp=drive_link,938166,155533,2021-03-14 07:55:00,2021-03-14 13:53:00,Z,NWS forecast zone,108,GOSHEN COUNTY,Blizzard,,,0,0,,,ASOS,"Historic winter storm crippled much of southeast Wyoming with heavy wet snow followed by strong winds and blizzard conditions. Cheyenne received 22.7 inches of snowfall in 24 hours (storm total 30.8 inches) with 4 to 6 foot drifts developing all over. Highest snowfall amount reported over 70 inches (4.5 inches snow water equivalent) in the North Laramie Range. Most areas were digging out from the storm for at least the following week as snow plows got stuck on roadways. Received numerous reports of roof collapses due to the heavy, wet snow. Areas of southeast Wyoming also experienced thundersnow with the heavier snow bands early Sunday morning.",Torrington Municipal Airport ASOS station KTOR reported 35 to 45 MPH wind gusts and one quarter mile visibility. 20 to 30 inches of storm total snowfall in the area. Numerous power outages reported.
WY-EO-2021-04,2021-04,Mark Gordon,Declaration of Emergency,2021-03-16,https://drive.google.com/file/d/1Et80prkKGYKkVAmkevdBK6CZOyqrpNa-/view?usp=drive_link,950450,157242,2021-03-13 17:00:00,2021-03-14 15:00:00,Z,NWS forecast zone,19,GREEN MOUNTAINS & RATTLESNAKE RANGE,Winter Storm,,,0,0,0.00K,0.00K,Department of Highways,"Lee cyclogenesis occurred over Colorado and low pressure moved slowly into the Plains states. Favorable east to northeasterly upslope flow brought heavy snow to portions of central Wyoming. The heaviest snow fell in the Casper area. Mesoscale banding developed in the area and brought extremely heavy snowfall rates on the morning of March 14th. A total of 15 inches of snow fell between 6 am and noon. There were widespread reports of over 15 inches of snow around Casper with a total storm total of 26.3 inches at the Casper Airport. This total was the 3rd largest storm total snowfall in station history and the largest storm total since December 1982. Heavy snow also fell in portions of Fremont, Sweetwater and Johnson Counties. The heavy snow closed many major roads, including Interstates 25 and 80 as well as US 20 26 and US 287. Some closures stretched for 3 days, stranding many travelers.","Heavy snow and gusty winds led to the closure of many roads around the area, including US 287."
WY-EO-2021-04,2021-04,Mark Gordon,Declaration of Emergency,2021-03-16,https://drive.google.com/file/d/1Et80prkKGYKkVAmkevdBK6CZOyqrpNa-/view?usp=drive_link,950449,157242,2021-03-13 16:00:00,2021-03-14 16:00:00,Z,NWS forecast zone,18,LANDER FOOTHILLS,Winter Storm,,,0,0,0.00K,0.00K,Official NWS Observations,"Lee cyclogenesis occurred over Colorado and low pressure moved slowly into the Plains states. Favorable east to northeasterly upslope flow brought heavy snow to portions of central Wyoming. The heaviest snow fell in the Casper area. Mesoscale banding developed in the area and brought extremely heavy snowfall rates on the morning of March 14th. A total of 15 inches of snow fell between 6 am and noon. There were widespread reports of over 15 inches of snow around Casper with a total storm total of 26.3 inches at the Casper Airport. This total was the 3rd largest storm total snowfall in station history and the largest storm total since December 1982. Heavy snow also fell in portions of Fremont, Sweetwater and Johnson Counties. The heavy snow closed many major roads, including Interstates 25 and 80 as well as US 20 26 and US 287. Some closures stretched for 3 days, stranding many travelers.","Snowfall amounts around Lander, Wyoming, generally ranged from 6 to 12 inches, including 7.8 inches at the Lander airport."
WY-EO-2021-04,2021-04,Mark Gordon,Declaration of Emergency,2021-03-16,https://drive.google.com/file/d/1Et80prkKGYKkVAmkevdBK6CZOyqrpNa-/view?usp=drive_link,938129,155533,2021-03-14 07:00:00,2021-03-14 10:35:00,Z,NWS forecast zone,115,LARAMIE VALLEY,Blizzard,,,0,0,,,ASOS,"Historic winter storm crippled much of southeast Wyoming with heavy wet snow followed by strong winds and blizzard conditions. Cheyenne received 22.7 inches of snowfall in 24 hours (storm total 30.8 inches) with 4 to 6 foot drifts developing all over. Highest snowfall amount reported over 70 inches (4.5 inches snow water equivalent) in the North Laramie Range. Most areas were digging out from the storm for at least the following week as snow plows got stuck on roadways. Received numerous reports of roof collapses due to the heavy, wet snow. Areas of southeast Wyoming also experienced thundersnow with the heavier snow bands early Sunday morning.",Laramie Regional Airport ASOS station KLAR reported 35 to 55 MPH wind gusts and quarter mile visibility for over 3 hours and near blizzard conditions for an extended period Sunday. Area webcams showed whiteout conditions. Around 2 feet of snowfall reported around Laramie.
WY-EO-2021-04,2021-04,Mark Gordon,Declaration of Emergency,2021-03-16,https://drive.google.com/file/d/1Et80prkKGYKkVAmkevdBK6CZOyqrpNa-/view?usp=drive_link,950446,157242,2021-03-13 16:00:00,2021-03-14 16:00:00,Z,NWS forecast zone,20,NATRONA COUNTY LOWER ELEVATIONS,Winter Storm,,,0,0,0.00K,0.00K,Official NWS Observations,"Lee cyclogenesis occurred over Colorado and low pressure moved slowly into the Plains states. Favorable east to northeasterly upslope flow brought heavy snow to portions of central Wyoming. The heaviest snow fell in the Casper area. Mesoscale banding developed in the area and brought extremely heavy snowfall rates on the morning of March 14th. A total of 15 inches of snow fell between 6 am and noon. There were widespread reports of over 15 inches of snow around Casper with a total storm total of 26.3 inches at the Casper Airport. This total was the 3rd largest storm total snowfall in station history and the largest storm total since December 1982. Heavy snow also fell in portions of Fremont, Sweetwater and Johnson Counties. The heavy snow closed many major roads, including Interstates 25 and 80 as well as US 20 26 and US 287. Some closures stretched for 3 days, stranding many travelers.","Very heavy snow fell in portions of Natrona County. The highest total reported was 26.3 inches at the Casper, Wyoming airport. Amounts dropped further west with 14 inches reported at Powder River. The storm total of 26.3 inches at the Casper Airport was the highest storm total reported since December 1982."
WY-EO-2021-04,2021-04,Mark Gordon,Declaration of Emergency,2021-03-16,https://drive.google.com/file/d/1Et80prkKGYKkVAmkevdBK6CZOyqrpNa-/view?usp=drive_link,938167,155533,2021-03-14 03:26:00,2021-03-14 12:32:00,Z,NWS forecast zone,102,NIOBRARA COUNTY,Blizzard,,,0,0,,,Department of Highways,"Historic winter storm crippled much of southeast Wyoming with heavy wet snow followed by strong winds and blizzard conditions. Cheyenne received 22.7 inches of snowfall in 24 hours (storm total 30.8 inches) with 4 to 6 foot drifts developing all over. Highest snowfall amount reported over 70 inches (4.5 inches snow water equivalent) in the North Laramie Range. Most areas were digging out from the storm for at least the following week as snow plows got stuck on roadways. Received numerous reports of roof collapses due to the heavy, wet snow. Areas of southeast Wyoming also experienced thundersnow with the heavier snow bands early Sunday morning.",Wyoming Department of Transportation mesonet station WY60 Van Tassell along US20 reported wind gusts 40 to 60 MPH with one quarter mile visibility. Area webcams showed whiteout conditions.
WY-EO-2021-04,2021-04,Mark Gordon,Declaration of Emergency,2021-03-16,https://drive.google.com/file/d/1Et80prkKGYKkVAmkevdBK6CZOyqrpNa-/view?usp=drive_link,938210,155533,2021-03-13 03:00:00,2021-03-15 05:00:00,Z,NWS forecast zone,103,NORTH LARAMIE RANGE,Winter Storm,,,0,0,,,SNOTEL,"Historic winter storm crippled much of southeast Wyoming with heavy wet snow followed by strong winds and blizzard conditions. Cheyenne received 22.7 inches of snowfall in 24 hours (storm total 30.8 inches) with 4 to 6 foot drifts developing all over. Highest snowfall amount reported over 70 inches (4.5 inches snow water equivalent) in the North Laramie Range. Most areas were digging out from the storm for at least the following week as snow plows got stuck on roadways. Received numerous reports of roof collapses due to the heavy, wet snow. Areas of southeast Wyoming also experienced thundersnow with the heavier snow bands early Sunday morning.",Windy Peak SNOTEL site estimated 72.5 inches of snowfall with 4.5 inches of snow water equivalent over this period.
WY-EO-2021-04,2021-04,Mark Gordon,Declaration of Emergency,2021-03-16,https://drive.google.com/file/d/1Et80prkKGYKkVAmkevdBK6CZOyqrpNa-/view?usp=drive_link,939831,155533,2021-03-14 01:26:00,2021-03-14 10:38:00,Z,NWS forecast zone,110,NORTH SNOWY RANGE FOOTHILLS,Blizzard,,,0,0,,,Department of Highways,"Historic winter storm crippled much of southeast Wyoming with heavy wet snow followed by strong winds and blizzard conditions. Cheyenne received 22.7 inches of snowfall in 24 hours (storm total 30.8 inches) with 4 to 6 foot drifts developing all over. Highest snowfall amount reported over 70 inches (4.5 inches snow water equivalent) in the North Laramie Range. Most areas were digging out from the storm for at least the following week as snow plows got stuck on roadways. Received numerous reports of roof collapses due to the heavy, wet snow. Areas of southeast Wyoming also experienced thundersnow with the heavier snow bands early Sunday morning.","Interstate 80 between Laramie and Rawlins was closed from 7 PM MST March 13th through 9:15 AM MDT March 17th. 6 foot drifts were reported across the roadway with numerous sensors reporting 35 MPH wind gusts and visibility as low as one quarter mile at times, including WYDOT mesonet site WY19 Elk Mountain along Interstate 80."
WY-EO-2021-04,2021-04,Mark Gordon,Declaration of Emergency,2021-03-16,https://drive.google.com/file/d/1Et80prkKGYKkVAmkevdBK6CZOyqrpNa-/view?usp=drive_link,938219,155533,2021-03-13 03:00:00,2021-03-14 19:00:00,Z,NWS forecast zone,105,SHIRLEY BASIN,Winter Storm,,,0,0,,,Trained Spotter,"Historic winter storm crippled much of southeast Wyoming with heavy wet snow followed by strong winds and blizzard conditions. Cheyenne received 22.7 inches of snowfall in 24 hours (storm total 30.8 inches) with 4 to 6 foot drifts developing all over. Highest snowfall amount reported over 70 inches (4.5 inches snow water equivalent) in the North Laramie Range. Most areas were digging out from the storm for at least the following week as snow plows got stuck on roadways. Received numerous reports of roof collapses due to the heavy, wet snow. Areas of southeast Wyoming also experienced thundersnow with the heavier snow bands early Sunday morning.",Reported two day storm total snowfall of 12 inches 5 miles east-northeast of Shirley Basin. Estimated 40 to 50 MPH winds both Saturday and Sunday.
WY-EO-2021-04,2021-04,Mark Gordon,Declaration of Emergency,2021-03-16,https://drive.google.com/file/d/1Et80prkKGYKkVAmkevdBK6CZOyqrpNa-/view?usp=drive_link,938212,155533,2021-03-13 03:00:00,2021-03-15 05:00:00,Z,NWS forecast zone,112,SIERRA MADRE RANGE,Winter Storm,,,0,0,,,SNOTEL,"Historic winter storm crippled much of southeast Wyoming with heavy wet snow followed by strong winds and blizzard conditions. Cheyenne received 22.7 inches of snowfall in 24 hours (storm total 30.8 inches) with 4 to 6 foot drifts developing all over. Highest snowfall amount reported over 70 inches (4.5 inches snow water equivalent) in the North Laramie Range. Most areas were digging out from the storm for at least the following week as snow plows got stuck on roadways. Received numerous reports of roof collapses due to the heavy, wet snow. Areas of southeast Wyoming also experienced thundersnow with the heavier snow bands early Sunday morning.",Numerous SNOTEL sites reported 1 to 2 feet of snowfall including Blackhall Mountain SNOTEL site with estimated 26 inches snowfall with 1.5 inches of snow water equivalent.
WY-EO-2021-04,2021-04,Mark Gordon,Declaration of Emergency,2021-03-16,https://drive.google.com/file/d/1Et80prkKGYKkVAmkevdBK6CZOyqrpNa-/view?usp=drive_link,938216,155533,2021-03-13 03:00:00,2021-03-15 05:00:00,Z,NWS forecast zone,114,SNOWY RANGE,Winter Storm,,,0,0,,,SNOTEL,"Historic winter storm crippled much of southeast Wyoming with heavy wet snow followed by strong winds and blizzard conditions. Cheyenne received 22.7 inches of snowfall in 24 hours (storm total 30.8 inches) with 4 to 6 foot drifts developing all over. Highest snowfall amount reported over 70 inches (4.5 inches snow water equivalent) in the North Laramie Range. Most areas were digging out from the storm for at least the following week as snow plows got stuck on roadways. Received numerous reports of roof collapses due to the heavy, wet snow. Areas of southeast Wyoming also experienced thundersnow with the heavier snow bands early Sunday morning.",Numerous SNOTEL sites reported 2 to 3 feet of snowfall including the Sand Lake SNOTEL with 36 inches snowfall on 1.8 inches of snow water equivalent.
WY-EO-2021-04,2021-04,Mark Gordon,Declaration of Emergency,2021-03-16,https://drive.google.com/file/d/1Et80prkKGYKkVAmkevdBK6CZOyqrpNa-/view?usp=drive_link,938131,155533,2021-03-14 04:38:00,2021-03-14 15:38:00,Z,NWS forecast zone,116,SOUTH LARAMIE RANGE,Blizzard,,,0,0,,,Department of Highways,"Historic winter storm crippled much of southeast Wyoming with heavy wet snow followed by strong winds and blizzard conditions. Cheyenne received 22.7 inches of snowfall in 24 hours (storm total 30.8 inches) with 4 to 6 foot drifts developing all over. Highest snowfall amount reported over 70 inches (4.5 inches snow water equivalent) in the North Laramie Range. Most areas were digging out from the storm for at least the following week as snow plows got stuck on roadways. Received numerous reports of roof collapses due to the heavy, wet snow. Areas of southeast Wyoming also experienced thundersnow with the heavier snow bands early Sunday morning.",Wyoming Department of Transportation mesonet station WY36 Lone Tree along Interstate 80 reported wind gusts over 45 MPH and one quarter mile visibility. Area webcams showed whiteout conditions. WYDOT reported 5 foot drifts on Interstate 80 near the Summit which would require rotary plows to remove snow. Interstate 80 was closed in this area between Cheyenne and Laramie from 7:15 PM MST March 13th until 9:00 AM MDT March 17th. Area received around 30 to 35 inches of snowfall.
WY-EO-2021-04,2021-04,Mark Gordon,Declaration of Emergency,2021-03-16,https://drive.google.com/file/d/1Et80prkKGYKkVAmkevdBK6CZOyqrpNa-/view?usp=drive_link,938137,155533,2021-03-14 04:36:00,2021-03-14 15:30:00,Z,NWS forecast zone,117,SOUTH LARAMIE RANGE FOOTHILLS,Blizzard,,,0,0,,,Department of Highways,"Historic winter storm crippled much of southeast Wyoming with heavy wet snow followed by strong winds and blizzard conditions. Cheyenne received 22.7 inches of snowfall in 24 hours (storm total 30.8 inches) with 4 to 6 foot drifts developing all over. Highest snowfall amount reported over 70 inches (4.5 inches snow water equivalent) in the North Laramie Range. Most areas were digging out from the storm for at least the following week as snow plows got stuck on roadways. Received numerous reports of roof collapses due to the heavy, wet snow. Areas of southeast Wyoming also experienced thundersnow with the heavier snow bands early Sunday morning.","Wyoming Department of Transportation mesonet station KWYH Wyo Hill along Interstate 25 reported wind gusts 40 to 55 MPH with one quarter mile visibility. Area webcams showed whiteout conditions. Interstate 25 was closed from the CO state line through Cheyenne starting 8 PM MST March 13th until 9:45 AM MDT March 16th. Between Cheyenne and Chugwater, Interstate 25 was closed until 11:00 AM MDT March 17th. Area received around 30 to 35 inches of snowfall."
WY-EO-2021-04,2021-04,Mark Gordon,Declaration of Emergency,2021-03-16,https://drive.google.com/file/d/1Et80prkKGYKkVAmkevdBK6CZOyqrpNa-/view?usp=drive_link,950453,157242,2021-03-13 16:00:00,2021-03-14 12:00:00,Z,NWS forecast zone,11,SOUTHEAST JOHNSON COUNTY,Winter Storm,,,0,0,0.00K,0.00K,Department of Highways,"Lee cyclogenesis occurred over Colorado and low pressure moved slowly into the Plains states. Favorable east to northeasterly upslope flow brought heavy snow to portions of central Wyoming. The heaviest snow fell in the Casper area. Mesoscale banding developed in the area and brought extremely heavy snowfall rates on the morning of March 14th. A total of 15 inches of snow fell between 6 am and noon. There were widespread reports of over 15 inches of snow around Casper with a total storm total of 26.3 inches at the Casper Airport. This total was the 3rd largest storm total snowfall in station history and the largest storm total since December 1982. Heavy snow also fell in portions of Fremont, Sweetwater and Johnson Counties. The heavy snow closed many major roads, including Interstates 25 and 80 as well as US 20 26 and US 287. Some closures stretched for 3 days, stranding many travelers.","A combination of moderate to heavy snow and gusty wind led to the closure of roads in southern Johnson County, Wyoming, including Interstate 25."
WY-EO-2021-04,2021-04,Mark Gordon,Declaration of Emergency,2021-03-16,https://drive.google.com/file/d/1Et80prkKGYKkVAmkevdBK6CZOyqrpNa-/view?usp=drive_link,938221,155533,2021-03-13 03:00:00,2021-03-14 19:00:00,Z,NWS forecast zone,113,UPPER NORTH PLATTE RIVER BASIN,Winter Weather,,,0,0,,,CoCoRaHS,"Historic winter storm crippled much of southeast Wyoming with heavy wet snow followed by strong winds and blizzard conditions. Cheyenne received 22.7 inches of snowfall in 24 hours (storm total 30.8 inches) with 4 to 6 foot drifts developing all over. Highest snowfall amount reported over 70 inches (4.5 inches snow water equivalent) in the North Laramie Range. Most areas were digging out from the storm for at least the following week as snow plows got stuck on roadways. Received numerous reports of roof collapses due to the heavy, wet snow. Areas of southeast Wyoming also experienced thundersnow with the heavier snow bands early Sunday morning.",Snowfall reports across the area of 4 to 5 inches including site WY-CR-32 with 5.2 inches six miles northeast of Riverside.
WY-EO-2021-04,2021-04,Mark Gordon,Declaration of Emergency,2021-03-16,https://drive.google.com/file/d/1Et80prkKGYKkVAmkevdBK6CZOyqrpNa-/view?usp=drive_link,950448,157242,2021-03-13 12:00:00,2021-03-14 14:00:00,Z,NWS forecast zone,15,WIND RIVER MOUNTAINS EAST,Winter Storm,,,0,0,0.00K,0.00K,SNOTEL,"Lee cyclogenesis occurred over Colorado and low pressure moved slowly into the Plains states. Favorable east to northeasterly upslope flow brought heavy snow to portions of central Wyoming. The heaviest snow fell in the Casper area. Mesoscale banding developed in the area and brought extremely heavy snowfall rates on the morning of March 14th. A total of 15 inches of snow fell between 6 am and noon. There were widespread reports of over 15 inches of snow around Casper with a total storm total of 26.3 inches at the Casper Airport. This total was the 3rd largest storm total snowfall in station history and the largest storm total since December 1982. Heavy snow also fell in portions of Fremont, Sweetwater and Johnson Counties. The heavy snow closed many major roads, including Interstates 25 and 80 as well as US 20 26 and US 287. Some closures stretched for 3 days, stranding many travelers.",Favorable northeasterly upslope flow brought heavy snow to the eastern slopes of the Wind River Range. The highest snow total was 26 inches at the Hobbs Park SNOTEL site. A combination of heavy snow and strong wind led to the closure of Wyoming 28 over South Pass for many hours.
WY-EO-2022-01,2022-01,Mark Gordon,Statewide emergency for a propane shortage during cold temperatures,2022-01-07,https://www.fmcsa.dot.gov/emergency/wyoming-22-01-07-propane-delivery-eo,994583,164710,2022-01-04 13:40:00,2022-01-04 15:53:00,Z,NWS forecast zone,109,CENTRAL CARBON COUNTY,High Wind,52.0,MG,0,0,,,ASOS,"Widespread high winds across much of southeast and south-central Wyoming resulted in extended road closures for light, high-profile vehicles. Many sensors along Interstate 80 in the North Snowy Range Foothills recorded wind gusts 60 to 80 mph.",Rawlins Airport ASOS station (KRWL) measured maximum wind gust at 2:47 PM MST.
WY-EO-2022-01,2022-01,Mark Gordon,Statewide emergency for a propane shortage during cold temperatures,2022-01-07,https://www.fmcsa.dot.gov/emergency/wyoming-22-01-07-propane-delivery-eo,995241,164835,2022-01-05 03:45:00,2022-01-05 23:40:00,Z,NWS forecast zone,109,CENTRAL CARBON COUNTY,Winter Weather,,,0,0,,,Public,"Widespread frontally forced snowfall event across southeast Wyoming backed up against the South Laramie Range extending eastward along the Cheyenne Ridge leading to 6 to 12 inches of snow accumulation from Wheatland to Cheyenne and Pine Bluffs. Farther west, Laramie saw 8 inches of snow accumulation and Interstate 80 and 25 saw extended closures due to winter conditions.","Report of 4 inches of snow accumulation in Rawlins. Additionally, CO-OP observer 1 mile north-northwest of Rawlins measured 3.5 inches of snow."
WY-EO-2022-01,2022-01,Mark Gordon,Statewide emergency for a propane shortage during cold temperatures,2022-01-07,https://www.fmcsa.dot.gov/emergency/wyoming-22-01-07-propane-delivery-eo,995476,164856,2022-01-06 13:42:00,2022-01-06 23:00:00,Z,NWS forecast zone,109,CENTRAL CARBON COUNTY,High Wind,53.0,MG,0,0,,,ASOS,A prolonged period of high winds occurred across much of southeast Wyoming along and west of I-25 from the morning of January 6th through the afternoon on January 7th. Wind gusts 65-75 MPH were common with peak gusts exceeding 80 MPH near Arlington along I-80 between Laramie and Cheyenne. The high winds also resulted in a brief 3 to 4 hour period of blizzard conditions due to significant blowing snow near Arlington on the morning of January 6th.,Periodic wind gusts around 60 MPH were observed near Rawlins in central Carbon County. The peak wind gust was 61 MPH at the Rawlins Airport (KRWL) ASOS at 10:04 PM MST on 1/6.
WY-EO-2022-01,2022-01,Mark Gordon,Statewide emergency for a propane shortage during cold temperatures,2022-01-07,https://www.fmcsa.dot.gov/emergency/wyoming-22-01-07-propane-delivery-eo,995219,164710,2022-01-04 10:30:00,2022-01-04 12:48:00,Z,NWS forecast zone,118,CENTRAL LARAMIE COUNTY,High Wind,54.0,MG,0,0,,,Department of Highways,"Widespread high winds across much of southeast and south-central Wyoming resulted in extended road closures for light, high-profile vehicles. Many sensors along Interstate 80 in the North Snowy Range Foothills recorded wind gusts 60 to 80 mph.",WYDOT mesonet station Bear Creek (WY40) along Interstate 25 measured maximum wind gust 8 miles south of Chugwater. Cheyenne Airport ASOS station (KCYS) also measured a wind gust of 59 mph.
WY-EO-2022-01,2022-01,Mark Gordon,Statewide emergency for a propane shortage during cold temperatures,2022-01-07,https://www.fmcsa.dot.gov/emergency/wyoming-22-01-07-propane-delivery-eo,995236,164835,2022-01-05 11:15:00,2022-01-06 02:30:00,Z,NWS forecast zone,118,CENTRAL LARAMIE COUNTY,Heavy Snow,,,0,0,,,Official NWS Observations,"Widespread frontally forced snowfall event across southeast Wyoming backed up against the South Laramie Range extending eastward along the Cheyenne Ridge leading to 6 to 12 inches of snow accumulation from Wheatland to Cheyenne and Pine Bluffs. Farther west, Laramie saw 8 inches of snow accumulation and Interstate 80 and 25 saw extended closures due to winter conditions.",Storm total snow observation from NWS office of 7.6 inches. CoCoRaHS observation around Cheyenne ranged from 6 to 10 inches. Heaviest snowfall according to the Cheyenne Airport ASOS station (KCYS) occurred between 12 PM MST and 4 PM MST on the 5th. Interstate 25 was closed from Cheyenne to Wheatland due to winter conditions for over 24 hours.
WY-EO-2022-01,2022-01,Mark Gordon,Statewide emergency for a propane shortage during cold temperatures,2022-01-07,https://www.fmcsa.dot.gov/emergency/wyoming-22-01-07-propane-delivery-eo,994579,164710,2022-01-04 09:46:00,2022-01-04 11:54:00,Z,NWS forecast zone,106,CENTRAL LARAMIE RANGE AND SOUTHWEST PLATTE COUNTY,High Wind,54.0,MG,0,0,,,Department of Highways,"Widespread high winds across much of southeast and south-central Wyoming resulted in extended road closures for light, high-profile vehicles. Many sensors along Interstate 80 in the North Snowy Range Foothills recorded wind gusts 60 to 80 mph.","WYDOT mesonet station Bordeaux (KBRX) along Interstate 25 measured maximum wind gust 9 miles south of Wheatland. Interstate 25 between Cheyenne and Wheatland was closed to light, high-profile vehicles for over 4 hours."
WY-EO-2022-01,2022-01,Mark Gordon,Statewide emergency for a propane shortage during cold temperatures,2022-01-07,https://www.fmcsa.dot.gov/emergency/wyoming-22-01-07-propane-delivery-eo,995233,164835,2022-01-05 05:55:00,2022-01-06 00:00:00,Z,NWS forecast zone,106,CENTRAL LARAMIE RANGE AND SOUTHWEST PLATTE COUNTY,Heavy Snow,,,0,0,,,Public,"Widespread frontally forced snowfall event across southeast Wyoming backed up against the South Laramie Range extending eastward along the Cheyenne Ridge leading to 6 to 12 inches of snow accumulation from Wheatland to Cheyenne and Pine Bluffs. Farther west, Laramie saw 8 inches of snow accumulation and Interstate 80 and 25 saw extended closures due to winter conditions.",Public reported 15 inches of snow accumulation 8 miles west of Chugwater. Additional reports across the Central Laramie Range vary from 10 to 12 inches including a CoCoRaHS observer 20 miles southwest of Wheatland with 11.7 inches.
WY-EO-2022-01,2022-01,Mark Gordon,Statewide emergency for a propane shortage during cold temperatures,2022-01-07,https://www.fmcsa.dot.gov/emergency/wyoming-22-01-07-propane-delivery-eo,995473,164856,2022-01-07 00:30:00,2022-01-07 06:44:00,Z,NWS forecast zone,106,CENTRAL LARAMIE RANGE AND SOUTHWEST PLATTE COUNTY,High Wind,55.0,MG,0,0,,,Department of Highways,A prolonged period of high winds occurred across much of southeast Wyoming along and west of I-25 from the morning of January 6th through the afternoon on January 7th. Wind gusts 65-75 MPH were common with peak gusts exceeding 80 MPH near Arlington along I-80 between Laramie and Cheyenne. The high winds also resulted in a brief 3 to 4 hour period of blizzard conditions due to significant blowing snow near Arlington on the morning of January 6th.,The WYDOT sensor at Bordeaux (KBRX) along I-25 recorded frequent wind gusts in excess of 58 MPH. The peak wind gust was 63 MPH at 12:52 AM MST on 1/7.
WY-EO-2022-01,2022-01,Mark Gordon,Statewide emergency for a propane shortage during cold temperatures,2022-01-07,https://www.fmcsa.dot.gov/emergency/wyoming-22-01-07-propane-delivery-eo,991927,164323,2022-01-08 08:36:00,2022-01-08 10:06:00,Z,NWS forecast zone,106,CENTRAL LARAMIE RANGE AND SOUTHWEST PLATTE COUNTY,High Wind,53.0,MG,0,0,0.00K,0.00K,Department of Highways,Another round of strong winds occurred on 8 January 2022 for the wind prone areas and east Platte County in southeast Wyoming.,WYDOT sensor at Bordeaux on Interstate 25 reported strong wind gusts in excess of 58 mph.
WY-EO-2022-01,2022-01,Mark Gordon,Statewide emergency for a propane shortage during cold temperatures,2022-01-07,https://www.fmcsa.dot.gov/emergency/wyoming-22-01-07-propane-delivery-eo,1003689,165991,2022-01-07 06:31:00,2022-01-07 23:18:00,Z,NWS forecast zone,3,CODY FOOTHILLS,High Wind,93.0,MG,0,0,0.00K,0.00K,Mesonet,"A cold front moving across Wyoming brought light snow to the area, but the primary impact was from high wind and blowing snow. The strongest winds occurred in northwest Wyoming. Wind-prone areas near Clark saw the highest gusts with a peak of 107 mph. Along the Chief Joseph Highway, the maximum wind gust was 89 mph. High wind also occurred in central Wyoming, especially around Casper. Wind gusts of 77 mph were reported along Wyoming Boulevard to the south of Casper, and a gust to 73 mph was measured at I-25 and Hat Six Road. The ASOS at Casper-Natrona County International Airport clocked a wind gust of 60 mph. The mountains also saw high wind with measured speeds of 83 mph at Red Canyon in the Wind River Range and at the Fales Rock RAWS site in the Green Mountains. The high wind and blowing snow resulted in very difficult travel with some roads closed to high-profile vehicles for a time.","Very strong wind occurred in portions of the Cody Foothills. To the west of Clark, there were many wind gusts exceeding hurricane force with a maximum gust of 107 mph. A 65 mph wind gust was reported along Wyoming Highway 120 to the north of Meeteetse."
WY-EO-2022-01,2022-01,Mark Gordon,Statewide emergency for a propane shortage during cold temperatures,2022-01-07,https://www.fmcsa.dot.gov/emergency/wyoming-22-01-07-propane-delivery-eo,995228,164835,2022-01-05 07:20:00,2022-01-05 20:25:00,Z,NWS forecast zone,101,CONVERSE COUNTY LOWER ELEVATIONS,Winter Weather,,,0,0,,,CoCoRaHS,"Widespread frontally forced snowfall event across southeast Wyoming backed up against the South Laramie Range extending eastward along the Cheyenne Ridge leading to 6 to 12 inches of snow accumulation from Wheatland to Cheyenne and Pine Bluffs. Farther west, Laramie saw 8 inches of snow accumulation and Interstate 80 and 25 saw extended closures due to winter conditions.",CoCoRaHS observer in Glenrock reported 4 inches of snow accumulation. Snow accumulation around Douglas ranged from 2 to 3 inches.
WY-EO-2022-01,2022-01,Mark Gordon,Statewide emergency for a propane shortage during cold temperatures,2022-01-07,https://www.fmcsa.dot.gov/emergency/wyoming-22-01-07-propane-delivery-eo,995432,164856,2022-01-07 10:50:00,2022-01-07 13:58:00,Z,NWS forecast zone,101,CONVERSE COUNTY LOWER ELEVATIONS,High Wind,58.0,MG,0,0,,,Department of Highways,A prolonged period of high winds occurred across much of southeast Wyoming along and west of I-25 from the morning of January 6th through the afternoon on January 7th. Wind gusts 65-75 MPH were common with peak gusts exceeding 80 MPH near Arlington along I-80 between Laramie and Cheyenne. The high winds also resulted in a brief 3 to 4 hour period of blizzard conditions due to significant blowing snow near Arlington on the morning of January 6th.,Frequent wind gusts 60+ MPH were observed across the lower elevations of Converse County near Douglas. The peak wind gust was 67 MPH at the WYDOT sensor at Deer Creek (KDRC) at 1:08 PM MST.
WY-EO-2022-01,2022-01,Mark Gordon,Statewide emergency for a propane shortage during cold temperatures,2022-01-07,https://www.fmcsa.dot.gov/emergency/wyoming-22-01-07-propane-delivery-eo,995220,164710,2022-01-04 12:02:00,2022-01-04 12:02:00,Z,NWS forecast zone,119,EAST LARAMIE COUNTY,High Wind,50.0,MG,0,0,,,Mesonet,"Widespread high winds across much of southeast and south-central Wyoming resulted in extended road closures for light, high-profile vehicles. Many sensors along Interstate 80 in the North Snowy Range Foothills recorded wind gusts 60 to 80 mph.","Union Pacific Railroad mesonet station LNDBRG (UP343) measured maximum wind gust 6 miles south of Albin. Additionally, AWOS station Alpha - Burns (K1AW) measured a 58 mph wind gust 9 miles south-southeast of Gun Barrel."
WY-EO-2022-01,2022-01,Mark Gordon,Statewide emergency for a propane shortage during cold temperatures,2022-01-07,https://www.fmcsa.dot.gov/emergency/wyoming-22-01-07-propane-delivery-eo,995235,164835,2022-01-05 06:25:00,2022-01-06 04:00:00,Z,NWS forecast zone,119,EAST LARAMIE COUNTY,Heavy Snow,,,0,0,,,Public,"Widespread frontally forced snowfall event across southeast Wyoming backed up against the South Laramie Range extending eastward along the Cheyenne Ridge leading to 6 to 12 inches of snow accumulation from Wheatland to Cheyenne and Pine Bluffs. Farther west, Laramie saw 8 inches of snow accumulation and Interstate 80 and 25 saw extended closures due to winter conditions.",Received report on social media of 13 inches of snow accumulation in Pine Bluffs by 5 PM MST on the 5th. Additional reports across northeast Laramie County near the Goshen County border ranged from 11 to 14 inches.
WY-EO-2022-01,2022-01,Mark Gordon,Statewide emergency for a propane shortage during cold temperatures,2022-01-07,https://www.fmcsa.dot.gov/emergency/wyoming-22-01-07-propane-delivery-eo,994580,164710,2022-01-04 05:26:00,2022-01-04 12:18:00,Z,NWS forecast zone,107,EAST PLATTE COUNTY,High Wind,71.0,MG,0,0,,,Department of Highways,"Widespread high winds across much of southeast and south-central Wyoming resulted in extended road closures for light, high-profile vehicles. Many sensors along Interstate 80 in the North Snowy Range Foothills recorded wind gusts 60 to 80 mph.","WYDOT mesonet station Coleman (WY1) along Interstate 25 measured maximum wind gust 13 miles south of Glendo at 9:44 AM MST. Interstate 25 between Wheatland and Douglas was closed to light, high-profile vehicles for over 7 hours."
WY-EO-2022-01,2022-01,Mark Gordon,Statewide emergency for a propane shortage during cold temperatures,2022-01-07,https://www.fmcsa.dot.gov/emergency/wyoming-22-01-07-propane-delivery-eo,995231,164835,2022-01-05 05:55:00,2022-01-06 00:00:00,Z,NWS forecast zone,107,EAST PLATTE COUNTY,Heavy Snow,,,0,0,,,CoCoRaHS,"Widespread frontally forced snowfall event across southeast Wyoming backed up against the South Laramie Range extending eastward along the Cheyenne Ridge leading to 6 to 12 inches of snow accumulation from Wheatland to Cheyenne and Pine Bluffs. Farther west, Laramie saw 8 inches of snow accumulation and Interstate 80 and 25 saw extended closures due to winter conditions.",CoCoRaHS observer in Wheatland reported 9.3 inches of snow accumulation. Additional reports across East Platte County ranged from 4 to 12 inches including 12 inches in Chugwater. Interstate 25 was closed from Wheatland to Douglas due to winter conditions for over 24 hours.
WY-EO-2022-01,2022-01,Mark Gordon,Statewide emergency for a propane shortage during cold temperatures,2022-01-07,https://www.fmcsa.dot.gov/emergency/wyoming-22-01-07-propane-delivery-eo,991928,164323,2022-01-08 02:16:00,2022-01-08 04:20:00,Z,NWS forecast zone,107,EAST PLATTE COUNTY,High Wind,64.0,MG,0,0,0.00K,0.00K,Department of Highways,Another round of strong winds occurred on 8 January 2022 for the wind prone areas and east Platte County in southeast Wyoming.,WYDOT sensor along Interstate 25 at Coleman.
WY-EO-2022-01,2022-01,Mark Gordon,Statewide emergency for a propane shortage during cold temperatures,2022-01-07,https://www.fmcsa.dot.gov/emergency/wyoming-22-01-07-propane-delivery-eo,1003425,165954,2022-01-04 08:05:00,2022-01-04 08:44:00,Z,NWS forecast zone,30,EAST SWEETWATER COUNTY,High Wind,55.0,MG,0,0,0.00K,0.00K,ASOS,"A fast-moving Pacific cold front brought high wind to the prone portions of central Wyoming. The highest wind speed reported was 70 mph along the south side of Casper. Wind gusts of 58 mph were also reported in Johnson, Sweetwater, and Fremont counties. The high wind resulted in difficult travel conditions, including some roads being closed to high-profile vehicles for a time.",A maximum wind gust of 63 mph was reported by the ASOS at Southwest Wyoming Regional Airport. A separate 63 mph wind gust was reported at the Snow Springs RAWS site southeast of Rock Springs.
WY-EO-2022-01,2022-01,Mark Gordon,Statewide emergency for a propane shortage during cold temperatures,2022-01-07,https://www.fmcsa.dot.gov/emergency/wyoming-22-01-07-propane-delivery-eo,1003544,165978,2022-01-05 08:44:00,2022-01-05 16:44:00,Z,NWS forecast zone,30,EAST SWEETWATER COUNTY,High Wind,55.0,MG,0,0,0.00K,0.00K,RAWS,"A second, stronger cold front followed quickly on the heels of a cold front that swept through the state on January 4. This second front had better upper-level dynamics support and much more moisture to work with in addition to moving slower. The result was very heavy snow across much of western Wyoming. The heaviest snow fell in the Tetons, where there were widespread reports of over 2 feet of snow. The Jackson Hole Mountain Resort even measured nearly 3 feet of snow. Additional estimates revealed two feet of snow fell in the Salt River and Wyoming ranges, with up to 21 inches in the western Wind River Range. In the lower elevations, some of the higher totals included 24 inches at Moose, 23 inches at Bondurant, and 14 inches at Cokeville. The heavy snow resulted in road closures and difficult travel. WYDOT had to close Wyoming Highway 28 over Teton Pass to conduct avalanche control. Across the Interstate 80 corridor, high winds occurred with a maximum gust of 63 mph in central Sweetwater County.",Winds gusted as high as 63 mph at the Snow Springs RAWS site. The ASOS at Southwest Wyoming Regional Airport near Rock Springs recorded a wind gust of 60 mph.
WY-EO-2022-01,2022-01,Mark Gordon,Statewide emergency for a propane shortage during cold temperatures,2022-01-07,https://www.fmcsa.dot.gov/emergency/wyoming-22-01-07-propane-delivery-eo,994578,164710,2022-01-04 04:50:00,2022-01-04 11:50:00,Z,NWS forecast zone,104,FERRIS/SEMINOE/SHIRLEY MOUNTAINS,High Wind,56.0,MG,0,0,,,RAWS,"Widespread high winds across much of southeast and south-central Wyoming resulted in extended road closures for light, high-profile vehicles. Many sensors along Interstate 80 in the North Snowy Range Foothills recorded wind gusts 60 to 80 mph.",RAWS mesonet station Camp Creek (CAMW4) measured maximum wind gust at 9:50 AM MST just west of Muddy Gap.
WY-EO-2022-01,2022-01,Mark Gordon,Statewide emergency for a propane shortage during cold temperatures,2022-01-07,https://www.fmcsa.dot.gov/emergency/wyoming-22-01-07-propane-delivery-eo,995445,164856,2022-01-06 11:50:00,2022-01-07 16:50:00,Z,NWS forecast zone,104,FERRIS/SEMINOE/SHIRLEY MOUNTAINS,High Wind,61.0,MG,0,0,,,RAWS,A prolonged period of high winds occurred across much of southeast Wyoming along and west of I-25 from the morning of January 6th through the afternoon on January 7th. Wind gusts 65-75 MPH were common with peak gusts exceeding 80 MPH near Arlington along I-80 between Laramie and Cheyenne. The high winds also resulted in a brief 3 to 4 hour period of blizzard conditions due to significant blowing snow near Arlington on the morning of January 6th.,The RAWS Station at Camp Creek (CAMW4) near the Carbon/Sweetwater county line recorded frequent wind gusts exceeding 60 MPH. The peak wind gust was 70 MPH at 5:50 PM MST on 1/6.
WY-EO-2022-01,2022-01,Mark Gordon,Statewide emergency for a propane shortage during cold temperatures,2022-01-07,https://www.fmcsa.dot.gov/emergency/wyoming-22-01-07-propane-delivery-eo,994582,164710,2022-01-04 10:25:00,2022-01-04 10:25:00,Z,NWS forecast zone,108,GOSHEN COUNTY,High Wind,50.0,MG,0,0,,,ASOS,"Widespread high winds across much of southeast and south-central Wyoming resulted in extended road closures for light, high-profile vehicles. Many sensors along Interstate 80 in the North Snowy Range Foothills recorded wind gusts 60 to 80 mph.",Torrington Airport ASOS station (KTOR) measured maximum wind gust.
WY-EO-2022-01,2022-01,Mark Gordon,Statewide emergency for a propane shortage during cold temperatures,2022-01-07,https://www.fmcsa.dot.gov/emergency/wyoming-22-01-07-propane-delivery-eo,995230,164835,2022-01-05 08:25:00,2022-01-06 04:00:00,Z,NWS forecast zone,108,GOSHEN COUNTY,Heavy Snow,,,0,0,,,CoCoRaHS,"Widespread frontally forced snowfall event across southeast Wyoming backed up against the South Laramie Range extending eastward along the Cheyenne Ridge leading to 6 to 12 inches of snow accumulation from Wheatland to Cheyenne and Pine Bluffs. Farther west, Laramie saw 8 inches of snow accumulation and Interstate 80 and 25 saw extended closures due to winter conditions.",CoCoRaHS observer 4 miles east-southeast of La Grange reported 12 inches of snow accumulation by the morning of the 6th. Similar snowfall totals were reported across southern Goshen County. Additional CoCoRaHS and public reports across Goshen County near Torrington ranged from 4 to 8 inches. Heaviest snowfall according to the Torrington Airport ASOS station (KTOR) occurred between 11 AM MST and 3 PM MST on the 5th.
WY-EO-2022-01,2022-01,Mark Gordon,Statewide emergency for a propane shortage during cold temperatures,2022-01-07,https://www.fmcsa.dot.gov/emergency/wyoming-22-01-07-propane-delivery-eo,1003688,165991,2022-01-07 11:10:00,2022-01-07 14:10:00,Z,NWS forecast zone,19,GREEN MOUNTAINS & RATTLESNAKE RANGE,High Wind,72.0,MG,0,0,0.00K,0.00K,RAWS,"A cold front moving across Wyoming brought light snow to the area, but the primary impact was from high wind and blowing snow. The strongest winds occurred in northwest Wyoming. Wind-prone areas near Clark saw the highest gusts with a peak of 107 mph. Along the Chief Joseph Highway, the maximum wind gust was 89 mph. High wind also occurred in central Wyoming, especially around Casper. Wind gusts of 77 mph were reported along Wyoming Boulevard to the south of Casper, and a gust to 73 mph was measured at I-25 and Hat Six Road. The ASOS at Casper-Natrona County International Airport clocked a wind gust of 60 mph. The mountains also saw high wind with measured speeds of 83 mph at Red Canyon in the Wind River Range and at the Fales Rock RAWS site in the Green Mountains. The high wind and blowing snow resulted in very difficult travel with some roads closed to high-profile vehicles for a time.",A maximum wind gust of 83 mph was reported at the Fales Rock RAWS site.
WY-EO-2022-01,2022-01,Mark Gordon,Statewide emergency for a propane shortage during cold temperatures,2022-01-07,https://www.fmcsa.dot.gov/emergency/wyoming-22-01-07-propane-delivery-eo,1003538,165978,2022-01-05 00:00:00,2022-01-06 18:00:00,Z,NWS forecast zone,13,JACKSON HOLE,Winter Storm,,,0,0,0.00K,0.00K,Trained Spotter,"A second, stronger cold front followed quickly on the heels of a cold front that swept through the state on January 4. This second front had better upper-level dynamics support and much more moisture to work with in addition to moving slower. The result was very heavy snow across much of western Wyoming. The heaviest snow fell in the Tetons, where there were widespread reports of over 2 feet of snow. The Jackson Hole Mountain Resort even measured nearly 3 feet of snow. Additional estimates revealed two feet of snow fell in the Salt River and Wyoming ranges, with up to 21 inches in the western Wind River Range. In the lower elevations, some of the higher totals included 24 inches at Moose, 23 inches at Bondurant, and 14 inches at Cokeville. The heavy snow resulted in road closures and difficult travel. WYDOT had to close Wyoming Highway 28 over Teton Pass to conduct avalanche control. Across the Interstate 80 corridor, high winds occurred with a maximum gust of 63 mph in central Sweetwater County.",Snowfall amounts through the Jackson Valley ranged from 24 inches at Moose to 11 inches at Teton Village to 6 inches in the town of Jackson.
WY-EO-2022-01,2022-01,Mark Gordon,Statewide emergency for a propane shortage during cold temperatures,2022-01-07,https://www.fmcsa.dot.gov/emergency/wyoming-22-01-07-propane-delivery-eo,1003432,165954,2022-01-04 03:33:00,2022-01-04 03:33:00,Z,NWS forecast zone,18,LANDER FOOTHILLS,High Wind,50.0,MG,0,0,0.00K,0.00K,ASOS,"A fast-moving Pacific cold front brought high wind to the prone portions of central Wyoming. The highest wind speed reported was 70 mph along the south side of Casper. Wind gusts of 58 mph were also reported in Johnson, Sweetwater, and Fremont counties. The high wind resulted in difficult travel conditions, including some roads being closed to high-profile vehicles for a time.",The ASOS at Hunt Field in Lander recorded a wind gust of 58 mph.
WY-EO-2022-01,2022-01,Mark Gordon,Statewide emergency for a propane shortage during cold temperatures,2022-01-07,https://www.fmcsa.dot.gov/emergency/wyoming-22-01-07-propane-delivery-eo,995212,164710,2022-01-04 09:46:00,2022-01-04 16:30:00,Z,NWS forecast zone,115,LARAMIE VALLEY,High Wind,53.0,MG,0,0,,,Mesonet,"Widespread high winds across much of southeast and south-central Wyoming resulted in extended road closures for light, high-profile vehicles. Many sensors along Interstate 80 in the North Snowy Range Foothills recorded wind gusts 60 to 80 mph.","CWOP mesonet station measured maximum wind gust 9 miles east-northeast of Woods Landing at 4:30 PM MST on the 4th. Additionally, WYDOT mesonet station Quealy Dome (WY26) along Interstate 80 and Laramie Airport ASOS station (KLAR) measured wind gusts of 59 mph."
WY-EO-2022-01,2022-01,Mark Gordon,Statewide emergency for a propane shortage during cold temperatures,2022-01-07,https://www.fmcsa.dot.gov/emergency/wyoming-22-01-07-propane-delivery-eo,995239,164835,2022-01-05 06:50:00,2022-01-06 04:00:00,Z,NWS forecast zone,115,LARAMIE VALLEY,Heavy Snow,,,0,0,,,CoCoRaHS,"Widespread frontally forced snowfall event across southeast Wyoming backed up against the South Laramie Range extending eastward along the Cheyenne Ridge leading to 6 to 12 inches of snow accumulation from Wheatland to Cheyenne and Pine Bluffs. Farther west, Laramie saw 8 inches of snow accumulation and Interstate 80 and 25 saw extended closures due to winter conditions.","Received reports from CoCoRaHS observers and the public around Laramie of 7 to 10 inches of snow accumulation. Additionally, received report on the other side of the Laramie Valley (18 miles west of Laramie) of 7 inches of snow. Heaviest snowfall according to the Laramie Airport ASOS station (KLAR) occurred between 2 PM MST and 4 PM MST on the 5th."
WY-EO-2022-01,2022-01,Mark Gordon,Statewide emergency for a propane shortage during cold temperatures,2022-01-07,https://www.fmcsa.dot.gov/emergency/wyoming-22-01-07-propane-delivery-eo,995482,164856,2022-01-06 14:00:00,2022-01-07 00:00:00,Z,NWS forecast zone,115,LARAMIE VALLEY,High Wind,56.0,MG,0,0,,,ASOS,A prolonged period of high winds occurred across much of southeast Wyoming along and west of I-25 from the morning of January 6th through the afternoon on January 7th. Wind gusts 65-75 MPH were common with peak gusts exceeding 80 MPH near Arlington along I-80 between Laramie and Cheyenne. The high winds also resulted in a brief 3 to 4 hour period of blizzard conditions due to significant blowing snow near Arlington on the morning of January 6th.,Occasional wind gusts to 60+ MPH were observed at the Laramie Airport ASOS (KLAR). The peak wind gust was 64 MPH at 7:00 PM MST on 1/6.
WY-EO-2022-01,2022-01,Mark Gordon,Statewide emergency for a propane shortage during cold temperatures,2022-01-07,https://www.fmcsa.dot.gov/emergency/wyoming-22-01-07-propane-delivery-eo,1003687,165991,2022-01-07 03:28:00,2022-01-07 14:46:00,Z,NWS forecast zone,20,NATRONA COUNTY LOWER ELEVATIONS,High Wind,67.0,MG,0,0,0.00K,0.00K,Department of Highways,"A cold front moving across Wyoming brought light snow to the area, but the primary impact was from high wind and blowing snow. The strongest winds occurred in northwest Wyoming. Wind-prone areas near Clark saw the highest gusts with a peak of 107 mph. Along the Chief Joseph Highway, the maximum wind gust was 89 mph. High wind also occurred in central Wyoming, especially around Casper. Wind gusts of 77 mph were reported along Wyoming Boulevard to the south of Casper, and a gust to 73 mph was measured at I-25 and Hat Six Road. The ASOS at Casper-Natrona County International Airport clocked a wind gust of 60 mph. The mountains also saw high wind with measured speeds of 83 mph at Red Canyon in the Wind River Range and at the Fales Rock RAWS site in the Green Mountains. The high wind and blowing snow resulted in very difficult travel with some roads closed to high-profile vehicles for a time.",High wind occurred in portions of Natrona County. The peak wind gust reported was 77 mph along Wyoming Boulevard to the south of Casper. The ASOS at Casper/Natrona County International Airport reported a wind gust of 60 mph.
WY-EO-2022-01,2022-01,Mark Gordon,Statewide emergency for a propane shortage during cold temperatures,2022-01-07,https://www.fmcsa.dot.gov/emergency/wyoming-22-01-07-propane-delivery-eo,995240,164835,2022-01-05 05:00:00,2022-01-06 00:00:00,Z,NWS forecast zone,103,NORTH LARAMIE RANGE,Winter Weather,,,0,0,,,SNOTEL,"Widespread frontally forced snowfall event across southeast Wyoming backed up against the South Laramie Range extending eastward along the Cheyenne Ridge leading to 6 to 12 inches of snow accumulation from Wheatland to Cheyenne and Pine Bluffs. Farther west, Laramie saw 8 inches of snow accumulation and Interstate 80 and 25 saw extended closures due to winter conditions.",Windy Peak SNOTEL (Elev. 7900 feet) estimated 9 inches of snow accumulation with 0.5 inches of snow water equivalent and 18 to 1 snow to liquid ratios.
WY-EO-2022-01,2022-01,Mark Gordon,Statewide emergency for a propane shortage during cold temperatures,2022-01-07,https://www.fmcsa.dot.gov/emergency/wyoming-22-01-07-propane-delivery-eo,995479,164835,2022-01-05 06:00:00,2022-01-06 04:00:00,Z,NWS forecast zone,110,NORTH SNOWY RANGE FOOTHILLS,Winter Storm,,,0,0,,,Department of Highways,"Widespread frontally forced snowfall event across southeast Wyoming backed up against the South Laramie Range extending eastward along the Cheyenne Ridge leading to 6 to 12 inches of snow accumulation from Wheatland to Cheyenne and Pine Bluffs. Farther west, Laramie saw 8 inches of snow accumulation and Interstate 80 and 25 saw extended closures due to winter conditions.",Interstate 80 between Laramie and Rawlins closed due to winter conditions for an extended period of time. Nearby CoCoRaHS observers reported 6 to 8 inches of snow accumulation including 7.5 inches in Elk Mountain.
WY-EO-2022-01,2022-01,Mark Gordon,Statewide emergency for a propane shortage during cold temperatures,2022-01-07,https://www.fmcsa.dot.gov/emergency/wyoming-22-01-07-propane-delivery-eo,995487,164856,2022-01-06 10:22:00,2022-01-06 14:42:00,Z,NWS forecast zone,110,NORTH SNOWY RANGE FOOTHILLS,Blizzard,,,0,0,,,Department of Highways,A prolonged period of high winds occurred across much of southeast Wyoming along and west of I-25 from the morning of January 6th through the afternoon on January 7th. Wind gusts 65-75 MPH were common with peak gusts exceeding 80 MPH near Arlington along I-80 between Laramie and Cheyenne. The high winds also resulted in a brief 3 to 4 hour period of blizzard conditions due to significant blowing snow near Arlington on the morning of January 6th.,Wind gusts in excess of 55 MPH resulted in blowing snow reducing visibilities to less than one quarter of a mile along I-80 at Arlington East (WY23 - WYDOT).
WY-EO-2022-01,2022-01,Mark Gordon,Statewide emergency for a propane shortage during cold temperatures,2022-01-07,https://www.fmcsa.dot.gov/emergency/wyoming-22-01-07-propane-delivery-eo,995477,164856,2022-01-06 10:32:00,2022-01-07 20:00:00,Z,NWS forecast zone,110,NORTH SNOWY RANGE FOOTHILLS,High Wind,72.0,MG,0,0,,,Department of Highways,A prolonged period of high winds occurred across much of southeast Wyoming along and west of I-25 from the morning of January 6th through the afternoon on January 7th. Wind gusts 65-75 MPH were common with peak gusts exceeding 80 MPH near Arlington along I-80 between Laramie and Cheyenne. The high winds also resulted in a brief 3 to 4 hour period of blizzard conditions due to significant blowing snow near Arlington on the morning of January 6th.,Persistent wind gusts to 70+ MPH were observed at several WYDOT sensors along I-80 between Laramie and Rawlins. The peak wind gust was 83 MPH at WY20 (County Road 402) at 5:22 PM MST on 1/6.
WY-EO-2022-01,2022-01,Mark Gordon,Statewide emergency for a propane shortage during cold temperatures,2022-01-07,https://www.fmcsa.dot.gov/emergency/wyoming-22-01-07-propane-delivery-eo,1003535,165978,2022-01-05 00:00:00,2022-01-06 23:00:00,Z,NWS forecast zone,24,SALT RIVER & WYOMING RANGES,Winter Storm,,,0,0,0.00K,0.00K,SNOTEL,"A second, stronger cold front followed quickly on the heels of a cold front that swept through the state on January 4. This second front had better upper-level dynamics support and much more moisture to work with in addition to moving slower. The result was very heavy snow across much of western Wyoming. The heaviest snow fell in the Tetons, where there were widespread reports of over 2 feet of snow. The Jackson Hole Mountain Resort even measured nearly 3 feet of snow. Additional estimates revealed two feet of snow fell in the Salt River and Wyoming ranges, with up to 21 inches in the western Wind River Range. In the lower elevations, some of the higher totals included 24 inches at Moose, 23 inches at Bondurant, and 14 inches at Cokeville. The heavy snow resulted in road closures and difficult travel. WYDOT had to close Wyoming Highway 28 over Teton Pass to conduct avalanche control. Across the Interstate 80 corridor, high winds occurred with a maximum gust of 63 mph in central Sweetwater County.",Two of the highest snow totals were 24 inches at Commissary Ridge and 22 inches at the Cottonwood Creek SNOTEL site.
WY-EO-2022-01,2022-01,Mark Gordon,Statewide emergency for a propane shortage during cold temperatures,2022-01-07,https://www.fmcsa.dot.gov/emergency/wyoming-22-01-07-propane-delivery-eo,995472,164856,2022-01-07 01:00:00,2022-01-07 16:59:00,Z,NWS forecast zone,105,SHIRLEY BASIN,High Wind,50.0,EG,0,0,,,Mesonet,A prolonged period of high winds occurred across much of southeast Wyoming along and west of I-25 from the morning of January 6th through the afternoon on January 7th. Wind gusts 65-75 MPH were common with peak gusts exceeding 80 MPH near Arlington along I-80 between Laramie and Cheyenne. The high winds also resulted in a brief 3 to 4 hour period of blizzard conditions due to significant blowing snow near Arlington on the morning of January 6th.,Occasional wind gusts 55-60 MPH were observed at multiple Mesonet stations across Shirley Basin.
WY-EO-2022-01,2022-01,Mark Gordon,Statewide emergency for a propane shortage during cold temperatures,2022-01-07,https://www.fmcsa.dot.gov/emergency/wyoming-22-01-07-propane-delivery-eo,995242,164835,2022-01-04 11:00:00,2022-01-07 00:00:00,Z,NWS forecast zone,112,SIERRA MADRE RANGE,Heavy Snow,,,0,0,,,SNOTEL,"Widespread frontally forced snowfall event across southeast Wyoming backed up against the South Laramie Range extending eastward along the Cheyenne Ridge leading to 6 to 12 inches of snow accumulation from Wheatland to Cheyenne and Pine Bluffs. Farther west, Laramie saw 8 inches of snow accumulation and Interstate 80 and 25 saw extended closures due to winter conditions.",Blackhall Mountain SNOTEL (Elev. 9820 feet) estimated 48 inches of snow accumulation over a multi-day period with 2.8 inches of snow water equivalent and snow to liquid ratios ranging from 15:1 to 18:1. Additional SNOTELs in the Sierra Madre Range at or above 8500 feet estimated 30 to 40 inches of snowfall over this period.
WY-EO-2022-01,2022-01,Mark Gordon,Statewide emergency for a propane shortage during cold temperatures,2022-01-07,https://www.fmcsa.dot.gov/emergency/wyoming-22-01-07-propane-delivery-eo,995243,164835,2022-01-04 11:00:00,2022-01-07 00:00:00,Z,NWS forecast zone,114,SNOWY RANGE,Heavy Snow,,,0,0,,,SNOTEL,"Widespread frontally forced snowfall event across southeast Wyoming backed up against the South Laramie Range extending eastward along the Cheyenne Ridge leading to 6 to 12 inches of snow accumulation from Wheatland to Cheyenne and Pine Bluffs. Farther west, Laramie saw 8 inches of snow accumulation and Interstate 80 and 25 saw extended closures due to winter conditions.",Brooklyn Lake SNOTEL (Elev. 10240 feet) estimated 41.4 inches of snow accumulation over a multi-day period with 2.3 inches of snow water equivalent and snow to liquid ratios of 18:1. Additional SNOTELs in the Snowy Range estimated 18 to 38 inches of snowfall over this period.
WY-EO-2022-01,2022-01,Mark Gordon,Statewide emergency for a propane shortage during cold temperatures,2022-01-07,https://www.fmcsa.dot.gov/emergency/wyoming-22-01-07-propane-delivery-eo,995217,164710,2022-01-04 10:54:00,2022-01-04 11:02:00,Z,NWS forecast zone,116,SOUTH LARAMIE RANGE,High Wind,55.0,MG,0,0,,,Department of Highways,"Widespread high winds across much of southeast and south-central Wyoming resulted in extended road closures for light, high-profile vehicles. Many sensors along Interstate 80 in the North Snowy Range Foothills recorded wind gusts 60 to 80 mph.",WYDOT mesonet station Wildcat Trail (WY48) along Wyoming State Highway 210 measured maximum wind gust 7 miles northeast of Buford.
WY-EO-2022-01,2022-01,Mark Gordon,Statewide emergency for a propane shortage during cold temperatures,2022-01-07,https://www.fmcsa.dot.gov/emergency/wyoming-22-01-07-propane-delivery-eo,995238,164835,2022-01-05 11:30:00,2022-01-06 04:00:00,Z,NWS forecast zone,116,SOUTH LARAMIE RANGE,Heavy Snow,,,0,0,,,Public,"Widespread frontally forced snowfall event across southeast Wyoming backed up against the South Laramie Range extending eastward along the Cheyenne Ridge leading to 6 to 12 inches of snow accumulation from Wheatland to Cheyenne and Pine Bluffs. Farther west, Laramie saw 8 inches of snow accumulation and Interstate 80 and 25 saw extended closures due to winter conditions.",Received report 3 miles southeast of Buford of 10 inches of snow accumulation by the morning of the 6th. Interstate 80 between Cheyenne and Laramie was closed due to winter conditions for nearly 48 hours.
WY-EO-2022-01,2022-01,Mark Gordon,Statewide emergency for a propane shortage during cold temperatures,2022-01-07,https://www.fmcsa.dot.gov/emergency/wyoming-22-01-07-propane-delivery-eo,995484,164856,2022-01-06 19:26:00,2022-01-07 05:48:00,Z,NWS forecast zone,116,SOUTH LARAMIE RANGE,High Wind,63.0,MG,0,0,,,Department of Highways,A prolonged period of high winds occurred across much of southeast Wyoming along and west of I-25 from the morning of January 6th through the afternoon on January 7th. Wind gusts 65-75 MPH were common with peak gusts exceeding 80 MPH near Arlington along I-80 between Laramie and Cheyenne. The high winds also resulted in a brief 3 to 4 hour period of blizzard conditions due to significant blowing snow near Arlington on the morning of January 6th.,Multiple WYDOT sensors recorded frequent wind gusts of 60-70 MPH over the Interstate 80 Summit between Laramie and Cheyenne. The peak wind gust was 73 MPH at Wildcat Trail (WY48) along Wyoming State Highway 210 at 2:12 AM MST on 1/7.
WY-EO-2022-01,2022-01,Mark Gordon,Statewide emergency for a propane shortage during cold temperatures,2022-01-07,https://www.fmcsa.dot.gov/emergency/wyoming-22-01-07-propane-delivery-eo,991930,164323,2022-01-08 06:54:00,2022-01-08 07:52:00,Z,NWS forecast zone,116,SOUTH LARAMIE RANGE,High Wind,54.0,MG,0,0,0.00K,0.00K,Mesonet,Another round of strong winds occurred on 8 January 2022 for the wind prone areas and east Platte County in southeast Wyoming.,UPR station at UR535 or 2 west northwest of Buford. WYDOT site at Buford East reported sustained winds of 40 mph from 8/6:52 AM to 8/752 AM as well.
WY-EO-2022-01,2022-01,Mark Gordon,Statewide emergency for a propane shortage during cold temperatures,2022-01-07,https://www.fmcsa.dot.gov/emergency/wyoming-22-01-07-propane-delivery-eo,995218,164710,2022-01-04 10:46:00,2022-01-04 11:32:00,Z,NWS forecast zone,117,SOUTH LARAMIE RANGE FOOTHILLS,High Wind,56.0,MG,0,0,,,Mesonet,"Widespread high winds across much of southeast and south-central Wyoming resulted in extended road closures for light, high-profile vehicles. Many sensors along Interstate 80 in the North Snowy Range Foothills recorded wind gusts 60 to 80 mph.","Union Pacific Railroad mesonet station EMKAYW (UP226) measured maximum wind gust 14 miles west-southwest of Cheyenne. Additionally, WYDOT mesonet station along Interstate 80 at Otto Road (WY38) measured wind gust of 58 mph."
WY-EO-2022-01,2022-01,Mark Gordon,Statewide emergency for a propane shortage during cold temperatures,2022-01-07,https://www.fmcsa.dot.gov/emergency/wyoming-22-01-07-propane-delivery-eo,995237,164835,2022-01-05 11:15:00,2022-01-06 02:30:00,Z,NWS forecast zone,117,SOUTH LARAMIE RANGE FOOTHILLS,Heavy Snow,,,0,0,0.00K,0.00K,Trained Spotter,"Widespread frontally forced snowfall event across southeast Wyoming backed up against the South Laramie Range extending eastward along the Cheyenne Ridge leading to 6 to 12 inches of snow accumulation from Wheatland to Cheyenne and Pine Bluffs. Farther west, Laramie saw 8 inches of snow accumulation and Interstate 80 and 25 saw extended closures due to winter conditions.",Trained spotter reported 7 inches of snow accumulation 10 miles west-northwest of Cheyenne. Nearby CoCoRaHS observer reported 6 inches of snow 6 miles southeast of Federal.
WY-EO-2022-01,2022-01,Mark Gordon,Statewide emergency for a propane shortage during cold temperatures,2022-01-07,https://www.fmcsa.dot.gov/emergency/wyoming-22-01-07-propane-delivery-eo,995485,164856,2022-01-07 05:47:00,2022-01-07 05:49:00,Z,NWS forecast zone,117,SOUTH LARAMIE RANGE FOOTHILLS,High Wind,51.0,MG,0,0,,,Mesonet,A prolonged period of high winds occurred across much of southeast Wyoming along and west of I-25 from the morning of January 6th through the afternoon on January 7th. Wind gusts 65-75 MPH were common with peak gusts exceeding 80 MPH near Arlington along I-80 between Laramie and Cheyenne. The high winds also resulted in a brief 3 to 4 hour period of blizzard conditions due to significant blowing snow near Arlington on the morning of January 6th.,The UPR sensor at Emkay (UP226) recorded a wind gust to 59 MPH at 5:48 AM MST on 1/7.
WY-EO-2022-01,2022-01,Mark Gordon,Statewide emergency for a propane shortage during cold temperatures,2022-01-07,https://www.fmcsa.dot.gov/emergency/wyoming-22-01-07-propane-delivery-eo,1003542,165978,2022-01-05 03:00:00,2022-01-06 17:00:00,Z,NWS forecast zone,27,SOUTH LINCOLN COUNTY,Winter Storm,,,0,0,0.00K,0.00K,Trained Spotter,"A second, stronger cold front followed quickly on the heels of a cold front that swept through the state on January 4. This second front had better upper-level dynamics support and much more moisture to work with in addition to moving slower. The result was very heavy snow across much of western Wyoming. The heaviest snow fell in the Tetons, where there were widespread reports of over 2 feet of snow. The Jackson Hole Mountain Resort even measured nearly 3 feet of snow. Additional estimates revealed two feet of snow fell in the Salt River and Wyoming ranges, with up to 21 inches in the western Wind River Range. In the lower elevations, some of the higher totals included 24 inches at Moose, 23 inches at Bondurant, and 14 inches at Cokeville. The heavy snow resulted in road closures and difficult travel. WYDOT had to close Wyoming Highway 28 over Teton Pass to conduct avalanche control. Across the Interstate 80 corridor, high winds occurred with a maximum gust of 63 mph in central Sweetwater County.",Heavy snow fell in southern Lincoln County. Some notable amounts included 14 inches at Cokeville and 12 inches in Kemmerer.
WY-EO-2022-01,2022-01,Mark Gordon,Statewide emergency for a propane shortage during cold temperatures,2022-01-07,https://www.fmcsa.dot.gov/emergency/wyoming-22-01-07-propane-delivery-eo,1003539,165978,2022-01-04 23:00:00,2022-01-06 12:00:00,Z,NWS forecast zone,23,STAR VALLEY,Winter Storm,,,0,0,0.00K,0.00K,Trained Spotter,"A second, stronger cold front followed quickly on the heels of a cold front that swept through the state on January 4. This second front had better upper-level dynamics support and much more moisture to work with in addition to moving slower. The result was very heavy snow across much of western Wyoming. The heaviest snow fell in the Tetons, where there were widespread reports of over 2 feet of snow. The Jackson Hole Mountain Resort even measured nearly 3 feet of snow. Additional estimates revealed two feet of snow fell in the Salt River and Wyoming ranges, with up to 21 inches in the western Wind River Range. In the lower elevations, some of the higher totals included 24 inches at Moose, 23 inches at Bondurant, and 14 inches at Cokeville. The heavy snow resulted in road closures and difficult travel. WYDOT had to close Wyoming Highway 28 over Teton Pass to conduct avalanche control. Across the Interstate 80 corridor, high winds occurred with a maximum gust of 63 mph in central Sweetwater County.",Snowfall amounts in the Star Valley ranged from 12 inches at Afton to 18 inches near Alpine.
WY-EO-2022-01,2022-01,Mark Gordon,Statewide emergency for a propane shortage during cold temperatures,2022-01-07,https://www.fmcsa.dot.gov/emergency/wyoming-22-01-07-propane-delivery-eo,1003532,165978,2022-01-04 23:00:00,2022-01-06 23:00:00,Z,NWS forecast zone,12,TETON & GROS VENTRE MOUNTAINS,Winter Storm,,,0,0,0.00K,0.00K,Other Federal Agency,"A second, stronger cold front followed quickly on the heels of a cold front that swept through the state on January 4. This second front had better upper-level dynamics support and much more moisture to work with in addition to moving slower. The result was very heavy snow across much of western Wyoming. The heaviest snow fell in the Tetons, where there were widespread reports of over 2 feet of snow. The Jackson Hole Mountain Resort even measured nearly 3 feet of snow. Additional estimates revealed two feet of snow fell in the Salt River and Wyoming ranges, with up to 21 inches in the western Wind River Range. In the lower elevations, some of the higher totals included 24 inches at Moose, 23 inches at Bondurant, and 14 inches at Cokeville. The heavy snow resulted in road closures and difficult travel. WYDOT had to close Wyoming Highway 28 over Teton Pass to conduct avalanche control. Across the Interstate 80 corridor, high winds occurred with a maximum gust of 63 mph in central Sweetwater County.",Very heavy snow fell in the Teton Range. Some of the highest totals included 37 inches at the Surprise Meadow SNOTEL site and 36 inches at the Jackson Hole Mountain Resort.
WY-EO-2022-01,2022-01,Mark Gordon,Statewide emergency for a propane shortage during cold temperatures,2022-01-07,https://www.fmcsa.dot.gov/emergency/wyoming-22-01-07-propane-delivery-eo,1003540,165978,2022-01-05 00:00:00,2022-01-06 17:00:00,Z,NWS forecast zone,25,UPPER GREEN RIVER BASIN FOOTHILLS,Winter Storm,,,0,0,0.00K,0.00K,Trained Spotter,"A second, stronger cold front followed quickly on the heels of a cold front that swept through the state on January 4. This second front had better upper-level dynamics support and much more moisture to work with in addition to moving slower. The result was very heavy snow across much of western Wyoming. The heaviest snow fell in the Tetons, where there were widespread reports of over 2 feet of snow. The Jackson Hole Mountain Resort even measured nearly 3 feet of snow. Additional estimates revealed two feet of snow fell in the Salt River and Wyoming ranges, with up to 21 inches in the western Wind River Range. In the lower elevations, some of the higher totals included 24 inches at Moose, 23 inches at Bondurant, and 14 inches at Cokeville. The heavy snow resulted in road closures and difficult travel. WYDOT had to close Wyoming Highway 28 over Teton Pass to conduct avalanche control. Across the Interstate 80 corridor, high winds occurred with a maximum gust of 63 mph in central Sweetwater County.",Snowfall amounts in the Upper Green River Foothills ranged from around 12 inches at Pinedale to 23 inches at Bondurant.
WY-EO-2022-01,2022-01,Mark Gordon,Statewide emergency for a propane shortage during cold temperatures,2022-01-07,https://www.fmcsa.dot.gov/emergency/wyoming-22-01-07-propane-delivery-eo,995205,164710,2022-01-04 10:18:00,2022-01-04 10:26:00,Z,NWS forecast zone,113,UPPER NORTH PLATTE RIVER BASIN,High Wind,50.0,MG,0,0,,,Department of Highways,"Widespread high winds across much of southeast and south-central Wyoming resulted in extended road closures for light, high-profile vehicles. Many sensors along Interstate 80 in the North Snowy Range Foothills recorded wind gusts 60 to 80 mph.",WYDOT mesonet station Skyline (KSKL) along Wyoming State Highway 230 measured maximum wind gust 12 miles east-southeast of Encampment. Saratoga Airport AWOS station (KSAA) also measured a wind gust of 58 mph.
WY-EO-2022-01,2022-01,Mark Gordon,Statewide emergency for a propane shortage during cold temperatures,2022-01-07,https://www.fmcsa.dot.gov/emergency/wyoming-22-01-07-propane-delivery-eo,995486,164856,2022-01-06 15:00:00,2022-01-06 16:00:00,Z,NWS forecast zone,113,UPPER NORTH PLATTE RIVER BASIN,High Wind,50.0,MG,0,0,,,Department of Highways,A prolonged period of high winds occurred across much of southeast Wyoming along and west of I-25 from the morning of January 6th through the afternoon on January 7th. Wind gusts 65-75 MPH were common with peak gusts exceeding 80 MPH near Arlington along I-80 between Laramie and Cheyenne. The high winds also resulted in a brief 3 to 4 hour period of blizzard conditions due to significant blowing snow near Arlington on the morning of January 6th.,Wind gusts around 58 MPH were briefly observed near Skyline (KSKL).
WY-EO-2022-01,2022-01,Mark Gordon,Statewide emergency for a propane shortage during cold temperatures,2022-01-07,https://www.fmcsa.dot.gov/emergency/wyoming-22-01-07-propane-delivery-eo,1003543,165978,2022-01-05 05:00:00,2022-01-06 17:00:00,Z,NWS forecast zone,16,UPPER WIND RIVER BASIN,Winter Storm,,,0,0,0.00K,0.00K,Trained Spotter,"A second, stronger cold front followed quickly on the heels of a cold front that swept through the state on January 4. This second front had better upper-level dynamics support and much more moisture to work with in addition to moving slower. The result was very heavy snow across much of western Wyoming. The heaviest snow fell in the Tetons, where there were widespread reports of over 2 feet of snow. The Jackson Hole Mountain Resort even measured nearly 3 feet of snow. Additional estimates revealed two feet of snow fell in the Salt River and Wyoming ranges, with up to 21 inches in the western Wind River Range. In the lower elevations, some of the higher totals included 24 inches at Moose, 23 inches at Bondurant, and 14 inches at Cokeville. The heavy snow resulted in road closures and difficult travel. WYDOT had to close Wyoming Highway 28 over Teton Pass to conduct avalanche control. Across the Interstate 80 corridor, high winds occurred with a maximum gust of 63 mph in central Sweetwater County.","Heavy snow fell in Dubois, where 10 inches of new snow was measured. Amounts dropped sharply farther to the south and east along US Highway 26."
WY-EO-2022-01,2022-01,Mark Gordon,Statewide emergency for a propane shortage during cold temperatures,2022-01-07,https://www.fmcsa.dot.gov/emergency/wyoming-22-01-07-propane-delivery-eo,1003430,165954,2022-01-04 04:02:00,2022-01-04 04:18:00,Z,NWS forecast zone,15,WIND RIVER MOUNTAINS EAST,High Wind,70.0,MG,0,0,0.00K,0.00K,Department of Highways,"A fast-moving Pacific cold front brought high wind to the prone portions of central Wyoming. The highest wind speed reported was 70 mph along the south side of Casper. Wind gusts of 58 mph were also reported in Johnson, Sweetwater, and Fremont counties. The high wind resulted in difficult travel conditions, including some roads being closed to high-profile vehicles for a time.",The wind sensor at Red Canyon along Wyoming Highway 28 reported maximum wind gusts of 80 mph.
WY-EO-2022-01,2022-01,Mark Gordon,Statewide emergency for a propane shortage during cold temperatures,2022-01-07,https://www.fmcsa.dot.gov/emergency/wyoming-22-01-07-propane-delivery-eo,1003685,165991,2022-01-07 11:01:00,2022-01-07 12:30:00,Z,NWS forecast zone,15,WIND RIVER MOUNTAINS EAST,High Wind,72.0,MG,0,0,0.00K,0.00K,Department of Highways,"A cold front moving across Wyoming brought light snow to the area, but the primary impact was from high wind and blowing snow. The strongest winds occurred in northwest Wyoming. Wind-prone areas near Clark saw the highest gusts with a peak of 107 mph. Along the Chief Joseph Highway, the maximum wind gust was 89 mph. High wind also occurred in central Wyoming, especially around Casper. Wind gusts of 77 mph were reported along Wyoming Boulevard to the south of Casper, and a gust to 73 mph was measured at I-25 and Hat Six Road. The ASOS at Casper-Natrona County International Airport clocked a wind gust of 60 mph. The mountains also saw high wind with measured speeds of 83 mph at Red Canyon in the Wind River Range and at the Fales Rock RAWS site in the Green Mountains. The high wind and blowing snow resulted in very difficult travel with some roads closed to high-profile vehicles for a time.",A maximum wind gust of 83 mph was reported at Red Canyon along Wyoming Highway 28. The Wind River RAWS site had a maximum wind gust of 78 mph.
WY-EO-2022-01,2022-01,Mark Gordon,Statewide emergency for a propane shortage during cold temperatures,2022-01-07,https://www.fmcsa.dot.gov/emergency/wyoming-22-01-07-propane-delivery-eo,1003541,165978,2022-01-05 02:00:00,2022-01-06 19:00:00,Z,NWS forecast zone,14,WIND RIVER MOUNTAINS WEST,Winter Storm,,,0,0,0.00K,0.00K,SNOTEL,"A second, stronger cold front followed quickly on the heels of a cold front that swept through the state on January 4. This second front had better upper-level dynamics support and much more moisture to work with in addition to moving slower. The result was very heavy snow across much of western Wyoming. The heaviest snow fell in the Tetons, where there were widespread reports of over 2 feet of snow. The Jackson Hole Mountain Resort even measured nearly 3 feet of snow. Additional estimates revealed two feet of snow fell in the Salt River and Wyoming ranges, with up to 21 inches in the western Wind River Range. In the lower elevations, some of the higher totals included 24 inches at Moose, 23 inches at Bondurant, and 14 inches at Cokeville. The heavy snow resulted in road closures and difficult travel. WYDOT had to close Wyoming Highway 28 over Teton Pass to conduct avalanche control. Across the Interstate 80 corridor, high winds occurred with a maximum gust of 63 mph in central Sweetwater County.",Heavy snow fell in the western Wind River Mountains. The highest estimated total was 21 inches at the Kendall Ranger Station SNOTEL site.
WY-EO-2024-08,2024-08,Mark Gordon,"Statewide emergency for widespread wildfires (House Draw, Constitution, Remington and Flat Rock fires)",2024-08-30,https://www.fmcsa.dot.gov/sites/fmcsa.dot.gov/files/2024-08/WY%20-%20EO%20-%20Operating%20Time.pdf,1209173,195633,2024-08-28 08:15:00,2024-08-28 08:15:00,Z,NWS forecast zone,10,NORTHEAST JOHNSON COUNTY,High Wind,50.0,MG,0,0,0.00K,0.00K,Mesonet,A favorable northwest flow and cold advection pattern behind a cold front produced strong wind gusts in northern Johnson County. A wind gust of 58 mph was reported in the town of Buffalo.,
WY-EO-2024-08,2024-08,Mark Gordon,"Statewide emergency for widespread wildfires (House Draw, Constitution, Remington and Flat Rock fires)",2024-08-30,https://www.fmcsa.dot.gov/sites/fmcsa.dot.gov/files/2024-08/WY%20-%20EO%20-%20Operating%20Time.pdf,1201828,194420,2024-08-28 07:02:00,2024-08-28 07:02:00,Z,NWS forecast zone,199,SHERIDAN FOOTHILLS,High Wind,54.0,MG,0,0,0.00K,0.00K,ASOS,The passage of an early morning cold front ushered in some very gusty winds for a short period of time.,
WY-EO-2024-08,2024-08,Mark Gordon,"Statewide emergency for widespread wildfires (House Draw, Constitution, Remington and Flat Rock fires)",2024-08-30,https://www.fmcsa.dot.gov/sites/fmcsa.dot.gov/files/2024-08/WY%20-%20EO%20-%20Operating%20Time.pdf,1217164,196768,2024-09-01 00:00:00,2024-09-30 23:59:00,Z,NWS forecast zone,12,TETON & GROS VENTRE MOUNTAINS,Wildfire,,,0,0,0.00K,0.00K,Park/Forest Service,"The Fish Creek fire continued to burn across Bridger-Teton National Forest throughout the month, leading to numerous closures of US 26 over Togwotee Pass. The Pack Creek fire was started by lightning 23 miles southeast of Moran on September 15 and spread northeastward. These two fires merged toward the end of the month. By September 30th, the fires had burned over 40000 acres. Please see later Storm Data for the conclusion of these two fires.",Please see Episode for a description.
WY-EO-2024-13,2024-13,Mark Gordon,Declaration of Emergency for Transportation and Watershed Impacts From Wildfires,2024-11-15,https://drive.google.com/file/d/1_c1UigOQo_4SEGqJGXqvAKRcVko_W-Bv/view?usp=sharing,1219397,197083,2024-11-13 22:22:00,2024-11-13 22:32:00,Z,NWS forecast zone,2,ABSAROKA MOUNTAINS,High Wind,65.0,MG,0,0,0.00K,0.00K,Department of Highways,"A tight pressure gradient developed on November 13 as high pressure built in behind a departing cold front, bringing high wind to portions of Natrona and Park Counties. The strongest wind gust reported was 75 mph along the Chief Joseph Highway in Park County. In Natrona County, wind gusted as high as 69 mph along the wind prone areas in south Casper. A 60 mph wind gust was reported at the Casper airport.",Wind gusts as high as 75 mph were reported along the Chief Joseph Highway.
WY-EO-2024-13,2024-13,Mark Gordon,Declaration of Emergency for Transportation and Watershed Impacts From Wildfires,2024-11-15,https://drive.google.com/file/d/1_c1UigOQo_4SEGqJGXqvAKRcVko_W-Bv/view?usp=sharing,1216936,196695,2024-11-17 05:40:00,2024-11-17 09:42:00,Z,NWS forecast zone,106,CENTRAL LARAMIE RANGE AND SOUTHWEST PLATTE COUNTY,High Wind,55.0,MG,0,0,,,Department of Highways,Strong winds were reported in the wind prone areas of southeast Wyoming on 17 November.,WYDOT sensor Bordeaux (BRX) located 9 miles south of Wheatland reported this peak wind gust.
WY-EO-2024-13,2024-13,Mark Gordon,Declaration of Emergency for Transportation and Watershed Impacts From Wildfires,2024-11-15,https://drive.google.com/file/d/1_c1UigOQo_4SEGqJGXqvAKRcVko_W-Bv/view?usp=sharing,1216938,196695,2024-11-17 07:14:00,2024-11-17 10:08:00,Z,NWS forecast zone,107,EAST PLATTE COUNTY,High Wind,58.0,MG,0,0,,,Department of Highways,Strong winds were reported in the wind prone areas of southeast Wyoming on 17 November.,"WYDOT sensor Coleman (WY1), located 13 miles south of Glendo reported this peak wind gust."
WY-EO-2024-13,2024-13,Mark Gordon,Declaration of Emergency for Transportation and Watershed Impacts From Wildfires,2024-11-15,https://drive.google.com/file/d/1_c1UigOQo_4SEGqJGXqvAKRcVko_W-Bv/view?usp=sharing,1216935,196695,2024-11-17 04:50:00,2024-11-17 10:50:00,Z,NWS forecast zone,104,FERRIS/SEMINOE/SHIRLEY MOUNTAINS,High Wind,56.0,MG,0,0,,,Mesonet,Strong winds were reported in the wind prone areas of southeast Wyoming on 17 November.,Mesonet site located 4 miles west of Muddy Gap reported this peak wind gust.
WY-EO-2024-13,2024-13,Mark Gordon,Declaration of Emergency for Transportation and Watershed Impacts From Wildfires,2024-11-15,https://drive.google.com/file/d/1_c1UigOQo_4SEGqJGXqvAKRcVko_W-Bv/view?usp=sharing,1219398,197083,2024-11-13 16:10:00,2024-11-14 02:00:00,Z,NWS forecast zone,20,NATRONA COUNTY LOWER ELEVATIONS,High Wind,60.0,MG,0,0,0.00K,0.00K,Department of Highways,"A tight pressure gradient developed on November 13 as high pressure built in behind a departing cold front, bringing high wind to portions of Natrona and Park Counties. The strongest wind gust reported was 75 mph along the Chief Joseph Highway in Park County. In Natrona County, wind gusted as high as 69 mph along the wind prone areas in south Casper. A 60 mph wind gust was reported at the Casper airport.","Numerous locations reported wind gusts past 60 mph, including a maximum wind gust of 69 mph along Wyoming Boulevard on the south side of Casper."
WY-EO-2024-13,2024-13,Mark Gordon,Declaration of Emergency for Transportation and Watershed Impacts From Wildfires,2024-11-15,https://drive.google.com/file/d/1_c1UigOQo_4SEGqJGXqvAKRcVko_W-Bv/view?usp=sharing,1216443,196631,2024-11-13 08:14:00,2024-11-13 09:30:00,Z,NWS forecast zone,110,NORTH SNOWY RANGE FOOTHILLS,High Wind,52.0,MG,0,0,,,Department of Highways,A brief strong wind event occurred the morning of 13 November in WYZ110 and 116 of southeast Wyoming.,WYDOT sensor Foote Creek (WY22) located 3 miles northwest of Arlington on Interstate 80 reported this peak wind gust.
WY-EO-2024-13,2024-13,Mark Gordon,Declaration of Emergency for Transportation and Watershed Impacts From Wildfires,2024-11-15,https://drive.google.com/file/d/1_c1UigOQo_4SEGqJGXqvAKRcVko_W-Bv/view?usp=sharing,1216933,196695,2024-11-17 05:22:00,2024-11-17 07:20:00,Z,NWS forecast zone,110,NORTH SNOWY RANGE FOOTHILLS,High Wind,50.0,MG,0,0,,,Department of Highways,Strong winds were reported in the wind prone areas of southeast Wyoming on 17 November.,"WYDOT sensor at Halleck Ridge (WY18), located 7 miles northwest of Elk Mountain reported this peak wind gust."
WY-EO-2024-13,2024-13,Mark Gordon,Declaration of Emergency for Transportation and Watershed Impacts From Wildfires,2024-11-15,https://drive.google.com/file/d/1_c1UigOQo_4SEGqJGXqvAKRcVko_W-Bv/view?usp=sharing,1216442,196631,2024-11-13 10:22:00,2024-11-13 11:10:00,Z,NWS forecast zone,116,SOUTH LARAMIE RANGE,High Wind,53.0,MG,0,0,,,Department of Highways,A brief strong wind event occurred the morning of 13 November in WYZ110 and 116 of southeast Wyoming.,WYDOT weather sensor Vedauwoo (VDW) reported this peak wind gust.
WY-EO-2024-13,2024-13,Mark Gordon,Declaration of Emergency for Transportation and Watershed Impacts From Wildfires,2024-11-15,https://drive.google.com/file/d/1_c1UigOQo_4SEGqJGXqvAKRcVko_W-Bv/view?usp=sharing,1224977,198110,2024-11-18 11:50:00,2024-11-18 18:20:00,Z,NWS forecast zone,116,SOUTH LARAMIE RANGE,High Wind,59.0,MG,0,0,0.00K,0.00K,Mesonet,"Strong winds were reported in the wind prone areas of southeast Wyoming along I-80, primarily in forecast zones 116 and 117, on November 18.","Multiple WYDOT and other sensors in forecast zone 116, South Laramie Range, surpassed 58 mph gusts during the afternoon of November 18. The peak gust of 68 mph was recorded at Pilot Hill, station PC236, 7E Laramie."
WY-EO-2024-13,2024-13,Mark Gordon,Declaration of Emergency for Transportation and Watershed Impacts From Wildfires,2024-11-15,https://drive.google.com/file/d/1_c1UigOQo_4SEGqJGXqvAKRcVko_W-Bv/view?usp=sharing,1224978,198110,2024-11-18 11:40:00,2024-11-18 13:28:00,Z,NWS forecast zone,117,SOUTH LARAMIE RANGE FOOTHILLS,High Wind,54.0,MG,0,0,0.00K,0.00K,Mesonet,"Strong winds were reported in the wind prone areas of southeast Wyoming along I-80, primarily in forecast zones 116 and 117, on November 18.","UPR station 226, 14 WSW Cheyenne, gusted to 62 mph during the afternoon of November 18."
WY-EO-2025-05,2025-05,Mark Gordon,Declaration of Emergency for Fire Suppression and Other Fire Related Activities,2025-08-17,https://drive.google.com/file/d/1Sfw3kuER7PLW922xQbppBdj_kQ1LjKrd/view,1292326,207110,2025-08-14 06:44:00,2025-08-19 23:00:00,Z,NWS forecast zone,3,CODY FOOTHILLS,Wildfire,,,0,0,0.00K,0.00K,Park/Forest Service,"The Sleep Ranch fire started on August 14th to the east of Meeteetsee and grew to over 20,000 acres by August 16th.  The fire was 90 percent contained by August 19th, burning a total of almost 21,000 acres.",
WY-EO-2025-06,2025-06,Mark Gordon,Declaration of Emergency for Fire Suppression and Other Fire Related Activities,2025-08-24,https://drive.google.com/file/d/17dIMoUSoA_amplRTt5eZ1tcEpAcFwnlJ/view,1292325,207109,2025-08-21 13:00:00,2025-08-31 23:59:00,Z,NWS forecast zone,24,SALT RIVER & WYOMING RANGES,Wildfire,,,0,0,0.00K,0.00K,Park/Forest Service,"The Willow Creek Fire started in the southern Wyoming Range on the afternoon of August 21st and grew to over 4,000 acres by August 31st. Please see the September Storm Events Database entry for a complete summary of this fire.",
WY-EO-2025-06,2025-06,Mark Gordon,Declaration of Emergency for Fire Suppression and Other Fire Related Activities,2025-08-24,https://drive.google.com/file/d/17dIMoUSoA_amplRTt5eZ1tcEpAcFwnlJ/view,1292323,207108,2025-08-21 14:00:00,2025-08-31 23:59:00,Z,NWS forecast zone,14,WIND RIVER MOUNTAINS WEST,Wildfire,,,0,0,0.00K,0.00K,Park/Forest Service,"The Dollar Lake was discovered on the afternoon of August 21st in the western Wind River Mountains. The fire had grown to over 15,000 acres by August 31st, and several forest service access roads were closed. This fire continued into September. Please see the September Storm Events Database entry for a complete summary of this fire.",
